message_id,variant_filename,vocab_type,codepoint,salt_mode,fragment_max_positions,subject_original_tokens,subject_salted_tokens,body_original_tokens,body_salted_tokens
00002.d94f1b97e48ed3b553b3508d116e6a09,00002__salted__strict__cp200B__single.d94f1b97e48ed3b553b3508d116e6a09,strict,200B,single,,Guaranteed,Gu​aranteed,Guaranteed,Gu​aranteed
00002.d94f1b97e48ed3b553b3508d116e6a09,00002__salted__strict__cp200C__single.d94f1b97e48ed3b553b3508d116e6a09,strict,200C,single,,Guaranteed,Gu‌aranteed,Guaranteed,Gu‌aranteed
00002.d94f1b97e48ed3b553b3508d116e6a09,00002__salted__strict__cp200D__single.d94f1b97e48ed3b553b3508d116e6a09,strict,200D,single,,Guaranteed,Gu‍aranteed,Guaranteed,Gu‍aranteed
00002.d94f1b97e48ed3b553b3508d116e6a09,00002__salted__strict__cp00AD__single.d94f1b97e48ed3b553b3508d116e6a09,strict,00AD,single,,Guaranteed,Gu­aranteed,Guaranteed,Gu­aranteed
00003.2ee33bc6eacdb11f38d052c44819ba6c,00003__salted__strict__cp200B__single.2ee33bc6eacdb11f38d052c44819ba6c,strict,200B,single,,Guaranteed,Gu​aranteed,Guaranteed,Gu​aranteed
00003.2ee33bc6eacdb11f38d052c44819ba6c,00003__salted__strict__cp200C__single.2ee33bc6eacdb11f38d052c44819ba6c,strict,200C,single,,Guaranteed,Gu‌aranteed,Guaranteed,Gu‌aranteed
00003.2ee33bc6eacdb11f38d052c44819ba6c,00003__salted__strict__cp200D__single.2ee33bc6eacdb11f38d052c44819ba6c,strict,200D,single,,Guaranteed,Gu‍aranteed,Guaranteed,Gu‍aranteed
00003.2ee33bc6eacdb11f38d052c44819ba6c,00003__salted__strict__cp00AD__single.2ee33bc6eacdb11f38d052c44819ba6c,strict,00AD,single,,Guaranteed,Gu­aranteed,Guaranteed,Gu­aranteed
00009.1e1a8cb4b57532ab38aa23287523659d,00009__salted__strict__cp200B__single.1e1a8cb4b57532ab38aa23287523659d,strict,200B,single,,,,"BENEFICIARY, ASSISTANCE","BE​NEFICIARY, AS​SISTANCE"
00009.1e1a8cb4b57532ab38aa23287523659d,00009__salted__strict__cp200C__single.1e1a8cb4b57532ab38aa23287523659d,strict,200C,single,,,,"BENEFICIARY, ASSISTANCE","BE‌NEFICIARY, AS‌SISTANCE"
00009.1e1a8cb4b57532ab38aa23287523659d,00009__salted__strict__cp200D__single.1e1a8cb4b57532ab38aa23287523659d,strict,200D,single,,,,"BENEFICIARY, ASSISTANCE","BE‍NEFICIARY, AS‍SISTANCE"
00009.1e1a8cb4b57532ab38aa23287523659d,00009__salted__strict__cp00AD__single.1e1a8cb4b57532ab38aa23287523659d,strict,00AD,single,,,,"BENEFICIARY, ASSISTANCE","BE­NEFICIARY, AS­SISTANCE"
00040.949a3d300eadb91d8745f1c1dab51133,00040__salted__strict__cp200B__single.949a3d300eadb91d8745f1c1dab51133,strict,200B,single,,,,"Madam, Promotion","Ma​dam, Pr​omotion"
00040.949a3d300eadb91d8745f1c1dab51133,00040__salted__strict__cp200C__single.949a3d300eadb91d8745f1c1dab51133,strict,200C,single,,,,"Madam, Promotion","Ma‌dam, Pr‌omotion"
00040.949a3d300eadb91d8745f1c1dab51133,00040__salted__strict__cp200D__single.949a3d300eadb91d8745f1c1dab51133,strict,200D,single,,,,"Madam, Promotion","Ma‍dam, Pr‍omotion"
00040.949a3d300eadb91d8745f1c1dab51133,00040__salted__strict__cp00AD__single.949a3d300eadb91d8745f1c1dab51133,strict,00AD,single,,,,"Madam, Promotion","Ma­dam, Pr­omotion"
00041.f1b3402799046db3c1f143a911dc085d,00041__salted__strict__cp200B__single.f1b3402799046db3c1f143a911dc085d,strict,200B,single,,,,"Madam, Promotion","Ma​dam, Pr​omotion"
00041.f1b3402799046db3c1f143a911dc085d,00041__salted__strict__cp200C__single.f1b3402799046db3c1f143a911dc085d,strict,200C,single,,,,"Madam, Promotion","Ma‌dam, Pr‌omotion"
00041.f1b3402799046db3c1f143a911dc085d,00041__salted__strict__cp200D__single.f1b3402799046db3c1f143a911dc085d,strict,200D,single,,,,"Madam, Promotion","Ma‍dam, Pr‍omotion"
00041.f1b3402799046db3c1f143a911dc085d,00041__salted__strict__cp00AD__single.f1b3402799046db3c1f143a911dc085d,strict,00AD,single,,,,"Madam, Promotion","Ma­dam, Pr­omotion"
00045.7282c2c4e009744f2f3450d370009235,00045__salted__strict__cp200B__single.7282c2c4e009744f2f3450d370009235,strict,200B,single,,,,Guaranteed,Gu​aranteed
00045.7282c2c4e009744f2f3450d370009235,00045__salted__strict__cp200C__single.7282c2c4e009744f2f3450d370009235,strict,200C,single,,,,Guaranteed,Gu‌aranteed
00045.7282c2c4e009744f2f3450d370009235,00045__salted__strict__cp200D__single.7282c2c4e009744f2f3450d370009235,strict,200D,single,,,,Guaranteed,Gu‍aranteed
00045.7282c2c4e009744f2f3450d370009235,00045__salted__strict__cp00AD__single.7282c2c4e009744f2f3450d370009235,strict,00AD,single,,,,Guaranteed,Gu­aranteed
00054.62863160db27f89df8c73275b6dae134,00054__salted__strict__cp200B__single.62863160db27f89df8c73275b6dae134,strict,200B,single,,ADV,AD​V,,
00054.62863160db27f89df8c73275b6dae134,00054__salted__strict__cp200C__single.62863160db27f89df8c73275b6dae134,strict,200C,single,,ADV,AD‌V,,
00054.62863160db27f89df8c73275b6dae134,00054__salted__strict__cp200D__single.62863160db27f89df8c73275b6dae134,strict,200D,single,,ADV,AD‍V,,
00054.62863160db27f89df8c73275b6dae134,00054__salted__strict__cp00AD__single.62863160db27f89df8c73275b6dae134,strict,00AD,single,,ADV,AD­V,,
00064.65b95365450ebe5eef61e7f1c60edc5e,00064__salted__strict__cp200B__single.65b95365450ebe5eef61e7f1c60edc5e,strict,200B,single,,,,Earn,Ea​rn
00064.65b95365450ebe5eef61e7f1c60edc5e,00064__salted__strict__cp200C__single.65b95365450ebe5eef61e7f1c60edc5e,strict,200C,single,,,,Earn,Ea‌rn
00064.65b95365450ebe5eef61e7f1c60edc5e,00064__salted__strict__cp200D__single.65b95365450ebe5eef61e7f1c60edc5e,strict,200D,single,,,,Earn,Ea‍rn
00064.65b95365450ebe5eef61e7f1c60edc5e,00064__salted__strict__cp00AD__single.65b95365450ebe5eef61e7f1c60edc5e,strict,00AD,single,,,,Earn,Ea­rn
00067.ec108870b01dc3ccb8fabc5def869ca5,00067__salted__strict__cp200B__single.ec108870b01dc3ccb8fabc5def869ca5,strict,200B,single,,SYSTEMWORKS,SY​STEMWORKS,,
00067.ec108870b01dc3ccb8fabc5def869ca5,00067__salted__strict__cp200C__single.ec108870b01dc3ccb8fabc5def869ca5,strict,200C,single,,SYSTEMWORKS,SY‌STEMWORKS,,
00067.ec108870b01dc3ccb8fabc5def869ca5,00067__salted__strict__cp200D__single.ec108870b01dc3ccb8fabc5def869ca5,strict,200D,single,,SYSTEMWORKS,SY‍STEMWORKS,,
00067.ec108870b01dc3ccb8fabc5def869ca5,00067__salted__strict__cp00AD__single.ec108870b01dc3ccb8fabc5def869ca5,strict,00AD,single,,SYSTEMWORKS,SY­STEMWORKS,,
00090.52630c4c07cd069c7bc7658c1a7a7253,00090__salted__strict__cp200B__single.52630c4c07cd069c7bc7658c1a7a7253,strict,200B,single,,,,"annuity, Earn, annuity","an​nuity, Ea​rn, an​nuity"
00090.52630c4c07cd069c7bc7658c1a7a7253,00090__salted__strict__cp200C__single.52630c4c07cd069c7bc7658c1a7a7253,strict,200C,single,,,,"annuity, Earn, annuity","an‌nuity, Ea‌rn, an‌nuity"
00090.52630c4c07cd069c7bc7658c1a7a7253,00090__salted__strict__cp200D__single.52630c4c07cd069c7bc7658c1a7a7253,strict,200D,single,,,,"annuity, Earn, annuity","an‍nuity, Ea‍rn, an‍nuity"
00090.52630c4c07cd069c7bc7658c1a7a7253,00090__salted__strict__cp00AD__single.52630c4c07cd069c7bc7658c1a7a7253,strict,00AD,single,,,,"annuity, Earn, annuity","an­nuity, Ea­rn, an­nuity"
00105.d8f25617befc5289aa4ed9602457050b,00105__salted__strict__cp200B__single.d8f25617befc5289aa4ed9602457050b,strict,200B,single,,Loans,Lo​ans,,
00105.d8f25617befc5289aa4ed9602457050b,00105__salted__strict__cp200C__single.d8f25617befc5289aa4ed9602457050b,strict,200C,single,,Loans,Lo‌ans,,
00105.d8f25617befc5289aa4ed9602457050b,00105__salted__strict__cp200D__single.d8f25617befc5289aa4ed9602457050b,strict,200D,single,,Loans,Lo‍ans,,
00105.d8f25617befc5289aa4ed9602457050b,00105__salted__strict__cp00AD__single.d8f25617befc5289aa4ed9602457050b,strict,00AD,single,,Loans,Lo­ans,,
00120.58579af867ff9a702cff23e7b8818a59,00120__salted__strict__cp200B__single.58579af867ff9a702cff23e7b8818a59,strict,200B,single,,,,Guaranteed,Gu​aranteed
00120.58579af867ff9a702cff23e7b8818a59,00120__salted__strict__cp200C__single.58579af867ff9a702cff23e7b8818a59,strict,200C,single,,,,Guaranteed,Gu‌aranteed
00120.58579af867ff9a702cff23e7b8818a59,00120__salted__strict__cp200D__single.58579af867ff9a702cff23e7b8818a59,strict,200D,single,,,,Guaranteed,Gu‍aranteed
00120.58579af867ff9a702cff23e7b8818a59,00120__salted__strict__cp00AD__single.58579af867ff9a702cff23e7b8818a59,strict,00AD,single,,,,Guaranteed,Gu­aranteed
00127.3500d109361b544b0937523adb763588,00127__salted__strict__cp200B__single.3500d109361b544b0937523adb763588,strict,200B,single,,,,"Guaranteed, herbal, GUARANTEED","Gu​aranteed, he​rbal, GU​ARANTEED"
00127.3500d109361b544b0937523adb763588,00127__salted__strict__cp200C__single.3500d109361b544b0937523adb763588,strict,200C,single,,,,"Guaranteed, herbal, GUARANTEED","Gu‌aranteed, he‌rbal, GU‌ARANTEED"
00127.3500d109361b544b0937523adb763588,00127__salted__strict__cp200D__single.3500d109361b544b0937523adb763588,strict,200D,single,,,,"Guaranteed, herbal, GUARANTEED","Gu‍aranteed, he‍rbal, GU‍ARANTEED"
00127.3500d109361b544b0937523adb763588,00127__salted__strict__cp00AD__single.3500d109361b544b0937523adb763588,strict,00AD,single,,,,"Guaranteed, herbal, GUARANTEED","Gu­aranteed, he­rbal, GU­ARANTEED"
00160.cec5f611ae665ff0add6c4928d47f2be,00160__salted__strict__cp200B__single.cec5f611ae665ff0add6c4928d47f2be,strict,200B,single,,HGH,HG​H,"HGH, NBC, Oprah","HG​H, NB​C, Op​rah"
00160.cec5f611ae665ff0add6c4928d47f2be,00160__salted__strict__cp200C__single.cec5f611ae665ff0add6c4928d47f2be,strict,200C,single,,HGH,HG‌H,"HGH, NBC, Oprah","HG‌H, NB‌C, Op‌rah"
00160.cec5f611ae665ff0add6c4928d47f2be,00160__salted__strict__cp200D__single.cec5f611ae665ff0add6c4928d47f2be,strict,200D,single,,HGH,HG‍H,"HGH, NBC, Oprah","HG‍H, NB‍C, Op‍rah"
00160.cec5f611ae665ff0add6c4928d47f2be,00160__salted__strict__cp00AD__single.cec5f611ae665ff0add6c4928d47f2be,strict,00AD,single,,HGH,HG­H,"HGH, NBC, Oprah","HG­H, NB­C, Op­rah"
00169.86268e75abd1bd4bda4d6c129681df34,00169__salted__strict__cp200B__single.86268e75abd1bd4bda4d6c129681df34,strict,200B,single,,,,"earn, mailings","ea​rn, ma​ilings"
00169.86268e75abd1bd4bda4d6c129681df34,00169__salted__strict__cp200C__single.86268e75abd1bd4bda4d6c129681df34,strict,200C,single,,,,"earn, mailings","ea‌rn, ma‌ilings"
00169.86268e75abd1bd4bda4d6c129681df34,00169__salted__strict__cp200D__single.86268e75abd1bd4bda4d6c129681df34,strict,200D,single,,,,"earn, mailings","ea‍rn, ma‍ilings"
00169.86268e75abd1bd4bda4d6c129681df34,00169__salted__strict__cp00AD__single.86268e75abd1bd4bda4d6c129681df34,strict,00AD,single,,,,"earn, mailings","ea­rn, ma­ilings"
00173.e10eb62e2c7808674c43d6a5e9e08a1c,00173__salted__strict__cp200B__single.e10eb62e2c7808674c43d6a5e9e08a1c,strict,200B,single,,HGH,HG​H,,
00173.e10eb62e2c7808674c43d6a5e9e08a1c,00173__salted__strict__cp200C__single.e10eb62e2c7808674c43d6a5e9e08a1c,strict,200C,single,,HGH,HG‌H,,
00173.e10eb62e2c7808674c43d6a5e9e08a1c,00173__salted__strict__cp200D__single.e10eb62e2c7808674c43d6a5e9e08a1c,strict,200D,single,,HGH,HG‍H,,
00173.e10eb62e2c7808674c43d6a5e9e08a1c,00173__salted__strict__cp00AD__single.e10eb62e2c7808674c43d6a5e9e08a1c,strict,00AD,single,,HGH,HG­H,,
00179.ef2f7cf60806a96b59f4477b025580ee,00179__salted__strict__cp200B__single.ef2f7cf60806a96b59f4477b025580ee,strict,200B,single,,,,"NIGERIA, NIGERIA, Nigeria","NI​GERIA, NI​GERIA, Ni​geria"
00179.ef2f7cf60806a96b59f4477b025580ee,00179__salted__strict__cp200C__single.ef2f7cf60806a96b59f4477b025580ee,strict,200C,single,,,,"NIGERIA, NIGERIA, Nigeria","NI‌GERIA, NI‌GERIA, Ni‌geria"
00179.ef2f7cf60806a96b59f4477b025580ee,00179__salted__strict__cp200D__single.ef2f7cf60806a96b59f4477b025580ee,strict,200D,single,,,,"NIGERIA, NIGERIA, Nigeria","NI‍GERIA, NI‍GERIA, Ni‍geria"
00179.ef2f7cf60806a96b59f4477b025580ee,00179__salted__strict__cp00AD__single.ef2f7cf60806a96b59f4477b025580ee,strict,00AD,single,,,,"NIGERIA, NIGERIA, Nigeria","NI­GERIA, NI­GERIA, Ni­geria"
00180.751cb63992e172566b3a296d970c425d,00180__salted__strict__cp200B__single.751cb63992e172566b3a296d970c425d,strict,200B,single,,,,promotion,pr​omotion
00180.751cb63992e172566b3a296d970c425d,00180__salted__strict__cp200C__single.751cb63992e172566b3a296d970c425d,strict,200C,single,,,,promotion,pr‌omotion
00180.751cb63992e172566b3a296d970c425d,00180__salted__strict__cp200D__single.751cb63992e172566b3a296d970c425d,strict,200D,single,,,,promotion,pr‍omotion
00180.751cb63992e172566b3a296d970c425d,00180__salted__strict__cp00AD__single.751cb63992e172566b3a296d970c425d,strict,00AD,single,,,,promotion,pr­omotion
00182.1b9ba0f95506a6f2bf256f40fad0687d,00182__salted__strict__cp200B__single.1b9ba0f95506a6f2bf256f40fad0687d,strict,200B,single,,,,"mailings, Postal, ATTAINED","ma​ilings, Po​stal, AT​TAINED"
00182.1b9ba0f95506a6f2bf256f40fad0687d,00182__salted__strict__cp200C__single.1b9ba0f95506a6f2bf256f40fad0687d,strict,200C,single,,,,"mailings, Postal, ATTAINED","ma‌ilings, Po‌stal, AT‌TAINED"
00182.1b9ba0f95506a6f2bf256f40fad0687d,00182__salted__strict__cp200D__single.1b9ba0f95506a6f2bf256f40fad0687d,strict,200D,single,,,,"mailings, Postal, ATTAINED","ma‍ilings, Po‍stal, AT‍TAINED"
00182.1b9ba0f95506a6f2bf256f40fad0687d,00182__salted__strict__cp00AD__single.1b9ba0f95506a6f2bf256f40fad0687d,strict,00AD,single,,,,"mailings, Postal, ATTAINED","ma­ilings, Po­stal, AT­TAINED"
00186.a66b4fc4ab114c9cb37e1a31d1ea1aeb,00186__salted__strict__cp200B__single.a66b4fc4ab114c9cb37e1a31d1ea1aeb,strict,200B,single,,,,mailings,ma​ilings
00186.a66b4fc4ab114c9cb37e1a31d1ea1aeb,00186__salted__strict__cp200C__single.a66b4fc4ab114c9cb37e1a31d1ea1aeb,strict,200C,single,,,,mailings,ma‌ilings
00186.a66b4fc4ab114c9cb37e1a31d1ea1aeb,00186__salted__strict__cp200D__single.a66b4fc4ab114c9cb37e1a31d1ea1aeb,strict,200D,single,,,,mailings,ma‍ilings
00186.a66b4fc4ab114c9cb37e1a31d1ea1aeb,00186__salted__strict__cp00AD__single.a66b4fc4ab114c9cb37e1a31d1ea1aeb,strict,00AD,single,,,,mailings,ma­ilings
00188.b12197b37ceb97fa0cd802566c1e08db,00188__salted__strict__cp200B__single.b12197b37ceb97fa0cd802566c1e08db,strict,200B,single,,,,"toll, promotion","to​ll, pr​omotion"
00188.b12197b37ceb97fa0cd802566c1e08db,00188__salted__strict__cp200C__single.b12197b37ceb97fa0cd802566c1e08db,strict,200C,single,,,,"toll, promotion","to‌ll, pr‌omotion"
00188.b12197b37ceb97fa0cd802566c1e08db,00188__salted__strict__cp200D__single.b12197b37ceb97fa0cd802566c1e08db,strict,200D,single,,,,"toll, promotion","to‍ll, pr‍omotion"
00188.b12197b37ceb97fa0cd802566c1e08db,00188__salted__strict__cp00AD__single.b12197b37ceb97fa0cd802566c1e08db,strict,00AD,single,,,,"toll, promotion","to­ll, pr­omotion"
00190.ee2ea200e7efa602221c6492f9d9d8c0,00190__salted__strict__cp200B__single.ee2ea200e7efa602221c6492f9d9d8c0,strict,200B,single,,,,"toll, promotion","to​ll, pr​omotion"
00190.ee2ea200e7efa602221c6492f9d9d8c0,00190__salted__strict__cp200C__single.ee2ea200e7efa602221c6492f9d9d8c0,strict,200C,single,,,,"toll, promotion","to‌ll, pr‌omotion"
00190.ee2ea200e7efa602221c6492f9d9d8c0,00190__salted__strict__cp200D__single.ee2ea200e7efa602221c6492f9d9d8c0,strict,200D,single,,,,"toll, promotion","to‍ll, pr‍omotion"
00190.ee2ea200e7efa602221c6492f9d9d8c0,00190__salted__strict__cp00AD__single.ee2ea200e7efa602221c6492f9d9d8c0,strict,00AD,single,,,,"toll, promotion","to­ll, pr­omotion"
00191.9ff80a41f015b7a6c409732e41c0df07,00191__salted__strict__cp200B__single.9ff80a41f015b7a6c409732e41c0df07,strict,200B,single,,,,promotion,pr​omotion
00191.9ff80a41f015b7a6c409732e41c0df07,00191__salted__strict__cp200C__single.9ff80a41f015b7a6c409732e41c0df07,strict,200C,single,,,,promotion,pr‌omotion
00191.9ff80a41f015b7a6c409732e41c0df07,00191__salted__strict__cp200D__single.9ff80a41f015b7a6c409732e41c0df07,strict,200D,single,,,,promotion,pr‍omotion
00191.9ff80a41f015b7a6c409732e41c0df07,00191__salted__strict__cp00AD__single.9ff80a41f015b7a6c409732e41c0df07,strict,00AD,single,,,,promotion,pr­omotion
00196.dd21040c7757d477c967ae71b537810e,00196__salted__strict__cp200B__single.dd21040c7757d477c967ae71b537810e,strict,200B,single,,SYSTEMWORKS,SY​STEMWORKS,,
00196.dd21040c7757d477c967ae71b537810e,00196__salted__strict__cp200C__single.dd21040c7757d477c967ae71b537810e,strict,200C,single,,SYSTEMWORKS,SY‌STEMWORKS,,
00196.dd21040c7757d477c967ae71b537810e,00196__salted__strict__cp200D__single.dd21040c7757d477c967ae71b537810e,strict,200D,single,,SYSTEMWORKS,SY‍STEMWORKS,,
00196.dd21040c7757d477c967ae71b537810e,00196__salted__strict__cp00AD__single.dd21040c7757d477c967ae71b537810e,strict,00AD,single,,SYSTEMWORKS,SY­STEMWORKS,,
00198.150ad975a44e356b479b88d8b57edc40,00198__salted__strict__cp200B__single.150ad975a44e356b479b88d8b57edc40,strict,200B,single,,,,toll,to​ll
00198.150ad975a44e356b479b88d8b57edc40,00198__salted__strict__cp200C__single.150ad975a44e356b479b88d8b57edc40,strict,200C,single,,,,toll,to‌ll
00198.150ad975a44e356b479b88d8b57edc40,00198__salted__strict__cp200D__single.150ad975a44e356b479b88d8b57edc40,strict,200D,single,,,,toll,to‍ll
00198.150ad975a44e356b479b88d8b57edc40,00198__salted__strict__cp00AD__single.150ad975a44e356b479b88d8b57edc40,strict,00AD,single,,,,toll,to­ll
00207.0b71ac81a360455c1514f5872564b1e1,00207__salted__strict__cp200B__single.0b71ac81a360455c1514f5872564b1e1,strict,200B,single,,,,Mailings,Ma​ilings
00207.0b71ac81a360455c1514f5872564b1e1,00207__salted__strict__cp200C__single.0b71ac81a360455c1514f5872564b1e1,strict,200C,single,,,,Mailings,Ma‌ilings
00207.0b71ac81a360455c1514f5872564b1e1,00207__salted__strict__cp200D__single.0b71ac81a360455c1514f5872564b1e1,strict,200D,single,,,,Mailings,Ma‍ilings
00207.0b71ac81a360455c1514f5872564b1e1,00207__salted__strict__cp00AD__single.0b71ac81a360455c1514f5872564b1e1,strict,00AD,single,,,,Mailings,Ma­ilings
00209.5276f967533f2ce0209c1eff631a86ff,00209__salted__strict__cp200B__single.5276f967533f2ce0209c1eff631a86ff,strict,200B,single,,,,mailings,ma​ilings
00209.5276f967533f2ce0209c1eff631a86ff,00209__salted__strict__cp200C__single.5276f967533f2ce0209c1eff631a86ff,strict,200C,single,,,,mailings,ma‌ilings
00209.5276f967533f2ce0209c1eff631a86ff,00209__salted__strict__cp200D__single.5276f967533f2ce0209c1eff631a86ff,strict,200D,single,,,,mailings,ma‍ilings
00209.5276f967533f2ce0209c1eff631a86ff,00209__salted__strict__cp00AD__single.5276f967533f2ce0209c1eff631a86ff,strict,00AD,single,,,,mailings,ma­ilings
00211.4a52fb081c7087c4a82402342751e755,00211__salted__strict__cp200B__single.4a52fb081c7087c4a82402342751e755,strict,200B,single,,ADV,AD​V,toll,to​ll
00211.4a52fb081c7087c4a82402342751e755,00211__salted__strict__cp200C__single.4a52fb081c7087c4a82402342751e755,strict,200C,single,,ADV,AD‌V,toll,to‌ll
00211.4a52fb081c7087c4a82402342751e755,00211__salted__strict__cp200D__single.4a52fb081c7087c4a82402342751e755,strict,200D,single,,ADV,AD‍V,toll,to‍ll
00211.4a52fb081c7087c4a82402342751e755,00211__salted__strict__cp00AD__single.4a52fb081c7087c4a82402342751e755,strict,00AD,single,,ADV,AD­V,toll,to­ll
00214.1367039e50dc6b7adb0f2aa8aba83216,00214__salted__strict__cp200B__single.1367039e50dc6b7adb0f2aa8aba83216,strict,200B,single,,Annuity,An​nuity,"annuity, Guaranteed, mailings","an​nuity, Gu​aranteed, ma​ilings"
00214.1367039e50dc6b7adb0f2aa8aba83216,00214__salted__strict__cp200C__single.1367039e50dc6b7adb0f2aa8aba83216,strict,200C,single,,Annuity,An‌nuity,"annuity, Guaranteed, mailings","an‌nuity, Gu‌aranteed, ma‌ilings"
00214.1367039e50dc6b7adb0f2aa8aba83216,00214__salted__strict__cp200D__single.1367039e50dc6b7adb0f2aa8aba83216,strict,200D,single,,Annuity,An‍nuity,"annuity, Guaranteed, mailings","an‍nuity, Gu‍aranteed, ma‍ilings"
00214.1367039e50dc6b7adb0f2aa8aba83216,00214__salted__strict__cp00AD__single.1367039e50dc6b7adb0f2aa8aba83216,strict,00AD,single,,Annuity,An­nuity,"annuity, Guaranteed, mailings","an­nuity, Gu­aranteed, ma­ilings"
00217.43b4ef3d9c56cf42be9c37b546a19e78,00217__salted__strict__cp200B__single.43b4ef3d9c56cf42be9c37b546a19e78,strict,200B,single,,MLM,ML​M,,
00217.43b4ef3d9c56cf42be9c37b546a19e78,00217__salted__strict__cp200C__single.43b4ef3d9c56cf42be9c37b546a19e78,strict,200C,single,,MLM,ML‌M,,
00217.43b4ef3d9c56cf42be9c37b546a19e78,00217__salted__strict__cp200D__single.43b4ef3d9c56cf42be9c37b546a19e78,strict,200D,single,,MLM,ML‍M,,
00217.43b4ef3d9c56cf42be9c37b546a19e78,00217__salted__strict__cp00AD__single.43b4ef3d9c56cf42be9c37b546a19e78,strict,00AD,single,,MLM,ML­M,,
00224.0654fe0af51e1dcefa0eb66eb932f55f,00224__salted__strict__cp200B__single.0654fe0af51e1dcefa0eb66eb932f55f,strict,200B,single,,ASSISTANCE,AS​SISTANCE,"assistance, assistance","as​sistance, as​sistance"
00224.0654fe0af51e1dcefa0eb66eb932f55f,00224__salted__strict__cp200C__single.0654fe0af51e1dcefa0eb66eb932f55f,strict,200C,single,,ASSISTANCE,AS‌SISTANCE,"assistance, assistance","as‌sistance, as‌sistance"
00224.0654fe0af51e1dcefa0eb66eb932f55f,00224__salted__strict__cp200D__single.0654fe0af51e1dcefa0eb66eb932f55f,strict,200D,single,,ASSISTANCE,AS‍SISTANCE,"assistance, assistance","as‍sistance, as‍sistance"
00224.0654fe0af51e1dcefa0eb66eb932f55f,00224__salted__strict__cp00AD__single.0654fe0af51e1dcefa0eb66eb932f55f,strict,00AD,single,,ASSISTANCE,AS­SISTANCE,"assistance, assistance","as­sistance, as­sistance"
00228.cf58326ab05a757c7e759acc8d6b360d,00228__salted__strict__cp200B__single.cf58326ab05a757c7e759acc8d6b360d,strict,200B,single,,,,"ASSISTANCE, assistance","AS​SISTANCE, as​sistance"
00228.cf58326ab05a757c7e759acc8d6b360d,00228__salted__strict__cp200C__single.cf58326ab05a757c7e759acc8d6b360d,strict,200C,single,,,,"ASSISTANCE, assistance","AS‌SISTANCE, as‌sistance"
00228.cf58326ab05a757c7e759acc8d6b360d,00228__salted__strict__cp200D__single.cf58326ab05a757c7e759acc8d6b360d,strict,200D,single,,,,"ASSISTANCE, assistance","AS‍SISTANCE, as‍sistance"
00228.cf58326ab05a757c7e759acc8d6b360d,00228__salted__strict__cp00AD__single.cf58326ab05a757c7e759acc8d6b360d,strict,00AD,single,,,,"ASSISTANCE, assistance","AS­SISTANCE, as­sistance"
00231.8c72952de376293bc38d30834c0bb580,00231__salted__strict__cp200B__single.8c72952de376293bc38d30834c0bb580,strict,200B,single,,HGH,HG​H,,
00231.8c72952de376293bc38d30834c0bb580,00231__salted__strict__cp200C__single.8c72952de376293bc38d30834c0bb580,strict,200C,single,,HGH,HG‌H,,
00231.8c72952de376293bc38d30834c0bb580,00231__salted__strict__cp200D__single.8c72952de376293bc38d30834c0bb580,strict,200D,single,,HGH,HG‍H,,
00231.8c72952de376293bc38d30834c0bb580,00231__salted__strict__cp00AD__single.8c72952de376293bc38d30834c0bb580,strict,00AD,single,,HGH,HG­H,,
00233.3c32285387ebc0675adb029b9e20e581,00233__salted__strict__cp200B__single.3c32285387ebc0675adb029b9e20e581,strict,200B,single,,Guaranteed,Gu​aranteed,mailings,ma​ilings
00233.3c32285387ebc0675adb029b9e20e581,00233__salted__strict__cp200C__single.3c32285387ebc0675adb029b9e20e581,strict,200C,single,,Guaranteed,Gu‌aranteed,mailings,ma‌ilings
00233.3c32285387ebc0675adb029b9e20e581,00233__salted__strict__cp200D__single.3c32285387ebc0675adb029b9e20e581,strict,200D,single,,Guaranteed,Gu‍aranteed,mailings,ma‍ilings
00233.3c32285387ebc0675adb029b9e20e581,00233__salted__strict__cp00AD__single.3c32285387ebc0675adb029b9e20e581,strict,00AD,single,,Guaranteed,Gu­aranteed,mailings,ma­ilings
00236.a46588c69d43e80c618038b95eff2893,00236__salted__strict__cp200B__single.a46588c69d43e80c618038b95eff2893,strict,200B,single,,,,"MASTERCARD, payable, Postal","MA​STERCARD, pa​yable, Po​stal"
00236.a46588c69d43e80c618038b95eff2893,00236__salted__strict__cp200C__single.a46588c69d43e80c618038b95eff2893,strict,200C,single,,,,"MASTERCARD, payable, Postal","MA‌STERCARD, pa‌yable, Po‌stal"
00236.a46588c69d43e80c618038b95eff2893,00236__salted__strict__cp200D__single.a46588c69d43e80c618038b95eff2893,strict,200D,single,,,,"MASTERCARD, payable, Postal","MA‍STERCARD, pa‍yable, Po‍stal"
00236.a46588c69d43e80c618038b95eff2893,00236__salted__strict__cp00AD__single.a46588c69d43e80c618038b95eff2893,strict,00AD,single,,,,"MASTERCARD, payable, Postal","MA­STERCARD, pa­yable, Po­stal"
00248.b243bca51ee69d6e428ca2f45f0fe41b,00248__salted__strict__cp200B__single.b243bca51ee69d6e428ca2f45f0fe41b,strict,200B,single,,,,mailings,ma​ilings
00248.b243bca51ee69d6e428ca2f45f0fe41b,00248__salted__strict__cp200C__single.b243bca51ee69d6e428ca2f45f0fe41b,strict,200C,single,,,,mailings,ma‌ilings
00248.b243bca51ee69d6e428ca2f45f0fe41b,00248__salted__strict__cp200D__single.b243bca51ee69d6e428ca2f45f0fe41b,strict,200D,single,,,,mailings,ma‍ilings
00248.b243bca51ee69d6e428ca2f45f0fe41b,00248__salted__strict__cp00AD__single.b243bca51ee69d6e428ca2f45f0fe41b,strict,00AD,single,,,,mailings,ma­ilings
00249.5f45607c1bffe89f60ba1ec9f878039a,00249__salted__strict__cp200B__single.5f45607c1bffe89f60ba1ec9f878039a,strict,200B,single,,mortgage,mo​rtgage,"lenders, Refinance, Mortgage","le​nders, Re​finance, Mo​rtgage"
00249.5f45607c1bffe89f60ba1ec9f878039a,00249__salted__strict__cp200C__single.5f45607c1bffe89f60ba1ec9f878039a,strict,200C,single,,mortgage,mo‌rtgage,"lenders, Refinance, Mortgage","le‌nders, Re‌finance, Mo‌rtgage"
00249.5f45607c1bffe89f60ba1ec9f878039a,00249__salted__strict__cp200D__single.5f45607c1bffe89f60ba1ec9f878039a,strict,200D,single,,mortgage,mo‍rtgage,"lenders, Refinance, Mortgage","le‍nders, Re‍finance, Mo‍rtgage"
00249.5f45607c1bffe89f60ba1ec9f878039a,00249__salted__strict__cp00AD__single.5f45607c1bffe89f60ba1ec9f878039a,strict,00AD,single,,mortgage,mo­rtgage,"lenders, Refinance, Mortgage","le­nders, Re­finance, Mo­rtgage"
00251.6b4b7e79e1706156839a00817d774e37,00251__salted__strict__cp200B__single.6b4b7e79e1706156839a00817d774e37,strict,200B,single,,SYSTEMWORKS,SY​STEMWORKS,,
00251.6b4b7e79e1706156839a00817d774e37,00251__salted__strict__cp200C__single.6b4b7e79e1706156839a00817d774e37,strict,200C,single,,SYSTEMWORKS,SY‌STEMWORKS,,
00251.6b4b7e79e1706156839a00817d774e37,00251__salted__strict__cp200D__single.6b4b7e79e1706156839a00817d774e37,strict,200D,single,,SYSTEMWORKS,SY‍STEMWORKS,,
00251.6b4b7e79e1706156839a00817d774e37,00251__salted__strict__cp00AD__single.6b4b7e79e1706156839a00817d774e37,strict,00AD,single,,SYSTEMWORKS,SY­STEMWORKS,,
00261.12b64e557e52daf5fc5a52e47df2f4e3,00261__salted__strict__cp200B__single.12b64e557e52daf5fc5a52e47df2f4e3,strict,200B,single,,,,Mastercard,Ma​stercard
00261.12b64e557e52daf5fc5a52e47df2f4e3,00261__salted__strict__cp200C__single.12b64e557e52daf5fc5a52e47df2f4e3,strict,200C,single,,,,Mastercard,Ma‌stercard
00261.12b64e557e52daf5fc5a52e47df2f4e3,00261__salted__strict__cp200D__single.12b64e557e52daf5fc5a52e47df2f4e3,strict,200D,single,,,,Mastercard,Ma‍stercard
00261.12b64e557e52daf5fc5a52e47df2f4e3,00261__salted__strict__cp00AD__single.12b64e557e52daf5fc5a52e47df2f4e3,strict,00AD,single,,,,Mastercard,Ma­stercard
00263.32b258c4cc08d235b2ca36fc16074f08,00263__salted__strict__cp200B__single.32b258c4cc08d235b2ca36fc16074f08,strict,200B,single,,,,"excite, excite","ex​cite, ex​cite"
00263.32b258c4cc08d235b2ca36fc16074f08,00263__salted__strict__cp200C__single.32b258c4cc08d235b2ca36fc16074f08,strict,200C,single,,,,"excite, excite","ex‌cite, ex‌cite"
00263.32b258c4cc08d235b2ca36fc16074f08,00263__salted__strict__cp200D__single.32b258c4cc08d235b2ca36fc16074f08,strict,200D,single,,,,"excite, excite","ex‍cite, ex‍cite"
00263.32b258c4cc08d235b2ca36fc16074f08,00263__salted__strict__cp00AD__single.32b258c4cc08d235b2ca36fc16074f08,strict,00AD,single,,,,"excite, excite","ex­cite, ex­cite"
00264.02b614f34aa0d5970959123b9386b285,00264__salted__strict__cp200B__single.02b614f34aa0d5970959123b9386b285,strict,200B,single,,,,promotion,pr​omotion
00264.02b614f34aa0d5970959123b9386b285,00264__salted__strict__cp200C__single.02b614f34aa0d5970959123b9386b285,strict,200C,single,,,,promotion,pr‌omotion
00264.02b614f34aa0d5970959123b9386b285,00264__salted__strict__cp200D__single.02b614f34aa0d5970959123b9386b285,strict,200D,single,,,,promotion,pr‍omotion
00264.02b614f34aa0d5970959123b9386b285,00264__salted__strict__cp00AD__single.02b614f34aa0d5970959123b9386b285,strict,00AD,single,,,,promotion,pr­omotion
00279.1d58a13e343c1e53aca2ed2121a3f815,00279__salted__strict__cp200B__single.1d58a13e343c1e53aca2ed2121a3f815,strict,200B,single,,assistance,as​sistance,"deposit, assistance, confidentiality","de​posit, as​sistance, co​nfidentiality"
00279.1d58a13e343c1e53aca2ed2121a3f815,00279__salted__strict__cp200C__single.1d58a13e343c1e53aca2ed2121a3f815,strict,200C,single,,assistance,as‌sistance,"deposit, assistance, confidentiality","de‌posit, as‌sistance, co‌nfidentiality"
00279.1d58a13e343c1e53aca2ed2121a3f815,00279__salted__strict__cp200D__single.1d58a13e343c1e53aca2ed2121a3f815,strict,200D,single,,assistance,as‍sistance,"deposit, assistance, confidentiality","de‍posit, as‍sistance, co‍nfidentiality"
00279.1d58a13e343c1e53aca2ed2121a3f815,00279__salted__strict__cp00AD__single.1d58a13e343c1e53aca2ed2121a3f815,strict,00AD,single,,assistance,as­sistance,"deposit, assistance, confidentiality","de­posit, as­sistance, co­nfidentiality"
00280.026da2bd191f11081b8d8428134b0c66,00280__salted__strict__cp200B__single.026da2bd191f11081b8d8428134b0c66,strict,200B,single,,,,"Promotion, Deposit","Pr​omotion, De​posit"
00280.026da2bd191f11081b8d8428134b0c66,00280__salted__strict__cp200C__single.026da2bd191f11081b8d8428134b0c66,strict,200C,single,,,,"Promotion, Deposit","Pr‌omotion, De‌posit"
00280.026da2bd191f11081b8d8428134b0c66,00280__salted__strict__cp200D__single.026da2bd191f11081b8d8428134b0c66,strict,200D,single,,,,"Promotion, Deposit","Pr‍omotion, De‍posit"
00280.026da2bd191f11081b8d8428134b0c66,00280__salted__strict__cp00AD__single.026da2bd191f11081b8d8428134b0c66,strict,00AD,single,,,,"Promotion, Deposit","Pr­omotion, De­posit"
00284.227c1ebb961320cd2086d904d698c49b,00284__salted__strict__cp200B__single.227c1ebb961320cd2086d904d698c49b,strict,200B,single,,,,mailings,ma​ilings
00284.227c1ebb961320cd2086d904d698c49b,00284__salted__strict__cp200C__single.227c1ebb961320cd2086d904d698c49b,strict,200C,single,,,,mailings,ma‌ilings
00284.227c1ebb961320cd2086d904d698c49b,00284__salted__strict__cp200D__single.227c1ebb961320cd2086d904d698c49b,strict,200D,single,,,,mailings,ma‍ilings
00284.227c1ebb961320cd2086d904d698c49b,00284__salted__strict__cp00AD__single.227c1ebb961320cd2086d904d698c49b,strict,00AD,single,,,,mailings,ma­ilings
00291.7aa227e74e89bdd529a3875459d0d5a2,00291__salted__strict__cp200B__single.7aa227e74e89bdd529a3875459d0d5a2,strict,200B,single,,,,mailings,ma​ilings
00291.7aa227e74e89bdd529a3875459d0d5a2,00291__salted__strict__cp200C__single.7aa227e74e89bdd529a3875459d0d5a2,strict,200C,single,,,,mailings,ma‌ilings
00291.7aa227e74e89bdd529a3875459d0d5a2,00291__salted__strict__cp200D__single.7aa227e74e89bdd529a3875459d0d5a2,strict,200D,single,,,,mailings,ma‍ilings
00291.7aa227e74e89bdd529a3875459d0d5a2,00291__salted__strict__cp00AD__single.7aa227e74e89bdd529a3875459d0d5a2,strict,00AD,single,,,,mailings,ma­ilings
00292.dbf78a2aaa230d288eb80ab843804252,00292__salted__strict__cp200B__single.dbf78a2aaa230d288eb80ab843804252,strict,200B,single,,,,"promotional, mailings","pr​omotional, ma​ilings"
00292.dbf78a2aaa230d288eb80ab843804252,00292__salted__strict__cp200C__single.dbf78a2aaa230d288eb80ab843804252,strict,200C,single,,,,"promotional, mailings","pr‌omotional, ma‌ilings"
00292.dbf78a2aaa230d288eb80ab843804252,00292__salted__strict__cp200D__single.dbf78a2aaa230d288eb80ab843804252,strict,200D,single,,,,"promotional, mailings","pr‍omotional, ma‍ilings"
00292.dbf78a2aaa230d288eb80ab843804252,00292__salted__strict__cp00AD__single.dbf78a2aaa230d288eb80ab843804252,strict,00AD,single,,,,"promotional, mailings","pr­omotional, ma­ilings"
00296.85aa16f800e0aaf8755cdf23d7e035ff,00296__salted__strict__cp200B__single.85aa16f800e0aaf8755cdf23d7e035ff,strict,200B,single,,Annuity,An​nuity,"annuity, Guaranteed, mailings","an​nuity, Gu​aranteed, ma​ilings"
00296.85aa16f800e0aaf8755cdf23d7e035ff,00296__salted__strict__cp200C__single.85aa16f800e0aaf8755cdf23d7e035ff,strict,200C,single,,Annuity,An‌nuity,"annuity, Guaranteed, mailings","an‌nuity, Gu‌aranteed, ma‌ilings"
00296.85aa16f800e0aaf8755cdf23d7e035ff,00296__salted__strict__cp200D__single.85aa16f800e0aaf8755cdf23d7e035ff,strict,200D,single,,Annuity,An‍nuity,"annuity, Guaranteed, mailings","an‍nuity, Gu‍aranteed, ma‍ilings"
00296.85aa16f800e0aaf8755cdf23d7e035ff,00296__salted__strict__cp00AD__single.85aa16f800e0aaf8755cdf23d7e035ff,strict,00AD,single,,Annuity,An­nuity,"annuity, Guaranteed, mailings","an­nuity, Gu­aranteed, ma­ilings"
00302.7f695c69d4cbe06e91cddd2ca7cddf33,00302__salted__strict__cp200B__single.7f695c69d4cbe06e91cddd2ca7cddf33,strict,200B,single,,,,"Guaranteed, herbal, GUARANTEED","Gu​aranteed, he​rbal, GU​ARANTEED"
00302.7f695c69d4cbe06e91cddd2ca7cddf33,00302__salted__strict__cp200C__single.7f695c69d4cbe06e91cddd2ca7cddf33,strict,200C,single,,,,"Guaranteed, herbal, GUARANTEED","Gu‌aranteed, he‌rbal, GU‌ARANTEED"
00302.7f695c69d4cbe06e91cddd2ca7cddf33,00302__salted__strict__cp200D__single.7f695c69d4cbe06e91cddd2ca7cddf33,strict,200D,single,,,,"Guaranteed, herbal, GUARANTEED","Gu‍aranteed, he‍rbal, GU‍ARANTEED"
00302.7f695c69d4cbe06e91cddd2ca7cddf33,00302__salted__strict__cp00AD__single.7f695c69d4cbe06e91cddd2ca7cddf33,strict,00AD,single,,,,"Guaranteed, herbal, GUARANTEED","Gu­aranteed, he­rbal, GU­ARANTEED"
00305.1f2a712e25638b0a4868155b37022cf1,00305__salted__strict__cp200B__single.1f2a712e25638b0a4868155b37022cf1,strict,200B,single,,HGH,HG​H,,
00305.1f2a712e25638b0a4868155b37022cf1,00305__salted__strict__cp200C__single.1f2a712e25638b0a4868155b37022cf1,strict,200C,single,,HGH,HG‌H,,
00305.1f2a712e25638b0a4868155b37022cf1,00305__salted__strict__cp200D__single.1f2a712e25638b0a4868155b37022cf1,strict,200D,single,,HGH,HG‍H,,
00305.1f2a712e25638b0a4868155b37022cf1,00305__salted__strict__cp00AD__single.1f2a712e25638b0a4868155b37022cf1,strict,00AD,single,,HGH,HG­H,,
00305.f80c21904d6d4f6facd036450a588b0d,00305__salted__strict__cp200B__single.f80c21904d6d4f6facd036450a588b0d,strict,200B,single,,,,"guaranteed, mailings","gu​aranteed, ma​ilings"
00305.f80c21904d6d4f6facd036450a588b0d,00305__salted__strict__cp200C__single.f80c21904d6d4f6facd036450a588b0d,strict,200C,single,,,,"guaranteed, mailings","gu‌aranteed, ma‌ilings"
00305.f80c21904d6d4f6facd036450a588b0d,00305__salted__strict__cp200D__single.f80c21904d6d4f6facd036450a588b0d,strict,200D,single,,,,"guaranteed, mailings","gu‍aranteed, ma‍ilings"
00305.f80c21904d6d4f6facd036450a588b0d,00305__salted__strict__cp00AD__single.f80c21904d6d4f6facd036450a588b0d,strict,00AD,single,,,,"guaranteed, mailings","gu­aranteed, ma­ilings"
00308.fc90f8aab51648329b9e705c9021b204,00308__salted__strict__cp200B__single.fc90f8aab51648329b9e705c9021b204,strict,200B,single,,,,mailings,ma​ilings
00308.fc90f8aab51648329b9e705c9021b204,00308__salted__strict__cp200C__single.fc90f8aab51648329b9e705c9021b204,strict,200C,single,,,,mailings,ma‌ilings
00308.fc90f8aab51648329b9e705c9021b204,00308__salted__strict__cp200D__single.fc90f8aab51648329b9e705c9021b204,strict,200D,single,,,,mailings,ma‍ilings
00308.fc90f8aab51648329b9e705c9021b204,00308__salted__strict__cp00AD__single.fc90f8aab51648329b9e705c9021b204,strict,00AD,single,,,,mailings,ma­ilings
00312.5034fee7d265abd7a4194e9300de24bf,00312__salted__strict__cp200B__single.5034fee7d265abd7a4194e9300de24bf,strict,200B,single,,HGH,HG​H,,
00312.5034fee7d265abd7a4194e9300de24bf,00312__salted__strict__cp200C__single.5034fee7d265abd7a4194e9300de24bf,strict,200C,single,,HGH,HG‌H,,
00312.5034fee7d265abd7a4194e9300de24bf,00312__salted__strict__cp200D__single.5034fee7d265abd7a4194e9300de24bf,strict,200D,single,,HGH,HG‍H,,
00312.5034fee7d265abd7a4194e9300de24bf,00312__salted__strict__cp00AD__single.5034fee7d265abd7a4194e9300de24bf,strict,00AD,single,,HGH,HG­H,,
00337.813498483bc80a24c002e6e7e8e0f2cb,00337__salted__strict__cp200B__single.813498483bc80a24c002e6e7e8e0f2cb,strict,200B,single,,,,mortgage,mo​rtgage
00337.813498483bc80a24c002e6e7e8e0f2cb,00337__salted__strict__cp200C__single.813498483bc80a24c002e6e7e8e0f2cb,strict,200C,single,,,,mortgage,mo‌rtgage
00337.813498483bc80a24c002e6e7e8e0f2cb,00337__salted__strict__cp200D__single.813498483bc80a24c002e6e7e8e0f2cb,strict,200D,single,,,,mortgage,mo‍rtgage
00337.813498483bc80a24c002e6e7e8e0f2cb,00337__salted__strict__cp00AD__single.813498483bc80a24c002e6e7e8e0f2cb,strict,00AD,single,,,,mortgage,mo­rtgage
00344.e6463530b23a12554d2e6f0e08ae10a7,00344__salted__strict__cp200B__single.e6463530b23a12554d2e6f0e08ae10a7,strict,200B,single,,,,TOLL,TO​LL
00344.e6463530b23a12554d2e6f0e08ae10a7,00344__salted__strict__cp200C__single.e6463530b23a12554d2e6f0e08ae10a7,strict,200C,single,,,,TOLL,TO‌LL
00344.e6463530b23a12554d2e6f0e08ae10a7,00344__salted__strict__cp200D__single.e6463530b23a12554d2e6f0e08ae10a7,strict,200D,single,,,,TOLL,TO‍LL
00344.e6463530b23a12554d2e6f0e08ae10a7,00344__salted__strict__cp00AD__single.e6463530b23a12554d2e6f0e08ae10a7,strict,00AD,single,,,,TOLL,TO­LL
00346.d93a823fb3350a5da8f0c612ce1156cd,00346__salted__strict__cp200B__single.d93a823fb3350a5da8f0c612ce1156cd,strict,200B,single,,,,deposit,de​posit
00346.d93a823fb3350a5da8f0c612ce1156cd,00346__salted__strict__cp200C__single.d93a823fb3350a5da8f0c612ce1156cd,strict,200C,single,,,,deposit,de‌posit
00346.d93a823fb3350a5da8f0c612ce1156cd,00346__salted__strict__cp200D__single.d93a823fb3350a5da8f0c612ce1156cd,strict,200D,single,,,,deposit,de‍posit
00346.d93a823fb3350a5da8f0c612ce1156cd,00346__salted__strict__cp00AD__single.d93a823fb3350a5da8f0c612ce1156cd,strict,00AD,single,,,,deposit,de­posit
00356.ea7eb32330fa6bf65270023c0d99e2c5,00356__salted__strict__cp200B__single.ea7eb32330fa6bf65270023c0d99e2c5,strict,200B,single,,,,"SystemWorks, WHOLESALE, TOLL","Sy​stemWorks, WH​OLESALE, TO​LL"
00356.ea7eb32330fa6bf65270023c0d99e2c5,00356__salted__strict__cp200C__single.ea7eb32330fa6bf65270023c0d99e2c5,strict,200C,single,,,,"SystemWorks, WHOLESALE, TOLL","Sy‌stemWorks, WH‌OLESALE, TO‌LL"
00356.ea7eb32330fa6bf65270023c0d99e2c5,00356__salted__strict__cp200D__single.ea7eb32330fa6bf65270023c0d99e2c5,strict,200D,single,,,,"SystemWorks, WHOLESALE, TOLL","Sy‍stemWorks, WH‍OLESALE, TO‍LL"
00356.ea7eb32330fa6bf65270023c0d99e2c5,00356__salted__strict__cp00AD__single.ea7eb32330fa6bf65270023c0d99e2c5,strict,00AD,single,,,,"SystemWorks, WHOLESALE, TOLL","Sy­stemWorks, WH­OLESALE, TO­LL"
00359.90bec90ebeaf05f024f48594e7d7b0d5,00359__salted__strict__cp200B__single.90bec90ebeaf05f024f48594e7d7b0d5,strict,200B,single,,,,"confidentiality, Nigeria, assistance","co​nfidentiality, Ni​geria, as​sistance"
00359.90bec90ebeaf05f024f48594e7d7b0d5,00359__salted__strict__cp200C__single.90bec90ebeaf05f024f48594e7d7b0d5,strict,200C,single,,,,"confidentiality, Nigeria, assistance","co‌nfidentiality, Ni‌geria, as‌sistance"
00359.90bec90ebeaf05f024f48594e7d7b0d5,00359__salted__strict__cp200D__single.90bec90ebeaf05f024f48594e7d7b0d5,strict,200D,single,,,,"confidentiality, Nigeria, assistance","co‍nfidentiality, Ni‍geria, as‍sistance"
00359.90bec90ebeaf05f024f48594e7d7b0d5,00359__salted__strict__cp00AD__single.90bec90ebeaf05f024f48594e7d7b0d5,strict,00AD,single,,,,"confidentiality, Nigeria, assistance","co­nfidentiality, Ni­geria, as­sistance"
00361.e91ac048b0ede961d3f51009eee1c620,00361__salted__strict__cp200B__single.e91ac048b0ede961d3f51009eee1c620,strict,200B,single,,,,"LAGOS, ATTN, Nigeria","LA​GOS, AT​TN, Ni​geria"
00361.e91ac048b0ede961d3f51009eee1c620,00361__salted__strict__cp200C__single.e91ac048b0ede961d3f51009eee1c620,strict,200C,single,,,,"LAGOS, ATTN, Nigeria","LA‌GOS, AT‌TN, Ni‌geria"
00361.e91ac048b0ede961d3f51009eee1c620,00361__salted__strict__cp200D__single.e91ac048b0ede961d3f51009eee1c620,strict,200D,single,,,,"LAGOS, ATTN, Nigeria","LA‍GOS, AT‍TN, Ni‍geria"
00361.e91ac048b0ede961d3f51009eee1c620,00361__salted__strict__cp00AD__single.e91ac048b0ede961d3f51009eee1c620,strict,00AD,single,,,,"LAGOS, ATTN, Nigeria","LA­GOS, AT­TN, Ni­geria"
00369.845eeb9573484bd88a6a6224c7068d81,00369__salted__strict__cp200B__single.845eeb9573484bd88a6a6224c7068d81,strict,200B,single,,cartridges,ca​rtridges,,
00369.845eeb9573484bd88a6a6224c7068d81,00369__salted__strict__cp200C__single.845eeb9573484bd88a6a6224c7068d81,strict,200C,single,,cartridges,ca‌rtridges,,
00369.845eeb9573484bd88a6a6224c7068d81,00369__salted__strict__cp200D__single.845eeb9573484bd88a6a6224c7068d81,strict,200D,single,,cartridges,ca‍rtridges,,
00369.845eeb9573484bd88a6a6224c7068d81,00369__salted__strict__cp00AD__single.845eeb9573484bd88a6a6224c7068d81,strict,00AD,single,,cartridges,ca­rtridges,,
00373.ebe8670ac56b04125c25100a36ab0510,00373__salted__strict__cp200B__single.ebe8670ac56b04125c25100a36ab0510,strict,200B,single,,,,SystemWorks,Sy​stemWorks
00373.ebe8670ac56b04125c25100a36ab0510,00373__salted__strict__cp200C__single.ebe8670ac56b04125c25100a36ab0510,strict,200C,single,,,,SystemWorks,Sy‌stemWorks
00373.ebe8670ac56b04125c25100a36ab0510,00373__salted__strict__cp200D__single.ebe8670ac56b04125c25100a36ab0510,strict,200D,single,,,,SystemWorks,Sy‍stemWorks
00373.ebe8670ac56b04125c25100a36ab0510,00373__salted__strict__cp00AD__single.ebe8670ac56b04125c25100a36ab0510,strict,00AD,single,,,,SystemWorks,Sy­stemWorks
00384.2054d62f06fd10e4018a43e156b32acf,00384__salted__strict__cp200B__single.2054d62f06fd10e4018a43e156b32acf,strict,200B,single,,Guaranteed,Gu​aranteed,"annuity, annuity, Guaranteed","an​nuity, an​nuity, Gu​aranteed"
00384.2054d62f06fd10e4018a43e156b32acf,00384__salted__strict__cp200C__single.2054d62f06fd10e4018a43e156b32acf,strict,200C,single,,Guaranteed,Gu‌aranteed,"annuity, annuity, Guaranteed","an‌nuity, an‌nuity, Gu‌aranteed"
00384.2054d62f06fd10e4018a43e156b32acf,00384__salted__strict__cp200D__single.2054d62f06fd10e4018a43e156b32acf,strict,200D,single,,Guaranteed,Gu‍aranteed,"annuity, annuity, Guaranteed","an‍nuity, an‍nuity, Gu‍aranteed"
00384.2054d62f06fd10e4018a43e156b32acf,00384__salted__strict__cp00AD__single.2054d62f06fd10e4018a43e156b32acf,strict,00AD,single,,Guaranteed,Gu­aranteed,"annuity, annuity, Guaranteed","an­nuity, an­nuity, Gu­aranteed"
00386.6074f269f0bd1aec1546f9e654e8fcfe,00386__salted__strict__cp200B__single.6074f269f0bd1aec1546f9e654e8fcfe,strict,200B,single,,,,earn,ea​rn
00386.6074f269f0bd1aec1546f9e654e8fcfe,00386__salted__strict__cp200C__single.6074f269f0bd1aec1546f9e654e8fcfe,strict,200C,single,,,,earn,ea‌rn
00386.6074f269f0bd1aec1546f9e654e8fcfe,00386__salted__strict__cp200D__single.6074f269f0bd1aec1546f9e654e8fcfe,strict,200D,single,,,,earn,ea‍rn
00386.6074f269f0bd1aec1546f9e654e8fcfe,00386__salted__strict__cp00AD__single.6074f269f0bd1aec1546f9e654e8fcfe,strict,00AD,single,,,,earn,ea­rn
00388.a884c42d4423d7e4718db0145b3b9d9b,00388__salted__strict__cp200B__single.a884c42d4423d7e4718db0145b3b9d9b,strict,200B,single,,,,GUARANTEED,GU​ARANTEED
00388.a884c42d4423d7e4718db0145b3b9d9b,00388__salted__strict__cp200C__single.a884c42d4423d7e4718db0145b3b9d9b,strict,200C,single,,,,GUARANTEED,GU‌ARANTEED
00388.a884c42d4423d7e4718db0145b3b9d9b,00388__salted__strict__cp200D__single.a884c42d4423d7e4718db0145b3b9d9b,strict,200D,single,,,,GUARANTEED,GU‍ARANTEED
00388.a884c42d4423d7e4718db0145b3b9d9b,00388__salted__strict__cp00AD__single.a884c42d4423d7e4718db0145b3b9d9b,strict,00AD,single,,,,GUARANTEED,GU­ARANTEED
00395.74aee42fac915ca758047506ec59a21f,00395__salted__strict__cp200B__single.74aee42fac915ca758047506ec59a21f,strict,200B,single,,ADV,AD​V,,
00395.74aee42fac915ca758047506ec59a21f,00395__salted__strict__cp200C__single.74aee42fac915ca758047506ec59a21f,strict,200C,single,,ADV,AD‌V,,
00395.74aee42fac915ca758047506ec59a21f,00395__salted__strict__cp200D__single.74aee42fac915ca758047506ec59a21f,strict,200D,single,,ADV,AD‍V,,
00395.74aee42fac915ca758047506ec59a21f,00395__salted__strict__cp00AD__single.74aee42fac915ca758047506ec59a21f,strict,00AD,single,,ADV,AD­V,,
00409.e59f63e813b6766a9a4ddf0790634ca3,00409__salted__strict__cp200B__single.e59f63e813b6766a9a4ddf0790634ca3,strict,200B,single,,,,"guaranteed, Payable, btamail","gu​aranteed, Pa​yable, bt​amail"
00409.e59f63e813b6766a9a4ddf0790634ca3,00409__salted__strict__cp200C__single.e59f63e813b6766a9a4ddf0790634ca3,strict,200C,single,,,,"guaranteed, Payable, btamail","gu‌aranteed, Pa‌yable, bt‌amail"
00409.e59f63e813b6766a9a4ddf0790634ca3,00409__salted__strict__cp200D__single.e59f63e813b6766a9a4ddf0790634ca3,strict,200D,single,,,,"guaranteed, Payable, btamail","gu‍aranteed, Pa‍yable, bt‍amail"
00409.e59f63e813b6766a9a4ddf0790634ca3,00409__salted__strict__cp00AD__single.e59f63e813b6766a9a4ddf0790634ca3,strict,00AD,single,,,,"guaranteed, Payable, btamail","gu­aranteed, Pa­yable, bt­amail"
00415.4af357c0282481dba8f1765f0bf09c09,00415__salted__strict__cp200B__single.4af357c0282481dba8f1765f0bf09c09,strict,200B,single,,,,Annuity,An​nuity
00415.4af357c0282481dba8f1765f0bf09c09,00415__salted__strict__cp200C__single.4af357c0282481dba8f1765f0bf09c09,strict,200C,single,,,,Annuity,An‌nuity
00415.4af357c0282481dba8f1765f0bf09c09,00415__salted__strict__cp200D__single.4af357c0282481dba8f1765f0bf09c09,strict,200D,single,,,,Annuity,An‍nuity
00415.4af357c0282481dba8f1765f0bf09c09,00415__salted__strict__cp00AD__single.4af357c0282481dba8f1765f0bf09c09,strict,00AD,single,,,,Annuity,An­nuity
00416.bff1badad869f205fdb54f311f060734,00416__salted__strict__cp200B__single.bff1badad869f205fdb54f311f060734,strict,200B,single,,Guaranteed,Gu​aranteed,,
00416.bff1badad869f205fdb54f311f060734,00416__salted__strict__cp200C__single.bff1badad869f205fdb54f311f060734,strict,200C,single,,Guaranteed,Gu‌aranteed,,
00416.bff1badad869f205fdb54f311f060734,00416__salted__strict__cp200D__single.bff1badad869f205fdb54f311f060734,strict,200D,single,,Guaranteed,Gu‍aranteed,,
00416.bff1badad869f205fdb54f311f060734,00416__salted__strict__cp00AD__single.bff1badad869f205fdb54f311f060734,strict,00AD,single,,Guaranteed,Gu­aranteed,,
00426.36b36cbe96efe9001c4d80363ea7ed4e,00426__salted__strict__cp200B__single.36b36cbe96efe9001c4d80363ea7ed4e,strict,200B,single,,,,"mortgage, loans","mo​rtgage, lo​ans"
00426.36b36cbe96efe9001c4d80363ea7ed4e,00426__salted__strict__cp200C__single.36b36cbe96efe9001c4d80363ea7ed4e,strict,200C,single,,,,"mortgage, loans","mo‌rtgage, lo‌ans"
00426.36b36cbe96efe9001c4d80363ea7ed4e,00426__salted__strict__cp200D__single.36b36cbe96efe9001c4d80363ea7ed4e,strict,200D,single,,,,"mortgage, loans","mo‍rtgage, lo‍ans"
00426.36b36cbe96efe9001c4d80363ea7ed4e,00426__salted__strict__cp00AD__single.36b36cbe96efe9001c4d80363ea7ed4e,strict,00AD,single,,,,"mortgage, loans","mo­rtgage, lo­ans"
00439.eacffbae5543e6be58178c0d3eb95041,00439__salted__strict__cp200B__single.eacffbae5543e6be58178c0d3eb95041,strict,200B,single,,,,mailings,ma​ilings
00439.eacffbae5543e6be58178c0d3eb95041,00439__salted__strict__cp200C__single.eacffbae5543e6be58178c0d3eb95041,strict,200C,single,,,,mailings,ma‌ilings
00439.eacffbae5543e6be58178c0d3eb95041,00439__salted__strict__cp200D__single.eacffbae5543e6be58178c0d3eb95041,strict,200D,single,,,,mailings,ma‍ilings
00439.eacffbae5543e6be58178c0d3eb95041,00439__salted__strict__cp00AD__single.eacffbae5543e6be58178c0d3eb95041,strict,00AD,single,,,,mailings,ma­ilings
00440.647d9eb44fd0cb069ea92be204966a8e,00440__salted__strict__cp200B__single.647d9eb44fd0cb069ea92be204966a8e,strict,200B,single,,SYSTEMWORKS,SY​STEMWORKS,,
00440.647d9eb44fd0cb069ea92be204966a8e,00440__salted__strict__cp200C__single.647d9eb44fd0cb069ea92be204966a8e,strict,200C,single,,SYSTEMWORKS,SY‌STEMWORKS,,
00440.647d9eb44fd0cb069ea92be204966a8e,00440__salted__strict__cp200D__single.647d9eb44fd0cb069ea92be204966a8e,strict,200D,single,,SYSTEMWORKS,SY‍STEMWORKS,,
00440.647d9eb44fd0cb069ea92be204966a8e,00440__salted__strict__cp00AD__single.647d9eb44fd0cb069ea92be204966a8e,strict,00AD,single,,SYSTEMWORKS,SY­STEMWORKS,,
00441.77768298934252b2fa200e7d9482993b,00441__salted__strict__cp200B__single.77768298934252b2fa200e7d9482993b,strict,200B,single,,Refinance,Re​finance,,
00441.77768298934252b2fa200e7d9482993b,00441__salted__strict__cp200C__single.77768298934252b2fa200e7d9482993b,strict,200C,single,,Refinance,Re‌finance,,
00441.77768298934252b2fa200e7d9482993b,00441__salted__strict__cp200D__single.77768298934252b2fa200e7d9482993b,strict,200D,single,,Refinance,Re‍finance,,
00441.77768298934252b2fa200e7d9482993b,00441__salted__strict__cp00AD__single.77768298934252b2fa200e7d9482993b,strict,00AD,single,,Refinance,Re­finance,,
00445.a5edbd936b830407d1a56b31ff3b82c0,00445__salted__strict__cp200B__single.a5edbd936b830407d1a56b31ff3b82c0,strict,200B,single,,Herbal,He​rbal,,
00445.a5edbd936b830407d1a56b31ff3b82c0,00445__salted__strict__cp200C__single.a5edbd936b830407d1a56b31ff3b82c0,strict,200C,single,,Herbal,He‌rbal,,
00445.a5edbd936b830407d1a56b31ff3b82c0,00445__salted__strict__cp200D__single.a5edbd936b830407d1a56b31ff3b82c0,strict,200D,single,,Herbal,He‍rbal,,
00445.a5edbd936b830407d1a56b31ff3b82c0,00445__salted__strict__cp00AD__single.a5edbd936b830407d1a56b31ff3b82c0,strict,00AD,single,,Herbal,He­rbal,,
00447.32e588c3a1d8888d737f360f825713b8,00447__salted__strict__cp200B__single.32e588c3a1d8888d737f360f825713b8,strict,200B,single,,,,"guaranteed, attained, mailings","gu​aranteed, at​tained, ma​ilings"
00447.32e588c3a1d8888d737f360f825713b8,00447__salted__strict__cp200C__single.32e588c3a1d8888d737f360f825713b8,strict,200C,single,,,,"guaranteed, attained, mailings","gu‌aranteed, at‌tained, ma‌ilings"
00447.32e588c3a1d8888d737f360f825713b8,00447__salted__strict__cp200D__single.32e588c3a1d8888d737f360f825713b8,strict,200D,single,,,,"guaranteed, attained, mailings","gu‍aranteed, at‍tained, ma‍ilings"
00447.32e588c3a1d8888d737f360f825713b8,00447__salted__strict__cp00AD__single.32e588c3a1d8888d737f360f825713b8,strict,00AD,single,,,,"guaranteed, attained, mailings","gu­aranteed, at­tained, ma­ilings"
00455.8ccdcb205b6f8c3958bb3b2d39edca46,00455__salted__strict__cp200B__single.8ccdcb205b6f8c3958bb3b2d39edca46,strict,200B,single,,ADV,AD​V,,
00455.8ccdcb205b6f8c3958bb3b2d39edca46,00455__salted__strict__cp200C__single.8ccdcb205b6f8c3958bb3b2d39edca46,strict,200C,single,,ADV,AD‌V,,
00455.8ccdcb205b6f8c3958bb3b2d39edca46,00455__salted__strict__cp200D__single.8ccdcb205b6f8c3958bb3b2d39edca46,strict,200D,single,,ADV,AD‍V,,
00455.8ccdcb205b6f8c3958bb3b2d39edca46,00455__salted__strict__cp00AD__single.8ccdcb205b6f8c3958bb3b2d39edca46,strict,00AD,single,,ADV,AD­V,,
00458.62211764fde0dd7128ea4146268b40dd,00458__salted__strict__cp200B__single.62211764fde0dd7128ea4146268b40dd,strict,200B,single,,,,earn,ea​rn
00458.62211764fde0dd7128ea4146268b40dd,00458__salted__strict__cp200C__single.62211764fde0dd7128ea4146268b40dd,strict,200C,single,,,,earn,ea‌rn
00458.62211764fde0dd7128ea4146268b40dd,00458__salted__strict__cp200D__single.62211764fde0dd7128ea4146268b40dd,strict,200D,single,,,,earn,ea‍rn
00458.62211764fde0dd7128ea4146268b40dd,00458__salted__strict__cp00AD__single.62211764fde0dd7128ea4146268b40dd,strict,00AD,single,,,,earn,ea­rn
00467.3748c927c32a9c4e8988dad52a843b5c,00467__salted__strict__cp200B__single.3748c927c32a9c4e8988dad52a843b5c,strict,200B,single,,,,mailings,ma​ilings
00467.3748c927c32a9c4e8988dad52a843b5c,00467__salted__strict__cp200C__single.3748c927c32a9c4e8988dad52a843b5c,strict,200C,single,,,,mailings,ma‌ilings
00467.3748c927c32a9c4e8988dad52a843b5c,00467__salted__strict__cp200D__single.3748c927c32a9c4e8988dad52a843b5c,strict,200D,single,,,,mailings,ma‍ilings
00467.3748c927c32a9c4e8988dad52a843b5c,00467__salted__strict__cp00AD__single.3748c927c32a9c4e8988dad52a843b5c,strict,00AD,single,,,,mailings,ma­ilings
00482.f839ea522f1ee459661a6b2fbd71e823,00482__salted__strict__cp200B__single.f839ea522f1ee459661a6b2fbd71e823,strict,200B,single,,ADV,AD​V,,
00482.f839ea522f1ee459661a6b2fbd71e823,00482__salted__strict__cp200C__single.f839ea522f1ee459661a6b2fbd71e823,strict,200C,single,,ADV,AD‌V,,
00482.f839ea522f1ee459661a6b2fbd71e823,00482__salted__strict__cp200D__single.f839ea522f1ee459661a6b2fbd71e823,strict,200D,single,,ADV,AD‍V,,
00482.f839ea522f1ee459661a6b2fbd71e823,00482__salted__strict__cp00AD__single.f839ea522f1ee459661a6b2fbd71e823,strict,00AD,single,,ADV,AD­V,,
00483.e583ffb0efd3958cdef2e9f3b043ef0d,00483__salted__strict__cp200B__single.e583ffb0efd3958cdef2e9f3b043ef0d,strict,200B,single,,Herbal,He​rbal,,
00483.e583ffb0efd3958cdef2e9f3b043ef0d,00483__salted__strict__cp200C__single.e583ffb0efd3958cdef2e9f3b043ef0d,strict,200C,single,,Herbal,He‌rbal,,
00483.e583ffb0efd3958cdef2e9f3b043ef0d,00483__salted__strict__cp200D__single.e583ffb0efd3958cdef2e9f3b043ef0d,strict,200D,single,,Herbal,He‍rbal,,
00483.e583ffb0efd3958cdef2e9f3b043ef0d,00483__salted__strict__cp00AD__single.e583ffb0efd3958cdef2e9f3b043ef0d,strict,00AD,single,,Herbal,He­rbal,,
00485.a5d28b804adbceff7fd75ed9fc8138bb,00485__salted__strict__cp200B__single.a5d28b804adbceff7fd75ed9fc8138bb,strict,200B,single,,,,"MLM, promotion, Toll","ML​M, pr​omotion, To​ll"
00485.a5d28b804adbceff7fd75ed9fc8138bb,00485__salted__strict__cp200C__single.a5d28b804adbceff7fd75ed9fc8138bb,strict,200C,single,,,,"MLM, promotion, Toll","ML‌M, pr‌omotion, To‌ll"
00485.a5d28b804adbceff7fd75ed9fc8138bb,00485__salted__strict__cp200D__single.a5d28b804adbceff7fd75ed9fc8138bb,strict,200D,single,,,,"MLM, promotion, Toll","ML‍M, pr‍omotion, To‍ll"
00485.a5d28b804adbceff7fd75ed9fc8138bb,00485__salted__strict__cp00AD__single.a5d28b804adbceff7fd75ed9fc8138bb,strict,00AD,single,,,,"MLM, promotion, Toll","ML­M, pr­omotion, To­ll"
00494.fd2efa67e63247ee89cdcf3a6fe7906d,00494__salted__strict__cp200B__single.fd2efa67e63247ee89cdcf3a6fe7906d,strict,200B,single,,,,"ATTN, assistance, beneficiary","AT​TN, as​sistance, be​neficiary"
00494.fd2efa67e63247ee89cdcf3a6fe7906d,00494__salted__strict__cp200C__single.fd2efa67e63247ee89cdcf3a6fe7906d,strict,200C,single,,,,"ATTN, assistance, beneficiary","AT‌TN, as‌sistance, be‌neficiary"
00494.fd2efa67e63247ee89cdcf3a6fe7906d,00494__salted__strict__cp200D__single.fd2efa67e63247ee89cdcf3a6fe7906d,strict,200D,single,,,,"ATTN, assistance, beneficiary","AT‍TN, as‍sistance, be‍neficiary"
00494.fd2efa67e63247ee89cdcf3a6fe7906d,00494__salted__strict__cp00AD__single.fd2efa67e63247ee89cdcf3a6fe7906d,strict,00AD,single,,,,"ATTN, assistance, beneficiary","AT­TN, as­sistance, be­neficiary"
00506.85af6cd716febc6265ac7b362a4a1da6,00506__salted__strict__cp200B__single.85af6cd716febc6265ac7b362a4a1da6,strict,200B,single,,MORTGAGE,MO​RTGAGE,,
00506.85af6cd716febc6265ac7b362a4a1da6,00506__salted__strict__cp200C__single.85af6cd716febc6265ac7b362a4a1da6,strict,200C,single,,MORTGAGE,MO‌RTGAGE,,
00506.85af6cd716febc6265ac7b362a4a1da6,00506__salted__strict__cp200D__single.85af6cd716febc6265ac7b362a4a1da6,strict,200D,single,,MORTGAGE,MO‍RTGAGE,,
00506.85af6cd716febc6265ac7b362a4a1da6,00506__salted__strict__cp00AD__single.85af6cd716febc6265ac7b362a4a1da6,strict,00AD,single,,MORTGAGE,MO­RTGAGE,,
00509.385c788f39e46a86be4c6af8679a0c80,00509__salted__strict__cp200B__single.385c788f39e46a86be4c6af8679a0c80,strict,200B,single,,,,"Postal, MasterCard, Postal","Po​stal, Ma​sterCard, Po​stal"
00509.385c788f39e46a86be4c6af8679a0c80,00509__salted__strict__cp200C__single.385c788f39e46a86be4c6af8679a0c80,strict,200C,single,,,,"Postal, MasterCard, Postal","Po‌stal, Ma‌sterCard, Po‌stal"
00509.385c788f39e46a86be4c6af8679a0c80,00509__salted__strict__cp200D__single.385c788f39e46a86be4c6af8679a0c80,strict,200D,single,,,,"Postal, MasterCard, Postal","Po‍stal, Ma‍sterCard, Po‍stal"
00509.385c788f39e46a86be4c6af8679a0c80,00509__salted__strict__cp00AD__single.385c788f39e46a86be4c6af8679a0c80,strict,00AD,single,,,,"Postal, MasterCard, Postal","Po­stal, Ma­sterCard, Po­stal"
00510.ce04ead27e498e82285ea6dbb0837c13,00510__salted__strict__cp200B__single.ce04ead27e498e82285ea6dbb0837c13,strict,200B,single,,adv,ad​v,,
00510.ce04ead27e498e82285ea6dbb0837c13,00510__salted__strict__cp200C__single.ce04ead27e498e82285ea6dbb0837c13,strict,200C,single,,adv,ad‌v,,
00510.ce04ead27e498e82285ea6dbb0837c13,00510__salted__strict__cp200D__single.ce04ead27e498e82285ea6dbb0837c13,strict,200D,single,,adv,ad‍v,,
00510.ce04ead27e498e82285ea6dbb0837c13,00510__salted__strict__cp00AD__single.ce04ead27e498e82285ea6dbb0837c13,strict,00AD,single,,adv,ad­v,,
00523.8dad1340c87f606b1f0696df64d9063c,00523__salted__strict__cp200B__single.8dad1340c87f606b1f0696df64d9063c,strict,200B,single,,MORTGAGE,MO​RTGAGE,,
00523.8dad1340c87f606b1f0696df64d9063c,00523__salted__strict__cp200C__single.8dad1340c87f606b1f0696df64d9063c,strict,200C,single,,MORTGAGE,MO‌RTGAGE,,
00523.8dad1340c87f606b1f0696df64d9063c,00523__salted__strict__cp200D__single.8dad1340c87f606b1f0696df64d9063c,strict,200D,single,,MORTGAGE,MO‍RTGAGE,,
00523.8dad1340c87f606b1f0696df64d9063c,00523__salted__strict__cp00AD__single.8dad1340c87f606b1f0696df64d9063c,strict,00AD,single,,MORTGAGE,MO­RTGAGE,,
00554.c325ab7400fb7e3f053ed0cac4ed7545,00554__salted__strict__cp200B__single.c325ab7400fb7e3f053ed0cac4ed7545,strict,200B,single,,Assistance,As​sistance,"confidentiality, Nigeria, Nigeria","co​nfidentiality, Ni​geria, Ni​geria"
00554.c325ab7400fb7e3f053ed0cac4ed7545,00554__salted__strict__cp200C__single.c325ab7400fb7e3f053ed0cac4ed7545,strict,200C,single,,Assistance,As‌sistance,"confidentiality, Nigeria, Nigeria","co‌nfidentiality, Ni‌geria, Ni‌geria"
00554.c325ab7400fb7e3f053ed0cac4ed7545,00554__salted__strict__cp200D__single.c325ab7400fb7e3f053ed0cac4ed7545,strict,200D,single,,Assistance,As‍sistance,"confidentiality, Nigeria, Nigeria","co‍nfidentiality, Ni‍geria, Ni‍geria"
00554.c325ab7400fb7e3f053ed0cac4ed7545,00554__salted__strict__cp00AD__single.c325ab7400fb7e3f053ed0cac4ed7545,strict,00AD,single,,Assistance,As­sistance,"confidentiality, Nigeria, Nigeria","co­nfidentiality, Ni­geria, Ni­geria"
00582.2db3b12f1cbf87ef3a64d26c35561a5b,00582__salted__strict__cp200B__single.2db3b12f1cbf87ef3a64d26c35561a5b,strict,200B,single,,ADV,AD​V,,
00582.2db3b12f1cbf87ef3a64d26c35561a5b,00582__salted__strict__cp200C__single.2db3b12f1cbf87ef3a64d26c35561a5b,strict,200C,single,,ADV,AD‌V,,
00582.2db3b12f1cbf87ef3a64d26c35561a5b,00582__salted__strict__cp200D__single.2db3b12f1cbf87ef3a64d26c35561a5b,strict,200D,single,,ADV,AD‍V,,
00582.2db3b12f1cbf87ef3a64d26c35561a5b,00582__salted__strict__cp00AD__single.2db3b12f1cbf87ef3a64d26c35561a5b,strict,00AD,single,,ADV,AD­V,,
00615.e47bff6118d4ff6d98581fa6f40ab871,00615__salted__strict__cp200B__single.e47bff6118d4ff6d98581fa6f40ab871,strict,200B,single,,,,"lagos, Nigeria, Attn","la​gos, Ni​geria, At​tn"
00615.e47bff6118d4ff6d98581fa6f40ab871,00615__salted__strict__cp200C__single.e47bff6118d4ff6d98581fa6f40ab871,strict,200C,single,,,,"lagos, Nigeria, Attn","la‌gos, Ni‌geria, At‌tn"
00615.e47bff6118d4ff6d98581fa6f40ab871,00615__salted__strict__cp200D__single.e47bff6118d4ff6d98581fa6f40ab871,strict,200D,single,,,,"lagos, Nigeria, Attn","la‍gos, Ni‍geria, At‍tn"
00615.e47bff6118d4ff6d98581fa6f40ab871,00615__salted__strict__cp00AD__single.e47bff6118d4ff6d98581fa6f40ab871,strict,00AD,single,,,,"lagos, Nigeria, Attn","la­gos, Ni­geria, At­tn"
00631.5b4f290bc474889ff457b314996553b1,00631__salted__strict__cp200B__single.5b4f290bc474889ff457b314996553b1,strict,200B,single,,Guaranteed,Gu​aranteed,,
00631.5b4f290bc474889ff457b314996553b1,00631__salted__strict__cp200C__single.5b4f290bc474889ff457b314996553b1,strict,200C,single,,Guaranteed,Gu‌aranteed,,
00631.5b4f290bc474889ff457b314996553b1,00631__salted__strict__cp200D__single.5b4f290bc474889ff457b314996553b1,strict,200D,single,,Guaranteed,Gu‍aranteed,,
00631.5b4f290bc474889ff457b314996553b1,00631__salted__strict__cp00AD__single.5b4f290bc474889ff457b314996553b1,strict,00AD,single,,Guaranteed,Gu­aranteed,,
00632.f90d0f620d4a4c4976e1c5884333f329,00632__salted__strict__cp200B__single.f90d0f620d4a4c4976e1c5884333f329,strict,200B,single,,,,"resell, GUARANTEED, testimonials","re​sell, GU​ARANTEED, te​stimonials"
00632.f90d0f620d4a4c4976e1c5884333f329,00632__salted__strict__cp200C__single.f90d0f620d4a4c4976e1c5884333f329,strict,200C,single,,,,"resell, GUARANTEED, testimonials","re‌sell, GU‌ARANTEED, te‌stimonials"
00632.f90d0f620d4a4c4976e1c5884333f329,00632__salted__strict__cp200D__single.f90d0f620d4a4c4976e1c5884333f329,strict,200D,single,,,,"resell, GUARANTEED, testimonials","re‍sell, GU‍ARANTEED, te‍stimonials"
00632.f90d0f620d4a4c4976e1c5884333f329,00632__salted__strict__cp00AD__single.f90d0f620d4a4c4976e1c5884333f329,strict,00AD,single,,,,"resell, GUARANTEED, testimonials","re­sell, GU­ARANTEED, te­stimonials"
00643.d177c04238b4299813b7d8cca9fb2f18,00643__salted__strict__cp200B__single.d177c04238b4299813b7d8cca9fb2f18,strict,200B,single,,,,mailings,ma​ilings
00643.d177c04238b4299813b7d8cca9fb2f18,00643__salted__strict__cp200C__single.d177c04238b4299813b7d8cca9fb2f18,strict,200C,single,,,,mailings,ma‌ilings
00643.d177c04238b4299813b7d8cca9fb2f18,00643__salted__strict__cp200D__single.d177c04238b4299813b7d8cca9fb2f18,strict,200D,single,,,,mailings,ma‍ilings
00643.d177c04238b4299813b7d8cca9fb2f18,00643__salted__strict__cp00AD__single.d177c04238b4299813b7d8cca9fb2f18,strict,00AD,single,,,,mailings,ma­ilings
00658.2324b3351e766248275bace98fd3c7b3,00658__salted__strict__cp200B__single.2324b3351e766248275bace98fd3c7b3,strict,200B,single,,,,"promotional, mailings","pr​omotional, ma​ilings"
00658.2324b3351e766248275bace98fd3c7b3,00658__salted__strict__cp200C__single.2324b3351e766248275bace98fd3c7b3,strict,200C,single,,,,"promotional, mailings","pr‌omotional, ma‌ilings"
00658.2324b3351e766248275bace98fd3c7b3,00658__salted__strict__cp200D__single.2324b3351e766248275bace98fd3c7b3,strict,200D,single,,,,"promotional, mailings","pr‍omotional, ma‍ilings"
00658.2324b3351e766248275bace98fd3c7b3,00658__salted__strict__cp00AD__single.2324b3351e766248275bace98fd3c7b3,strict,00AD,single,,,,"promotional, mailings","pr­omotional, ma­ilings"
00659.668ba8daca71e86de0ee5e412b177015,00659__salted__strict__cp200B__single.668ba8daca71e86de0ee5e412b177015,strict,200B,single,,,,"CONSULTATION, GUARANTEED","CO​NSULTATION, GU​ARANTEED"
00659.668ba8daca71e86de0ee5e412b177015,00659__salted__strict__cp200C__single.668ba8daca71e86de0ee5e412b177015,strict,200C,single,,,,"CONSULTATION, GUARANTEED","CO‌NSULTATION, GU‌ARANTEED"
00659.668ba8daca71e86de0ee5e412b177015,00659__salted__strict__cp200D__single.668ba8daca71e86de0ee5e412b177015,strict,200D,single,,,,"CONSULTATION, GUARANTEED","CO‍NSULTATION, GU‍ARANTEED"
00659.668ba8daca71e86de0ee5e412b177015,00659__salted__strict__cp00AD__single.668ba8daca71e86de0ee5e412b177015,strict,00AD,single,,,,"CONSULTATION, GUARANTEED","CO­NSULTATION, GU­ARANTEED"
00663.4baa9521293a04306b038be1f65d4471,00663__salted__strict__cp200B__single.4baa9521293a04306b038be1f65d4471,strict,200B,single,,,,"CONSULTATION, GUARANTEED","CO​NSULTATION, GU​ARANTEED"
00663.4baa9521293a04306b038be1f65d4471,00663__salted__strict__cp200C__single.4baa9521293a04306b038be1f65d4471,strict,200C,single,,,,"CONSULTATION, GUARANTEED","CO‌NSULTATION, GU‌ARANTEED"
00663.4baa9521293a04306b038be1f65d4471,00663__salted__strict__cp200D__single.4baa9521293a04306b038be1f65d4471,strict,200D,single,,,,"CONSULTATION, GUARANTEED","CO‍NSULTATION, GU‍ARANTEED"
00663.4baa9521293a04306b038be1f65d4471,00663__salted__strict__cp00AD__single.4baa9521293a04306b038be1f65d4471,strict,00AD,single,,,,"CONSULTATION, GUARANTEED","CO­NSULTATION, GU­ARANTEED"
00667.6bf743b1b5bdfe9340d438c0661e4bff,00667__salted__strict__cp200B__single.6bf743b1b5bdfe9340d438c0661e4bff,strict,200B,single,,,,"Earn, Annuity, Annuity","Ea​rn, An​nuity, An​nuity"
00667.6bf743b1b5bdfe9340d438c0661e4bff,00667__salted__strict__cp200C__single.6bf743b1b5bdfe9340d438c0661e4bff,strict,200C,single,,,,"Earn, Annuity, Annuity","Ea‌rn, An‌nuity, An‌nuity"
00667.6bf743b1b5bdfe9340d438c0661e4bff,00667__salted__strict__cp200D__single.6bf743b1b5bdfe9340d438c0661e4bff,strict,200D,single,,,,"Earn, Annuity, Annuity","Ea‍rn, An‍nuity, An‍nuity"
00667.6bf743b1b5bdfe9340d438c0661e4bff,00667__salted__strict__cp00AD__single.6bf743b1b5bdfe9340d438c0661e4bff,strict,00AD,single,,,,"Earn, Annuity, Annuity","Ea­rn, An­nuity, An­nuity"
00678.7c54f6e0fac3e7d26a9513d2c60e2b98,00678__salted__strict__cp200B__single.7c54f6e0fac3e7d26a9513d2c60e2b98,strict,200B,single,,Mortgage,Mo​rtgage,"mortgage, refinance, Mortgage","mo​rtgage, re​finance, Mo​rtgage"
00678.7c54f6e0fac3e7d26a9513d2c60e2b98,00678__salted__strict__cp200C__single.7c54f6e0fac3e7d26a9513d2c60e2b98,strict,200C,single,,Mortgage,Mo‌rtgage,"mortgage, refinance, Mortgage","mo‌rtgage, re‌finance, Mo‌rtgage"
00678.7c54f6e0fac3e7d26a9513d2c60e2b98,00678__salted__strict__cp200D__single.7c54f6e0fac3e7d26a9513d2c60e2b98,strict,200D,single,,Mortgage,Mo‍rtgage,"mortgage, refinance, Mortgage","mo‍rtgage, re‍finance, Mo‍rtgage"
00678.7c54f6e0fac3e7d26a9513d2c60e2b98,00678__salted__strict__cp00AD__single.7c54f6e0fac3e7d26a9513d2c60e2b98,strict,00AD,single,,Mortgage,Mo­rtgage,"mortgage, refinance, Mortgage","mo­rtgage, re­finance, Mo­rtgage"
00694.3aca5f2a3d0d2ccbc47ef868eb051abd,00694__salted__strict__cp200B__single.3aca5f2a3d0d2ccbc47ef868eb051abd,strict,200B,single,,,,"Guaranteed, herbal, GUARANTEED","Gu​aranteed, he​rbal, GU​ARANTEED"
00694.3aca5f2a3d0d2ccbc47ef868eb051abd,00694__salted__strict__cp200C__single.3aca5f2a3d0d2ccbc47ef868eb051abd,strict,200C,single,,,,"Guaranteed, herbal, GUARANTEED","Gu‌aranteed, he‌rbal, GU‌ARANTEED"
00694.3aca5f2a3d0d2ccbc47ef868eb051abd,00694__salted__strict__cp200D__single.3aca5f2a3d0d2ccbc47ef868eb051abd,strict,200D,single,,,,"Guaranteed, herbal, GUARANTEED","Gu‍aranteed, he‍rbal, GU‍ARANTEED"
00694.3aca5f2a3d0d2ccbc47ef868eb051abd,00694__salted__strict__cp00AD__single.3aca5f2a3d0d2ccbc47ef868eb051abd,strict,00AD,single,,,,"Guaranteed, herbal, GUARANTEED","Gu­aranteed, he­rbal, GU­ARANTEED"
00697.2d221d167d2814a6a6bc7a74b65bcb0e,00697__salted__strict__cp200B__single.2d221d167d2814a6a6bc7a74b65bcb0e,strict,200B,single,,adv,ad​v,,
00697.2d221d167d2814a6a6bc7a74b65bcb0e,00697__salted__strict__cp200C__single.2d221d167d2814a6a6bc7a74b65bcb0e,strict,200C,single,,adv,ad‌v,,
00697.2d221d167d2814a6a6bc7a74b65bcb0e,00697__salted__strict__cp200D__single.2d221d167d2814a6a6bc7a74b65bcb0e,strict,200D,single,,adv,ad‍v,,
00697.2d221d167d2814a6a6bc7a74b65bcb0e,00697__salted__strict__cp00AD__single.2d221d167d2814a6a6bc7a74b65bcb0e,strict,00AD,single,,adv,ad­v,,
00701.ea27d8eea96c7d361ea78613d0a3c481,00701__salted__strict__cp200B__single.ea27d8eea96c7d361ea78613d0a3c481,strict,200B,single,,Mortgage,Mo​rtgage,,
00701.ea27d8eea96c7d361ea78613d0a3c481,00701__salted__strict__cp200C__single.ea27d8eea96c7d361ea78613d0a3c481,strict,200C,single,,Mortgage,Mo‌rtgage,,
00701.ea27d8eea96c7d361ea78613d0a3c481,00701__salted__strict__cp200D__single.ea27d8eea96c7d361ea78613d0a3c481,strict,200D,single,,Mortgage,Mo‍rtgage,,
00701.ea27d8eea96c7d361ea78613d0a3c481,00701__salted__strict__cp00AD__single.ea27d8eea96c7d361ea78613d0a3c481,strict,00AD,single,,Mortgage,Mo­rtgage,,
00718.2495a50c4eab3755f338b5fe589dd52d,00718__salted__strict__cp200B__single.2495a50c4eab3755f338b5fe589dd52d,strict,200B,single,,WHOLESALE,WH​OLESALE,,
00718.2495a50c4eab3755f338b5fe589dd52d,00718__salted__strict__cp200C__single.2495a50c4eab3755f338b5fe589dd52d,strict,200C,single,,WHOLESALE,WH‌OLESALE,,
00718.2495a50c4eab3755f338b5fe589dd52d,00718__salted__strict__cp200D__single.2495a50c4eab3755f338b5fe589dd52d,strict,200D,single,,WHOLESALE,WH‍OLESALE,,
00718.2495a50c4eab3755f338b5fe589dd52d,00718__salted__strict__cp00AD__single.2495a50c4eab3755f338b5fe589dd52d,strict,00AD,single,,WHOLESALE,WH­OLESALE,,
00738.10deb784a63c0bdc5e78b019720f3e9f,00738__salted__strict__cp200B__single.10deb784a63c0bdc5e78b019720f3e9f,strict,200B,single,,Adv,Ad​v,,
00738.10deb784a63c0bdc5e78b019720f3e9f,00738__salted__strict__cp200C__single.10deb784a63c0bdc5e78b019720f3e9f,strict,200C,single,,Adv,Ad‌v,,
00738.10deb784a63c0bdc5e78b019720f3e9f,00738__salted__strict__cp200D__single.10deb784a63c0bdc5e78b019720f3e9f,strict,200D,single,,Adv,Ad‍v,,
00738.10deb784a63c0bdc5e78b019720f3e9f,00738__salted__strict__cp00AD__single.10deb784a63c0bdc5e78b019720f3e9f,strict,00AD,single,,Adv,Ad­v,,
00740.ce4777381c2bc6bee30bef6bd274233f,00740__salted__strict__cp200B__single.ce4777381c2bc6bee30bef6bd274233f,strict,200B,single,,Mortgage,Mo​rtgage,"mortgage, refinance, Mortgage","mo​rtgage, re​finance, Mo​rtgage"
00740.ce4777381c2bc6bee30bef6bd274233f,00740__salted__strict__cp200C__single.ce4777381c2bc6bee30bef6bd274233f,strict,200C,single,,Mortgage,Mo‌rtgage,"mortgage, refinance, Mortgage","mo‌rtgage, re‌finance, Mo‌rtgage"
00740.ce4777381c2bc6bee30bef6bd274233f,00740__salted__strict__cp200D__single.ce4777381c2bc6bee30bef6bd274233f,strict,200D,single,,Mortgage,Mo‍rtgage,"mortgage, refinance, Mortgage","mo‍rtgage, re‍finance, Mo‍rtgage"
00740.ce4777381c2bc6bee30bef6bd274233f,00740__salted__strict__cp00AD__single.ce4777381c2bc6bee30bef6bd274233f,strict,00AD,single,,Mortgage,Mo­rtgage,"mortgage, refinance, Mortgage","mo­rtgage, re­finance, Mo­rtgage"
00795.61fe820f7755e4b4e66e715ea667b338,00795__salted__strict__cp200B__single.61fe820f7755e4b4e66e715ea667b338,strict,200B,single,,,,"earn, earning","ea​rn, ea​rning"
00795.61fe820f7755e4b4e66e715ea667b338,00795__salted__strict__cp200C__single.61fe820f7755e4b4e66e715ea667b338,strict,200C,single,,,,"earn, earning","ea‌rn, ea‌rning"
00795.61fe820f7755e4b4e66e715ea667b338,00795__salted__strict__cp200D__single.61fe820f7755e4b4e66e715ea667b338,strict,200D,single,,,,"earn, earning","ea‍rn, ea‍rning"
00795.61fe820f7755e4b4e66e715ea667b338,00795__salted__strict__cp00AD__single.61fe820f7755e4b4e66e715ea667b338,strict,00AD,single,,,,"earn, earning","ea­rn, ea­rning"
00796.1f29c490fd2bd8581d19e3e193978a3d,00796__salted__strict__cp200B__single.1f29c490fd2bd8581d19e3e193978a3d,strict,200B,single,,GUARANTEED,GU​ARANTEED,,
00796.1f29c490fd2bd8581d19e3e193978a3d,00796__salted__strict__cp200C__single.1f29c490fd2bd8581d19e3e193978a3d,strict,200C,single,,GUARANTEED,GU‌ARANTEED,,
00796.1f29c490fd2bd8581d19e3e193978a3d,00796__salted__strict__cp200D__single.1f29c490fd2bd8581d19e3e193978a3d,strict,200D,single,,GUARANTEED,GU‍ARANTEED,,
00796.1f29c490fd2bd8581d19e3e193978a3d,00796__salted__strict__cp00AD__single.1f29c490fd2bd8581d19e3e193978a3d,strict,00AD,single,,GUARANTEED,GU­ARANTEED,,
00807.8abdd26ba778758f5e46b84a54ac62f4,00807__salted__strict__cp200B__single.8abdd26ba778758f5e46b84a54ac62f4,strict,200B,single,,,,"mortgage, loans","mo​rtgage, lo​ans"
00807.8abdd26ba778758f5e46b84a54ac62f4,00807__salted__strict__cp200C__single.8abdd26ba778758f5e46b84a54ac62f4,strict,200C,single,,,,"mortgage, loans","mo‌rtgage, lo‌ans"
00807.8abdd26ba778758f5e46b84a54ac62f4,00807__salted__strict__cp200D__single.8abdd26ba778758f5e46b84a54ac62f4,strict,200D,single,,,,"mortgage, loans","mo‍rtgage, lo‍ans"
00807.8abdd26ba778758f5e46b84a54ac62f4,00807__salted__strict__cp00AD__single.8abdd26ba778758f5e46b84a54ac62f4,strict,00AD,single,,,,"mortgage, loans","mo­rtgage, lo­ans"
00810.bceaa748f9cee012c466212d8a608acf,00810__salted__strict__cp200B__single.bceaa748f9cee012c466212d8a608acf,strict,200B,single,,,,"earning, MLM, earn","ea​rning, ML​M, ea​rn"
00810.bceaa748f9cee012c466212d8a608acf,00810__salted__strict__cp200C__single.bceaa748f9cee012c466212d8a608acf,strict,200C,single,,,,"earning, MLM, earn","ea‌rning, ML‌M, ea‌rn"
00810.bceaa748f9cee012c466212d8a608acf,00810__salted__strict__cp200D__single.bceaa748f9cee012c466212d8a608acf,strict,200D,single,,,,"earning, MLM, earn","ea‍rning, ML‍M, ea‍rn"
00810.bceaa748f9cee012c466212d8a608acf,00810__salted__strict__cp00AD__single.bceaa748f9cee012c466212d8a608acf,strict,00AD,single,,,,"earning, MLM, earn","ea­rning, ML­M, ea­rn"
00830.079ed7d24f78024e023b82417a6fe2ca,00830__salted__strict__cp200B__single.079ed7d24f78024e023b82417a6fe2ca,strict,200B,single,,,,"earn, GUARANTEED, resell","ea​rn, GU​ARANTEED, re​sell"
00830.079ed7d24f78024e023b82417a6fe2ca,00830__salted__strict__cp200C__single.079ed7d24f78024e023b82417a6fe2ca,strict,200C,single,,,,"earn, GUARANTEED, resell","ea‌rn, GU‌ARANTEED, re‌sell"
00830.079ed7d24f78024e023b82417a6fe2ca,00830__salted__strict__cp200D__single.079ed7d24f78024e023b82417a6fe2ca,strict,200D,single,,,,"earn, GUARANTEED, resell","ea‍rn, GU‍ARANTEED, re‍sell"
00830.079ed7d24f78024e023b82417a6fe2ca,00830__salted__strict__cp00AD__single.079ed7d24f78024e023b82417a6fe2ca,strict,00AD,single,,,,"earn, GUARANTEED, resell","ea­rn, GU­ARANTEED, re­sell"
00861.e8b94fc9514d2d2cbb541b01e2dda726,00861__salted__strict__cp200B__single.e8b94fc9514d2d2cbb541b01e2dda726,strict,200B,single,,,,"promotion, mailings, DeathToSpamDeathToSpamDeathToSpam","pr​omotion, ma​ilings, De​athToSpamDeathToSpamDeathToSpam"
00861.e8b94fc9514d2d2cbb541b01e2dda726,00861__salted__strict__cp200C__single.e8b94fc9514d2d2cbb541b01e2dda726,strict,200C,single,,,,"promotion, mailings, DeathToSpamDeathToSpamDeathToSpam","pr‌omotion, ma‌ilings, De‌athToSpamDeathToSpamDeathToSpam"
00861.e8b94fc9514d2d2cbb541b01e2dda726,00861__salted__strict__cp200D__single.e8b94fc9514d2d2cbb541b01e2dda726,strict,200D,single,,,,"promotion, mailings, DeathToSpamDeathToSpamDeathToSpam","pr‍omotion, ma‍ilings, De‍athToSpamDeathToSpamDeathToSpam"
00861.e8b94fc9514d2d2cbb541b01e2dda726,00861__salted__strict__cp00AD__single.e8b94fc9514d2d2cbb541b01e2dda726,strict,00AD,single,,,,"promotion, mailings, DeathToSpamDeathToSpamDeathToSpam","pr­omotion, ma­ilings, De­athToSpamDeathToSpamDeathToSpam"
00891.730d12d96dcfa7812a51d12d9a3b6a1c,00891__salted__strict__cp200B__single.730d12d96dcfa7812a51d12d9a3b6a1c,strict,200B,single,,,,"assistance, deposit, assistance","as​sistance, de​posit, as​sistance"
00891.730d12d96dcfa7812a51d12d9a3b6a1c,00891__salted__strict__cp200C__single.730d12d96dcfa7812a51d12d9a3b6a1c,strict,200C,single,,,,"assistance, deposit, assistance","as‌sistance, de‌posit, as‌sistance"
00891.730d12d96dcfa7812a51d12d9a3b6a1c,00891__salted__strict__cp200D__single.730d12d96dcfa7812a51d12d9a3b6a1c,strict,200D,single,,,,"assistance, deposit, assistance","as‍sistance, de‍posit, as‍sistance"
00891.730d12d96dcfa7812a51d12d9a3b6a1c,00891__salted__strict__cp00AD__single.730d12d96dcfa7812a51d12d9a3b6a1c,strict,00AD,single,,,,"assistance, deposit, assistance","as­sistance, de­posit, as­sistance"
00925.6ba2770acb214c661a26e54b4d03c119,00925__salted__strict__cp200B__single.6ba2770acb214c661a26e54b4d03c119,strict,200B,single,,ADV,AD​V,toll,to​ll
00925.6ba2770acb214c661a26e54b4d03c119,00925__salted__strict__cp200C__single.6ba2770acb214c661a26e54b4d03c119,strict,200C,single,,ADV,AD‌V,toll,to‌ll
00925.6ba2770acb214c661a26e54b4d03c119,00925__salted__strict__cp200D__single.6ba2770acb214c661a26e54b4d03c119,strict,200D,single,,ADV,AD‍V,toll,to‍ll
00925.6ba2770acb214c661a26e54b4d03c119,00925__salted__strict__cp00AD__single.6ba2770acb214c661a26e54b4d03c119,strict,00AD,single,,ADV,AD­V,toll,to­ll
00939.8d335bc76836e51b449de9f6b38aa0f8,00939__salted__strict__cp200B__single.8d335bc76836e51b449de9f6b38aa0f8,strict,200B,single,,,,"promotion, DeathToSpamDeathToSpamDeathToSpam","pr​omotion, De​athToSpamDeathToSpamDeathToSpam"
00939.8d335bc76836e51b449de9f6b38aa0f8,00939__salted__strict__cp200C__single.8d335bc76836e51b449de9f6b38aa0f8,strict,200C,single,,,,"promotion, DeathToSpamDeathToSpamDeathToSpam","pr‌omotion, De‌athToSpamDeathToSpamDeathToSpam"
00939.8d335bc76836e51b449de9f6b38aa0f8,00939__salted__strict__cp200D__single.8d335bc76836e51b449de9f6b38aa0f8,strict,200D,single,,,,"promotion, DeathToSpamDeathToSpamDeathToSpam","pr‍omotion, De‍athToSpamDeathToSpamDeathToSpam"
00939.8d335bc76836e51b449de9f6b38aa0f8,00939__salted__strict__cp00AD__single.8d335bc76836e51b449de9f6b38aa0f8,strict,00AD,single,,,,"promotion, DeathToSpamDeathToSpamDeathToSpam","pr­omotion, De­athToSpamDeathToSpamDeathToSpam"
00940.33bee147237876bc1f28b1bf21b586a0,00940__salted__strict__cp200B__single.33bee147237876bc1f28b1bf21b586a0,strict,200B,single,,Assistance,As​sistance,"Nigeria, assistance, Nigeria","Ni​geria, as​sistance, Ni​geria"
00940.33bee147237876bc1f28b1bf21b586a0,00940__salted__strict__cp200C__single.33bee147237876bc1f28b1bf21b586a0,strict,200C,single,,Assistance,As‌sistance,"Nigeria, assistance, Nigeria","Ni‌geria, as‌sistance, Ni‌geria"
00940.33bee147237876bc1f28b1bf21b586a0,00940__salted__strict__cp200D__single.33bee147237876bc1f28b1bf21b586a0,strict,200D,single,,Assistance,As‍sistance,"Nigeria, assistance, Nigeria","Ni‍geria, as‍sistance, Ni‍geria"
00940.33bee147237876bc1f28b1bf21b586a0,00940__salted__strict__cp00AD__single.33bee147237876bc1f28b1bf21b586a0,strict,00AD,single,,Assistance,As­sistance,"Nigeria, assistance, Nigeria","Ni­geria, as­sistance, Ni­geria"
00947.e4d80402e902f1ea42cfc539bb279afd,00947__salted__strict__cp200B__single.e4d80402e902f1ea42cfc539bb279afd,strict,200B,single,,cartridges,ca​rtridges,,
00947.e4d80402e902f1ea42cfc539bb279afd,00947__salted__strict__cp200C__single.e4d80402e902f1ea42cfc539bb279afd,strict,200C,single,,cartridges,ca‌rtridges,,
00947.e4d80402e902f1ea42cfc539bb279afd,00947__salted__strict__cp200D__single.e4d80402e902f1ea42cfc539bb279afd,strict,200D,single,,cartridges,ca‍rtridges,,
00947.e4d80402e902f1ea42cfc539bb279afd,00947__salted__strict__cp00AD__single.e4d80402e902f1ea42cfc539bb279afd,strict,00AD,single,,cartridges,ca­rtridges,,
00956.bd15831ffe9661a5395b8ec491a4fed2,00956__salted__strict__cp200B__single.bd15831ffe9661a5395b8ec491a4fed2,strict,200B,single,,Cartridges,Ca​rtridges,,
00956.bd15831ffe9661a5395b8ec491a4fed2,00956__salted__strict__cp200C__single.bd15831ffe9661a5395b8ec491a4fed2,strict,200C,single,,Cartridges,Ca‌rtridges,,
00956.bd15831ffe9661a5395b8ec491a4fed2,00956__salted__strict__cp200D__single.bd15831ffe9661a5395b8ec491a4fed2,strict,200D,single,,Cartridges,Ca‍rtridges,,
00956.bd15831ffe9661a5395b8ec491a4fed2,00956__salted__strict__cp00AD__single.bd15831ffe9661a5395b8ec491a4fed2,strict,00AD,single,,Cartridges,Ca­rtridges,,
00962.452e4bd0724bf1139c9bc4eb9ec0fe43,00962__salted__strict__cp200B__single.452e4bd0724bf1139c9bc4eb9ec0fe43,strict,200B,single,,cartridges,ca​rtridges,,
00962.452e4bd0724bf1139c9bc4eb9ec0fe43,00962__salted__strict__cp200C__single.452e4bd0724bf1139c9bc4eb9ec0fe43,strict,200C,single,,cartridges,ca‌rtridges,,
00962.452e4bd0724bf1139c9bc4eb9ec0fe43,00962__salted__strict__cp200D__single.452e4bd0724bf1139c9bc4eb9ec0fe43,strict,200D,single,,cartridges,ca‍rtridges,,
00962.452e4bd0724bf1139c9bc4eb9ec0fe43,00962__salted__strict__cp00AD__single.452e4bd0724bf1139c9bc4eb9ec0fe43,strict,00AD,single,,cartridges,ca­rtridges,,
00973.ca8a425093e9994271e922f4d60f775c,00973__salted__strict__cp200B__single.ca8a425093e9994271e922f4d60f775c,strict,200B,single,,,,DeathToSpamDeathToSpamDeathToSpam,De​athToSpamDeathToSpamDeathToSpam
00973.ca8a425093e9994271e922f4d60f775c,00973__salted__strict__cp200C__single.ca8a425093e9994271e922f4d60f775c,strict,200C,single,,,,DeathToSpamDeathToSpamDeathToSpam,De‌athToSpamDeathToSpamDeathToSpam
00973.ca8a425093e9994271e922f4d60f775c,00973__salted__strict__cp200D__single.ca8a425093e9994271e922f4d60f775c,strict,200D,single,,,,DeathToSpamDeathToSpamDeathToSpam,De‍athToSpamDeathToSpamDeathToSpam
00973.ca8a425093e9994271e922f4d60f775c,00973__salted__strict__cp00AD__single.ca8a425093e9994271e922f4d60f775c,strict,00AD,single,,,,DeathToSpamDeathToSpamDeathToSpam,De­athToSpamDeathToSpamDeathToSpam
01008.5e932696d8f33950af53eb9461a014a2,01008__salted__strict__cp200B__single.5e932696d8f33950af53eb9461a014a2,strict,200B,single,,,,"promotional, guaranteed, guaranteed","pr​omotional, gu​aranteed, gu​aranteed"
01008.5e932696d8f33950af53eb9461a014a2,01008__salted__strict__cp200C__single.5e932696d8f33950af53eb9461a014a2,strict,200C,single,,,,"promotional, guaranteed, guaranteed","pr‌omotional, gu‌aranteed, gu‌aranteed"
01008.5e932696d8f33950af53eb9461a014a2,01008__salted__strict__cp200D__single.5e932696d8f33950af53eb9461a014a2,strict,200D,single,,,,"promotional, guaranteed, guaranteed","pr‍omotional, gu‍aranteed, gu‍aranteed"
01008.5e932696d8f33950af53eb9461a014a2,01008__salted__strict__cp00AD__single.5e932696d8f33950af53eb9461a014a2,strict,00AD,single,,,,"promotional, guaranteed, guaranteed","pr­omotional, gu­aranteed, gu­aranteed"
01011.d4812088cad8553fb214dab8003add9b,01011__salted__strict__cp200B__single.d4812088cad8553fb214dab8003add9b,strict,200B,single,,,,"assistance, Nigeria, assistance","as​sistance, Ni​geria, as​sistance"
01011.d4812088cad8553fb214dab8003add9b,01011__salted__strict__cp200C__single.d4812088cad8553fb214dab8003add9b,strict,200C,single,,,,"assistance, Nigeria, assistance","as‌sistance, Ni‌geria, as‌sistance"
01011.d4812088cad8553fb214dab8003add9b,01011__salted__strict__cp200D__single.d4812088cad8553fb214dab8003add9b,strict,200D,single,,,,"assistance, Nigeria, assistance","as‍sistance, Ni‍geria, as‍sistance"
01011.d4812088cad8553fb214dab8003add9b,01011__salted__strict__cp00AD__single.d4812088cad8553fb214dab8003add9b,strict,00AD,single,,,,"assistance, Nigeria, assistance","as­sistance, Ni­geria, as­sistance"
01014.98c1d0a70f88efb979d9ca65e945363e,01014__salted__strict__cp200B__single.98c1d0a70f88efb979d9ca65e945363e,strict,200B,single,,,,mailings,ma​ilings
01014.98c1d0a70f88efb979d9ca65e945363e,01014__salted__strict__cp200C__single.98c1d0a70f88efb979d9ca65e945363e,strict,200C,single,,,,mailings,ma‌ilings
01014.98c1d0a70f88efb979d9ca65e945363e,01014__salted__strict__cp200D__single.98c1d0a70f88efb979d9ca65e945363e,strict,200D,single,,,,mailings,ma‍ilings
01014.98c1d0a70f88efb979d9ca65e945363e,01014__salted__strict__cp00AD__single.98c1d0a70f88efb979d9ca65e945363e,strict,00AD,single,,,,mailings,ma­ilings
01016.ac6ce255291deba2f46cdd8ddba3ea01,01016__salted__strict__cp200B__single.ac6ce255291deba2f46cdd8ddba3ea01,strict,200B,single,,cartridges,ca​rtridges,,
01016.ac6ce255291deba2f46cdd8ddba3ea01,01016__salted__strict__cp200C__single.ac6ce255291deba2f46cdd8ddba3ea01,strict,200C,single,,cartridges,ca‌rtridges,,
01016.ac6ce255291deba2f46cdd8ddba3ea01,01016__salted__strict__cp200D__single.ac6ce255291deba2f46cdd8ddba3ea01,strict,200D,single,,cartridges,ca‍rtridges,,
01016.ac6ce255291deba2f46cdd8ddba3ea01,01016__salted__strict__cp00AD__single.ac6ce255291deba2f46cdd8ddba3ea01,strict,00AD,single,,cartridges,ca­rtridges,,
01075.07ee7f1ab5ad6659c47baa5ef3691a80,01075__salted__strict__cp200B__single.07ee7f1ab5ad6659c47baa5ef3691a80,strict,200B,single,,,,"Promotion, DeathToSpamDeathToSpamDeathToSpam","Pr​omotion, De​athToSpamDeathToSpamDeathToSpam"
01075.07ee7f1ab5ad6659c47baa5ef3691a80,01075__salted__strict__cp200C__single.07ee7f1ab5ad6659c47baa5ef3691a80,strict,200C,single,,,,"Promotion, DeathToSpamDeathToSpamDeathToSpam","Pr‌omotion, De‌athToSpamDeathToSpamDeathToSpam"
01075.07ee7f1ab5ad6659c47baa5ef3691a80,01075__salted__strict__cp200D__single.07ee7f1ab5ad6659c47baa5ef3691a80,strict,200D,single,,,,"Promotion, DeathToSpamDeathToSpamDeathToSpam","Pr‍omotion, De‍athToSpamDeathToSpamDeathToSpam"
01075.07ee7f1ab5ad6659c47baa5ef3691a80,01075__salted__strict__cp00AD__single.07ee7f1ab5ad6659c47baa5ef3691a80,strict,00AD,single,,,,"Promotion, DeathToSpamDeathToSpamDeathToSpam","Pr­omotion, De­athToSpamDeathToSpamDeathToSpam"
01079.9eb95fd88f3d9d551f8c64359470ae7e,01079__salted__strict__cp200B__single.9eb95fd88f3d9d551f8c64359470ae7e,strict,200B,single,,cartridges,ca​rtridges,,
01079.9eb95fd88f3d9d551f8c64359470ae7e,01079__salted__strict__cp200C__single.9eb95fd88f3d9d551f8c64359470ae7e,strict,200C,single,,cartridges,ca‌rtridges,,
01079.9eb95fd88f3d9d551f8c64359470ae7e,01079__salted__strict__cp200D__single.9eb95fd88f3d9d551f8c64359470ae7e,strict,200D,single,,cartridges,ca‍rtridges,,
01079.9eb95fd88f3d9d551f8c64359470ae7e,01079__salted__strict__cp00AD__single.9eb95fd88f3d9d551f8c64359470ae7e,strict,00AD,single,,cartridges,ca­rtridges,,
01130.f286229e3c2eeb5c682204de85d903c0,01130__salted__strict__cp200B__single.f286229e3c2eeb5c682204de85d903c0,strict,200B,single,,SYSTEMWORKS,SY​STEMWORKS,,
01130.f286229e3c2eeb5c682204de85d903c0,01130__salted__strict__cp200C__single.f286229e3c2eeb5c682204de85d903c0,strict,200C,single,,SYSTEMWORKS,SY‌STEMWORKS,,
01130.f286229e3c2eeb5c682204de85d903c0,01130__salted__strict__cp200D__single.f286229e3c2eeb5c682204de85d903c0,strict,200D,single,,SYSTEMWORKS,SY‍STEMWORKS,,
01130.f286229e3c2eeb5c682204de85d903c0,01130__salted__strict__cp00AD__single.f286229e3c2eeb5c682204de85d903c0,strict,00AD,single,,SYSTEMWORKS,SY­STEMWORKS,,
01132.3d0e60ced92087634f1433f12810096d,01132__salted__strict__cp200B__single.3d0e60ced92087634f1433f12810096d,strict,200B,single,,,,"guaranteed, btamail, guaranteed","gu​aranteed, bt​amail, gu​aranteed"
01132.3d0e60ced92087634f1433f12810096d,01132__salted__strict__cp200C__single.3d0e60ced92087634f1433f12810096d,strict,200C,single,,,,"guaranteed, btamail, guaranteed","gu‌aranteed, bt‌amail, gu‌aranteed"
01132.3d0e60ced92087634f1433f12810096d,01132__salted__strict__cp200D__single.3d0e60ced92087634f1433f12810096d,strict,200D,single,,,,"guaranteed, btamail, guaranteed","gu‍aranteed, bt‍amail, gu‍aranteed"
01132.3d0e60ced92087634f1433f12810096d,01132__salted__strict__cp00AD__single.3d0e60ced92087634f1433f12810096d,strict,00AD,single,,,,"guaranteed, btamail, guaranteed","gu­aranteed, bt­amail, gu­aranteed"
01145.a34477ade6db9376e4f8ccbfa8607881,01145__salted__strict__cp200B__single.a34477ade6db9376e4f8ccbfa8607881,strict,200B,single,,MORTGAGE,MO​RTGAGE,"lenders, Loans, Consultation","le​nders, Lo​ans, Co​nsultation"
01145.a34477ade6db9376e4f8ccbfa8607881,01145__salted__strict__cp200C__single.a34477ade6db9376e4f8ccbfa8607881,strict,200C,single,,MORTGAGE,MO‌RTGAGE,"lenders, Loans, Consultation","le‌nders, Lo‌ans, Co‌nsultation"
01145.a34477ade6db9376e4f8ccbfa8607881,01145__salted__strict__cp200D__single.a34477ade6db9376e4f8ccbfa8607881,strict,200D,single,,MORTGAGE,MO‍RTGAGE,"lenders, Loans, Consultation","le‍nders, Lo‍ans, Co‍nsultation"
01145.a34477ade6db9376e4f8ccbfa8607881,01145__salted__strict__cp00AD__single.a34477ade6db9376e4f8ccbfa8607881,strict,00AD,single,,MORTGAGE,MO­RTGAGE,"lenders, Loans, Consultation","le­nders, Lo­ans, Co­nsultation"
01151.e295c81d698d58f43f17bde22076cbef,01151__salted__strict__cp200B__single.e295c81d698d58f43f17bde22076cbef,strict,200B,single,,,,"Nigeria, Nigeria, Nigeria","Ni​geria, Ni​geria, Ni​geria"
01151.e295c81d698d58f43f17bde22076cbef,01151__salted__strict__cp200C__single.e295c81d698d58f43f17bde22076cbef,strict,200C,single,,,,"Nigeria, Nigeria, Nigeria","Ni‌geria, Ni‌geria, Ni‌geria"
01151.e295c81d698d58f43f17bde22076cbef,01151__salted__strict__cp200D__single.e295c81d698d58f43f17bde22076cbef,strict,200D,single,,,,"Nigeria, Nigeria, Nigeria","Ni‍geria, Ni‍geria, Ni‍geria"
01151.e295c81d698d58f43f17bde22076cbef,01151__salted__strict__cp00AD__single.e295c81d698d58f43f17bde22076cbef,strict,00AD,single,,,,"Nigeria, Nigeria, Nigeria","Ni­geria, Ni­geria, Ni­geria"
01158.5acbdb7eb695f96c08d960a56058481d,01158__salted__strict__cp200B__single.5acbdb7eb695f96c08d960a56058481d,strict,200B,single,,Refinance,Re​finance,"Refinance, mortgage, Mortgage","Re​finance, mo​rtgage, Mo​rtgage"
01158.5acbdb7eb695f96c08d960a56058481d,01158__salted__strict__cp200C__single.5acbdb7eb695f96c08d960a56058481d,strict,200C,single,,Refinance,Re‌finance,"Refinance, mortgage, Mortgage","Re‌finance, mo‌rtgage, Mo‌rtgage"
01158.5acbdb7eb695f96c08d960a56058481d,01158__salted__strict__cp200D__single.5acbdb7eb695f96c08d960a56058481d,strict,200D,single,,Refinance,Re‍finance,"Refinance, mortgage, Mortgage","Re‍finance, mo‍rtgage, Mo‍rtgage"
01158.5acbdb7eb695f96c08d960a56058481d,01158__salted__strict__cp00AD__single.5acbdb7eb695f96c08d960a56058481d,strict,00AD,single,,Refinance,Re­finance,"Refinance, mortgage, Mortgage","Re­finance, mo­rtgage, Mo­rtgage"
01165.8c661bf07a1a7a5fe8a9efc2439d17a1,01165__salted__strict__cp200B__single.8c661bf07a1a7a5fe8a9efc2439d17a1,strict,200B,single,,,,"mortgage, refinance, Mortgage","mo​rtgage, re​finance, Mo​rtgage"
01165.8c661bf07a1a7a5fe8a9efc2439d17a1,01165__salted__strict__cp200C__single.8c661bf07a1a7a5fe8a9efc2439d17a1,strict,200C,single,,,,"mortgage, refinance, Mortgage","mo‌rtgage, re‌finance, Mo‌rtgage"
01165.8c661bf07a1a7a5fe8a9efc2439d17a1,01165__salted__strict__cp200D__single.8c661bf07a1a7a5fe8a9efc2439d17a1,strict,200D,single,,,,"mortgage, refinance, Mortgage","mo‍rtgage, re‍finance, Mo‍rtgage"
01165.8c661bf07a1a7a5fe8a9efc2439d17a1,01165__salted__strict__cp00AD__single.8c661bf07a1a7a5fe8a9efc2439d17a1,strict,00AD,single,,,,"mortgage, refinance, Mortgage","mo­rtgage, re­finance, Mo­rtgage"
01167.2ac57a0189fa2b8713202b84e587b707,01167__salted__strict__cp200B__single.2ac57a0189fa2b8713202b84e587b707,strict,200B,single,,Postal,Po​stal,,
01167.2ac57a0189fa2b8713202b84e587b707,01167__salted__strict__cp200C__single.2ac57a0189fa2b8713202b84e587b707,strict,200C,single,,Postal,Po‌stal,,
01167.2ac57a0189fa2b8713202b84e587b707,01167__salted__strict__cp200D__single.2ac57a0189fa2b8713202b84e587b707,strict,200D,single,,Postal,Po‍stal,,
01167.2ac57a0189fa2b8713202b84e587b707,01167__salted__strict__cp00AD__single.2ac57a0189fa2b8713202b84e587b707,strict,00AD,single,,Postal,Po­stal,,
01169.4e5cf6c3e8863047dbba1bfca2ebab97,01169__salted__strict__cp200B__single.4e5cf6c3e8863047dbba1bfca2ebab97,strict,200B,single,,,,GUARANTEED,GU​ARANTEED
01169.4e5cf6c3e8863047dbba1bfca2ebab97,01169__salted__strict__cp200C__single.4e5cf6c3e8863047dbba1bfca2ebab97,strict,200C,single,,,,GUARANTEED,GU‌ARANTEED
01169.4e5cf6c3e8863047dbba1bfca2ebab97,01169__salted__strict__cp200D__single.4e5cf6c3e8863047dbba1bfca2ebab97,strict,200D,single,,,,GUARANTEED,GU‍ARANTEED
01169.4e5cf6c3e8863047dbba1bfca2ebab97,01169__salted__strict__cp00AD__single.4e5cf6c3e8863047dbba1bfca2ebab97,strict,00AD,single,,,,GUARANTEED,GU­ARANTEED
01203.f4c9144a594fb81ff323053fbd626a55,01203__salted__strict__cp200B__single.f4c9144a594fb81ff323053fbd626a55,strict,200B,single,,GUARANTEED,GU​ARANTEED,"mortgage, loans","mo​rtgage, lo​ans"
01203.f4c9144a594fb81ff323053fbd626a55,01203__salted__strict__cp200C__single.f4c9144a594fb81ff323053fbd626a55,strict,200C,single,,GUARANTEED,GU‌ARANTEED,"mortgage, loans","mo‌rtgage, lo‌ans"
01203.f4c9144a594fb81ff323053fbd626a55,01203__salted__strict__cp200D__single.f4c9144a594fb81ff323053fbd626a55,strict,200D,single,,GUARANTEED,GU‍ARANTEED,"mortgage, loans","mo‍rtgage, lo‍ans"
01203.f4c9144a594fb81ff323053fbd626a55,01203__salted__strict__cp00AD__single.f4c9144a594fb81ff323053fbd626a55,strict,00AD,single,,GUARANTEED,GU­ARANTEED,"mortgage, loans","mo­rtgage, lo­ans"
01216.e293653cab0c486ba135cf8fbe6700fc,01216__salted__strict__cp200B__single.e293653cab0c486ba135cf8fbe6700fc,strict,200B,single,,HGH,HG​H,,
01216.e293653cab0c486ba135cf8fbe6700fc,01216__salted__strict__cp200C__single.e293653cab0c486ba135cf8fbe6700fc,strict,200C,single,,HGH,HG‌H,,
01216.e293653cab0c486ba135cf8fbe6700fc,01216__salted__strict__cp200D__single.e293653cab0c486ba135cf8fbe6700fc,strict,200D,single,,HGH,HG‍H,,
01216.e293653cab0c486ba135cf8fbe6700fc,01216__salted__strict__cp00AD__single.e293653cab0c486ba135cf8fbe6700fc,strict,00AD,single,,HGH,HG­H,,
01230.0589bade8df0c343a49c6712f62dfca0,01230__salted__strict__cp200B__single.0589bade8df0c343a49c6712f62dfca0,strict,200B,single,,,,"Guaranteed, Guaranteed, guaranteed","Gu​aranteed, Gu​aranteed, gu​aranteed"
01230.0589bade8df0c343a49c6712f62dfca0,01230__salted__strict__cp200C__single.0589bade8df0c343a49c6712f62dfca0,strict,200C,single,,,,"Guaranteed, Guaranteed, guaranteed","Gu‌aranteed, Gu‌aranteed, gu‌aranteed"
01230.0589bade8df0c343a49c6712f62dfca0,01230__salted__strict__cp200D__single.0589bade8df0c343a49c6712f62dfca0,strict,200D,single,,,,"Guaranteed, Guaranteed, guaranteed","Gu‍aranteed, Gu‍aranteed, gu‍aranteed"
01230.0589bade8df0c343a49c6712f62dfca0,01230__salted__strict__cp00AD__single.0589bade8df0c343a49c6712f62dfca0,strict,00AD,single,,,,"Guaranteed, Guaranteed, guaranteed","Gu­aranteed, Gu­aranteed, gu­aranteed"
01236.903d52340bf3ed1a328b039bcd94e1c9,01236__salted__strict__cp200B__single.903d52340bf3ed1a328b039bcd94e1c9,strict,200B,single,,cartridges,ca​rtridges,,
01236.903d52340bf3ed1a328b039bcd94e1c9,01236__salted__strict__cp200C__single.903d52340bf3ed1a328b039bcd94e1c9,strict,200C,single,,cartridges,ca‌rtridges,,
01236.903d52340bf3ed1a328b039bcd94e1c9,01236__salted__strict__cp200D__single.903d52340bf3ed1a328b039bcd94e1c9,strict,200D,single,,cartridges,ca‍rtridges,,
01236.903d52340bf3ed1a328b039bcd94e1c9,01236__salted__strict__cp00AD__single.903d52340bf3ed1a328b039bcd94e1c9,strict,00AD,single,,cartridges,ca­rtridges,,
01240.7d6ae3682a3dd3fe457516b188eb105c,01240__salted__strict__cp200B__single.7d6ae3682a3dd3fe457516b188eb105c,strict,200B,single,,assistance,as​sistance,NIGERIA,NI​GERIA
01240.7d6ae3682a3dd3fe457516b188eb105c,01240__salted__strict__cp200C__single.7d6ae3682a3dd3fe457516b188eb105c,strict,200C,single,,assistance,as‌sistance,NIGERIA,NI‌GERIA
01240.7d6ae3682a3dd3fe457516b188eb105c,01240__salted__strict__cp200D__single.7d6ae3682a3dd3fe457516b188eb105c,strict,200D,single,,assistance,as‍sistance,NIGERIA,NI‍GERIA
01240.7d6ae3682a3dd3fe457516b188eb105c,01240__salted__strict__cp00AD__single.7d6ae3682a3dd3fe457516b188eb105c,strict,00AD,single,,assistance,as­sistance,NIGERIA,NI­GERIA
01242.3743099b115c6a8a273d8eca34a9c738,01242__salted__strict__cp200B__single.3743099b115c6a8a273d8eca34a9c738,strict,200B,single,,Cartridges,Ca​rtridges,,
01242.3743099b115c6a8a273d8eca34a9c738,01242__salted__strict__cp200C__single.3743099b115c6a8a273d8eca34a9c738,strict,200C,single,,Cartridges,Ca‌rtridges,,
01242.3743099b115c6a8a273d8eca34a9c738,01242__salted__strict__cp200D__single.3743099b115c6a8a273d8eca34a9c738,strict,200D,single,,Cartridges,Ca‍rtridges,,
01242.3743099b115c6a8a273d8eca34a9c738,01242__salted__strict__cp00AD__single.3743099b115c6a8a273d8eca34a9c738,strict,00AD,single,,Cartridges,Ca­rtridges,,
01250.2bfc033f9ced1c70e480ec75b0094431,01250__salted__strict__cp200B__single.2bfc033f9ced1c70e480ec75b0094431,strict,200B,single,,,,mailings,ma​ilings
01250.2bfc033f9ced1c70e480ec75b0094431,01250__salted__strict__cp200C__single.2bfc033f9ced1c70e480ec75b0094431,strict,200C,single,,,,mailings,ma‌ilings
01250.2bfc033f9ced1c70e480ec75b0094431,01250__salted__strict__cp200D__single.2bfc033f9ced1c70e480ec75b0094431,strict,200D,single,,,,mailings,ma‍ilings
01250.2bfc033f9ced1c70e480ec75b0094431,01250__salted__strict__cp00AD__single.2bfc033f9ced1c70e480ec75b0094431,strict,00AD,single,,,,mailings,ma­ilings
01253.26e421b9623002d636c29f79f68a58fb,01253__salted__strict__cp200B__single.26e421b9623002d636c29f79f68a58fb,strict,200B,single,,cartridges,ca​rtridges,,
01253.26e421b9623002d636c29f79f68a58fb,01253__salted__strict__cp200C__single.26e421b9623002d636c29f79f68a58fb,strict,200C,single,,cartridges,ca‌rtridges,,
01253.26e421b9623002d636c29f79f68a58fb,01253__salted__strict__cp200D__single.26e421b9623002d636c29f79f68a58fb,strict,200D,single,,cartridges,ca‍rtridges,,
01253.26e421b9623002d636c29f79f68a58fb,01253__salted__strict__cp00AD__single.26e421b9623002d636c29f79f68a58fb,strict,00AD,single,,cartridges,ca­rtridges,,
01255.e04eae4539f81463a930dfe44ebd6af8,01255__salted__strict__cp200B__single.e04eae4539f81463a930dfe44ebd6af8,strict,200B,single,,HGH,HG​H,,
01255.e04eae4539f81463a930dfe44ebd6af8,01255__salted__strict__cp200C__single.e04eae4539f81463a930dfe44ebd6af8,strict,200C,single,,HGH,HG‌H,,
01255.e04eae4539f81463a930dfe44ebd6af8,01255__salted__strict__cp200D__single.e04eae4539f81463a930dfe44ebd6af8,strict,200D,single,,HGH,HG‍H,,
01255.e04eae4539f81463a930dfe44ebd6af8,01255__salted__strict__cp00AD__single.e04eae4539f81463a930dfe44ebd6af8,strict,00AD,single,,HGH,HG­H,,
01259.b4dff1ed93bc931b271888cd42e41b85,01259__salted__strict__cp200B__single.b4dff1ed93bc931b271888cd42e41b85,strict,200B,single,,,,"attained, Wholesale, herbal","at​tained, Wh​olesale, he​rbal"
01259.b4dff1ed93bc931b271888cd42e41b85,01259__salted__strict__cp200C__single.b4dff1ed93bc931b271888cd42e41b85,strict,200C,single,,,,"attained, Wholesale, herbal","at‌tained, Wh‌olesale, he‌rbal"
01259.b4dff1ed93bc931b271888cd42e41b85,01259__salted__strict__cp200D__single.b4dff1ed93bc931b271888cd42e41b85,strict,200D,single,,,,"attained, Wholesale, herbal","at‍tained, Wh‍olesale, he‍rbal"
01259.b4dff1ed93bc931b271888cd42e41b85,01259__salted__strict__cp00AD__single.b4dff1ed93bc931b271888cd42e41b85,strict,00AD,single,,,,"attained, Wholesale, herbal","at­tained, Wh­olesale, he­rbal"
01267.6e9de9ba20f59c26028ebdb4550685fb,01267__salted__strict__cp200B__single.6e9de9ba20f59c26028ebdb4550685fb,strict,200B,single,,SYSTEMWORKS,SY​STEMWORKS,,
01267.6e9de9ba20f59c26028ebdb4550685fb,01267__salted__strict__cp200C__single.6e9de9ba20f59c26028ebdb4550685fb,strict,200C,single,,SYSTEMWORKS,SY‌STEMWORKS,,
01267.6e9de9ba20f59c26028ebdb4550685fb,01267__salted__strict__cp200D__single.6e9de9ba20f59c26028ebdb4550685fb,strict,200D,single,,SYSTEMWORKS,SY‍STEMWORKS,,
01267.6e9de9ba20f59c26028ebdb4550685fb,01267__salted__strict__cp00AD__single.6e9de9ba20f59c26028ebdb4550685fb,strict,00AD,single,,SYSTEMWORKS,SY­STEMWORKS,,
01280.34dde162b3c6b2e873fc9f094d28b0fd,01280__salted__strict__cp200B__single.34dde162b3c6b2e873fc9f094d28b0fd,strict,200B,single,,,,"wholesale, mailings","wh​olesale, ma​ilings"
01280.34dde162b3c6b2e873fc9f094d28b0fd,01280__salted__strict__cp200C__single.34dde162b3c6b2e873fc9f094d28b0fd,strict,200C,single,,,,"wholesale, mailings","wh‌olesale, ma‌ilings"
01280.34dde162b3c6b2e873fc9f094d28b0fd,01280__salted__strict__cp200D__single.34dde162b3c6b2e873fc9f094d28b0fd,strict,200D,single,,,,"wholesale, mailings","wh‍olesale, ma‍ilings"
01280.34dde162b3c6b2e873fc9f094d28b0fd,01280__salted__strict__cp00AD__single.34dde162b3c6b2e873fc9f094d28b0fd,strict,00AD,single,,,,"wholesale, mailings","wh­olesale, ma­ilings"
01308.c46f1215ccd8cedf162e0cf308b94dcd,01308__salted__strict__cp200B__single.c46f1215ccd8cedf162e0cf308b94dcd,strict,200B,single,,,,"ATTAINED, testimonials, GUARANTEED","AT​TAINED, te​stimonials, GU​ARANTEED"
01308.c46f1215ccd8cedf162e0cf308b94dcd,01308__salted__strict__cp200C__single.c46f1215ccd8cedf162e0cf308b94dcd,strict,200C,single,,,,"ATTAINED, testimonials, GUARANTEED","AT‌TAINED, te‌stimonials, GU‌ARANTEED"
01308.c46f1215ccd8cedf162e0cf308b94dcd,01308__salted__strict__cp200D__single.c46f1215ccd8cedf162e0cf308b94dcd,strict,200D,single,,,,"ATTAINED, testimonials, GUARANTEED","AT‍TAINED, te‍stimonials, GU‍ARANTEED"
01308.c46f1215ccd8cedf162e0cf308b94dcd,01308__salted__strict__cp00AD__single.c46f1215ccd8cedf162e0cf308b94dcd,strict,00AD,single,,,,"ATTAINED, testimonials, GUARANTEED","AT­TAINED, te­stimonials, GU­ARANTEED"
01311.43bfe86df65d53c5f7ca2365dc12582b,01311__salted__strict__cp200B__single.43bfe86df65d53c5f7ca2365dc12582b,strict,200B,single,,mortgage,mo​rtgage,,
01311.43bfe86df65d53c5f7ca2365dc12582b,01311__salted__strict__cp200C__single.43bfe86df65d53c5f7ca2365dc12582b,strict,200C,single,,mortgage,mo‌rtgage,,
01311.43bfe86df65d53c5f7ca2365dc12582b,01311__salted__strict__cp200D__single.43bfe86df65d53c5f7ca2365dc12582b,strict,200D,single,,mortgage,mo‍rtgage,,
01311.43bfe86df65d53c5f7ca2365dc12582b,01311__salted__strict__cp00AD__single.43bfe86df65d53c5f7ca2365dc12582b,strict,00AD,single,,mortgage,mo­rtgage,,
01335.ca70ab7f2d1accef8b3cf646e3004ef8,01335__salted__strict__cp200B__single.ca70ab7f2d1accef8b3cf646e3004ef8,strict,200B,single,,mortgage,mo​rtgage,,
01335.ca70ab7f2d1accef8b3cf646e3004ef8,01335__salted__strict__cp200C__single.ca70ab7f2d1accef8b3cf646e3004ef8,strict,200C,single,,mortgage,mo‌rtgage,,
01335.ca70ab7f2d1accef8b3cf646e3004ef8,01335__salted__strict__cp200D__single.ca70ab7f2d1accef8b3cf646e3004ef8,strict,200D,single,,mortgage,mo‍rtgage,,
01335.ca70ab7f2d1accef8b3cf646e3004ef8,01335__salted__strict__cp00AD__single.ca70ab7f2d1accef8b3cf646e3004ef8,strict,00AD,single,,mortgage,mo­rtgage,,
01339.d94a16532a6f42497266dcc327a40163,01339__salted__strict__cp200B__single.d94a16532a6f42497266dcc327a40163,strict,200B,single,,mortgage,mo​rtgage,,
01339.d94a16532a6f42497266dcc327a40163,01339__salted__strict__cp200C__single.d94a16532a6f42497266dcc327a40163,strict,200C,single,,mortgage,mo‌rtgage,,
01339.d94a16532a6f42497266dcc327a40163,01339__salted__strict__cp200D__single.d94a16532a6f42497266dcc327a40163,strict,200D,single,,mortgage,mo‍rtgage,,
01339.d94a16532a6f42497266dcc327a40163,01339__salted__strict__cp00AD__single.d94a16532a6f42497266dcc327a40163,strict,00AD,single,,mortgage,mo­rtgage,,
01342.7f89acf56fb4398340a0b07481e3193f,01342__salted__strict__cp200B__single.7f89acf56fb4398340a0b07481e3193f,strict,200B,single,,,,"Postal, MasterCard, Postal","Po​stal, Ma​sterCard, Po​stal"
01342.7f89acf56fb4398340a0b07481e3193f,01342__salted__strict__cp200C__single.7f89acf56fb4398340a0b07481e3193f,strict,200C,single,,,,"Postal, MasterCard, Postal","Po‌stal, Ma‌sterCard, Po‌stal"
01342.7f89acf56fb4398340a0b07481e3193f,01342__salted__strict__cp200D__single.7f89acf56fb4398340a0b07481e3193f,strict,200D,single,,,,"Postal, MasterCard, Postal","Po‍stal, Ma‍sterCard, Po‍stal"
01342.7f89acf56fb4398340a0b07481e3193f,01342__salted__strict__cp00AD__single.7f89acf56fb4398340a0b07481e3193f,strict,00AD,single,,,,"Postal, MasterCard, Postal","Po­stal, Ma­sterCard, Po­stal"
01355.a47c042a6e16456c5b49c18d5b3868cb,01355__salted__strict__cp200B__single.a47c042a6e16456c5b49c18d5b3868cb,strict,200B,single,,,,mailings,ma​ilings
01355.a47c042a6e16456c5b49c18d5b3868cb,01355__salted__strict__cp200C__single.a47c042a6e16456c5b49c18d5b3868cb,strict,200C,single,,,,mailings,ma‌ilings
01355.a47c042a6e16456c5b49c18d5b3868cb,01355__salted__strict__cp200D__single.a47c042a6e16456c5b49c18d5b3868cb,strict,200D,single,,,,mailings,ma‍ilings
01355.a47c042a6e16456c5b49c18d5b3868cb,01355__salted__strict__cp00AD__single.a47c042a6e16456c5b49c18d5b3868cb,strict,00AD,single,,,,mailings,ma­ilings
01363.85518bca7c7cb9f35e57f3adda762ac9,01363__salted__strict__cp200B__single.85518bca7c7cb9f35e57f3adda762ac9,strict,200B,single,,,,promotion,pr​omotion
01363.85518bca7c7cb9f35e57f3adda762ac9,01363__salted__strict__cp200C__single.85518bca7c7cb9f35e57f3adda762ac9,strict,200C,single,,,,promotion,pr‌omotion
01363.85518bca7c7cb9f35e57f3adda762ac9,01363__salted__strict__cp200D__single.85518bca7c7cb9f35e57f3adda762ac9,strict,200D,single,,,,promotion,pr‍omotion
01363.85518bca7c7cb9f35e57f3adda762ac9,01363__salted__strict__cp00AD__single.85518bca7c7cb9f35e57f3adda762ac9,strict,00AD,single,,,,promotion,pr­omotion
01372.5d236077d94148a0ca71751f8f0a2e58,01372__salted__strict__cp200B__single.5d236077d94148a0ca71751f8f0a2e58,strict,200B,single,,Herbal,He​rbal,,
01372.5d236077d94148a0ca71751f8f0a2e58,01372__salted__strict__cp200C__single.5d236077d94148a0ca71751f8f0a2e58,strict,200C,single,,Herbal,He‌rbal,,
01372.5d236077d94148a0ca71751f8f0a2e58,01372__salted__strict__cp200D__single.5d236077d94148a0ca71751f8f0a2e58,strict,200D,single,,Herbal,He‍rbal,,
01372.5d236077d94148a0ca71751f8f0a2e58,01372__salted__strict__cp00AD__single.5d236077d94148a0ca71751f8f0a2e58,strict,00AD,single,,Herbal,He­rbal,,
01382.37400f7a1f36cd45165c2a72a9ec8baa,01382__salted__strict__cp200B__single.37400f7a1f36cd45165c2a72a9ec8baa,strict,200B,single,,,,"earn, promotion, Confidentiality","ea​rn, pr​omotion, Co​nfidentiality"
01382.37400f7a1f36cd45165c2a72a9ec8baa,01382__salted__strict__cp200C__single.37400f7a1f36cd45165c2a72a9ec8baa,strict,200C,single,,,,"earn, promotion, Confidentiality","ea‌rn, pr‌omotion, Co‌nfidentiality"
01382.37400f7a1f36cd45165c2a72a9ec8baa,01382__salted__strict__cp200D__single.37400f7a1f36cd45165c2a72a9ec8baa,strict,200D,single,,,,"earn, promotion, Confidentiality","ea‍rn, pr‍omotion, Co‍nfidentiality"
01382.37400f7a1f36cd45165c2a72a9ec8baa,01382__salted__strict__cp00AD__single.37400f7a1f36cd45165c2a72a9ec8baa,strict,00AD,single,,,,"earn, promotion, Confidentiality","ea­rn, pr­omotion, Co­nfidentiality"
01395.cb33d1d72f42e4ab9268729917bf428b,01395__salted__strict__cp200B__single.cb33d1d72f42e4ab9268729917bf428b,strict,200B,single,,ADV,AD​V,,
01395.cb33d1d72f42e4ab9268729917bf428b,01395__salted__strict__cp200C__single.cb33d1d72f42e4ab9268729917bf428b,strict,200C,single,,ADV,AD‌V,,
01395.cb33d1d72f42e4ab9268729917bf428b,01395__salted__strict__cp200D__single.cb33d1d72f42e4ab9268729917bf428b,strict,200D,single,,ADV,AD‍V,,
01395.cb33d1d72f42e4ab9268729917bf428b,01395__salted__strict__cp00AD__single.cb33d1d72f42e4ab9268729917bf428b,strict,00AD,single,,ADV,AD­V,,
