message_id,variant_filename,vocab_type,codepoint,salt_mode,fragment_max_positions,n_insert_subject,n_insert_body,body_part_found,subject_targets,body_targets
00002.d94f1b97e48ed3b553b3508d116e6a09,00002__salted__strict__cp200B__single.d94f1b97e48ed3b553b3508d116e6a09,strict,200B,single,,1,1,True,"[{""original_token"": ""Guaranteed"", ""salted_token"": ""Gu​aranteed"", ""start"": 7, ""end"": 17, ""salt_mode"": ""single"", ""fragment_max_positions"": null}]","[{""original_token"": ""Guaranteed"", ""salted_token"": ""Gu​aranteed"", ""start"": 87, ""end"": 97, ""salt_mode"": ""single"", ""fragment_max_positions"": null}]"
00002.d94f1b97e48ed3b553b3508d116e6a09,00002__salted__strict__cp200C__single.d94f1b97e48ed3b553b3508d116e6a09,strict,200C,single,,1,1,True,"[{""original_token"": ""Guaranteed"", ""salted_token"": ""Gu‌aranteed"", ""start"": 7, ""end"": 17, ""salt_mode"": ""single"", ""fragment_max_positions"": null}]","[{""original_token"": ""Guaranteed"", ""salted_token"": ""Gu‌aranteed"", ""start"": 87, ""end"": 97, ""salt_mode"": ""single"", ""fragment_max_positions"": null}]"
00002.d94f1b97e48ed3b553b3508d116e6a09,00002__salted__strict__cp200D__single.d94f1b97e48ed3b553b3508d116e6a09,strict,200D,single,,1,1,True,"[{""original_token"": ""Guaranteed"", ""salted_token"": ""Gu‍aranteed"", ""start"": 7, ""end"": 17, ""salt_mode"": ""single"", ""fragment_max_positions"": null}]","[{""original_token"": ""Guaranteed"", ""salted_token"": ""Gu‍aranteed"", ""start"": 87, ""end"": 97, ""salt_mode"": ""single"", ""fragment_max_positions"": null}]"
00002.d94f1b97e48ed3b553b3508d116e6a09,00002__salted__strict__cp00AD__single.d94f1b97e48ed3b553b3508d116e6a09,strict,00AD,single,,1,1,True,"[{""original_token"": ""Guaranteed"", ""salted_token"": ""Gu­aranteed"", ""start"": 7, ""end"": 17, ""salt_mode"": ""single"", ""fragment_max_positions"": null}]","[{""original_token"": ""Guaranteed"", ""salted_token"": ""Gu­aranteed"", ""start"": 87, ""end"": 97, ""salt_mode"": ""single"", ""fragment_max_positions"": null}]"
00003.2ee33bc6eacdb11f38d052c44819ba6c,00003__salted__strict__cp200B__single.2ee33bc6eacdb11f38d052c44819ba6c,strict,200B,single,,1,1,True,"[{""original_token"": ""Guaranteed"", ""salted_token"": ""Gu​aranteed"", ""start"": 0, ""end"": 10, ""salt_mode"": ""single"", ""fragment_max_positions"": null}]","[{""original_token"": ""Guaranteed"", ""salted_token"": ""Gu​aranteed"", ""start"": 87, ""end"": 97, ""salt_mode"": ""single"", ""fragment_max_positions"": null}]"
00003.2ee33bc6eacdb11f38d052c44819ba6c,00003__salted__strict__cp200C__single.2ee33bc6eacdb11f38d052c44819ba6c,strict,200C,single,,1,1,True,"[{""original_token"": ""Guaranteed"", ""salted_token"": ""Gu‌aranteed"", ""start"": 0, ""end"": 10, ""salt_mode"": ""single"", ""fragment_max_positions"": null}]","[{""original_token"": ""Guaranteed"", ""salted_token"": ""Gu‌aranteed"", ""start"": 87, ""end"": 97, ""salt_mode"": ""single"", ""fragment_max_positions"": null}]"
00003.2ee33bc6eacdb11f38d052c44819ba6c,00003__salted__strict__cp200D__single.2ee33bc6eacdb11f38d052c44819ba6c,strict,200D,single,,1,1,True,"[{""original_token"": ""Guaranteed"", ""salted_token"": ""Gu‍aranteed"", ""start"": 0, ""end"": 10, ""salt_mode"": ""single"", ""fragment_max_positions"": null}]","[{""original_token"": ""Guaranteed"", ""salted_token"": ""Gu‍aranteed"", ""start"": 87, ""end"": 97, ""salt_mode"": ""single"", ""fragment_max_positions"": null}]"
00003.2ee33bc6eacdb11f38d052c44819ba6c,00003__salted__strict__cp00AD__single.2ee33bc6eacdb11f38d052c44819ba6c,strict,00AD,single,,1,1,True,"[{""original_token"": ""Guaranteed"", ""salted_token"": ""Gu­aranteed"", ""start"": 0, ""end"": 10, ""salt_mode"": ""single"", ""fragment_max_positions"": null}]","[{""original_token"": ""Guaranteed"", ""salted_token"": ""Gu­aranteed"", ""start"": 87, ""end"": 97, ""salt_mode"": ""single"", ""fragment_max_positions"": null}]"
00009.1e1a8cb4b57532ab38aa23287523659d,00009__salted__strict__cp200B__single.1e1a8cb4b57532ab38aa23287523659d,strict,200B,single,,0,2,True,[],"[{""original_token"": ""BENEFICIARY"", ""salted_token"": ""BE​NEFICIARY"", ""start"": 1318, ""end"": 1329, ""salt_mode"": ""single"", ""fragment_max_positions"": null}, {""original_token"": ""ASSISTANCE"", ""salted_token"": ""AS​SISTANCE"", ""start"": 2718, ""end"": 2728, ""salt_mode"": ""single"", ""fragment_max_positions"": null}]"
00009.1e1a8cb4b57532ab38aa23287523659d,00009__salted__strict__cp200C__single.1e1a8cb4b57532ab38aa23287523659d,strict,200C,single,,0,2,True,[],"[{""original_token"": ""BENEFICIARY"", ""salted_token"": ""BE‌NEFICIARY"", ""start"": 1318, ""end"": 1329, ""salt_mode"": ""single"", ""fragment_max_positions"": null}, {""original_token"": ""ASSISTANCE"", ""salted_token"": ""AS‌SISTANCE"", ""start"": 2718, ""end"": 2728, ""salt_mode"": ""single"", ""fragment_max_positions"": null}]"
00009.1e1a8cb4b57532ab38aa23287523659d,00009__salted__strict__cp200D__single.1e1a8cb4b57532ab38aa23287523659d,strict,200D,single,,0,2,True,[],"[{""original_token"": ""BENEFICIARY"", ""salted_token"": ""BE‍NEFICIARY"", ""start"": 1318, ""end"": 1329, ""salt_mode"": ""single"", ""fragment_max_positions"": null}, {""original_token"": ""ASSISTANCE"", ""salted_token"": ""AS‍SISTANCE"", ""start"": 2718, ""end"": 2728, ""salt_mode"": ""single"", ""fragment_max_positions"": null}]"
00009.1e1a8cb4b57532ab38aa23287523659d,00009__salted__strict__cp00AD__single.1e1a8cb4b57532ab38aa23287523659d,strict,00AD,single,,0,2,True,[],"[{""original_token"": ""BENEFICIARY"", ""salted_token"": ""BE­NEFICIARY"", ""start"": 1318, ""end"": 1329, ""salt_mode"": ""single"", ""fragment_max_positions"": null}, {""original_token"": ""ASSISTANCE"", ""salted_token"": ""AS­SISTANCE"", ""start"": 2718, ""end"": 2728, ""salt_mode"": ""single"", ""fragment_max_positions"": null}]"
00040.949a3d300eadb91d8745f1c1dab51133,00040__salted__strict__cp200B__single.949a3d300eadb91d8745f1c1dab51133,strict,200B,single,,0,2,True,[],"[{""original_token"": ""Madam"", ""salted_token"": ""Ma​dam"", ""start"": 12, ""end"": 17, ""salt_mode"": ""single"", ""fragment_max_positions"": null}, {""original_token"": ""Promotion"", ""salted_token"": ""Pr​omotion"", ""start"": 193, ""end"": 202, ""salt_mode"": ""single"", ""fragment_max_positions"": null}]"
00040.949a3d300eadb91d8745f1c1dab51133,00040__salted__strict__cp200C__single.949a3d300eadb91d8745f1c1dab51133,strict,200C,single,,0,2,True,[],"[{""original_token"": ""Madam"", ""salted_token"": ""Ma‌dam"", ""start"": 12, ""end"": 17, ""salt_mode"": ""single"", ""fragment_max_positions"": null}, {""original_token"": ""Promotion"", ""salted_token"": ""Pr‌omotion"", ""start"": 193, ""end"": 202, ""salt_mode"": ""single"", ""fragment_max_positions"": null}]"
00040.949a3d300eadb91d8745f1c1dab51133,00040__salted__strict__cp200D__single.949a3d300eadb91d8745f1c1dab51133,strict,200D,single,,0,2,True,[],"[{""original_token"": ""Madam"", ""salted_token"": ""Ma‍dam"", ""start"": 12, ""end"": 17, ""salt_mode"": ""single"", ""fragment_max_positions"": null}, {""original_token"": ""Promotion"", ""salted_token"": ""Pr‍omotion"", ""start"": 193, ""end"": 202, ""salt_mode"": ""single"", ""fragment_max_positions"": null}]"
00040.949a3d300eadb91d8745f1c1dab51133,00040__salted__strict__cp00AD__single.949a3d300eadb91d8745f1c1dab51133,strict,00AD,single,,0,2,True,[],"[{""original_token"": ""Madam"", ""salted_token"": ""Ma­dam"", ""start"": 12, ""end"": 17, ""salt_mode"": ""single"", ""fragment_max_positions"": null}, {""original_token"": ""Promotion"", ""salted_token"": ""Pr­omotion"", ""start"": 193, ""end"": 202, ""salt_mode"": ""single"", ""fragment_max_positions"": null}]"
00041.f1b3402799046db3c1f143a911dc085d,00041__salted__strict__cp200B__single.f1b3402799046db3c1f143a911dc085d,strict,200B,single,,0,2,True,[],"[{""original_token"": ""Madam"", ""salted_token"": ""Ma​dam"", ""start"": 12, ""end"": 17, ""salt_mode"": ""single"", ""fragment_max_positions"": null}, {""original_token"": ""Promotion"", ""salted_token"": ""Pr​omotion"", ""start"": 193, ""end"": 202, ""salt_mode"": ""single"", ""fragment_max_positions"": null}]"
00041.f1b3402799046db3c1f143a911dc085d,00041__salted__strict__cp200C__single.f1b3402799046db3c1f143a911dc085d,strict,200C,single,,0,2,True,[],"[{""original_token"": ""Madam"", ""salted_token"": ""Ma‌dam"", ""start"": 12, ""end"": 17, ""salt_mode"": ""single"", ""fragment_max_positions"": null}, {""original_token"": ""Promotion"", ""salted_token"": ""Pr‌omotion"", ""start"": 193, ""end"": 202, ""salt_mode"": ""single"", ""fragment_max_positions"": null}]"
00041.f1b3402799046db3c1f143a911dc085d,00041__salted__strict__cp200D__single.f1b3402799046db3c1f143a911dc085d,strict,200D,single,,0,2,True,[],"[{""original_token"": ""Madam"", ""salted_token"": ""Ma‍dam"", ""start"": 12, ""end"": 17, ""salt_mode"": ""single"", ""fragment_max_positions"": null}, {""original_token"": ""Promotion"", ""salted_token"": ""Pr‍omotion"", ""start"": 193, ""end"": 202, ""salt_mode"": ""single"", ""fragment_max_positions"": null}]"
00041.f1b3402799046db3c1f143a911dc085d,00041__salted__strict__cp00AD__single.f1b3402799046db3c1f143a911dc085d,strict,00AD,single,,0,2,True,[],"[{""original_token"": ""Madam"", ""salted_token"": ""Ma­dam"", ""start"": 12, ""end"": 17, ""salt_mode"": ""single"", ""fragment_max_positions"": null}, {""original_token"": ""Promotion"", ""salted_token"": ""Pr­omotion"", ""start"": 193, ""end"": 202, ""salt_mode"": ""single"", ""fragment_max_positions"": null}]"
00045.7282c2c4e009744f2f3450d370009235,00045__salted__strict__cp200B__single.7282c2c4e009744f2f3450d370009235,strict,200B,single,,0,1,True,[],"[{""original_token"": ""Guaranteed"", ""salted_token"": ""Gu​aranteed"", ""start"": 87, ""end"": 97, ""salt_mode"": ""single"", ""fragment_max_positions"": null}]"
00045.7282c2c4e009744f2f3450d370009235,00045__salted__strict__cp200C__single.7282c2c4e009744f2f3450d370009235,strict,200C,single,,0,1,True,[],"[{""original_token"": ""Guaranteed"", ""salted_token"": ""Gu‌aranteed"", ""start"": 87, ""end"": 97, ""salt_mode"": ""single"", ""fragment_max_positions"": null}]"
00045.7282c2c4e009744f2f3450d370009235,00045__salted__strict__cp200D__single.7282c2c4e009744f2f3450d370009235,strict,200D,single,,0,1,True,[],"[{""original_token"": ""Guaranteed"", ""salted_token"": ""Gu‍aranteed"", ""start"": 87, ""end"": 97, ""salt_mode"": ""single"", ""fragment_max_positions"": null}]"
00045.7282c2c4e009744f2f3450d370009235,00045__salted__strict__cp00AD__single.7282c2c4e009744f2f3450d370009235,strict,00AD,single,,0,1,True,[],"[{""original_token"": ""Guaranteed"", ""salted_token"": ""Gu­aranteed"", ""start"": 87, ""end"": 97, ""salt_mode"": ""single"", ""fragment_max_positions"": null}]"
00054.62863160db27f89df8c73275b6dae134,00054__salted__strict__cp200B__single.62863160db27f89df8c73275b6dae134,strict,200B,single,,1,0,False,"[{""original_token"": ""ADV"", ""salted_token"": ""AD​V"", ""start"": 0, ""end"": 3, ""salt_mode"": ""single"", ""fragment_max_positions"": null}]",[]
00054.62863160db27f89df8c73275b6dae134,00054__salted__strict__cp200C__single.62863160db27f89df8c73275b6dae134,strict,200C,single,,1,0,False,"[{""original_token"": ""ADV"", ""salted_token"": ""AD‌V"", ""start"": 0, ""end"": 3, ""salt_mode"": ""single"", ""fragment_max_positions"": null}]",[]
00054.62863160db27f89df8c73275b6dae134,00054__salted__strict__cp200D__single.62863160db27f89df8c73275b6dae134,strict,200D,single,,1,0,False,"[{""original_token"": ""ADV"", ""salted_token"": ""AD‍V"", ""start"": 0, ""end"": 3, ""salt_mode"": ""single"", ""fragment_max_positions"": null}]",[]
00054.62863160db27f89df8c73275b6dae134,00054__salted__strict__cp00AD__single.62863160db27f89df8c73275b6dae134,strict,00AD,single,,1,0,False,"[{""original_token"": ""ADV"", ""salted_token"": ""AD­V"", ""start"": 0, ""end"": 3, ""salt_mode"": ""single"", ""fragment_max_positions"": null}]",[]
00064.65b95365450ebe5eef61e7f1c60edc5e,00064__salted__strict__cp200B__single.65b95365450ebe5eef61e7f1c60edc5e,strict,200B,single,,0,1,True,[],"[{""original_token"": ""Earn"", ""salted_token"": ""Ea​rn"", ""start"": 109, ""end"": 113, ""salt_mode"": ""single"", ""fragment_max_positions"": null}]"
00064.65b95365450ebe5eef61e7f1c60edc5e,00064__salted__strict__cp200C__single.65b95365450ebe5eef61e7f1c60edc5e,strict,200C,single,,0,1,True,[],"[{""original_token"": ""Earn"", ""salted_token"": ""Ea‌rn"", ""start"": 109, ""end"": 113, ""salt_mode"": ""single"", ""fragment_max_positions"": null}]"
00064.65b95365450ebe5eef61e7f1c60edc5e,00064__salted__strict__cp200D__single.65b95365450ebe5eef61e7f1c60edc5e,strict,200D,single,,0,1,True,[],"[{""original_token"": ""Earn"", ""salted_token"": ""Ea‍rn"", ""start"": 109, ""end"": 113, ""salt_mode"": ""single"", ""fragment_max_positions"": null}]"
00064.65b95365450ebe5eef61e7f1c60edc5e,00064__salted__strict__cp00AD__single.65b95365450ebe5eef61e7f1c60edc5e,strict,00AD,single,,0,1,True,[],"[{""original_token"": ""Earn"", ""salted_token"": ""Ea­rn"", ""start"": 109, ""end"": 113, ""salt_mode"": ""single"", ""fragment_max_positions"": null}]"
00067.ec108870b01dc3ccb8fabc5def869ca5,00067__salted__strict__cp200B__single.ec108870b01dc3ccb8fabc5def869ca5,strict,200B,single,,1,0,False,"[{""original_token"": ""SYSTEMWORKS"", ""salted_token"": ""SY​STEMWORKS"", ""start"": 35, ""end"": 46, ""salt_mode"": ""single"", ""fragment_max_positions"": null}]",[]
00067.ec108870b01dc3ccb8fabc5def869ca5,00067__salted__strict__cp200C__single.ec108870b01dc3ccb8fabc5def869ca5,strict,200C,single,,1,0,False,"[{""original_token"": ""SYSTEMWORKS"", ""salted_token"": ""SY‌STEMWORKS"", ""start"": 35, ""end"": 46, ""salt_mode"": ""single"", ""fragment_max_positions"": null}]",[]
00067.ec108870b01dc3ccb8fabc5def869ca5,00067__salted__strict__cp200D__single.ec108870b01dc3ccb8fabc5def869ca5,strict,200D,single,,1,0,False,"[{""original_token"": ""SYSTEMWORKS"", ""salted_token"": ""SY‍STEMWORKS"", ""start"": 35, ""end"": 46, ""salt_mode"": ""single"", ""fragment_max_positions"": null}]",[]
00067.ec108870b01dc3ccb8fabc5def869ca5,00067__salted__strict__cp00AD__single.ec108870b01dc3ccb8fabc5def869ca5,strict,00AD,single,,1,0,False,"[{""original_token"": ""SYSTEMWORKS"", ""salted_token"": ""SY­STEMWORKS"", ""start"": 35, ""end"": 46, ""salt_mode"": ""single"", ""fragment_max_positions"": null}]",[]
00090.52630c4c07cd069c7bc7658c1a7a7253,00090__salted__strict__cp200B__single.52630c4c07cd069c7bc7658c1a7a7253,strict,200B,single,,0,3,True,[],"[{""original_token"": ""annuity"", ""salted_token"": ""an​nuity"", ""start"": 28, ""end"": 35, ""salt_mode"": ""single"", ""fragment_max_positions"": null}, {""original_token"": ""Earn"", ""salted_token"": ""Ea​rn"", ""start"": 47, ""end"": 51, ""salt_mode"": ""single"", ""fragment_max_positions"": null}, {""original_token"": ""annuity"", ""salted_token"": ""an​nuity"", ""start"": 85, ""end"": 92, ""salt_mode"": ""single"", ""fragment_max_positions"": null}]"
00090.52630c4c07cd069c7bc7658c1a7a7253,00090__salted__strict__cp200C__single.52630c4c07cd069c7bc7658c1a7a7253,strict,200C,single,,0,3,True,[],"[{""original_token"": ""annuity"", ""salted_token"": ""an‌nuity"", ""start"": 28, ""end"": 35, ""salt_mode"": ""single"", ""fragment_max_positions"": null}, {""original_token"": ""Earn"", ""salted_token"": ""Ea‌rn"", ""start"": 47, ""end"": 51, ""salt_mode"": ""single"", ""fragment_max_positions"": null}, {""original_token"": ""annuity"", ""salted_token"": ""an‌nuity"", ""start"": 85, ""end"": 92, ""salt_mode"": ""single"", ""fragment_max_positions"": null}]"
00090.52630c4c07cd069c7bc7658c1a7a7253,00090__salted__strict__cp200D__single.52630c4c07cd069c7bc7658c1a7a7253,strict,200D,single,,0,3,True,[],"[{""original_token"": ""annuity"", ""salted_token"": ""an‍nuity"", ""start"": 28, ""end"": 35, ""salt_mode"": ""single"", ""fragment_max_positions"": null}, {""original_token"": ""Earn"", ""salted_token"": ""Ea‍rn"", ""start"": 47, ""end"": 51, ""salt_mode"": ""single"", ""fragment_max_positions"": null}, {""original_token"": ""annuity"", ""salted_token"": ""an‍nuity"", ""start"": 85, ""end"": 92, ""salt_mode"": ""single"", ""fragment_max_positions"": null}]"
00090.52630c4c07cd069c7bc7658c1a7a7253,00090__salted__strict__cp00AD__single.52630c4c07cd069c7bc7658c1a7a7253,strict,00AD,single,,0,3,True,[],"[{""original_token"": ""annuity"", ""salted_token"": ""an­nuity"", ""start"": 28, ""end"": 35, ""salt_mode"": ""single"", ""fragment_max_positions"": null}, {""original_token"": ""Earn"", ""salted_token"": ""Ea­rn"", ""start"": 47, ""end"": 51, ""salt_mode"": ""single"", ""fragment_max_positions"": null}, {""original_token"": ""annuity"", ""salted_token"": ""an­nuity"", ""start"": 85, ""end"": 92, ""salt_mode"": ""single"", ""fragment_max_positions"": null}]"
00105.d8f25617befc5289aa4ed9602457050b,00105__salted__strict__cp200B__single.d8f25617befc5289aa4ed9602457050b,strict,200B,single,,1,0,False,"[{""original_token"": ""Loans"", ""salted_token"": ""Lo​ans"", ""start"": 5, ""end"": 10, ""salt_mode"": ""single"", ""fragment_max_positions"": null}]",[]
00105.d8f25617befc5289aa4ed9602457050b,00105__salted__strict__cp200C__single.d8f25617befc5289aa4ed9602457050b,strict,200C,single,,1,0,False,"[{""original_token"": ""Loans"", ""salted_token"": ""Lo‌ans"", ""start"": 5, ""end"": 10, ""salt_mode"": ""single"", ""fragment_max_positions"": null}]",[]
00105.d8f25617befc5289aa4ed9602457050b,00105__salted__strict__cp200D__single.d8f25617befc5289aa4ed9602457050b,strict,200D,single,,1,0,False,"[{""original_token"": ""Loans"", ""salted_token"": ""Lo‍ans"", ""start"": 5, ""end"": 10, ""salt_mode"": ""single"", ""fragment_max_positions"": null}]",[]
00105.d8f25617befc5289aa4ed9602457050b,00105__salted__strict__cp00AD__single.d8f25617befc5289aa4ed9602457050b,strict,00AD,single,,1,0,False,"[{""original_token"": ""Loans"", ""salted_token"": ""Lo­ans"", ""start"": 5, ""end"": 10, ""salt_mode"": ""single"", ""fragment_max_positions"": null}]",[]
00120.58579af867ff9a702cff23e7b8818a59,00120__salted__strict__cp200B__single.58579af867ff9a702cff23e7b8818a59,strict,200B,single,,0,1,True,[],"[{""original_token"": ""Guaranteed"", ""salted_token"": ""Gu​aranteed"", ""start"": 117, ""end"": 127, ""salt_mode"": ""single"", ""fragment_max_positions"": null}]"
00120.58579af867ff9a702cff23e7b8818a59,00120__salted__strict__cp200C__single.58579af867ff9a702cff23e7b8818a59,strict,200C,single,,0,1,True,[],"[{""original_token"": ""Guaranteed"", ""salted_token"": ""Gu‌aranteed"", ""start"": 117, ""end"": 127, ""salt_mode"": ""single"", ""fragment_max_positions"": null}]"
00120.58579af867ff9a702cff23e7b8818a59,00120__salted__strict__cp200D__single.58579af867ff9a702cff23e7b8818a59,strict,200D,single,,0,1,True,[],"[{""original_token"": ""Guaranteed"", ""salted_token"": ""Gu‍aranteed"", ""start"": 117, ""end"": 127, ""salt_mode"": ""single"", ""fragment_max_positions"": null}]"
00120.58579af867ff9a702cff23e7b8818a59,00120__salted__strict__cp00AD__single.58579af867ff9a702cff23e7b8818a59,strict,00AD,single,,0,1,True,[],"[{""original_token"": ""Guaranteed"", ""salted_token"": ""Gu­aranteed"", ""start"": 117, ""end"": 127, ""salt_mode"": ""single"", ""fragment_max_positions"": null}]"
00127.3500d109361b544b0937523adb763588,00127__salted__strict__cp200B__single.3500d109361b544b0937523adb763588,strict,200B,single,,0,3,True,[],"[{""original_token"": ""Guaranteed"", ""salted_token"": ""Gu​aranteed"", ""start"": 35, ""end"": 45, ""salt_mode"": ""single"", ""fragment_max_positions"": null}, {""original_token"": ""herbal"", ""salted_token"": ""he​rbal"", ""start"": 124, ""end"": 130, ""salt_mode"": ""single"", ""fragment_max_positions"": null}, {""original_token"": ""GUARANTEED"", ""salted_token"": ""GU​ARANTEED"", ""start"": 427, ""end"": 437, ""salt_mode"": ""single"", ""fragment_max_positions"": null}]"
00127.3500d109361b544b0937523adb763588,00127__salted__strict__cp200C__single.3500d109361b544b0937523adb763588,strict,200C,single,,0,3,True,[],"[{""original_token"": ""Guaranteed"", ""salted_token"": ""Gu‌aranteed"", ""start"": 35, ""end"": 45, ""salt_mode"": ""single"", ""fragment_max_positions"": null}, {""original_token"": ""herbal"", ""salted_token"": ""he‌rbal"", ""start"": 124, ""end"": 130, ""salt_mode"": ""single"", ""fragment_max_positions"": null}, {""original_token"": ""GUARANTEED"", ""salted_token"": ""GU‌ARANTEED"", ""start"": 427, ""end"": 437, ""salt_mode"": ""single"", ""fragment_max_positions"": null}]"
00127.3500d109361b544b0937523adb763588,00127__salted__strict__cp200D__single.3500d109361b544b0937523adb763588,strict,200D,single,,0,3,True,[],"[{""original_token"": ""Guaranteed"", ""salted_token"": ""Gu‍aranteed"", ""start"": 35, ""end"": 45, ""salt_mode"": ""single"", ""fragment_max_positions"": null}, {""original_token"": ""herbal"", ""salted_token"": ""he‍rbal"", ""start"": 124, ""end"": 130, ""salt_mode"": ""single"", ""fragment_max_positions"": null}, {""original_token"": ""GUARANTEED"", ""salted_token"": ""GU‍ARANTEED"", ""start"": 427, ""end"": 437, ""salt_mode"": ""single"", ""fragment_max_positions"": null}]"
00127.3500d109361b544b0937523adb763588,00127__salted__strict__cp00AD__single.3500d109361b544b0937523adb763588,strict,00AD,single,,0,3,True,[],"[{""original_token"": ""Guaranteed"", ""salted_token"": ""Gu­aranteed"", ""start"": 35, ""end"": 45, ""salt_mode"": ""single"", ""fragment_max_positions"": null}, {""original_token"": ""herbal"", ""salted_token"": ""he­rbal"", ""start"": 124, ""end"": 130, ""salt_mode"": ""single"", ""fragment_max_positions"": null}, {""original_token"": ""GUARANTEED"", ""salted_token"": ""GU­ARANTEED"", ""start"": 427, ""end"": 437, ""salt_mode"": ""single"", ""fragment_max_positions"": null}]"
00160.cec5f611ae665ff0add6c4928d47f2be,00160__salted__strict__cp200B__single.cec5f611ae665ff0add6c4928d47f2be,strict,200B,single,,1,3,True,"[{""original_token"": ""HGH"", ""salted_token"": ""HG​H"", ""start"": 5, ""end"": 8, ""salt_mode"": ""single"", ""fragment_max_positions"": null}]","[{""original_token"": ""HGH"", ""salted_token"": ""HG​H"", ""start"": 22, ""end"": 25, ""salt_mode"": ""single"", ""fragment_max_positions"": null}, {""original_token"": ""NBC"", ""salted_token"": ""NB​C"", ""start"": 88, ""end"": 91, ""salt_mode"": ""single"", ""fragment_max_positions"": null}, {""original_token"": ""Oprah"", ""salted_token"": ""Op​rah"", ""start"": 107, ""end"": 112, ""salt_mode"": ""single"", ""fragment_max_positions"": null}]"
00160.cec5f611ae665ff0add6c4928d47f2be,00160__salted__strict__cp200C__single.cec5f611ae665ff0add6c4928d47f2be,strict,200C,single,,1,3,True,"[{""original_token"": ""HGH"", ""salted_token"": ""HG‌H"", ""start"": 5, ""end"": 8, ""salt_mode"": ""single"", ""fragment_max_positions"": null}]","[{""original_token"": ""HGH"", ""salted_token"": ""HG‌H"", ""start"": 22, ""end"": 25, ""salt_mode"": ""single"", ""fragment_max_positions"": null}, {""original_token"": ""NBC"", ""salted_token"": ""NB‌C"", ""start"": 88, ""end"": 91, ""salt_mode"": ""single"", ""fragment_max_positions"": null}, {""original_token"": ""Oprah"", ""salted_token"": ""Op‌rah"", ""start"": 107, ""end"": 112, ""salt_mode"": ""single"", ""fragment_max_positions"": null}]"
00160.cec5f611ae665ff0add6c4928d47f2be,00160__salted__strict__cp200D__single.cec5f611ae665ff0add6c4928d47f2be,strict,200D,single,,1,3,True,"[{""original_token"": ""HGH"", ""salted_token"": ""HG‍H"", ""start"": 5, ""end"": 8, ""salt_mode"": ""single"", ""fragment_max_positions"": null}]","[{""original_token"": ""HGH"", ""salted_token"": ""HG‍H"", ""start"": 22, ""end"": 25, ""salt_mode"": ""single"", ""fragment_max_positions"": null}, {""original_token"": ""NBC"", ""salted_token"": ""NB‍C"", ""start"": 88, ""end"": 91, ""salt_mode"": ""single"", ""fragment_max_positions"": null}, {""original_token"": ""Oprah"", ""salted_token"": ""Op‍rah"", ""start"": 107, ""end"": 112, ""salt_mode"": ""single"", ""fragment_max_positions"": null}]"
00160.cec5f611ae665ff0add6c4928d47f2be,00160__salted__strict__cp00AD__single.cec5f611ae665ff0add6c4928d47f2be,strict,00AD,single,,1,3,True,"[{""original_token"": ""HGH"", ""salted_token"": ""HG­H"", ""start"": 5, ""end"": 8, ""salt_mode"": ""single"", ""fragment_max_positions"": null}]","[{""original_token"": ""HGH"", ""salted_token"": ""HG­H"", ""start"": 22, ""end"": 25, ""salt_mode"": ""single"", ""fragment_max_positions"": null}, {""original_token"": ""NBC"", ""salted_token"": ""NB­C"", ""start"": 88, ""end"": 91, ""salt_mode"": ""single"", ""fragment_max_positions"": null}, {""original_token"": ""Oprah"", ""salted_token"": ""Op­rah"", ""start"": 107, ""end"": 112, ""salt_mode"": ""single"", ""fragment_max_positions"": null}]"
00169.86268e75abd1bd4bda4d6c129681df34,00169__salted__strict__cp200B__single.86268e75abd1bd4bda4d6c129681df34,strict,200B,single,,0,2,True,[],"[{""original_token"": ""earn"", ""salted_token"": ""ea​rn"", ""start"": 465, ""end"": 469, ""salt_mode"": ""single"", ""fragment_max_positions"": null}, {""original_token"": ""mailings"", ""salted_token"": ""ma​ilings"", ""start"": 2773, ""end"": 2781, ""salt_mode"": ""single"", ""fragment_max_positions"": null}]"
00169.86268e75abd1bd4bda4d6c129681df34,00169__salted__strict__cp200C__single.86268e75abd1bd4bda4d6c129681df34,strict,200C,single,,0,2,True,[],"[{""original_token"": ""earn"", ""salted_token"": ""ea‌rn"", ""start"": 465, ""end"": 469, ""salt_mode"": ""single"", ""fragment_max_positions"": null}, {""original_token"": ""mailings"", ""salted_token"": ""ma‌ilings"", ""start"": 2773, ""end"": 2781, ""salt_mode"": ""single"", ""fragment_max_positions"": null}]"
00169.86268e75abd1bd4bda4d6c129681df34,00169__salted__strict__cp200D__single.86268e75abd1bd4bda4d6c129681df34,strict,200D,single,,0,2,True,[],"[{""original_token"": ""earn"", ""salted_token"": ""ea‍rn"", ""start"": 465, ""end"": 469, ""salt_mode"": ""single"", ""fragment_max_positions"": null}, {""original_token"": ""mailings"", ""salted_token"": ""ma‍ilings"", ""start"": 2773, ""end"": 2781, ""salt_mode"": ""single"", ""fragment_max_positions"": null}]"
00169.86268e75abd1bd4bda4d6c129681df34,00169__salted__strict__cp00AD__single.86268e75abd1bd4bda4d6c129681df34,strict,00AD,single,,0,2,True,[],"[{""original_token"": ""earn"", ""salted_token"": ""ea­rn"", ""start"": 465, ""end"": 469, ""salt_mode"": ""single"", ""fragment_max_positions"": null}, {""original_token"": ""mailings"", ""salted_token"": ""ma­ilings"", ""start"": 2773, ""end"": 2781, ""salt_mode"": ""single"", ""fragment_max_positions"": null}]"
00173.e10eb62e2c7808674c43d6a5e9e08a1c,00173__salted__strict__cp200B__single.e10eb62e2c7808674c43d6a5e9e08a1c,strict,200B,single,,1,0,False,"[{""original_token"": ""HGH"", ""salted_token"": ""HG​H"", ""start"": 10, ""end"": 13, ""salt_mode"": ""single"", ""fragment_max_positions"": null}]",[]
00173.e10eb62e2c7808674c43d6a5e9e08a1c,00173__salted__strict__cp200C__single.e10eb62e2c7808674c43d6a5e9e08a1c,strict,200C,single,,1,0,False,"[{""original_token"": ""HGH"", ""salted_token"": ""HG‌H"", ""start"": 10, ""end"": 13, ""salt_mode"": ""single"", ""fragment_max_positions"": null}]",[]
00173.e10eb62e2c7808674c43d6a5e9e08a1c,00173__salted__strict__cp200D__single.e10eb62e2c7808674c43d6a5e9e08a1c,strict,200D,single,,1,0,False,"[{""original_token"": ""HGH"", ""salted_token"": ""HG‍H"", ""start"": 10, ""end"": 13, ""salt_mode"": ""single"", ""fragment_max_positions"": null}]",[]
00173.e10eb62e2c7808674c43d6a5e9e08a1c,00173__salted__strict__cp00AD__single.e10eb62e2c7808674c43d6a5e9e08a1c,strict,00AD,single,,1,0,False,"[{""original_token"": ""HGH"", ""salted_token"": ""HG­H"", ""start"": 10, ""end"": 13, ""salt_mode"": ""single"", ""fragment_max_positions"": null}]",[]
00179.ef2f7cf60806a96b59f4477b025580ee,00179__salted__strict__cp200B__single.ef2f7cf60806a96b59f4477b025580ee,strict,200B,single,,0,3,True,[],"[{""original_token"": ""NIGERIA"", ""salted_token"": ""NI​GERIA"", ""start"": 1302, ""end"": 1309, ""salt_mode"": ""single"", ""fragment_max_positions"": null}, {""original_token"": ""NIGERIA"", ""salted_token"": ""NI​GERIA"", ""start"": 1499, ""end"": 1506, ""salt_mode"": ""single"", ""fragment_max_positions"": null}, {""original_token"": ""Nigeria"", ""salted_token"": ""Ni​geria"", ""start"": 1730, ""end"": 1737, ""salt_mode"": ""single"", ""fragment_max_positions"": null}]"
00179.ef2f7cf60806a96b59f4477b025580ee,00179__salted__strict__cp200C__single.ef2f7cf60806a96b59f4477b025580ee,strict,200C,single,,0,3,True,[],"[{""original_token"": ""NIGERIA"", ""salted_token"": ""NI‌GERIA"", ""start"": 1302, ""end"": 1309, ""salt_mode"": ""single"", ""fragment_max_positions"": null}, {""original_token"": ""NIGERIA"", ""salted_token"": ""NI‌GERIA"", ""start"": 1499, ""end"": 1506, ""salt_mode"": ""single"", ""fragment_max_positions"": null}, {""original_token"": ""Nigeria"", ""salted_token"": ""Ni‌geria"", ""start"": 1730, ""end"": 1737, ""salt_mode"": ""single"", ""fragment_max_positions"": null}]"
00179.ef2f7cf60806a96b59f4477b025580ee,00179__salted__strict__cp200D__single.ef2f7cf60806a96b59f4477b025580ee,strict,200D,single,,0,3,True,[],"[{""original_token"": ""NIGERIA"", ""salted_token"": ""NI‍GERIA"", ""start"": 1302, ""end"": 1309, ""salt_mode"": ""single"", ""fragment_max_positions"": null}, {""original_token"": ""NIGERIA"", ""salted_token"": ""NI‍GERIA"", ""start"": 1499, ""end"": 1506, ""salt_mode"": ""single"", ""fragment_max_positions"": null}, {""original_token"": ""Nigeria"", ""salted_token"": ""Ni‍geria"", ""start"": 1730, ""end"": 1737, ""salt_mode"": ""single"", ""fragment_max_positions"": null}]"
00179.ef2f7cf60806a96b59f4477b025580ee,00179__salted__strict__cp00AD__single.ef2f7cf60806a96b59f4477b025580ee,strict,00AD,single,,0,3,True,[],"[{""original_token"": ""NIGERIA"", ""salted_token"": ""NI­GERIA"", ""start"": 1302, ""end"": 1309, ""salt_mode"": ""single"", ""fragment_max_positions"": null}, {""original_token"": ""NIGERIA"", ""salted_token"": ""NI­GERIA"", ""start"": 1499, ""end"": 1506, ""salt_mode"": ""single"", ""fragment_max_positions"": null}, {""original_token"": ""Nigeria"", ""salted_token"": ""Ni­geria"", ""start"": 1730, ""end"": 1737, ""salt_mode"": ""single"", ""fragment_max_positions"": null}]"
00180.751cb63992e172566b3a296d970c425d,00180__salted__strict__cp200B__single.751cb63992e172566b3a296d970c425d,strict,200B,single,,0,1,True,[],"[{""original_token"": ""promotion"", ""salted_token"": ""pr​omotion"", ""start"": 487, ""end"": 496, ""salt_mode"": ""single"", ""fragment_max_positions"": null}]"
00180.751cb63992e172566b3a296d970c425d,00180__salted__strict__cp200C__single.751cb63992e172566b3a296d970c425d,strict,200C,single,,0,1,True,[],"[{""original_token"": ""promotion"", ""salted_token"": ""pr‌omotion"", ""start"": 487, ""end"": 496, ""salt_mode"": ""single"", ""fragment_max_positions"": null}]"
00180.751cb63992e172566b3a296d970c425d,00180__salted__strict__cp200D__single.751cb63992e172566b3a296d970c425d,strict,200D,single,,0,1,True,[],"[{""original_token"": ""promotion"", ""salted_token"": ""pr‍omotion"", ""start"": 487, ""end"": 496, ""salt_mode"": ""single"", ""fragment_max_positions"": null}]"
00180.751cb63992e172566b3a296d970c425d,00180__salted__strict__cp00AD__single.751cb63992e172566b3a296d970c425d,strict,00AD,single,,0,1,True,[],"[{""original_token"": ""promotion"", ""salted_token"": ""pr­omotion"", ""start"": 487, ""end"": 496, ""salt_mode"": ""single"", ""fragment_max_positions"": null}]"
00182.1b9ba0f95506a6f2bf256f40fad0687d,00182__salted__strict__cp200B__single.1b9ba0f95506a6f2bf256f40fad0687d,strict,200B,single,,0,3,True,[],"[{""original_token"": ""mailings"", ""salted_token"": ""ma​ilings"", ""start"": 8, ""end"": 16, ""salt_mode"": ""single"", ""fragment_max_positions"": null}, {""original_token"": ""Postal"", ""salted_token"": ""Po​stal"", ""start"": 4056, ""end"": 4062, ""salt_mode"": ""single"", ""fragment_max_positions"": null}, {""original_token"": ""ATTAINED"", ""salted_token"": ""AT​TAINED"", ""start"": 5617, ""end"": 5625, ""salt_mode"": ""single"", ""fragment_max_positions"": null}]"
00182.1b9ba0f95506a6f2bf256f40fad0687d,00182__salted__strict__cp200C__single.1b9ba0f95506a6f2bf256f40fad0687d,strict,200C,single,,0,3,True,[],"[{""original_token"": ""mailings"", ""salted_token"": ""ma‌ilings"", ""start"": 8, ""end"": 16, ""salt_mode"": ""single"", ""fragment_max_positions"": null}, {""original_token"": ""Postal"", ""salted_token"": ""Po‌stal"", ""start"": 4056, ""end"": 4062, ""salt_mode"": ""single"", ""fragment_max_positions"": null}, {""original_token"": ""ATTAINED"", ""salted_token"": ""AT‌TAINED"", ""start"": 5617, ""end"": 5625, ""salt_mode"": ""single"", ""fragment_max_positions"": null}]"
00182.1b9ba0f95506a6f2bf256f40fad0687d,00182__salted__strict__cp200D__single.1b9ba0f95506a6f2bf256f40fad0687d,strict,200D,single,,0,3,True,[],"[{""original_token"": ""mailings"", ""salted_token"": ""ma‍ilings"", ""start"": 8, ""end"": 16, ""salt_mode"": ""single"", ""fragment_max_positions"": null}, {""original_token"": ""Postal"", ""salted_token"": ""Po‍stal"", ""start"": 4056, ""end"": 4062, ""salt_mode"": ""single"", ""fragment_max_positions"": null}, {""original_token"": ""ATTAINED"", ""salted_token"": ""AT‍TAINED"", ""start"": 5617, ""end"": 5625, ""salt_mode"": ""single"", ""fragment_max_positions"": null}]"
00182.1b9ba0f95506a6f2bf256f40fad0687d,00182__salted__strict__cp00AD__single.1b9ba0f95506a6f2bf256f40fad0687d,strict,00AD,single,,0,3,True,[],"[{""original_token"": ""mailings"", ""salted_token"": ""ma­ilings"", ""start"": 8, ""end"": 16, ""salt_mode"": ""single"", ""fragment_max_positions"": null}, {""original_token"": ""Postal"", ""salted_token"": ""Po­stal"", ""start"": 4056, ""end"": 4062, ""salt_mode"": ""single"", ""fragment_max_positions"": null}, {""original_token"": ""ATTAINED"", ""salted_token"": ""AT­TAINED"", ""start"": 5617, ""end"": 5625, ""salt_mode"": ""single"", ""fragment_max_positions"": null}]"
00186.a66b4fc4ab114c9cb37e1a31d1ea1aeb,00186__salted__strict__cp200B__single.a66b4fc4ab114c9cb37e1a31d1ea1aeb,strict,200B,single,,0,1,True,[],"[{""original_token"": ""mailings"", ""salted_token"": ""ma​ilings"", ""start"": 1089, ""end"": 1097, ""salt_mode"": ""single"", ""fragment_max_positions"": null}]"
00186.a66b4fc4ab114c9cb37e1a31d1ea1aeb,00186__salted__strict__cp200C__single.a66b4fc4ab114c9cb37e1a31d1ea1aeb,strict,200C,single,,0,1,True,[],"[{""original_token"": ""mailings"", ""salted_token"": ""ma‌ilings"", ""start"": 1089, ""end"": 1097, ""salt_mode"": ""single"", ""fragment_max_positions"": null}]"
00186.a66b4fc4ab114c9cb37e1a31d1ea1aeb,00186__salted__strict__cp200D__single.a66b4fc4ab114c9cb37e1a31d1ea1aeb,strict,200D,single,,0,1,True,[],"[{""original_token"": ""mailings"", ""salted_token"": ""ma‍ilings"", ""start"": 1089, ""end"": 1097, ""salt_mode"": ""single"", ""fragment_max_positions"": null}]"
00186.a66b4fc4ab114c9cb37e1a31d1ea1aeb,00186__salted__strict__cp00AD__single.a66b4fc4ab114c9cb37e1a31d1ea1aeb,strict,00AD,single,,0,1,True,[],"[{""original_token"": ""mailings"", ""salted_token"": ""ma­ilings"", ""start"": 1089, ""end"": 1097, ""salt_mode"": ""single"", ""fragment_max_positions"": null}]"
00188.b12197b37ceb97fa0cd802566c1e08db,00188__salted__strict__cp200B__single.b12197b37ceb97fa0cd802566c1e08db,strict,200B,single,,0,2,True,[],"[{""original_token"": ""toll"", ""salted_token"": ""to​ll"", ""start"": 403, ""end"": 407, ""salt_mode"": ""single"", ""fragment_max_positions"": null}, {""original_token"": ""promotion"", ""salted_token"": ""pr​omotion"", ""start"": 1542, ""end"": 1551, ""salt_mode"": ""single"", ""fragment_max_positions"": null}]"
00188.b12197b37ceb97fa0cd802566c1e08db,00188__salted__strict__cp200C__single.b12197b37ceb97fa0cd802566c1e08db,strict,200C,single,,0,2,True,[],"[{""original_token"": ""toll"", ""salted_token"": ""to‌ll"", ""start"": 403, ""end"": 407, ""salt_mode"": ""single"", ""fragment_max_positions"": null}, {""original_token"": ""promotion"", ""salted_token"": ""pr‌omotion"", ""start"": 1542, ""end"": 1551, ""salt_mode"": ""single"", ""fragment_max_positions"": null}]"
00188.b12197b37ceb97fa0cd802566c1e08db,00188__salted__strict__cp200D__single.b12197b37ceb97fa0cd802566c1e08db,strict,200D,single,,0,2,True,[],"[{""original_token"": ""toll"", ""salted_token"": ""to‍ll"", ""start"": 403, ""end"": 407, ""salt_mode"": ""single"", ""fragment_max_positions"": null}, {""original_token"": ""promotion"", ""salted_token"": ""pr‍omotion"", ""start"": 1542, ""end"": 1551, ""salt_mode"": ""single"", ""fragment_max_positions"": null}]"
00188.b12197b37ceb97fa0cd802566c1e08db,00188__salted__strict__cp00AD__single.b12197b37ceb97fa0cd802566c1e08db,strict,00AD,single,,0,2,True,[],"[{""original_token"": ""toll"", ""salted_token"": ""to­ll"", ""start"": 403, ""end"": 407, ""salt_mode"": ""single"", ""fragment_max_positions"": null}, {""original_token"": ""promotion"", ""salted_token"": ""pr­omotion"", ""start"": 1542, ""end"": 1551, ""salt_mode"": ""single"", ""fragment_max_positions"": null}]"
00190.ee2ea200e7efa602221c6492f9d9d8c0,00190__salted__strict__cp200B__single.ee2ea200e7efa602221c6492f9d9d8c0,strict,200B,single,,0,2,True,[],"[{""original_token"": ""toll"", ""salted_token"": ""to​ll"", ""start"": 403, ""end"": 407, ""salt_mode"": ""single"", ""fragment_max_positions"": null}, {""original_token"": ""promotion"", ""salted_token"": ""pr​omotion"", ""start"": 1542, ""end"": 1551, ""salt_mode"": ""single"", ""fragment_max_positions"": null}]"
00190.ee2ea200e7efa602221c6492f9d9d8c0,00190__salted__strict__cp200C__single.ee2ea200e7efa602221c6492f9d9d8c0,strict,200C,single,,0,2,True,[],"[{""original_token"": ""toll"", ""salted_token"": ""to‌ll"", ""start"": 403, ""end"": 407, ""salt_mode"": ""single"", ""fragment_max_positions"": null}, {""original_token"": ""promotion"", ""salted_token"": ""pr‌omotion"", ""start"": 1542, ""end"": 1551, ""salt_mode"": ""single"", ""fragment_max_positions"": null}]"
00190.ee2ea200e7efa602221c6492f9d9d8c0,00190__salted__strict__cp200D__single.ee2ea200e7efa602221c6492f9d9d8c0,strict,200D,single,,0,2,True,[],"[{""original_token"": ""toll"", ""salted_token"": ""to‍ll"", ""start"": 403, ""end"": 407, ""salt_mode"": ""single"", ""fragment_max_positions"": null}, {""original_token"": ""promotion"", ""salted_token"": ""pr‍omotion"", ""start"": 1542, ""end"": 1551, ""salt_mode"": ""single"", ""fragment_max_positions"": null}]"
00190.ee2ea200e7efa602221c6492f9d9d8c0,00190__salted__strict__cp00AD__single.ee2ea200e7efa602221c6492f9d9d8c0,strict,00AD,single,,0,2,True,[],"[{""original_token"": ""toll"", ""salted_token"": ""to­ll"", ""start"": 403, ""end"": 407, ""salt_mode"": ""single"", ""fragment_max_positions"": null}, {""original_token"": ""promotion"", ""salted_token"": ""pr­omotion"", ""start"": 1542, ""end"": 1551, ""salt_mode"": ""single"", ""fragment_max_positions"": null}]"
00191.9ff80a41f015b7a6c409732e41c0df07,00191__salted__strict__cp200B__single.9ff80a41f015b7a6c409732e41c0df07,strict,200B,single,,0,1,True,[],"[{""original_token"": ""promotion"", ""salted_token"": ""pr​omotion"", ""start"": 444, ""end"": 453, ""salt_mode"": ""single"", ""fragment_max_positions"": null}]"
00191.9ff80a41f015b7a6c409732e41c0df07,00191__salted__strict__cp200C__single.9ff80a41f015b7a6c409732e41c0df07,strict,200C,single,,0,1,True,[],"[{""original_token"": ""promotion"", ""salted_token"": ""pr‌omotion"", ""start"": 444, ""end"": 453, ""salt_mode"": ""single"", ""fragment_max_positions"": null}]"
00191.9ff80a41f015b7a6c409732e41c0df07,00191__salted__strict__cp200D__single.9ff80a41f015b7a6c409732e41c0df07,strict,200D,single,,0,1,True,[],"[{""original_token"": ""promotion"", ""salted_token"": ""pr‍omotion"", ""start"": 444, ""end"": 453, ""salt_mode"": ""single"", ""fragment_max_positions"": null}]"
00191.9ff80a41f015b7a6c409732e41c0df07,00191__salted__strict__cp00AD__single.9ff80a41f015b7a6c409732e41c0df07,strict,00AD,single,,0,1,True,[],"[{""original_token"": ""promotion"", ""salted_token"": ""pr­omotion"", ""start"": 444, ""end"": 453, ""salt_mode"": ""single"", ""fragment_max_positions"": null}]"
00196.dd21040c7757d477c967ae71b537810e,00196__salted__strict__cp200B__single.dd21040c7757d477c967ae71b537810e,strict,200B,single,,1,0,False,"[{""original_token"": ""SYSTEMWORKS"", ""salted_token"": ""SY​STEMWORKS"", ""start"": 11, ""end"": 22, ""salt_mode"": ""single"", ""fragment_max_positions"": null}]",[]
00196.dd21040c7757d477c967ae71b537810e,00196__salted__strict__cp200C__single.dd21040c7757d477c967ae71b537810e,strict,200C,single,,1,0,False,"[{""original_token"": ""SYSTEMWORKS"", ""salted_token"": ""SY‌STEMWORKS"", ""start"": 11, ""end"": 22, ""salt_mode"": ""single"", ""fragment_max_positions"": null}]",[]
00196.dd21040c7757d477c967ae71b537810e,00196__salted__strict__cp200D__single.dd21040c7757d477c967ae71b537810e,strict,200D,single,,1,0,False,"[{""original_token"": ""SYSTEMWORKS"", ""salted_token"": ""SY‍STEMWORKS"", ""start"": 11, ""end"": 22, ""salt_mode"": ""single"", ""fragment_max_positions"": null}]",[]
00196.dd21040c7757d477c967ae71b537810e,00196__salted__strict__cp00AD__single.dd21040c7757d477c967ae71b537810e,strict,00AD,single,,1,0,False,"[{""original_token"": ""SYSTEMWORKS"", ""salted_token"": ""SY­STEMWORKS"", ""start"": 11, ""end"": 22, ""salt_mode"": ""single"", ""fragment_max_positions"": null}]",[]
00198.150ad975a44e356b479b88d8b57edc40,00198__salted__strict__cp200B__single.150ad975a44e356b479b88d8b57edc40,strict,200B,single,,0,1,True,[],"[{""original_token"": ""toll"", ""salted_token"": ""to​ll"", ""start"": 804, ""end"": 808, ""salt_mode"": ""single"", ""fragment_max_positions"": null}]"
00198.150ad975a44e356b479b88d8b57edc40,00198__salted__strict__cp200C__single.150ad975a44e356b479b88d8b57edc40,strict,200C,single,,0,1,True,[],"[{""original_token"": ""toll"", ""salted_token"": ""to‌ll"", ""start"": 804, ""end"": 808, ""salt_mode"": ""single"", ""fragment_max_positions"": null}]"
00198.150ad975a44e356b479b88d8b57edc40,00198__salted__strict__cp200D__single.150ad975a44e356b479b88d8b57edc40,strict,200D,single,,0,1,True,[],"[{""original_token"": ""toll"", ""salted_token"": ""to‍ll"", ""start"": 804, ""end"": 808, ""salt_mode"": ""single"", ""fragment_max_positions"": null}]"
00198.150ad975a44e356b479b88d8b57edc40,00198__salted__strict__cp00AD__single.150ad975a44e356b479b88d8b57edc40,strict,00AD,single,,0,1,True,[],"[{""original_token"": ""toll"", ""salted_token"": ""to­ll"", ""start"": 804, ""end"": 808, ""salt_mode"": ""single"", ""fragment_max_positions"": null}]"
00207.0b71ac81a360455c1514f5872564b1e1,00207__salted__strict__cp200B__single.0b71ac81a360455c1514f5872564b1e1,strict,200B,single,,0,1,True,[],"[{""original_token"": ""Mailings"", ""salted_token"": ""Ma​ilings"", ""start"": 2314, ""end"": 2322, ""salt_mode"": ""single"", ""fragment_max_positions"": null}]"
00207.0b71ac81a360455c1514f5872564b1e1,00207__salted__strict__cp200C__single.0b71ac81a360455c1514f5872564b1e1,strict,200C,single,,0,1,True,[],"[{""original_token"": ""Mailings"", ""salted_token"": ""Ma‌ilings"", ""start"": 2314, ""end"": 2322, ""salt_mode"": ""single"", ""fragment_max_positions"": null}]"
00207.0b71ac81a360455c1514f5872564b1e1,00207__salted__strict__cp200D__single.0b71ac81a360455c1514f5872564b1e1,strict,200D,single,,0,1,True,[],"[{""original_token"": ""Mailings"", ""salted_token"": ""Ma‍ilings"", ""start"": 2314, ""end"": 2322, ""salt_mode"": ""single"", ""fragment_max_positions"": null}]"
00207.0b71ac81a360455c1514f5872564b1e1,00207__salted__strict__cp00AD__single.0b71ac81a360455c1514f5872564b1e1,strict,00AD,single,,0,1,True,[],"[{""original_token"": ""Mailings"", ""salted_token"": ""Ma­ilings"", ""start"": 2314, ""end"": 2322, ""salt_mode"": ""single"", ""fragment_max_positions"": null}]"
00209.5276f967533f2ce0209c1eff631a86ff,00209__salted__strict__cp200B__single.5276f967533f2ce0209c1eff631a86ff,strict,200B,single,,0,1,True,[],"[{""original_token"": ""mailings"", ""salted_token"": ""ma​ilings"", ""start"": 1206, ""end"": 1214, ""salt_mode"": ""single"", ""fragment_max_positions"": null}]"
00209.5276f967533f2ce0209c1eff631a86ff,00209__salted__strict__cp200C__single.5276f967533f2ce0209c1eff631a86ff,strict,200C,single,,0,1,True,[],"[{""original_token"": ""mailings"", ""salted_token"": ""ma‌ilings"", ""start"": 1206, ""end"": 1214, ""salt_mode"": ""single"", ""fragment_max_positions"": null}]"
00209.5276f967533f2ce0209c1eff631a86ff,00209__salted__strict__cp200D__single.5276f967533f2ce0209c1eff631a86ff,strict,200D,single,,0,1,True,[],"[{""original_token"": ""mailings"", ""salted_token"": ""ma‍ilings"", ""start"": 1206, ""end"": 1214, ""salt_mode"": ""single"", ""fragment_max_positions"": null}]"
00209.5276f967533f2ce0209c1eff631a86ff,00209__salted__strict__cp00AD__single.5276f967533f2ce0209c1eff631a86ff,strict,00AD,single,,0,1,True,[],"[{""original_token"": ""mailings"", ""salted_token"": ""ma­ilings"", ""start"": 1206, ""end"": 1214, ""salt_mode"": ""single"", ""fragment_max_positions"": null}]"
00211.4a52fb081c7087c4a82402342751e755,00211__salted__strict__cp200B__single.4a52fb081c7087c4a82402342751e755,strict,200B,single,,1,1,True,"[{""original_token"": ""ADV"", ""salted_token"": ""AD​V"", ""start"": 0, ""end"": 3, ""salt_mode"": ""single"", ""fragment_max_positions"": null}]","[{""original_token"": ""toll"", ""salted_token"": ""to​ll"", ""start"": 353, ""end"": 357, ""salt_mode"": ""single"", ""fragment_max_positions"": null}]"
00211.4a52fb081c7087c4a82402342751e755,00211__salted__strict__cp200C__single.4a52fb081c7087c4a82402342751e755,strict,200C,single,,1,1,True,"[{""original_token"": ""ADV"", ""salted_token"": ""AD‌V"", ""start"": 0, ""end"": 3, ""salt_mode"": ""single"", ""fragment_max_positions"": null}]","[{""original_token"": ""toll"", ""salted_token"": ""to‌ll"", ""start"": 353, ""end"": 357, ""salt_mode"": ""single"", ""fragment_max_positions"": null}]"
00211.4a52fb081c7087c4a82402342751e755,00211__salted__strict__cp200D__single.4a52fb081c7087c4a82402342751e755,strict,200D,single,,1,1,True,"[{""original_token"": ""ADV"", ""salted_token"": ""AD‍V"", ""start"": 0, ""end"": 3, ""salt_mode"": ""single"", ""fragment_max_positions"": null}]","[{""original_token"": ""toll"", ""salted_token"": ""to‍ll"", ""start"": 353, ""end"": 357, ""salt_mode"": ""single"", ""fragment_max_positions"": null}]"
00211.4a52fb081c7087c4a82402342751e755,00211__salted__strict__cp00AD__single.4a52fb081c7087c4a82402342751e755,strict,00AD,single,,1,1,True,"[{""original_token"": ""ADV"", ""salted_token"": ""AD­V"", ""start"": 0, ""end"": 3, ""salt_mode"": ""single"", ""fragment_max_positions"": null}]","[{""original_token"": ""toll"", ""salted_token"": ""to­ll"", ""start"": 353, ""end"": 357, ""salt_mode"": ""single"", ""fragment_max_positions"": null}]"
00214.1367039e50dc6b7adb0f2aa8aba83216,00214__salted__strict__cp200B__single.1367039e50dc6b7adb0f2aa8aba83216,strict,200B,single,,1,3,True,"[{""original_token"": ""Annuity"", ""salted_token"": ""An​nuity"", ""start"": 29, ""end"": 36, ""salt_mode"": ""single"", ""fragment_max_positions"": null}]","[{""original_token"": ""annuity"", ""salted_token"": ""an​nuity"", ""start"": 38, ""end"": 45, ""salt_mode"": ""single"", ""fragment_max_positions"": null}, {""original_token"": ""Guaranteed"", ""salted_token"": ""Gu​aranteed"", ""start"": 59, ""end"": 69, ""salt_mode"": ""single"", ""fragment_max_positions"": null}, {""original_token"": ""mailings"", ""salted_token"": ""ma​ilings"", ""start"": 484, ""end"": 492, ""salt_mode"": ""single"", ""fragment_max_positions"": null}]"
00214.1367039e50dc6b7adb0f2aa8aba83216,00214__salted__strict__cp200C__single.1367039e50dc6b7adb0f2aa8aba83216,strict,200C,single,,1,3,True,"[{""original_token"": ""Annuity"", ""salted_token"": ""An‌nuity"", ""start"": 29, ""end"": 36, ""salt_mode"": ""single"", ""fragment_max_positions"": null}]","[{""original_token"": ""annuity"", ""salted_token"": ""an‌nuity"", ""start"": 38, ""end"": 45, ""salt_mode"": ""single"", ""fragment_max_positions"": null}, {""original_token"": ""Guaranteed"", ""salted_token"": ""Gu‌aranteed"", ""start"": 59, ""end"": 69, ""salt_mode"": ""single"", ""fragment_max_positions"": null}, {""original_token"": ""mailings"", ""salted_token"": ""ma‌ilings"", ""start"": 484, ""end"": 492, ""salt_mode"": ""single"", ""fragment_max_positions"": null}]"
00214.1367039e50dc6b7adb0f2aa8aba83216,00214__salted__strict__cp200D__single.1367039e50dc6b7adb0f2aa8aba83216,strict,200D,single,,1,3,True,"[{""original_token"": ""Annuity"", ""salted_token"": ""An‍nuity"", ""start"": 29, ""end"": 36, ""salt_mode"": ""single"", ""fragment_max_positions"": null}]","[{""original_token"": ""annuity"", ""salted_token"": ""an‍nuity"", ""start"": 38, ""end"": 45, ""salt_mode"": ""single"", ""fragment_max_positions"": null}, {""original_token"": ""Guaranteed"", ""salted_token"": ""Gu‍aranteed"", ""start"": 59, ""end"": 69, ""salt_mode"": ""single"", ""fragment_max_positions"": null}, {""original_token"": ""mailings"", ""salted_token"": ""ma‍ilings"", ""start"": 484, ""end"": 492, ""salt_mode"": ""single"", ""fragment_max_positions"": null}]"
00214.1367039e50dc6b7adb0f2aa8aba83216,00214__salted__strict__cp00AD__single.1367039e50dc6b7adb0f2aa8aba83216,strict,00AD,single,,1,3,True,"[{""original_token"": ""Annuity"", ""salted_token"": ""An­nuity"", ""start"": 29, ""end"": 36, ""salt_mode"": ""single"", ""fragment_max_positions"": null}]","[{""original_token"": ""annuity"", ""salted_token"": ""an­nuity"", ""start"": 38, ""end"": 45, ""salt_mode"": ""single"", ""fragment_max_positions"": null}, {""original_token"": ""Guaranteed"", ""salted_token"": ""Gu­aranteed"", ""start"": 59, ""end"": 69, ""salt_mode"": ""single"", ""fragment_max_positions"": null}, {""original_token"": ""mailings"", ""salted_token"": ""ma­ilings"", ""start"": 484, ""end"": 492, ""salt_mode"": ""single"", ""fragment_max_positions"": null}]"
00217.43b4ef3d9c56cf42be9c37b546a19e78,00217__salted__strict__cp200B__single.43b4ef3d9c56cf42be9c37b546a19e78,strict,200B,single,,1,0,False,"[{""original_token"": ""MLM"", ""salted_token"": ""ML​M"", ""start"": 56, ""end"": 59, ""salt_mode"": ""single"", ""fragment_max_positions"": null}]",[]
00217.43b4ef3d9c56cf42be9c37b546a19e78,00217__salted__strict__cp200C__single.43b4ef3d9c56cf42be9c37b546a19e78,strict,200C,single,,1,0,False,"[{""original_token"": ""MLM"", ""salted_token"": ""ML‌M"", ""start"": 56, ""end"": 59, ""salt_mode"": ""single"", ""fragment_max_positions"": null}]",[]
00217.43b4ef3d9c56cf42be9c37b546a19e78,00217__salted__strict__cp200D__single.43b4ef3d9c56cf42be9c37b546a19e78,strict,200D,single,,1,0,False,"[{""original_token"": ""MLM"", ""salted_token"": ""ML‍M"", ""start"": 56, ""end"": 59, ""salt_mode"": ""single"", ""fragment_max_positions"": null}]",[]
00217.43b4ef3d9c56cf42be9c37b546a19e78,00217__salted__strict__cp00AD__single.43b4ef3d9c56cf42be9c37b546a19e78,strict,00AD,single,,1,0,False,"[{""original_token"": ""MLM"", ""salted_token"": ""ML­M"", ""start"": 56, ""end"": 59, ""salt_mode"": ""single"", ""fragment_max_positions"": null}]",[]
00224.0654fe0af51e1dcefa0eb66eb932f55f,00224__salted__strict__cp200B__single.0654fe0af51e1dcefa0eb66eb932f55f,strict,200B,single,,1,2,True,"[{""original_token"": ""ASSISTANCE"", ""salted_token"": ""AS​SISTANCE"", ""start"": 7, ""end"": 17, ""salt_mode"": ""single"", ""fragment_max_positions"": null}]","[{""original_token"": ""assistance"", ""salted_token"": ""as​sistance"", ""start"": 1966, ""end"": 1976, ""salt_mode"": ""single"", ""fragment_max_positions"": null}, {""original_token"": ""assistance"", ""salted_token"": ""as​sistance"", ""start"": 2225, ""end"": 2235, ""salt_mode"": ""single"", ""fragment_max_positions"": null}]"
00224.0654fe0af51e1dcefa0eb66eb932f55f,00224__salted__strict__cp200C__single.0654fe0af51e1dcefa0eb66eb932f55f,strict,200C,single,,1,2,True,"[{""original_token"": ""ASSISTANCE"", ""salted_token"": ""AS‌SISTANCE"", ""start"": 7, ""end"": 17, ""salt_mode"": ""single"", ""fragment_max_positions"": null}]","[{""original_token"": ""assistance"", ""salted_token"": ""as‌sistance"", ""start"": 1966, ""end"": 1976, ""salt_mode"": ""single"", ""fragment_max_positions"": null}, {""original_token"": ""assistance"", ""salted_token"": ""as‌sistance"", ""start"": 2225, ""end"": 2235, ""salt_mode"": ""single"", ""fragment_max_positions"": null}]"
00224.0654fe0af51e1dcefa0eb66eb932f55f,00224__salted__strict__cp200D__single.0654fe0af51e1dcefa0eb66eb932f55f,strict,200D,single,,1,2,True,"[{""original_token"": ""ASSISTANCE"", ""salted_token"": ""AS‍SISTANCE"", ""start"": 7, ""end"": 17, ""salt_mode"": ""single"", ""fragment_max_positions"": null}]","[{""original_token"": ""assistance"", ""salted_token"": ""as‍sistance"", ""start"": 1966, ""end"": 1976, ""salt_mode"": ""single"", ""fragment_max_positions"": null}, {""original_token"": ""assistance"", ""salted_token"": ""as‍sistance"", ""start"": 2225, ""end"": 2235, ""salt_mode"": ""single"", ""fragment_max_positions"": null}]"
00224.0654fe0af51e1dcefa0eb66eb932f55f,00224__salted__strict__cp00AD__single.0654fe0af51e1dcefa0eb66eb932f55f,strict,00AD,single,,1,2,True,"[{""original_token"": ""ASSISTANCE"", ""salted_token"": ""AS­SISTANCE"", ""start"": 7, ""end"": 17, ""salt_mode"": ""single"", ""fragment_max_positions"": null}]","[{""original_token"": ""assistance"", ""salted_token"": ""as­sistance"", ""start"": 1966, ""end"": 1976, ""salt_mode"": ""single"", ""fragment_max_positions"": null}, {""original_token"": ""assistance"", ""salted_token"": ""as­sistance"", ""start"": 2225, ""end"": 2235, ""salt_mode"": ""single"", ""fragment_max_positions"": null}]"
00228.cf58326ab05a757c7e759acc8d6b360d,00228__salted__strict__cp200B__single.cf58326ab05a757c7e759acc8d6b360d,strict,200B,single,,0,2,True,[],"[{""original_token"": ""ASSISTANCE"", ""salted_token"": ""AS​SISTANCE"", ""start"": 29, ""end"": 39, ""salt_mode"": ""single"", ""fragment_max_positions"": null}, {""original_token"": ""assistance"", ""salted_token"": ""as​sistance"", ""start"": 341, ""end"": 351, ""salt_mode"": ""single"", ""fragment_max_positions"": null}]"
00228.cf58326ab05a757c7e759acc8d6b360d,00228__salted__strict__cp200C__single.cf58326ab05a757c7e759acc8d6b360d,strict,200C,single,,0,2,True,[],"[{""original_token"": ""ASSISTANCE"", ""salted_token"": ""AS‌SISTANCE"", ""start"": 29, ""end"": 39, ""salt_mode"": ""single"", ""fragment_max_positions"": null}, {""original_token"": ""assistance"", ""salted_token"": ""as‌sistance"", ""start"": 341, ""end"": 351, ""salt_mode"": ""single"", ""fragment_max_positions"": null}]"
00228.cf58326ab05a757c7e759acc8d6b360d,00228__salted__strict__cp200D__single.cf58326ab05a757c7e759acc8d6b360d,strict,200D,single,,0,2,True,[],"[{""original_token"": ""ASSISTANCE"", ""salted_token"": ""AS‍SISTANCE"", ""start"": 29, ""end"": 39, ""salt_mode"": ""single"", ""fragment_max_positions"": null}, {""original_token"": ""assistance"", ""salted_token"": ""as‍sistance"", ""start"": 341, ""end"": 351, ""salt_mode"": ""single"", ""fragment_max_positions"": null}]"
00228.cf58326ab05a757c7e759acc8d6b360d,00228__salted__strict__cp00AD__single.cf58326ab05a757c7e759acc8d6b360d,strict,00AD,single,,0,2,True,[],"[{""original_token"": ""ASSISTANCE"", ""salted_token"": ""AS­SISTANCE"", ""start"": 29, ""end"": 39, ""salt_mode"": ""single"", ""fragment_max_positions"": null}, {""original_token"": ""assistance"", ""salted_token"": ""as­sistance"", ""start"": 341, ""end"": 351, ""salt_mode"": ""single"", ""fragment_max_positions"": null}]"
00231.8c72952de376293bc38d30834c0bb580,00231__salted__strict__cp200B__single.8c72952de376293bc38d30834c0bb580,strict,200B,single,,1,0,False,"[{""original_token"": ""HGH"", ""salted_token"": ""HG​H"", ""start"": 5, ""end"": 8, ""salt_mode"": ""single"", ""fragment_max_positions"": null}]",[]
00231.8c72952de376293bc38d30834c0bb580,00231__salted__strict__cp200C__single.8c72952de376293bc38d30834c0bb580,strict,200C,single,,1,0,False,"[{""original_token"": ""HGH"", ""salted_token"": ""HG‌H"", ""start"": 5, ""end"": 8, ""salt_mode"": ""single"", ""fragment_max_positions"": null}]",[]
00231.8c72952de376293bc38d30834c0bb580,00231__salted__strict__cp200D__single.8c72952de376293bc38d30834c0bb580,strict,200D,single,,1,0,False,"[{""original_token"": ""HGH"", ""salted_token"": ""HG‍H"", ""start"": 5, ""end"": 8, ""salt_mode"": ""single"", ""fragment_max_positions"": null}]",[]
00231.8c72952de376293bc38d30834c0bb580,00231__salted__strict__cp00AD__single.8c72952de376293bc38d30834c0bb580,strict,00AD,single,,1,0,False,"[{""original_token"": ""HGH"", ""salted_token"": ""HG­H"", ""start"": 5, ""end"": 8, ""salt_mode"": ""single"", ""fragment_max_positions"": null}]",[]
00233.3c32285387ebc0675adb029b9e20e581,00233__salted__strict__cp200B__single.3c32285387ebc0675adb029b9e20e581,strict,200B,single,,1,1,True,"[{""original_token"": ""Guaranteed"", ""salted_token"": ""Gu​aranteed"", ""start"": 7, ""end"": 17, ""salt_mode"": ""single"", ""fragment_max_positions"": null}]","[{""original_token"": ""mailings"", ""salted_token"": ""ma​ilings"", ""start"": 821, ""end"": 829, ""salt_mode"": ""single"", ""fragment_max_positions"": null}]"
00233.3c32285387ebc0675adb029b9e20e581,00233__salted__strict__cp200C__single.3c32285387ebc0675adb029b9e20e581,strict,200C,single,,1,1,True,"[{""original_token"": ""Guaranteed"", ""salted_token"": ""Gu‌aranteed"", ""start"": 7, ""end"": 17, ""salt_mode"": ""single"", ""fragment_max_positions"": null}]","[{""original_token"": ""mailings"", ""salted_token"": ""ma‌ilings"", ""start"": 821, ""end"": 829, ""salt_mode"": ""single"", ""fragment_max_positions"": null}]"
00233.3c32285387ebc0675adb029b9e20e581,00233__salted__strict__cp200D__single.3c32285387ebc0675adb029b9e20e581,strict,200D,single,,1,1,True,"[{""original_token"": ""Guaranteed"", ""salted_token"": ""Gu‍aranteed"", ""start"": 7, ""end"": 17, ""salt_mode"": ""single"", ""fragment_max_positions"": null}]","[{""original_token"": ""mailings"", ""salted_token"": ""ma‍ilings"", ""start"": 821, ""end"": 829, ""salt_mode"": ""single"", ""fragment_max_positions"": null}]"
00233.3c32285387ebc0675adb029b9e20e581,00233__salted__strict__cp00AD__single.3c32285387ebc0675adb029b9e20e581,strict,00AD,single,,1,1,True,"[{""original_token"": ""Guaranteed"", ""salted_token"": ""Gu­aranteed"", ""start"": 7, ""end"": 17, ""salt_mode"": ""single"", ""fragment_max_positions"": null}]","[{""original_token"": ""mailings"", ""salted_token"": ""ma­ilings"", ""start"": 821, ""end"": 829, ""salt_mode"": ""single"", ""fragment_max_positions"": null}]"
00236.a46588c69d43e80c618038b95eff2893,00236__salted__strict__cp200B__single.a46588c69d43e80c618038b95eff2893,strict,200B,single,,0,3,True,[],"[{""original_token"": ""MASTERCARD"", ""salted_token"": ""MA​STERCARD"", ""start"": 1271, ""end"": 1281, ""salt_mode"": ""single"", ""fragment_max_positions"": null}, {""original_token"": ""payable"", ""salted_token"": ""pa​yable"", ""start"": 1567, ""end"": 1574, ""salt_mode"": ""single"", ""fragment_max_positions"": null}, {""original_token"": ""Postal"", ""salted_token"": ""Po​stal"", ""start"": 2189, ""end"": 2195, ""salt_mode"": ""single"", ""fragment_max_positions"": null}]"
00236.a46588c69d43e80c618038b95eff2893,00236__salted__strict__cp200C__single.a46588c69d43e80c618038b95eff2893,strict,200C,single,,0,3,True,[],"[{""original_token"": ""MASTERCARD"", ""salted_token"": ""MA‌STERCARD"", ""start"": 1271, ""end"": 1281, ""salt_mode"": ""single"", ""fragment_max_positions"": null}, {""original_token"": ""payable"", ""salted_token"": ""pa‌yable"", ""start"": 1567, ""end"": 1574, ""salt_mode"": ""single"", ""fragment_max_positions"": null}, {""original_token"": ""Postal"", ""salted_token"": ""Po‌stal"", ""start"": 2189, ""end"": 2195, ""salt_mode"": ""single"", ""fragment_max_positions"": null}]"
00236.a46588c69d43e80c618038b95eff2893,00236__salted__strict__cp200D__single.a46588c69d43e80c618038b95eff2893,strict,200D,single,,0,3,True,[],"[{""original_token"": ""MASTERCARD"", ""salted_token"": ""MA‍STERCARD"", ""start"": 1271, ""end"": 1281, ""salt_mode"": ""single"", ""fragment_max_positions"": null}, {""original_token"": ""payable"", ""salted_token"": ""pa‍yable"", ""start"": 1567, ""end"": 1574, ""salt_mode"": ""single"", ""fragment_max_positions"": null}, {""original_token"": ""Postal"", ""salted_token"": ""Po‍stal"", ""start"": 2189, ""end"": 2195, ""salt_mode"": ""single"", ""fragment_max_positions"": null}]"
00236.a46588c69d43e80c618038b95eff2893,00236__salted__strict__cp00AD__single.a46588c69d43e80c618038b95eff2893,strict,00AD,single,,0,3,True,[],"[{""original_token"": ""MASTERCARD"", ""salted_token"": ""MA­STERCARD"", ""start"": 1271, ""end"": 1281, ""salt_mode"": ""single"", ""fragment_max_positions"": null}, {""original_token"": ""payable"", ""salted_token"": ""pa­yable"", ""start"": 1567, ""end"": 1574, ""salt_mode"": ""single"", ""fragment_max_positions"": null}, {""original_token"": ""Postal"", ""salted_token"": ""Po­stal"", ""start"": 2189, ""end"": 2195, ""salt_mode"": ""single"", ""fragment_max_positions"": null}]"
00248.b243bca51ee69d6e428ca2f45f0fe41b,00248__salted__strict__cp200B__single.b243bca51ee69d6e428ca2f45f0fe41b,strict,200B,single,,0,1,True,[],"[{""original_token"": ""mailings"", ""salted_token"": ""ma​ilings"", ""start"": 1074, ""end"": 1082, ""salt_mode"": ""single"", ""fragment_max_positions"": null}]"
00248.b243bca51ee69d6e428ca2f45f0fe41b,00248__salted__strict__cp200C__single.b243bca51ee69d6e428ca2f45f0fe41b,strict,200C,single,,0,1,True,[],"[{""original_token"": ""mailings"", ""salted_token"": ""ma‌ilings"", ""start"": 1074, ""end"": 1082, ""salt_mode"": ""single"", ""fragment_max_positions"": null}]"
00248.b243bca51ee69d6e428ca2f45f0fe41b,00248__salted__strict__cp200D__single.b243bca51ee69d6e428ca2f45f0fe41b,strict,200D,single,,0,1,True,[],"[{""original_token"": ""mailings"", ""salted_token"": ""ma‍ilings"", ""start"": 1074, ""end"": 1082, ""salt_mode"": ""single"", ""fragment_max_positions"": null}]"
00248.b243bca51ee69d6e428ca2f45f0fe41b,00248__salted__strict__cp00AD__single.b243bca51ee69d6e428ca2f45f0fe41b,strict,00AD,single,,0,1,True,[],"[{""original_token"": ""mailings"", ""salted_token"": ""ma­ilings"", ""start"": 1074, ""end"": 1082, ""salt_mode"": ""single"", ""fragment_max_positions"": null}]"
00249.5f45607c1bffe89f60ba1ec9f878039a,00249__salted__strict__cp200B__single.5f45607c1bffe89f60ba1ec9f878039a,strict,200B,single,,1,3,True,"[{""original_token"": ""mortgage"", ""salted_token"": ""mo​rtgage"", ""start"": 22, ""end"": 30, ""salt_mode"": ""single"", ""fragment_max_positions"": null}]","[{""original_token"": ""lenders"", ""salted_token"": ""le​nders"", ""start"": 163, ""end"": 170, ""salt_mode"": ""single"", ""fragment_max_positions"": null}, {""original_token"": ""Refinance"", ""salted_token"": ""Re​finance"", ""start"": 191, ""end"": 200, ""salt_mode"": ""single"", ""fragment_max_positions"": null}, {""original_token"": ""Mortgage"", ""salted_token"": ""Mo​rtgage"", ""start"": 209, ""end"": 217, ""salt_mode"": ""single"", ""fragment_max_positions"": null}]"
00249.5f45607c1bffe89f60ba1ec9f878039a,00249__salted__strict__cp200C__single.5f45607c1bffe89f60ba1ec9f878039a,strict,200C,single,,1,3,True,"[{""original_token"": ""mortgage"", ""salted_token"": ""mo‌rtgage"", ""start"": 22, ""end"": 30, ""salt_mode"": ""single"", ""fragment_max_positions"": null}]","[{""original_token"": ""lenders"", ""salted_token"": ""le‌nders"", ""start"": 163, ""end"": 170, ""salt_mode"": ""single"", ""fragment_max_positions"": null}, {""original_token"": ""Refinance"", ""salted_token"": ""Re‌finance"", ""start"": 191, ""end"": 200, ""salt_mode"": ""single"", ""fragment_max_positions"": null}, {""original_token"": ""Mortgage"", ""salted_token"": ""Mo‌rtgage"", ""start"": 209, ""end"": 217, ""salt_mode"": ""single"", ""fragment_max_positions"": null}]"
00249.5f45607c1bffe89f60ba1ec9f878039a,00249__salted__strict__cp200D__single.5f45607c1bffe89f60ba1ec9f878039a,strict,200D,single,,1,3,True,"[{""original_token"": ""mortgage"", ""salted_token"": ""mo‍rtgage"", ""start"": 22, ""end"": 30, ""salt_mode"": ""single"", ""fragment_max_positions"": null}]","[{""original_token"": ""lenders"", ""salted_token"": ""le‍nders"", ""start"": 163, ""end"": 170, ""salt_mode"": ""single"", ""fragment_max_positions"": null}, {""original_token"": ""Refinance"", ""salted_token"": ""Re‍finance"", ""start"": 191, ""end"": 200, ""salt_mode"": ""single"", ""fragment_max_positions"": null}, {""original_token"": ""Mortgage"", ""salted_token"": ""Mo‍rtgage"", ""start"": 209, ""end"": 217, ""salt_mode"": ""single"", ""fragment_max_positions"": null}]"
00249.5f45607c1bffe89f60ba1ec9f878039a,00249__salted__strict__cp00AD__single.5f45607c1bffe89f60ba1ec9f878039a,strict,00AD,single,,1,3,True,"[{""original_token"": ""mortgage"", ""salted_token"": ""mo­rtgage"", ""start"": 22, ""end"": 30, ""salt_mode"": ""single"", ""fragment_max_positions"": null}]","[{""original_token"": ""lenders"", ""salted_token"": ""le­nders"", ""start"": 163, ""end"": 170, ""salt_mode"": ""single"", ""fragment_max_positions"": null}, {""original_token"": ""Refinance"", ""salted_token"": ""Re­finance"", ""start"": 191, ""end"": 200, ""salt_mode"": ""single"", ""fragment_max_positions"": null}, {""original_token"": ""Mortgage"", ""salted_token"": ""Mo­rtgage"", ""start"": 209, ""end"": 217, ""salt_mode"": ""single"", ""fragment_max_positions"": null}]"
00251.6b4b7e79e1706156839a00817d774e37,00251__salted__strict__cp200B__single.6b4b7e79e1706156839a00817d774e37,strict,200B,single,,1,0,False,"[{""original_token"": ""SYSTEMWORKS"", ""salted_token"": ""SY​STEMWORKS"", ""start"": 4, ""end"": 15, ""salt_mode"": ""single"", ""fragment_max_positions"": null}]",[]
00251.6b4b7e79e1706156839a00817d774e37,00251__salted__strict__cp200C__single.6b4b7e79e1706156839a00817d774e37,strict,200C,single,,1,0,False,"[{""original_token"": ""SYSTEMWORKS"", ""salted_token"": ""SY‌STEMWORKS"", ""start"": 4, ""end"": 15, ""salt_mode"": ""single"", ""fragment_max_positions"": null}]",[]
00251.6b4b7e79e1706156839a00817d774e37,00251__salted__strict__cp200D__single.6b4b7e79e1706156839a00817d774e37,strict,200D,single,,1,0,False,"[{""original_token"": ""SYSTEMWORKS"", ""salted_token"": ""SY‍STEMWORKS"", ""start"": 4, ""end"": 15, ""salt_mode"": ""single"", ""fragment_max_positions"": null}]",[]
00251.6b4b7e79e1706156839a00817d774e37,00251__salted__strict__cp00AD__single.6b4b7e79e1706156839a00817d774e37,strict,00AD,single,,1,0,False,"[{""original_token"": ""SYSTEMWORKS"", ""salted_token"": ""SY­STEMWORKS"", ""start"": 4, ""end"": 15, ""salt_mode"": ""single"", ""fragment_max_positions"": null}]",[]
00261.12b64e557e52daf5fc5a52e47df2f4e3,00261__salted__strict__cp200B__single.12b64e557e52daf5fc5a52e47df2f4e3,strict,200B,single,,0,1,True,[],"[{""original_token"": ""Mastercard"", ""salted_token"": ""Ma​stercard"", ""start"": 942, ""end"": 952, ""salt_mode"": ""single"", ""fragment_max_positions"": null}]"
00261.12b64e557e52daf5fc5a52e47df2f4e3,00261__salted__strict__cp200C__single.12b64e557e52daf5fc5a52e47df2f4e3,strict,200C,single,,0,1,True,[],"[{""original_token"": ""Mastercard"", ""salted_token"": ""Ma‌stercard"", ""start"": 942, ""end"": 952, ""salt_mode"": ""single"", ""fragment_max_positions"": null}]"
00261.12b64e557e52daf5fc5a52e47df2f4e3,00261__salted__strict__cp200D__single.12b64e557e52daf5fc5a52e47df2f4e3,strict,200D,single,,0,1,True,[],"[{""original_token"": ""Mastercard"", ""salted_token"": ""Ma‍stercard"", ""start"": 942, ""end"": 952, ""salt_mode"": ""single"", ""fragment_max_positions"": null}]"
00261.12b64e557e52daf5fc5a52e47df2f4e3,00261__salted__strict__cp00AD__single.12b64e557e52daf5fc5a52e47df2f4e3,strict,00AD,single,,0,1,True,[],"[{""original_token"": ""Mastercard"", ""salted_token"": ""Ma­stercard"", ""start"": 942, ""end"": 952, ""salt_mode"": ""single"", ""fragment_max_positions"": null}]"
00263.32b258c4cc08d235b2ca36fc16074f08,00263__salted__strict__cp200B__single.32b258c4cc08d235b2ca36fc16074f08,strict,200B,single,,0,2,True,[],"[{""original_token"": ""excite"", ""salted_token"": ""ex​cite"", ""start"": 2950, ""end"": 2956, ""salt_mode"": ""single"", ""fragment_max_positions"": null}, {""original_token"": ""excite"", ""salted_token"": ""ex​cite"", ""start"": 3001, ""end"": 3007, ""salt_mode"": ""single"", ""fragment_max_positions"": null}]"
00263.32b258c4cc08d235b2ca36fc16074f08,00263__salted__strict__cp200C__single.32b258c4cc08d235b2ca36fc16074f08,strict,200C,single,,0,2,True,[],"[{""original_token"": ""excite"", ""salted_token"": ""ex‌cite"", ""start"": 2950, ""end"": 2956, ""salt_mode"": ""single"", ""fragment_max_positions"": null}, {""original_token"": ""excite"", ""salted_token"": ""ex‌cite"", ""start"": 3001, ""end"": 3007, ""salt_mode"": ""single"", ""fragment_max_positions"": null}]"
00263.32b258c4cc08d235b2ca36fc16074f08,00263__salted__strict__cp200D__single.32b258c4cc08d235b2ca36fc16074f08,strict,200D,single,,0,2,True,[],"[{""original_token"": ""excite"", ""salted_token"": ""ex‍cite"", ""start"": 2950, ""end"": 2956, ""salt_mode"": ""single"", ""fragment_max_positions"": null}, {""original_token"": ""excite"", ""salted_token"": ""ex‍cite"", ""start"": 3001, ""end"": 3007, ""salt_mode"": ""single"", ""fragment_max_positions"": null}]"
00263.32b258c4cc08d235b2ca36fc16074f08,00263__salted__strict__cp00AD__single.32b258c4cc08d235b2ca36fc16074f08,strict,00AD,single,,0,2,True,[],"[{""original_token"": ""excite"", ""salted_token"": ""ex­cite"", ""start"": 2950, ""end"": 2956, ""salt_mode"": ""single"", ""fragment_max_positions"": null}, {""original_token"": ""excite"", ""salted_token"": ""ex­cite"", ""start"": 3001, ""end"": 3007, ""salt_mode"": ""single"", ""fragment_max_positions"": null}]"
00264.02b614f34aa0d5970959123b9386b285,00264__salted__strict__cp200B__single.02b614f34aa0d5970959123b9386b285,strict,200B,single,,0,1,True,[],"[{""original_token"": ""promotion"", ""salted_token"": ""pr​omotion"", ""start"": 448, ""end"": 457, ""salt_mode"": ""single"", ""fragment_max_positions"": null}]"
00264.02b614f34aa0d5970959123b9386b285,00264__salted__strict__cp200C__single.02b614f34aa0d5970959123b9386b285,strict,200C,single,,0,1,True,[],"[{""original_token"": ""promotion"", ""salted_token"": ""pr‌omotion"", ""start"": 448, ""end"": 457, ""salt_mode"": ""single"", ""fragment_max_positions"": null}]"
00264.02b614f34aa0d5970959123b9386b285,00264__salted__strict__cp200D__single.02b614f34aa0d5970959123b9386b285,strict,200D,single,,0,1,True,[],"[{""original_token"": ""promotion"", ""salted_token"": ""pr‍omotion"", ""start"": 448, ""end"": 457, ""salt_mode"": ""single"", ""fragment_max_positions"": null}]"
00264.02b614f34aa0d5970959123b9386b285,00264__salted__strict__cp00AD__single.02b614f34aa0d5970959123b9386b285,strict,00AD,single,,0,1,True,[],"[{""original_token"": ""promotion"", ""salted_token"": ""pr­omotion"", ""start"": 448, ""end"": 457, ""salt_mode"": ""single"", ""fragment_max_positions"": null}]"
00279.1d58a13e343c1e53aca2ed2121a3f815,00279__salted__strict__cp200B__single.1d58a13e343c1e53aca2ed2121a3f815,strict,200B,single,,1,3,True,"[{""original_token"": ""assistance"", ""salted_token"": ""as​sistance"", ""start"": 9, ""end"": 19, ""salt_mode"": ""single"", ""fragment_max_positions"": null}]","[{""original_token"": ""deposit"", ""salted_token"": ""de​posit"", ""start"": 867, ""end"": 874, ""salt_mode"": ""single"", ""fragment_max_positions"": null}, {""original_token"": ""assistance"", ""salted_token"": ""as​sistance"", ""start"": 1398, ""end"": 1408, ""salt_mode"": ""single"", ""fragment_max_positions"": null}, {""original_token"": ""confidentiality"", ""salted_token"": ""co​nfidentiality"", ""start"": 1777, ""end"": 1792, ""salt_mode"": ""single"", ""fragment_max_positions"": null}]"
00279.1d58a13e343c1e53aca2ed2121a3f815,00279__salted__strict__cp200C__single.1d58a13e343c1e53aca2ed2121a3f815,strict,200C,single,,1,3,True,"[{""original_token"": ""assistance"", ""salted_token"": ""as‌sistance"", ""start"": 9, ""end"": 19, ""salt_mode"": ""single"", ""fragment_max_positions"": null}]","[{""original_token"": ""deposit"", ""salted_token"": ""de‌posit"", ""start"": 867, ""end"": 874, ""salt_mode"": ""single"", ""fragment_max_positions"": null}, {""original_token"": ""assistance"", ""salted_token"": ""as‌sistance"", ""start"": 1398, ""end"": 1408, ""salt_mode"": ""single"", ""fragment_max_positions"": null}, {""original_token"": ""confidentiality"", ""salted_token"": ""co‌nfidentiality"", ""start"": 1777, ""end"": 1792, ""salt_mode"": ""single"", ""fragment_max_positions"": null}]"
00279.1d58a13e343c1e53aca2ed2121a3f815,00279__salted__strict__cp200D__single.1d58a13e343c1e53aca2ed2121a3f815,strict,200D,single,,1,3,True,"[{""original_token"": ""assistance"", ""salted_token"": ""as‍sistance"", ""start"": 9, ""end"": 19, ""salt_mode"": ""single"", ""fragment_max_positions"": null}]","[{""original_token"": ""deposit"", ""salted_token"": ""de‍posit"", ""start"": 867, ""end"": 874, ""salt_mode"": ""single"", ""fragment_max_positions"": null}, {""original_token"": ""assistance"", ""salted_token"": ""as‍sistance"", ""start"": 1398, ""end"": 1408, ""salt_mode"": ""single"", ""fragment_max_positions"": null}, {""original_token"": ""confidentiality"", ""salted_token"": ""co‍nfidentiality"", ""start"": 1777, ""end"": 1792, ""salt_mode"": ""single"", ""fragment_max_positions"": null}]"
00279.1d58a13e343c1e53aca2ed2121a3f815,00279__salted__strict__cp00AD__single.1d58a13e343c1e53aca2ed2121a3f815,strict,00AD,single,,1,3,True,"[{""original_token"": ""assistance"", ""salted_token"": ""as­sistance"", ""start"": 9, ""end"": 19, ""salt_mode"": ""single"", ""fragment_max_positions"": null}]","[{""original_token"": ""deposit"", ""salted_token"": ""de­posit"", ""start"": 867, ""end"": 874, ""salt_mode"": ""single"", ""fragment_max_positions"": null}, {""original_token"": ""assistance"", ""salted_token"": ""as­sistance"", ""start"": 1398, ""end"": 1408, ""salt_mode"": ""single"", ""fragment_max_positions"": null}, {""original_token"": ""confidentiality"", ""salted_token"": ""co­nfidentiality"", ""start"": 1777, ""end"": 1792, ""salt_mode"": ""single"", ""fragment_max_positions"": null}]"
00280.026da2bd191f11081b8d8428134b0c66,00280__salted__strict__cp200B__single.026da2bd191f11081b8d8428134b0c66,strict,200B,single,,0,2,True,[],"[{""original_token"": ""Promotion"", ""salted_token"": ""Pr​omotion"", ""start"": 663, ""end"": 672, ""salt_mode"": ""single"", ""fragment_max_positions"": null}, {""original_token"": ""Deposit"", ""salted_token"": ""De​posit"", ""start"": 682, ""end"": 689, ""salt_mode"": ""single"", ""fragment_max_positions"": null}]"
00280.026da2bd191f11081b8d8428134b0c66,00280__salted__strict__cp200C__single.026da2bd191f11081b8d8428134b0c66,strict,200C,single,,0,2,True,[],"[{""original_token"": ""Promotion"", ""salted_token"": ""Pr‌omotion"", ""start"": 663, ""end"": 672, ""salt_mode"": ""single"", ""fragment_max_positions"": null}, {""original_token"": ""Deposit"", ""salted_token"": ""De‌posit"", ""start"": 682, ""end"": 689, ""salt_mode"": ""single"", ""fragment_max_positions"": null}]"
00280.026da2bd191f11081b8d8428134b0c66,00280__salted__strict__cp200D__single.026da2bd191f11081b8d8428134b0c66,strict,200D,single,,0,2,True,[],"[{""original_token"": ""Promotion"", ""salted_token"": ""Pr‍omotion"", ""start"": 663, ""end"": 672, ""salt_mode"": ""single"", ""fragment_max_positions"": null}, {""original_token"": ""Deposit"", ""salted_token"": ""De‍posit"", ""start"": 682, ""end"": 689, ""salt_mode"": ""single"", ""fragment_max_positions"": null}]"
00280.026da2bd191f11081b8d8428134b0c66,00280__salted__strict__cp00AD__single.026da2bd191f11081b8d8428134b0c66,strict,00AD,single,,0,2,True,[],"[{""original_token"": ""Promotion"", ""salted_token"": ""Pr­omotion"", ""start"": 663, ""end"": 672, ""salt_mode"": ""single"", ""fragment_max_positions"": null}, {""original_token"": ""Deposit"", ""salted_token"": ""De­posit"", ""start"": 682, ""end"": 689, ""salt_mode"": ""single"", ""fragment_max_positions"": null}]"
00284.227c1ebb961320cd2086d904d698c49b,00284__salted__strict__cp200B__single.227c1ebb961320cd2086d904d698c49b,strict,200B,single,,0,1,True,[],"[{""original_token"": ""mailings"", ""salted_token"": ""ma​ilings"", ""start"": 1964, ""end"": 1972, ""salt_mode"": ""single"", ""fragment_max_positions"": null}]"
00284.227c1ebb961320cd2086d904d698c49b,00284__salted__strict__cp200C__single.227c1ebb961320cd2086d904d698c49b,strict,200C,single,,0,1,True,[],"[{""original_token"": ""mailings"", ""salted_token"": ""ma‌ilings"", ""start"": 1964, ""end"": 1972, ""salt_mode"": ""single"", ""fragment_max_positions"": null}]"
00284.227c1ebb961320cd2086d904d698c49b,00284__salted__strict__cp200D__single.227c1ebb961320cd2086d904d698c49b,strict,200D,single,,0,1,True,[],"[{""original_token"": ""mailings"", ""salted_token"": ""ma‍ilings"", ""start"": 1964, ""end"": 1972, ""salt_mode"": ""single"", ""fragment_max_positions"": null}]"
00284.227c1ebb961320cd2086d904d698c49b,00284__salted__strict__cp00AD__single.227c1ebb961320cd2086d904d698c49b,strict,00AD,single,,0,1,True,[],"[{""original_token"": ""mailings"", ""salted_token"": ""ma­ilings"", ""start"": 1964, ""end"": 1972, ""salt_mode"": ""single"", ""fragment_max_positions"": null}]"
00291.7aa227e74e89bdd529a3875459d0d5a2,00291__salted__strict__cp200B__single.7aa227e74e89bdd529a3875459d0d5a2,strict,200B,single,,0,1,True,[],"[{""original_token"": ""mailings"", ""salted_token"": ""ma​ilings"", ""start"": 1089, ""end"": 1097, ""salt_mode"": ""single"", ""fragment_max_positions"": null}]"
00291.7aa227e74e89bdd529a3875459d0d5a2,00291__salted__strict__cp200C__single.7aa227e74e89bdd529a3875459d0d5a2,strict,200C,single,,0,1,True,[],"[{""original_token"": ""mailings"", ""salted_token"": ""ma‌ilings"", ""start"": 1089, ""end"": 1097, ""salt_mode"": ""single"", ""fragment_max_positions"": null}]"
00291.7aa227e74e89bdd529a3875459d0d5a2,00291__salted__strict__cp200D__single.7aa227e74e89bdd529a3875459d0d5a2,strict,200D,single,,0,1,True,[],"[{""original_token"": ""mailings"", ""salted_token"": ""ma‍ilings"", ""start"": 1089, ""end"": 1097, ""salt_mode"": ""single"", ""fragment_max_positions"": null}]"
00291.7aa227e74e89bdd529a3875459d0d5a2,00291__salted__strict__cp00AD__single.7aa227e74e89bdd529a3875459d0d5a2,strict,00AD,single,,0,1,True,[],"[{""original_token"": ""mailings"", ""salted_token"": ""ma­ilings"", ""start"": 1089, ""end"": 1097, ""salt_mode"": ""single"", ""fragment_max_positions"": null}]"
00292.dbf78a2aaa230d288eb80ab843804252,00292__salted__strict__cp200B__single.dbf78a2aaa230d288eb80ab843804252,strict,200B,single,,0,2,True,[],"[{""original_token"": ""promotional"", ""salted_token"": ""pr​omotional"", ""start"": 985, ""end"": 996, ""salt_mode"": ""single"", ""fragment_max_positions"": null}, {""original_token"": ""mailings"", ""salted_token"": ""ma​ilings"", ""start"": 997, ""end"": 1005, ""salt_mode"": ""single"", ""fragment_max_positions"": null}]"
00292.dbf78a2aaa230d288eb80ab843804252,00292__salted__strict__cp200C__single.dbf78a2aaa230d288eb80ab843804252,strict,200C,single,,0,2,True,[],"[{""original_token"": ""promotional"", ""salted_token"": ""pr‌omotional"", ""start"": 985, ""end"": 996, ""salt_mode"": ""single"", ""fragment_max_positions"": null}, {""original_token"": ""mailings"", ""salted_token"": ""ma‌ilings"", ""start"": 997, ""end"": 1005, ""salt_mode"": ""single"", ""fragment_max_positions"": null}]"
00292.dbf78a2aaa230d288eb80ab843804252,00292__salted__strict__cp200D__single.dbf78a2aaa230d288eb80ab843804252,strict,200D,single,,0,2,True,[],"[{""original_token"": ""promotional"", ""salted_token"": ""pr‍omotional"", ""start"": 985, ""end"": 996, ""salt_mode"": ""single"", ""fragment_max_positions"": null}, {""original_token"": ""mailings"", ""salted_token"": ""ma‍ilings"", ""start"": 997, ""end"": 1005, ""salt_mode"": ""single"", ""fragment_max_positions"": null}]"
00292.dbf78a2aaa230d288eb80ab843804252,00292__salted__strict__cp00AD__single.dbf78a2aaa230d288eb80ab843804252,strict,00AD,single,,0,2,True,[],"[{""original_token"": ""promotional"", ""salted_token"": ""pr­omotional"", ""start"": 985, ""end"": 996, ""salt_mode"": ""single"", ""fragment_max_positions"": null}, {""original_token"": ""mailings"", ""salted_token"": ""ma­ilings"", ""start"": 997, ""end"": 1005, ""salt_mode"": ""single"", ""fragment_max_positions"": null}]"
00296.85aa16f800e0aaf8755cdf23d7e035ff,00296__salted__strict__cp200B__single.85aa16f800e0aaf8755cdf23d7e035ff,strict,200B,single,,1,3,True,"[{""original_token"": ""Annuity"", ""salted_token"": ""An​nuity"", ""start"": 28, ""end"": 35, ""salt_mode"": ""single"", ""fragment_max_positions"": null}]","[{""original_token"": ""annuity"", ""salted_token"": ""an​nuity"", ""start"": 17, ""end"": 24, ""salt_mode"": ""single"", ""fragment_max_positions"": null}, {""original_token"": ""Guaranteed"", ""salted_token"": ""Gu​aranteed"", ""start"": 135, ""end"": 145, ""salt_mode"": ""single"", ""fragment_max_positions"": null}, {""original_token"": ""mailings"", ""salted_token"": ""ma​ilings"", ""start"": 641, ""end"": 649, ""salt_mode"": ""single"", ""fragment_max_positions"": null}]"
00296.85aa16f800e0aaf8755cdf23d7e035ff,00296__salted__strict__cp200C__single.85aa16f800e0aaf8755cdf23d7e035ff,strict,200C,single,,1,3,True,"[{""original_token"": ""Annuity"", ""salted_token"": ""An‌nuity"", ""start"": 28, ""end"": 35, ""salt_mode"": ""single"", ""fragment_max_positions"": null}]","[{""original_token"": ""annuity"", ""salted_token"": ""an‌nuity"", ""start"": 17, ""end"": 24, ""salt_mode"": ""single"", ""fragment_max_positions"": null}, {""original_token"": ""Guaranteed"", ""salted_token"": ""Gu‌aranteed"", ""start"": 135, ""end"": 145, ""salt_mode"": ""single"", ""fragment_max_positions"": null}, {""original_token"": ""mailings"", ""salted_token"": ""ma‌ilings"", ""start"": 641, ""end"": 649, ""salt_mode"": ""single"", ""fragment_max_positions"": null}]"
00296.85aa16f800e0aaf8755cdf23d7e035ff,00296__salted__strict__cp200D__single.85aa16f800e0aaf8755cdf23d7e035ff,strict,200D,single,,1,3,True,"[{""original_token"": ""Annuity"", ""salted_token"": ""An‍nuity"", ""start"": 28, ""end"": 35, ""salt_mode"": ""single"", ""fragment_max_positions"": null}]","[{""original_token"": ""annuity"", ""salted_token"": ""an‍nuity"", ""start"": 17, ""end"": 24, ""salt_mode"": ""single"", ""fragment_max_positions"": null}, {""original_token"": ""Guaranteed"", ""salted_token"": ""Gu‍aranteed"", ""start"": 135, ""end"": 145, ""salt_mode"": ""single"", ""fragment_max_positions"": null}, {""original_token"": ""mailings"", ""salted_token"": ""ma‍ilings"", ""start"": 641, ""end"": 649, ""salt_mode"": ""single"", ""fragment_max_positions"": null}]"
00296.85aa16f800e0aaf8755cdf23d7e035ff,00296__salted__strict__cp00AD__single.85aa16f800e0aaf8755cdf23d7e035ff,strict,00AD,single,,1,3,True,"[{""original_token"": ""Annuity"", ""salted_token"": ""An­nuity"", ""start"": 28, ""end"": 35, ""salt_mode"": ""single"", ""fragment_max_positions"": null}]","[{""original_token"": ""annuity"", ""salted_token"": ""an­nuity"", ""start"": 17, ""end"": 24, ""salt_mode"": ""single"", ""fragment_max_positions"": null}, {""original_token"": ""Guaranteed"", ""salted_token"": ""Gu­aranteed"", ""start"": 135, ""end"": 145, ""salt_mode"": ""single"", ""fragment_max_positions"": null}, {""original_token"": ""mailings"", ""salted_token"": ""ma­ilings"", ""start"": 641, ""end"": 649, ""salt_mode"": ""single"", ""fragment_max_positions"": null}]"
00302.7f695c69d4cbe06e91cddd2ca7cddf33,00302__salted__strict__cp200B__single.7f695c69d4cbe06e91cddd2ca7cddf33,strict,200B,single,,0,3,True,[],"[{""original_token"": ""Guaranteed"", ""salted_token"": ""Gu​aranteed"", ""start"": 0, ""end"": 10, ""salt_mode"": ""single"", ""fragment_max_positions"": null}, {""original_token"": ""herbal"", ""salted_token"": ""he​rbal"", ""start"": 89, ""end"": 95, ""salt_mode"": ""single"", ""fragment_max_positions"": null}, {""original_token"": ""GUARANTEED"", ""salted_token"": ""GU​ARANTEED"", ""start"": 390, ""end"": 400, ""salt_mode"": ""single"", ""fragment_max_positions"": null}]"
00302.7f695c69d4cbe06e91cddd2ca7cddf33,00302__salted__strict__cp200C__single.7f695c69d4cbe06e91cddd2ca7cddf33,strict,200C,single,,0,3,True,[],"[{""original_token"": ""Guaranteed"", ""salted_token"": ""Gu‌aranteed"", ""start"": 0, ""end"": 10, ""salt_mode"": ""single"", ""fragment_max_positions"": null}, {""original_token"": ""herbal"", ""salted_token"": ""he‌rbal"", ""start"": 89, ""end"": 95, ""salt_mode"": ""single"", ""fragment_max_positions"": null}, {""original_token"": ""GUARANTEED"", ""salted_token"": ""GU‌ARANTEED"", ""start"": 390, ""end"": 400, ""salt_mode"": ""single"", ""fragment_max_positions"": null}]"
00302.7f695c69d4cbe06e91cddd2ca7cddf33,00302__salted__strict__cp200D__single.7f695c69d4cbe06e91cddd2ca7cddf33,strict,200D,single,,0,3,True,[],"[{""original_token"": ""Guaranteed"", ""salted_token"": ""Gu‍aranteed"", ""start"": 0, ""end"": 10, ""salt_mode"": ""single"", ""fragment_max_positions"": null}, {""original_token"": ""herbal"", ""salted_token"": ""he‍rbal"", ""start"": 89, ""end"": 95, ""salt_mode"": ""single"", ""fragment_max_positions"": null}, {""original_token"": ""GUARANTEED"", ""salted_token"": ""GU‍ARANTEED"", ""start"": 390, ""end"": 400, ""salt_mode"": ""single"", ""fragment_max_positions"": null}]"
00302.7f695c69d4cbe06e91cddd2ca7cddf33,00302__salted__strict__cp00AD__single.7f695c69d4cbe06e91cddd2ca7cddf33,strict,00AD,single,,0,3,True,[],"[{""original_token"": ""Guaranteed"", ""salted_token"": ""Gu­aranteed"", ""start"": 0, ""end"": 10, ""salt_mode"": ""single"", ""fragment_max_positions"": null}, {""original_token"": ""herbal"", ""salted_token"": ""he­rbal"", ""start"": 89, ""end"": 95, ""salt_mode"": ""single"", ""fragment_max_positions"": null}, {""original_token"": ""GUARANTEED"", ""salted_token"": ""GU­ARANTEED"", ""start"": 390, ""end"": 400, ""salt_mode"": ""single"", ""fragment_max_positions"": null}]"
00305.1f2a712e25638b0a4868155b37022cf1,00305__salted__strict__cp200B__single.1f2a712e25638b0a4868155b37022cf1,strict,200B,single,,1,0,False,"[{""original_token"": ""HGH"", ""salted_token"": ""HG​H"", ""start"": 21, ""end"": 24, ""salt_mode"": ""single"", ""fragment_max_positions"": null}]",[]
00305.1f2a712e25638b0a4868155b37022cf1,00305__salted__strict__cp200C__single.1f2a712e25638b0a4868155b37022cf1,strict,200C,single,,1,0,False,"[{""original_token"": ""HGH"", ""salted_token"": ""HG‌H"", ""start"": 21, ""end"": 24, ""salt_mode"": ""single"", ""fragment_max_positions"": null}]",[]
00305.1f2a712e25638b0a4868155b37022cf1,00305__salted__strict__cp200D__single.1f2a712e25638b0a4868155b37022cf1,strict,200D,single,,1,0,False,"[{""original_token"": ""HGH"", ""salted_token"": ""HG‍H"", ""start"": 21, ""end"": 24, ""salt_mode"": ""single"", ""fragment_max_positions"": null}]",[]
00305.1f2a712e25638b0a4868155b37022cf1,00305__salted__strict__cp00AD__single.1f2a712e25638b0a4868155b37022cf1,strict,00AD,single,,1,0,False,"[{""original_token"": ""HGH"", ""salted_token"": ""HG­H"", ""start"": 21, ""end"": 24, ""salt_mode"": ""single"", ""fragment_max_positions"": null}]",[]
00305.f80c21904d6d4f6facd036450a588b0d,00305__salted__strict__cp200B__single.f80c21904d6d4f6facd036450a588b0d,strict,200B,single,,0,2,True,[],"[{""original_token"": ""guaranteed"", ""salted_token"": ""gu​aranteed"", ""start"": 362, ""end"": 372, ""salt_mode"": ""single"", ""fragment_max_positions"": null}, {""original_token"": ""mailings"", ""salted_token"": ""ma​ilings"", ""start"": 873, ""end"": 881, ""salt_mode"": ""single"", ""fragment_max_positions"": null}]"
00305.f80c21904d6d4f6facd036450a588b0d,00305__salted__strict__cp200C__single.f80c21904d6d4f6facd036450a588b0d,strict,200C,single,,0,2,True,[],"[{""original_token"": ""guaranteed"", ""salted_token"": ""gu‌aranteed"", ""start"": 362, ""end"": 372, ""salt_mode"": ""single"", ""fragment_max_positions"": null}, {""original_token"": ""mailings"", ""salted_token"": ""ma‌ilings"", ""start"": 873, ""end"": 881, ""salt_mode"": ""single"", ""fragment_max_positions"": null}]"
00305.f80c21904d6d4f6facd036450a588b0d,00305__salted__strict__cp200D__single.f80c21904d6d4f6facd036450a588b0d,strict,200D,single,,0,2,True,[],"[{""original_token"": ""guaranteed"", ""salted_token"": ""gu‍aranteed"", ""start"": 362, ""end"": 372, ""salt_mode"": ""single"", ""fragment_max_positions"": null}, {""original_token"": ""mailings"", ""salted_token"": ""ma‍ilings"", ""start"": 873, ""end"": 881, ""salt_mode"": ""single"", ""fragment_max_positions"": null}]"
00305.f80c21904d6d4f6facd036450a588b0d,00305__salted__strict__cp00AD__single.f80c21904d6d4f6facd036450a588b0d,strict,00AD,single,,0,2,True,[],"[{""original_token"": ""guaranteed"", ""salted_token"": ""gu­aranteed"", ""start"": 362, ""end"": 372, ""salt_mode"": ""single"", ""fragment_max_positions"": null}, {""original_token"": ""mailings"", ""salted_token"": ""ma­ilings"", ""start"": 873, ""end"": 881, ""salt_mode"": ""single"", ""fragment_max_positions"": null}]"
00308.fc90f8aab51648329b9e705c9021b204,00308__salted__strict__cp200B__single.fc90f8aab51648329b9e705c9021b204,strict,200B,single,,0,1,True,[],"[{""original_token"": ""mailings"", ""salted_token"": ""ma​ilings"", ""start"": 787, ""end"": 795, ""salt_mode"": ""single"", ""fragment_max_positions"": null}]"
00308.fc90f8aab51648329b9e705c9021b204,00308__salted__strict__cp200C__single.fc90f8aab51648329b9e705c9021b204,strict,200C,single,,0,1,True,[],"[{""original_token"": ""mailings"", ""salted_token"": ""ma‌ilings"", ""start"": 787, ""end"": 795, ""salt_mode"": ""single"", ""fragment_max_positions"": null}]"
00308.fc90f8aab51648329b9e705c9021b204,00308__salted__strict__cp200D__single.fc90f8aab51648329b9e705c9021b204,strict,200D,single,,0,1,True,[],"[{""original_token"": ""mailings"", ""salted_token"": ""ma‍ilings"", ""start"": 787, ""end"": 795, ""salt_mode"": ""single"", ""fragment_max_positions"": null}]"
00308.fc90f8aab51648329b9e705c9021b204,00308__salted__strict__cp00AD__single.fc90f8aab51648329b9e705c9021b204,strict,00AD,single,,0,1,True,[],"[{""original_token"": ""mailings"", ""salted_token"": ""ma­ilings"", ""start"": 787, ""end"": 795, ""salt_mode"": ""single"", ""fragment_max_positions"": null}]"
00312.5034fee7d265abd7a4194e9300de24bf,00312__salted__strict__cp200B__single.5034fee7d265abd7a4194e9300de24bf,strict,200B,single,,1,0,False,"[{""original_token"": ""HGH"", ""salted_token"": ""HG​H"", ""start"": 0, ""end"": 3, ""salt_mode"": ""single"", ""fragment_max_positions"": null}]",[]
00312.5034fee7d265abd7a4194e9300de24bf,00312__salted__strict__cp200C__single.5034fee7d265abd7a4194e9300de24bf,strict,200C,single,,1,0,False,"[{""original_token"": ""HGH"", ""salted_token"": ""HG‌H"", ""start"": 0, ""end"": 3, ""salt_mode"": ""single"", ""fragment_max_positions"": null}]",[]
00312.5034fee7d265abd7a4194e9300de24bf,00312__salted__strict__cp200D__single.5034fee7d265abd7a4194e9300de24bf,strict,200D,single,,1,0,False,"[{""original_token"": ""HGH"", ""salted_token"": ""HG‍H"", ""start"": 0, ""end"": 3, ""salt_mode"": ""single"", ""fragment_max_positions"": null}]",[]
00312.5034fee7d265abd7a4194e9300de24bf,00312__salted__strict__cp00AD__single.5034fee7d265abd7a4194e9300de24bf,strict,00AD,single,,1,0,False,"[{""original_token"": ""HGH"", ""salted_token"": ""HG­H"", ""start"": 0, ""end"": 3, ""salt_mode"": ""single"", ""fragment_max_positions"": null}]",[]
00337.813498483bc80a24c002e6e7e8e0f2cb,00337__salted__strict__cp200B__single.813498483bc80a24c002e6e7e8e0f2cb,strict,200B,single,,0,1,True,[],"[{""original_token"": ""mortgage"", ""salted_token"": ""mo​rtgage"", ""start"": 790, ""end"": 798, ""salt_mode"": ""single"", ""fragment_max_positions"": null}]"
00337.813498483bc80a24c002e6e7e8e0f2cb,00337__salted__strict__cp200C__single.813498483bc80a24c002e6e7e8e0f2cb,strict,200C,single,,0,1,True,[],"[{""original_token"": ""mortgage"", ""salted_token"": ""mo‌rtgage"", ""start"": 790, ""end"": 798, ""salt_mode"": ""single"", ""fragment_max_positions"": null}]"
00337.813498483bc80a24c002e6e7e8e0f2cb,00337__salted__strict__cp200D__single.813498483bc80a24c002e6e7e8e0f2cb,strict,200D,single,,0,1,True,[],"[{""original_token"": ""mortgage"", ""salted_token"": ""mo‍rtgage"", ""start"": 790, ""end"": 798, ""salt_mode"": ""single"", ""fragment_max_positions"": null}]"
00337.813498483bc80a24c002e6e7e8e0f2cb,00337__salted__strict__cp00AD__single.813498483bc80a24c002e6e7e8e0f2cb,strict,00AD,single,,0,1,True,[],"[{""original_token"": ""mortgage"", ""salted_token"": ""mo­rtgage"", ""start"": 790, ""end"": 798, ""salt_mode"": ""single"", ""fragment_max_positions"": null}]"
00344.e6463530b23a12554d2e6f0e08ae10a7,00344__salted__strict__cp200B__single.e6463530b23a12554d2e6f0e08ae10a7,strict,200B,single,,0,1,True,[],"[{""original_token"": ""TOLL"", ""salted_token"": ""TO​LL"", ""start"": 464, ""end"": 468, ""salt_mode"": ""single"", ""fragment_max_positions"": null}]"
00344.e6463530b23a12554d2e6f0e08ae10a7,00344__salted__strict__cp200C__single.e6463530b23a12554d2e6f0e08ae10a7,strict,200C,single,,0,1,True,[],"[{""original_token"": ""TOLL"", ""salted_token"": ""TO‌LL"", ""start"": 464, ""end"": 468, ""salt_mode"": ""single"", ""fragment_max_positions"": null}]"
00344.e6463530b23a12554d2e6f0e08ae10a7,00344__salted__strict__cp200D__single.e6463530b23a12554d2e6f0e08ae10a7,strict,200D,single,,0,1,True,[],"[{""original_token"": ""TOLL"", ""salted_token"": ""TO‍LL"", ""start"": 464, ""end"": 468, ""salt_mode"": ""single"", ""fragment_max_positions"": null}]"
00344.e6463530b23a12554d2e6f0e08ae10a7,00344__salted__strict__cp00AD__single.e6463530b23a12554d2e6f0e08ae10a7,strict,00AD,single,,0,1,True,[],"[{""original_token"": ""TOLL"", ""salted_token"": ""TO­LL"", ""start"": 464, ""end"": 468, ""salt_mode"": ""single"", ""fragment_max_positions"": null}]"
00346.d93a823fb3350a5da8f0c612ce1156cd,00346__salted__strict__cp200B__single.d93a823fb3350a5da8f0c612ce1156cd,strict,200B,single,,0,1,True,[],"[{""original_token"": ""deposit"", ""salted_token"": ""de​posit"", ""start"": 1387, ""end"": 1394, ""salt_mode"": ""single"", ""fragment_max_positions"": null}]"
00346.d93a823fb3350a5da8f0c612ce1156cd,00346__salted__strict__cp200C__single.d93a823fb3350a5da8f0c612ce1156cd,strict,200C,single,,0,1,True,[],"[{""original_token"": ""deposit"", ""salted_token"": ""de‌posit"", ""start"": 1387, ""end"": 1394, ""salt_mode"": ""single"", ""fragment_max_positions"": null}]"
00346.d93a823fb3350a5da8f0c612ce1156cd,00346__salted__strict__cp200D__single.d93a823fb3350a5da8f0c612ce1156cd,strict,200D,single,,0,1,True,[],"[{""original_token"": ""deposit"", ""salted_token"": ""de‍posit"", ""start"": 1387, ""end"": 1394, ""salt_mode"": ""single"", ""fragment_max_positions"": null}]"
00346.d93a823fb3350a5da8f0c612ce1156cd,00346__salted__strict__cp00AD__single.d93a823fb3350a5da8f0c612ce1156cd,strict,00AD,single,,0,1,True,[],"[{""original_token"": ""deposit"", ""salted_token"": ""de­posit"", ""start"": 1387, ""end"": 1394, ""salt_mode"": ""single"", ""fragment_max_positions"": null}]"
00356.ea7eb32330fa6bf65270023c0d99e2c5,00356__salted__strict__cp200B__single.ea7eb32330fa6bf65270023c0d99e2c5,strict,200B,single,,0,3,True,[],"[{""original_token"": ""SystemWorks"", ""salted_token"": ""Sy​stemWorks"", ""start"": 254, ""end"": 265, ""salt_mode"": ""single"", ""fragment_max_positions"": null}, {""original_token"": ""WHOLESALE"", ""salted_token"": ""WH​OLESALE"", ""start"": 1082, ""end"": 1091, ""salt_mode"": ""single"", ""fragment_max_positions"": null}, {""original_token"": ""TOLL"", ""salted_token"": ""TO​LL"", ""start"": 1634, ""end"": 1638, ""salt_mode"": ""single"", ""fragment_max_positions"": null}]"
00356.ea7eb32330fa6bf65270023c0d99e2c5,00356__salted__strict__cp200C__single.ea7eb32330fa6bf65270023c0d99e2c5,strict,200C,single,,0,3,True,[],"[{""original_token"": ""SystemWorks"", ""salted_token"": ""Sy‌stemWorks"", ""start"": 254, ""end"": 265, ""salt_mode"": ""single"", ""fragment_max_positions"": null}, {""original_token"": ""WHOLESALE"", ""salted_token"": ""WH‌OLESALE"", ""start"": 1082, ""end"": 1091, ""salt_mode"": ""single"", ""fragment_max_positions"": null}, {""original_token"": ""TOLL"", ""salted_token"": ""TO‌LL"", ""start"": 1634, ""end"": 1638, ""salt_mode"": ""single"", ""fragment_max_positions"": null}]"
00356.ea7eb32330fa6bf65270023c0d99e2c5,00356__salted__strict__cp200D__single.ea7eb32330fa6bf65270023c0d99e2c5,strict,200D,single,,0,3,True,[],"[{""original_token"": ""SystemWorks"", ""salted_token"": ""Sy‍stemWorks"", ""start"": 254, ""end"": 265, ""salt_mode"": ""single"", ""fragment_max_positions"": null}, {""original_token"": ""WHOLESALE"", ""salted_token"": ""WH‍OLESALE"", ""start"": 1082, ""end"": 1091, ""salt_mode"": ""single"", ""fragment_max_positions"": null}, {""original_token"": ""TOLL"", ""salted_token"": ""TO‍LL"", ""start"": 1634, ""end"": 1638, ""salt_mode"": ""single"", ""fragment_max_positions"": null}]"
00356.ea7eb32330fa6bf65270023c0d99e2c5,00356__salted__strict__cp00AD__single.ea7eb32330fa6bf65270023c0d99e2c5,strict,00AD,single,,0,3,True,[],"[{""original_token"": ""SystemWorks"", ""salted_token"": ""Sy­stemWorks"", ""start"": 254, ""end"": 265, ""salt_mode"": ""single"", ""fragment_max_positions"": null}, {""original_token"": ""WHOLESALE"", ""salted_token"": ""WH­OLESALE"", ""start"": 1082, ""end"": 1091, ""salt_mode"": ""single"", ""fragment_max_positions"": null}, {""original_token"": ""TOLL"", ""salted_token"": ""TO­LL"", ""start"": 1634, ""end"": 1638, ""salt_mode"": ""single"", ""fragment_max_positions"": null}]"
00359.90bec90ebeaf05f024f48594e7d7b0d5,00359__salted__strict__cp200B__single.90bec90ebeaf05f024f48594e7d7b0d5,strict,200B,single,,0,3,True,[],"[{""original_token"": ""confidentiality"", ""salted_token"": ""co​nfidentiality"", ""start"": 188, ""end"": 203, ""salt_mode"": ""single"", ""fragment_max_positions"": null}, {""original_token"": ""Nigeria"", ""salted_token"": ""Ni​geria"", ""start"": 936, ""end"": 943, ""salt_mode"": ""single"", ""fragment_max_positions"": null}, {""original_token"": ""assistance"", ""salted_token"": ""as​sistance"", ""start"": 1486, ""end"": 1496, ""salt_mode"": ""single"", ""fragment_max_positions"": null}]"
00359.90bec90ebeaf05f024f48594e7d7b0d5,00359__salted__strict__cp200C__single.90bec90ebeaf05f024f48594e7d7b0d5,strict,200C,single,,0,3,True,[],"[{""original_token"": ""confidentiality"", ""salted_token"": ""co‌nfidentiality"", ""start"": 188, ""end"": 203, ""salt_mode"": ""single"", ""fragment_max_positions"": null}, {""original_token"": ""Nigeria"", ""salted_token"": ""Ni‌geria"", ""start"": 936, ""end"": 943, ""salt_mode"": ""single"", ""fragment_max_positions"": null}, {""original_token"": ""assistance"", ""salted_token"": ""as‌sistance"", ""start"": 1486, ""end"": 1496, ""salt_mode"": ""single"", ""fragment_max_positions"": null}]"
00359.90bec90ebeaf05f024f48594e7d7b0d5,00359__salted__strict__cp200D__single.90bec90ebeaf05f024f48594e7d7b0d5,strict,200D,single,,0,3,True,[],"[{""original_token"": ""confidentiality"", ""salted_token"": ""co‍nfidentiality"", ""start"": 188, ""end"": 203, ""salt_mode"": ""single"", ""fragment_max_positions"": null}, {""original_token"": ""Nigeria"", ""salted_token"": ""Ni‍geria"", ""start"": 936, ""end"": 943, ""salt_mode"": ""single"", ""fragment_max_positions"": null}, {""original_token"": ""assistance"", ""salted_token"": ""as‍sistance"", ""start"": 1486, ""end"": 1496, ""salt_mode"": ""single"", ""fragment_max_positions"": null}]"
00359.90bec90ebeaf05f024f48594e7d7b0d5,00359__salted__strict__cp00AD__single.90bec90ebeaf05f024f48594e7d7b0d5,strict,00AD,single,,0,3,True,[],"[{""original_token"": ""confidentiality"", ""salted_token"": ""co­nfidentiality"", ""start"": 188, ""end"": 203, ""salt_mode"": ""single"", ""fragment_max_positions"": null}, {""original_token"": ""Nigeria"", ""salted_token"": ""Ni­geria"", ""start"": 936, ""end"": 943, ""salt_mode"": ""single"", ""fragment_max_positions"": null}, {""original_token"": ""assistance"", ""salted_token"": ""as­sistance"", ""start"": 1486, ""end"": 1496, ""salt_mode"": ""single"", ""fragment_max_positions"": null}]"
00361.e91ac048b0ede961d3f51009eee1c620,00361__salted__strict__cp200B__single.e91ac048b0ede961d3f51009eee1c620,strict,200B,single,,0,3,True,[],"[{""original_token"": ""LAGOS"", ""salted_token"": ""LA​GOS"", ""start"": 107, ""end"": 112, ""salt_mode"": ""single"", ""fragment_max_positions"": null}, {""original_token"": ""ATTN"", ""salted_token"": ""AT​TN"", ""start"": 115, ""end"": 119, ""salt_mode"": ""single"", ""fragment_max_positions"": null}, {""original_token"": ""Nigeria"", ""salted_token"": ""Ni​geria"", ""start"": 343, ""end"": 350, ""salt_mode"": ""single"", ""fragment_max_positions"": null}]"
00361.e91ac048b0ede961d3f51009eee1c620,00361__salted__strict__cp200C__single.e91ac048b0ede961d3f51009eee1c620,strict,200C,single,,0,3,True,[],"[{""original_token"": ""LAGOS"", ""salted_token"": ""LA‌GOS"", ""start"": 107, ""end"": 112, ""salt_mode"": ""single"", ""fragment_max_positions"": null}, {""original_token"": ""ATTN"", ""salted_token"": ""AT‌TN"", ""start"": 115, ""end"": 119, ""salt_mode"": ""single"", ""fragment_max_positions"": null}, {""original_token"": ""Nigeria"", ""salted_token"": ""Ni‌geria"", ""start"": 343, ""end"": 350, ""salt_mode"": ""single"", ""fragment_max_positions"": null}]"
00361.e91ac048b0ede961d3f51009eee1c620,00361__salted__strict__cp200D__single.e91ac048b0ede961d3f51009eee1c620,strict,200D,single,,0,3,True,[],"[{""original_token"": ""LAGOS"", ""salted_token"": ""LA‍GOS"", ""start"": 107, ""end"": 112, ""salt_mode"": ""single"", ""fragment_max_positions"": null}, {""original_token"": ""ATTN"", ""salted_token"": ""AT‍TN"", ""start"": 115, ""end"": 119, ""salt_mode"": ""single"", ""fragment_max_positions"": null}, {""original_token"": ""Nigeria"", ""salted_token"": ""Ni‍geria"", ""start"": 343, ""end"": 350, ""salt_mode"": ""single"", ""fragment_max_positions"": null}]"
00361.e91ac048b0ede961d3f51009eee1c620,00361__salted__strict__cp00AD__single.e91ac048b0ede961d3f51009eee1c620,strict,00AD,single,,0,3,True,[],"[{""original_token"": ""LAGOS"", ""salted_token"": ""LA­GOS"", ""start"": 107, ""end"": 112, ""salt_mode"": ""single"", ""fragment_max_positions"": null}, {""original_token"": ""ATTN"", ""salted_token"": ""AT­TN"", ""start"": 115, ""end"": 119, ""salt_mode"": ""single"", ""fragment_max_positions"": null}, {""original_token"": ""Nigeria"", ""salted_token"": ""Ni­geria"", ""start"": 343, ""end"": 350, ""salt_mode"": ""single"", ""fragment_max_positions"": null}]"
00369.845eeb9573484bd88a6a6224c7068d81,00369__salted__strict__cp200B__single.845eeb9573484bd88a6a6224c7068d81,strict,200B,single,,1,0,False,"[{""original_token"": ""cartridges"", ""salted_token"": ""ca​rtridges"", ""start"": 18, ""end"": 28, ""salt_mode"": ""single"", ""fragment_max_positions"": null}]",[]
00369.845eeb9573484bd88a6a6224c7068d81,00369__salted__strict__cp200C__single.845eeb9573484bd88a6a6224c7068d81,strict,200C,single,,1,0,False,"[{""original_token"": ""cartridges"", ""salted_token"": ""ca‌rtridges"", ""start"": 18, ""end"": 28, ""salt_mode"": ""single"", ""fragment_max_positions"": null}]",[]
00369.845eeb9573484bd88a6a6224c7068d81,00369__salted__strict__cp200D__single.845eeb9573484bd88a6a6224c7068d81,strict,200D,single,,1,0,False,"[{""original_token"": ""cartridges"", ""salted_token"": ""ca‍rtridges"", ""start"": 18, ""end"": 28, ""salt_mode"": ""single"", ""fragment_max_positions"": null}]",[]
00369.845eeb9573484bd88a6a6224c7068d81,00369__salted__strict__cp00AD__single.845eeb9573484bd88a6a6224c7068d81,strict,00AD,single,,1,0,False,"[{""original_token"": ""cartridges"", ""salted_token"": ""ca­rtridges"", ""start"": 18, ""end"": 28, ""salt_mode"": ""single"", ""fragment_max_positions"": null}]",[]
00373.ebe8670ac56b04125c25100a36ab0510,00373__salted__strict__cp200B__single.ebe8670ac56b04125c25100a36ab0510,strict,200B,single,,0,1,True,[],"[{""original_token"": ""SystemWorks"", ""salted_token"": ""Sy​stemWorks"", ""start"": 89, ""end"": 100, ""salt_mode"": ""single"", ""fragment_max_positions"": null}]"
00373.ebe8670ac56b04125c25100a36ab0510,00373__salted__strict__cp200C__single.ebe8670ac56b04125c25100a36ab0510,strict,200C,single,,0,1,True,[],"[{""original_token"": ""SystemWorks"", ""salted_token"": ""Sy‌stemWorks"", ""start"": 89, ""end"": 100, ""salt_mode"": ""single"", ""fragment_max_positions"": null}]"
00373.ebe8670ac56b04125c25100a36ab0510,00373__salted__strict__cp200D__single.ebe8670ac56b04125c25100a36ab0510,strict,200D,single,,0,1,True,[],"[{""original_token"": ""SystemWorks"", ""salted_token"": ""Sy‍stemWorks"", ""start"": 89, ""end"": 100, ""salt_mode"": ""single"", ""fragment_max_positions"": null}]"
00373.ebe8670ac56b04125c25100a36ab0510,00373__salted__strict__cp00AD__single.ebe8670ac56b04125c25100a36ab0510,strict,00AD,single,,0,1,True,[],"[{""original_token"": ""SystemWorks"", ""salted_token"": ""Sy­stemWorks"", ""start"": 89, ""end"": 100, ""salt_mode"": ""single"", ""fragment_max_positions"": null}]"
00384.2054d62f06fd10e4018a43e156b32acf,00384__salted__strict__cp200B__single.2054d62f06fd10e4018a43e156b32acf,strict,200B,single,,1,3,True,"[{""original_token"": ""Guaranteed"", ""salted_token"": ""Gu​aranteed"", ""start"": 3, ""end"": 13, ""salt_mode"": ""single"", ""fragment_max_positions"": null}]","[{""original_token"": ""annuity"", ""salted_token"": ""an​nuity"", ""start"": 26, ""end"": 33, ""salt_mode"": ""single"", ""fragment_max_positions"": null}, {""original_token"": ""annuity"", ""salted_token"": ""an​nuity"", ""start"": 61, ""end"": 68, ""salt_mode"": ""single"", ""fragment_max_positions"": null}, {""original_token"": ""Guaranteed"", ""salted_token"": ""Gu​aranteed"", ""start"": 110, ""end"": 120, ""salt_mode"": ""single"", ""fragment_max_positions"": null}]"
00384.2054d62f06fd10e4018a43e156b32acf,00384__salted__strict__cp200C__single.2054d62f06fd10e4018a43e156b32acf,strict,200C,single,,1,3,True,"[{""original_token"": ""Guaranteed"", ""salted_token"": ""Gu‌aranteed"", ""start"": 3, ""end"": 13, ""salt_mode"": ""single"", ""fragment_max_positions"": null}]","[{""original_token"": ""annuity"", ""salted_token"": ""an‌nuity"", ""start"": 26, ""end"": 33, ""salt_mode"": ""single"", ""fragment_max_positions"": null}, {""original_token"": ""annuity"", ""salted_token"": ""an‌nuity"", ""start"": 61, ""end"": 68, ""salt_mode"": ""single"", ""fragment_max_positions"": null}, {""original_token"": ""Guaranteed"", ""salted_token"": ""Gu‌aranteed"", ""start"": 110, ""end"": 120, ""salt_mode"": ""single"", ""fragment_max_positions"": null}]"
00384.2054d62f06fd10e4018a43e156b32acf,00384__salted__strict__cp200D__single.2054d62f06fd10e4018a43e156b32acf,strict,200D,single,,1,3,True,"[{""original_token"": ""Guaranteed"", ""salted_token"": ""Gu‍aranteed"", ""start"": 3, ""end"": 13, ""salt_mode"": ""single"", ""fragment_max_positions"": null}]","[{""original_token"": ""annuity"", ""salted_token"": ""an‍nuity"", ""start"": 26, ""end"": 33, ""salt_mode"": ""single"", ""fragment_max_positions"": null}, {""original_token"": ""annuity"", ""salted_token"": ""an‍nuity"", ""start"": 61, ""end"": 68, ""salt_mode"": ""single"", ""fragment_max_positions"": null}, {""original_token"": ""Guaranteed"", ""salted_token"": ""Gu‍aranteed"", ""start"": 110, ""end"": 120, ""salt_mode"": ""single"", ""fragment_max_positions"": null}]"
00384.2054d62f06fd10e4018a43e156b32acf,00384__salted__strict__cp00AD__single.2054d62f06fd10e4018a43e156b32acf,strict,00AD,single,,1,3,True,"[{""original_token"": ""Guaranteed"", ""salted_token"": ""Gu­aranteed"", ""start"": 3, ""end"": 13, ""salt_mode"": ""single"", ""fragment_max_positions"": null}]","[{""original_token"": ""annuity"", ""salted_token"": ""an­nuity"", ""start"": 26, ""end"": 33, ""salt_mode"": ""single"", ""fragment_max_positions"": null}, {""original_token"": ""annuity"", ""salted_token"": ""an­nuity"", ""start"": 61, ""end"": 68, ""salt_mode"": ""single"", ""fragment_max_positions"": null}, {""original_token"": ""Guaranteed"", ""salted_token"": ""Gu­aranteed"", ""start"": 110, ""end"": 120, ""salt_mode"": ""single"", ""fragment_max_positions"": null}]"
00386.6074f269f0bd1aec1546f9e654e8fcfe,00386__salted__strict__cp200B__single.6074f269f0bd1aec1546f9e654e8fcfe,strict,200B,single,,0,1,True,[],"[{""original_token"": ""earn"", ""salted_token"": ""ea​rn"", ""start"": 203, ""end"": 207, ""salt_mode"": ""single"", ""fragment_max_positions"": null}]"
00386.6074f269f0bd1aec1546f9e654e8fcfe,00386__salted__strict__cp200C__single.6074f269f0bd1aec1546f9e654e8fcfe,strict,200C,single,,0,1,True,[],"[{""original_token"": ""earn"", ""salted_token"": ""ea‌rn"", ""start"": 203, ""end"": 207, ""salt_mode"": ""single"", ""fragment_max_positions"": null}]"
00386.6074f269f0bd1aec1546f9e654e8fcfe,00386__salted__strict__cp200D__single.6074f269f0bd1aec1546f9e654e8fcfe,strict,200D,single,,0,1,True,[],"[{""original_token"": ""earn"", ""salted_token"": ""ea‍rn"", ""start"": 203, ""end"": 207, ""salt_mode"": ""single"", ""fragment_max_positions"": null}]"
00386.6074f269f0bd1aec1546f9e654e8fcfe,00386__salted__strict__cp00AD__single.6074f269f0bd1aec1546f9e654e8fcfe,strict,00AD,single,,0,1,True,[],"[{""original_token"": ""earn"", ""salted_token"": ""ea­rn"", ""start"": 203, ""end"": 207, ""salt_mode"": ""single"", ""fragment_max_positions"": null}]"
00388.a884c42d4423d7e4718db0145b3b9d9b,00388__salted__strict__cp200B__single.a884c42d4423d7e4718db0145b3b9d9b,strict,200B,single,,0,1,True,[],"[{""original_token"": ""GUARANTEED"", ""salted_token"": ""GU​ARANTEED"", ""start"": 187, ""end"": 197, ""salt_mode"": ""single"", ""fragment_max_positions"": null}]"
00388.a884c42d4423d7e4718db0145b3b9d9b,00388__salted__strict__cp200C__single.a884c42d4423d7e4718db0145b3b9d9b,strict,200C,single,,0,1,True,[],"[{""original_token"": ""GUARANTEED"", ""salted_token"": ""GU‌ARANTEED"", ""start"": 187, ""end"": 197, ""salt_mode"": ""single"", ""fragment_max_positions"": null}]"
00388.a884c42d4423d7e4718db0145b3b9d9b,00388__salted__strict__cp200D__single.a884c42d4423d7e4718db0145b3b9d9b,strict,200D,single,,0,1,True,[],"[{""original_token"": ""GUARANTEED"", ""salted_token"": ""GU‍ARANTEED"", ""start"": 187, ""end"": 197, ""salt_mode"": ""single"", ""fragment_max_positions"": null}]"
00388.a884c42d4423d7e4718db0145b3b9d9b,00388__salted__strict__cp00AD__single.a884c42d4423d7e4718db0145b3b9d9b,strict,00AD,single,,0,1,True,[],"[{""original_token"": ""GUARANTEED"", ""salted_token"": ""GU­ARANTEED"", ""start"": 187, ""end"": 197, ""salt_mode"": ""single"", ""fragment_max_positions"": null}]"
00395.74aee42fac915ca758047506ec59a21f,00395__salted__strict__cp200B__single.74aee42fac915ca758047506ec59a21f,strict,200B,single,,1,0,False,"[{""original_token"": ""ADV"", ""salted_token"": ""AD​V"", ""start"": 0, ""end"": 3, ""salt_mode"": ""single"", ""fragment_max_positions"": null}]",[]
00395.74aee42fac915ca758047506ec59a21f,00395__salted__strict__cp200C__single.74aee42fac915ca758047506ec59a21f,strict,200C,single,,1,0,False,"[{""original_token"": ""ADV"", ""salted_token"": ""AD‌V"", ""start"": 0, ""end"": 3, ""salt_mode"": ""single"", ""fragment_max_positions"": null}]",[]
00395.74aee42fac915ca758047506ec59a21f,00395__salted__strict__cp200D__single.74aee42fac915ca758047506ec59a21f,strict,200D,single,,1,0,False,"[{""original_token"": ""ADV"", ""salted_token"": ""AD‍V"", ""start"": 0, ""end"": 3, ""salt_mode"": ""single"", ""fragment_max_positions"": null}]",[]
00395.74aee42fac915ca758047506ec59a21f,00395__salted__strict__cp00AD__single.74aee42fac915ca758047506ec59a21f,strict,00AD,single,,1,0,False,"[{""original_token"": ""ADV"", ""salted_token"": ""AD­V"", ""start"": 0, ""end"": 3, ""salt_mode"": ""single"", ""fragment_max_positions"": null}]",[]
00409.e59f63e813b6766a9a4ddf0790634ca3,00409__salted__strict__cp200B__single.e59f63e813b6766a9a4ddf0790634ca3,strict,200B,single,,0,3,True,[],"[{""original_token"": ""guaranteed"", ""salted_token"": ""gu​aranteed"", ""start"": 952, ""end"": 962, ""salt_mode"": ""single"", ""fragment_max_positions"": null}, {""original_token"": ""Payable"", ""salted_token"": ""Pa​yable"", ""start"": 2485, ""end"": 2492, ""salt_mode"": ""single"", ""fragment_max_positions"": null}, {""original_token"": ""btamail"", ""salted_token"": ""bt​amail"", ""start"": 2953, ""end"": 2960, ""salt_mode"": ""single"", ""fragment_max_positions"": null}]"
00409.e59f63e813b6766a9a4ddf0790634ca3,00409__salted__strict__cp200C__single.e59f63e813b6766a9a4ddf0790634ca3,strict,200C,single,,0,3,True,[],"[{""original_token"": ""guaranteed"", ""salted_token"": ""gu‌aranteed"", ""start"": 952, ""end"": 962, ""salt_mode"": ""single"", ""fragment_max_positions"": null}, {""original_token"": ""Payable"", ""salted_token"": ""Pa‌yable"", ""start"": 2485, ""end"": 2492, ""salt_mode"": ""single"", ""fragment_max_positions"": null}, {""original_token"": ""btamail"", ""salted_token"": ""bt‌amail"", ""start"": 2953, ""end"": 2960, ""salt_mode"": ""single"", ""fragment_max_positions"": null}]"
00409.e59f63e813b6766a9a4ddf0790634ca3,00409__salted__strict__cp200D__single.e59f63e813b6766a9a4ddf0790634ca3,strict,200D,single,,0,3,True,[],"[{""original_token"": ""guaranteed"", ""salted_token"": ""gu‍aranteed"", ""start"": 952, ""end"": 962, ""salt_mode"": ""single"", ""fragment_max_positions"": null}, {""original_token"": ""Payable"", ""salted_token"": ""Pa‍yable"", ""start"": 2485, ""end"": 2492, ""salt_mode"": ""single"", ""fragment_max_positions"": null}, {""original_token"": ""btamail"", ""salted_token"": ""bt‍amail"", ""start"": 2953, ""end"": 2960, ""salt_mode"": ""single"", ""fragment_max_positions"": null}]"
00409.e59f63e813b6766a9a4ddf0790634ca3,00409__salted__strict__cp00AD__single.e59f63e813b6766a9a4ddf0790634ca3,strict,00AD,single,,0,3,True,[],"[{""original_token"": ""guaranteed"", ""salted_token"": ""gu­aranteed"", ""start"": 952, ""end"": 962, ""salt_mode"": ""single"", ""fragment_max_positions"": null}, {""original_token"": ""Payable"", ""salted_token"": ""Pa­yable"", ""start"": 2485, ""end"": 2492, ""salt_mode"": ""single"", ""fragment_max_positions"": null}, {""original_token"": ""btamail"", ""salted_token"": ""bt­amail"", ""start"": 2953, ""end"": 2960, ""salt_mode"": ""single"", ""fragment_max_positions"": null}]"
00415.4af357c0282481dba8f1765f0bf09c09,00415__salted__strict__cp200B__single.4af357c0282481dba8f1765f0bf09c09,strict,200B,single,,0,1,True,[],"[{""original_token"": ""Annuity"", ""salted_token"": ""An​nuity"", ""start"": 32, ""end"": 39, ""salt_mode"": ""single"", ""fragment_max_positions"": null}]"
00415.4af357c0282481dba8f1765f0bf09c09,00415__salted__strict__cp200C__single.4af357c0282481dba8f1765f0bf09c09,strict,200C,single,,0,1,True,[],"[{""original_token"": ""Annuity"", ""salted_token"": ""An‌nuity"", ""start"": 32, ""end"": 39, ""salt_mode"": ""single"", ""fragment_max_positions"": null}]"
00415.4af357c0282481dba8f1765f0bf09c09,00415__salted__strict__cp200D__single.4af357c0282481dba8f1765f0bf09c09,strict,200D,single,,0,1,True,[],"[{""original_token"": ""Annuity"", ""salted_token"": ""An‍nuity"", ""start"": 32, ""end"": 39, ""salt_mode"": ""single"", ""fragment_max_positions"": null}]"
00415.4af357c0282481dba8f1765f0bf09c09,00415__salted__strict__cp00AD__single.4af357c0282481dba8f1765f0bf09c09,strict,00AD,single,,0,1,True,[],"[{""original_token"": ""Annuity"", ""salted_token"": ""An­nuity"", ""start"": 32, ""end"": 39, ""salt_mode"": ""single"", ""fragment_max_positions"": null}]"
00416.bff1badad869f205fdb54f311f060734,00416__salted__strict__cp200B__single.bff1badad869f205fdb54f311f060734,strict,200B,single,,1,0,False,"[{""original_token"": ""Guaranteed"", ""salted_token"": ""Gu​aranteed"", ""start"": 0, ""end"": 10, ""salt_mode"": ""single"", ""fragment_max_positions"": null}]",[]
00416.bff1badad869f205fdb54f311f060734,00416__salted__strict__cp200C__single.bff1badad869f205fdb54f311f060734,strict,200C,single,,1,0,False,"[{""original_token"": ""Guaranteed"", ""salted_token"": ""Gu‌aranteed"", ""start"": 0, ""end"": 10, ""salt_mode"": ""single"", ""fragment_max_positions"": null}]",[]
00416.bff1badad869f205fdb54f311f060734,00416__salted__strict__cp200D__single.bff1badad869f205fdb54f311f060734,strict,200D,single,,1,0,False,"[{""original_token"": ""Guaranteed"", ""salted_token"": ""Gu‍aranteed"", ""start"": 0, ""end"": 10, ""salt_mode"": ""single"", ""fragment_max_positions"": null}]",[]
00416.bff1badad869f205fdb54f311f060734,00416__salted__strict__cp00AD__single.bff1badad869f205fdb54f311f060734,strict,00AD,single,,1,0,False,"[{""original_token"": ""Guaranteed"", ""salted_token"": ""Gu­aranteed"", ""start"": 0, ""end"": 10, ""salt_mode"": ""single"", ""fragment_max_positions"": null}]",[]
00426.36b36cbe96efe9001c4d80363ea7ed4e,00426__salted__strict__cp200B__single.36b36cbe96efe9001c4d80363ea7ed4e,strict,200B,single,,0,2,True,[],"[{""original_token"": ""mortgage"", ""salted_token"": ""mo​rtgage"", ""start"": 39, ""end"": 47, ""salt_mode"": ""single"", ""fragment_max_positions"": null}, {""original_token"": ""loans"", ""salted_token"": ""lo​ans"", ""start"": 802, ""end"": 807, ""salt_mode"": ""single"", ""fragment_max_positions"": null}]"
00426.36b36cbe96efe9001c4d80363ea7ed4e,00426__salted__strict__cp200C__single.36b36cbe96efe9001c4d80363ea7ed4e,strict,200C,single,,0,2,True,[],"[{""original_token"": ""mortgage"", ""salted_token"": ""mo‌rtgage"", ""start"": 39, ""end"": 47, ""salt_mode"": ""single"", ""fragment_max_positions"": null}, {""original_token"": ""loans"", ""salted_token"": ""lo‌ans"", ""start"": 802, ""end"": 807, ""salt_mode"": ""single"", ""fragment_max_positions"": null}]"
00426.36b36cbe96efe9001c4d80363ea7ed4e,00426__salted__strict__cp200D__single.36b36cbe96efe9001c4d80363ea7ed4e,strict,200D,single,,0,2,True,[],"[{""original_token"": ""mortgage"", ""salted_token"": ""mo‍rtgage"", ""start"": 39, ""end"": 47, ""salt_mode"": ""single"", ""fragment_max_positions"": null}, {""original_token"": ""loans"", ""salted_token"": ""lo‍ans"", ""start"": 802, ""end"": 807, ""salt_mode"": ""single"", ""fragment_max_positions"": null}]"
00426.36b36cbe96efe9001c4d80363ea7ed4e,00426__salted__strict__cp00AD__single.36b36cbe96efe9001c4d80363ea7ed4e,strict,00AD,single,,0,2,True,[],"[{""original_token"": ""mortgage"", ""salted_token"": ""mo­rtgage"", ""start"": 39, ""end"": 47, ""salt_mode"": ""single"", ""fragment_max_positions"": null}, {""original_token"": ""loans"", ""salted_token"": ""lo­ans"", ""start"": 802, ""end"": 807, ""salt_mode"": ""single"", ""fragment_max_positions"": null}]"
00439.eacffbae5543e6be58178c0d3eb95041,00439__salted__strict__cp200B__single.eacffbae5543e6be58178c0d3eb95041,strict,200B,single,,0,1,True,[],"[{""original_token"": ""mailings"", ""salted_token"": ""ma​ilings"", ""start"": 2294, ""end"": 2302, ""salt_mode"": ""single"", ""fragment_max_positions"": null}]"
00439.eacffbae5543e6be58178c0d3eb95041,00439__salted__strict__cp200C__single.eacffbae5543e6be58178c0d3eb95041,strict,200C,single,,0,1,True,[],"[{""original_token"": ""mailings"", ""salted_token"": ""ma‌ilings"", ""start"": 2294, ""end"": 2302, ""salt_mode"": ""single"", ""fragment_max_positions"": null}]"
00439.eacffbae5543e6be58178c0d3eb95041,00439__salted__strict__cp200D__single.eacffbae5543e6be58178c0d3eb95041,strict,200D,single,,0,1,True,[],"[{""original_token"": ""mailings"", ""salted_token"": ""ma‍ilings"", ""start"": 2294, ""end"": 2302, ""salt_mode"": ""single"", ""fragment_max_positions"": null}]"
00439.eacffbae5543e6be58178c0d3eb95041,00439__salted__strict__cp00AD__single.eacffbae5543e6be58178c0d3eb95041,strict,00AD,single,,0,1,True,[],"[{""original_token"": ""mailings"", ""salted_token"": ""ma­ilings"", ""start"": 2294, ""end"": 2302, ""salt_mode"": ""single"", ""fragment_max_positions"": null}]"
00440.647d9eb44fd0cb069ea92be204966a8e,00440__salted__strict__cp200B__single.647d9eb44fd0cb069ea92be204966a8e,strict,200B,single,,1,0,False,"[{""original_token"": ""SYSTEMWORKS"", ""salted_token"": ""SY​STEMWORKS"", ""start"": 7, ""end"": 18, ""salt_mode"": ""single"", ""fragment_max_positions"": null}]",[]
00440.647d9eb44fd0cb069ea92be204966a8e,00440__salted__strict__cp200C__single.647d9eb44fd0cb069ea92be204966a8e,strict,200C,single,,1,0,False,"[{""original_token"": ""SYSTEMWORKS"", ""salted_token"": ""SY‌STEMWORKS"", ""start"": 7, ""end"": 18, ""salt_mode"": ""single"", ""fragment_max_positions"": null}]",[]
00440.647d9eb44fd0cb069ea92be204966a8e,00440__salted__strict__cp200D__single.647d9eb44fd0cb069ea92be204966a8e,strict,200D,single,,1,0,False,"[{""original_token"": ""SYSTEMWORKS"", ""salted_token"": ""SY‍STEMWORKS"", ""start"": 7, ""end"": 18, ""salt_mode"": ""single"", ""fragment_max_positions"": null}]",[]
00440.647d9eb44fd0cb069ea92be204966a8e,00440__salted__strict__cp00AD__single.647d9eb44fd0cb069ea92be204966a8e,strict,00AD,single,,1,0,False,"[{""original_token"": ""SYSTEMWORKS"", ""salted_token"": ""SY­STEMWORKS"", ""start"": 7, ""end"": 18, ""salt_mode"": ""single"", ""fragment_max_positions"": null}]",[]
00441.77768298934252b2fa200e7d9482993b,00441__salted__strict__cp200B__single.77768298934252b2fa200e7d9482993b,strict,200B,single,,1,0,False,"[{""original_token"": ""Refinance"", ""salted_token"": ""Re​finance"", ""start"": 47, ""end"": 56, ""salt_mode"": ""single"", ""fragment_max_positions"": null}]",[]
00441.77768298934252b2fa200e7d9482993b,00441__salted__strict__cp200C__single.77768298934252b2fa200e7d9482993b,strict,200C,single,,1,0,False,"[{""original_token"": ""Refinance"", ""salted_token"": ""Re‌finance"", ""start"": 47, ""end"": 56, ""salt_mode"": ""single"", ""fragment_max_positions"": null}]",[]
00441.77768298934252b2fa200e7d9482993b,00441__salted__strict__cp200D__single.77768298934252b2fa200e7d9482993b,strict,200D,single,,1,0,False,"[{""original_token"": ""Refinance"", ""salted_token"": ""Re‍finance"", ""start"": 47, ""end"": 56, ""salt_mode"": ""single"", ""fragment_max_positions"": null}]",[]
00441.77768298934252b2fa200e7d9482993b,00441__salted__strict__cp00AD__single.77768298934252b2fa200e7d9482993b,strict,00AD,single,,1,0,False,"[{""original_token"": ""Refinance"", ""salted_token"": ""Re­finance"", ""start"": 47, ""end"": 56, ""salt_mode"": ""single"", ""fragment_max_positions"": null}]",[]
00445.a5edbd936b830407d1a56b31ff3b82c0,00445__salted__strict__cp200B__single.a5edbd936b830407d1a56b31ff3b82c0,strict,200B,single,,1,0,False,"[{""original_token"": ""Herbal"", ""salted_token"": ""He​rbal"", ""start"": 0, ""end"": 6, ""salt_mode"": ""single"", ""fragment_max_positions"": null}]",[]
00445.a5edbd936b830407d1a56b31ff3b82c0,00445__salted__strict__cp200C__single.a5edbd936b830407d1a56b31ff3b82c0,strict,200C,single,,1,0,False,"[{""original_token"": ""Herbal"", ""salted_token"": ""He‌rbal"", ""start"": 0, ""end"": 6, ""salt_mode"": ""single"", ""fragment_max_positions"": null}]",[]
00445.a5edbd936b830407d1a56b31ff3b82c0,00445__salted__strict__cp200D__single.a5edbd936b830407d1a56b31ff3b82c0,strict,200D,single,,1,0,False,"[{""original_token"": ""Herbal"", ""salted_token"": ""He‍rbal"", ""start"": 0, ""end"": 6, ""salt_mode"": ""single"", ""fragment_max_positions"": null}]",[]
00445.a5edbd936b830407d1a56b31ff3b82c0,00445__salted__strict__cp00AD__single.a5edbd936b830407d1a56b31ff3b82c0,strict,00AD,single,,1,0,False,"[{""original_token"": ""Herbal"", ""salted_token"": ""He­rbal"", ""start"": 0, ""end"": 6, ""salt_mode"": ""single"", ""fragment_max_positions"": null}]",[]
00447.32e588c3a1d8888d737f360f825713b8,00447__salted__strict__cp200B__single.32e588c3a1d8888d737f360f825713b8,strict,200B,single,,0,3,True,[],"[{""original_token"": ""guaranteed"", ""salted_token"": ""gu​aranteed"", ""start"": 229, ""end"": 239, ""salt_mode"": ""single"", ""fragment_max_positions"": null}, {""original_token"": ""attained"", ""salted_token"": ""at​tained"", ""start"": 271, ""end"": 279, ""salt_mode"": ""single"", ""fragment_max_positions"": null}, {""original_token"": ""mailings"", ""salted_token"": ""ma​ilings"", ""start"": 906, ""end"": 914, ""salt_mode"": ""single"", ""fragment_max_positions"": null}]"
00447.32e588c3a1d8888d737f360f825713b8,00447__salted__strict__cp200C__single.32e588c3a1d8888d737f360f825713b8,strict,200C,single,,0,3,True,[],"[{""original_token"": ""guaranteed"", ""salted_token"": ""gu‌aranteed"", ""start"": 229, ""end"": 239, ""salt_mode"": ""single"", ""fragment_max_positions"": null}, {""original_token"": ""attained"", ""salted_token"": ""at‌tained"", ""start"": 271, ""end"": 279, ""salt_mode"": ""single"", ""fragment_max_positions"": null}, {""original_token"": ""mailings"", ""salted_token"": ""ma‌ilings"", ""start"": 906, ""end"": 914, ""salt_mode"": ""single"", ""fragment_max_positions"": null}]"
00447.32e588c3a1d8888d737f360f825713b8,00447__salted__strict__cp200D__single.32e588c3a1d8888d737f360f825713b8,strict,200D,single,,0,3,True,[],"[{""original_token"": ""guaranteed"", ""salted_token"": ""gu‍aranteed"", ""start"": 229, ""end"": 239, ""salt_mode"": ""single"", ""fragment_max_positions"": null}, {""original_token"": ""attained"", ""salted_token"": ""at‍tained"", ""start"": 271, ""end"": 279, ""salt_mode"": ""single"", ""fragment_max_positions"": null}, {""original_token"": ""mailings"", ""salted_token"": ""ma‍ilings"", ""start"": 906, ""end"": 914, ""salt_mode"": ""single"", ""fragment_max_positions"": null}]"
00447.32e588c3a1d8888d737f360f825713b8,00447__salted__strict__cp00AD__single.32e588c3a1d8888d737f360f825713b8,strict,00AD,single,,0,3,True,[],"[{""original_token"": ""guaranteed"", ""salted_token"": ""gu­aranteed"", ""start"": 229, ""end"": 239, ""salt_mode"": ""single"", ""fragment_max_positions"": null}, {""original_token"": ""attained"", ""salted_token"": ""at­tained"", ""start"": 271, ""end"": 279, ""salt_mode"": ""single"", ""fragment_max_positions"": null}, {""original_token"": ""mailings"", ""salted_token"": ""ma­ilings"", ""start"": 906, ""end"": 914, ""salt_mode"": ""single"", ""fragment_max_positions"": null}]"
00455.8ccdcb205b6f8c3958bb3b2d39edca46,00455__salted__strict__cp200B__single.8ccdcb205b6f8c3958bb3b2d39edca46,strict,200B,single,,1,0,False,"[{""original_token"": ""ADV"", ""salted_token"": ""AD​V"", ""start"": 0, ""end"": 3, ""salt_mode"": ""single"", ""fragment_max_positions"": null}]",[]
00455.8ccdcb205b6f8c3958bb3b2d39edca46,00455__salted__strict__cp200C__single.8ccdcb205b6f8c3958bb3b2d39edca46,strict,200C,single,,1,0,False,"[{""original_token"": ""ADV"", ""salted_token"": ""AD‌V"", ""start"": 0, ""end"": 3, ""salt_mode"": ""single"", ""fragment_max_positions"": null}]",[]
00455.8ccdcb205b6f8c3958bb3b2d39edca46,00455__salted__strict__cp200D__single.8ccdcb205b6f8c3958bb3b2d39edca46,strict,200D,single,,1,0,False,"[{""original_token"": ""ADV"", ""salted_token"": ""AD‍V"", ""start"": 0, ""end"": 3, ""salt_mode"": ""single"", ""fragment_max_positions"": null}]",[]
00455.8ccdcb205b6f8c3958bb3b2d39edca46,00455__salted__strict__cp00AD__single.8ccdcb205b6f8c3958bb3b2d39edca46,strict,00AD,single,,1,0,False,"[{""original_token"": ""ADV"", ""salted_token"": ""AD­V"", ""start"": 0, ""end"": 3, ""salt_mode"": ""single"", ""fragment_max_positions"": null}]",[]
00458.62211764fde0dd7128ea4146268b40dd,00458__salted__strict__cp200B__single.62211764fde0dd7128ea4146268b40dd,strict,200B,single,,0,1,True,[],"[{""original_token"": ""earn"", ""salted_token"": ""ea​rn"", ""start"": 203, ""end"": 207, ""salt_mode"": ""single"", ""fragment_max_positions"": null}]"
00458.62211764fde0dd7128ea4146268b40dd,00458__salted__strict__cp200C__single.62211764fde0dd7128ea4146268b40dd,strict,200C,single,,0,1,True,[],"[{""original_token"": ""earn"", ""salted_token"": ""ea‌rn"", ""start"": 203, ""end"": 207, ""salt_mode"": ""single"", ""fragment_max_positions"": null}]"
00458.62211764fde0dd7128ea4146268b40dd,00458__salted__strict__cp200D__single.62211764fde0dd7128ea4146268b40dd,strict,200D,single,,0,1,True,[],"[{""original_token"": ""earn"", ""salted_token"": ""ea‍rn"", ""start"": 203, ""end"": 207, ""salt_mode"": ""single"", ""fragment_max_positions"": null}]"
00458.62211764fde0dd7128ea4146268b40dd,00458__salted__strict__cp00AD__single.62211764fde0dd7128ea4146268b40dd,strict,00AD,single,,0,1,True,[],"[{""original_token"": ""earn"", ""salted_token"": ""ea­rn"", ""start"": 203, ""end"": 207, ""salt_mode"": ""single"", ""fragment_max_positions"": null}]"
00467.3748c927c32a9c4e8988dad52a843b5c,00467__salted__strict__cp200B__single.3748c927c32a9c4e8988dad52a843b5c,strict,200B,single,,0,1,True,[],"[{""original_token"": ""mailings"", ""salted_token"": ""ma​ilings"", ""start"": 865, ""end"": 873, ""salt_mode"": ""single"", ""fragment_max_positions"": null}]"
00467.3748c927c32a9c4e8988dad52a843b5c,00467__salted__strict__cp200C__single.3748c927c32a9c4e8988dad52a843b5c,strict,200C,single,,0,1,True,[],"[{""original_token"": ""mailings"", ""salted_token"": ""ma‌ilings"", ""start"": 865, ""end"": 873, ""salt_mode"": ""single"", ""fragment_max_positions"": null}]"
00467.3748c927c32a9c4e8988dad52a843b5c,00467__salted__strict__cp200D__single.3748c927c32a9c4e8988dad52a843b5c,strict,200D,single,,0,1,True,[],"[{""original_token"": ""mailings"", ""salted_token"": ""ma‍ilings"", ""start"": 865, ""end"": 873, ""salt_mode"": ""single"", ""fragment_max_positions"": null}]"
00467.3748c927c32a9c4e8988dad52a843b5c,00467__salted__strict__cp00AD__single.3748c927c32a9c4e8988dad52a843b5c,strict,00AD,single,,0,1,True,[],"[{""original_token"": ""mailings"", ""salted_token"": ""ma­ilings"", ""start"": 865, ""end"": 873, ""salt_mode"": ""single"", ""fragment_max_positions"": null}]"
00482.f839ea522f1ee459661a6b2fbd71e823,00482__salted__strict__cp200B__single.f839ea522f1ee459661a6b2fbd71e823,strict,200B,single,,1,0,False,"[{""original_token"": ""ADV"", ""salted_token"": ""AD​V"", ""start"": 0, ""end"": 3, ""salt_mode"": ""single"", ""fragment_max_positions"": null}]",[]
00482.f839ea522f1ee459661a6b2fbd71e823,00482__salted__strict__cp200C__single.f839ea522f1ee459661a6b2fbd71e823,strict,200C,single,,1,0,False,"[{""original_token"": ""ADV"", ""salted_token"": ""AD‌V"", ""start"": 0, ""end"": 3, ""salt_mode"": ""single"", ""fragment_max_positions"": null}]",[]
00482.f839ea522f1ee459661a6b2fbd71e823,00482__salted__strict__cp200D__single.f839ea522f1ee459661a6b2fbd71e823,strict,200D,single,,1,0,False,"[{""original_token"": ""ADV"", ""salted_token"": ""AD‍V"", ""start"": 0, ""end"": 3, ""salt_mode"": ""single"", ""fragment_max_positions"": null}]",[]
00482.f839ea522f1ee459661a6b2fbd71e823,00482__salted__strict__cp00AD__single.f839ea522f1ee459661a6b2fbd71e823,strict,00AD,single,,1,0,False,"[{""original_token"": ""ADV"", ""salted_token"": ""AD­V"", ""start"": 0, ""end"": 3, ""salt_mode"": ""single"", ""fragment_max_positions"": null}]",[]
00483.e583ffb0efd3958cdef2e9f3b043ef0d,00483__salted__strict__cp200B__single.e583ffb0efd3958cdef2e9f3b043ef0d,strict,200B,single,,1,0,False,"[{""original_token"": ""Herbal"", ""salted_token"": ""He​rbal"", ""start"": 0, ""end"": 6, ""salt_mode"": ""single"", ""fragment_max_positions"": null}]",[]
00483.e583ffb0efd3958cdef2e9f3b043ef0d,00483__salted__strict__cp200C__single.e583ffb0efd3958cdef2e9f3b043ef0d,strict,200C,single,,1,0,False,"[{""original_token"": ""Herbal"", ""salted_token"": ""He‌rbal"", ""start"": 0, ""end"": 6, ""salt_mode"": ""single"", ""fragment_max_positions"": null}]",[]
00483.e583ffb0efd3958cdef2e9f3b043ef0d,00483__salted__strict__cp200D__single.e583ffb0efd3958cdef2e9f3b043ef0d,strict,200D,single,,1,0,False,"[{""original_token"": ""Herbal"", ""salted_token"": ""He‍rbal"", ""start"": 0, ""end"": 6, ""salt_mode"": ""single"", ""fragment_max_positions"": null}]",[]
00483.e583ffb0efd3958cdef2e9f3b043ef0d,00483__salted__strict__cp00AD__single.e583ffb0efd3958cdef2e9f3b043ef0d,strict,00AD,single,,1,0,False,"[{""original_token"": ""Herbal"", ""salted_token"": ""He­rbal"", ""start"": 0, ""end"": 6, ""salt_mode"": ""single"", ""fragment_max_positions"": null}]",[]
00485.a5d28b804adbceff7fd75ed9fc8138bb,00485__salted__strict__cp200B__single.a5d28b804adbceff7fd75ed9fc8138bb,strict,200B,single,,0,3,True,[],"[{""original_token"": ""MLM"", ""salted_token"": ""ML​M"", ""start"": 233, ""end"": 236, ""salt_mode"": ""single"", ""fragment_max_positions"": null}, {""original_token"": ""promotion"", ""salted_token"": ""pr​omotion"", ""start"": 378, ""end"": 387, ""salt_mode"": ""single"", ""fragment_max_positions"": null}, {""original_token"": ""Toll"", ""salted_token"": ""To​ll"", ""start"": 3245, ""end"": 3249, ""salt_mode"": ""single"", ""fragment_max_positions"": null}]"
00485.a5d28b804adbceff7fd75ed9fc8138bb,00485__salted__strict__cp200C__single.a5d28b804adbceff7fd75ed9fc8138bb,strict,200C,single,,0,3,True,[],"[{""original_token"": ""MLM"", ""salted_token"": ""ML‌M"", ""start"": 233, ""end"": 236, ""salt_mode"": ""single"", ""fragment_max_positions"": null}, {""original_token"": ""promotion"", ""salted_token"": ""pr‌omotion"", ""start"": 378, ""end"": 387, ""salt_mode"": ""single"", ""fragment_max_positions"": null}, {""original_token"": ""Toll"", ""salted_token"": ""To‌ll"", ""start"": 3245, ""end"": 3249, ""salt_mode"": ""single"", ""fragment_max_positions"": null}]"
00485.a5d28b804adbceff7fd75ed9fc8138bb,00485__salted__strict__cp200D__single.a5d28b804adbceff7fd75ed9fc8138bb,strict,200D,single,,0,3,True,[],"[{""original_token"": ""MLM"", ""salted_token"": ""ML‍M"", ""start"": 233, ""end"": 236, ""salt_mode"": ""single"", ""fragment_max_positions"": null}, {""original_token"": ""promotion"", ""salted_token"": ""pr‍omotion"", ""start"": 378, ""end"": 387, ""salt_mode"": ""single"", ""fragment_max_positions"": null}, {""original_token"": ""Toll"", ""salted_token"": ""To‍ll"", ""start"": 3245, ""end"": 3249, ""salt_mode"": ""single"", ""fragment_max_positions"": null}]"
00485.a5d28b804adbceff7fd75ed9fc8138bb,00485__salted__strict__cp00AD__single.a5d28b804adbceff7fd75ed9fc8138bb,strict,00AD,single,,0,3,True,[],"[{""original_token"": ""MLM"", ""salted_token"": ""ML­M"", ""start"": 233, ""end"": 236, ""salt_mode"": ""single"", ""fragment_max_positions"": null}, {""original_token"": ""promotion"", ""salted_token"": ""pr­omotion"", ""start"": 378, ""end"": 387, ""salt_mode"": ""single"", ""fragment_max_positions"": null}, {""original_token"": ""Toll"", ""salted_token"": ""To­ll"", ""start"": 3245, ""end"": 3249, ""salt_mode"": ""single"", ""fragment_max_positions"": null}]"
00494.fd2efa67e63247ee89cdcf3a6fe7906d,00494__salted__strict__cp200B__single.fd2efa67e63247ee89cdcf3a6fe7906d,strict,200B,single,,0,3,True,[],"[{""original_token"": ""ATTN"", ""salted_token"": ""AT​TN"", ""start"": 0, ""end"": 4, ""salt_mode"": ""single"", ""fragment_max_positions"": null}, {""original_token"": ""assistance"", ""salted_token"": ""as​sistance"", ""start"": 365, ""end"": 375, ""salt_mode"": ""single"", ""fragment_max_positions"": null}, {""original_token"": ""beneficiary"", ""salted_token"": ""be​neficiary"", ""start"": 1654, ""end"": 1665, ""salt_mode"": ""single"", ""fragment_max_positions"": null}]"
00494.fd2efa67e63247ee89cdcf3a6fe7906d,00494__salted__strict__cp200C__single.fd2efa67e63247ee89cdcf3a6fe7906d,strict,200C,single,,0,3,True,[],"[{""original_token"": ""ATTN"", ""salted_token"": ""AT‌TN"", ""start"": 0, ""end"": 4, ""salt_mode"": ""single"", ""fragment_max_positions"": null}, {""original_token"": ""assistance"", ""salted_token"": ""as‌sistance"", ""start"": 365, ""end"": 375, ""salt_mode"": ""single"", ""fragment_max_positions"": null}, {""original_token"": ""beneficiary"", ""salted_token"": ""be‌neficiary"", ""start"": 1654, ""end"": 1665, ""salt_mode"": ""single"", ""fragment_max_positions"": null}]"
00494.fd2efa67e63247ee89cdcf3a6fe7906d,00494__salted__strict__cp200D__single.fd2efa67e63247ee89cdcf3a6fe7906d,strict,200D,single,,0,3,True,[],"[{""original_token"": ""ATTN"", ""salted_token"": ""AT‍TN"", ""start"": 0, ""end"": 4, ""salt_mode"": ""single"", ""fragment_max_positions"": null}, {""original_token"": ""assistance"", ""salted_token"": ""as‍sistance"", ""start"": 365, ""end"": 375, ""salt_mode"": ""single"", ""fragment_max_positions"": null}, {""original_token"": ""beneficiary"", ""salted_token"": ""be‍neficiary"", ""start"": 1654, ""end"": 1665, ""salt_mode"": ""single"", ""fragment_max_positions"": null}]"
00494.fd2efa67e63247ee89cdcf3a6fe7906d,00494__salted__strict__cp00AD__single.fd2efa67e63247ee89cdcf3a6fe7906d,strict,00AD,single,,0,3,True,[],"[{""original_token"": ""ATTN"", ""salted_token"": ""AT­TN"", ""start"": 0, ""end"": 4, ""salt_mode"": ""single"", ""fragment_max_positions"": null}, {""original_token"": ""assistance"", ""salted_token"": ""as­sistance"", ""start"": 365, ""end"": 375, ""salt_mode"": ""single"", ""fragment_max_positions"": null}, {""original_token"": ""beneficiary"", ""salted_token"": ""be­neficiary"", ""start"": 1654, ""end"": 1665, ""salt_mode"": ""single"", ""fragment_max_positions"": null}]"
00506.85af6cd716febc6265ac7b362a4a1da6,00506__salted__strict__cp200B__single.85af6cd716febc6265ac7b362a4a1da6,strict,200B,single,,1,0,False,"[{""original_token"": ""MORTGAGE"", ""salted_token"": ""MO​RTGAGE"", ""start"": 21, ""end"": 29, ""salt_mode"": ""single"", ""fragment_max_positions"": null}]",[]
00506.85af6cd716febc6265ac7b362a4a1da6,00506__salted__strict__cp200C__single.85af6cd716febc6265ac7b362a4a1da6,strict,200C,single,,1,0,False,"[{""original_token"": ""MORTGAGE"", ""salted_token"": ""MO‌RTGAGE"", ""start"": 21, ""end"": 29, ""salt_mode"": ""single"", ""fragment_max_positions"": null}]",[]
00506.85af6cd716febc6265ac7b362a4a1da6,00506__salted__strict__cp200D__single.85af6cd716febc6265ac7b362a4a1da6,strict,200D,single,,1,0,False,"[{""original_token"": ""MORTGAGE"", ""salted_token"": ""MO‍RTGAGE"", ""start"": 21, ""end"": 29, ""salt_mode"": ""single"", ""fragment_max_positions"": null}]",[]
00506.85af6cd716febc6265ac7b362a4a1da6,00506__salted__strict__cp00AD__single.85af6cd716febc6265ac7b362a4a1da6,strict,00AD,single,,1,0,False,"[{""original_token"": ""MORTGAGE"", ""salted_token"": ""MO­RTGAGE"", ""start"": 21, ""end"": 29, ""salt_mode"": ""single"", ""fragment_max_positions"": null}]",[]
00509.385c788f39e46a86be4c6af8679a0c80,00509__salted__strict__cp200B__single.385c788f39e46a86be4c6af8679a0c80,strict,200B,single,,0,3,True,[],"[{""original_token"": ""Postal"", ""salted_token"": ""Po​stal"", ""start"": 1976, ""end"": 1982, ""salt_mode"": ""single"", ""fragment_max_positions"": null}, {""original_token"": ""MasterCard"", ""salted_token"": ""Ma​sterCard"", ""start"": 2046, ""end"": 2056, ""salt_mode"": ""single"", ""fragment_max_positions"": null}, {""original_token"": ""Postal"", ""salted_token"": ""Po​stal"", ""start"": 2497, ""end"": 2503, ""salt_mode"": ""single"", ""fragment_max_positions"": null}]"
00509.385c788f39e46a86be4c6af8679a0c80,00509__salted__strict__cp200C__single.385c788f39e46a86be4c6af8679a0c80,strict,200C,single,,0,3,True,[],"[{""original_token"": ""Postal"", ""salted_token"": ""Po‌stal"", ""start"": 1976, ""end"": 1982, ""salt_mode"": ""single"", ""fragment_max_positions"": null}, {""original_token"": ""MasterCard"", ""salted_token"": ""Ma‌sterCard"", ""start"": 2046, ""end"": 2056, ""salt_mode"": ""single"", ""fragment_max_positions"": null}, {""original_token"": ""Postal"", ""salted_token"": ""Po‌stal"", ""start"": 2497, ""end"": 2503, ""salt_mode"": ""single"", ""fragment_max_positions"": null}]"
00509.385c788f39e46a86be4c6af8679a0c80,00509__salted__strict__cp200D__single.385c788f39e46a86be4c6af8679a0c80,strict,200D,single,,0,3,True,[],"[{""original_token"": ""Postal"", ""salted_token"": ""Po‍stal"", ""start"": 1976, ""end"": 1982, ""salt_mode"": ""single"", ""fragment_max_positions"": null}, {""original_token"": ""MasterCard"", ""salted_token"": ""Ma‍sterCard"", ""start"": 2046, ""end"": 2056, ""salt_mode"": ""single"", ""fragment_max_positions"": null}, {""original_token"": ""Postal"", ""salted_token"": ""Po‍stal"", ""start"": 2497, ""end"": 2503, ""salt_mode"": ""single"", ""fragment_max_positions"": null}]"
00509.385c788f39e46a86be4c6af8679a0c80,00509__salted__strict__cp00AD__single.385c788f39e46a86be4c6af8679a0c80,strict,00AD,single,,0,3,True,[],"[{""original_token"": ""Postal"", ""salted_token"": ""Po­stal"", ""start"": 1976, ""end"": 1982, ""salt_mode"": ""single"", ""fragment_max_positions"": null}, {""original_token"": ""MasterCard"", ""salted_token"": ""Ma­sterCard"", ""start"": 2046, ""end"": 2056, ""salt_mode"": ""single"", ""fragment_max_positions"": null}, {""original_token"": ""Postal"", ""salted_token"": ""Po­stal"", ""start"": 2497, ""end"": 2503, ""salt_mode"": ""single"", ""fragment_max_positions"": null}]"
00510.ce04ead27e498e82285ea6dbb0837c13,00510__salted__strict__cp200B__single.ce04ead27e498e82285ea6dbb0837c13,strict,200B,single,,1,0,True,"[{""original_token"": ""adv"", ""salted_token"": ""ad​v"", ""start"": 0, ""end"": 3, ""salt_mode"": ""single"", ""fragment_max_positions"": null}]",[]
00510.ce04ead27e498e82285ea6dbb0837c13,00510__salted__strict__cp200C__single.ce04ead27e498e82285ea6dbb0837c13,strict,200C,single,,1,0,True,"[{""original_token"": ""adv"", ""salted_token"": ""ad‌v"", ""start"": 0, ""end"": 3, ""salt_mode"": ""single"", ""fragment_max_positions"": null}]",[]
00510.ce04ead27e498e82285ea6dbb0837c13,00510__salted__strict__cp200D__single.ce04ead27e498e82285ea6dbb0837c13,strict,200D,single,,1,0,True,"[{""original_token"": ""adv"", ""salted_token"": ""ad‍v"", ""start"": 0, ""end"": 3, ""salt_mode"": ""single"", ""fragment_max_positions"": null}]",[]
00510.ce04ead27e498e82285ea6dbb0837c13,00510__salted__strict__cp00AD__single.ce04ead27e498e82285ea6dbb0837c13,strict,00AD,single,,1,0,True,"[{""original_token"": ""adv"", ""salted_token"": ""ad­v"", ""start"": 0, ""end"": 3, ""salt_mode"": ""single"", ""fragment_max_positions"": null}]",[]
00523.8dad1340c87f606b1f0696df64d9063c,00523__salted__strict__cp200B__single.8dad1340c87f606b1f0696df64d9063c,strict,200B,single,,1,0,False,"[{""original_token"": ""MORTGAGE"", ""salted_token"": ""MO​RTGAGE"", ""start"": 24, ""end"": 32, ""salt_mode"": ""single"", ""fragment_max_positions"": null}]",[]
00523.8dad1340c87f606b1f0696df64d9063c,00523__salted__strict__cp200C__single.8dad1340c87f606b1f0696df64d9063c,strict,200C,single,,1,0,False,"[{""original_token"": ""MORTGAGE"", ""salted_token"": ""MO‌RTGAGE"", ""start"": 24, ""end"": 32, ""salt_mode"": ""single"", ""fragment_max_positions"": null}]",[]
00523.8dad1340c87f606b1f0696df64d9063c,00523__salted__strict__cp200D__single.8dad1340c87f606b1f0696df64d9063c,strict,200D,single,,1,0,False,"[{""original_token"": ""MORTGAGE"", ""salted_token"": ""MO‍RTGAGE"", ""start"": 24, ""end"": 32, ""salt_mode"": ""single"", ""fragment_max_positions"": null}]",[]
00523.8dad1340c87f606b1f0696df64d9063c,00523__salted__strict__cp00AD__single.8dad1340c87f606b1f0696df64d9063c,strict,00AD,single,,1,0,False,"[{""original_token"": ""MORTGAGE"", ""salted_token"": ""MO­RTGAGE"", ""start"": 24, ""end"": 32, ""salt_mode"": ""single"", ""fragment_max_positions"": null}]",[]
00554.c325ab7400fb7e3f053ed0cac4ed7545,00554__salted__strict__cp200B__single.c325ab7400fb7e3f053ed0cac4ed7545,strict,200B,single,,1,3,True,"[{""original_token"": ""Assistance"", ""salted_token"": ""As​sistance"", ""start"": 21, ""end"": 31, ""salt_mode"": ""single"", ""fragment_max_positions"": null}]","[{""original_token"": ""confidentiality"", ""salted_token"": ""co​nfidentiality"", ""start"": 308, ""end"": 323, ""salt_mode"": ""single"", ""fragment_max_positions"": null}, {""original_token"": ""Nigeria"", ""salted_token"": ""Ni​geria"", ""start"": 434, ""end"": 441, ""salt_mode"": ""single"", ""fragment_max_positions"": null}, {""original_token"": ""Nigeria"", ""salted_token"": ""Ni​geria"", ""start"": 583, ""end"": 590, ""salt_mode"": ""single"", ""fragment_max_positions"": null}]"
00554.c325ab7400fb7e3f053ed0cac4ed7545,00554__salted__strict__cp200C__single.c325ab7400fb7e3f053ed0cac4ed7545,strict,200C,single,,1,3,True,"[{""original_token"": ""Assistance"", ""salted_token"": ""As‌sistance"", ""start"": 21, ""end"": 31, ""salt_mode"": ""single"", ""fragment_max_positions"": null}]","[{""original_token"": ""confidentiality"", ""salted_token"": ""co‌nfidentiality"", ""start"": 308, ""end"": 323, ""salt_mode"": ""single"", ""fragment_max_positions"": null}, {""original_token"": ""Nigeria"", ""salted_token"": ""Ni‌geria"", ""start"": 434, ""end"": 441, ""salt_mode"": ""single"", ""fragment_max_positions"": null}, {""original_token"": ""Nigeria"", ""salted_token"": ""Ni‌geria"", ""start"": 583, ""end"": 590, ""salt_mode"": ""single"", ""fragment_max_positions"": null}]"
00554.c325ab7400fb7e3f053ed0cac4ed7545,00554__salted__strict__cp200D__single.c325ab7400fb7e3f053ed0cac4ed7545,strict,200D,single,,1,3,True,"[{""original_token"": ""Assistance"", ""salted_token"": ""As‍sistance"", ""start"": 21, ""end"": 31, ""salt_mode"": ""single"", ""fragment_max_positions"": null}]","[{""original_token"": ""confidentiality"", ""salted_token"": ""co‍nfidentiality"", ""start"": 308, ""end"": 323, ""salt_mode"": ""single"", ""fragment_max_positions"": null}, {""original_token"": ""Nigeria"", ""salted_token"": ""Ni‍geria"", ""start"": 434, ""end"": 441, ""salt_mode"": ""single"", ""fragment_max_positions"": null}, {""original_token"": ""Nigeria"", ""salted_token"": ""Ni‍geria"", ""start"": 583, ""end"": 590, ""salt_mode"": ""single"", ""fragment_max_positions"": null}]"
00554.c325ab7400fb7e3f053ed0cac4ed7545,00554__salted__strict__cp00AD__single.c325ab7400fb7e3f053ed0cac4ed7545,strict,00AD,single,,1,3,True,"[{""original_token"": ""Assistance"", ""salted_token"": ""As­sistance"", ""start"": 21, ""end"": 31, ""salt_mode"": ""single"", ""fragment_max_positions"": null}]","[{""original_token"": ""confidentiality"", ""salted_token"": ""co­nfidentiality"", ""start"": 308, ""end"": 323, ""salt_mode"": ""single"", ""fragment_max_positions"": null}, {""original_token"": ""Nigeria"", ""salted_token"": ""Ni­geria"", ""start"": 434, ""end"": 441, ""salt_mode"": ""single"", ""fragment_max_positions"": null}, {""original_token"": ""Nigeria"", ""salted_token"": ""Ni­geria"", ""start"": 583, ""end"": 590, ""salt_mode"": ""single"", ""fragment_max_positions"": null}]"
00582.2db3b12f1cbf87ef3a64d26c35561a5b,00582__salted__strict__cp200B__single.2db3b12f1cbf87ef3a64d26c35561a5b,strict,200B,single,,1,0,False,"[{""original_token"": ""ADV"", ""salted_token"": ""AD​V"", ""start"": 0, ""end"": 3, ""salt_mode"": ""single"", ""fragment_max_positions"": null}]",[]
00582.2db3b12f1cbf87ef3a64d26c35561a5b,00582__salted__strict__cp200C__single.2db3b12f1cbf87ef3a64d26c35561a5b,strict,200C,single,,1,0,False,"[{""original_token"": ""ADV"", ""salted_token"": ""AD‌V"", ""start"": 0, ""end"": 3, ""salt_mode"": ""single"", ""fragment_max_positions"": null}]",[]
00582.2db3b12f1cbf87ef3a64d26c35561a5b,00582__salted__strict__cp200D__single.2db3b12f1cbf87ef3a64d26c35561a5b,strict,200D,single,,1,0,False,"[{""original_token"": ""ADV"", ""salted_token"": ""AD‍V"", ""start"": 0, ""end"": 3, ""salt_mode"": ""single"", ""fragment_max_positions"": null}]",[]
00582.2db3b12f1cbf87ef3a64d26c35561a5b,00582__salted__strict__cp00AD__single.2db3b12f1cbf87ef3a64d26c35561a5b,strict,00AD,single,,1,0,False,"[{""original_token"": ""ADV"", ""salted_token"": ""AD­V"", ""start"": 0, ""end"": 3, ""salt_mode"": ""single"", ""fragment_max_positions"": null}]",[]
00615.e47bff6118d4ff6d98581fa6f40ab871,00615__salted__strict__cp200B__single.e47bff6118d4ff6d98581fa6f40ab871,strict,200B,single,,0,3,True,[],"[{""original_token"": ""lagos"", ""salted_token"": ""la​gos"", ""start"": 37, ""end"": 42, ""salt_mode"": ""single"", ""fragment_max_positions"": null}, {""original_token"": ""Nigeria"", ""salted_token"": ""Ni​geria"", ""start"": 43, ""end"": 50, ""salt_mode"": ""single"", ""fragment_max_positions"": null}, {""original_token"": ""Attn"", ""salted_token"": ""At​tn"", ""start"": 53, ""end"": 57, ""salt_mode"": ""single"", ""fragment_max_positions"": null}]"
00615.e47bff6118d4ff6d98581fa6f40ab871,00615__salted__strict__cp200C__single.e47bff6118d4ff6d98581fa6f40ab871,strict,200C,single,,0,3,True,[],"[{""original_token"": ""lagos"", ""salted_token"": ""la‌gos"", ""start"": 37, ""end"": 42, ""salt_mode"": ""single"", ""fragment_max_positions"": null}, {""original_token"": ""Nigeria"", ""salted_token"": ""Ni‌geria"", ""start"": 43, ""end"": 50, ""salt_mode"": ""single"", ""fragment_max_positions"": null}, {""original_token"": ""Attn"", ""salted_token"": ""At‌tn"", ""start"": 53, ""end"": 57, ""salt_mode"": ""single"", ""fragment_max_positions"": null}]"
00615.e47bff6118d4ff6d98581fa6f40ab871,00615__salted__strict__cp200D__single.e47bff6118d4ff6d98581fa6f40ab871,strict,200D,single,,0,3,True,[],"[{""original_token"": ""lagos"", ""salted_token"": ""la‍gos"", ""start"": 37, ""end"": 42, ""salt_mode"": ""single"", ""fragment_max_positions"": null}, {""original_token"": ""Nigeria"", ""salted_token"": ""Ni‍geria"", ""start"": 43, ""end"": 50, ""salt_mode"": ""single"", ""fragment_max_positions"": null}, {""original_token"": ""Attn"", ""salted_token"": ""At‍tn"", ""start"": 53, ""end"": 57, ""salt_mode"": ""single"", ""fragment_max_positions"": null}]"
00615.e47bff6118d4ff6d98581fa6f40ab871,00615__salted__strict__cp00AD__single.e47bff6118d4ff6d98581fa6f40ab871,strict,00AD,single,,0,3,True,[],"[{""original_token"": ""lagos"", ""salted_token"": ""la­gos"", ""start"": 37, ""end"": 42, ""salt_mode"": ""single"", ""fragment_max_positions"": null}, {""original_token"": ""Nigeria"", ""salted_token"": ""Ni­geria"", ""start"": 43, ""end"": 50, ""salt_mode"": ""single"", ""fragment_max_positions"": null}, {""original_token"": ""Attn"", ""salted_token"": ""At­tn"", ""start"": 53, ""end"": 57, ""salt_mode"": ""single"", ""fragment_max_positions"": null}]"
00631.5b4f290bc474889ff457b314996553b1,00631__salted__strict__cp200B__single.5b4f290bc474889ff457b314996553b1,strict,200B,single,,1,0,False,"[{""original_token"": ""Guaranteed"", ""salted_token"": ""Gu​aranteed"", ""start"": 23, ""end"": 33, ""salt_mode"": ""single"", ""fragment_max_positions"": null}]",[]
00631.5b4f290bc474889ff457b314996553b1,00631__salted__strict__cp200C__single.5b4f290bc474889ff457b314996553b1,strict,200C,single,,1,0,False,"[{""original_token"": ""Guaranteed"", ""salted_token"": ""Gu‌aranteed"", ""start"": 23, ""end"": 33, ""salt_mode"": ""single"", ""fragment_max_positions"": null}]",[]
00631.5b4f290bc474889ff457b314996553b1,00631__salted__strict__cp200D__single.5b4f290bc474889ff457b314996553b1,strict,200D,single,,1,0,False,"[{""original_token"": ""Guaranteed"", ""salted_token"": ""Gu‍aranteed"", ""start"": 23, ""end"": 33, ""salt_mode"": ""single"", ""fragment_max_positions"": null}]",[]
00631.5b4f290bc474889ff457b314996553b1,00631__salted__strict__cp00AD__single.5b4f290bc474889ff457b314996553b1,strict,00AD,single,,1,0,False,"[{""original_token"": ""Guaranteed"", ""salted_token"": ""Gu­aranteed"", ""start"": 23, ""end"": 33, ""salt_mode"": ""single"", ""fragment_max_positions"": null}]",[]
00632.f90d0f620d4a4c4976e1c5884333f329,00632__salted__strict__cp200B__single.f90d0f620d4a4c4976e1c5884333f329,strict,200B,single,,0,3,True,[],"[{""original_token"": ""resell"", ""salted_token"": ""re​sell"", ""start"": 938, ""end"": 944, ""salt_mode"": ""single"", ""fragment_max_positions"": null}, {""original_token"": ""GUARANTEED"", ""salted_token"": ""GU​ARANTEED"", ""start"": 2002, ""end"": 2012, ""salt_mode"": ""single"", ""fragment_max_positions"": null}, {""original_token"": ""testimonials"", ""salted_token"": ""te​stimonials"", ""start"": 2431, ""end"": 2443, ""salt_mode"": ""single"", ""fragment_max_positions"": null}]"
00632.f90d0f620d4a4c4976e1c5884333f329,00632__salted__strict__cp200C__single.f90d0f620d4a4c4976e1c5884333f329,strict,200C,single,,0,3,True,[],"[{""original_token"": ""resell"", ""salted_token"": ""re‌sell"", ""start"": 938, ""end"": 944, ""salt_mode"": ""single"", ""fragment_max_positions"": null}, {""original_token"": ""GUARANTEED"", ""salted_token"": ""GU‌ARANTEED"", ""start"": 2002, ""end"": 2012, ""salt_mode"": ""single"", ""fragment_max_positions"": null}, {""original_token"": ""testimonials"", ""salted_token"": ""te‌stimonials"", ""start"": 2431, ""end"": 2443, ""salt_mode"": ""single"", ""fragment_max_positions"": null}]"
00632.f90d0f620d4a4c4976e1c5884333f329,00632__salted__strict__cp200D__single.f90d0f620d4a4c4976e1c5884333f329,strict,200D,single,,0,3,True,[],"[{""original_token"": ""resell"", ""salted_token"": ""re‍sell"", ""start"": 938, ""end"": 944, ""salt_mode"": ""single"", ""fragment_max_positions"": null}, {""original_token"": ""GUARANTEED"", ""salted_token"": ""GU‍ARANTEED"", ""start"": 2002, ""end"": 2012, ""salt_mode"": ""single"", ""fragment_max_positions"": null}, {""original_token"": ""testimonials"", ""salted_token"": ""te‍stimonials"", ""start"": 2431, ""end"": 2443, ""salt_mode"": ""single"", ""fragment_max_positions"": null}]"
00632.f90d0f620d4a4c4976e1c5884333f329,00632__salted__strict__cp00AD__single.f90d0f620d4a4c4976e1c5884333f329,strict,00AD,single,,0,3,True,[],"[{""original_token"": ""resell"", ""salted_token"": ""re­sell"", ""start"": 938, ""end"": 944, ""salt_mode"": ""single"", ""fragment_max_positions"": null}, {""original_token"": ""GUARANTEED"", ""salted_token"": ""GU­ARANTEED"", ""start"": 2002, ""end"": 2012, ""salt_mode"": ""single"", ""fragment_max_positions"": null}, {""original_token"": ""testimonials"", ""salted_token"": ""te­stimonials"", ""start"": 2431, ""end"": 2443, ""salt_mode"": ""single"", ""fragment_max_positions"": null}]"
00643.d177c04238b4299813b7d8cca9fb2f18,00643__salted__strict__cp200B__single.d177c04238b4299813b7d8cca9fb2f18,strict,200B,single,,0,1,True,[],"[{""original_token"": ""mailings"", ""salted_token"": ""ma​ilings"", ""start"": 457, ""end"": 465, ""salt_mode"": ""single"", ""fragment_max_positions"": null}]"
00643.d177c04238b4299813b7d8cca9fb2f18,00643__salted__strict__cp200C__single.d177c04238b4299813b7d8cca9fb2f18,strict,200C,single,,0,1,True,[],"[{""original_token"": ""mailings"", ""salted_token"": ""ma‌ilings"", ""start"": 457, ""end"": 465, ""salt_mode"": ""single"", ""fragment_max_positions"": null}]"
00643.d177c04238b4299813b7d8cca9fb2f18,00643__salted__strict__cp200D__single.d177c04238b4299813b7d8cca9fb2f18,strict,200D,single,,0,1,True,[],"[{""original_token"": ""mailings"", ""salted_token"": ""ma‍ilings"", ""start"": 457, ""end"": 465, ""salt_mode"": ""single"", ""fragment_max_positions"": null}]"
00643.d177c04238b4299813b7d8cca9fb2f18,00643__salted__strict__cp00AD__single.d177c04238b4299813b7d8cca9fb2f18,strict,00AD,single,,0,1,True,[],"[{""original_token"": ""mailings"", ""salted_token"": ""ma­ilings"", ""start"": 457, ""end"": 465, ""salt_mode"": ""single"", ""fragment_max_positions"": null}]"
00658.2324b3351e766248275bace98fd3c7b3,00658__salted__strict__cp200B__single.2324b3351e766248275bace98fd3c7b3,strict,200B,single,,0,2,True,[],"[{""original_token"": ""promotional"", ""salted_token"": ""pr​omotional"", ""start"": 946, ""end"": 957, ""salt_mode"": ""single"", ""fragment_max_positions"": null}, {""original_token"": ""mailings"", ""salted_token"": ""ma​ilings"", ""start"": 958, ""end"": 966, ""salt_mode"": ""single"", ""fragment_max_positions"": null}]"
00658.2324b3351e766248275bace98fd3c7b3,00658__salted__strict__cp200C__single.2324b3351e766248275bace98fd3c7b3,strict,200C,single,,0,2,True,[],"[{""original_token"": ""promotional"", ""salted_token"": ""pr‌omotional"", ""start"": 946, ""end"": 957, ""salt_mode"": ""single"", ""fragment_max_positions"": null}, {""original_token"": ""mailings"", ""salted_token"": ""ma‌ilings"", ""start"": 958, ""end"": 966, ""salt_mode"": ""single"", ""fragment_max_positions"": null}]"
00658.2324b3351e766248275bace98fd3c7b3,00658__salted__strict__cp200D__single.2324b3351e766248275bace98fd3c7b3,strict,200D,single,,0,2,True,[],"[{""original_token"": ""promotional"", ""salted_token"": ""pr‍omotional"", ""start"": 946, ""end"": 957, ""salt_mode"": ""single"", ""fragment_max_positions"": null}, {""original_token"": ""mailings"", ""salted_token"": ""ma‍ilings"", ""start"": 958, ""end"": 966, ""salt_mode"": ""single"", ""fragment_max_positions"": null}]"
00658.2324b3351e766248275bace98fd3c7b3,00658__salted__strict__cp00AD__single.2324b3351e766248275bace98fd3c7b3,strict,00AD,single,,0,2,True,[],"[{""original_token"": ""promotional"", ""salted_token"": ""pr­omotional"", ""start"": 946, ""end"": 957, ""salt_mode"": ""single"", ""fragment_max_positions"": null}, {""original_token"": ""mailings"", ""salted_token"": ""ma­ilings"", ""start"": 958, ""end"": 966, ""salt_mode"": ""single"", ""fragment_max_positions"": null}]"
00659.668ba8daca71e86de0ee5e412b177015,00659__salted__strict__cp200B__single.668ba8daca71e86de0ee5e412b177015,strict,200B,single,,0,2,True,[],"[{""original_token"": ""CONSULTATION"", ""salted_token"": ""CO​NSULTATION"", ""start"": 302, ""end"": 314, ""salt_mode"": ""single"", ""fragment_max_positions"": null}, {""original_token"": ""GUARANTEED"", ""salted_token"": ""GU​ARANTEED"", ""start"": 535, ""end"": 545, ""salt_mode"": ""single"", ""fragment_max_positions"": null}]"
00659.668ba8daca71e86de0ee5e412b177015,00659__salted__strict__cp200C__single.668ba8daca71e86de0ee5e412b177015,strict,200C,single,,0,2,True,[],"[{""original_token"": ""CONSULTATION"", ""salted_token"": ""CO‌NSULTATION"", ""start"": 302, ""end"": 314, ""salt_mode"": ""single"", ""fragment_max_positions"": null}, {""original_token"": ""GUARANTEED"", ""salted_token"": ""GU‌ARANTEED"", ""start"": 535, ""end"": 545, ""salt_mode"": ""single"", ""fragment_max_positions"": null}]"
00659.668ba8daca71e86de0ee5e412b177015,00659__salted__strict__cp200D__single.668ba8daca71e86de0ee5e412b177015,strict,200D,single,,0,2,True,[],"[{""original_token"": ""CONSULTATION"", ""salted_token"": ""CO‍NSULTATION"", ""start"": 302, ""end"": 314, ""salt_mode"": ""single"", ""fragment_max_positions"": null}, {""original_token"": ""GUARANTEED"", ""salted_token"": ""GU‍ARANTEED"", ""start"": 535, ""end"": 545, ""salt_mode"": ""single"", ""fragment_max_positions"": null}]"
00659.668ba8daca71e86de0ee5e412b177015,00659__salted__strict__cp00AD__single.668ba8daca71e86de0ee5e412b177015,strict,00AD,single,,0,2,True,[],"[{""original_token"": ""CONSULTATION"", ""salted_token"": ""CO­NSULTATION"", ""start"": 302, ""end"": 314, ""salt_mode"": ""single"", ""fragment_max_positions"": null}, {""original_token"": ""GUARANTEED"", ""salted_token"": ""GU­ARANTEED"", ""start"": 535, ""end"": 545, ""salt_mode"": ""single"", ""fragment_max_positions"": null}]"
00663.4baa9521293a04306b038be1f65d4471,00663__salted__strict__cp200B__single.4baa9521293a04306b038be1f65d4471,strict,200B,single,,0,2,True,[],"[{""original_token"": ""CONSULTATION"", ""salted_token"": ""CO​NSULTATION"", ""start"": 302, ""end"": 314, ""salt_mode"": ""single"", ""fragment_max_positions"": null}, {""original_token"": ""GUARANTEED"", ""salted_token"": ""GU​ARANTEED"", ""start"": 535, ""end"": 545, ""salt_mode"": ""single"", ""fragment_max_positions"": null}]"
00663.4baa9521293a04306b038be1f65d4471,00663__salted__strict__cp200C__single.4baa9521293a04306b038be1f65d4471,strict,200C,single,,0,2,True,[],"[{""original_token"": ""CONSULTATION"", ""salted_token"": ""CO‌NSULTATION"", ""start"": 302, ""end"": 314, ""salt_mode"": ""single"", ""fragment_max_positions"": null}, {""original_token"": ""GUARANTEED"", ""salted_token"": ""GU‌ARANTEED"", ""start"": 535, ""end"": 545, ""salt_mode"": ""single"", ""fragment_max_positions"": null}]"
00663.4baa9521293a04306b038be1f65d4471,00663__salted__strict__cp200D__single.4baa9521293a04306b038be1f65d4471,strict,200D,single,,0,2,True,[],"[{""original_token"": ""CONSULTATION"", ""salted_token"": ""CO‍NSULTATION"", ""start"": 302, ""end"": 314, ""salt_mode"": ""single"", ""fragment_max_positions"": null}, {""original_token"": ""GUARANTEED"", ""salted_token"": ""GU‍ARANTEED"", ""start"": 535, ""end"": 545, ""salt_mode"": ""single"", ""fragment_max_positions"": null}]"
00663.4baa9521293a04306b038be1f65d4471,00663__salted__strict__cp00AD__single.4baa9521293a04306b038be1f65d4471,strict,00AD,single,,0,2,True,[],"[{""original_token"": ""CONSULTATION"", ""salted_token"": ""CO­NSULTATION"", ""start"": 302, ""end"": 314, ""salt_mode"": ""single"", ""fragment_max_positions"": null}, {""original_token"": ""GUARANTEED"", ""salted_token"": ""GU­ARANTEED"", ""start"": 535, ""end"": 545, ""salt_mode"": ""single"", ""fragment_max_positions"": null}]"
00667.6bf743b1b5bdfe9340d438c0661e4bff,00667__salted__strict__cp200B__single.6bf743b1b5bdfe9340d438c0661e4bff,strict,200B,single,,0,3,True,[],"[{""original_token"": ""Earn"", ""salted_token"": ""Ea​rn"", ""start"": 54, ""end"": 58, ""salt_mode"": ""single"", ""fragment_max_positions"": null}, {""original_token"": ""Annuity"", ""salted_token"": ""An​nuity"", ""start"": 91, ""end"": 98, ""salt_mode"": ""single"", ""fragment_max_positions"": null}, {""original_token"": ""Annuity"", ""salted_token"": ""An​nuity"", ""start"": 164, ""end"": 171, ""salt_mode"": ""single"", ""fragment_max_positions"": null}]"
00667.6bf743b1b5bdfe9340d438c0661e4bff,00667__salted__strict__cp200C__single.6bf743b1b5bdfe9340d438c0661e4bff,strict,200C,single,,0,3,True,[],"[{""original_token"": ""Earn"", ""salted_token"": ""Ea‌rn"", ""start"": 54, ""end"": 58, ""salt_mode"": ""single"", ""fragment_max_positions"": null}, {""original_token"": ""Annuity"", ""salted_token"": ""An‌nuity"", ""start"": 91, ""end"": 98, ""salt_mode"": ""single"", ""fragment_max_positions"": null}, {""original_token"": ""Annuity"", ""salted_token"": ""An‌nuity"", ""start"": 164, ""end"": 171, ""salt_mode"": ""single"", ""fragment_max_positions"": null}]"
00667.6bf743b1b5bdfe9340d438c0661e4bff,00667__salted__strict__cp200D__single.6bf743b1b5bdfe9340d438c0661e4bff,strict,200D,single,,0,3,True,[],"[{""original_token"": ""Earn"", ""salted_token"": ""Ea‍rn"", ""start"": 54, ""end"": 58, ""salt_mode"": ""single"", ""fragment_max_positions"": null}, {""original_token"": ""Annuity"", ""salted_token"": ""An‍nuity"", ""start"": 91, ""end"": 98, ""salt_mode"": ""single"", ""fragment_max_positions"": null}, {""original_token"": ""Annuity"", ""salted_token"": ""An‍nuity"", ""start"": 164, ""end"": 171, ""salt_mode"": ""single"", ""fragment_max_positions"": null}]"
00667.6bf743b1b5bdfe9340d438c0661e4bff,00667__salted__strict__cp00AD__single.6bf743b1b5bdfe9340d438c0661e4bff,strict,00AD,single,,0,3,True,[],"[{""original_token"": ""Earn"", ""salted_token"": ""Ea­rn"", ""start"": 54, ""end"": 58, ""salt_mode"": ""single"", ""fragment_max_positions"": null}, {""original_token"": ""Annuity"", ""salted_token"": ""An­nuity"", ""start"": 91, ""end"": 98, ""salt_mode"": ""single"", ""fragment_max_positions"": null}, {""original_token"": ""Annuity"", ""salted_token"": ""An­nuity"", ""start"": 164, ""end"": 171, ""salt_mode"": ""single"", ""fragment_max_positions"": null}]"
00678.7c54f6e0fac3e7d26a9513d2c60e2b98,00678__salted__strict__cp200B__single.7c54f6e0fac3e7d26a9513d2c60e2b98,strict,200B,single,,1,3,True,"[{""original_token"": ""Mortgage"", ""salted_token"": ""Mo​rtgage"", ""start"": 7, ""end"": 15, ""salt_mode"": ""single"", ""fragment_max_positions"": null}]","[{""original_token"": ""mortgage"", ""salted_token"": ""mo​rtgage"", ""start"": 25, ""end"": 33, ""salt_mode"": ""single"", ""fragment_max_positions"": null}, {""original_token"": ""refinance"", ""salted_token"": ""re​finance"", ""start"": 167, ""end"": 176, ""salt_mode"": ""single"", ""fragment_max_positions"": null}, {""original_token"": ""Mortgage"", ""salted_token"": ""Mo​rtgage"", ""start"": 252, ""end"": 260, ""salt_mode"": ""single"", ""fragment_max_positions"": null}]"
00678.7c54f6e0fac3e7d26a9513d2c60e2b98,00678__salted__strict__cp200C__single.7c54f6e0fac3e7d26a9513d2c60e2b98,strict,200C,single,,1,3,True,"[{""original_token"": ""Mortgage"", ""salted_token"": ""Mo‌rtgage"", ""start"": 7, ""end"": 15, ""salt_mode"": ""single"", ""fragment_max_positions"": null}]","[{""original_token"": ""mortgage"", ""salted_token"": ""mo‌rtgage"", ""start"": 25, ""end"": 33, ""salt_mode"": ""single"", ""fragment_max_positions"": null}, {""original_token"": ""refinance"", ""salted_token"": ""re‌finance"", ""start"": 167, ""end"": 176, ""salt_mode"": ""single"", ""fragment_max_positions"": null}, {""original_token"": ""Mortgage"", ""salted_token"": ""Mo‌rtgage"", ""start"": 252, ""end"": 260, ""salt_mode"": ""single"", ""fragment_max_positions"": null}]"
00678.7c54f6e0fac3e7d26a9513d2c60e2b98,00678__salted__strict__cp200D__single.7c54f6e0fac3e7d26a9513d2c60e2b98,strict,200D,single,,1,3,True,"[{""original_token"": ""Mortgage"", ""salted_token"": ""Mo‍rtgage"", ""start"": 7, ""end"": 15, ""salt_mode"": ""single"", ""fragment_max_positions"": null}]","[{""original_token"": ""mortgage"", ""salted_token"": ""mo‍rtgage"", ""start"": 25, ""end"": 33, ""salt_mode"": ""single"", ""fragment_max_positions"": null}, {""original_token"": ""refinance"", ""salted_token"": ""re‍finance"", ""start"": 167, ""end"": 176, ""salt_mode"": ""single"", ""fragment_max_positions"": null}, {""original_token"": ""Mortgage"", ""salted_token"": ""Mo‍rtgage"", ""start"": 252, ""end"": 260, ""salt_mode"": ""single"", ""fragment_max_positions"": null}]"
00678.7c54f6e0fac3e7d26a9513d2c60e2b98,00678__salted__strict__cp00AD__single.7c54f6e0fac3e7d26a9513d2c60e2b98,strict,00AD,single,,1,3,True,"[{""original_token"": ""Mortgage"", ""salted_token"": ""Mo­rtgage"", ""start"": 7, ""end"": 15, ""salt_mode"": ""single"", ""fragment_max_positions"": null}]","[{""original_token"": ""mortgage"", ""salted_token"": ""mo­rtgage"", ""start"": 25, ""end"": 33, ""salt_mode"": ""single"", ""fragment_max_positions"": null}, {""original_token"": ""refinance"", ""salted_token"": ""re­finance"", ""start"": 167, ""end"": 176, ""salt_mode"": ""single"", ""fragment_max_positions"": null}, {""original_token"": ""Mortgage"", ""salted_token"": ""Mo­rtgage"", ""start"": 252, ""end"": 260, ""salt_mode"": ""single"", ""fragment_max_positions"": null}]"
00694.3aca5f2a3d0d2ccbc47ef868eb051abd,00694__salted__strict__cp200B__single.3aca5f2a3d0d2ccbc47ef868eb051abd,strict,200B,single,,0,3,True,[],"[{""original_token"": ""Guaranteed"", ""salted_token"": ""Gu​aranteed"", ""start"": 1, ""end"": 11, ""salt_mode"": ""single"", ""fragment_max_positions"": null}, {""original_token"": ""herbal"", ""salted_token"": ""he​rbal"", ""start"": 90, ""end"": 96, ""salt_mode"": ""single"", ""fragment_max_positions"": null}, {""original_token"": ""GUARANTEED"", ""salted_token"": ""GU​ARANTEED"", ""start"": 410, ""end"": 420, ""salt_mode"": ""single"", ""fragment_max_positions"": null}]"
00694.3aca5f2a3d0d2ccbc47ef868eb051abd,00694__salted__strict__cp200C__single.3aca5f2a3d0d2ccbc47ef868eb051abd,strict,200C,single,,0,3,True,[],"[{""original_token"": ""Guaranteed"", ""salted_token"": ""Gu‌aranteed"", ""start"": 1, ""end"": 11, ""salt_mode"": ""single"", ""fragment_max_positions"": null}, {""original_token"": ""herbal"", ""salted_token"": ""he‌rbal"", ""start"": 90, ""end"": 96, ""salt_mode"": ""single"", ""fragment_max_positions"": null}, {""original_token"": ""GUARANTEED"", ""salted_token"": ""GU‌ARANTEED"", ""start"": 410, ""end"": 420, ""salt_mode"": ""single"", ""fragment_max_positions"": null}]"
00694.3aca5f2a3d0d2ccbc47ef868eb051abd,00694__salted__strict__cp200D__single.3aca5f2a3d0d2ccbc47ef868eb051abd,strict,200D,single,,0,3,True,[],"[{""original_token"": ""Guaranteed"", ""salted_token"": ""Gu‍aranteed"", ""start"": 1, ""end"": 11, ""salt_mode"": ""single"", ""fragment_max_positions"": null}, {""original_token"": ""herbal"", ""salted_token"": ""he‍rbal"", ""start"": 90, ""end"": 96, ""salt_mode"": ""single"", ""fragment_max_positions"": null}, {""original_token"": ""GUARANTEED"", ""salted_token"": ""GU‍ARANTEED"", ""start"": 410, ""end"": 420, ""salt_mode"": ""single"", ""fragment_max_positions"": null}]"
00694.3aca5f2a3d0d2ccbc47ef868eb051abd,00694__salted__strict__cp00AD__single.3aca5f2a3d0d2ccbc47ef868eb051abd,strict,00AD,single,,0,3,True,[],"[{""original_token"": ""Guaranteed"", ""salted_token"": ""Gu­aranteed"", ""start"": 1, ""end"": 11, ""salt_mode"": ""single"", ""fragment_max_positions"": null}, {""original_token"": ""herbal"", ""salted_token"": ""he­rbal"", ""start"": 90, ""end"": 96, ""salt_mode"": ""single"", ""fragment_max_positions"": null}, {""original_token"": ""GUARANTEED"", ""salted_token"": ""GU­ARANTEED"", ""start"": 410, ""end"": 420, ""salt_mode"": ""single"", ""fragment_max_positions"": null}]"
00697.2d221d167d2814a6a6bc7a74b65bcb0e,00697__salted__strict__cp200B__single.2d221d167d2814a6a6bc7a74b65bcb0e,strict,200B,single,,1,0,False,"[{""original_token"": ""adv"", ""salted_token"": ""ad​v"", ""start"": 0, ""end"": 3, ""salt_mode"": ""single"", ""fragment_max_positions"": null}]",[]
00697.2d221d167d2814a6a6bc7a74b65bcb0e,00697__salted__strict__cp200C__single.2d221d167d2814a6a6bc7a74b65bcb0e,strict,200C,single,,1,0,False,"[{""original_token"": ""adv"", ""salted_token"": ""ad‌v"", ""start"": 0, ""end"": 3, ""salt_mode"": ""single"", ""fragment_max_positions"": null}]",[]
00697.2d221d167d2814a6a6bc7a74b65bcb0e,00697__salted__strict__cp200D__single.2d221d167d2814a6a6bc7a74b65bcb0e,strict,200D,single,,1,0,False,"[{""original_token"": ""adv"", ""salted_token"": ""ad‍v"", ""start"": 0, ""end"": 3, ""salt_mode"": ""single"", ""fragment_max_positions"": null}]",[]
00697.2d221d167d2814a6a6bc7a74b65bcb0e,00697__salted__strict__cp00AD__single.2d221d167d2814a6a6bc7a74b65bcb0e,strict,00AD,single,,1,0,False,"[{""original_token"": ""adv"", ""salted_token"": ""ad­v"", ""start"": 0, ""end"": 3, ""salt_mode"": ""single"", ""fragment_max_positions"": null}]",[]
00701.ea27d8eea96c7d361ea78613d0a3c481,00701__salted__strict__cp200B__single.ea27d8eea96c7d361ea78613d0a3c481,strict,200B,single,,1,0,False,"[{""original_token"": ""Mortgage"", ""salted_token"": ""Mo​rtgage"", ""start"": 0, ""end"": 8, ""salt_mode"": ""single"", ""fragment_max_positions"": null}]",[]
00701.ea27d8eea96c7d361ea78613d0a3c481,00701__salted__strict__cp200C__single.ea27d8eea96c7d361ea78613d0a3c481,strict,200C,single,,1,0,False,"[{""original_token"": ""Mortgage"", ""salted_token"": ""Mo‌rtgage"", ""start"": 0, ""end"": 8, ""salt_mode"": ""single"", ""fragment_max_positions"": null}]",[]
00701.ea27d8eea96c7d361ea78613d0a3c481,00701__salted__strict__cp200D__single.ea27d8eea96c7d361ea78613d0a3c481,strict,200D,single,,1,0,False,"[{""original_token"": ""Mortgage"", ""salted_token"": ""Mo‍rtgage"", ""start"": 0, ""end"": 8, ""salt_mode"": ""single"", ""fragment_max_positions"": null}]",[]
00701.ea27d8eea96c7d361ea78613d0a3c481,00701__salted__strict__cp00AD__single.ea27d8eea96c7d361ea78613d0a3c481,strict,00AD,single,,1,0,False,"[{""original_token"": ""Mortgage"", ""salted_token"": ""Mo­rtgage"", ""start"": 0, ""end"": 8, ""salt_mode"": ""single"", ""fragment_max_positions"": null}]",[]
00718.2495a50c4eab3755f338b5fe589dd52d,00718__salted__strict__cp200B__single.2495a50c4eab3755f338b5fe589dd52d,strict,200B,single,,1,0,False,"[{""original_token"": ""WHOLESALE"", ""salted_token"": ""WH​OLESALE"", ""start"": 19, ""end"": 28, ""salt_mode"": ""single"", ""fragment_max_positions"": null}]",[]
00718.2495a50c4eab3755f338b5fe589dd52d,00718__salted__strict__cp200C__single.2495a50c4eab3755f338b5fe589dd52d,strict,200C,single,,1,0,False,"[{""original_token"": ""WHOLESALE"", ""salted_token"": ""WH‌OLESALE"", ""start"": 19, ""end"": 28, ""salt_mode"": ""single"", ""fragment_max_positions"": null}]",[]
00718.2495a50c4eab3755f338b5fe589dd52d,00718__salted__strict__cp200D__single.2495a50c4eab3755f338b5fe589dd52d,strict,200D,single,,1,0,False,"[{""original_token"": ""WHOLESALE"", ""salted_token"": ""WH‍OLESALE"", ""start"": 19, ""end"": 28, ""salt_mode"": ""single"", ""fragment_max_positions"": null}]",[]
00718.2495a50c4eab3755f338b5fe589dd52d,00718__salted__strict__cp00AD__single.2495a50c4eab3755f338b5fe589dd52d,strict,00AD,single,,1,0,False,"[{""original_token"": ""WHOLESALE"", ""salted_token"": ""WH­OLESALE"", ""start"": 19, ""end"": 28, ""salt_mode"": ""single"", ""fragment_max_positions"": null}]",[]
00738.10deb784a63c0bdc5e78b019720f3e9f,00738__salted__strict__cp200B__single.10deb784a63c0bdc5e78b019720f3e9f,strict,200B,single,,1,0,True,"[{""original_token"": ""Adv"", ""salted_token"": ""Ad​v"", ""start"": 30, ""end"": 33, ""salt_mode"": ""single"", ""fragment_max_positions"": null}]",[]
00738.10deb784a63c0bdc5e78b019720f3e9f,00738__salted__strict__cp200C__single.10deb784a63c0bdc5e78b019720f3e9f,strict,200C,single,,1,0,True,"[{""original_token"": ""Adv"", ""salted_token"": ""Ad‌v"", ""start"": 30, ""end"": 33, ""salt_mode"": ""single"", ""fragment_max_positions"": null}]",[]
00738.10deb784a63c0bdc5e78b019720f3e9f,00738__salted__strict__cp200D__single.10deb784a63c0bdc5e78b019720f3e9f,strict,200D,single,,1,0,True,"[{""original_token"": ""Adv"", ""salted_token"": ""Ad‍v"", ""start"": 30, ""end"": 33, ""salt_mode"": ""single"", ""fragment_max_positions"": null}]",[]
00738.10deb784a63c0bdc5e78b019720f3e9f,00738__salted__strict__cp00AD__single.10deb784a63c0bdc5e78b019720f3e9f,strict,00AD,single,,1,0,True,"[{""original_token"": ""Adv"", ""salted_token"": ""Ad­v"", ""start"": 30, ""end"": 33, ""salt_mode"": ""single"", ""fragment_max_positions"": null}]",[]
00740.ce4777381c2bc6bee30bef6bd274233f,00740__salted__strict__cp200B__single.ce4777381c2bc6bee30bef6bd274233f,strict,200B,single,,1,3,True,"[{""original_token"": ""Mortgage"", ""salted_token"": ""Mo​rtgage"", ""start"": 7, ""end"": 15, ""salt_mode"": ""single"", ""fragment_max_positions"": null}]","[{""original_token"": ""mortgage"", ""salted_token"": ""mo​rtgage"", ""start"": 25, ""end"": 33, ""salt_mode"": ""single"", ""fragment_max_positions"": null}, {""original_token"": ""refinance"", ""salted_token"": ""re​finance"", ""start"": 175, ""end"": 184, ""salt_mode"": ""single"", ""fragment_max_positions"": null}, {""original_token"": ""Mortgage"", ""salted_token"": ""Mo​rtgage"", ""start"": 260, ""end"": 268, ""salt_mode"": ""single"", ""fragment_max_positions"": null}]"
00740.ce4777381c2bc6bee30bef6bd274233f,00740__salted__strict__cp200C__single.ce4777381c2bc6bee30bef6bd274233f,strict,200C,single,,1,3,True,"[{""original_token"": ""Mortgage"", ""salted_token"": ""Mo‌rtgage"", ""start"": 7, ""end"": 15, ""salt_mode"": ""single"", ""fragment_max_positions"": null}]","[{""original_token"": ""mortgage"", ""salted_token"": ""mo‌rtgage"", ""start"": 25, ""end"": 33, ""salt_mode"": ""single"", ""fragment_max_positions"": null}, {""original_token"": ""refinance"", ""salted_token"": ""re‌finance"", ""start"": 175, ""end"": 184, ""salt_mode"": ""single"", ""fragment_max_positions"": null}, {""original_token"": ""Mortgage"", ""salted_token"": ""Mo‌rtgage"", ""start"": 260, ""end"": 268, ""salt_mode"": ""single"", ""fragment_max_positions"": null}]"
00740.ce4777381c2bc6bee30bef6bd274233f,00740__salted__strict__cp200D__single.ce4777381c2bc6bee30bef6bd274233f,strict,200D,single,,1,3,True,"[{""original_token"": ""Mortgage"", ""salted_token"": ""Mo‍rtgage"", ""start"": 7, ""end"": 15, ""salt_mode"": ""single"", ""fragment_max_positions"": null}]","[{""original_token"": ""mortgage"", ""salted_token"": ""mo‍rtgage"", ""start"": 25, ""end"": 33, ""salt_mode"": ""single"", ""fragment_max_positions"": null}, {""original_token"": ""refinance"", ""salted_token"": ""re‍finance"", ""start"": 175, ""end"": 184, ""salt_mode"": ""single"", ""fragment_max_positions"": null}, {""original_token"": ""Mortgage"", ""salted_token"": ""Mo‍rtgage"", ""start"": 260, ""end"": 268, ""salt_mode"": ""single"", ""fragment_max_positions"": null}]"
00740.ce4777381c2bc6bee30bef6bd274233f,00740__salted__strict__cp00AD__single.ce4777381c2bc6bee30bef6bd274233f,strict,00AD,single,,1,3,True,"[{""original_token"": ""Mortgage"", ""salted_token"": ""Mo­rtgage"", ""start"": 7, ""end"": 15, ""salt_mode"": ""single"", ""fragment_max_positions"": null}]","[{""original_token"": ""mortgage"", ""salted_token"": ""mo­rtgage"", ""start"": 25, ""end"": 33, ""salt_mode"": ""single"", ""fragment_max_positions"": null}, {""original_token"": ""refinance"", ""salted_token"": ""re­finance"", ""start"": 175, ""end"": 184, ""salt_mode"": ""single"", ""fragment_max_positions"": null}, {""original_token"": ""Mortgage"", ""salted_token"": ""Mo­rtgage"", ""start"": 260, ""end"": 268, ""salt_mode"": ""single"", ""fragment_max_positions"": null}]"
00795.61fe820f7755e4b4e66e715ea667b338,00795__salted__strict__cp200B__single.61fe820f7755e4b4e66e715ea667b338,strict,200B,single,,0,2,True,[],"[{""original_token"": ""earn"", ""salted_token"": ""ea​rn"", ""start"": 143, ""end"": 147, ""salt_mode"": ""single"", ""fragment_max_positions"": null}, {""original_token"": ""earning"", ""salted_token"": ""ea​rning"", ""start"": 1326, ""end"": 1333, ""salt_mode"": ""single"", ""fragment_max_positions"": null}]"
00795.61fe820f7755e4b4e66e715ea667b338,00795__salted__strict__cp200C__single.61fe820f7755e4b4e66e715ea667b338,strict,200C,single,,0,2,True,[],"[{""original_token"": ""earn"", ""salted_token"": ""ea‌rn"", ""start"": 143, ""end"": 147, ""salt_mode"": ""single"", ""fragment_max_positions"": null}, {""original_token"": ""earning"", ""salted_token"": ""ea‌rning"", ""start"": 1326, ""end"": 1333, ""salt_mode"": ""single"", ""fragment_max_positions"": null}]"
00795.61fe820f7755e4b4e66e715ea667b338,00795__salted__strict__cp200D__single.61fe820f7755e4b4e66e715ea667b338,strict,200D,single,,0,2,True,[],"[{""original_token"": ""earn"", ""salted_token"": ""ea‍rn"", ""start"": 143, ""end"": 147, ""salt_mode"": ""single"", ""fragment_max_positions"": null}, {""original_token"": ""earning"", ""salted_token"": ""ea‍rning"", ""start"": 1326, ""end"": 1333, ""salt_mode"": ""single"", ""fragment_max_positions"": null}]"
00795.61fe820f7755e4b4e66e715ea667b338,00795__salted__strict__cp00AD__single.61fe820f7755e4b4e66e715ea667b338,strict,00AD,single,,0,2,True,[],"[{""original_token"": ""earn"", ""salted_token"": ""ea­rn"", ""start"": 143, ""end"": 147, ""salt_mode"": ""single"", ""fragment_max_positions"": null}, {""original_token"": ""earning"", ""salted_token"": ""ea­rning"", ""start"": 1326, ""end"": 1333, ""salt_mode"": ""single"", ""fragment_max_positions"": null}]"
00796.1f29c490fd2bd8581d19e3e193978a3d,00796__salted__strict__cp200B__single.1f29c490fd2bd8581d19e3e193978a3d,strict,200B,single,,1,0,False,"[{""original_token"": ""GUARANTEED"", ""salted_token"": ""GU​ARANTEED"", ""start"": 26, ""end"": 36, ""salt_mode"": ""single"", ""fragment_max_positions"": null}]",[]
00796.1f29c490fd2bd8581d19e3e193978a3d,00796__salted__strict__cp200C__single.1f29c490fd2bd8581d19e3e193978a3d,strict,200C,single,,1,0,False,"[{""original_token"": ""GUARANTEED"", ""salted_token"": ""GU‌ARANTEED"", ""start"": 26, ""end"": 36, ""salt_mode"": ""single"", ""fragment_max_positions"": null}]",[]
00796.1f29c490fd2bd8581d19e3e193978a3d,00796__salted__strict__cp200D__single.1f29c490fd2bd8581d19e3e193978a3d,strict,200D,single,,1,0,False,"[{""original_token"": ""GUARANTEED"", ""salted_token"": ""GU‍ARANTEED"", ""start"": 26, ""end"": 36, ""salt_mode"": ""single"", ""fragment_max_positions"": null}]",[]
00796.1f29c490fd2bd8581d19e3e193978a3d,00796__salted__strict__cp00AD__single.1f29c490fd2bd8581d19e3e193978a3d,strict,00AD,single,,1,0,False,"[{""original_token"": ""GUARANTEED"", ""salted_token"": ""GU­ARANTEED"", ""start"": 26, ""end"": 36, ""salt_mode"": ""single"", ""fragment_max_positions"": null}]",[]
00807.8abdd26ba778758f5e46b84a54ac62f4,00807__salted__strict__cp200B__single.8abdd26ba778758f5e46b84a54ac62f4,strict,200B,single,,0,2,True,[],"[{""original_token"": ""mortgage"", ""salted_token"": ""mo​rtgage"", ""start"": 39, ""end"": 47, ""salt_mode"": ""single"", ""fragment_max_positions"": null}, {""original_token"": ""loans"", ""salted_token"": ""lo​ans"", ""start"": 802, ""end"": 807, ""salt_mode"": ""single"", ""fragment_max_positions"": null}]"
00807.8abdd26ba778758f5e46b84a54ac62f4,00807__salted__strict__cp200C__single.8abdd26ba778758f5e46b84a54ac62f4,strict,200C,single,,0,2,True,[],"[{""original_token"": ""mortgage"", ""salted_token"": ""mo‌rtgage"", ""start"": 39, ""end"": 47, ""salt_mode"": ""single"", ""fragment_max_positions"": null}, {""original_token"": ""loans"", ""salted_token"": ""lo‌ans"", ""start"": 802, ""end"": 807, ""salt_mode"": ""single"", ""fragment_max_positions"": null}]"
00807.8abdd26ba778758f5e46b84a54ac62f4,00807__salted__strict__cp200D__single.8abdd26ba778758f5e46b84a54ac62f4,strict,200D,single,,0,2,True,[],"[{""original_token"": ""mortgage"", ""salted_token"": ""mo‍rtgage"", ""start"": 39, ""end"": 47, ""salt_mode"": ""single"", ""fragment_max_positions"": null}, {""original_token"": ""loans"", ""salted_token"": ""lo‍ans"", ""start"": 802, ""end"": 807, ""salt_mode"": ""single"", ""fragment_max_positions"": null}]"
00807.8abdd26ba778758f5e46b84a54ac62f4,00807__salted__strict__cp00AD__single.8abdd26ba778758f5e46b84a54ac62f4,strict,00AD,single,,0,2,True,[],"[{""original_token"": ""mortgage"", ""salted_token"": ""mo­rtgage"", ""start"": 39, ""end"": 47, ""salt_mode"": ""single"", ""fragment_max_positions"": null}, {""original_token"": ""loans"", ""salted_token"": ""lo­ans"", ""start"": 802, ""end"": 807, ""salt_mode"": ""single"", ""fragment_max_positions"": null}]"
00810.bceaa748f9cee012c466212d8a608acf,00810__salted__strict__cp200B__single.bceaa748f9cee012c466212d8a608acf,strict,200B,single,,0,3,True,[],"[{""original_token"": ""earning"", ""salted_token"": ""ea​rning"", ""start"": 467, ""end"": 474, ""salt_mode"": ""single"", ""fragment_max_positions"": null}, {""original_token"": ""MLM"", ""salted_token"": ""ML​M"", ""start"": 1202, ""end"": 1205, ""salt_mode"": ""single"", ""fragment_max_positions"": null}, {""original_token"": ""earn"", ""salted_token"": ""ea​rn"", ""start"": 3077, ""end"": 3081, ""salt_mode"": ""single"", ""fragment_max_positions"": null}]"
00810.bceaa748f9cee012c466212d8a608acf,00810__salted__strict__cp200C__single.bceaa748f9cee012c466212d8a608acf,strict,200C,single,,0,3,True,[],"[{""original_token"": ""earning"", ""salted_token"": ""ea‌rning"", ""start"": 467, ""end"": 474, ""salt_mode"": ""single"", ""fragment_max_positions"": null}, {""original_token"": ""MLM"", ""salted_token"": ""ML‌M"", ""start"": 1202, ""end"": 1205, ""salt_mode"": ""single"", ""fragment_max_positions"": null}, {""original_token"": ""earn"", ""salted_token"": ""ea‌rn"", ""start"": 3077, ""end"": 3081, ""salt_mode"": ""single"", ""fragment_max_positions"": null}]"
00810.bceaa748f9cee012c466212d8a608acf,00810__salted__strict__cp200D__single.bceaa748f9cee012c466212d8a608acf,strict,200D,single,,0,3,True,[],"[{""original_token"": ""earning"", ""salted_token"": ""ea‍rning"", ""start"": 467, ""end"": 474, ""salt_mode"": ""single"", ""fragment_max_positions"": null}, {""original_token"": ""MLM"", ""salted_token"": ""ML‍M"", ""start"": 1202, ""end"": 1205, ""salt_mode"": ""single"", ""fragment_max_positions"": null}, {""original_token"": ""earn"", ""salted_token"": ""ea‍rn"", ""start"": 3077, ""end"": 3081, ""salt_mode"": ""single"", ""fragment_max_positions"": null}]"
00810.bceaa748f9cee012c466212d8a608acf,00810__salted__strict__cp00AD__single.bceaa748f9cee012c466212d8a608acf,strict,00AD,single,,0,3,True,[],"[{""original_token"": ""earning"", ""salted_token"": ""ea­rning"", ""start"": 467, ""end"": 474, ""salt_mode"": ""single"", ""fragment_max_positions"": null}, {""original_token"": ""MLM"", ""salted_token"": ""ML­M"", ""start"": 1202, ""end"": 1205, ""salt_mode"": ""single"", ""fragment_max_positions"": null}, {""original_token"": ""earn"", ""salted_token"": ""ea­rn"", ""start"": 3077, ""end"": 3081, ""salt_mode"": ""single"", ""fragment_max_positions"": null}]"
00830.079ed7d24f78024e023b82417a6fe2ca,00830__salted__strict__cp200B__single.079ed7d24f78024e023b82417a6fe2ca,strict,200B,single,,0,3,True,[],"[{""original_token"": ""earn"", ""salted_token"": ""ea​rn"", ""start"": 90, ""end"": 94, ""salt_mode"": ""single"", ""fragment_max_positions"": null}, {""original_token"": ""GUARANTEED"", ""salted_token"": ""GU​ARANTEED"", ""start"": 1902, ""end"": 1912, ""salt_mode"": ""single"", ""fragment_max_positions"": null}, {""original_token"": ""resell"", ""salted_token"": ""re​sell"", ""start"": 2421, ""end"": 2427, ""salt_mode"": ""single"", ""fragment_max_positions"": null}]"
00830.079ed7d24f78024e023b82417a6fe2ca,00830__salted__strict__cp200C__single.079ed7d24f78024e023b82417a6fe2ca,strict,200C,single,,0,3,True,[],"[{""original_token"": ""earn"", ""salted_token"": ""ea‌rn"", ""start"": 90, ""end"": 94, ""salt_mode"": ""single"", ""fragment_max_positions"": null}, {""original_token"": ""GUARANTEED"", ""salted_token"": ""GU‌ARANTEED"", ""start"": 1902, ""end"": 1912, ""salt_mode"": ""single"", ""fragment_max_positions"": null}, {""original_token"": ""resell"", ""salted_token"": ""re‌sell"", ""start"": 2421, ""end"": 2427, ""salt_mode"": ""single"", ""fragment_max_positions"": null}]"
00830.079ed7d24f78024e023b82417a6fe2ca,00830__salted__strict__cp200D__single.079ed7d24f78024e023b82417a6fe2ca,strict,200D,single,,0,3,True,[],"[{""original_token"": ""earn"", ""salted_token"": ""ea‍rn"", ""start"": 90, ""end"": 94, ""salt_mode"": ""single"", ""fragment_max_positions"": null}, {""original_token"": ""GUARANTEED"", ""salted_token"": ""GU‍ARANTEED"", ""start"": 1902, ""end"": 1912, ""salt_mode"": ""single"", ""fragment_max_positions"": null}, {""original_token"": ""resell"", ""salted_token"": ""re‍sell"", ""start"": 2421, ""end"": 2427, ""salt_mode"": ""single"", ""fragment_max_positions"": null}]"
00830.079ed7d24f78024e023b82417a6fe2ca,00830__salted__strict__cp00AD__single.079ed7d24f78024e023b82417a6fe2ca,strict,00AD,single,,0,3,True,[],"[{""original_token"": ""earn"", ""salted_token"": ""ea­rn"", ""start"": 90, ""end"": 94, ""salt_mode"": ""single"", ""fragment_max_positions"": null}, {""original_token"": ""GUARANTEED"", ""salted_token"": ""GU­ARANTEED"", ""start"": 1902, ""end"": 1912, ""salt_mode"": ""single"", ""fragment_max_positions"": null}, {""original_token"": ""resell"", ""salted_token"": ""re­sell"", ""start"": 2421, ""end"": 2427, ""salt_mode"": ""single"", ""fragment_max_positions"": null}]"
00861.e8b94fc9514d2d2cbb541b01e2dda726,00861__salted__strict__cp200B__single.e8b94fc9514d2d2cbb541b01e2dda726,strict,200B,single,,0,3,True,[],"[{""original_token"": ""promotion"", ""salted_token"": ""pr​omotion"", ""start"": 607, ""end"": 616, ""salt_mode"": ""single"", ""fragment_max_positions"": null}, {""original_token"": ""mailings"", ""salted_token"": ""ma​ilings"", ""start"": 1906, ""end"": 1914, ""salt_mode"": ""single"", ""fragment_max_positions"": null}, {""original_token"": ""DeathToSpamDeathToSpamDeathToSpam"", ""salted_token"": ""De​athToSpamDeathToSpamDeathToSpam"", ""start"": 2111, ""end"": 2144, ""salt_mode"": ""single"", ""fragment_max_positions"": null}]"
00861.e8b94fc9514d2d2cbb541b01e2dda726,00861__salted__strict__cp200C__single.e8b94fc9514d2d2cbb541b01e2dda726,strict,200C,single,,0,3,True,[],"[{""original_token"": ""promotion"", ""salted_token"": ""pr‌omotion"", ""start"": 607, ""end"": 616, ""salt_mode"": ""single"", ""fragment_max_positions"": null}, {""original_token"": ""mailings"", ""salted_token"": ""ma‌ilings"", ""start"": 1906, ""end"": 1914, ""salt_mode"": ""single"", ""fragment_max_positions"": null}, {""original_token"": ""DeathToSpamDeathToSpamDeathToSpam"", ""salted_token"": ""De‌athToSpamDeathToSpamDeathToSpam"", ""start"": 2111, ""end"": 2144, ""salt_mode"": ""single"", ""fragment_max_positions"": null}]"
00861.e8b94fc9514d2d2cbb541b01e2dda726,00861__salted__strict__cp200D__single.e8b94fc9514d2d2cbb541b01e2dda726,strict,200D,single,,0,3,True,[],"[{""original_token"": ""promotion"", ""salted_token"": ""pr‍omotion"", ""start"": 607, ""end"": 616, ""salt_mode"": ""single"", ""fragment_max_positions"": null}, {""original_token"": ""mailings"", ""salted_token"": ""ma‍ilings"", ""start"": 1906, ""end"": 1914, ""salt_mode"": ""single"", ""fragment_max_positions"": null}, {""original_token"": ""DeathToSpamDeathToSpamDeathToSpam"", ""salted_token"": ""De‍athToSpamDeathToSpamDeathToSpam"", ""start"": 2111, ""end"": 2144, ""salt_mode"": ""single"", ""fragment_max_positions"": null}]"
00861.e8b94fc9514d2d2cbb541b01e2dda726,00861__salted__strict__cp00AD__single.e8b94fc9514d2d2cbb541b01e2dda726,strict,00AD,single,,0,3,True,[],"[{""original_token"": ""promotion"", ""salted_token"": ""pr­omotion"", ""start"": 607, ""end"": 616, ""salt_mode"": ""single"", ""fragment_max_positions"": null}, {""original_token"": ""mailings"", ""salted_token"": ""ma­ilings"", ""start"": 1906, ""end"": 1914, ""salt_mode"": ""single"", ""fragment_max_positions"": null}, {""original_token"": ""DeathToSpamDeathToSpamDeathToSpam"", ""salted_token"": ""De­athToSpamDeathToSpamDeathToSpam"", ""start"": 2111, ""end"": 2144, ""salt_mode"": ""single"", ""fragment_max_positions"": null}]"
00891.730d12d96dcfa7812a51d12d9a3b6a1c,00891__salted__strict__cp200B__single.730d12d96dcfa7812a51d12d9a3b6a1c,strict,200B,single,,0,3,True,[],"[{""original_token"": ""assistance"", ""salted_token"": ""as​sistance"", ""start"": 692, ""end"": 702, ""salt_mode"": ""single"", ""fragment_max_positions"": null}, {""original_token"": ""deposit"", ""salted_token"": ""de​posit"", ""start"": 1620, ""end"": 1627, ""salt_mode"": ""single"", ""fragment_max_positions"": null}, {""original_token"": ""assistance"", ""salted_token"": ""as​sistance"", ""start"": 2579, ""end"": 2589, ""salt_mode"": ""single"", ""fragment_max_positions"": null}]"
00891.730d12d96dcfa7812a51d12d9a3b6a1c,00891__salted__strict__cp200C__single.730d12d96dcfa7812a51d12d9a3b6a1c,strict,200C,single,,0,3,True,[],"[{""original_token"": ""assistance"", ""salted_token"": ""as‌sistance"", ""start"": 692, ""end"": 702, ""salt_mode"": ""single"", ""fragment_max_positions"": null}, {""original_token"": ""deposit"", ""salted_token"": ""de‌posit"", ""start"": 1620, ""end"": 1627, ""salt_mode"": ""single"", ""fragment_max_positions"": null}, {""original_token"": ""assistance"", ""salted_token"": ""as‌sistance"", ""start"": 2579, ""end"": 2589, ""salt_mode"": ""single"", ""fragment_max_positions"": null}]"
00891.730d12d96dcfa7812a51d12d9a3b6a1c,00891__salted__strict__cp200D__single.730d12d96dcfa7812a51d12d9a3b6a1c,strict,200D,single,,0,3,True,[],"[{""original_token"": ""assistance"", ""salted_token"": ""as‍sistance"", ""start"": 692, ""end"": 702, ""salt_mode"": ""single"", ""fragment_max_positions"": null}, {""original_token"": ""deposit"", ""salted_token"": ""de‍posit"", ""start"": 1620, ""end"": 1627, ""salt_mode"": ""single"", ""fragment_max_positions"": null}, {""original_token"": ""assistance"", ""salted_token"": ""as‍sistance"", ""start"": 2579, ""end"": 2589, ""salt_mode"": ""single"", ""fragment_max_positions"": null}]"
00891.730d12d96dcfa7812a51d12d9a3b6a1c,00891__salted__strict__cp00AD__single.730d12d96dcfa7812a51d12d9a3b6a1c,strict,00AD,single,,0,3,True,[],"[{""original_token"": ""assistance"", ""salted_token"": ""as­sistance"", ""start"": 692, ""end"": 702, ""salt_mode"": ""single"", ""fragment_max_positions"": null}, {""original_token"": ""deposit"", ""salted_token"": ""de­posit"", ""start"": 1620, ""end"": 1627, ""salt_mode"": ""single"", ""fragment_max_positions"": null}, {""original_token"": ""assistance"", ""salted_token"": ""as­sistance"", ""start"": 2579, ""end"": 2589, ""salt_mode"": ""single"", ""fragment_max_positions"": null}]"
00925.6ba2770acb214c661a26e54b4d03c119,00925__salted__strict__cp200B__single.6ba2770acb214c661a26e54b4d03c119,strict,200B,single,,1,1,True,"[{""original_token"": ""ADV"", ""salted_token"": ""AD​V"", ""start"": 0, ""end"": 3, ""salt_mode"": ""single"", ""fragment_max_positions"": null}]","[{""original_token"": ""toll"", ""salted_token"": ""to​ll"", ""start"": 353, ""end"": 357, ""salt_mode"": ""single"", ""fragment_max_positions"": null}]"
00925.6ba2770acb214c661a26e54b4d03c119,00925__salted__strict__cp200C__single.6ba2770acb214c661a26e54b4d03c119,strict,200C,single,,1,1,True,"[{""original_token"": ""ADV"", ""salted_token"": ""AD‌V"", ""start"": 0, ""end"": 3, ""salt_mode"": ""single"", ""fragment_max_positions"": null}]","[{""original_token"": ""toll"", ""salted_token"": ""to‌ll"", ""start"": 353, ""end"": 357, ""salt_mode"": ""single"", ""fragment_max_positions"": null}]"
00925.6ba2770acb214c661a26e54b4d03c119,00925__salted__strict__cp200D__single.6ba2770acb214c661a26e54b4d03c119,strict,200D,single,,1,1,True,"[{""original_token"": ""ADV"", ""salted_token"": ""AD‍V"", ""start"": 0, ""end"": 3, ""salt_mode"": ""single"", ""fragment_max_positions"": null}]","[{""original_token"": ""toll"", ""salted_token"": ""to‍ll"", ""start"": 353, ""end"": 357, ""salt_mode"": ""single"", ""fragment_max_positions"": null}]"
00925.6ba2770acb214c661a26e54b4d03c119,00925__salted__strict__cp00AD__single.6ba2770acb214c661a26e54b4d03c119,strict,00AD,single,,1,1,True,"[{""original_token"": ""ADV"", ""salted_token"": ""AD­V"", ""start"": 0, ""end"": 3, ""salt_mode"": ""single"", ""fragment_max_positions"": null}]","[{""original_token"": ""toll"", ""salted_token"": ""to­ll"", ""start"": 353, ""end"": 357, ""salt_mode"": ""single"", ""fragment_max_positions"": null}]"
00939.8d335bc76836e51b449de9f6b38aa0f8,00939__salted__strict__cp200B__single.8d335bc76836e51b449de9f6b38aa0f8,strict,200B,single,,0,2,True,[],"[{""original_token"": ""promotion"", ""salted_token"": ""pr​omotion"", ""start"": 529, ""end"": 538, ""salt_mode"": ""single"", ""fragment_max_positions"": null}, {""original_token"": ""DeathToSpamDeathToSpamDeathToSpam"", ""salted_token"": ""De​athToSpamDeathToSpamDeathToSpam"", ""start"": 598, ""end"": 631, ""salt_mode"": ""single"", ""fragment_max_positions"": null}]"
00939.8d335bc76836e51b449de9f6b38aa0f8,00939__salted__strict__cp200C__single.8d335bc76836e51b449de9f6b38aa0f8,strict,200C,single,,0,2,True,[],"[{""original_token"": ""promotion"", ""salted_token"": ""pr‌omotion"", ""start"": 529, ""end"": 538, ""salt_mode"": ""single"", ""fragment_max_positions"": null}, {""original_token"": ""DeathToSpamDeathToSpamDeathToSpam"", ""salted_token"": ""De‌athToSpamDeathToSpamDeathToSpam"", ""start"": 598, ""end"": 631, ""salt_mode"": ""single"", ""fragment_max_positions"": null}]"
00939.8d335bc76836e51b449de9f6b38aa0f8,00939__salted__strict__cp200D__single.8d335bc76836e51b449de9f6b38aa0f8,strict,200D,single,,0,2,True,[],"[{""original_token"": ""promotion"", ""salted_token"": ""pr‍omotion"", ""start"": 529, ""end"": 538, ""salt_mode"": ""single"", ""fragment_max_positions"": null}, {""original_token"": ""DeathToSpamDeathToSpamDeathToSpam"", ""salted_token"": ""De‍athToSpamDeathToSpamDeathToSpam"", ""start"": 598, ""end"": 631, ""salt_mode"": ""single"", ""fragment_max_positions"": null}]"
00939.8d335bc76836e51b449de9f6b38aa0f8,00939__salted__strict__cp00AD__single.8d335bc76836e51b449de9f6b38aa0f8,strict,00AD,single,,0,2,True,[],"[{""original_token"": ""promotion"", ""salted_token"": ""pr­omotion"", ""start"": 529, ""end"": 538, ""salt_mode"": ""single"", ""fragment_max_positions"": null}, {""original_token"": ""DeathToSpamDeathToSpamDeathToSpam"", ""salted_token"": ""De­athToSpamDeathToSpamDeathToSpam"", ""start"": 598, ""end"": 631, ""salt_mode"": ""single"", ""fragment_max_positions"": null}]"
00940.33bee147237876bc1f28b1bf21b586a0,00940__salted__strict__cp200B__single.33bee147237876bc1f28b1bf21b586a0,strict,200B,single,,1,3,True,"[{""original_token"": ""Assistance"", ""salted_token"": ""As​sistance"", ""start"": 0, ""end"": 10, ""salt_mode"": ""single"", ""fragment_max_positions"": null}]","[{""original_token"": ""Nigeria"", ""salted_token"": ""Ni​geria"", ""start"": 58, ""end"": 65, ""salt_mode"": ""single"", ""fragment_max_positions"": null}, {""original_token"": ""assistance"", ""salted_token"": ""as​sistance"", ""start"": 228, ""end"": 238, ""salt_mode"": ""single"", ""fragment_max_positions"": null}, {""original_token"": ""Nigeria"", ""salted_token"": ""Ni​geria"", ""start"": 1702, ""end"": 1709, ""salt_mode"": ""single"", ""fragment_max_positions"": null}]"
00940.33bee147237876bc1f28b1bf21b586a0,00940__salted__strict__cp200C__single.33bee147237876bc1f28b1bf21b586a0,strict,200C,single,,1,3,True,"[{""original_token"": ""Assistance"", ""salted_token"": ""As‌sistance"", ""start"": 0, ""end"": 10, ""salt_mode"": ""single"", ""fragment_max_positions"": null}]","[{""original_token"": ""Nigeria"", ""salted_token"": ""Ni‌geria"", ""start"": 58, ""end"": 65, ""salt_mode"": ""single"", ""fragment_max_positions"": null}, {""original_token"": ""assistance"", ""salted_token"": ""as‌sistance"", ""start"": 228, ""end"": 238, ""salt_mode"": ""single"", ""fragment_max_positions"": null}, {""original_token"": ""Nigeria"", ""salted_token"": ""Ni‌geria"", ""start"": 1702, ""end"": 1709, ""salt_mode"": ""single"", ""fragment_max_positions"": null}]"
00940.33bee147237876bc1f28b1bf21b586a0,00940__salted__strict__cp200D__single.33bee147237876bc1f28b1bf21b586a0,strict,200D,single,,1,3,True,"[{""original_token"": ""Assistance"", ""salted_token"": ""As‍sistance"", ""start"": 0, ""end"": 10, ""salt_mode"": ""single"", ""fragment_max_positions"": null}]","[{""original_token"": ""Nigeria"", ""salted_token"": ""Ni‍geria"", ""start"": 58, ""end"": 65, ""salt_mode"": ""single"", ""fragment_max_positions"": null}, {""original_token"": ""assistance"", ""salted_token"": ""as‍sistance"", ""start"": 228, ""end"": 238, ""salt_mode"": ""single"", ""fragment_max_positions"": null}, {""original_token"": ""Nigeria"", ""salted_token"": ""Ni‍geria"", ""start"": 1702, ""end"": 1709, ""salt_mode"": ""single"", ""fragment_max_positions"": null}]"
00940.33bee147237876bc1f28b1bf21b586a0,00940__salted__strict__cp00AD__single.33bee147237876bc1f28b1bf21b586a0,strict,00AD,single,,1,3,True,"[{""original_token"": ""Assistance"", ""salted_token"": ""As­sistance"", ""start"": 0, ""end"": 10, ""salt_mode"": ""single"", ""fragment_max_positions"": null}]","[{""original_token"": ""Nigeria"", ""salted_token"": ""Ni­geria"", ""start"": 58, ""end"": 65, ""salt_mode"": ""single"", ""fragment_max_positions"": null}, {""original_token"": ""assistance"", ""salted_token"": ""as­sistance"", ""start"": 228, ""end"": 238, ""salt_mode"": ""single"", ""fragment_max_positions"": null}, {""original_token"": ""Nigeria"", ""salted_token"": ""Ni­geria"", ""start"": 1702, ""end"": 1709, ""salt_mode"": ""single"", ""fragment_max_positions"": null}]"
00947.e4d80402e902f1ea42cfc539bb279afd,00947__salted__strict__cp200B__single.e4d80402e902f1ea42cfc539bb279afd,strict,200B,single,,1,0,False,"[{""original_token"": ""cartridges"", ""salted_token"": ""ca​rtridges"", ""start"": 18, ""end"": 28, ""salt_mode"": ""single"", ""fragment_max_positions"": null}]",[]
00947.e4d80402e902f1ea42cfc539bb279afd,00947__salted__strict__cp200C__single.e4d80402e902f1ea42cfc539bb279afd,strict,200C,single,,1,0,False,"[{""original_token"": ""cartridges"", ""salted_token"": ""ca‌rtridges"", ""start"": 18, ""end"": 28, ""salt_mode"": ""single"", ""fragment_max_positions"": null}]",[]
00947.e4d80402e902f1ea42cfc539bb279afd,00947__salted__strict__cp200D__single.e4d80402e902f1ea42cfc539bb279afd,strict,200D,single,,1,0,False,"[{""original_token"": ""cartridges"", ""salted_token"": ""ca‍rtridges"", ""start"": 18, ""end"": 28, ""salt_mode"": ""single"", ""fragment_max_positions"": null}]",[]
00947.e4d80402e902f1ea42cfc539bb279afd,00947__salted__strict__cp00AD__single.e4d80402e902f1ea42cfc539bb279afd,strict,00AD,single,,1,0,False,"[{""original_token"": ""cartridges"", ""salted_token"": ""ca­rtridges"", ""start"": 18, ""end"": 28, ""salt_mode"": ""single"", ""fragment_max_positions"": null}]",[]
00956.bd15831ffe9661a5395b8ec491a4fed2,00956__salted__strict__cp200B__single.bd15831ffe9661a5395b8ec491a4fed2,strict,200B,single,,1,0,False,"[{""original_token"": ""Cartridges"", ""salted_token"": ""Ca​rtridges"", ""start"": 8, ""end"": 18, ""salt_mode"": ""single"", ""fragment_max_positions"": null}]",[]
00956.bd15831ffe9661a5395b8ec491a4fed2,00956__salted__strict__cp200C__single.bd15831ffe9661a5395b8ec491a4fed2,strict,200C,single,,1,0,False,"[{""original_token"": ""Cartridges"", ""salted_token"": ""Ca‌rtridges"", ""start"": 8, ""end"": 18, ""salt_mode"": ""single"", ""fragment_max_positions"": null}]",[]
00956.bd15831ffe9661a5395b8ec491a4fed2,00956__salted__strict__cp200D__single.bd15831ffe9661a5395b8ec491a4fed2,strict,200D,single,,1,0,False,"[{""original_token"": ""Cartridges"", ""salted_token"": ""Ca‍rtridges"", ""start"": 8, ""end"": 18, ""salt_mode"": ""single"", ""fragment_max_positions"": null}]",[]
00956.bd15831ffe9661a5395b8ec491a4fed2,00956__salted__strict__cp00AD__single.bd15831ffe9661a5395b8ec491a4fed2,strict,00AD,single,,1,0,False,"[{""original_token"": ""Cartridges"", ""salted_token"": ""Ca­rtridges"", ""start"": 8, ""end"": 18, ""salt_mode"": ""single"", ""fragment_max_positions"": null}]",[]
00962.452e4bd0724bf1139c9bc4eb9ec0fe43,00962__salted__strict__cp200B__single.452e4bd0724bf1139c9bc4eb9ec0fe43,strict,200B,single,,1,0,False,"[{""original_token"": ""cartridges"", ""salted_token"": ""ca​rtridges"", ""start"": 18, ""end"": 28, ""salt_mode"": ""single"", ""fragment_max_positions"": null}]",[]
00962.452e4bd0724bf1139c9bc4eb9ec0fe43,00962__salted__strict__cp200C__single.452e4bd0724bf1139c9bc4eb9ec0fe43,strict,200C,single,,1,0,False,"[{""original_token"": ""cartridges"", ""salted_token"": ""ca‌rtridges"", ""start"": 18, ""end"": 28, ""salt_mode"": ""single"", ""fragment_max_positions"": null}]",[]
00962.452e4bd0724bf1139c9bc4eb9ec0fe43,00962__salted__strict__cp200D__single.452e4bd0724bf1139c9bc4eb9ec0fe43,strict,200D,single,,1,0,False,"[{""original_token"": ""cartridges"", ""salted_token"": ""ca‍rtridges"", ""start"": 18, ""end"": 28, ""salt_mode"": ""single"", ""fragment_max_positions"": null}]",[]
00962.452e4bd0724bf1139c9bc4eb9ec0fe43,00962__salted__strict__cp00AD__single.452e4bd0724bf1139c9bc4eb9ec0fe43,strict,00AD,single,,1,0,False,"[{""original_token"": ""cartridges"", ""salted_token"": ""ca­rtridges"", ""start"": 18, ""end"": 28, ""salt_mode"": ""single"", ""fragment_max_positions"": null}]",[]
00973.ca8a425093e9994271e922f4d60f775c,00973__salted__strict__cp200B__single.ca8a425093e9994271e922f4d60f775c,strict,200B,single,,0,1,True,[],"[{""original_token"": ""DeathToSpamDeathToSpamDeathToSpam"", ""salted_token"": ""De​athToSpamDeathToSpamDeathToSpam"", ""start"": 827, ""end"": 860, ""salt_mode"": ""single"", ""fragment_max_positions"": null}]"
00973.ca8a425093e9994271e922f4d60f775c,00973__salted__strict__cp200C__single.ca8a425093e9994271e922f4d60f775c,strict,200C,single,,0,1,True,[],"[{""original_token"": ""DeathToSpamDeathToSpamDeathToSpam"", ""salted_token"": ""De‌athToSpamDeathToSpamDeathToSpam"", ""start"": 827, ""end"": 860, ""salt_mode"": ""single"", ""fragment_max_positions"": null}]"
00973.ca8a425093e9994271e922f4d60f775c,00973__salted__strict__cp200D__single.ca8a425093e9994271e922f4d60f775c,strict,200D,single,,0,1,True,[],"[{""original_token"": ""DeathToSpamDeathToSpamDeathToSpam"", ""salted_token"": ""De‍athToSpamDeathToSpamDeathToSpam"", ""start"": 827, ""end"": 860, ""salt_mode"": ""single"", ""fragment_max_positions"": null}]"
00973.ca8a425093e9994271e922f4d60f775c,00973__salted__strict__cp00AD__single.ca8a425093e9994271e922f4d60f775c,strict,00AD,single,,0,1,True,[],"[{""original_token"": ""DeathToSpamDeathToSpamDeathToSpam"", ""salted_token"": ""De­athToSpamDeathToSpamDeathToSpam"", ""start"": 827, ""end"": 860, ""salt_mode"": ""single"", ""fragment_max_positions"": null}]"
01008.5e932696d8f33950af53eb9461a014a2,01008__salted__strict__cp200B__single.5e932696d8f33950af53eb9461a014a2,strict,200B,single,,0,3,True,[],"[{""original_token"": ""promotional"", ""salted_token"": ""pr​omotional"", ""start"": 896, ""end"": 907, ""salt_mode"": ""single"", ""fragment_max_positions"": null}, {""original_token"": ""guaranteed"", ""salted_token"": ""gu​aranteed"", ""start"": 1102, ""end"": 1112, ""salt_mode"": ""single"", ""fragment_max_positions"": null}, {""original_token"": ""guaranteed"", ""salted_token"": ""gu​aranteed"", ""start"": 1323, ""end"": 1333, ""salt_mode"": ""single"", ""fragment_max_positions"": null}]"
01008.5e932696d8f33950af53eb9461a014a2,01008__salted__strict__cp200C__single.5e932696d8f33950af53eb9461a014a2,strict,200C,single,,0,3,True,[],"[{""original_token"": ""promotional"", ""salted_token"": ""pr‌omotional"", ""start"": 896, ""end"": 907, ""salt_mode"": ""single"", ""fragment_max_positions"": null}, {""original_token"": ""guaranteed"", ""salted_token"": ""gu‌aranteed"", ""start"": 1102, ""end"": 1112, ""salt_mode"": ""single"", ""fragment_max_positions"": null}, {""original_token"": ""guaranteed"", ""salted_token"": ""gu‌aranteed"", ""start"": 1323, ""end"": 1333, ""salt_mode"": ""single"", ""fragment_max_positions"": null}]"
01008.5e932696d8f33950af53eb9461a014a2,01008__salted__strict__cp200D__single.5e932696d8f33950af53eb9461a014a2,strict,200D,single,,0,3,True,[],"[{""original_token"": ""promotional"", ""salted_token"": ""pr‍omotional"", ""start"": 896, ""end"": 907, ""salt_mode"": ""single"", ""fragment_max_positions"": null}, {""original_token"": ""guaranteed"", ""salted_token"": ""gu‍aranteed"", ""start"": 1102, ""end"": 1112, ""salt_mode"": ""single"", ""fragment_max_positions"": null}, {""original_token"": ""guaranteed"", ""salted_token"": ""gu‍aranteed"", ""start"": 1323, ""end"": 1333, ""salt_mode"": ""single"", ""fragment_max_positions"": null}]"
01008.5e932696d8f33950af53eb9461a014a2,01008__salted__strict__cp00AD__single.5e932696d8f33950af53eb9461a014a2,strict,00AD,single,,0,3,True,[],"[{""original_token"": ""promotional"", ""salted_token"": ""pr­omotional"", ""start"": 896, ""end"": 907, ""salt_mode"": ""single"", ""fragment_max_positions"": null}, {""original_token"": ""guaranteed"", ""salted_token"": ""gu­aranteed"", ""start"": 1102, ""end"": 1112, ""salt_mode"": ""single"", ""fragment_max_positions"": null}, {""original_token"": ""guaranteed"", ""salted_token"": ""gu­aranteed"", ""start"": 1323, ""end"": 1333, ""salt_mode"": ""single"", ""fragment_max_positions"": null}]"
01011.d4812088cad8553fb214dab8003add9b,01011__salted__strict__cp200B__single.d4812088cad8553fb214dab8003add9b,strict,200B,single,,0,3,True,[],"[{""original_token"": ""assistance"", ""salted_token"": ""as​sistance"", ""start"": 224, ""end"": 234, ""salt_mode"": ""single"", ""fragment_max_positions"": null}, {""original_token"": ""Nigeria"", ""salted_token"": ""Ni​geria"", ""start"": 783, ""end"": 790, ""salt_mode"": ""single"", ""fragment_max_positions"": null}, {""original_token"": ""assistance"", ""salted_token"": ""as​sistance"", ""start"": 1531, ""end"": 1541, ""salt_mode"": ""single"", ""fragment_max_positions"": null}]"
01011.d4812088cad8553fb214dab8003add9b,01011__salted__strict__cp200C__single.d4812088cad8553fb214dab8003add9b,strict,200C,single,,0,3,True,[],"[{""original_token"": ""assistance"", ""salted_token"": ""as‌sistance"", ""start"": 224, ""end"": 234, ""salt_mode"": ""single"", ""fragment_max_positions"": null}, {""original_token"": ""Nigeria"", ""salted_token"": ""Ni‌geria"", ""start"": 783, ""end"": 790, ""salt_mode"": ""single"", ""fragment_max_positions"": null}, {""original_token"": ""assistance"", ""salted_token"": ""as‌sistance"", ""start"": 1531, ""end"": 1541, ""salt_mode"": ""single"", ""fragment_max_positions"": null}]"
01011.d4812088cad8553fb214dab8003add9b,01011__salted__strict__cp200D__single.d4812088cad8553fb214dab8003add9b,strict,200D,single,,0,3,True,[],"[{""original_token"": ""assistance"", ""salted_token"": ""as‍sistance"", ""start"": 224, ""end"": 234, ""salt_mode"": ""single"", ""fragment_max_positions"": null}, {""original_token"": ""Nigeria"", ""salted_token"": ""Ni‍geria"", ""start"": 783, ""end"": 790, ""salt_mode"": ""single"", ""fragment_max_positions"": null}, {""original_token"": ""assistance"", ""salted_token"": ""as‍sistance"", ""start"": 1531, ""end"": 1541, ""salt_mode"": ""single"", ""fragment_max_positions"": null}]"
01011.d4812088cad8553fb214dab8003add9b,01011__salted__strict__cp00AD__single.d4812088cad8553fb214dab8003add9b,strict,00AD,single,,0,3,True,[],"[{""original_token"": ""assistance"", ""salted_token"": ""as­sistance"", ""start"": 224, ""end"": 234, ""salt_mode"": ""single"", ""fragment_max_positions"": null}, {""original_token"": ""Nigeria"", ""salted_token"": ""Ni­geria"", ""start"": 783, ""end"": 790, ""salt_mode"": ""single"", ""fragment_max_positions"": null}, {""original_token"": ""assistance"", ""salted_token"": ""as­sistance"", ""start"": 1531, ""end"": 1541, ""salt_mode"": ""single"", ""fragment_max_positions"": null}]"
01014.98c1d0a70f88efb979d9ca65e945363e,01014__salted__strict__cp200B__single.98c1d0a70f88efb979d9ca65e945363e,strict,200B,single,,0,1,True,[],"[{""original_token"": ""mailings"", ""salted_token"": ""ma​ilings"", ""start"": 661, ""end"": 669, ""salt_mode"": ""single"", ""fragment_max_positions"": null}]"
01014.98c1d0a70f88efb979d9ca65e945363e,01014__salted__strict__cp200C__single.98c1d0a70f88efb979d9ca65e945363e,strict,200C,single,,0,1,True,[],"[{""original_token"": ""mailings"", ""salted_token"": ""ma‌ilings"", ""start"": 661, ""end"": 669, ""salt_mode"": ""single"", ""fragment_max_positions"": null}]"
01014.98c1d0a70f88efb979d9ca65e945363e,01014__salted__strict__cp200D__single.98c1d0a70f88efb979d9ca65e945363e,strict,200D,single,,0,1,True,[],"[{""original_token"": ""mailings"", ""salted_token"": ""ma‍ilings"", ""start"": 661, ""end"": 669, ""salt_mode"": ""single"", ""fragment_max_positions"": null}]"
01014.98c1d0a70f88efb979d9ca65e945363e,01014__salted__strict__cp00AD__single.98c1d0a70f88efb979d9ca65e945363e,strict,00AD,single,,0,1,True,[],"[{""original_token"": ""mailings"", ""salted_token"": ""ma­ilings"", ""start"": 661, ""end"": 669, ""salt_mode"": ""single"", ""fragment_max_positions"": null}]"
01016.ac6ce255291deba2f46cdd8ddba3ea01,01016__salted__strict__cp200B__single.ac6ce255291deba2f46cdd8ddba3ea01,strict,200B,single,,1,0,False,"[{""original_token"": ""cartridges"", ""salted_token"": ""ca​rtridges"", ""start"": 49, ""end"": 59, ""salt_mode"": ""single"", ""fragment_max_positions"": null}]",[]
01016.ac6ce255291deba2f46cdd8ddba3ea01,01016__salted__strict__cp200C__single.ac6ce255291deba2f46cdd8ddba3ea01,strict,200C,single,,1,0,False,"[{""original_token"": ""cartridges"", ""salted_token"": ""ca‌rtridges"", ""start"": 49, ""end"": 59, ""salt_mode"": ""single"", ""fragment_max_positions"": null}]",[]
01016.ac6ce255291deba2f46cdd8ddba3ea01,01016__salted__strict__cp200D__single.ac6ce255291deba2f46cdd8ddba3ea01,strict,200D,single,,1,0,False,"[{""original_token"": ""cartridges"", ""salted_token"": ""ca‍rtridges"", ""start"": 49, ""end"": 59, ""salt_mode"": ""single"", ""fragment_max_positions"": null}]",[]
01016.ac6ce255291deba2f46cdd8ddba3ea01,01016__salted__strict__cp00AD__single.ac6ce255291deba2f46cdd8ddba3ea01,strict,00AD,single,,1,0,False,"[{""original_token"": ""cartridges"", ""salted_token"": ""ca­rtridges"", ""start"": 49, ""end"": 59, ""salt_mode"": ""single"", ""fragment_max_positions"": null}]",[]
01075.07ee7f1ab5ad6659c47baa5ef3691a80,01075__salted__strict__cp200B__single.07ee7f1ab5ad6659c47baa5ef3691a80,strict,200B,single,,0,2,True,[],"[{""original_token"": ""Promotion"", ""salted_token"": ""Pr​omotion"", ""start"": 1402, ""end"": 1411, ""salt_mode"": ""single"", ""fragment_max_positions"": null}, {""original_token"": ""DeathToSpamDeathToSpamDeathToSpam"", ""salted_token"": ""De​athToSpamDeathToSpamDeathToSpam"", ""start"": 1549, ""end"": 1582, ""salt_mode"": ""single"", ""fragment_max_positions"": null}]"
01075.07ee7f1ab5ad6659c47baa5ef3691a80,01075__salted__strict__cp200C__single.07ee7f1ab5ad6659c47baa5ef3691a80,strict,200C,single,,0,2,True,[],"[{""original_token"": ""Promotion"", ""salted_token"": ""Pr‌omotion"", ""start"": 1402, ""end"": 1411, ""salt_mode"": ""single"", ""fragment_max_positions"": null}, {""original_token"": ""DeathToSpamDeathToSpamDeathToSpam"", ""salted_token"": ""De‌athToSpamDeathToSpamDeathToSpam"", ""start"": 1549, ""end"": 1582, ""salt_mode"": ""single"", ""fragment_max_positions"": null}]"
01075.07ee7f1ab5ad6659c47baa5ef3691a80,01075__salted__strict__cp200D__single.07ee7f1ab5ad6659c47baa5ef3691a80,strict,200D,single,,0,2,True,[],"[{""original_token"": ""Promotion"", ""salted_token"": ""Pr‍omotion"", ""start"": 1402, ""end"": 1411, ""salt_mode"": ""single"", ""fragment_max_positions"": null}, {""original_token"": ""DeathToSpamDeathToSpamDeathToSpam"", ""salted_token"": ""De‍athToSpamDeathToSpamDeathToSpam"", ""start"": 1549, ""end"": 1582, ""salt_mode"": ""single"", ""fragment_max_positions"": null}]"
01075.07ee7f1ab5ad6659c47baa5ef3691a80,01075__salted__strict__cp00AD__single.07ee7f1ab5ad6659c47baa5ef3691a80,strict,00AD,single,,0,2,True,[],"[{""original_token"": ""Promotion"", ""salted_token"": ""Pr­omotion"", ""start"": 1402, ""end"": 1411, ""salt_mode"": ""single"", ""fragment_max_positions"": null}, {""original_token"": ""DeathToSpamDeathToSpamDeathToSpam"", ""salted_token"": ""De­athToSpamDeathToSpamDeathToSpam"", ""start"": 1549, ""end"": 1582, ""salt_mode"": ""single"", ""fragment_max_positions"": null}]"
01079.9eb95fd88f3d9d551f8c64359470ae7e,01079__salted__strict__cp200B__single.9eb95fd88f3d9d551f8c64359470ae7e,strict,200B,single,,1,0,False,"[{""original_token"": ""cartridges"", ""salted_token"": ""ca​rtridges"", ""start"": 18, ""end"": 28, ""salt_mode"": ""single"", ""fragment_max_positions"": null}]",[]
01079.9eb95fd88f3d9d551f8c64359470ae7e,01079__salted__strict__cp200C__single.9eb95fd88f3d9d551f8c64359470ae7e,strict,200C,single,,1,0,False,"[{""original_token"": ""cartridges"", ""salted_token"": ""ca‌rtridges"", ""start"": 18, ""end"": 28, ""salt_mode"": ""single"", ""fragment_max_positions"": null}]",[]
01079.9eb95fd88f3d9d551f8c64359470ae7e,01079__salted__strict__cp200D__single.9eb95fd88f3d9d551f8c64359470ae7e,strict,200D,single,,1,0,False,"[{""original_token"": ""cartridges"", ""salted_token"": ""ca‍rtridges"", ""start"": 18, ""end"": 28, ""salt_mode"": ""single"", ""fragment_max_positions"": null}]",[]
01079.9eb95fd88f3d9d551f8c64359470ae7e,01079__salted__strict__cp00AD__single.9eb95fd88f3d9d551f8c64359470ae7e,strict,00AD,single,,1,0,False,"[{""original_token"": ""cartridges"", ""salted_token"": ""ca­rtridges"", ""start"": 18, ""end"": 28, ""salt_mode"": ""single"", ""fragment_max_positions"": null}]",[]
01130.f286229e3c2eeb5c682204de85d903c0,01130__salted__strict__cp200B__single.f286229e3c2eeb5c682204de85d903c0,strict,200B,single,,1,0,False,"[{""original_token"": ""SYSTEMWORKS"", ""salted_token"": ""SY​STEMWORKS"", ""start"": 7, ""end"": 18, ""salt_mode"": ""single"", ""fragment_max_positions"": null}]",[]
01130.f286229e3c2eeb5c682204de85d903c0,01130__salted__strict__cp200C__single.f286229e3c2eeb5c682204de85d903c0,strict,200C,single,,1,0,False,"[{""original_token"": ""SYSTEMWORKS"", ""salted_token"": ""SY‌STEMWORKS"", ""start"": 7, ""end"": 18, ""salt_mode"": ""single"", ""fragment_max_positions"": null}]",[]
01130.f286229e3c2eeb5c682204de85d903c0,01130__salted__strict__cp200D__single.f286229e3c2eeb5c682204de85d903c0,strict,200D,single,,1,0,False,"[{""original_token"": ""SYSTEMWORKS"", ""salted_token"": ""SY‍STEMWORKS"", ""start"": 7, ""end"": 18, ""salt_mode"": ""single"", ""fragment_max_positions"": null}]",[]
01130.f286229e3c2eeb5c682204de85d903c0,01130__salted__strict__cp00AD__single.f286229e3c2eeb5c682204de85d903c0,strict,00AD,single,,1,0,False,"[{""original_token"": ""SYSTEMWORKS"", ""salted_token"": ""SY­STEMWORKS"", ""start"": 7, ""end"": 18, ""salt_mode"": ""single"", ""fragment_max_positions"": null}]",[]
01132.3d0e60ced92087634f1433f12810096d,01132__salted__strict__cp200B__single.3d0e60ced92087634f1433f12810096d,strict,200B,single,,0,3,True,[],"[{""original_token"": ""guaranteed"", ""salted_token"": ""gu​aranteed"", ""start"": 405, ""end"": 415, ""salt_mode"": ""single"", ""fragment_max_positions"": null}, {""original_token"": ""btamail"", ""salted_token"": ""bt​amail"", ""start"": 418, ""end"": 425, ""salt_mode"": ""single"", ""fragment_max_positions"": null}, {""original_token"": ""guaranteed"", ""salted_token"": ""gu​aranteed"", ""start"": 699, ""end"": 709, ""salt_mode"": ""single"", ""fragment_max_positions"": null}]"
01132.3d0e60ced92087634f1433f12810096d,01132__salted__strict__cp200C__single.3d0e60ced92087634f1433f12810096d,strict,200C,single,,0,3,True,[],"[{""original_token"": ""guaranteed"", ""salted_token"": ""gu‌aranteed"", ""start"": 405, ""end"": 415, ""salt_mode"": ""single"", ""fragment_max_positions"": null}, {""original_token"": ""btamail"", ""salted_token"": ""bt‌amail"", ""start"": 418, ""end"": 425, ""salt_mode"": ""single"", ""fragment_max_positions"": null}, {""original_token"": ""guaranteed"", ""salted_token"": ""gu‌aranteed"", ""start"": 699, ""end"": 709, ""salt_mode"": ""single"", ""fragment_max_positions"": null}]"
01132.3d0e60ced92087634f1433f12810096d,01132__salted__strict__cp200D__single.3d0e60ced92087634f1433f12810096d,strict,200D,single,,0,3,True,[],"[{""original_token"": ""guaranteed"", ""salted_token"": ""gu‍aranteed"", ""start"": 405, ""end"": 415, ""salt_mode"": ""single"", ""fragment_max_positions"": null}, {""original_token"": ""btamail"", ""salted_token"": ""bt‍amail"", ""start"": 418, ""end"": 425, ""salt_mode"": ""single"", ""fragment_max_positions"": null}, {""original_token"": ""guaranteed"", ""salted_token"": ""gu‍aranteed"", ""start"": 699, ""end"": 709, ""salt_mode"": ""single"", ""fragment_max_positions"": null}]"
01132.3d0e60ced92087634f1433f12810096d,01132__salted__strict__cp00AD__single.3d0e60ced92087634f1433f12810096d,strict,00AD,single,,0,3,True,[],"[{""original_token"": ""guaranteed"", ""salted_token"": ""gu­aranteed"", ""start"": 405, ""end"": 415, ""salt_mode"": ""single"", ""fragment_max_positions"": null}, {""original_token"": ""btamail"", ""salted_token"": ""bt­amail"", ""start"": 418, ""end"": 425, ""salt_mode"": ""single"", ""fragment_max_positions"": null}, {""original_token"": ""guaranteed"", ""salted_token"": ""gu­aranteed"", ""start"": 699, ""end"": 709, ""salt_mode"": ""single"", ""fragment_max_positions"": null}]"
01145.a34477ade6db9376e4f8ccbfa8607881,01145__salted__strict__cp200B__single.a34477ade6db9376e4f8ccbfa8607881,strict,200B,single,,1,3,True,"[{""original_token"": ""MORTGAGE"", ""salted_token"": ""MO​RTGAGE"", ""start"": 0, ""end"": 8, ""salt_mode"": ""single"", ""fragment_max_positions"": null}]","[{""original_token"": ""lenders"", ""salted_token"": ""le​nders"", ""start"": 105, ""end"": 112, ""salt_mode"": ""single"", ""fragment_max_positions"": null}, {""original_token"": ""Loans"", ""salted_token"": ""Lo​ans"", ""start"": 280, ""end"": 285, ""salt_mode"": ""single"", ""fragment_max_positions"": null}, {""original_token"": ""Consultation"", ""salted_token"": ""Co​nsultation"", ""start"": 316, ""end"": 328, ""salt_mode"": ""single"", ""fragment_max_positions"": null}]"
01145.a34477ade6db9376e4f8ccbfa8607881,01145__salted__strict__cp200C__single.a34477ade6db9376e4f8ccbfa8607881,strict,200C,single,,1,3,True,"[{""original_token"": ""MORTGAGE"", ""salted_token"": ""MO‌RTGAGE"", ""start"": 0, ""end"": 8, ""salt_mode"": ""single"", ""fragment_max_positions"": null}]","[{""original_token"": ""lenders"", ""salted_token"": ""le‌nders"", ""start"": 105, ""end"": 112, ""salt_mode"": ""single"", ""fragment_max_positions"": null}, {""original_token"": ""Loans"", ""salted_token"": ""Lo‌ans"", ""start"": 280, ""end"": 285, ""salt_mode"": ""single"", ""fragment_max_positions"": null}, {""original_token"": ""Consultation"", ""salted_token"": ""Co‌nsultation"", ""start"": 316, ""end"": 328, ""salt_mode"": ""single"", ""fragment_max_positions"": null}]"
01145.a34477ade6db9376e4f8ccbfa8607881,01145__salted__strict__cp200D__single.a34477ade6db9376e4f8ccbfa8607881,strict,200D,single,,1,3,True,"[{""original_token"": ""MORTGAGE"", ""salted_token"": ""MO‍RTGAGE"", ""start"": 0, ""end"": 8, ""salt_mode"": ""single"", ""fragment_max_positions"": null}]","[{""original_token"": ""lenders"", ""salted_token"": ""le‍nders"", ""start"": 105, ""end"": 112, ""salt_mode"": ""single"", ""fragment_max_positions"": null}, {""original_token"": ""Loans"", ""salted_token"": ""Lo‍ans"", ""start"": 280, ""end"": 285, ""salt_mode"": ""single"", ""fragment_max_positions"": null}, {""original_token"": ""Consultation"", ""salted_token"": ""Co‍nsultation"", ""start"": 316, ""end"": 328, ""salt_mode"": ""single"", ""fragment_max_positions"": null}]"
01145.a34477ade6db9376e4f8ccbfa8607881,01145__salted__strict__cp00AD__single.a34477ade6db9376e4f8ccbfa8607881,strict,00AD,single,,1,3,True,"[{""original_token"": ""MORTGAGE"", ""salted_token"": ""MO­RTGAGE"", ""start"": 0, ""end"": 8, ""salt_mode"": ""single"", ""fragment_max_positions"": null}]","[{""original_token"": ""lenders"", ""salted_token"": ""le­nders"", ""start"": 105, ""end"": 112, ""salt_mode"": ""single"", ""fragment_max_positions"": null}, {""original_token"": ""Loans"", ""salted_token"": ""Lo­ans"", ""start"": 280, ""end"": 285, ""salt_mode"": ""single"", ""fragment_max_positions"": null}, {""original_token"": ""Consultation"", ""salted_token"": ""Co­nsultation"", ""start"": 316, ""end"": 328, ""salt_mode"": ""single"", ""fragment_max_positions"": null}]"
01151.e295c81d698d58f43f17bde22076cbef,01151__salted__strict__cp200B__single.e295c81d698d58f43f17bde22076cbef,strict,200B,single,,0,3,True,[],"[{""original_token"": ""Nigeria"", ""salted_token"": ""Ni​geria"", ""start"": 1450, ""end"": 1457, ""salt_mode"": ""single"", ""fragment_max_positions"": null}, {""original_token"": ""Nigeria"", ""salted_token"": ""Ni​geria"", ""start"": 1623, ""end"": 1630, ""salt_mode"": ""single"", ""fragment_max_positions"": null}, {""original_token"": ""Nigeria"", ""salted_token"": ""Ni​geria"", ""start"": 1854, ""end"": 1861, ""salt_mode"": ""single"", ""fragment_max_positions"": null}]"
01151.e295c81d698d58f43f17bde22076cbef,01151__salted__strict__cp200C__single.e295c81d698d58f43f17bde22076cbef,strict,200C,single,,0,3,True,[],"[{""original_token"": ""Nigeria"", ""salted_token"": ""Ni‌geria"", ""start"": 1450, ""end"": 1457, ""salt_mode"": ""single"", ""fragment_max_positions"": null}, {""original_token"": ""Nigeria"", ""salted_token"": ""Ni‌geria"", ""start"": 1623, ""end"": 1630, ""salt_mode"": ""single"", ""fragment_max_positions"": null}, {""original_token"": ""Nigeria"", ""salted_token"": ""Ni‌geria"", ""start"": 1854, ""end"": 1861, ""salt_mode"": ""single"", ""fragment_max_positions"": null}]"
01151.e295c81d698d58f43f17bde22076cbef,01151__salted__strict__cp200D__single.e295c81d698d58f43f17bde22076cbef,strict,200D,single,,0,3,True,[],"[{""original_token"": ""Nigeria"", ""salted_token"": ""Ni‍geria"", ""start"": 1450, ""end"": 1457, ""salt_mode"": ""single"", ""fragment_max_positions"": null}, {""original_token"": ""Nigeria"", ""salted_token"": ""Ni‍geria"", ""start"": 1623, ""end"": 1630, ""salt_mode"": ""single"", ""fragment_max_positions"": null}, {""original_token"": ""Nigeria"", ""salted_token"": ""Ni‍geria"", ""start"": 1854, ""end"": 1861, ""salt_mode"": ""single"", ""fragment_max_positions"": null}]"
01151.e295c81d698d58f43f17bde22076cbef,01151__salted__strict__cp00AD__single.e295c81d698d58f43f17bde22076cbef,strict,00AD,single,,0,3,True,[],"[{""original_token"": ""Nigeria"", ""salted_token"": ""Ni­geria"", ""start"": 1450, ""end"": 1457, ""salt_mode"": ""single"", ""fragment_max_positions"": null}, {""original_token"": ""Nigeria"", ""salted_token"": ""Ni­geria"", ""start"": 1623, ""end"": 1630, ""salt_mode"": ""single"", ""fragment_max_positions"": null}, {""original_token"": ""Nigeria"", ""salted_token"": ""Ni­geria"", ""start"": 1854, ""end"": 1861, ""salt_mode"": ""single"", ""fragment_max_positions"": null}]"
01158.5acbdb7eb695f96c08d960a56058481d,01158__salted__strict__cp200B__single.5acbdb7eb695f96c08d960a56058481d,strict,200B,single,,1,3,True,"[{""original_token"": ""Refinance"", ""salted_token"": ""Re​finance"", ""start"": 12, ""end"": 21, ""salt_mode"": ""single"", ""fragment_max_positions"": null}]","[{""original_token"": ""Refinance"", ""salted_token"": ""Re​finance"", ""start"": 416, ""end"": 425, ""salt_mode"": ""single"", ""fragment_max_positions"": null}, {""original_token"": ""mortgage"", ""salted_token"": ""mo​rtgage"", ""start"": 500, ""end"": 508, ""salt_mode"": ""single"", ""fragment_max_positions"": null}, {""original_token"": ""Mortgage"", ""salted_token"": ""Mo​rtgage"", ""start"": 510, ""end"": 518, ""salt_mode"": ""single"", ""fragment_max_positions"": null}]"
01158.5acbdb7eb695f96c08d960a56058481d,01158__salted__strict__cp200C__single.5acbdb7eb695f96c08d960a56058481d,strict,200C,single,,1,3,True,"[{""original_token"": ""Refinance"", ""salted_token"": ""Re‌finance"", ""start"": 12, ""end"": 21, ""salt_mode"": ""single"", ""fragment_max_positions"": null}]","[{""original_token"": ""Refinance"", ""salted_token"": ""Re‌finance"", ""start"": 416, ""end"": 425, ""salt_mode"": ""single"", ""fragment_max_positions"": null}, {""original_token"": ""mortgage"", ""salted_token"": ""mo‌rtgage"", ""start"": 500, ""end"": 508, ""salt_mode"": ""single"", ""fragment_max_positions"": null}, {""original_token"": ""Mortgage"", ""salted_token"": ""Mo‌rtgage"", ""start"": 510, ""end"": 518, ""salt_mode"": ""single"", ""fragment_max_positions"": null}]"
01158.5acbdb7eb695f96c08d960a56058481d,01158__salted__strict__cp200D__single.5acbdb7eb695f96c08d960a56058481d,strict,200D,single,,1,3,True,"[{""original_token"": ""Refinance"", ""salted_token"": ""Re‍finance"", ""start"": 12, ""end"": 21, ""salt_mode"": ""single"", ""fragment_max_positions"": null}]","[{""original_token"": ""Refinance"", ""salted_token"": ""Re‍finance"", ""start"": 416, ""end"": 425, ""salt_mode"": ""single"", ""fragment_max_positions"": null}, {""original_token"": ""mortgage"", ""salted_token"": ""mo‍rtgage"", ""start"": 500, ""end"": 508, ""salt_mode"": ""single"", ""fragment_max_positions"": null}, {""original_token"": ""Mortgage"", ""salted_token"": ""Mo‍rtgage"", ""start"": 510, ""end"": 518, ""salt_mode"": ""single"", ""fragment_max_positions"": null}]"
01158.5acbdb7eb695f96c08d960a56058481d,01158__salted__strict__cp00AD__single.5acbdb7eb695f96c08d960a56058481d,strict,00AD,single,,1,3,True,"[{""original_token"": ""Refinance"", ""salted_token"": ""Re­finance"", ""start"": 12, ""end"": 21, ""salt_mode"": ""single"", ""fragment_max_positions"": null}]","[{""original_token"": ""Refinance"", ""salted_token"": ""Re­finance"", ""start"": 416, ""end"": 425, ""salt_mode"": ""single"", ""fragment_max_positions"": null}, {""original_token"": ""mortgage"", ""salted_token"": ""mo­rtgage"", ""start"": 500, ""end"": 508, ""salt_mode"": ""single"", ""fragment_max_positions"": null}, {""original_token"": ""Mortgage"", ""salted_token"": ""Mo­rtgage"", ""start"": 510, ""end"": 518, ""salt_mode"": ""single"", ""fragment_max_positions"": null}]"
01165.8c661bf07a1a7a5fe8a9efc2439d17a1,01165__salted__strict__cp200B__single.8c661bf07a1a7a5fe8a9efc2439d17a1,strict,200B,single,,0,3,True,[],"[{""original_token"": ""mortgage"", ""salted_token"": ""mo​rtgage"", ""start"": 25, ""end"": 33, ""salt_mode"": ""single"", ""fragment_max_positions"": null}, {""original_token"": ""refinance"", ""salted_token"": ""re​finance"", ""start"": 178, ""end"": 187, ""salt_mode"": ""single"", ""fragment_max_positions"": null}, {""original_token"": ""Mortgage"", ""salted_token"": ""Mo​rtgage"", ""start"": 263, ""end"": 271, ""salt_mode"": ""single"", ""fragment_max_positions"": null}]"
01165.8c661bf07a1a7a5fe8a9efc2439d17a1,01165__salted__strict__cp200C__single.8c661bf07a1a7a5fe8a9efc2439d17a1,strict,200C,single,,0,3,True,[],"[{""original_token"": ""mortgage"", ""salted_token"": ""mo‌rtgage"", ""start"": 25, ""end"": 33, ""salt_mode"": ""single"", ""fragment_max_positions"": null}, {""original_token"": ""refinance"", ""salted_token"": ""re‌finance"", ""start"": 178, ""end"": 187, ""salt_mode"": ""single"", ""fragment_max_positions"": null}, {""original_token"": ""Mortgage"", ""salted_token"": ""Mo‌rtgage"", ""start"": 263, ""end"": 271, ""salt_mode"": ""single"", ""fragment_max_positions"": null}]"
01165.8c661bf07a1a7a5fe8a9efc2439d17a1,01165__salted__strict__cp200D__single.8c661bf07a1a7a5fe8a9efc2439d17a1,strict,200D,single,,0,3,True,[],"[{""original_token"": ""mortgage"", ""salted_token"": ""mo‍rtgage"", ""start"": 25, ""end"": 33, ""salt_mode"": ""single"", ""fragment_max_positions"": null}, {""original_token"": ""refinance"", ""salted_token"": ""re‍finance"", ""start"": 178, ""end"": 187, ""salt_mode"": ""single"", ""fragment_max_positions"": null}, {""original_token"": ""Mortgage"", ""salted_token"": ""Mo‍rtgage"", ""start"": 263, ""end"": 271, ""salt_mode"": ""single"", ""fragment_max_positions"": null}]"
01165.8c661bf07a1a7a5fe8a9efc2439d17a1,01165__salted__strict__cp00AD__single.8c661bf07a1a7a5fe8a9efc2439d17a1,strict,00AD,single,,0,3,True,[],"[{""original_token"": ""mortgage"", ""salted_token"": ""mo­rtgage"", ""start"": 25, ""end"": 33, ""salt_mode"": ""single"", ""fragment_max_positions"": null}, {""original_token"": ""refinance"", ""salted_token"": ""re­finance"", ""start"": 178, ""end"": 187, ""salt_mode"": ""single"", ""fragment_max_positions"": null}, {""original_token"": ""Mortgage"", ""salted_token"": ""Mo­rtgage"", ""start"": 263, ""end"": 271, ""salt_mode"": ""single"", ""fragment_max_positions"": null}]"
01167.2ac57a0189fa2b8713202b84e587b707,01167__salted__strict__cp200B__single.2ac57a0189fa2b8713202b84e587b707,strict,200B,single,,1,0,False,"[{""original_token"": ""Postal"", ""salted_token"": ""Po​stal"", ""start"": 0, ""end"": 6, ""salt_mode"": ""single"", ""fragment_max_positions"": null}]",[]
01167.2ac57a0189fa2b8713202b84e587b707,01167__salted__strict__cp200C__single.2ac57a0189fa2b8713202b84e587b707,strict,200C,single,,1,0,False,"[{""original_token"": ""Postal"", ""salted_token"": ""Po‌stal"", ""start"": 0, ""end"": 6, ""salt_mode"": ""single"", ""fragment_max_positions"": null}]",[]
01167.2ac57a0189fa2b8713202b84e587b707,01167__salted__strict__cp200D__single.2ac57a0189fa2b8713202b84e587b707,strict,200D,single,,1,0,False,"[{""original_token"": ""Postal"", ""salted_token"": ""Po‍stal"", ""start"": 0, ""end"": 6, ""salt_mode"": ""single"", ""fragment_max_positions"": null}]",[]
01167.2ac57a0189fa2b8713202b84e587b707,01167__salted__strict__cp00AD__single.2ac57a0189fa2b8713202b84e587b707,strict,00AD,single,,1,0,False,"[{""original_token"": ""Postal"", ""salted_token"": ""Po­stal"", ""start"": 0, ""end"": 6, ""salt_mode"": ""single"", ""fragment_max_positions"": null}]",[]
01169.4e5cf6c3e8863047dbba1bfca2ebab97,01169__salted__strict__cp200B__single.4e5cf6c3e8863047dbba1bfca2ebab97,strict,200B,single,,0,1,True,[],"[{""original_token"": ""GUARANTEED"", ""salted_token"": ""GU​ARANTEED"", ""start"": 633, ""end"": 643, ""salt_mode"": ""single"", ""fragment_max_positions"": null}]"
01169.4e5cf6c3e8863047dbba1bfca2ebab97,01169__salted__strict__cp200C__single.4e5cf6c3e8863047dbba1bfca2ebab97,strict,200C,single,,0,1,True,[],"[{""original_token"": ""GUARANTEED"", ""salted_token"": ""GU‌ARANTEED"", ""start"": 633, ""end"": 643, ""salt_mode"": ""single"", ""fragment_max_positions"": null}]"
01169.4e5cf6c3e8863047dbba1bfca2ebab97,01169__salted__strict__cp200D__single.4e5cf6c3e8863047dbba1bfca2ebab97,strict,200D,single,,0,1,True,[],"[{""original_token"": ""GUARANTEED"", ""salted_token"": ""GU‍ARANTEED"", ""start"": 633, ""end"": 643, ""salt_mode"": ""single"", ""fragment_max_positions"": null}]"
01169.4e5cf6c3e8863047dbba1bfca2ebab97,01169__salted__strict__cp00AD__single.4e5cf6c3e8863047dbba1bfca2ebab97,strict,00AD,single,,0,1,True,[],"[{""original_token"": ""GUARANTEED"", ""salted_token"": ""GU­ARANTEED"", ""start"": 633, ""end"": 643, ""salt_mode"": ""single"", ""fragment_max_positions"": null}]"
01203.f4c9144a594fb81ff323053fbd626a55,01203__salted__strict__cp200B__single.f4c9144a594fb81ff323053fbd626a55,strict,200B,single,,1,2,True,"[{""original_token"": ""GUARANTEED"", ""salted_token"": ""GU​ARANTEED"", ""start"": 47, ""end"": 57, ""salt_mode"": ""single"", ""fragment_max_positions"": null}]","[{""original_token"": ""mortgage"", ""salted_token"": ""mo​rtgage"", ""start"": 39, ""end"": 47, ""salt_mode"": ""single"", ""fragment_max_positions"": null}, {""original_token"": ""loans"", ""salted_token"": ""lo​ans"", ""start"": 802, ""end"": 807, ""salt_mode"": ""single"", ""fragment_max_positions"": null}]"
01203.f4c9144a594fb81ff323053fbd626a55,01203__salted__strict__cp200C__single.f4c9144a594fb81ff323053fbd626a55,strict,200C,single,,1,2,True,"[{""original_token"": ""GUARANTEED"", ""salted_token"": ""GU‌ARANTEED"", ""start"": 47, ""end"": 57, ""salt_mode"": ""single"", ""fragment_max_positions"": null}]","[{""original_token"": ""mortgage"", ""salted_token"": ""mo‌rtgage"", ""start"": 39, ""end"": 47, ""salt_mode"": ""single"", ""fragment_max_positions"": null}, {""original_token"": ""loans"", ""salted_token"": ""lo‌ans"", ""start"": 802, ""end"": 807, ""salt_mode"": ""single"", ""fragment_max_positions"": null}]"
01203.f4c9144a594fb81ff323053fbd626a55,01203__salted__strict__cp200D__single.f4c9144a594fb81ff323053fbd626a55,strict,200D,single,,1,2,True,"[{""original_token"": ""GUARANTEED"", ""salted_token"": ""GU‍ARANTEED"", ""start"": 47, ""end"": 57, ""salt_mode"": ""single"", ""fragment_max_positions"": null}]","[{""original_token"": ""mortgage"", ""salted_token"": ""mo‍rtgage"", ""start"": 39, ""end"": 47, ""salt_mode"": ""single"", ""fragment_max_positions"": null}, {""original_token"": ""loans"", ""salted_token"": ""lo‍ans"", ""start"": 802, ""end"": 807, ""salt_mode"": ""single"", ""fragment_max_positions"": null}]"
01203.f4c9144a594fb81ff323053fbd626a55,01203__salted__strict__cp00AD__single.f4c9144a594fb81ff323053fbd626a55,strict,00AD,single,,1,2,True,"[{""original_token"": ""GUARANTEED"", ""salted_token"": ""GU­ARANTEED"", ""start"": 47, ""end"": 57, ""salt_mode"": ""single"", ""fragment_max_positions"": null}]","[{""original_token"": ""mortgage"", ""salted_token"": ""mo­rtgage"", ""start"": 39, ""end"": 47, ""salt_mode"": ""single"", ""fragment_max_positions"": null}, {""original_token"": ""loans"", ""salted_token"": ""lo­ans"", ""start"": 802, ""end"": 807, ""salt_mode"": ""single"", ""fragment_max_positions"": null}]"
01216.e293653cab0c486ba135cf8fbe6700fc,01216__salted__strict__cp200B__single.e293653cab0c486ba135cf8fbe6700fc,strict,200B,single,,1,0,False,"[{""original_token"": ""HGH"", ""salted_token"": ""HG​H"", ""start"": 0, ""end"": 3, ""salt_mode"": ""single"", ""fragment_max_positions"": null}]",[]
01216.e293653cab0c486ba135cf8fbe6700fc,01216__salted__strict__cp200C__single.e293653cab0c486ba135cf8fbe6700fc,strict,200C,single,,1,0,False,"[{""original_token"": ""HGH"", ""salted_token"": ""HG‌H"", ""start"": 0, ""end"": 3, ""salt_mode"": ""single"", ""fragment_max_positions"": null}]",[]
01216.e293653cab0c486ba135cf8fbe6700fc,01216__salted__strict__cp200D__single.e293653cab0c486ba135cf8fbe6700fc,strict,200D,single,,1,0,False,"[{""original_token"": ""HGH"", ""salted_token"": ""HG‍H"", ""start"": 0, ""end"": 3, ""salt_mode"": ""single"", ""fragment_max_positions"": null}]",[]
01216.e293653cab0c486ba135cf8fbe6700fc,01216__salted__strict__cp00AD__single.e293653cab0c486ba135cf8fbe6700fc,strict,00AD,single,,1,0,False,"[{""original_token"": ""HGH"", ""salted_token"": ""HG­H"", ""start"": 0, ""end"": 3, ""salt_mode"": ""single"", ""fragment_max_positions"": null}]",[]
01230.0589bade8df0c343a49c6712f62dfca0,01230__salted__strict__cp200B__single.0589bade8df0c343a49c6712f62dfca0,strict,200B,single,,0,3,True,[],"[{""original_token"": ""Guaranteed"", ""salted_token"": ""Gu​aranteed"", ""start"": 124, ""end"": 134, ""salt_mode"": ""single"", ""fragment_max_positions"": null}, {""original_token"": ""Guaranteed"", ""salted_token"": ""Gu​aranteed"", ""start"": 423, ""end"": 433, ""salt_mode"": ""single"", ""fragment_max_positions"": null}, {""original_token"": ""guaranteed"", ""salted_token"": ""gu​aranteed"", ""start"": 998, ""end"": 1008, ""salt_mode"": ""single"", ""fragment_max_positions"": null}]"
01230.0589bade8df0c343a49c6712f62dfca0,01230__salted__strict__cp200C__single.0589bade8df0c343a49c6712f62dfca0,strict,200C,single,,0,3,True,[],"[{""original_token"": ""Guaranteed"", ""salted_token"": ""Gu‌aranteed"", ""start"": 124, ""end"": 134, ""salt_mode"": ""single"", ""fragment_max_positions"": null}, {""original_token"": ""Guaranteed"", ""salted_token"": ""Gu‌aranteed"", ""start"": 423, ""end"": 433, ""salt_mode"": ""single"", ""fragment_max_positions"": null}, {""original_token"": ""guaranteed"", ""salted_token"": ""gu‌aranteed"", ""start"": 998, ""end"": 1008, ""salt_mode"": ""single"", ""fragment_max_positions"": null}]"
01230.0589bade8df0c343a49c6712f62dfca0,01230__salted__strict__cp200D__single.0589bade8df0c343a49c6712f62dfca0,strict,200D,single,,0,3,True,[],"[{""original_token"": ""Guaranteed"", ""salted_token"": ""Gu‍aranteed"", ""start"": 124, ""end"": 134, ""salt_mode"": ""single"", ""fragment_max_positions"": null}, {""original_token"": ""Guaranteed"", ""salted_token"": ""Gu‍aranteed"", ""start"": 423, ""end"": 433, ""salt_mode"": ""single"", ""fragment_max_positions"": null}, {""original_token"": ""guaranteed"", ""salted_token"": ""gu‍aranteed"", ""start"": 998, ""end"": 1008, ""salt_mode"": ""single"", ""fragment_max_positions"": null}]"
01230.0589bade8df0c343a49c6712f62dfca0,01230__salted__strict__cp00AD__single.0589bade8df0c343a49c6712f62dfca0,strict,00AD,single,,0,3,True,[],"[{""original_token"": ""Guaranteed"", ""salted_token"": ""Gu­aranteed"", ""start"": 124, ""end"": 134, ""salt_mode"": ""single"", ""fragment_max_positions"": null}, {""original_token"": ""Guaranteed"", ""salted_token"": ""Gu­aranteed"", ""start"": 423, ""end"": 433, ""salt_mode"": ""single"", ""fragment_max_positions"": null}, {""original_token"": ""guaranteed"", ""salted_token"": ""gu­aranteed"", ""start"": 998, ""end"": 1008, ""salt_mode"": ""single"", ""fragment_max_positions"": null}]"
01236.903d52340bf3ed1a328b039bcd94e1c9,01236__salted__strict__cp200B__single.903d52340bf3ed1a328b039bcd94e1c9,strict,200B,single,,1,0,False,"[{""original_token"": ""cartridges"", ""salted_token"": ""ca​rtridges"", ""start"": 18, ""end"": 28, ""salt_mode"": ""single"", ""fragment_max_positions"": null}]",[]
01236.903d52340bf3ed1a328b039bcd94e1c9,01236__salted__strict__cp200C__single.903d52340bf3ed1a328b039bcd94e1c9,strict,200C,single,,1,0,False,"[{""original_token"": ""cartridges"", ""salted_token"": ""ca‌rtridges"", ""start"": 18, ""end"": 28, ""salt_mode"": ""single"", ""fragment_max_positions"": null}]",[]
01236.903d52340bf3ed1a328b039bcd94e1c9,01236__salted__strict__cp200D__single.903d52340bf3ed1a328b039bcd94e1c9,strict,200D,single,,1,0,False,"[{""original_token"": ""cartridges"", ""salted_token"": ""ca‍rtridges"", ""start"": 18, ""end"": 28, ""salt_mode"": ""single"", ""fragment_max_positions"": null}]",[]
01236.903d52340bf3ed1a328b039bcd94e1c9,01236__salted__strict__cp00AD__single.903d52340bf3ed1a328b039bcd94e1c9,strict,00AD,single,,1,0,False,"[{""original_token"": ""cartridges"", ""salted_token"": ""ca­rtridges"", ""start"": 18, ""end"": 28, ""salt_mode"": ""single"", ""fragment_max_positions"": null}]",[]
01240.7d6ae3682a3dd3fe457516b188eb105c,01240__salted__strict__cp200B__single.7d6ae3682a3dd3fe457516b188eb105c,strict,200B,single,,1,1,True,"[{""original_token"": ""assistance"", ""salted_token"": ""as​sistance"", ""start"": 19, ""end"": 29, ""salt_mode"": ""single"", ""fragment_max_positions"": null}]","[{""original_token"": ""NIGERIA"", ""salted_token"": ""NI​GERIA"", ""start"": 162, ""end"": 169, ""salt_mode"": ""single"", ""fragment_max_positions"": null}]"
01240.7d6ae3682a3dd3fe457516b188eb105c,01240__salted__strict__cp200C__single.7d6ae3682a3dd3fe457516b188eb105c,strict,200C,single,,1,1,True,"[{""original_token"": ""assistance"", ""salted_token"": ""as‌sistance"", ""start"": 19, ""end"": 29, ""salt_mode"": ""single"", ""fragment_max_positions"": null}]","[{""original_token"": ""NIGERIA"", ""salted_token"": ""NI‌GERIA"", ""start"": 162, ""end"": 169, ""salt_mode"": ""single"", ""fragment_max_positions"": null}]"
01240.7d6ae3682a3dd3fe457516b188eb105c,01240__salted__strict__cp200D__single.7d6ae3682a3dd3fe457516b188eb105c,strict,200D,single,,1,1,True,"[{""original_token"": ""assistance"", ""salted_token"": ""as‍sistance"", ""start"": 19, ""end"": 29, ""salt_mode"": ""single"", ""fragment_max_positions"": null}]","[{""original_token"": ""NIGERIA"", ""salted_token"": ""NI‍GERIA"", ""start"": 162, ""end"": 169, ""salt_mode"": ""single"", ""fragment_max_positions"": null}]"
01240.7d6ae3682a3dd3fe457516b188eb105c,01240__salted__strict__cp00AD__single.7d6ae3682a3dd3fe457516b188eb105c,strict,00AD,single,,1,1,True,"[{""original_token"": ""assistance"", ""salted_token"": ""as­sistance"", ""start"": 19, ""end"": 29, ""salt_mode"": ""single"", ""fragment_max_positions"": null}]","[{""original_token"": ""NIGERIA"", ""salted_token"": ""NI­GERIA"", ""start"": 162, ""end"": 169, ""salt_mode"": ""single"", ""fragment_max_positions"": null}]"
01242.3743099b115c6a8a273d8eca34a9c738,01242__salted__strict__cp200B__single.3743099b115c6a8a273d8eca34a9c738,strict,200B,single,,1,0,False,"[{""original_token"": ""Cartridges"", ""salted_token"": ""Ca​rtridges"", ""start"": 53, ""end"": 63, ""salt_mode"": ""single"", ""fragment_max_positions"": null}]",[]
01242.3743099b115c6a8a273d8eca34a9c738,01242__salted__strict__cp200C__single.3743099b115c6a8a273d8eca34a9c738,strict,200C,single,,1,0,False,"[{""original_token"": ""Cartridges"", ""salted_token"": ""Ca‌rtridges"", ""start"": 53, ""end"": 63, ""salt_mode"": ""single"", ""fragment_max_positions"": null}]",[]
01242.3743099b115c6a8a273d8eca34a9c738,01242__salted__strict__cp200D__single.3743099b115c6a8a273d8eca34a9c738,strict,200D,single,,1,0,False,"[{""original_token"": ""Cartridges"", ""salted_token"": ""Ca‍rtridges"", ""start"": 53, ""end"": 63, ""salt_mode"": ""single"", ""fragment_max_positions"": null}]",[]
01242.3743099b115c6a8a273d8eca34a9c738,01242__salted__strict__cp00AD__single.3743099b115c6a8a273d8eca34a9c738,strict,00AD,single,,1,0,False,"[{""original_token"": ""Cartridges"", ""salted_token"": ""Ca­rtridges"", ""start"": 53, ""end"": 63, ""salt_mode"": ""single"", ""fragment_max_positions"": null}]",[]
01250.2bfc033f9ced1c70e480ec75b0094431,01250__salted__strict__cp200B__single.2bfc033f9ced1c70e480ec75b0094431,strict,200B,single,,0,1,True,[],"[{""original_token"": ""mailings"", ""salted_token"": ""ma​ilings"", ""start"": 699, ""end"": 707, ""salt_mode"": ""single"", ""fragment_max_positions"": null}]"
01250.2bfc033f9ced1c70e480ec75b0094431,01250__salted__strict__cp200C__single.2bfc033f9ced1c70e480ec75b0094431,strict,200C,single,,0,1,True,[],"[{""original_token"": ""mailings"", ""salted_token"": ""ma‌ilings"", ""start"": 699, ""end"": 707, ""salt_mode"": ""single"", ""fragment_max_positions"": null}]"
01250.2bfc033f9ced1c70e480ec75b0094431,01250__salted__strict__cp200D__single.2bfc033f9ced1c70e480ec75b0094431,strict,200D,single,,0,1,True,[],"[{""original_token"": ""mailings"", ""salted_token"": ""ma‍ilings"", ""start"": 699, ""end"": 707, ""salt_mode"": ""single"", ""fragment_max_positions"": null}]"
01250.2bfc033f9ced1c70e480ec75b0094431,01250__salted__strict__cp00AD__single.2bfc033f9ced1c70e480ec75b0094431,strict,00AD,single,,0,1,True,[],"[{""original_token"": ""mailings"", ""salted_token"": ""ma­ilings"", ""start"": 699, ""end"": 707, ""salt_mode"": ""single"", ""fragment_max_positions"": null}]"
01253.26e421b9623002d636c29f79f68a58fb,01253__salted__strict__cp200B__single.26e421b9623002d636c29f79f68a58fb,strict,200B,single,,1,0,False,"[{""original_token"": ""cartridges"", ""salted_token"": ""ca​rtridges"", ""start"": 18, ""end"": 28, ""salt_mode"": ""single"", ""fragment_max_positions"": null}]",[]
01253.26e421b9623002d636c29f79f68a58fb,01253__salted__strict__cp200C__single.26e421b9623002d636c29f79f68a58fb,strict,200C,single,,1,0,False,"[{""original_token"": ""cartridges"", ""salted_token"": ""ca‌rtridges"", ""start"": 18, ""end"": 28, ""salt_mode"": ""single"", ""fragment_max_positions"": null}]",[]
01253.26e421b9623002d636c29f79f68a58fb,01253__salted__strict__cp200D__single.26e421b9623002d636c29f79f68a58fb,strict,200D,single,,1,0,False,"[{""original_token"": ""cartridges"", ""salted_token"": ""ca‍rtridges"", ""start"": 18, ""end"": 28, ""salt_mode"": ""single"", ""fragment_max_positions"": null}]",[]
01253.26e421b9623002d636c29f79f68a58fb,01253__salted__strict__cp00AD__single.26e421b9623002d636c29f79f68a58fb,strict,00AD,single,,1,0,False,"[{""original_token"": ""cartridges"", ""salted_token"": ""ca­rtridges"", ""start"": 18, ""end"": 28, ""salt_mode"": ""single"", ""fragment_max_positions"": null}]",[]
01255.e04eae4539f81463a930dfe44ebd6af8,01255__salted__strict__cp200B__single.e04eae4539f81463a930dfe44ebd6af8,strict,200B,single,,1,0,False,"[{""original_token"": ""HGH"", ""salted_token"": ""HG​H"", ""start"": 27, ""end"": 30, ""salt_mode"": ""single"", ""fragment_max_positions"": null}]",[]
01255.e04eae4539f81463a930dfe44ebd6af8,01255__salted__strict__cp200C__single.e04eae4539f81463a930dfe44ebd6af8,strict,200C,single,,1,0,False,"[{""original_token"": ""HGH"", ""salted_token"": ""HG‌H"", ""start"": 27, ""end"": 30, ""salt_mode"": ""single"", ""fragment_max_positions"": null}]",[]
01255.e04eae4539f81463a930dfe44ebd6af8,01255__salted__strict__cp200D__single.e04eae4539f81463a930dfe44ebd6af8,strict,200D,single,,1,0,False,"[{""original_token"": ""HGH"", ""salted_token"": ""HG‍H"", ""start"": 27, ""end"": 30, ""salt_mode"": ""single"", ""fragment_max_positions"": null}]",[]
01255.e04eae4539f81463a930dfe44ebd6af8,01255__salted__strict__cp00AD__single.e04eae4539f81463a930dfe44ebd6af8,strict,00AD,single,,1,0,False,"[{""original_token"": ""HGH"", ""salted_token"": ""HG­H"", ""start"": 27, ""end"": 30, ""salt_mode"": ""single"", ""fragment_max_positions"": null}]",[]
01259.b4dff1ed93bc931b271888cd42e41b85,01259__salted__strict__cp200B__single.b4dff1ed93bc931b271888cd42e41b85,strict,200B,single,,0,3,True,[],"[{""original_token"": ""attained"", ""salted_token"": ""at​tained"", ""start"": 5297, ""end"": 5305, ""salt_mode"": ""single"", ""fragment_max_positions"": null}, {""original_token"": ""Wholesale"", ""salted_token"": ""Wh​olesale"", ""start"": 7560, ""end"": 7569, ""salt_mode"": ""single"", ""fragment_max_positions"": null}, {""original_token"": ""herbal"", ""salted_token"": ""he​rbal"", ""start"": 7705, ""end"": 7711, ""salt_mode"": ""single"", ""fragment_max_positions"": null}]"
01259.b4dff1ed93bc931b271888cd42e41b85,01259__salted__strict__cp200C__single.b4dff1ed93bc931b271888cd42e41b85,strict,200C,single,,0,3,True,[],"[{""original_token"": ""attained"", ""salted_token"": ""at‌tained"", ""start"": 5297, ""end"": 5305, ""salt_mode"": ""single"", ""fragment_max_positions"": null}, {""original_token"": ""Wholesale"", ""salted_token"": ""Wh‌olesale"", ""start"": 7560, ""end"": 7569, ""salt_mode"": ""single"", ""fragment_max_positions"": null}, {""original_token"": ""herbal"", ""salted_token"": ""he‌rbal"", ""start"": 7705, ""end"": 7711, ""salt_mode"": ""single"", ""fragment_max_positions"": null}]"
01259.b4dff1ed93bc931b271888cd42e41b85,01259__salted__strict__cp200D__single.b4dff1ed93bc931b271888cd42e41b85,strict,200D,single,,0,3,True,[],"[{""original_token"": ""attained"", ""salted_token"": ""at‍tained"", ""start"": 5297, ""end"": 5305, ""salt_mode"": ""single"", ""fragment_max_positions"": null}, {""original_token"": ""Wholesale"", ""salted_token"": ""Wh‍olesale"", ""start"": 7560, ""end"": 7569, ""salt_mode"": ""single"", ""fragment_max_positions"": null}, {""original_token"": ""herbal"", ""salted_token"": ""he‍rbal"", ""start"": 7705, ""end"": 7711, ""salt_mode"": ""single"", ""fragment_max_positions"": null}]"
01259.b4dff1ed93bc931b271888cd42e41b85,01259__salted__strict__cp00AD__single.b4dff1ed93bc931b271888cd42e41b85,strict,00AD,single,,0,3,True,[],"[{""original_token"": ""attained"", ""salted_token"": ""at­tained"", ""start"": 5297, ""end"": 5305, ""salt_mode"": ""single"", ""fragment_max_positions"": null}, {""original_token"": ""Wholesale"", ""salted_token"": ""Wh­olesale"", ""start"": 7560, ""end"": 7569, ""salt_mode"": ""single"", ""fragment_max_positions"": null}, {""original_token"": ""herbal"", ""salted_token"": ""he­rbal"", ""start"": 7705, ""end"": 7711, ""salt_mode"": ""single"", ""fragment_max_positions"": null}]"
01267.6e9de9ba20f59c26028ebdb4550685fb,01267__salted__strict__cp200B__single.6e9de9ba20f59c26028ebdb4550685fb,strict,200B,single,,1,0,False,"[{""original_token"": ""SYSTEMWORKS"", ""salted_token"": ""SY​STEMWORKS"", ""start"": 11, ""end"": 22, ""salt_mode"": ""single"", ""fragment_max_positions"": null}]",[]
01267.6e9de9ba20f59c26028ebdb4550685fb,01267__salted__strict__cp200C__single.6e9de9ba20f59c26028ebdb4550685fb,strict,200C,single,,1,0,False,"[{""original_token"": ""SYSTEMWORKS"", ""salted_token"": ""SY‌STEMWORKS"", ""start"": 11, ""end"": 22, ""salt_mode"": ""single"", ""fragment_max_positions"": null}]",[]
01267.6e9de9ba20f59c26028ebdb4550685fb,01267__salted__strict__cp200D__single.6e9de9ba20f59c26028ebdb4550685fb,strict,200D,single,,1,0,False,"[{""original_token"": ""SYSTEMWORKS"", ""salted_token"": ""SY‍STEMWORKS"", ""start"": 11, ""end"": 22, ""salt_mode"": ""single"", ""fragment_max_positions"": null}]",[]
01267.6e9de9ba20f59c26028ebdb4550685fb,01267__salted__strict__cp00AD__single.6e9de9ba20f59c26028ebdb4550685fb,strict,00AD,single,,1,0,False,"[{""original_token"": ""SYSTEMWORKS"", ""salted_token"": ""SY­STEMWORKS"", ""start"": 11, ""end"": 22, ""salt_mode"": ""single"", ""fragment_max_positions"": null}]",[]
01280.34dde162b3c6b2e873fc9f094d28b0fd,01280__salted__strict__cp200B__single.34dde162b3c6b2e873fc9f094d28b0fd,strict,200B,single,,0,2,True,[],"[{""original_token"": ""wholesale"", ""salted_token"": ""wh​olesale"", ""start"": 327, ""end"": 336, ""salt_mode"": ""single"", ""fragment_max_positions"": null}, {""original_token"": ""mailings"", ""salted_token"": ""ma​ilings"", ""start"": 1328, ""end"": 1336, ""salt_mode"": ""single"", ""fragment_max_positions"": null}]"
01280.34dde162b3c6b2e873fc9f094d28b0fd,01280__salted__strict__cp200C__single.34dde162b3c6b2e873fc9f094d28b0fd,strict,200C,single,,0,2,True,[],"[{""original_token"": ""wholesale"", ""salted_token"": ""wh‌olesale"", ""start"": 327, ""end"": 336, ""salt_mode"": ""single"", ""fragment_max_positions"": null}, {""original_token"": ""mailings"", ""salted_token"": ""ma‌ilings"", ""start"": 1328, ""end"": 1336, ""salt_mode"": ""single"", ""fragment_max_positions"": null}]"
01280.34dde162b3c6b2e873fc9f094d28b0fd,01280__salted__strict__cp200D__single.34dde162b3c6b2e873fc9f094d28b0fd,strict,200D,single,,0,2,True,[],"[{""original_token"": ""wholesale"", ""salted_token"": ""wh‍olesale"", ""start"": 327, ""end"": 336, ""salt_mode"": ""single"", ""fragment_max_positions"": null}, {""original_token"": ""mailings"", ""salted_token"": ""ma‍ilings"", ""start"": 1328, ""end"": 1336, ""salt_mode"": ""single"", ""fragment_max_positions"": null}]"
01280.34dde162b3c6b2e873fc9f094d28b0fd,01280__salted__strict__cp00AD__single.34dde162b3c6b2e873fc9f094d28b0fd,strict,00AD,single,,0,2,True,[],"[{""original_token"": ""wholesale"", ""salted_token"": ""wh­olesale"", ""start"": 327, ""end"": 336, ""salt_mode"": ""single"", ""fragment_max_positions"": null}, {""original_token"": ""mailings"", ""salted_token"": ""ma­ilings"", ""start"": 1328, ""end"": 1336, ""salt_mode"": ""single"", ""fragment_max_positions"": null}]"
01308.c46f1215ccd8cedf162e0cf308b94dcd,01308__salted__strict__cp200B__single.c46f1215ccd8cedf162e0cf308b94dcd,strict,200B,single,,0,3,True,[],"[{""original_token"": ""ATTAINED"", ""salted_token"": ""AT​TAINED"", ""start"": 2172, ""end"": 2180, ""salt_mode"": ""single"", ""fragment_max_positions"": null}, {""original_token"": ""testimonials"", ""salted_token"": ""te​stimonials"", ""start"": 3234, ""end"": 3246, ""salt_mode"": ""single"", ""fragment_max_positions"": null}, {""original_token"": ""GUARANTEED"", ""salted_token"": ""GU​ARANTEED"", ""start"": 3673, ""end"": 3683, ""salt_mode"": ""single"", ""fragment_max_positions"": null}]"
01308.c46f1215ccd8cedf162e0cf308b94dcd,01308__salted__strict__cp200C__single.c46f1215ccd8cedf162e0cf308b94dcd,strict,200C,single,,0,3,True,[],"[{""original_token"": ""ATTAINED"", ""salted_token"": ""AT‌TAINED"", ""start"": 2172, ""end"": 2180, ""salt_mode"": ""single"", ""fragment_max_positions"": null}, {""original_token"": ""testimonials"", ""salted_token"": ""te‌stimonials"", ""start"": 3234, ""end"": 3246, ""salt_mode"": ""single"", ""fragment_max_positions"": null}, {""original_token"": ""GUARANTEED"", ""salted_token"": ""GU‌ARANTEED"", ""start"": 3673, ""end"": 3683, ""salt_mode"": ""single"", ""fragment_max_positions"": null}]"
01308.c46f1215ccd8cedf162e0cf308b94dcd,01308__salted__strict__cp200D__single.c46f1215ccd8cedf162e0cf308b94dcd,strict,200D,single,,0,3,True,[],"[{""original_token"": ""ATTAINED"", ""salted_token"": ""AT‍TAINED"", ""start"": 2172, ""end"": 2180, ""salt_mode"": ""single"", ""fragment_max_positions"": null}, {""original_token"": ""testimonials"", ""salted_token"": ""te‍stimonials"", ""start"": 3234, ""end"": 3246, ""salt_mode"": ""single"", ""fragment_max_positions"": null}, {""original_token"": ""GUARANTEED"", ""salted_token"": ""GU‍ARANTEED"", ""start"": 3673, ""end"": 3683, ""salt_mode"": ""single"", ""fragment_max_positions"": null}]"
01308.c46f1215ccd8cedf162e0cf308b94dcd,01308__salted__strict__cp00AD__single.c46f1215ccd8cedf162e0cf308b94dcd,strict,00AD,single,,0,3,True,[],"[{""original_token"": ""ATTAINED"", ""salted_token"": ""AT­TAINED"", ""start"": 2172, ""end"": 2180, ""salt_mode"": ""single"", ""fragment_max_positions"": null}, {""original_token"": ""testimonials"", ""salted_token"": ""te­stimonials"", ""start"": 3234, ""end"": 3246, ""salt_mode"": ""single"", ""fragment_max_positions"": null}, {""original_token"": ""GUARANTEED"", ""salted_token"": ""GU­ARANTEED"", ""start"": 3673, ""end"": 3683, ""salt_mode"": ""single"", ""fragment_max_positions"": null}]"
01311.43bfe86df65d53c5f7ca2365dc12582b,01311__salted__strict__cp200B__single.43bfe86df65d53c5f7ca2365dc12582b,strict,200B,single,,1,0,False,"[{""original_token"": ""mortgage"", ""salted_token"": ""mo​rtgage"", ""start"": 17, ""end"": 25, ""salt_mode"": ""single"", ""fragment_max_positions"": null}]",[]
01311.43bfe86df65d53c5f7ca2365dc12582b,01311__salted__strict__cp200C__single.43bfe86df65d53c5f7ca2365dc12582b,strict,200C,single,,1,0,False,"[{""original_token"": ""mortgage"", ""salted_token"": ""mo‌rtgage"", ""start"": 17, ""end"": 25, ""salt_mode"": ""single"", ""fragment_max_positions"": null}]",[]
01311.43bfe86df65d53c5f7ca2365dc12582b,01311__salted__strict__cp200D__single.43bfe86df65d53c5f7ca2365dc12582b,strict,200D,single,,1,0,False,"[{""original_token"": ""mortgage"", ""salted_token"": ""mo‍rtgage"", ""start"": 17, ""end"": 25, ""salt_mode"": ""single"", ""fragment_max_positions"": null}]",[]
01311.43bfe86df65d53c5f7ca2365dc12582b,01311__salted__strict__cp00AD__single.43bfe86df65d53c5f7ca2365dc12582b,strict,00AD,single,,1,0,False,"[{""original_token"": ""mortgage"", ""salted_token"": ""mo­rtgage"", ""start"": 17, ""end"": 25, ""salt_mode"": ""single"", ""fragment_max_positions"": null}]",[]
01335.ca70ab7f2d1accef8b3cf646e3004ef8,01335__salted__strict__cp200B__single.ca70ab7f2d1accef8b3cf646e3004ef8,strict,200B,single,,1,0,False,"[{""original_token"": ""mortgage"", ""salted_token"": ""mo​rtgage"", ""start"": 8, ""end"": 16, ""salt_mode"": ""single"", ""fragment_max_positions"": null}]",[]
01335.ca70ab7f2d1accef8b3cf646e3004ef8,01335__salted__strict__cp200C__single.ca70ab7f2d1accef8b3cf646e3004ef8,strict,200C,single,,1,0,False,"[{""original_token"": ""mortgage"", ""salted_token"": ""mo‌rtgage"", ""start"": 8, ""end"": 16, ""salt_mode"": ""single"", ""fragment_max_positions"": null}]",[]
01335.ca70ab7f2d1accef8b3cf646e3004ef8,01335__salted__strict__cp200D__single.ca70ab7f2d1accef8b3cf646e3004ef8,strict,200D,single,,1,0,False,"[{""original_token"": ""mortgage"", ""salted_token"": ""mo‍rtgage"", ""start"": 8, ""end"": 16, ""salt_mode"": ""single"", ""fragment_max_positions"": null}]",[]
01335.ca70ab7f2d1accef8b3cf646e3004ef8,01335__salted__strict__cp00AD__single.ca70ab7f2d1accef8b3cf646e3004ef8,strict,00AD,single,,1,0,False,"[{""original_token"": ""mortgage"", ""salted_token"": ""mo­rtgage"", ""start"": 8, ""end"": 16, ""salt_mode"": ""single"", ""fragment_max_positions"": null}]",[]
01339.d94a16532a6f42497266dcc327a40163,01339__salted__strict__cp200B__single.d94a16532a6f42497266dcc327a40163,strict,200B,single,,1,0,False,"[{""original_token"": ""mortgage"", ""salted_token"": ""mo​rtgage"", ""start"": 11, ""end"": 19, ""salt_mode"": ""single"", ""fragment_max_positions"": null}]",[]
01339.d94a16532a6f42497266dcc327a40163,01339__salted__strict__cp200C__single.d94a16532a6f42497266dcc327a40163,strict,200C,single,,1,0,False,"[{""original_token"": ""mortgage"", ""salted_token"": ""mo‌rtgage"", ""start"": 11, ""end"": 19, ""salt_mode"": ""single"", ""fragment_max_positions"": null}]",[]
01339.d94a16532a6f42497266dcc327a40163,01339__salted__strict__cp200D__single.d94a16532a6f42497266dcc327a40163,strict,200D,single,,1,0,False,"[{""original_token"": ""mortgage"", ""salted_token"": ""mo‍rtgage"", ""start"": 11, ""end"": 19, ""salt_mode"": ""single"", ""fragment_max_positions"": null}]",[]
01339.d94a16532a6f42497266dcc327a40163,01339__salted__strict__cp00AD__single.d94a16532a6f42497266dcc327a40163,strict,00AD,single,,1,0,False,"[{""original_token"": ""mortgage"", ""salted_token"": ""mo­rtgage"", ""start"": 11, ""end"": 19, ""salt_mode"": ""single"", ""fragment_max_positions"": null}]",[]
01342.7f89acf56fb4398340a0b07481e3193f,01342__salted__strict__cp200B__single.7f89acf56fb4398340a0b07481e3193f,strict,200B,single,,0,3,True,[],"[{""original_token"": ""Postal"", ""salted_token"": ""Po​stal"", ""start"": 3213, ""end"": 3219, ""salt_mode"": ""single"", ""fragment_max_positions"": null}, {""original_token"": ""MasterCard"", ""salted_token"": ""Ma​sterCard"", ""start"": 3283, ""end"": 3293, ""salt_mode"": ""single"", ""fragment_max_positions"": null}, {""original_token"": ""Postal"", ""salted_token"": ""Po​stal"", ""start"": 3733, ""end"": 3739, ""salt_mode"": ""single"", ""fragment_max_positions"": null}]"
01342.7f89acf56fb4398340a0b07481e3193f,01342__salted__strict__cp200C__single.7f89acf56fb4398340a0b07481e3193f,strict,200C,single,,0,3,True,[],"[{""original_token"": ""Postal"", ""salted_token"": ""Po‌stal"", ""start"": 3213, ""end"": 3219, ""salt_mode"": ""single"", ""fragment_max_positions"": null}, {""original_token"": ""MasterCard"", ""salted_token"": ""Ma‌sterCard"", ""start"": 3283, ""end"": 3293, ""salt_mode"": ""single"", ""fragment_max_positions"": null}, {""original_token"": ""Postal"", ""salted_token"": ""Po‌stal"", ""start"": 3733, ""end"": 3739, ""salt_mode"": ""single"", ""fragment_max_positions"": null}]"
01342.7f89acf56fb4398340a0b07481e3193f,01342__salted__strict__cp200D__single.7f89acf56fb4398340a0b07481e3193f,strict,200D,single,,0,3,True,[],"[{""original_token"": ""Postal"", ""salted_token"": ""Po‍stal"", ""start"": 3213, ""end"": 3219, ""salt_mode"": ""single"", ""fragment_max_positions"": null}, {""original_token"": ""MasterCard"", ""salted_token"": ""Ma‍sterCard"", ""start"": 3283, ""end"": 3293, ""salt_mode"": ""single"", ""fragment_max_positions"": null}, {""original_token"": ""Postal"", ""salted_token"": ""Po‍stal"", ""start"": 3733, ""end"": 3739, ""salt_mode"": ""single"", ""fragment_max_positions"": null}]"
01342.7f89acf56fb4398340a0b07481e3193f,01342__salted__strict__cp00AD__single.7f89acf56fb4398340a0b07481e3193f,strict,00AD,single,,0,3,True,[],"[{""original_token"": ""Postal"", ""salted_token"": ""Po­stal"", ""start"": 3213, ""end"": 3219, ""salt_mode"": ""single"", ""fragment_max_positions"": null}, {""original_token"": ""MasterCard"", ""salted_token"": ""Ma­sterCard"", ""start"": 3283, ""end"": 3293, ""salt_mode"": ""single"", ""fragment_max_positions"": null}, {""original_token"": ""Postal"", ""salted_token"": ""Po­stal"", ""start"": 3733, ""end"": 3739, ""salt_mode"": ""single"", ""fragment_max_positions"": null}]"
01355.a47c042a6e16456c5b49c18d5b3868cb,01355__salted__strict__cp200B__single.a47c042a6e16456c5b49c18d5b3868cb,strict,200B,single,,0,1,True,[],"[{""original_token"": ""mailings"", ""salted_token"": ""ma​ilings"", ""start"": 1521, ""end"": 1529, ""salt_mode"": ""single"", ""fragment_max_positions"": null}]"
01355.a47c042a6e16456c5b49c18d5b3868cb,01355__salted__strict__cp200C__single.a47c042a6e16456c5b49c18d5b3868cb,strict,200C,single,,0,1,True,[],"[{""original_token"": ""mailings"", ""salted_token"": ""ma‌ilings"", ""start"": 1521, ""end"": 1529, ""salt_mode"": ""single"", ""fragment_max_positions"": null}]"
01355.a47c042a6e16456c5b49c18d5b3868cb,01355__salted__strict__cp200D__single.a47c042a6e16456c5b49c18d5b3868cb,strict,200D,single,,0,1,True,[],"[{""original_token"": ""mailings"", ""salted_token"": ""ma‍ilings"", ""start"": 1521, ""end"": 1529, ""salt_mode"": ""single"", ""fragment_max_positions"": null}]"
01355.a47c042a6e16456c5b49c18d5b3868cb,01355__salted__strict__cp00AD__single.a47c042a6e16456c5b49c18d5b3868cb,strict,00AD,single,,0,1,True,[],"[{""original_token"": ""mailings"", ""salted_token"": ""ma­ilings"", ""start"": 1521, ""end"": 1529, ""salt_mode"": ""single"", ""fragment_max_positions"": null}]"
01363.85518bca7c7cb9f35e57f3adda762ac9,01363__salted__strict__cp200B__single.85518bca7c7cb9f35e57f3adda762ac9,strict,200B,single,,0,1,True,[],"[{""original_token"": ""promotion"", ""salted_token"": ""pr​omotion"", ""start"": 22, ""end"": 31, ""salt_mode"": ""single"", ""fragment_max_positions"": null}]"
01363.85518bca7c7cb9f35e57f3adda762ac9,01363__salted__strict__cp200C__single.85518bca7c7cb9f35e57f3adda762ac9,strict,200C,single,,0,1,True,[],"[{""original_token"": ""promotion"", ""salted_token"": ""pr‌omotion"", ""start"": 22, ""end"": 31, ""salt_mode"": ""single"", ""fragment_max_positions"": null}]"
01363.85518bca7c7cb9f35e57f3adda762ac9,01363__salted__strict__cp200D__single.85518bca7c7cb9f35e57f3adda762ac9,strict,200D,single,,0,1,True,[],"[{""original_token"": ""promotion"", ""salted_token"": ""pr‍omotion"", ""start"": 22, ""end"": 31, ""salt_mode"": ""single"", ""fragment_max_positions"": null}]"
01363.85518bca7c7cb9f35e57f3adda762ac9,01363__salted__strict__cp00AD__single.85518bca7c7cb9f35e57f3adda762ac9,strict,00AD,single,,0,1,True,[],"[{""original_token"": ""promotion"", ""salted_token"": ""pr­omotion"", ""start"": 22, ""end"": 31, ""salt_mode"": ""single"", ""fragment_max_positions"": null}]"
01372.5d236077d94148a0ca71751f8f0a2e58,01372__salted__strict__cp200B__single.5d236077d94148a0ca71751f8f0a2e58,strict,200B,single,,1,0,False,"[{""original_token"": ""Herbal"", ""salted_token"": ""He​rbal"", ""start"": 0, ""end"": 6, ""salt_mode"": ""single"", ""fragment_max_positions"": null}]",[]
01372.5d236077d94148a0ca71751f8f0a2e58,01372__salted__strict__cp200C__single.5d236077d94148a0ca71751f8f0a2e58,strict,200C,single,,1,0,False,"[{""original_token"": ""Herbal"", ""salted_token"": ""He‌rbal"", ""start"": 0, ""end"": 6, ""salt_mode"": ""single"", ""fragment_max_positions"": null}]",[]
01372.5d236077d94148a0ca71751f8f0a2e58,01372__salted__strict__cp200D__single.5d236077d94148a0ca71751f8f0a2e58,strict,200D,single,,1,0,False,"[{""original_token"": ""Herbal"", ""salted_token"": ""He‍rbal"", ""start"": 0, ""end"": 6, ""salt_mode"": ""single"", ""fragment_max_positions"": null}]",[]
01372.5d236077d94148a0ca71751f8f0a2e58,01372__salted__strict__cp00AD__single.5d236077d94148a0ca71751f8f0a2e58,strict,00AD,single,,1,0,False,"[{""original_token"": ""Herbal"", ""salted_token"": ""He­rbal"", ""start"": 0, ""end"": 6, ""salt_mode"": ""single"", ""fragment_max_positions"": null}]",[]
01382.37400f7a1f36cd45165c2a72a9ec8baa,01382__salted__strict__cp200B__single.37400f7a1f36cd45165c2a72a9ec8baa,strict,200B,single,,0,3,True,[],"[{""original_token"": ""earn"", ""salted_token"": ""ea​rn"", ""start"": 128, ""end"": 132, ""salt_mode"": ""single"", ""fragment_max_positions"": null}, {""original_token"": ""promotion"", ""salted_token"": ""pr​omotion"", ""start"": 791, ""end"": 800, ""salt_mode"": ""single"", ""fragment_max_positions"": null}, {""original_token"": ""Confidentiality"", ""salted_token"": ""Co​nfidentiality"", ""start"": 1541, ""end"": 1556, ""salt_mode"": ""single"", ""fragment_max_positions"": null}]"
01382.37400f7a1f36cd45165c2a72a9ec8baa,01382__salted__strict__cp200C__single.37400f7a1f36cd45165c2a72a9ec8baa,strict,200C,single,,0,3,True,[],"[{""original_token"": ""earn"", ""salted_token"": ""ea‌rn"", ""start"": 128, ""end"": 132, ""salt_mode"": ""single"", ""fragment_max_positions"": null}, {""original_token"": ""promotion"", ""salted_token"": ""pr‌omotion"", ""start"": 791, ""end"": 800, ""salt_mode"": ""single"", ""fragment_max_positions"": null}, {""original_token"": ""Confidentiality"", ""salted_token"": ""Co‌nfidentiality"", ""start"": 1541, ""end"": 1556, ""salt_mode"": ""single"", ""fragment_max_positions"": null}]"
01382.37400f7a1f36cd45165c2a72a9ec8baa,01382__salted__strict__cp200D__single.37400f7a1f36cd45165c2a72a9ec8baa,strict,200D,single,,0,3,True,[],"[{""original_token"": ""earn"", ""salted_token"": ""ea‍rn"", ""start"": 128, ""end"": 132, ""salt_mode"": ""single"", ""fragment_max_positions"": null}, {""original_token"": ""promotion"", ""salted_token"": ""pr‍omotion"", ""start"": 791, ""end"": 800, ""salt_mode"": ""single"", ""fragment_max_positions"": null}, {""original_token"": ""Confidentiality"", ""salted_token"": ""Co‍nfidentiality"", ""start"": 1541, ""end"": 1556, ""salt_mode"": ""single"", ""fragment_max_positions"": null}]"
01382.37400f7a1f36cd45165c2a72a9ec8baa,01382__salted__strict__cp00AD__single.37400f7a1f36cd45165c2a72a9ec8baa,strict,00AD,single,,0,3,True,[],"[{""original_token"": ""earn"", ""salted_token"": ""ea­rn"", ""start"": 128, ""end"": 132, ""salt_mode"": ""single"", ""fragment_max_positions"": null}, {""original_token"": ""promotion"", ""salted_token"": ""pr­omotion"", ""start"": 791, ""end"": 800, ""salt_mode"": ""single"", ""fragment_max_positions"": null}, {""original_token"": ""Confidentiality"", ""salted_token"": ""Co­nfidentiality"", ""start"": 1541, ""end"": 1556, ""salt_mode"": ""single"", ""fragment_max_positions"": null}]"
01395.cb33d1d72f42e4ab9268729917bf428b,01395__salted__strict__cp200B__single.cb33d1d72f42e4ab9268729917bf428b,strict,200B,single,,1,0,False,"[{""original_token"": ""ADV"", ""salted_token"": ""AD​V"", ""start"": 0, ""end"": 3, ""salt_mode"": ""single"", ""fragment_max_positions"": null}]",[]
01395.cb33d1d72f42e4ab9268729917bf428b,01395__salted__strict__cp200C__single.cb33d1d72f42e4ab9268729917bf428b,strict,200C,single,,1,0,False,"[{""original_token"": ""ADV"", ""salted_token"": ""AD‌V"", ""start"": 0, ""end"": 3, ""salt_mode"": ""single"", ""fragment_max_positions"": null}]",[]
01395.cb33d1d72f42e4ab9268729917bf428b,01395__salted__strict__cp200D__single.cb33d1d72f42e4ab9268729917bf428b,strict,200D,single,,1,0,False,"[{""original_token"": ""ADV"", ""salted_token"": ""AD‍V"", ""start"": 0, ""end"": 3, ""salt_mode"": ""single"", ""fragment_max_positions"": null}]",[]
01395.cb33d1d72f42e4ab9268729917bf428b,01395__salted__strict__cp00AD__single.cb33d1d72f42e4ab9268729917bf428b,strict,00AD,single,,1,0,False,"[{""original_token"": ""ADV"", ""salted_token"": ""AD­V"", ""start"": 0, ""end"": 3, ""salt_mode"": ""single"", ""fragment_max_positions"": null}]",[]
