message_id,variant_filename,vocab_type,codepoint,salt_mode,fragment_max_positions,subject_original_tokens,subject_salted_tokens,body_original_tokens,body_salted_tokens
00002.d94f1b97e48ed3b553b3508d116e6a09,00002__salted__strict__cp200B__fragment.d94f1b97e48ed3b553b3508d116e6a09,strict,200B,fragment,,Guaranteed,G​u​a​r​a​n​t​e​e​d,Guaranteed,G​u​a​r​a​n​t​e​e​d
00002.d94f1b97e48ed3b553b3508d116e6a09,00002__salted__strict__cp200C__fragment.d94f1b97e48ed3b553b3508d116e6a09,strict,200C,fragment,,Guaranteed,G‌u‌a‌r‌a‌n‌t‌e‌e‌d,Guaranteed,G‌u‌a‌r‌a‌n‌t‌e‌e‌d
00002.d94f1b97e48ed3b553b3508d116e6a09,00002__salted__strict__cp200D__fragment.d94f1b97e48ed3b553b3508d116e6a09,strict,200D,fragment,,Guaranteed,G‍u‍a‍r‍a‍n‍t‍e‍e‍d,Guaranteed,G‍u‍a‍r‍a‍n‍t‍e‍e‍d
00002.d94f1b97e48ed3b553b3508d116e6a09,00002__salted__strict__cp00AD__fragment.d94f1b97e48ed3b553b3508d116e6a09,strict,00AD,fragment,,Guaranteed,G­u­a­r­a­n­t­e­e­d,Guaranteed,G­u­a­r­a­n­t­e­e­d
00003.2ee33bc6eacdb11f38d052c44819ba6c,00003__salted__strict__cp200B__fragment.2ee33bc6eacdb11f38d052c44819ba6c,strict,200B,fragment,,Guaranteed,G​u​a​r​a​n​t​e​e​d,Guaranteed,G​u​a​r​a​n​t​e​e​d
00003.2ee33bc6eacdb11f38d052c44819ba6c,00003__salted__strict__cp200C__fragment.2ee33bc6eacdb11f38d052c44819ba6c,strict,200C,fragment,,Guaranteed,G‌u‌a‌r‌a‌n‌t‌e‌e‌d,Guaranteed,G‌u‌a‌r‌a‌n‌t‌e‌e‌d
00003.2ee33bc6eacdb11f38d052c44819ba6c,00003__salted__strict__cp200D__fragment.2ee33bc6eacdb11f38d052c44819ba6c,strict,200D,fragment,,Guaranteed,G‍u‍a‍r‍a‍n‍t‍e‍e‍d,Guaranteed,G‍u‍a‍r‍a‍n‍t‍e‍e‍d
00003.2ee33bc6eacdb11f38d052c44819ba6c,00003__salted__strict__cp00AD__fragment.2ee33bc6eacdb11f38d052c44819ba6c,strict,00AD,fragment,,Guaranteed,G­u­a­r­a­n­t­e­e­d,Guaranteed,G­u­a­r­a­n­t­e­e­d
00009.1e1a8cb4b57532ab38aa23287523659d,00009__salted__strict__cp200B__fragment.1e1a8cb4b57532ab38aa23287523659d,strict,200B,fragment,,,,"BENEFICIARY, ASSISTANCE","B​E​N​E​F​I​C​I​A​R​Y, A​S​S​I​S​T​A​N​C​E"
00009.1e1a8cb4b57532ab38aa23287523659d,00009__salted__strict__cp200C__fragment.1e1a8cb4b57532ab38aa23287523659d,strict,200C,fragment,,,,"BENEFICIARY, ASSISTANCE","B‌E‌N‌E‌F‌I‌C‌I‌A‌R‌Y, A‌S‌S‌I‌S‌T‌A‌N‌C‌E"
00009.1e1a8cb4b57532ab38aa23287523659d,00009__salted__strict__cp200D__fragment.1e1a8cb4b57532ab38aa23287523659d,strict,200D,fragment,,,,"BENEFICIARY, ASSISTANCE","B‍E‍N‍E‍F‍I‍C‍I‍A‍R‍Y, A‍S‍S‍I‍S‍T‍A‍N‍C‍E"
00009.1e1a8cb4b57532ab38aa23287523659d,00009__salted__strict__cp00AD__fragment.1e1a8cb4b57532ab38aa23287523659d,strict,00AD,fragment,,,,"BENEFICIARY, ASSISTANCE","B­E­N­E­F­I­C­I­A­R­Y, A­S­S­I­S­T­A­N­C­E"
00040.949a3d300eadb91d8745f1c1dab51133,00040__salted__strict__cp200B__fragment.949a3d300eadb91d8745f1c1dab51133,strict,200B,fragment,,,,"Madam, Promotion","M​a​d​a​m, P​r​o​m​o​t​i​o​n"
00040.949a3d300eadb91d8745f1c1dab51133,00040__salted__strict__cp200C__fragment.949a3d300eadb91d8745f1c1dab51133,strict,200C,fragment,,,,"Madam, Promotion","M‌a‌d‌a‌m, P‌r‌o‌m‌o‌t‌i‌o‌n"
00040.949a3d300eadb91d8745f1c1dab51133,00040__salted__strict__cp200D__fragment.949a3d300eadb91d8745f1c1dab51133,strict,200D,fragment,,,,"Madam, Promotion","M‍a‍d‍a‍m, P‍r‍o‍m‍o‍t‍i‍o‍n"
00040.949a3d300eadb91d8745f1c1dab51133,00040__salted__strict__cp00AD__fragment.949a3d300eadb91d8745f1c1dab51133,strict,00AD,fragment,,,,"Madam, Promotion","M­a­d­a­m, P­r­o­m­o­t­i­o­n"
00041.f1b3402799046db3c1f143a911dc085d,00041__salted__strict__cp200B__fragment.f1b3402799046db3c1f143a911dc085d,strict,200B,fragment,,,,"Madam, Promotion","M​a​d​a​m, P​r​o​m​o​t​i​o​n"
00041.f1b3402799046db3c1f143a911dc085d,00041__salted__strict__cp200C__fragment.f1b3402799046db3c1f143a911dc085d,strict,200C,fragment,,,,"Madam, Promotion","M‌a‌d‌a‌m, P‌r‌o‌m‌o‌t‌i‌o‌n"
00041.f1b3402799046db3c1f143a911dc085d,00041__salted__strict__cp200D__fragment.f1b3402799046db3c1f143a911dc085d,strict,200D,fragment,,,,"Madam, Promotion","M‍a‍d‍a‍m, P‍r‍o‍m‍o‍t‍i‍o‍n"
00041.f1b3402799046db3c1f143a911dc085d,00041__salted__strict__cp00AD__fragment.f1b3402799046db3c1f143a911dc085d,strict,00AD,fragment,,,,"Madam, Promotion","M­a­d­a­m, P­r­o­m­o­t­i­o­n"
00045.7282c2c4e009744f2f3450d370009235,00045__salted__strict__cp200B__fragment.7282c2c4e009744f2f3450d370009235,strict,200B,fragment,,,,Guaranteed,G​u​a​r​a​n​t​e​e​d
00045.7282c2c4e009744f2f3450d370009235,00045__salted__strict__cp200C__fragment.7282c2c4e009744f2f3450d370009235,strict,200C,fragment,,,,Guaranteed,G‌u‌a‌r‌a‌n‌t‌e‌e‌d
00045.7282c2c4e009744f2f3450d370009235,00045__salted__strict__cp200D__fragment.7282c2c4e009744f2f3450d370009235,strict,200D,fragment,,,,Guaranteed,G‍u‍a‍r‍a‍n‍t‍e‍e‍d
00045.7282c2c4e009744f2f3450d370009235,00045__salted__strict__cp00AD__fragment.7282c2c4e009744f2f3450d370009235,strict,00AD,fragment,,,,Guaranteed,G­u­a­r­a­n­t­e­e­d
00054.62863160db27f89df8c73275b6dae134,00054__salted__strict__cp200B__fragment.62863160db27f89df8c73275b6dae134,strict,200B,fragment,,ADV,A​D​V,,
00054.62863160db27f89df8c73275b6dae134,00054__salted__strict__cp200C__fragment.62863160db27f89df8c73275b6dae134,strict,200C,fragment,,ADV,A‌D‌V,,
00054.62863160db27f89df8c73275b6dae134,00054__salted__strict__cp200D__fragment.62863160db27f89df8c73275b6dae134,strict,200D,fragment,,ADV,A‍D‍V,,
00054.62863160db27f89df8c73275b6dae134,00054__salted__strict__cp00AD__fragment.62863160db27f89df8c73275b6dae134,strict,00AD,fragment,,ADV,A­D­V,,
00064.65b95365450ebe5eef61e7f1c60edc5e,00064__salted__strict__cp200B__fragment.65b95365450ebe5eef61e7f1c60edc5e,strict,200B,fragment,,,,Earn,E​a​r​n
00064.65b95365450ebe5eef61e7f1c60edc5e,00064__salted__strict__cp200C__fragment.65b95365450ebe5eef61e7f1c60edc5e,strict,200C,fragment,,,,Earn,E‌a‌r‌n
00064.65b95365450ebe5eef61e7f1c60edc5e,00064__salted__strict__cp200D__fragment.65b95365450ebe5eef61e7f1c60edc5e,strict,200D,fragment,,,,Earn,E‍a‍r‍n
00064.65b95365450ebe5eef61e7f1c60edc5e,00064__salted__strict__cp00AD__fragment.65b95365450ebe5eef61e7f1c60edc5e,strict,00AD,fragment,,,,Earn,E­a­r­n
00067.ec108870b01dc3ccb8fabc5def869ca5,00067__salted__strict__cp200B__fragment.ec108870b01dc3ccb8fabc5def869ca5,strict,200B,fragment,,SYSTEMWORKS,S​Y​S​T​E​M​W​O​R​K​S,,
00067.ec108870b01dc3ccb8fabc5def869ca5,00067__salted__strict__cp200C__fragment.ec108870b01dc3ccb8fabc5def869ca5,strict,200C,fragment,,SYSTEMWORKS,S‌Y‌S‌T‌E‌M‌W‌O‌R‌K‌S,,
00067.ec108870b01dc3ccb8fabc5def869ca5,00067__salted__strict__cp200D__fragment.ec108870b01dc3ccb8fabc5def869ca5,strict,200D,fragment,,SYSTEMWORKS,S‍Y‍S‍T‍E‍M‍W‍O‍R‍K‍S,,
00067.ec108870b01dc3ccb8fabc5def869ca5,00067__salted__strict__cp00AD__fragment.ec108870b01dc3ccb8fabc5def869ca5,strict,00AD,fragment,,SYSTEMWORKS,S­Y­S­T­E­M­W­O­R­K­S,,
00090.52630c4c07cd069c7bc7658c1a7a7253,00090__salted__strict__cp200B__fragment.52630c4c07cd069c7bc7658c1a7a7253,strict,200B,fragment,,,,"annuity, Earn, annuity","a​n​n​u​i​t​y, E​a​r​n, a​n​n​u​i​t​y"
00090.52630c4c07cd069c7bc7658c1a7a7253,00090__salted__strict__cp200C__fragment.52630c4c07cd069c7bc7658c1a7a7253,strict,200C,fragment,,,,"annuity, Earn, annuity","a‌n‌n‌u‌i‌t‌y, E‌a‌r‌n, a‌n‌n‌u‌i‌t‌y"
00090.52630c4c07cd069c7bc7658c1a7a7253,00090__salted__strict__cp200D__fragment.52630c4c07cd069c7bc7658c1a7a7253,strict,200D,fragment,,,,"annuity, Earn, annuity","a‍n‍n‍u‍i‍t‍y, E‍a‍r‍n, a‍n‍n‍u‍i‍t‍y"
00090.52630c4c07cd069c7bc7658c1a7a7253,00090__salted__strict__cp00AD__fragment.52630c4c07cd069c7bc7658c1a7a7253,strict,00AD,fragment,,,,"annuity, Earn, annuity","a­n­n­u­i­t­y, E­a­r­n, a­n­n­u­i­t­y"
00105.d8f25617befc5289aa4ed9602457050b,00105__salted__strict__cp200B__fragment.d8f25617befc5289aa4ed9602457050b,strict,200B,fragment,,Loans,L​o​a​n​s,,
00105.d8f25617befc5289aa4ed9602457050b,00105__salted__strict__cp200C__fragment.d8f25617befc5289aa4ed9602457050b,strict,200C,fragment,,Loans,L‌o‌a‌n‌s,,
00105.d8f25617befc5289aa4ed9602457050b,00105__salted__strict__cp200D__fragment.d8f25617befc5289aa4ed9602457050b,strict,200D,fragment,,Loans,L‍o‍a‍n‍s,,
00105.d8f25617befc5289aa4ed9602457050b,00105__salted__strict__cp00AD__fragment.d8f25617befc5289aa4ed9602457050b,strict,00AD,fragment,,Loans,L­o­a­n­s,,
00120.58579af867ff9a702cff23e7b8818a59,00120__salted__strict__cp200B__fragment.58579af867ff9a702cff23e7b8818a59,strict,200B,fragment,,,,Guaranteed,G​u​a​r​a​n​t​e​e​d
00120.58579af867ff9a702cff23e7b8818a59,00120__salted__strict__cp200C__fragment.58579af867ff9a702cff23e7b8818a59,strict,200C,fragment,,,,Guaranteed,G‌u‌a‌r‌a‌n‌t‌e‌e‌d
00120.58579af867ff9a702cff23e7b8818a59,00120__salted__strict__cp200D__fragment.58579af867ff9a702cff23e7b8818a59,strict,200D,fragment,,,,Guaranteed,G‍u‍a‍r‍a‍n‍t‍e‍e‍d
00120.58579af867ff9a702cff23e7b8818a59,00120__salted__strict__cp00AD__fragment.58579af867ff9a702cff23e7b8818a59,strict,00AD,fragment,,,,Guaranteed,G­u­a­r­a­n­t­e­e­d
00127.3500d109361b544b0937523adb763588,00127__salted__strict__cp200B__fragment.3500d109361b544b0937523adb763588,strict,200B,fragment,,,,"Guaranteed, herbal, GUARANTEED","G​u​a​r​a​n​t​e​e​d, h​e​r​b​a​l, G​U​A​R​A​N​T​E​E​D"
00127.3500d109361b544b0937523adb763588,00127__salted__strict__cp200C__fragment.3500d109361b544b0937523adb763588,strict,200C,fragment,,,,"Guaranteed, herbal, GUARANTEED","G‌u‌a‌r‌a‌n‌t‌e‌e‌d, h‌e‌r‌b‌a‌l, G‌U‌A‌R‌A‌N‌T‌E‌E‌D"
00127.3500d109361b544b0937523adb763588,00127__salted__strict__cp200D__fragment.3500d109361b544b0937523adb763588,strict,200D,fragment,,,,"Guaranteed, herbal, GUARANTEED","G‍u‍a‍r‍a‍n‍t‍e‍e‍d, h‍e‍r‍b‍a‍l, G‍U‍A‍R‍A‍N‍T‍E‍E‍D"
00127.3500d109361b544b0937523adb763588,00127__salted__strict__cp00AD__fragment.3500d109361b544b0937523adb763588,strict,00AD,fragment,,,,"Guaranteed, herbal, GUARANTEED","G­u­a­r­a­n­t­e­e­d, h­e­r­b­a­l, G­U­A­R­A­N­T­E­E­D"
00160.cec5f611ae665ff0add6c4928d47f2be,00160__salted__strict__cp200B__fragment.cec5f611ae665ff0add6c4928d47f2be,strict,200B,fragment,,HGH,H​G​H,"HGH, NBC, Oprah","H​G​H, N​B​C, O​p​r​a​h"
00160.cec5f611ae665ff0add6c4928d47f2be,00160__salted__strict__cp200C__fragment.cec5f611ae665ff0add6c4928d47f2be,strict,200C,fragment,,HGH,H‌G‌H,"HGH, NBC, Oprah","H‌G‌H, N‌B‌C, O‌p‌r‌a‌h"
00160.cec5f611ae665ff0add6c4928d47f2be,00160__salted__strict__cp200D__fragment.cec5f611ae665ff0add6c4928d47f2be,strict,200D,fragment,,HGH,H‍G‍H,"HGH, NBC, Oprah","H‍G‍H, N‍B‍C, O‍p‍r‍a‍h"
00160.cec5f611ae665ff0add6c4928d47f2be,00160__salted__strict__cp00AD__fragment.cec5f611ae665ff0add6c4928d47f2be,strict,00AD,fragment,,HGH,H­G­H,"HGH, NBC, Oprah","H­G­H, N­B­C, O­p­r­a­h"
00169.86268e75abd1bd4bda4d6c129681df34,00169__salted__strict__cp200B__fragment.86268e75abd1bd4bda4d6c129681df34,strict,200B,fragment,,,,"earn, mailings","e​a​r​n, m​a​i​l​i​n​g​s"
00169.86268e75abd1bd4bda4d6c129681df34,00169__salted__strict__cp200C__fragment.86268e75abd1bd4bda4d6c129681df34,strict,200C,fragment,,,,"earn, mailings","e‌a‌r‌n, m‌a‌i‌l‌i‌n‌g‌s"
00169.86268e75abd1bd4bda4d6c129681df34,00169__salted__strict__cp200D__fragment.86268e75abd1bd4bda4d6c129681df34,strict,200D,fragment,,,,"earn, mailings","e‍a‍r‍n, m‍a‍i‍l‍i‍n‍g‍s"
00169.86268e75abd1bd4bda4d6c129681df34,00169__salted__strict__cp00AD__fragment.86268e75abd1bd4bda4d6c129681df34,strict,00AD,fragment,,,,"earn, mailings","e­a­r­n, m­a­i­l­i­n­g­s"
00173.e10eb62e2c7808674c43d6a5e9e08a1c,00173__salted__strict__cp200B__fragment.e10eb62e2c7808674c43d6a5e9e08a1c,strict,200B,fragment,,HGH,H​G​H,,
00173.e10eb62e2c7808674c43d6a5e9e08a1c,00173__salted__strict__cp200C__fragment.e10eb62e2c7808674c43d6a5e9e08a1c,strict,200C,fragment,,HGH,H‌G‌H,,
00173.e10eb62e2c7808674c43d6a5e9e08a1c,00173__salted__strict__cp200D__fragment.e10eb62e2c7808674c43d6a5e9e08a1c,strict,200D,fragment,,HGH,H‍G‍H,,
00173.e10eb62e2c7808674c43d6a5e9e08a1c,00173__salted__strict__cp00AD__fragment.e10eb62e2c7808674c43d6a5e9e08a1c,strict,00AD,fragment,,HGH,H­G­H,,
00179.ef2f7cf60806a96b59f4477b025580ee,00179__salted__strict__cp200B__fragment.ef2f7cf60806a96b59f4477b025580ee,strict,200B,fragment,,,,"NIGERIA, NIGERIA, Nigeria","N​I​G​E​R​I​A, N​I​G​E​R​I​A, N​i​g​e​r​i​a"
00179.ef2f7cf60806a96b59f4477b025580ee,00179__salted__strict__cp200C__fragment.ef2f7cf60806a96b59f4477b025580ee,strict,200C,fragment,,,,"NIGERIA, NIGERIA, Nigeria","N‌I‌G‌E‌R‌I‌A, N‌I‌G‌E‌R‌I‌A, N‌i‌g‌e‌r‌i‌a"
00179.ef2f7cf60806a96b59f4477b025580ee,00179__salted__strict__cp200D__fragment.ef2f7cf60806a96b59f4477b025580ee,strict,200D,fragment,,,,"NIGERIA, NIGERIA, Nigeria","N‍I‍G‍E‍R‍I‍A, N‍I‍G‍E‍R‍I‍A, N‍i‍g‍e‍r‍i‍a"
00179.ef2f7cf60806a96b59f4477b025580ee,00179__salted__strict__cp00AD__fragment.ef2f7cf60806a96b59f4477b025580ee,strict,00AD,fragment,,,,"NIGERIA, NIGERIA, Nigeria","N­I­G­E­R­I­A, N­I­G­E­R­I­A, N­i­g­e­r­i­a"
00180.751cb63992e172566b3a296d970c425d,00180__salted__strict__cp200B__fragment.751cb63992e172566b3a296d970c425d,strict,200B,fragment,,,,promotion,p​r​o​m​o​t​i​o​n
00180.751cb63992e172566b3a296d970c425d,00180__salted__strict__cp200C__fragment.751cb63992e172566b3a296d970c425d,strict,200C,fragment,,,,promotion,p‌r‌o‌m‌o‌t‌i‌o‌n
00180.751cb63992e172566b3a296d970c425d,00180__salted__strict__cp200D__fragment.751cb63992e172566b3a296d970c425d,strict,200D,fragment,,,,promotion,p‍r‍o‍m‍o‍t‍i‍o‍n
00180.751cb63992e172566b3a296d970c425d,00180__salted__strict__cp00AD__fragment.751cb63992e172566b3a296d970c425d,strict,00AD,fragment,,,,promotion,p­r­o­m­o­t­i­o­n
00182.1b9ba0f95506a6f2bf256f40fad0687d,00182__salted__strict__cp200B__fragment.1b9ba0f95506a6f2bf256f40fad0687d,strict,200B,fragment,,,,"mailings, Postal, ATTAINED","m​a​i​l​i​n​g​s, P​o​s​t​a​l, A​T​T​A​I​N​E​D"
00182.1b9ba0f95506a6f2bf256f40fad0687d,00182__salted__strict__cp200C__fragment.1b9ba0f95506a6f2bf256f40fad0687d,strict,200C,fragment,,,,"mailings, Postal, ATTAINED","m‌a‌i‌l‌i‌n‌g‌s, P‌o‌s‌t‌a‌l, A‌T‌T‌A‌I‌N‌E‌D"
00182.1b9ba0f95506a6f2bf256f40fad0687d,00182__salted__strict__cp200D__fragment.1b9ba0f95506a6f2bf256f40fad0687d,strict,200D,fragment,,,,"mailings, Postal, ATTAINED","m‍a‍i‍l‍i‍n‍g‍s, P‍o‍s‍t‍a‍l, A‍T‍T‍A‍I‍N‍E‍D"
00182.1b9ba0f95506a6f2bf256f40fad0687d,00182__salted__strict__cp00AD__fragment.1b9ba0f95506a6f2bf256f40fad0687d,strict,00AD,fragment,,,,"mailings, Postal, ATTAINED","m­a­i­l­i­n­g­s, P­o­s­t­a­l, A­T­T­A­I­N­E­D"
00186.a66b4fc4ab114c9cb37e1a31d1ea1aeb,00186__salted__strict__cp200B__fragment.a66b4fc4ab114c9cb37e1a31d1ea1aeb,strict,200B,fragment,,,,mailings,m​a​i​l​i​n​g​s
00186.a66b4fc4ab114c9cb37e1a31d1ea1aeb,00186__salted__strict__cp200C__fragment.a66b4fc4ab114c9cb37e1a31d1ea1aeb,strict,200C,fragment,,,,mailings,m‌a‌i‌l‌i‌n‌g‌s
00186.a66b4fc4ab114c9cb37e1a31d1ea1aeb,00186__salted__strict__cp200D__fragment.a66b4fc4ab114c9cb37e1a31d1ea1aeb,strict,200D,fragment,,,,mailings,m‍a‍i‍l‍i‍n‍g‍s
00186.a66b4fc4ab114c9cb37e1a31d1ea1aeb,00186__salted__strict__cp00AD__fragment.a66b4fc4ab114c9cb37e1a31d1ea1aeb,strict,00AD,fragment,,,,mailings,m­a­i­l­i­n­g­s
00188.b12197b37ceb97fa0cd802566c1e08db,00188__salted__strict__cp200B__fragment.b12197b37ceb97fa0cd802566c1e08db,strict,200B,fragment,,,,"toll, promotion","t​o​l​l, p​r​o​m​o​t​i​o​n"
00188.b12197b37ceb97fa0cd802566c1e08db,00188__salted__strict__cp200C__fragment.b12197b37ceb97fa0cd802566c1e08db,strict,200C,fragment,,,,"toll, promotion","t‌o‌l‌l, p‌r‌o‌m‌o‌t‌i‌o‌n"
00188.b12197b37ceb97fa0cd802566c1e08db,00188__salted__strict__cp200D__fragment.b12197b37ceb97fa0cd802566c1e08db,strict,200D,fragment,,,,"toll, promotion","t‍o‍l‍l, p‍r‍o‍m‍o‍t‍i‍o‍n"
00188.b12197b37ceb97fa0cd802566c1e08db,00188__salted__strict__cp00AD__fragment.b12197b37ceb97fa0cd802566c1e08db,strict,00AD,fragment,,,,"toll, promotion","t­o­l­l, p­r­o­m­o­t­i­o­n"
00190.ee2ea200e7efa602221c6492f9d9d8c0,00190__salted__strict__cp200B__fragment.ee2ea200e7efa602221c6492f9d9d8c0,strict,200B,fragment,,,,"toll, promotion","t​o​l​l, p​r​o​m​o​t​i​o​n"
00190.ee2ea200e7efa602221c6492f9d9d8c0,00190__salted__strict__cp200C__fragment.ee2ea200e7efa602221c6492f9d9d8c0,strict,200C,fragment,,,,"toll, promotion","t‌o‌l‌l, p‌r‌o‌m‌o‌t‌i‌o‌n"
00190.ee2ea200e7efa602221c6492f9d9d8c0,00190__salted__strict__cp200D__fragment.ee2ea200e7efa602221c6492f9d9d8c0,strict,200D,fragment,,,,"toll, promotion","t‍o‍l‍l, p‍r‍o‍m‍o‍t‍i‍o‍n"
00190.ee2ea200e7efa602221c6492f9d9d8c0,00190__salted__strict__cp00AD__fragment.ee2ea200e7efa602221c6492f9d9d8c0,strict,00AD,fragment,,,,"toll, promotion","t­o­l­l, p­r­o­m­o­t­i­o­n"
00191.9ff80a41f015b7a6c409732e41c0df07,00191__salted__strict__cp200B__fragment.9ff80a41f015b7a6c409732e41c0df07,strict,200B,fragment,,,,promotion,p​r​o​m​o​t​i​o​n
00191.9ff80a41f015b7a6c409732e41c0df07,00191__salted__strict__cp200C__fragment.9ff80a41f015b7a6c409732e41c0df07,strict,200C,fragment,,,,promotion,p‌r‌o‌m‌o‌t‌i‌o‌n
00191.9ff80a41f015b7a6c409732e41c0df07,00191__salted__strict__cp200D__fragment.9ff80a41f015b7a6c409732e41c0df07,strict,200D,fragment,,,,promotion,p‍r‍o‍m‍o‍t‍i‍o‍n
00191.9ff80a41f015b7a6c409732e41c0df07,00191__salted__strict__cp00AD__fragment.9ff80a41f015b7a6c409732e41c0df07,strict,00AD,fragment,,,,promotion,p­r­o­m­o­t­i­o­n
00196.dd21040c7757d477c967ae71b537810e,00196__salted__strict__cp200B__fragment.dd21040c7757d477c967ae71b537810e,strict,200B,fragment,,SYSTEMWORKS,S​Y​S​T​E​M​W​O​R​K​S,,
00196.dd21040c7757d477c967ae71b537810e,00196__salted__strict__cp200C__fragment.dd21040c7757d477c967ae71b537810e,strict,200C,fragment,,SYSTEMWORKS,S‌Y‌S‌T‌E‌M‌W‌O‌R‌K‌S,,
00196.dd21040c7757d477c967ae71b537810e,00196__salted__strict__cp200D__fragment.dd21040c7757d477c967ae71b537810e,strict,200D,fragment,,SYSTEMWORKS,S‍Y‍S‍T‍E‍M‍W‍O‍R‍K‍S,,
00196.dd21040c7757d477c967ae71b537810e,00196__salted__strict__cp00AD__fragment.dd21040c7757d477c967ae71b537810e,strict,00AD,fragment,,SYSTEMWORKS,S­Y­S­T­E­M­W­O­R­K­S,,
00198.150ad975a44e356b479b88d8b57edc40,00198__salted__strict__cp200B__fragment.150ad975a44e356b479b88d8b57edc40,strict,200B,fragment,,,,toll,t​o​l​l
00198.150ad975a44e356b479b88d8b57edc40,00198__salted__strict__cp200C__fragment.150ad975a44e356b479b88d8b57edc40,strict,200C,fragment,,,,toll,t‌o‌l‌l
00198.150ad975a44e356b479b88d8b57edc40,00198__salted__strict__cp200D__fragment.150ad975a44e356b479b88d8b57edc40,strict,200D,fragment,,,,toll,t‍o‍l‍l
00198.150ad975a44e356b479b88d8b57edc40,00198__salted__strict__cp00AD__fragment.150ad975a44e356b479b88d8b57edc40,strict,00AD,fragment,,,,toll,t­o­l­l
00207.0b71ac81a360455c1514f5872564b1e1,00207__salted__strict__cp200B__fragment.0b71ac81a360455c1514f5872564b1e1,strict,200B,fragment,,,,Mailings,M​a​i​l​i​n​g​s
00207.0b71ac81a360455c1514f5872564b1e1,00207__salted__strict__cp200C__fragment.0b71ac81a360455c1514f5872564b1e1,strict,200C,fragment,,,,Mailings,M‌a‌i‌l‌i‌n‌g‌s
00207.0b71ac81a360455c1514f5872564b1e1,00207__salted__strict__cp200D__fragment.0b71ac81a360455c1514f5872564b1e1,strict,200D,fragment,,,,Mailings,M‍a‍i‍l‍i‍n‍g‍s
00207.0b71ac81a360455c1514f5872564b1e1,00207__salted__strict__cp00AD__fragment.0b71ac81a360455c1514f5872564b1e1,strict,00AD,fragment,,,,Mailings,M­a­i­l­i­n­g­s
00209.5276f967533f2ce0209c1eff631a86ff,00209__salted__strict__cp200B__fragment.5276f967533f2ce0209c1eff631a86ff,strict,200B,fragment,,,,mailings,m​a​i​l​i​n​g​s
00209.5276f967533f2ce0209c1eff631a86ff,00209__salted__strict__cp200C__fragment.5276f967533f2ce0209c1eff631a86ff,strict,200C,fragment,,,,mailings,m‌a‌i‌l‌i‌n‌g‌s
00209.5276f967533f2ce0209c1eff631a86ff,00209__salted__strict__cp200D__fragment.5276f967533f2ce0209c1eff631a86ff,strict,200D,fragment,,,,mailings,m‍a‍i‍l‍i‍n‍g‍s
00209.5276f967533f2ce0209c1eff631a86ff,00209__salted__strict__cp00AD__fragment.5276f967533f2ce0209c1eff631a86ff,strict,00AD,fragment,,,,mailings,m­a­i­l­i­n­g­s
00211.4a52fb081c7087c4a82402342751e755,00211__salted__strict__cp200B__fragment.4a52fb081c7087c4a82402342751e755,strict,200B,fragment,,ADV,A​D​V,toll,t​o​l​l
00211.4a52fb081c7087c4a82402342751e755,00211__salted__strict__cp200C__fragment.4a52fb081c7087c4a82402342751e755,strict,200C,fragment,,ADV,A‌D‌V,toll,t‌o‌l‌l
00211.4a52fb081c7087c4a82402342751e755,00211__salted__strict__cp200D__fragment.4a52fb081c7087c4a82402342751e755,strict,200D,fragment,,ADV,A‍D‍V,toll,t‍o‍l‍l
00211.4a52fb081c7087c4a82402342751e755,00211__salted__strict__cp00AD__fragment.4a52fb081c7087c4a82402342751e755,strict,00AD,fragment,,ADV,A­D­V,toll,t­o­l­l
00214.1367039e50dc6b7adb0f2aa8aba83216,00214__salted__strict__cp200B__fragment.1367039e50dc6b7adb0f2aa8aba83216,strict,200B,fragment,,Annuity,A​n​n​u​i​t​y,"annuity, Guaranteed, mailings","a​n​n​u​i​t​y, G​u​a​r​a​n​t​e​e​d, m​a​i​l​i​n​g​s"
00214.1367039e50dc6b7adb0f2aa8aba83216,00214__salted__strict__cp200C__fragment.1367039e50dc6b7adb0f2aa8aba83216,strict,200C,fragment,,Annuity,A‌n‌n‌u‌i‌t‌y,"annuity, Guaranteed, mailings","a‌n‌n‌u‌i‌t‌y, G‌u‌a‌r‌a‌n‌t‌e‌e‌d, m‌a‌i‌l‌i‌n‌g‌s"
00214.1367039e50dc6b7adb0f2aa8aba83216,00214__salted__strict__cp200D__fragment.1367039e50dc6b7adb0f2aa8aba83216,strict,200D,fragment,,Annuity,A‍n‍n‍u‍i‍t‍y,"annuity, Guaranteed, mailings","a‍n‍n‍u‍i‍t‍y, G‍u‍a‍r‍a‍n‍t‍e‍e‍d, m‍a‍i‍l‍i‍n‍g‍s"
00214.1367039e50dc6b7adb0f2aa8aba83216,00214__salted__strict__cp00AD__fragment.1367039e50dc6b7adb0f2aa8aba83216,strict,00AD,fragment,,Annuity,A­n­n­u­i­t­y,"annuity, Guaranteed, mailings","a­n­n­u­i­t­y, G­u­a­r­a­n­t­e­e­d, m­a­i­l­i­n­g­s"
00217.43b4ef3d9c56cf42be9c37b546a19e78,00217__salted__strict__cp200B__fragment.43b4ef3d9c56cf42be9c37b546a19e78,strict,200B,fragment,,MLM,M​L​M,,
00217.43b4ef3d9c56cf42be9c37b546a19e78,00217__salted__strict__cp200C__fragment.43b4ef3d9c56cf42be9c37b546a19e78,strict,200C,fragment,,MLM,M‌L‌M,,
00217.43b4ef3d9c56cf42be9c37b546a19e78,00217__salted__strict__cp200D__fragment.43b4ef3d9c56cf42be9c37b546a19e78,strict,200D,fragment,,MLM,M‍L‍M,,
00217.43b4ef3d9c56cf42be9c37b546a19e78,00217__salted__strict__cp00AD__fragment.43b4ef3d9c56cf42be9c37b546a19e78,strict,00AD,fragment,,MLM,M­L­M,,
00224.0654fe0af51e1dcefa0eb66eb932f55f,00224__salted__strict__cp200B__fragment.0654fe0af51e1dcefa0eb66eb932f55f,strict,200B,fragment,,ASSISTANCE,A​S​S​I​S​T​A​N​C​E,"assistance, assistance","a​s​s​i​s​t​a​n​c​e, a​s​s​i​s​t​a​n​c​e"
00224.0654fe0af51e1dcefa0eb66eb932f55f,00224__salted__strict__cp200C__fragment.0654fe0af51e1dcefa0eb66eb932f55f,strict,200C,fragment,,ASSISTANCE,A‌S‌S‌I‌S‌T‌A‌N‌C‌E,"assistance, assistance","a‌s‌s‌i‌s‌t‌a‌n‌c‌e, a‌s‌s‌i‌s‌t‌a‌n‌c‌e"
00224.0654fe0af51e1dcefa0eb66eb932f55f,00224__salted__strict__cp200D__fragment.0654fe0af51e1dcefa0eb66eb932f55f,strict,200D,fragment,,ASSISTANCE,A‍S‍S‍I‍S‍T‍A‍N‍C‍E,"assistance, assistance","a‍s‍s‍i‍s‍t‍a‍n‍c‍e, a‍s‍s‍i‍s‍t‍a‍n‍c‍e"
00224.0654fe0af51e1dcefa0eb66eb932f55f,00224__salted__strict__cp00AD__fragment.0654fe0af51e1dcefa0eb66eb932f55f,strict,00AD,fragment,,ASSISTANCE,A­S­S­I­S­T­A­N­C­E,"assistance, assistance","a­s­s­i­s­t­a­n­c­e, a­s­s­i­s­t­a­n­c­e"
00228.cf58326ab05a757c7e759acc8d6b360d,00228__salted__strict__cp200B__fragment.cf58326ab05a757c7e759acc8d6b360d,strict,200B,fragment,,,,"ASSISTANCE, assistance","A​S​S​I​S​T​A​N​C​E, a​s​s​i​s​t​a​n​c​e"
00228.cf58326ab05a757c7e759acc8d6b360d,00228__salted__strict__cp200C__fragment.cf58326ab05a757c7e759acc8d6b360d,strict,200C,fragment,,,,"ASSISTANCE, assistance","A‌S‌S‌I‌S‌T‌A‌N‌C‌E, a‌s‌s‌i‌s‌t‌a‌n‌c‌e"
00228.cf58326ab05a757c7e759acc8d6b360d,00228__salted__strict__cp200D__fragment.cf58326ab05a757c7e759acc8d6b360d,strict,200D,fragment,,,,"ASSISTANCE, assistance","A‍S‍S‍I‍S‍T‍A‍N‍C‍E, a‍s‍s‍i‍s‍t‍a‍n‍c‍e"
00228.cf58326ab05a757c7e759acc8d6b360d,00228__salted__strict__cp00AD__fragment.cf58326ab05a757c7e759acc8d6b360d,strict,00AD,fragment,,,,"ASSISTANCE, assistance","A­S­S­I­S­T­A­N­C­E, a­s­s­i­s­t­a­n­c­e"
00231.8c72952de376293bc38d30834c0bb580,00231__salted__strict__cp200B__fragment.8c72952de376293bc38d30834c0bb580,strict,200B,fragment,,HGH,H​G​H,,
00231.8c72952de376293bc38d30834c0bb580,00231__salted__strict__cp200C__fragment.8c72952de376293bc38d30834c0bb580,strict,200C,fragment,,HGH,H‌G‌H,,
00231.8c72952de376293bc38d30834c0bb580,00231__salted__strict__cp200D__fragment.8c72952de376293bc38d30834c0bb580,strict,200D,fragment,,HGH,H‍G‍H,,
00231.8c72952de376293bc38d30834c0bb580,00231__salted__strict__cp00AD__fragment.8c72952de376293bc38d30834c0bb580,strict,00AD,fragment,,HGH,H­G­H,,
00233.3c32285387ebc0675adb029b9e20e581,00233__salted__strict__cp200B__fragment.3c32285387ebc0675adb029b9e20e581,strict,200B,fragment,,Guaranteed,G​u​a​r​a​n​t​e​e​d,mailings,m​a​i​l​i​n​g​s
00233.3c32285387ebc0675adb029b9e20e581,00233__salted__strict__cp200C__fragment.3c32285387ebc0675adb029b9e20e581,strict,200C,fragment,,Guaranteed,G‌u‌a‌r‌a‌n‌t‌e‌e‌d,mailings,m‌a‌i‌l‌i‌n‌g‌s
00233.3c32285387ebc0675adb029b9e20e581,00233__salted__strict__cp200D__fragment.3c32285387ebc0675adb029b9e20e581,strict,200D,fragment,,Guaranteed,G‍u‍a‍r‍a‍n‍t‍e‍e‍d,mailings,m‍a‍i‍l‍i‍n‍g‍s
00233.3c32285387ebc0675adb029b9e20e581,00233__salted__strict__cp00AD__fragment.3c32285387ebc0675adb029b9e20e581,strict,00AD,fragment,,Guaranteed,G­u­a­r­a­n­t­e­e­d,mailings,m­a­i­l­i­n­g­s
00236.a46588c69d43e80c618038b95eff2893,00236__salted__strict__cp200B__fragment.a46588c69d43e80c618038b95eff2893,strict,200B,fragment,,,,"MASTERCARD, payable, Postal","M​A​S​T​E​R​C​A​R​D, p​a​y​a​b​l​e, P​o​s​t​a​l"
00236.a46588c69d43e80c618038b95eff2893,00236__salted__strict__cp200C__fragment.a46588c69d43e80c618038b95eff2893,strict,200C,fragment,,,,"MASTERCARD, payable, Postal","M‌A‌S‌T‌E‌R‌C‌A‌R‌D, p‌a‌y‌a‌b‌l‌e, P‌o‌s‌t‌a‌l"
00236.a46588c69d43e80c618038b95eff2893,00236__salted__strict__cp200D__fragment.a46588c69d43e80c618038b95eff2893,strict,200D,fragment,,,,"MASTERCARD, payable, Postal","M‍A‍S‍T‍E‍R‍C‍A‍R‍D, p‍a‍y‍a‍b‍l‍e, P‍o‍s‍t‍a‍l"
00236.a46588c69d43e80c618038b95eff2893,00236__salted__strict__cp00AD__fragment.a46588c69d43e80c618038b95eff2893,strict,00AD,fragment,,,,"MASTERCARD, payable, Postal","M­A­S­T­E­R­C­A­R­D, p­a­y­a­b­l­e, P­o­s­t­a­l"
00248.b243bca51ee69d6e428ca2f45f0fe41b,00248__salted__strict__cp200B__fragment.b243bca51ee69d6e428ca2f45f0fe41b,strict,200B,fragment,,,,mailings,m​a​i​l​i​n​g​s
00248.b243bca51ee69d6e428ca2f45f0fe41b,00248__salted__strict__cp200C__fragment.b243bca51ee69d6e428ca2f45f0fe41b,strict,200C,fragment,,,,mailings,m‌a‌i‌l‌i‌n‌g‌s
00248.b243bca51ee69d6e428ca2f45f0fe41b,00248__salted__strict__cp200D__fragment.b243bca51ee69d6e428ca2f45f0fe41b,strict,200D,fragment,,,,mailings,m‍a‍i‍l‍i‍n‍g‍s
00248.b243bca51ee69d6e428ca2f45f0fe41b,00248__salted__strict__cp00AD__fragment.b243bca51ee69d6e428ca2f45f0fe41b,strict,00AD,fragment,,,,mailings,m­a­i­l­i­n­g­s
00249.5f45607c1bffe89f60ba1ec9f878039a,00249__salted__strict__cp200B__fragment.5f45607c1bffe89f60ba1ec9f878039a,strict,200B,fragment,,mortgage,m​o​r​t​g​a​g​e,"lenders, Refinance, Mortgage","l​e​n​d​e​r​s, R​e​f​i​n​a​n​c​e, M​o​r​t​g​a​g​e"
00249.5f45607c1bffe89f60ba1ec9f878039a,00249__salted__strict__cp200C__fragment.5f45607c1bffe89f60ba1ec9f878039a,strict,200C,fragment,,mortgage,m‌o‌r‌t‌g‌a‌g‌e,"lenders, Refinance, Mortgage","l‌e‌n‌d‌e‌r‌s, R‌e‌f‌i‌n‌a‌n‌c‌e, M‌o‌r‌t‌g‌a‌g‌e"
00249.5f45607c1bffe89f60ba1ec9f878039a,00249__salted__strict__cp200D__fragment.5f45607c1bffe89f60ba1ec9f878039a,strict,200D,fragment,,mortgage,m‍o‍r‍t‍g‍a‍g‍e,"lenders, Refinance, Mortgage","l‍e‍n‍d‍e‍r‍s, R‍e‍f‍i‍n‍a‍n‍c‍e, M‍o‍r‍t‍g‍a‍g‍e"
00249.5f45607c1bffe89f60ba1ec9f878039a,00249__salted__strict__cp00AD__fragment.5f45607c1bffe89f60ba1ec9f878039a,strict,00AD,fragment,,mortgage,m­o­r­t­g­a­g­e,"lenders, Refinance, Mortgage","l­e­n­d­e­r­s, R­e­f­i­n­a­n­c­e, M­o­r­t­g­a­g­e"
00251.6b4b7e79e1706156839a00817d774e37,00251__salted__strict__cp200B__fragment.6b4b7e79e1706156839a00817d774e37,strict,200B,fragment,,SYSTEMWORKS,S​Y​S​T​E​M​W​O​R​K​S,,
00251.6b4b7e79e1706156839a00817d774e37,00251__salted__strict__cp200C__fragment.6b4b7e79e1706156839a00817d774e37,strict,200C,fragment,,SYSTEMWORKS,S‌Y‌S‌T‌E‌M‌W‌O‌R‌K‌S,,
00251.6b4b7e79e1706156839a00817d774e37,00251__salted__strict__cp200D__fragment.6b4b7e79e1706156839a00817d774e37,strict,200D,fragment,,SYSTEMWORKS,S‍Y‍S‍T‍E‍M‍W‍O‍R‍K‍S,,
00251.6b4b7e79e1706156839a00817d774e37,00251__salted__strict__cp00AD__fragment.6b4b7e79e1706156839a00817d774e37,strict,00AD,fragment,,SYSTEMWORKS,S­Y­S­T­E­M­W­O­R­K­S,,
00261.12b64e557e52daf5fc5a52e47df2f4e3,00261__salted__strict__cp200B__fragment.12b64e557e52daf5fc5a52e47df2f4e3,strict,200B,fragment,,,,Mastercard,M​a​s​t​e​r​c​a​r​d
00261.12b64e557e52daf5fc5a52e47df2f4e3,00261__salted__strict__cp200C__fragment.12b64e557e52daf5fc5a52e47df2f4e3,strict,200C,fragment,,,,Mastercard,M‌a‌s‌t‌e‌r‌c‌a‌r‌d
00261.12b64e557e52daf5fc5a52e47df2f4e3,00261__salted__strict__cp200D__fragment.12b64e557e52daf5fc5a52e47df2f4e3,strict,200D,fragment,,,,Mastercard,M‍a‍s‍t‍e‍r‍c‍a‍r‍d
00261.12b64e557e52daf5fc5a52e47df2f4e3,00261__salted__strict__cp00AD__fragment.12b64e557e52daf5fc5a52e47df2f4e3,strict,00AD,fragment,,,,Mastercard,M­a­s­t­e­r­c­a­r­d
00263.32b258c4cc08d235b2ca36fc16074f08,00263__salted__strict__cp200B__fragment.32b258c4cc08d235b2ca36fc16074f08,strict,200B,fragment,,,,"excite, excite","e​x​c​i​t​e, e​x​c​i​t​e"
00263.32b258c4cc08d235b2ca36fc16074f08,00263__salted__strict__cp200C__fragment.32b258c4cc08d235b2ca36fc16074f08,strict,200C,fragment,,,,"excite, excite","e‌x‌c‌i‌t‌e, e‌x‌c‌i‌t‌e"
00263.32b258c4cc08d235b2ca36fc16074f08,00263__salted__strict__cp200D__fragment.32b258c4cc08d235b2ca36fc16074f08,strict,200D,fragment,,,,"excite, excite","e‍x‍c‍i‍t‍e, e‍x‍c‍i‍t‍e"
00263.32b258c4cc08d235b2ca36fc16074f08,00263__salted__strict__cp00AD__fragment.32b258c4cc08d235b2ca36fc16074f08,strict,00AD,fragment,,,,"excite, excite","e­x­c­i­t­e, e­x­c­i­t­e"
00264.02b614f34aa0d5970959123b9386b285,00264__salted__strict__cp200B__fragment.02b614f34aa0d5970959123b9386b285,strict,200B,fragment,,,,promotion,p​r​o​m​o​t​i​o​n
00264.02b614f34aa0d5970959123b9386b285,00264__salted__strict__cp200C__fragment.02b614f34aa0d5970959123b9386b285,strict,200C,fragment,,,,promotion,p‌r‌o‌m‌o‌t‌i‌o‌n
00264.02b614f34aa0d5970959123b9386b285,00264__salted__strict__cp200D__fragment.02b614f34aa0d5970959123b9386b285,strict,200D,fragment,,,,promotion,p‍r‍o‍m‍o‍t‍i‍o‍n
00264.02b614f34aa0d5970959123b9386b285,00264__salted__strict__cp00AD__fragment.02b614f34aa0d5970959123b9386b285,strict,00AD,fragment,,,,promotion,p­r­o­m­o­t­i­o­n
00279.1d58a13e343c1e53aca2ed2121a3f815,00279__salted__strict__cp200B__fragment.1d58a13e343c1e53aca2ed2121a3f815,strict,200B,fragment,,assistance,a​s​s​i​s​t​a​n​c​e,"deposit, assistance, confidentiality","d​e​p​o​s​i​t, a​s​s​i​s​t​a​n​c​e, c​o​n​f​i​d​e​n​t​i​a​l​i​t​y"
00279.1d58a13e343c1e53aca2ed2121a3f815,00279__salted__strict__cp200C__fragment.1d58a13e343c1e53aca2ed2121a3f815,strict,200C,fragment,,assistance,a‌s‌s‌i‌s‌t‌a‌n‌c‌e,"deposit, assistance, confidentiality","d‌e‌p‌o‌s‌i‌t, a‌s‌s‌i‌s‌t‌a‌n‌c‌e, c‌o‌n‌f‌i‌d‌e‌n‌t‌i‌a‌l‌i‌t‌y"
00279.1d58a13e343c1e53aca2ed2121a3f815,00279__salted__strict__cp200D__fragment.1d58a13e343c1e53aca2ed2121a3f815,strict,200D,fragment,,assistance,a‍s‍s‍i‍s‍t‍a‍n‍c‍e,"deposit, assistance, confidentiality","d‍e‍p‍o‍s‍i‍t, a‍s‍s‍i‍s‍t‍a‍n‍c‍e, c‍o‍n‍f‍i‍d‍e‍n‍t‍i‍a‍l‍i‍t‍y"
00279.1d58a13e343c1e53aca2ed2121a3f815,00279__salted__strict__cp00AD__fragment.1d58a13e343c1e53aca2ed2121a3f815,strict,00AD,fragment,,assistance,a­s­s­i­s­t­a­n­c­e,"deposit, assistance, confidentiality","d­e­p­o­s­i­t, a­s­s­i­s­t­a­n­c­e, c­o­n­f­i­d­e­n­t­i­a­l­i­t­y"
00280.026da2bd191f11081b8d8428134b0c66,00280__salted__strict__cp200B__fragment.026da2bd191f11081b8d8428134b0c66,strict,200B,fragment,,,,"Promotion, Deposit","P​r​o​m​o​t​i​o​n, D​e​p​o​s​i​t"
00280.026da2bd191f11081b8d8428134b0c66,00280__salted__strict__cp200C__fragment.026da2bd191f11081b8d8428134b0c66,strict,200C,fragment,,,,"Promotion, Deposit","P‌r‌o‌m‌o‌t‌i‌o‌n, D‌e‌p‌o‌s‌i‌t"
00280.026da2bd191f11081b8d8428134b0c66,00280__salted__strict__cp200D__fragment.026da2bd191f11081b8d8428134b0c66,strict,200D,fragment,,,,"Promotion, Deposit","P‍r‍o‍m‍o‍t‍i‍o‍n, D‍e‍p‍o‍s‍i‍t"
00280.026da2bd191f11081b8d8428134b0c66,00280__salted__strict__cp00AD__fragment.026da2bd191f11081b8d8428134b0c66,strict,00AD,fragment,,,,"Promotion, Deposit","P­r­o­m­o­t­i­o­n, D­e­p­o­s­i­t"
00284.227c1ebb961320cd2086d904d698c49b,00284__salted__strict__cp200B__fragment.227c1ebb961320cd2086d904d698c49b,strict,200B,fragment,,,,mailings,m​a​i​l​i​n​g​s
00284.227c1ebb961320cd2086d904d698c49b,00284__salted__strict__cp200C__fragment.227c1ebb961320cd2086d904d698c49b,strict,200C,fragment,,,,mailings,m‌a‌i‌l‌i‌n‌g‌s
00284.227c1ebb961320cd2086d904d698c49b,00284__salted__strict__cp200D__fragment.227c1ebb961320cd2086d904d698c49b,strict,200D,fragment,,,,mailings,m‍a‍i‍l‍i‍n‍g‍s
00284.227c1ebb961320cd2086d904d698c49b,00284__salted__strict__cp00AD__fragment.227c1ebb961320cd2086d904d698c49b,strict,00AD,fragment,,,,mailings,m­a­i­l­i­n­g­s
00291.7aa227e74e89bdd529a3875459d0d5a2,00291__salted__strict__cp200B__fragment.7aa227e74e89bdd529a3875459d0d5a2,strict,200B,fragment,,,,mailings,m​a​i​l​i​n​g​s
00291.7aa227e74e89bdd529a3875459d0d5a2,00291__salted__strict__cp200C__fragment.7aa227e74e89bdd529a3875459d0d5a2,strict,200C,fragment,,,,mailings,m‌a‌i‌l‌i‌n‌g‌s
00291.7aa227e74e89bdd529a3875459d0d5a2,00291__salted__strict__cp200D__fragment.7aa227e74e89bdd529a3875459d0d5a2,strict,200D,fragment,,,,mailings,m‍a‍i‍l‍i‍n‍g‍s
00291.7aa227e74e89bdd529a3875459d0d5a2,00291__salted__strict__cp00AD__fragment.7aa227e74e89bdd529a3875459d0d5a2,strict,00AD,fragment,,,,mailings,m­a­i­l­i­n­g­s
00292.dbf78a2aaa230d288eb80ab843804252,00292__salted__strict__cp200B__fragment.dbf78a2aaa230d288eb80ab843804252,strict,200B,fragment,,,,"promotional, mailings","p​r​o​m​o​t​i​o​n​a​l, m​a​i​l​i​n​g​s"
00292.dbf78a2aaa230d288eb80ab843804252,00292__salted__strict__cp200C__fragment.dbf78a2aaa230d288eb80ab843804252,strict,200C,fragment,,,,"promotional, mailings","p‌r‌o‌m‌o‌t‌i‌o‌n‌a‌l, m‌a‌i‌l‌i‌n‌g‌s"
00292.dbf78a2aaa230d288eb80ab843804252,00292__salted__strict__cp200D__fragment.dbf78a2aaa230d288eb80ab843804252,strict,200D,fragment,,,,"promotional, mailings","p‍r‍o‍m‍o‍t‍i‍o‍n‍a‍l, m‍a‍i‍l‍i‍n‍g‍s"
00292.dbf78a2aaa230d288eb80ab843804252,00292__salted__strict__cp00AD__fragment.dbf78a2aaa230d288eb80ab843804252,strict,00AD,fragment,,,,"promotional, mailings","p­r­o­m­o­t­i­o­n­a­l, m­a­i­l­i­n­g­s"
00296.85aa16f800e0aaf8755cdf23d7e035ff,00296__salted__strict__cp200B__fragment.85aa16f800e0aaf8755cdf23d7e035ff,strict,200B,fragment,,Annuity,A​n​n​u​i​t​y,"annuity, Guaranteed, mailings","a​n​n​u​i​t​y, G​u​a​r​a​n​t​e​e​d, m​a​i​l​i​n​g​s"
00296.85aa16f800e0aaf8755cdf23d7e035ff,00296__salted__strict__cp200C__fragment.85aa16f800e0aaf8755cdf23d7e035ff,strict,200C,fragment,,Annuity,A‌n‌n‌u‌i‌t‌y,"annuity, Guaranteed, mailings","a‌n‌n‌u‌i‌t‌y, G‌u‌a‌r‌a‌n‌t‌e‌e‌d, m‌a‌i‌l‌i‌n‌g‌s"
00296.85aa16f800e0aaf8755cdf23d7e035ff,00296__salted__strict__cp200D__fragment.85aa16f800e0aaf8755cdf23d7e035ff,strict,200D,fragment,,Annuity,A‍n‍n‍u‍i‍t‍y,"annuity, Guaranteed, mailings","a‍n‍n‍u‍i‍t‍y, G‍u‍a‍r‍a‍n‍t‍e‍e‍d, m‍a‍i‍l‍i‍n‍g‍s"
00296.85aa16f800e0aaf8755cdf23d7e035ff,00296__salted__strict__cp00AD__fragment.85aa16f800e0aaf8755cdf23d7e035ff,strict,00AD,fragment,,Annuity,A­n­n­u­i­t­y,"annuity, Guaranteed, mailings","a­n­n­u­i­t­y, G­u­a­r­a­n­t­e­e­d, m­a­i­l­i­n­g­s"
00302.7f695c69d4cbe06e91cddd2ca7cddf33,00302__salted__strict__cp200B__fragment.7f695c69d4cbe06e91cddd2ca7cddf33,strict,200B,fragment,,,,"Guaranteed, herbal, GUARANTEED","G​u​a​r​a​n​t​e​e​d, h​e​r​b​a​l, G​U​A​R​A​N​T​E​E​D"
00302.7f695c69d4cbe06e91cddd2ca7cddf33,00302__salted__strict__cp200C__fragment.7f695c69d4cbe06e91cddd2ca7cddf33,strict,200C,fragment,,,,"Guaranteed, herbal, GUARANTEED","G‌u‌a‌r‌a‌n‌t‌e‌e‌d, h‌e‌r‌b‌a‌l, G‌U‌A‌R‌A‌N‌T‌E‌E‌D"
00302.7f695c69d4cbe06e91cddd2ca7cddf33,00302__salted__strict__cp200D__fragment.7f695c69d4cbe06e91cddd2ca7cddf33,strict,200D,fragment,,,,"Guaranteed, herbal, GUARANTEED","G‍u‍a‍r‍a‍n‍t‍e‍e‍d, h‍e‍r‍b‍a‍l, G‍U‍A‍R‍A‍N‍T‍E‍E‍D"
00302.7f695c69d4cbe06e91cddd2ca7cddf33,00302__salted__strict__cp00AD__fragment.7f695c69d4cbe06e91cddd2ca7cddf33,strict,00AD,fragment,,,,"Guaranteed, herbal, GUARANTEED","G­u­a­r­a­n­t­e­e­d, h­e­r­b­a­l, G­U­A­R­A­N­T­E­E­D"
00305.1f2a712e25638b0a4868155b37022cf1,00305__salted__strict__cp200B__fragment.1f2a712e25638b0a4868155b37022cf1,strict,200B,fragment,,HGH,H​G​H,,
00305.1f2a712e25638b0a4868155b37022cf1,00305__salted__strict__cp200C__fragment.1f2a712e25638b0a4868155b37022cf1,strict,200C,fragment,,HGH,H‌G‌H,,
00305.1f2a712e25638b0a4868155b37022cf1,00305__salted__strict__cp200D__fragment.1f2a712e25638b0a4868155b37022cf1,strict,200D,fragment,,HGH,H‍G‍H,,
00305.1f2a712e25638b0a4868155b37022cf1,00305__salted__strict__cp00AD__fragment.1f2a712e25638b0a4868155b37022cf1,strict,00AD,fragment,,HGH,H­G­H,,
00305.f80c21904d6d4f6facd036450a588b0d,00305__salted__strict__cp200B__fragment.f80c21904d6d4f6facd036450a588b0d,strict,200B,fragment,,,,"guaranteed, mailings","g​u​a​r​a​n​t​e​e​d, m​a​i​l​i​n​g​s"
00305.f80c21904d6d4f6facd036450a588b0d,00305__salted__strict__cp200C__fragment.f80c21904d6d4f6facd036450a588b0d,strict,200C,fragment,,,,"guaranteed, mailings","g‌u‌a‌r‌a‌n‌t‌e‌e‌d, m‌a‌i‌l‌i‌n‌g‌s"
00305.f80c21904d6d4f6facd036450a588b0d,00305__salted__strict__cp200D__fragment.f80c21904d6d4f6facd036450a588b0d,strict,200D,fragment,,,,"guaranteed, mailings","g‍u‍a‍r‍a‍n‍t‍e‍e‍d, m‍a‍i‍l‍i‍n‍g‍s"
00305.f80c21904d6d4f6facd036450a588b0d,00305__salted__strict__cp00AD__fragment.f80c21904d6d4f6facd036450a588b0d,strict,00AD,fragment,,,,"guaranteed, mailings","g­u­a­r­a­n­t­e­e­d, m­a­i­l­i­n­g­s"
00308.fc90f8aab51648329b9e705c9021b204,00308__salted__strict__cp200B__fragment.fc90f8aab51648329b9e705c9021b204,strict,200B,fragment,,,,mailings,m​a​i​l​i​n​g​s
00308.fc90f8aab51648329b9e705c9021b204,00308__salted__strict__cp200C__fragment.fc90f8aab51648329b9e705c9021b204,strict,200C,fragment,,,,mailings,m‌a‌i‌l‌i‌n‌g‌s
00308.fc90f8aab51648329b9e705c9021b204,00308__salted__strict__cp200D__fragment.fc90f8aab51648329b9e705c9021b204,strict,200D,fragment,,,,mailings,m‍a‍i‍l‍i‍n‍g‍s
00308.fc90f8aab51648329b9e705c9021b204,00308__salted__strict__cp00AD__fragment.fc90f8aab51648329b9e705c9021b204,strict,00AD,fragment,,,,mailings,m­a­i­l­i­n­g­s
00312.5034fee7d265abd7a4194e9300de24bf,00312__salted__strict__cp200B__fragment.5034fee7d265abd7a4194e9300de24bf,strict,200B,fragment,,HGH,H​G​H,,
00312.5034fee7d265abd7a4194e9300de24bf,00312__salted__strict__cp200C__fragment.5034fee7d265abd7a4194e9300de24bf,strict,200C,fragment,,HGH,H‌G‌H,,
00312.5034fee7d265abd7a4194e9300de24bf,00312__salted__strict__cp200D__fragment.5034fee7d265abd7a4194e9300de24bf,strict,200D,fragment,,HGH,H‍G‍H,,
00312.5034fee7d265abd7a4194e9300de24bf,00312__salted__strict__cp00AD__fragment.5034fee7d265abd7a4194e9300de24bf,strict,00AD,fragment,,HGH,H­G­H,,
00337.813498483bc80a24c002e6e7e8e0f2cb,00337__salted__strict__cp200B__fragment.813498483bc80a24c002e6e7e8e0f2cb,strict,200B,fragment,,,,mortgage,m​o​r​t​g​a​g​e
00337.813498483bc80a24c002e6e7e8e0f2cb,00337__salted__strict__cp200C__fragment.813498483bc80a24c002e6e7e8e0f2cb,strict,200C,fragment,,,,mortgage,m‌o‌r‌t‌g‌a‌g‌e
00337.813498483bc80a24c002e6e7e8e0f2cb,00337__salted__strict__cp200D__fragment.813498483bc80a24c002e6e7e8e0f2cb,strict,200D,fragment,,,,mortgage,m‍o‍r‍t‍g‍a‍g‍e
00337.813498483bc80a24c002e6e7e8e0f2cb,00337__salted__strict__cp00AD__fragment.813498483bc80a24c002e6e7e8e0f2cb,strict,00AD,fragment,,,,mortgage,m­o­r­t­g­a­g­e
00344.e6463530b23a12554d2e6f0e08ae10a7,00344__salted__strict__cp200B__fragment.e6463530b23a12554d2e6f0e08ae10a7,strict,200B,fragment,,,,TOLL,T​O​L​L
00344.e6463530b23a12554d2e6f0e08ae10a7,00344__salted__strict__cp200C__fragment.e6463530b23a12554d2e6f0e08ae10a7,strict,200C,fragment,,,,TOLL,T‌O‌L‌L
00344.e6463530b23a12554d2e6f0e08ae10a7,00344__salted__strict__cp200D__fragment.e6463530b23a12554d2e6f0e08ae10a7,strict,200D,fragment,,,,TOLL,T‍O‍L‍L
00344.e6463530b23a12554d2e6f0e08ae10a7,00344__salted__strict__cp00AD__fragment.e6463530b23a12554d2e6f0e08ae10a7,strict,00AD,fragment,,,,TOLL,T­O­L­L
00346.d93a823fb3350a5da8f0c612ce1156cd,00346__salted__strict__cp200B__fragment.d93a823fb3350a5da8f0c612ce1156cd,strict,200B,fragment,,,,deposit,d​e​p​o​s​i​t
00346.d93a823fb3350a5da8f0c612ce1156cd,00346__salted__strict__cp200C__fragment.d93a823fb3350a5da8f0c612ce1156cd,strict,200C,fragment,,,,deposit,d‌e‌p‌o‌s‌i‌t
00346.d93a823fb3350a5da8f0c612ce1156cd,00346__salted__strict__cp200D__fragment.d93a823fb3350a5da8f0c612ce1156cd,strict,200D,fragment,,,,deposit,d‍e‍p‍o‍s‍i‍t
00346.d93a823fb3350a5da8f0c612ce1156cd,00346__salted__strict__cp00AD__fragment.d93a823fb3350a5da8f0c612ce1156cd,strict,00AD,fragment,,,,deposit,d­e­p­o­s­i­t
00356.ea7eb32330fa6bf65270023c0d99e2c5,00356__salted__strict__cp200B__fragment.ea7eb32330fa6bf65270023c0d99e2c5,strict,200B,fragment,,,,"SystemWorks, WHOLESALE, TOLL","S​y​s​t​e​m​W​o​r​k​s, W​H​O​L​E​S​A​L​E, T​O​L​L"
00356.ea7eb32330fa6bf65270023c0d99e2c5,00356__salted__strict__cp200C__fragment.ea7eb32330fa6bf65270023c0d99e2c5,strict,200C,fragment,,,,"SystemWorks, WHOLESALE, TOLL","S‌y‌s‌t‌e‌m‌W‌o‌r‌k‌s, W‌H‌O‌L‌E‌S‌A‌L‌E, T‌O‌L‌L"
00356.ea7eb32330fa6bf65270023c0d99e2c5,00356__salted__strict__cp200D__fragment.ea7eb32330fa6bf65270023c0d99e2c5,strict,200D,fragment,,,,"SystemWorks, WHOLESALE, TOLL","S‍y‍s‍t‍e‍m‍W‍o‍r‍k‍s, W‍H‍O‍L‍E‍S‍A‍L‍E, T‍O‍L‍L"
00356.ea7eb32330fa6bf65270023c0d99e2c5,00356__salted__strict__cp00AD__fragment.ea7eb32330fa6bf65270023c0d99e2c5,strict,00AD,fragment,,,,"SystemWorks, WHOLESALE, TOLL","S­y­s­t­e­m­W­o­r­k­s, W­H­O­L­E­S­A­L­E, T­O­L­L"
00359.90bec90ebeaf05f024f48594e7d7b0d5,00359__salted__strict__cp200B__fragment.90bec90ebeaf05f024f48594e7d7b0d5,strict,200B,fragment,,,,"confidentiality, Nigeria, assistance","c​o​n​f​i​d​e​n​t​i​a​l​i​t​y, N​i​g​e​r​i​a, a​s​s​i​s​t​a​n​c​e"
00359.90bec90ebeaf05f024f48594e7d7b0d5,00359__salted__strict__cp200C__fragment.90bec90ebeaf05f024f48594e7d7b0d5,strict,200C,fragment,,,,"confidentiality, Nigeria, assistance","c‌o‌n‌f‌i‌d‌e‌n‌t‌i‌a‌l‌i‌t‌y, N‌i‌g‌e‌r‌i‌a, a‌s‌s‌i‌s‌t‌a‌n‌c‌e"
00359.90bec90ebeaf05f024f48594e7d7b0d5,00359__salted__strict__cp200D__fragment.90bec90ebeaf05f024f48594e7d7b0d5,strict,200D,fragment,,,,"confidentiality, Nigeria, assistance","c‍o‍n‍f‍i‍d‍e‍n‍t‍i‍a‍l‍i‍t‍y, N‍i‍g‍e‍r‍i‍a, a‍s‍s‍i‍s‍t‍a‍n‍c‍e"
00359.90bec90ebeaf05f024f48594e7d7b0d5,00359__salted__strict__cp00AD__fragment.90bec90ebeaf05f024f48594e7d7b0d5,strict,00AD,fragment,,,,"confidentiality, Nigeria, assistance","c­o­n­f­i­d­e­n­t­i­a­l­i­t­y, N­i­g­e­r­i­a, a­s­s­i­s­t­a­n­c­e"
00361.e91ac048b0ede961d3f51009eee1c620,00361__salted__strict__cp200B__fragment.e91ac048b0ede961d3f51009eee1c620,strict,200B,fragment,,,,"LAGOS, ATTN, Nigeria","L​A​G​O​S, A​T​T​N, N​i​g​e​r​i​a"
00361.e91ac048b0ede961d3f51009eee1c620,00361__salted__strict__cp200C__fragment.e91ac048b0ede961d3f51009eee1c620,strict,200C,fragment,,,,"LAGOS, ATTN, Nigeria","L‌A‌G‌O‌S, A‌T‌T‌N, N‌i‌g‌e‌r‌i‌a"
00361.e91ac048b0ede961d3f51009eee1c620,00361__salted__strict__cp200D__fragment.e91ac048b0ede961d3f51009eee1c620,strict,200D,fragment,,,,"LAGOS, ATTN, Nigeria","L‍A‍G‍O‍S, A‍T‍T‍N, N‍i‍g‍e‍r‍i‍a"
00361.e91ac048b0ede961d3f51009eee1c620,00361__salted__strict__cp00AD__fragment.e91ac048b0ede961d3f51009eee1c620,strict,00AD,fragment,,,,"LAGOS, ATTN, Nigeria","L­A­G­O­S, A­T­T­N, N­i­g­e­r­i­a"
00369.845eeb9573484bd88a6a6224c7068d81,00369__salted__strict__cp200B__fragment.845eeb9573484bd88a6a6224c7068d81,strict,200B,fragment,,cartridges,c​a​r​t​r​i​d​g​e​s,,
00369.845eeb9573484bd88a6a6224c7068d81,00369__salted__strict__cp200C__fragment.845eeb9573484bd88a6a6224c7068d81,strict,200C,fragment,,cartridges,c‌a‌r‌t‌r‌i‌d‌g‌e‌s,,
00369.845eeb9573484bd88a6a6224c7068d81,00369__salted__strict__cp200D__fragment.845eeb9573484bd88a6a6224c7068d81,strict,200D,fragment,,cartridges,c‍a‍r‍t‍r‍i‍d‍g‍e‍s,,
00369.845eeb9573484bd88a6a6224c7068d81,00369__salted__strict__cp00AD__fragment.845eeb9573484bd88a6a6224c7068d81,strict,00AD,fragment,,cartridges,c­a­r­t­r­i­d­g­e­s,,
00373.ebe8670ac56b04125c25100a36ab0510,00373__salted__strict__cp200B__fragment.ebe8670ac56b04125c25100a36ab0510,strict,200B,fragment,,,,SystemWorks,S​y​s​t​e​m​W​o​r​k​s
00373.ebe8670ac56b04125c25100a36ab0510,00373__salted__strict__cp200C__fragment.ebe8670ac56b04125c25100a36ab0510,strict,200C,fragment,,,,SystemWorks,S‌y‌s‌t‌e‌m‌W‌o‌r‌k‌s
00373.ebe8670ac56b04125c25100a36ab0510,00373__salted__strict__cp200D__fragment.ebe8670ac56b04125c25100a36ab0510,strict,200D,fragment,,,,SystemWorks,S‍y‍s‍t‍e‍m‍W‍o‍r‍k‍s
00373.ebe8670ac56b04125c25100a36ab0510,00373__salted__strict__cp00AD__fragment.ebe8670ac56b04125c25100a36ab0510,strict,00AD,fragment,,,,SystemWorks,S­y­s­t­e­m­W­o­r­k­s
00384.2054d62f06fd10e4018a43e156b32acf,00384__salted__strict__cp200B__fragment.2054d62f06fd10e4018a43e156b32acf,strict,200B,fragment,,Guaranteed,G​u​a​r​a​n​t​e​e​d,"annuity, annuity, Guaranteed","a​n​n​u​i​t​y, a​n​n​u​i​t​y, G​u​a​r​a​n​t​e​e​d"
00384.2054d62f06fd10e4018a43e156b32acf,00384__salted__strict__cp200C__fragment.2054d62f06fd10e4018a43e156b32acf,strict,200C,fragment,,Guaranteed,G‌u‌a‌r‌a‌n‌t‌e‌e‌d,"annuity, annuity, Guaranteed","a‌n‌n‌u‌i‌t‌y, a‌n‌n‌u‌i‌t‌y, G‌u‌a‌r‌a‌n‌t‌e‌e‌d"
00384.2054d62f06fd10e4018a43e156b32acf,00384__salted__strict__cp200D__fragment.2054d62f06fd10e4018a43e156b32acf,strict,200D,fragment,,Guaranteed,G‍u‍a‍r‍a‍n‍t‍e‍e‍d,"annuity, annuity, Guaranteed","a‍n‍n‍u‍i‍t‍y, a‍n‍n‍u‍i‍t‍y, G‍u‍a‍r‍a‍n‍t‍e‍e‍d"
00384.2054d62f06fd10e4018a43e156b32acf,00384__salted__strict__cp00AD__fragment.2054d62f06fd10e4018a43e156b32acf,strict,00AD,fragment,,Guaranteed,G­u­a­r­a­n­t­e­e­d,"annuity, annuity, Guaranteed","a­n­n­u­i­t­y, a­n­n­u­i­t­y, G­u­a­r­a­n­t­e­e­d"
00386.6074f269f0bd1aec1546f9e654e8fcfe,00386__salted__strict__cp200B__fragment.6074f269f0bd1aec1546f9e654e8fcfe,strict,200B,fragment,,,,earn,e​a​r​n
00386.6074f269f0bd1aec1546f9e654e8fcfe,00386__salted__strict__cp200C__fragment.6074f269f0bd1aec1546f9e654e8fcfe,strict,200C,fragment,,,,earn,e‌a‌r‌n
00386.6074f269f0bd1aec1546f9e654e8fcfe,00386__salted__strict__cp200D__fragment.6074f269f0bd1aec1546f9e654e8fcfe,strict,200D,fragment,,,,earn,e‍a‍r‍n
00386.6074f269f0bd1aec1546f9e654e8fcfe,00386__salted__strict__cp00AD__fragment.6074f269f0bd1aec1546f9e654e8fcfe,strict,00AD,fragment,,,,earn,e­a­r­n
00388.a884c42d4423d7e4718db0145b3b9d9b,00388__salted__strict__cp200B__fragment.a884c42d4423d7e4718db0145b3b9d9b,strict,200B,fragment,,,,GUARANTEED,G​U​A​R​A​N​T​E​E​D
00388.a884c42d4423d7e4718db0145b3b9d9b,00388__salted__strict__cp200C__fragment.a884c42d4423d7e4718db0145b3b9d9b,strict,200C,fragment,,,,GUARANTEED,G‌U‌A‌R‌A‌N‌T‌E‌E‌D
00388.a884c42d4423d7e4718db0145b3b9d9b,00388__salted__strict__cp200D__fragment.a884c42d4423d7e4718db0145b3b9d9b,strict,200D,fragment,,,,GUARANTEED,G‍U‍A‍R‍A‍N‍T‍E‍E‍D
00388.a884c42d4423d7e4718db0145b3b9d9b,00388__salted__strict__cp00AD__fragment.a884c42d4423d7e4718db0145b3b9d9b,strict,00AD,fragment,,,,GUARANTEED,G­U­A­R­A­N­T­E­E­D
00395.74aee42fac915ca758047506ec59a21f,00395__salted__strict__cp200B__fragment.74aee42fac915ca758047506ec59a21f,strict,200B,fragment,,ADV,A​D​V,,
00395.74aee42fac915ca758047506ec59a21f,00395__salted__strict__cp200C__fragment.74aee42fac915ca758047506ec59a21f,strict,200C,fragment,,ADV,A‌D‌V,,
00395.74aee42fac915ca758047506ec59a21f,00395__salted__strict__cp200D__fragment.74aee42fac915ca758047506ec59a21f,strict,200D,fragment,,ADV,A‍D‍V,,
00395.74aee42fac915ca758047506ec59a21f,00395__salted__strict__cp00AD__fragment.74aee42fac915ca758047506ec59a21f,strict,00AD,fragment,,ADV,A­D­V,,
00409.e59f63e813b6766a9a4ddf0790634ca3,00409__salted__strict__cp200B__fragment.e59f63e813b6766a9a4ddf0790634ca3,strict,200B,fragment,,,,"guaranteed, Payable, btamail","g​u​a​r​a​n​t​e​e​d, P​a​y​a​b​l​e, b​t​a​m​a​i​l"
00409.e59f63e813b6766a9a4ddf0790634ca3,00409__salted__strict__cp200C__fragment.e59f63e813b6766a9a4ddf0790634ca3,strict,200C,fragment,,,,"guaranteed, Payable, btamail","g‌u‌a‌r‌a‌n‌t‌e‌e‌d, P‌a‌y‌a‌b‌l‌e, b‌t‌a‌m‌a‌i‌l"
00409.e59f63e813b6766a9a4ddf0790634ca3,00409__salted__strict__cp200D__fragment.e59f63e813b6766a9a4ddf0790634ca3,strict,200D,fragment,,,,"guaranteed, Payable, btamail","g‍u‍a‍r‍a‍n‍t‍e‍e‍d, P‍a‍y‍a‍b‍l‍e, b‍t‍a‍m‍a‍i‍l"
00409.e59f63e813b6766a9a4ddf0790634ca3,00409__salted__strict__cp00AD__fragment.e59f63e813b6766a9a4ddf0790634ca3,strict,00AD,fragment,,,,"guaranteed, Payable, btamail","g­u­a­r­a­n­t­e­e­d, P­a­y­a­b­l­e, b­t­a­m­a­i­l"
00415.4af357c0282481dba8f1765f0bf09c09,00415__salted__strict__cp200B__fragment.4af357c0282481dba8f1765f0bf09c09,strict,200B,fragment,,,,Annuity,A​n​n​u​i​t​y
00415.4af357c0282481dba8f1765f0bf09c09,00415__salted__strict__cp200C__fragment.4af357c0282481dba8f1765f0bf09c09,strict,200C,fragment,,,,Annuity,A‌n‌n‌u‌i‌t‌y
00415.4af357c0282481dba8f1765f0bf09c09,00415__salted__strict__cp200D__fragment.4af357c0282481dba8f1765f0bf09c09,strict,200D,fragment,,,,Annuity,A‍n‍n‍u‍i‍t‍y
00415.4af357c0282481dba8f1765f0bf09c09,00415__salted__strict__cp00AD__fragment.4af357c0282481dba8f1765f0bf09c09,strict,00AD,fragment,,,,Annuity,A­n­n­u­i­t­y
00416.bff1badad869f205fdb54f311f060734,00416__salted__strict__cp200B__fragment.bff1badad869f205fdb54f311f060734,strict,200B,fragment,,Guaranteed,G​u​a​r​a​n​t​e​e​d,,
00416.bff1badad869f205fdb54f311f060734,00416__salted__strict__cp200C__fragment.bff1badad869f205fdb54f311f060734,strict,200C,fragment,,Guaranteed,G‌u‌a‌r‌a‌n‌t‌e‌e‌d,,
00416.bff1badad869f205fdb54f311f060734,00416__salted__strict__cp200D__fragment.bff1badad869f205fdb54f311f060734,strict,200D,fragment,,Guaranteed,G‍u‍a‍r‍a‍n‍t‍e‍e‍d,,
00416.bff1badad869f205fdb54f311f060734,00416__salted__strict__cp00AD__fragment.bff1badad869f205fdb54f311f060734,strict,00AD,fragment,,Guaranteed,G­u­a­r­a­n­t­e­e­d,,
00426.36b36cbe96efe9001c4d80363ea7ed4e,00426__salted__strict__cp200B__fragment.36b36cbe96efe9001c4d80363ea7ed4e,strict,200B,fragment,,,,"mortgage, loans","m​o​r​t​g​a​g​e, l​o​a​n​s"
00426.36b36cbe96efe9001c4d80363ea7ed4e,00426__salted__strict__cp200C__fragment.36b36cbe96efe9001c4d80363ea7ed4e,strict,200C,fragment,,,,"mortgage, loans","m‌o‌r‌t‌g‌a‌g‌e, l‌o‌a‌n‌s"
00426.36b36cbe96efe9001c4d80363ea7ed4e,00426__salted__strict__cp200D__fragment.36b36cbe96efe9001c4d80363ea7ed4e,strict,200D,fragment,,,,"mortgage, loans","m‍o‍r‍t‍g‍a‍g‍e, l‍o‍a‍n‍s"
00426.36b36cbe96efe9001c4d80363ea7ed4e,00426__salted__strict__cp00AD__fragment.36b36cbe96efe9001c4d80363ea7ed4e,strict,00AD,fragment,,,,"mortgage, loans","m­o­r­t­g­a­g­e, l­o­a­n­s"
00439.eacffbae5543e6be58178c0d3eb95041,00439__salted__strict__cp200B__fragment.eacffbae5543e6be58178c0d3eb95041,strict,200B,fragment,,,,mailings,m​a​i​l​i​n​g​s
00439.eacffbae5543e6be58178c0d3eb95041,00439__salted__strict__cp200C__fragment.eacffbae5543e6be58178c0d3eb95041,strict,200C,fragment,,,,mailings,m‌a‌i‌l‌i‌n‌g‌s
00439.eacffbae5543e6be58178c0d3eb95041,00439__salted__strict__cp200D__fragment.eacffbae5543e6be58178c0d3eb95041,strict,200D,fragment,,,,mailings,m‍a‍i‍l‍i‍n‍g‍s
00439.eacffbae5543e6be58178c0d3eb95041,00439__salted__strict__cp00AD__fragment.eacffbae5543e6be58178c0d3eb95041,strict,00AD,fragment,,,,mailings,m­a­i­l­i­n­g­s
00440.647d9eb44fd0cb069ea92be204966a8e,00440__salted__strict__cp200B__fragment.647d9eb44fd0cb069ea92be204966a8e,strict,200B,fragment,,SYSTEMWORKS,S​Y​S​T​E​M​W​O​R​K​S,,
00440.647d9eb44fd0cb069ea92be204966a8e,00440__salted__strict__cp200C__fragment.647d9eb44fd0cb069ea92be204966a8e,strict,200C,fragment,,SYSTEMWORKS,S‌Y‌S‌T‌E‌M‌W‌O‌R‌K‌S,,
00440.647d9eb44fd0cb069ea92be204966a8e,00440__salted__strict__cp200D__fragment.647d9eb44fd0cb069ea92be204966a8e,strict,200D,fragment,,SYSTEMWORKS,S‍Y‍S‍T‍E‍M‍W‍O‍R‍K‍S,,
00440.647d9eb44fd0cb069ea92be204966a8e,00440__salted__strict__cp00AD__fragment.647d9eb44fd0cb069ea92be204966a8e,strict,00AD,fragment,,SYSTEMWORKS,S­Y­S­T­E­M­W­O­R­K­S,,
00441.77768298934252b2fa200e7d9482993b,00441__salted__strict__cp200B__fragment.77768298934252b2fa200e7d9482993b,strict,200B,fragment,,Refinance,R​e​f​i​n​a​n​c​e,,
00441.77768298934252b2fa200e7d9482993b,00441__salted__strict__cp200C__fragment.77768298934252b2fa200e7d9482993b,strict,200C,fragment,,Refinance,R‌e‌f‌i‌n‌a‌n‌c‌e,,
00441.77768298934252b2fa200e7d9482993b,00441__salted__strict__cp200D__fragment.77768298934252b2fa200e7d9482993b,strict,200D,fragment,,Refinance,R‍e‍f‍i‍n‍a‍n‍c‍e,,
00441.77768298934252b2fa200e7d9482993b,00441__salted__strict__cp00AD__fragment.77768298934252b2fa200e7d9482993b,strict,00AD,fragment,,Refinance,R­e­f­i­n­a­n­c­e,,
00445.a5edbd936b830407d1a56b31ff3b82c0,00445__salted__strict__cp200B__fragment.a5edbd936b830407d1a56b31ff3b82c0,strict,200B,fragment,,Herbal,H​e​r​b​a​l,,
00445.a5edbd936b830407d1a56b31ff3b82c0,00445__salted__strict__cp200C__fragment.a5edbd936b830407d1a56b31ff3b82c0,strict,200C,fragment,,Herbal,H‌e‌r‌b‌a‌l,,
00445.a5edbd936b830407d1a56b31ff3b82c0,00445__salted__strict__cp200D__fragment.a5edbd936b830407d1a56b31ff3b82c0,strict,200D,fragment,,Herbal,H‍e‍r‍b‍a‍l,,
00445.a5edbd936b830407d1a56b31ff3b82c0,00445__salted__strict__cp00AD__fragment.a5edbd936b830407d1a56b31ff3b82c0,strict,00AD,fragment,,Herbal,H­e­r­b­a­l,,
00447.32e588c3a1d8888d737f360f825713b8,00447__salted__strict__cp200B__fragment.32e588c3a1d8888d737f360f825713b8,strict,200B,fragment,,,,"guaranteed, attained, mailings","g​u​a​r​a​n​t​e​e​d, a​t​t​a​i​n​e​d, m​a​i​l​i​n​g​s"
00447.32e588c3a1d8888d737f360f825713b8,00447__salted__strict__cp200C__fragment.32e588c3a1d8888d737f360f825713b8,strict,200C,fragment,,,,"guaranteed, attained, mailings","g‌u‌a‌r‌a‌n‌t‌e‌e‌d, a‌t‌t‌a‌i‌n‌e‌d, m‌a‌i‌l‌i‌n‌g‌s"
00447.32e588c3a1d8888d737f360f825713b8,00447__salted__strict__cp200D__fragment.32e588c3a1d8888d737f360f825713b8,strict,200D,fragment,,,,"guaranteed, attained, mailings","g‍u‍a‍r‍a‍n‍t‍e‍e‍d, a‍t‍t‍a‍i‍n‍e‍d, m‍a‍i‍l‍i‍n‍g‍s"
00447.32e588c3a1d8888d737f360f825713b8,00447__salted__strict__cp00AD__fragment.32e588c3a1d8888d737f360f825713b8,strict,00AD,fragment,,,,"guaranteed, attained, mailings","g­u­a­r­a­n­t­e­e­d, a­t­t­a­i­n­e­d, m­a­i­l­i­n­g­s"
00455.8ccdcb205b6f8c3958bb3b2d39edca46,00455__salted__strict__cp200B__fragment.8ccdcb205b6f8c3958bb3b2d39edca46,strict,200B,fragment,,ADV,A​D​V,,
00455.8ccdcb205b6f8c3958bb3b2d39edca46,00455__salted__strict__cp200C__fragment.8ccdcb205b6f8c3958bb3b2d39edca46,strict,200C,fragment,,ADV,A‌D‌V,,
00455.8ccdcb205b6f8c3958bb3b2d39edca46,00455__salted__strict__cp200D__fragment.8ccdcb205b6f8c3958bb3b2d39edca46,strict,200D,fragment,,ADV,A‍D‍V,,
00455.8ccdcb205b6f8c3958bb3b2d39edca46,00455__salted__strict__cp00AD__fragment.8ccdcb205b6f8c3958bb3b2d39edca46,strict,00AD,fragment,,ADV,A­D­V,,
00458.62211764fde0dd7128ea4146268b40dd,00458__salted__strict__cp200B__fragment.62211764fde0dd7128ea4146268b40dd,strict,200B,fragment,,,,earn,e​a​r​n
00458.62211764fde0dd7128ea4146268b40dd,00458__salted__strict__cp200C__fragment.62211764fde0dd7128ea4146268b40dd,strict,200C,fragment,,,,earn,e‌a‌r‌n
00458.62211764fde0dd7128ea4146268b40dd,00458__salted__strict__cp200D__fragment.62211764fde0dd7128ea4146268b40dd,strict,200D,fragment,,,,earn,e‍a‍r‍n
00458.62211764fde0dd7128ea4146268b40dd,00458__salted__strict__cp00AD__fragment.62211764fde0dd7128ea4146268b40dd,strict,00AD,fragment,,,,earn,e­a­r­n
00467.3748c927c32a9c4e8988dad52a843b5c,00467__salted__strict__cp200B__fragment.3748c927c32a9c4e8988dad52a843b5c,strict,200B,fragment,,,,mailings,m​a​i​l​i​n​g​s
00467.3748c927c32a9c4e8988dad52a843b5c,00467__salted__strict__cp200C__fragment.3748c927c32a9c4e8988dad52a843b5c,strict,200C,fragment,,,,mailings,m‌a‌i‌l‌i‌n‌g‌s
00467.3748c927c32a9c4e8988dad52a843b5c,00467__salted__strict__cp200D__fragment.3748c927c32a9c4e8988dad52a843b5c,strict,200D,fragment,,,,mailings,m‍a‍i‍l‍i‍n‍g‍s
00467.3748c927c32a9c4e8988dad52a843b5c,00467__salted__strict__cp00AD__fragment.3748c927c32a9c4e8988dad52a843b5c,strict,00AD,fragment,,,,mailings,m­a­i­l­i­n­g­s
00482.f839ea522f1ee459661a6b2fbd71e823,00482__salted__strict__cp200B__fragment.f839ea522f1ee459661a6b2fbd71e823,strict,200B,fragment,,ADV,A​D​V,,
00482.f839ea522f1ee459661a6b2fbd71e823,00482__salted__strict__cp200C__fragment.f839ea522f1ee459661a6b2fbd71e823,strict,200C,fragment,,ADV,A‌D‌V,,
00482.f839ea522f1ee459661a6b2fbd71e823,00482__salted__strict__cp200D__fragment.f839ea522f1ee459661a6b2fbd71e823,strict,200D,fragment,,ADV,A‍D‍V,,
00482.f839ea522f1ee459661a6b2fbd71e823,00482__salted__strict__cp00AD__fragment.f839ea522f1ee459661a6b2fbd71e823,strict,00AD,fragment,,ADV,A­D­V,,
00483.e583ffb0efd3958cdef2e9f3b043ef0d,00483__salted__strict__cp200B__fragment.e583ffb0efd3958cdef2e9f3b043ef0d,strict,200B,fragment,,Herbal,H​e​r​b​a​l,,
00483.e583ffb0efd3958cdef2e9f3b043ef0d,00483__salted__strict__cp200C__fragment.e583ffb0efd3958cdef2e9f3b043ef0d,strict,200C,fragment,,Herbal,H‌e‌r‌b‌a‌l,,
00483.e583ffb0efd3958cdef2e9f3b043ef0d,00483__salted__strict__cp200D__fragment.e583ffb0efd3958cdef2e9f3b043ef0d,strict,200D,fragment,,Herbal,H‍e‍r‍b‍a‍l,,
00483.e583ffb0efd3958cdef2e9f3b043ef0d,00483__salted__strict__cp00AD__fragment.e583ffb0efd3958cdef2e9f3b043ef0d,strict,00AD,fragment,,Herbal,H­e­r­b­a­l,,
00485.a5d28b804adbceff7fd75ed9fc8138bb,00485__salted__strict__cp200B__fragment.a5d28b804adbceff7fd75ed9fc8138bb,strict,200B,fragment,,,,"MLM, promotion, Toll","M​L​M, p​r​o​m​o​t​i​o​n, T​o​l​l"
00485.a5d28b804adbceff7fd75ed9fc8138bb,00485__salted__strict__cp200C__fragment.a5d28b804adbceff7fd75ed9fc8138bb,strict,200C,fragment,,,,"MLM, promotion, Toll","M‌L‌M, p‌r‌o‌m‌o‌t‌i‌o‌n, T‌o‌l‌l"
00485.a5d28b804adbceff7fd75ed9fc8138bb,00485__salted__strict__cp200D__fragment.a5d28b804adbceff7fd75ed9fc8138bb,strict,200D,fragment,,,,"MLM, promotion, Toll","M‍L‍M, p‍r‍o‍m‍o‍t‍i‍o‍n, T‍o‍l‍l"
00485.a5d28b804adbceff7fd75ed9fc8138bb,00485__salted__strict__cp00AD__fragment.a5d28b804adbceff7fd75ed9fc8138bb,strict,00AD,fragment,,,,"MLM, promotion, Toll","M­L­M, p­r­o­m­o­t­i­o­n, T­o­l­l"
00494.fd2efa67e63247ee89cdcf3a6fe7906d,00494__salted__strict__cp200B__fragment.fd2efa67e63247ee89cdcf3a6fe7906d,strict,200B,fragment,,,,"ATTN, assistance, beneficiary","A​T​T​N, a​s​s​i​s​t​a​n​c​e, b​e​n​e​f​i​c​i​a​r​y"
00494.fd2efa67e63247ee89cdcf3a6fe7906d,00494__salted__strict__cp200C__fragment.fd2efa67e63247ee89cdcf3a6fe7906d,strict,200C,fragment,,,,"ATTN, assistance, beneficiary","A‌T‌T‌N, a‌s‌s‌i‌s‌t‌a‌n‌c‌e, b‌e‌n‌e‌f‌i‌c‌i‌a‌r‌y"
00494.fd2efa67e63247ee89cdcf3a6fe7906d,00494__salted__strict__cp200D__fragment.fd2efa67e63247ee89cdcf3a6fe7906d,strict,200D,fragment,,,,"ATTN, assistance, beneficiary","A‍T‍T‍N, a‍s‍s‍i‍s‍t‍a‍n‍c‍e, b‍e‍n‍e‍f‍i‍c‍i‍a‍r‍y"
00494.fd2efa67e63247ee89cdcf3a6fe7906d,00494__salted__strict__cp00AD__fragment.fd2efa67e63247ee89cdcf3a6fe7906d,strict,00AD,fragment,,,,"ATTN, assistance, beneficiary","A­T­T­N, a­s­s­i­s­t­a­n­c­e, b­e­n­e­f­i­c­i­a­r­y"
00506.85af6cd716febc6265ac7b362a4a1da6,00506__salted__strict__cp200B__fragment.85af6cd716febc6265ac7b362a4a1da6,strict,200B,fragment,,MORTGAGE,M​O​R​T​G​A​G​E,,
00506.85af6cd716febc6265ac7b362a4a1da6,00506__salted__strict__cp200C__fragment.85af6cd716febc6265ac7b362a4a1da6,strict,200C,fragment,,MORTGAGE,M‌O‌R‌T‌G‌A‌G‌E,,
00506.85af6cd716febc6265ac7b362a4a1da6,00506__salted__strict__cp200D__fragment.85af6cd716febc6265ac7b362a4a1da6,strict,200D,fragment,,MORTGAGE,M‍O‍R‍T‍G‍A‍G‍E,,
00506.85af6cd716febc6265ac7b362a4a1da6,00506__salted__strict__cp00AD__fragment.85af6cd716febc6265ac7b362a4a1da6,strict,00AD,fragment,,MORTGAGE,M­O­R­T­G­A­G­E,,
00509.385c788f39e46a86be4c6af8679a0c80,00509__salted__strict__cp200B__fragment.385c788f39e46a86be4c6af8679a0c80,strict,200B,fragment,,,,"Postal, MasterCard, Postal","P​o​s​t​a​l, M​a​s​t​e​r​C​a​r​d, P​o​s​t​a​l"
00509.385c788f39e46a86be4c6af8679a0c80,00509__salted__strict__cp200C__fragment.385c788f39e46a86be4c6af8679a0c80,strict,200C,fragment,,,,"Postal, MasterCard, Postal","P‌o‌s‌t‌a‌l, M‌a‌s‌t‌e‌r‌C‌a‌r‌d, P‌o‌s‌t‌a‌l"
00509.385c788f39e46a86be4c6af8679a0c80,00509__salted__strict__cp200D__fragment.385c788f39e46a86be4c6af8679a0c80,strict,200D,fragment,,,,"Postal, MasterCard, Postal","P‍o‍s‍t‍a‍l, M‍a‍s‍t‍e‍r‍C‍a‍r‍d, P‍o‍s‍t‍a‍l"
00509.385c788f39e46a86be4c6af8679a0c80,00509__salted__strict__cp00AD__fragment.385c788f39e46a86be4c6af8679a0c80,strict,00AD,fragment,,,,"Postal, MasterCard, Postal","P­o­s­t­a­l, M­a­s­t­e­r­C­a­r­d, P­o­s­t­a­l"
00510.ce04ead27e498e82285ea6dbb0837c13,00510__salted__strict__cp200B__fragment.ce04ead27e498e82285ea6dbb0837c13,strict,200B,fragment,,adv,a​d​v,,
00510.ce04ead27e498e82285ea6dbb0837c13,00510__salted__strict__cp200C__fragment.ce04ead27e498e82285ea6dbb0837c13,strict,200C,fragment,,adv,a‌d‌v,,
00510.ce04ead27e498e82285ea6dbb0837c13,00510__salted__strict__cp200D__fragment.ce04ead27e498e82285ea6dbb0837c13,strict,200D,fragment,,adv,a‍d‍v,,
00510.ce04ead27e498e82285ea6dbb0837c13,00510__salted__strict__cp00AD__fragment.ce04ead27e498e82285ea6dbb0837c13,strict,00AD,fragment,,adv,a­d­v,,
00523.8dad1340c87f606b1f0696df64d9063c,00523__salted__strict__cp200B__fragment.8dad1340c87f606b1f0696df64d9063c,strict,200B,fragment,,MORTGAGE,M​O​R​T​G​A​G​E,,
00523.8dad1340c87f606b1f0696df64d9063c,00523__salted__strict__cp200C__fragment.8dad1340c87f606b1f0696df64d9063c,strict,200C,fragment,,MORTGAGE,M‌O‌R‌T‌G‌A‌G‌E,,
00523.8dad1340c87f606b1f0696df64d9063c,00523__salted__strict__cp200D__fragment.8dad1340c87f606b1f0696df64d9063c,strict,200D,fragment,,MORTGAGE,M‍O‍R‍T‍G‍A‍G‍E,,
00523.8dad1340c87f606b1f0696df64d9063c,00523__salted__strict__cp00AD__fragment.8dad1340c87f606b1f0696df64d9063c,strict,00AD,fragment,,MORTGAGE,M­O­R­T­G­A­G­E,,
00554.c325ab7400fb7e3f053ed0cac4ed7545,00554__salted__strict__cp200B__fragment.c325ab7400fb7e3f053ed0cac4ed7545,strict,200B,fragment,,Assistance,A​s​s​i​s​t​a​n​c​e,"confidentiality, Nigeria, Nigeria","c​o​n​f​i​d​e​n​t​i​a​l​i​t​y, N​i​g​e​r​i​a, N​i​g​e​r​i​a"
00554.c325ab7400fb7e3f053ed0cac4ed7545,00554__salted__strict__cp200C__fragment.c325ab7400fb7e3f053ed0cac4ed7545,strict,200C,fragment,,Assistance,A‌s‌s‌i‌s‌t‌a‌n‌c‌e,"confidentiality, Nigeria, Nigeria","c‌o‌n‌f‌i‌d‌e‌n‌t‌i‌a‌l‌i‌t‌y, N‌i‌g‌e‌r‌i‌a, N‌i‌g‌e‌r‌i‌a"
00554.c325ab7400fb7e3f053ed0cac4ed7545,00554__salted__strict__cp200D__fragment.c325ab7400fb7e3f053ed0cac4ed7545,strict,200D,fragment,,Assistance,A‍s‍s‍i‍s‍t‍a‍n‍c‍e,"confidentiality, Nigeria, Nigeria","c‍o‍n‍f‍i‍d‍e‍n‍t‍i‍a‍l‍i‍t‍y, N‍i‍g‍e‍r‍i‍a, N‍i‍g‍e‍r‍i‍a"
00554.c325ab7400fb7e3f053ed0cac4ed7545,00554__salted__strict__cp00AD__fragment.c325ab7400fb7e3f053ed0cac4ed7545,strict,00AD,fragment,,Assistance,A­s­s­i­s­t­a­n­c­e,"confidentiality, Nigeria, Nigeria","c­o­n­f­i­d­e­n­t­i­a­l­i­t­y, N­i­g­e­r­i­a, N­i­g­e­r­i­a"
00582.2db3b12f1cbf87ef3a64d26c35561a5b,00582__salted__strict__cp200B__fragment.2db3b12f1cbf87ef3a64d26c35561a5b,strict,200B,fragment,,ADV,A​D​V,,
00582.2db3b12f1cbf87ef3a64d26c35561a5b,00582__salted__strict__cp200C__fragment.2db3b12f1cbf87ef3a64d26c35561a5b,strict,200C,fragment,,ADV,A‌D‌V,,
00582.2db3b12f1cbf87ef3a64d26c35561a5b,00582__salted__strict__cp200D__fragment.2db3b12f1cbf87ef3a64d26c35561a5b,strict,200D,fragment,,ADV,A‍D‍V,,
00582.2db3b12f1cbf87ef3a64d26c35561a5b,00582__salted__strict__cp00AD__fragment.2db3b12f1cbf87ef3a64d26c35561a5b,strict,00AD,fragment,,ADV,A­D­V,,
00615.e47bff6118d4ff6d98581fa6f40ab871,00615__salted__strict__cp200B__fragment.e47bff6118d4ff6d98581fa6f40ab871,strict,200B,fragment,,,,"lagos, Nigeria, Attn","l​a​g​o​s, N​i​g​e​r​i​a, A​t​t​n"
00615.e47bff6118d4ff6d98581fa6f40ab871,00615__salted__strict__cp200C__fragment.e47bff6118d4ff6d98581fa6f40ab871,strict,200C,fragment,,,,"lagos, Nigeria, Attn","l‌a‌g‌o‌s, N‌i‌g‌e‌r‌i‌a, A‌t‌t‌n"
00615.e47bff6118d4ff6d98581fa6f40ab871,00615__salted__strict__cp200D__fragment.e47bff6118d4ff6d98581fa6f40ab871,strict,200D,fragment,,,,"lagos, Nigeria, Attn","l‍a‍g‍o‍s, N‍i‍g‍e‍r‍i‍a, A‍t‍t‍n"
00615.e47bff6118d4ff6d98581fa6f40ab871,00615__salted__strict__cp00AD__fragment.e47bff6118d4ff6d98581fa6f40ab871,strict,00AD,fragment,,,,"lagos, Nigeria, Attn","l­a­g­o­s, N­i­g­e­r­i­a, A­t­t­n"
00631.5b4f290bc474889ff457b314996553b1,00631__salted__strict__cp200B__fragment.5b4f290bc474889ff457b314996553b1,strict,200B,fragment,,Guaranteed,G​u​a​r​a​n​t​e​e​d,,
00631.5b4f290bc474889ff457b314996553b1,00631__salted__strict__cp200C__fragment.5b4f290bc474889ff457b314996553b1,strict,200C,fragment,,Guaranteed,G‌u‌a‌r‌a‌n‌t‌e‌e‌d,,
00631.5b4f290bc474889ff457b314996553b1,00631__salted__strict__cp200D__fragment.5b4f290bc474889ff457b314996553b1,strict,200D,fragment,,Guaranteed,G‍u‍a‍r‍a‍n‍t‍e‍e‍d,,
00631.5b4f290bc474889ff457b314996553b1,00631__salted__strict__cp00AD__fragment.5b4f290bc474889ff457b314996553b1,strict,00AD,fragment,,Guaranteed,G­u­a­r­a­n­t­e­e­d,,
00632.f90d0f620d4a4c4976e1c5884333f329,00632__salted__strict__cp200B__fragment.f90d0f620d4a4c4976e1c5884333f329,strict,200B,fragment,,,,"resell, GUARANTEED, testimonials","r​e​s​e​l​l, G​U​A​R​A​N​T​E​E​D, t​e​s​t​i​m​o​n​i​a​l​s"
00632.f90d0f620d4a4c4976e1c5884333f329,00632__salted__strict__cp200C__fragment.f90d0f620d4a4c4976e1c5884333f329,strict,200C,fragment,,,,"resell, GUARANTEED, testimonials","r‌e‌s‌e‌l‌l, G‌U‌A‌R‌A‌N‌T‌E‌E‌D, t‌e‌s‌t‌i‌m‌o‌n‌i‌a‌l‌s"
00632.f90d0f620d4a4c4976e1c5884333f329,00632__salted__strict__cp200D__fragment.f90d0f620d4a4c4976e1c5884333f329,strict,200D,fragment,,,,"resell, GUARANTEED, testimonials","r‍e‍s‍e‍l‍l, G‍U‍A‍R‍A‍N‍T‍E‍E‍D, t‍e‍s‍t‍i‍m‍o‍n‍i‍a‍l‍s"
00632.f90d0f620d4a4c4976e1c5884333f329,00632__salted__strict__cp00AD__fragment.f90d0f620d4a4c4976e1c5884333f329,strict,00AD,fragment,,,,"resell, GUARANTEED, testimonials","r­e­s­e­l­l, G­U­A­R­A­N­T­E­E­D, t­e­s­t­i­m­o­n­i­a­l­s"
00643.d177c04238b4299813b7d8cca9fb2f18,00643__salted__strict__cp200B__fragment.d177c04238b4299813b7d8cca9fb2f18,strict,200B,fragment,,,,mailings,m​a​i​l​i​n​g​s
00643.d177c04238b4299813b7d8cca9fb2f18,00643__salted__strict__cp200C__fragment.d177c04238b4299813b7d8cca9fb2f18,strict,200C,fragment,,,,mailings,m‌a‌i‌l‌i‌n‌g‌s
00643.d177c04238b4299813b7d8cca9fb2f18,00643__salted__strict__cp200D__fragment.d177c04238b4299813b7d8cca9fb2f18,strict,200D,fragment,,,,mailings,m‍a‍i‍l‍i‍n‍g‍s
00643.d177c04238b4299813b7d8cca9fb2f18,00643__salted__strict__cp00AD__fragment.d177c04238b4299813b7d8cca9fb2f18,strict,00AD,fragment,,,,mailings,m­a­i­l­i­n­g­s
00658.2324b3351e766248275bace98fd3c7b3,00658__salted__strict__cp200B__fragment.2324b3351e766248275bace98fd3c7b3,strict,200B,fragment,,,,"promotional, mailings","p​r​o​m​o​t​i​o​n​a​l, m​a​i​l​i​n​g​s"
00658.2324b3351e766248275bace98fd3c7b3,00658__salted__strict__cp200C__fragment.2324b3351e766248275bace98fd3c7b3,strict,200C,fragment,,,,"promotional, mailings","p‌r‌o‌m‌o‌t‌i‌o‌n‌a‌l, m‌a‌i‌l‌i‌n‌g‌s"
00658.2324b3351e766248275bace98fd3c7b3,00658__salted__strict__cp200D__fragment.2324b3351e766248275bace98fd3c7b3,strict,200D,fragment,,,,"promotional, mailings","p‍r‍o‍m‍o‍t‍i‍o‍n‍a‍l, m‍a‍i‍l‍i‍n‍g‍s"
00658.2324b3351e766248275bace98fd3c7b3,00658__salted__strict__cp00AD__fragment.2324b3351e766248275bace98fd3c7b3,strict,00AD,fragment,,,,"promotional, mailings","p­r­o­m­o­t­i­o­n­a­l, m­a­i­l­i­n­g­s"
00659.668ba8daca71e86de0ee5e412b177015,00659__salted__strict__cp200B__fragment.668ba8daca71e86de0ee5e412b177015,strict,200B,fragment,,,,"CONSULTATION, GUARANTEED","C​O​N​S​U​L​T​A​T​I​O​N, G​U​A​R​A​N​T​E​E​D"
00659.668ba8daca71e86de0ee5e412b177015,00659__salted__strict__cp200C__fragment.668ba8daca71e86de0ee5e412b177015,strict,200C,fragment,,,,"CONSULTATION, GUARANTEED","C‌O‌N‌S‌U‌L‌T‌A‌T‌I‌O‌N, G‌U‌A‌R‌A‌N‌T‌E‌E‌D"
00659.668ba8daca71e86de0ee5e412b177015,00659__salted__strict__cp200D__fragment.668ba8daca71e86de0ee5e412b177015,strict,200D,fragment,,,,"CONSULTATION, GUARANTEED","C‍O‍N‍S‍U‍L‍T‍A‍T‍I‍O‍N, G‍U‍A‍R‍A‍N‍T‍E‍E‍D"
00659.668ba8daca71e86de0ee5e412b177015,00659__salted__strict__cp00AD__fragment.668ba8daca71e86de0ee5e412b177015,strict,00AD,fragment,,,,"CONSULTATION, GUARANTEED","C­O­N­S­U­L­T­A­T­I­O­N, G­U­A­R­A­N­T­E­E­D"
00663.4baa9521293a04306b038be1f65d4471,00663__salted__strict__cp200B__fragment.4baa9521293a04306b038be1f65d4471,strict,200B,fragment,,,,"CONSULTATION, GUARANTEED","C​O​N​S​U​L​T​A​T​I​O​N, G​U​A​R​A​N​T​E​E​D"
00663.4baa9521293a04306b038be1f65d4471,00663__salted__strict__cp200C__fragment.4baa9521293a04306b038be1f65d4471,strict,200C,fragment,,,,"CONSULTATION, GUARANTEED","C‌O‌N‌S‌U‌L‌T‌A‌T‌I‌O‌N, G‌U‌A‌R‌A‌N‌T‌E‌E‌D"
00663.4baa9521293a04306b038be1f65d4471,00663__salted__strict__cp200D__fragment.4baa9521293a04306b038be1f65d4471,strict,200D,fragment,,,,"CONSULTATION, GUARANTEED","C‍O‍N‍S‍U‍L‍T‍A‍T‍I‍O‍N, G‍U‍A‍R‍A‍N‍T‍E‍E‍D"
00663.4baa9521293a04306b038be1f65d4471,00663__salted__strict__cp00AD__fragment.4baa9521293a04306b038be1f65d4471,strict,00AD,fragment,,,,"CONSULTATION, GUARANTEED","C­O­N­S­U­L­T­A­T­I­O­N, G­U­A­R­A­N­T­E­E­D"
00667.6bf743b1b5bdfe9340d438c0661e4bff,00667__salted__strict__cp200B__fragment.6bf743b1b5bdfe9340d438c0661e4bff,strict,200B,fragment,,,,"Earn, Annuity, Annuity","E​a​r​n, A​n​n​u​i​t​y, A​n​n​u​i​t​y"
00667.6bf743b1b5bdfe9340d438c0661e4bff,00667__salted__strict__cp200C__fragment.6bf743b1b5bdfe9340d438c0661e4bff,strict,200C,fragment,,,,"Earn, Annuity, Annuity","E‌a‌r‌n, A‌n‌n‌u‌i‌t‌y, A‌n‌n‌u‌i‌t‌y"
00667.6bf743b1b5bdfe9340d438c0661e4bff,00667__salted__strict__cp200D__fragment.6bf743b1b5bdfe9340d438c0661e4bff,strict,200D,fragment,,,,"Earn, Annuity, Annuity","E‍a‍r‍n, A‍n‍n‍u‍i‍t‍y, A‍n‍n‍u‍i‍t‍y"
00667.6bf743b1b5bdfe9340d438c0661e4bff,00667__salted__strict__cp00AD__fragment.6bf743b1b5bdfe9340d438c0661e4bff,strict,00AD,fragment,,,,"Earn, Annuity, Annuity","E­a­r­n, A­n­n­u­i­t­y, A­n­n­u­i­t­y"
00678.7c54f6e0fac3e7d26a9513d2c60e2b98,00678__salted__strict__cp200B__fragment.7c54f6e0fac3e7d26a9513d2c60e2b98,strict,200B,fragment,,Mortgage,M​o​r​t​g​a​g​e,"mortgage, refinance, Mortgage","m​o​r​t​g​a​g​e, r​e​f​i​n​a​n​c​e, M​o​r​t​g​a​g​e"
00678.7c54f6e0fac3e7d26a9513d2c60e2b98,00678__salted__strict__cp200C__fragment.7c54f6e0fac3e7d26a9513d2c60e2b98,strict,200C,fragment,,Mortgage,M‌o‌r‌t‌g‌a‌g‌e,"mortgage, refinance, Mortgage","m‌o‌r‌t‌g‌a‌g‌e, r‌e‌f‌i‌n‌a‌n‌c‌e, M‌o‌r‌t‌g‌a‌g‌e"
00678.7c54f6e0fac3e7d26a9513d2c60e2b98,00678__salted__strict__cp200D__fragment.7c54f6e0fac3e7d26a9513d2c60e2b98,strict,200D,fragment,,Mortgage,M‍o‍r‍t‍g‍a‍g‍e,"mortgage, refinance, Mortgage","m‍o‍r‍t‍g‍a‍g‍e, r‍e‍f‍i‍n‍a‍n‍c‍e, M‍o‍r‍t‍g‍a‍g‍e"
00678.7c54f6e0fac3e7d26a9513d2c60e2b98,00678__salted__strict__cp00AD__fragment.7c54f6e0fac3e7d26a9513d2c60e2b98,strict,00AD,fragment,,Mortgage,M­o­r­t­g­a­g­e,"mortgage, refinance, Mortgage","m­o­r­t­g­a­g­e, r­e­f­i­n­a­n­c­e, M­o­r­t­g­a­g­e"
00694.3aca5f2a3d0d2ccbc47ef868eb051abd,00694__salted__strict__cp200B__fragment.3aca5f2a3d0d2ccbc47ef868eb051abd,strict,200B,fragment,,,,"Guaranteed, herbal, GUARANTEED","G​u​a​r​a​n​t​e​e​d, h​e​r​b​a​l, G​U​A​R​A​N​T​E​E​D"
00694.3aca5f2a3d0d2ccbc47ef868eb051abd,00694__salted__strict__cp200C__fragment.3aca5f2a3d0d2ccbc47ef868eb051abd,strict,200C,fragment,,,,"Guaranteed, herbal, GUARANTEED","G‌u‌a‌r‌a‌n‌t‌e‌e‌d, h‌e‌r‌b‌a‌l, G‌U‌A‌R‌A‌N‌T‌E‌E‌D"
00694.3aca5f2a3d0d2ccbc47ef868eb051abd,00694__salted__strict__cp200D__fragment.3aca5f2a3d0d2ccbc47ef868eb051abd,strict,200D,fragment,,,,"Guaranteed, herbal, GUARANTEED","G‍u‍a‍r‍a‍n‍t‍e‍e‍d, h‍e‍r‍b‍a‍l, G‍U‍A‍R‍A‍N‍T‍E‍E‍D"
00694.3aca5f2a3d0d2ccbc47ef868eb051abd,00694__salted__strict__cp00AD__fragment.3aca5f2a3d0d2ccbc47ef868eb051abd,strict,00AD,fragment,,,,"Guaranteed, herbal, GUARANTEED","G­u­a­r­a­n­t­e­e­d, h­e­r­b­a­l, G­U­A­R­A­N­T­E­E­D"
00697.2d221d167d2814a6a6bc7a74b65bcb0e,00697__salted__strict__cp200B__fragment.2d221d167d2814a6a6bc7a74b65bcb0e,strict,200B,fragment,,adv,a​d​v,,
00697.2d221d167d2814a6a6bc7a74b65bcb0e,00697__salted__strict__cp200C__fragment.2d221d167d2814a6a6bc7a74b65bcb0e,strict,200C,fragment,,adv,a‌d‌v,,
00697.2d221d167d2814a6a6bc7a74b65bcb0e,00697__salted__strict__cp200D__fragment.2d221d167d2814a6a6bc7a74b65bcb0e,strict,200D,fragment,,adv,a‍d‍v,,
00697.2d221d167d2814a6a6bc7a74b65bcb0e,00697__salted__strict__cp00AD__fragment.2d221d167d2814a6a6bc7a74b65bcb0e,strict,00AD,fragment,,adv,a­d­v,,
00701.ea27d8eea96c7d361ea78613d0a3c481,00701__salted__strict__cp200B__fragment.ea27d8eea96c7d361ea78613d0a3c481,strict,200B,fragment,,Mortgage,M​o​r​t​g​a​g​e,,
00701.ea27d8eea96c7d361ea78613d0a3c481,00701__salted__strict__cp200C__fragment.ea27d8eea96c7d361ea78613d0a3c481,strict,200C,fragment,,Mortgage,M‌o‌r‌t‌g‌a‌g‌e,,
00701.ea27d8eea96c7d361ea78613d0a3c481,00701__salted__strict__cp200D__fragment.ea27d8eea96c7d361ea78613d0a3c481,strict,200D,fragment,,Mortgage,M‍o‍r‍t‍g‍a‍g‍e,,
00701.ea27d8eea96c7d361ea78613d0a3c481,00701__salted__strict__cp00AD__fragment.ea27d8eea96c7d361ea78613d0a3c481,strict,00AD,fragment,,Mortgage,M­o­r­t­g­a­g­e,,
00718.2495a50c4eab3755f338b5fe589dd52d,00718__salted__strict__cp200B__fragment.2495a50c4eab3755f338b5fe589dd52d,strict,200B,fragment,,WHOLESALE,W​H​O​L​E​S​A​L​E,,
00718.2495a50c4eab3755f338b5fe589dd52d,00718__salted__strict__cp200C__fragment.2495a50c4eab3755f338b5fe589dd52d,strict,200C,fragment,,WHOLESALE,W‌H‌O‌L‌E‌S‌A‌L‌E,,
00718.2495a50c4eab3755f338b5fe589dd52d,00718__salted__strict__cp200D__fragment.2495a50c4eab3755f338b5fe589dd52d,strict,200D,fragment,,WHOLESALE,W‍H‍O‍L‍E‍S‍A‍L‍E,,
00718.2495a50c4eab3755f338b5fe589dd52d,00718__salted__strict__cp00AD__fragment.2495a50c4eab3755f338b5fe589dd52d,strict,00AD,fragment,,WHOLESALE,W­H­O­L­E­S­A­L­E,,
00738.10deb784a63c0bdc5e78b019720f3e9f,00738__salted__strict__cp200B__fragment.10deb784a63c0bdc5e78b019720f3e9f,strict,200B,fragment,,Adv,A​d​v,,
00738.10deb784a63c0bdc5e78b019720f3e9f,00738__salted__strict__cp200C__fragment.10deb784a63c0bdc5e78b019720f3e9f,strict,200C,fragment,,Adv,A‌d‌v,,
00738.10deb784a63c0bdc5e78b019720f3e9f,00738__salted__strict__cp200D__fragment.10deb784a63c0bdc5e78b019720f3e9f,strict,200D,fragment,,Adv,A‍d‍v,,
00738.10deb784a63c0bdc5e78b019720f3e9f,00738__salted__strict__cp00AD__fragment.10deb784a63c0bdc5e78b019720f3e9f,strict,00AD,fragment,,Adv,A­d­v,,
00740.ce4777381c2bc6bee30bef6bd274233f,00740__salted__strict__cp200B__fragment.ce4777381c2bc6bee30bef6bd274233f,strict,200B,fragment,,Mortgage,M​o​r​t​g​a​g​e,"mortgage, refinance, Mortgage","m​o​r​t​g​a​g​e, r​e​f​i​n​a​n​c​e, M​o​r​t​g​a​g​e"
00740.ce4777381c2bc6bee30bef6bd274233f,00740__salted__strict__cp200C__fragment.ce4777381c2bc6bee30bef6bd274233f,strict,200C,fragment,,Mortgage,M‌o‌r‌t‌g‌a‌g‌e,"mortgage, refinance, Mortgage","m‌o‌r‌t‌g‌a‌g‌e, r‌e‌f‌i‌n‌a‌n‌c‌e, M‌o‌r‌t‌g‌a‌g‌e"
00740.ce4777381c2bc6bee30bef6bd274233f,00740__salted__strict__cp200D__fragment.ce4777381c2bc6bee30bef6bd274233f,strict,200D,fragment,,Mortgage,M‍o‍r‍t‍g‍a‍g‍e,"mortgage, refinance, Mortgage","m‍o‍r‍t‍g‍a‍g‍e, r‍e‍f‍i‍n‍a‍n‍c‍e, M‍o‍r‍t‍g‍a‍g‍e"
00740.ce4777381c2bc6bee30bef6bd274233f,00740__salted__strict__cp00AD__fragment.ce4777381c2bc6bee30bef6bd274233f,strict,00AD,fragment,,Mortgage,M­o­r­t­g­a­g­e,"mortgage, refinance, Mortgage","m­o­r­t­g­a­g­e, r­e­f­i­n­a­n­c­e, M­o­r­t­g­a­g­e"
00795.61fe820f7755e4b4e66e715ea667b338,00795__salted__strict__cp200B__fragment.61fe820f7755e4b4e66e715ea667b338,strict,200B,fragment,,,,"earn, earning","e​a​r​n, e​a​r​n​i​n​g"
00795.61fe820f7755e4b4e66e715ea667b338,00795__salted__strict__cp200C__fragment.61fe820f7755e4b4e66e715ea667b338,strict,200C,fragment,,,,"earn, earning","e‌a‌r‌n, e‌a‌r‌n‌i‌n‌g"
00795.61fe820f7755e4b4e66e715ea667b338,00795__salted__strict__cp200D__fragment.61fe820f7755e4b4e66e715ea667b338,strict,200D,fragment,,,,"earn, earning","e‍a‍r‍n, e‍a‍r‍n‍i‍n‍g"
00795.61fe820f7755e4b4e66e715ea667b338,00795__salted__strict__cp00AD__fragment.61fe820f7755e4b4e66e715ea667b338,strict,00AD,fragment,,,,"earn, earning","e­a­r­n, e­a­r­n­i­n­g"
00796.1f29c490fd2bd8581d19e3e193978a3d,00796__salted__strict__cp200B__fragment.1f29c490fd2bd8581d19e3e193978a3d,strict,200B,fragment,,GUARANTEED,G​U​A​R​A​N​T​E​E​D,,
00796.1f29c490fd2bd8581d19e3e193978a3d,00796__salted__strict__cp200C__fragment.1f29c490fd2bd8581d19e3e193978a3d,strict,200C,fragment,,GUARANTEED,G‌U‌A‌R‌A‌N‌T‌E‌E‌D,,
00796.1f29c490fd2bd8581d19e3e193978a3d,00796__salted__strict__cp200D__fragment.1f29c490fd2bd8581d19e3e193978a3d,strict,200D,fragment,,GUARANTEED,G‍U‍A‍R‍A‍N‍T‍E‍E‍D,,
00796.1f29c490fd2bd8581d19e3e193978a3d,00796__salted__strict__cp00AD__fragment.1f29c490fd2bd8581d19e3e193978a3d,strict,00AD,fragment,,GUARANTEED,G­U­A­R­A­N­T­E­E­D,,
00807.8abdd26ba778758f5e46b84a54ac62f4,00807__salted__strict__cp200B__fragment.8abdd26ba778758f5e46b84a54ac62f4,strict,200B,fragment,,,,"mortgage, loans","m​o​r​t​g​a​g​e, l​o​a​n​s"
00807.8abdd26ba778758f5e46b84a54ac62f4,00807__salted__strict__cp200C__fragment.8abdd26ba778758f5e46b84a54ac62f4,strict,200C,fragment,,,,"mortgage, loans","m‌o‌r‌t‌g‌a‌g‌e, l‌o‌a‌n‌s"
00807.8abdd26ba778758f5e46b84a54ac62f4,00807__salted__strict__cp200D__fragment.8abdd26ba778758f5e46b84a54ac62f4,strict,200D,fragment,,,,"mortgage, loans","m‍o‍r‍t‍g‍a‍g‍e, l‍o‍a‍n‍s"
00807.8abdd26ba778758f5e46b84a54ac62f4,00807__salted__strict__cp00AD__fragment.8abdd26ba778758f5e46b84a54ac62f4,strict,00AD,fragment,,,,"mortgage, loans","m­o­r­t­g­a­g­e, l­o­a­n­s"
00810.bceaa748f9cee012c466212d8a608acf,00810__salted__strict__cp200B__fragment.bceaa748f9cee012c466212d8a608acf,strict,200B,fragment,,,,"earning, MLM, earn","e​a​r​n​i​n​g, M​L​M, e​a​r​n"
00810.bceaa748f9cee012c466212d8a608acf,00810__salted__strict__cp200C__fragment.bceaa748f9cee012c466212d8a608acf,strict,200C,fragment,,,,"earning, MLM, earn","e‌a‌r‌n‌i‌n‌g, M‌L‌M, e‌a‌r‌n"
00810.bceaa748f9cee012c466212d8a608acf,00810__salted__strict__cp200D__fragment.bceaa748f9cee012c466212d8a608acf,strict,200D,fragment,,,,"earning, MLM, earn","e‍a‍r‍n‍i‍n‍g, M‍L‍M, e‍a‍r‍n"
00810.bceaa748f9cee012c466212d8a608acf,00810__salted__strict__cp00AD__fragment.bceaa748f9cee012c466212d8a608acf,strict,00AD,fragment,,,,"earning, MLM, earn","e­a­r­n­i­n­g, M­L­M, e­a­r­n"
00830.079ed7d24f78024e023b82417a6fe2ca,00830__salted__strict__cp200B__fragment.079ed7d24f78024e023b82417a6fe2ca,strict,200B,fragment,,,,"earn, GUARANTEED, resell","e​a​r​n, G​U​A​R​A​N​T​E​E​D, r​e​s​e​l​l"
00830.079ed7d24f78024e023b82417a6fe2ca,00830__salted__strict__cp200C__fragment.079ed7d24f78024e023b82417a6fe2ca,strict,200C,fragment,,,,"earn, GUARANTEED, resell","e‌a‌r‌n, G‌U‌A‌R‌A‌N‌T‌E‌E‌D, r‌e‌s‌e‌l‌l"
00830.079ed7d24f78024e023b82417a6fe2ca,00830__salted__strict__cp200D__fragment.079ed7d24f78024e023b82417a6fe2ca,strict,200D,fragment,,,,"earn, GUARANTEED, resell","e‍a‍r‍n, G‍U‍A‍R‍A‍N‍T‍E‍E‍D, r‍e‍s‍e‍l‍l"
00830.079ed7d24f78024e023b82417a6fe2ca,00830__salted__strict__cp00AD__fragment.079ed7d24f78024e023b82417a6fe2ca,strict,00AD,fragment,,,,"earn, GUARANTEED, resell","e­a­r­n, G­U­A­R­A­N­T­E­E­D, r­e­s­e­l­l"
00861.e8b94fc9514d2d2cbb541b01e2dda726,00861__salted__strict__cp200B__fragment.e8b94fc9514d2d2cbb541b01e2dda726,strict,200B,fragment,,,,"promotion, mailings, DeathToSpamDeathToSpamDeathToSpam","p​r​o​m​o​t​i​o​n, m​a​i​l​i​n​g​s, D​e​a​t​h​T​o​S​p​a​m​D​e​a​t​h​T​o​S​p​a​m​D​e​a​t​h​T​o​S​p​a​m"
00861.e8b94fc9514d2d2cbb541b01e2dda726,00861__salted__strict__cp200C__fragment.e8b94fc9514d2d2cbb541b01e2dda726,strict,200C,fragment,,,,"promotion, mailings, DeathToSpamDeathToSpamDeathToSpam","p‌r‌o‌m‌o‌t‌i‌o‌n, m‌a‌i‌l‌i‌n‌g‌s, D‌e‌a‌t‌h‌T‌o‌S‌p‌a‌m‌D‌e‌a‌t‌h‌T‌o‌S‌p‌a‌m‌D‌e‌a‌t‌h‌T‌o‌S‌p‌a‌m"
00861.e8b94fc9514d2d2cbb541b01e2dda726,00861__salted__strict__cp200D__fragment.e8b94fc9514d2d2cbb541b01e2dda726,strict,200D,fragment,,,,"promotion, mailings, DeathToSpamDeathToSpamDeathToSpam","p‍r‍o‍m‍o‍t‍i‍o‍n, m‍a‍i‍l‍i‍n‍g‍s, D‍e‍a‍t‍h‍T‍o‍S‍p‍a‍m‍D‍e‍a‍t‍h‍T‍o‍S‍p‍a‍m‍D‍e‍a‍t‍h‍T‍o‍S‍p‍a‍m"
00861.e8b94fc9514d2d2cbb541b01e2dda726,00861__salted__strict__cp00AD__fragment.e8b94fc9514d2d2cbb541b01e2dda726,strict,00AD,fragment,,,,"promotion, mailings, DeathToSpamDeathToSpamDeathToSpam","p­r­o­m­o­t­i­o­n, m­a­i­l­i­n­g­s, D­e­a­t­h­T­o­S­p­a­m­D­e­a­t­h­T­o­S­p­a­m­D­e­a­t­h­T­o­S­p­a­m"
00891.730d12d96dcfa7812a51d12d9a3b6a1c,00891__salted__strict__cp200B__fragment.730d12d96dcfa7812a51d12d9a3b6a1c,strict,200B,fragment,,,,"assistance, deposit, assistance","a​s​s​i​s​t​a​n​c​e, d​e​p​o​s​i​t, a​s​s​i​s​t​a​n​c​e"
00891.730d12d96dcfa7812a51d12d9a3b6a1c,00891__salted__strict__cp200C__fragment.730d12d96dcfa7812a51d12d9a3b6a1c,strict,200C,fragment,,,,"assistance, deposit, assistance","a‌s‌s‌i‌s‌t‌a‌n‌c‌e, d‌e‌p‌o‌s‌i‌t, a‌s‌s‌i‌s‌t‌a‌n‌c‌e"
00891.730d12d96dcfa7812a51d12d9a3b6a1c,00891__salted__strict__cp200D__fragment.730d12d96dcfa7812a51d12d9a3b6a1c,strict,200D,fragment,,,,"assistance, deposit, assistance","a‍s‍s‍i‍s‍t‍a‍n‍c‍e, d‍e‍p‍o‍s‍i‍t, a‍s‍s‍i‍s‍t‍a‍n‍c‍e"
00891.730d12d96dcfa7812a51d12d9a3b6a1c,00891__salted__strict__cp00AD__fragment.730d12d96dcfa7812a51d12d9a3b6a1c,strict,00AD,fragment,,,,"assistance, deposit, assistance","a­s­s­i­s­t­a­n­c­e, d­e­p­o­s­i­t, a­s­s­i­s­t­a­n­c­e"
00925.6ba2770acb214c661a26e54b4d03c119,00925__salted__strict__cp200B__fragment.6ba2770acb214c661a26e54b4d03c119,strict,200B,fragment,,ADV,A​D​V,toll,t​o​l​l
00925.6ba2770acb214c661a26e54b4d03c119,00925__salted__strict__cp200C__fragment.6ba2770acb214c661a26e54b4d03c119,strict,200C,fragment,,ADV,A‌D‌V,toll,t‌o‌l‌l
00925.6ba2770acb214c661a26e54b4d03c119,00925__salted__strict__cp200D__fragment.6ba2770acb214c661a26e54b4d03c119,strict,200D,fragment,,ADV,A‍D‍V,toll,t‍o‍l‍l
00925.6ba2770acb214c661a26e54b4d03c119,00925__salted__strict__cp00AD__fragment.6ba2770acb214c661a26e54b4d03c119,strict,00AD,fragment,,ADV,A­D­V,toll,t­o­l­l
00939.8d335bc76836e51b449de9f6b38aa0f8,00939__salted__strict__cp200B__fragment.8d335bc76836e51b449de9f6b38aa0f8,strict,200B,fragment,,,,"promotion, DeathToSpamDeathToSpamDeathToSpam","p​r​o​m​o​t​i​o​n, D​e​a​t​h​T​o​S​p​a​m​D​e​a​t​h​T​o​S​p​a​m​D​e​a​t​h​T​o​S​p​a​m"
00939.8d335bc76836e51b449de9f6b38aa0f8,00939__salted__strict__cp200C__fragment.8d335bc76836e51b449de9f6b38aa0f8,strict,200C,fragment,,,,"promotion, DeathToSpamDeathToSpamDeathToSpam","p‌r‌o‌m‌o‌t‌i‌o‌n, D‌e‌a‌t‌h‌T‌o‌S‌p‌a‌m‌D‌e‌a‌t‌h‌T‌o‌S‌p‌a‌m‌D‌e‌a‌t‌h‌T‌o‌S‌p‌a‌m"
00939.8d335bc76836e51b449de9f6b38aa0f8,00939__salted__strict__cp200D__fragment.8d335bc76836e51b449de9f6b38aa0f8,strict,200D,fragment,,,,"promotion, DeathToSpamDeathToSpamDeathToSpam","p‍r‍o‍m‍o‍t‍i‍o‍n, D‍e‍a‍t‍h‍T‍o‍S‍p‍a‍m‍D‍e‍a‍t‍h‍T‍o‍S‍p‍a‍m‍D‍e‍a‍t‍h‍T‍o‍S‍p‍a‍m"
00939.8d335bc76836e51b449de9f6b38aa0f8,00939__salted__strict__cp00AD__fragment.8d335bc76836e51b449de9f6b38aa0f8,strict,00AD,fragment,,,,"promotion, DeathToSpamDeathToSpamDeathToSpam","p­r­o­m­o­t­i­o­n, D­e­a­t­h­T­o­S­p­a­m­D­e­a­t­h­T­o­S­p­a­m­D­e­a­t­h­T­o­S­p­a­m"
00940.33bee147237876bc1f28b1bf21b586a0,00940__salted__strict__cp200B__fragment.33bee147237876bc1f28b1bf21b586a0,strict,200B,fragment,,Assistance,A​s​s​i​s​t​a​n​c​e,"Nigeria, assistance, Nigeria","N​i​g​e​r​i​a, a​s​s​i​s​t​a​n​c​e, N​i​g​e​r​i​a"
00940.33bee147237876bc1f28b1bf21b586a0,00940__salted__strict__cp200C__fragment.33bee147237876bc1f28b1bf21b586a0,strict,200C,fragment,,Assistance,A‌s‌s‌i‌s‌t‌a‌n‌c‌e,"Nigeria, assistance, Nigeria","N‌i‌g‌e‌r‌i‌a, a‌s‌s‌i‌s‌t‌a‌n‌c‌e, N‌i‌g‌e‌r‌i‌a"
00940.33bee147237876bc1f28b1bf21b586a0,00940__salted__strict__cp200D__fragment.33bee147237876bc1f28b1bf21b586a0,strict,200D,fragment,,Assistance,A‍s‍s‍i‍s‍t‍a‍n‍c‍e,"Nigeria, assistance, Nigeria","N‍i‍g‍e‍r‍i‍a, a‍s‍s‍i‍s‍t‍a‍n‍c‍e, N‍i‍g‍e‍r‍i‍a"
00940.33bee147237876bc1f28b1bf21b586a0,00940__salted__strict__cp00AD__fragment.33bee147237876bc1f28b1bf21b586a0,strict,00AD,fragment,,Assistance,A­s­s­i­s­t­a­n­c­e,"Nigeria, assistance, Nigeria","N­i­g­e­r­i­a, a­s­s­i­s­t­a­n­c­e, N­i­g­e­r­i­a"
00947.e4d80402e902f1ea42cfc539bb279afd,00947__salted__strict__cp200B__fragment.e4d80402e902f1ea42cfc539bb279afd,strict,200B,fragment,,cartridges,c​a​r​t​r​i​d​g​e​s,,
00947.e4d80402e902f1ea42cfc539bb279afd,00947__salted__strict__cp200C__fragment.e4d80402e902f1ea42cfc539bb279afd,strict,200C,fragment,,cartridges,c‌a‌r‌t‌r‌i‌d‌g‌e‌s,,
00947.e4d80402e902f1ea42cfc539bb279afd,00947__salted__strict__cp200D__fragment.e4d80402e902f1ea42cfc539bb279afd,strict,200D,fragment,,cartridges,c‍a‍r‍t‍r‍i‍d‍g‍e‍s,,
00947.e4d80402e902f1ea42cfc539bb279afd,00947__salted__strict__cp00AD__fragment.e4d80402e902f1ea42cfc539bb279afd,strict,00AD,fragment,,cartridges,c­a­r­t­r­i­d­g­e­s,,
00956.bd15831ffe9661a5395b8ec491a4fed2,00956__salted__strict__cp200B__fragment.bd15831ffe9661a5395b8ec491a4fed2,strict,200B,fragment,,Cartridges,C​a​r​t​r​i​d​g​e​s,,
00956.bd15831ffe9661a5395b8ec491a4fed2,00956__salted__strict__cp200C__fragment.bd15831ffe9661a5395b8ec491a4fed2,strict,200C,fragment,,Cartridges,C‌a‌r‌t‌r‌i‌d‌g‌e‌s,,
00956.bd15831ffe9661a5395b8ec491a4fed2,00956__salted__strict__cp200D__fragment.bd15831ffe9661a5395b8ec491a4fed2,strict,200D,fragment,,Cartridges,C‍a‍r‍t‍r‍i‍d‍g‍e‍s,,
00956.bd15831ffe9661a5395b8ec491a4fed2,00956__salted__strict__cp00AD__fragment.bd15831ffe9661a5395b8ec491a4fed2,strict,00AD,fragment,,Cartridges,C­a­r­t­r­i­d­g­e­s,,
00962.452e4bd0724bf1139c9bc4eb9ec0fe43,00962__salted__strict__cp200B__fragment.452e4bd0724bf1139c9bc4eb9ec0fe43,strict,200B,fragment,,cartridges,c​a​r​t​r​i​d​g​e​s,,
00962.452e4bd0724bf1139c9bc4eb9ec0fe43,00962__salted__strict__cp200C__fragment.452e4bd0724bf1139c9bc4eb9ec0fe43,strict,200C,fragment,,cartridges,c‌a‌r‌t‌r‌i‌d‌g‌e‌s,,
00962.452e4bd0724bf1139c9bc4eb9ec0fe43,00962__salted__strict__cp200D__fragment.452e4bd0724bf1139c9bc4eb9ec0fe43,strict,200D,fragment,,cartridges,c‍a‍r‍t‍r‍i‍d‍g‍e‍s,,
00962.452e4bd0724bf1139c9bc4eb9ec0fe43,00962__salted__strict__cp00AD__fragment.452e4bd0724bf1139c9bc4eb9ec0fe43,strict,00AD,fragment,,cartridges,c­a­r­t­r­i­d­g­e­s,,
00973.ca8a425093e9994271e922f4d60f775c,00973__salted__strict__cp200B__fragment.ca8a425093e9994271e922f4d60f775c,strict,200B,fragment,,,,DeathToSpamDeathToSpamDeathToSpam,D​e​a​t​h​T​o​S​p​a​m​D​e​a​t​h​T​o​S​p​a​m​D​e​a​t​h​T​o​S​p​a​m
00973.ca8a425093e9994271e922f4d60f775c,00973__salted__strict__cp200C__fragment.ca8a425093e9994271e922f4d60f775c,strict,200C,fragment,,,,DeathToSpamDeathToSpamDeathToSpam,D‌e‌a‌t‌h‌T‌o‌S‌p‌a‌m‌D‌e‌a‌t‌h‌T‌o‌S‌p‌a‌m‌D‌e‌a‌t‌h‌T‌o‌S‌p‌a‌m
00973.ca8a425093e9994271e922f4d60f775c,00973__salted__strict__cp200D__fragment.ca8a425093e9994271e922f4d60f775c,strict,200D,fragment,,,,DeathToSpamDeathToSpamDeathToSpam,D‍e‍a‍t‍h‍T‍o‍S‍p‍a‍m‍D‍e‍a‍t‍h‍T‍o‍S‍p‍a‍m‍D‍e‍a‍t‍h‍T‍o‍S‍p‍a‍m
00973.ca8a425093e9994271e922f4d60f775c,00973__salted__strict__cp00AD__fragment.ca8a425093e9994271e922f4d60f775c,strict,00AD,fragment,,,,DeathToSpamDeathToSpamDeathToSpam,D­e­a­t­h­T­o­S­p­a­m­D­e­a­t­h­T­o­S­p­a­m­D­e­a­t­h­T­o­S­p­a­m
01008.5e932696d8f33950af53eb9461a014a2,01008__salted__strict__cp200B__fragment.5e932696d8f33950af53eb9461a014a2,strict,200B,fragment,,,,"promotional, guaranteed, guaranteed","p​r​o​m​o​t​i​o​n​a​l, g​u​a​r​a​n​t​e​e​d, g​u​a​r​a​n​t​e​e​d"
01008.5e932696d8f33950af53eb9461a014a2,01008__salted__strict__cp200C__fragment.5e932696d8f33950af53eb9461a014a2,strict,200C,fragment,,,,"promotional, guaranteed, guaranteed","p‌r‌o‌m‌o‌t‌i‌o‌n‌a‌l, g‌u‌a‌r‌a‌n‌t‌e‌e‌d, g‌u‌a‌r‌a‌n‌t‌e‌e‌d"
01008.5e932696d8f33950af53eb9461a014a2,01008__salted__strict__cp200D__fragment.5e932696d8f33950af53eb9461a014a2,strict,200D,fragment,,,,"promotional, guaranteed, guaranteed","p‍r‍o‍m‍o‍t‍i‍o‍n‍a‍l, g‍u‍a‍r‍a‍n‍t‍e‍e‍d, g‍u‍a‍r‍a‍n‍t‍e‍e‍d"
01008.5e932696d8f33950af53eb9461a014a2,01008__salted__strict__cp00AD__fragment.5e932696d8f33950af53eb9461a014a2,strict,00AD,fragment,,,,"promotional, guaranteed, guaranteed","p­r­o­m­o­t­i­o­n­a­l, g­u­a­r­a­n­t­e­e­d, g­u­a­r­a­n­t­e­e­d"
01011.d4812088cad8553fb214dab8003add9b,01011__salted__strict__cp200B__fragment.d4812088cad8553fb214dab8003add9b,strict,200B,fragment,,,,"assistance, Nigeria, assistance","a​s​s​i​s​t​a​n​c​e, N​i​g​e​r​i​a, a​s​s​i​s​t​a​n​c​e"
01011.d4812088cad8553fb214dab8003add9b,01011__salted__strict__cp200C__fragment.d4812088cad8553fb214dab8003add9b,strict,200C,fragment,,,,"assistance, Nigeria, assistance","a‌s‌s‌i‌s‌t‌a‌n‌c‌e, N‌i‌g‌e‌r‌i‌a, a‌s‌s‌i‌s‌t‌a‌n‌c‌e"
01011.d4812088cad8553fb214dab8003add9b,01011__salted__strict__cp200D__fragment.d4812088cad8553fb214dab8003add9b,strict,200D,fragment,,,,"assistance, Nigeria, assistance","a‍s‍s‍i‍s‍t‍a‍n‍c‍e, N‍i‍g‍e‍r‍i‍a, a‍s‍s‍i‍s‍t‍a‍n‍c‍e"
01011.d4812088cad8553fb214dab8003add9b,01011__salted__strict__cp00AD__fragment.d4812088cad8553fb214dab8003add9b,strict,00AD,fragment,,,,"assistance, Nigeria, assistance","a­s­s­i­s­t­a­n­c­e, N­i­g­e­r­i­a, a­s­s­i­s­t­a­n­c­e"
01014.98c1d0a70f88efb979d9ca65e945363e,01014__salted__strict__cp200B__fragment.98c1d0a70f88efb979d9ca65e945363e,strict,200B,fragment,,,,mailings,m​a​i​l​i​n​g​s
01014.98c1d0a70f88efb979d9ca65e945363e,01014__salted__strict__cp200C__fragment.98c1d0a70f88efb979d9ca65e945363e,strict,200C,fragment,,,,mailings,m‌a‌i‌l‌i‌n‌g‌s
01014.98c1d0a70f88efb979d9ca65e945363e,01014__salted__strict__cp200D__fragment.98c1d0a70f88efb979d9ca65e945363e,strict,200D,fragment,,,,mailings,m‍a‍i‍l‍i‍n‍g‍s
01014.98c1d0a70f88efb979d9ca65e945363e,01014__salted__strict__cp00AD__fragment.98c1d0a70f88efb979d9ca65e945363e,strict,00AD,fragment,,,,mailings,m­a­i­l­i­n­g­s
01016.ac6ce255291deba2f46cdd8ddba3ea01,01016__salted__strict__cp200B__fragment.ac6ce255291deba2f46cdd8ddba3ea01,strict,200B,fragment,,cartridges,c​a​r​t​r​i​d​g​e​s,,
01016.ac6ce255291deba2f46cdd8ddba3ea01,01016__salted__strict__cp200C__fragment.ac6ce255291deba2f46cdd8ddba3ea01,strict,200C,fragment,,cartridges,c‌a‌r‌t‌r‌i‌d‌g‌e‌s,,
01016.ac6ce255291deba2f46cdd8ddba3ea01,01016__salted__strict__cp200D__fragment.ac6ce255291deba2f46cdd8ddba3ea01,strict,200D,fragment,,cartridges,c‍a‍r‍t‍r‍i‍d‍g‍e‍s,,
01016.ac6ce255291deba2f46cdd8ddba3ea01,01016__salted__strict__cp00AD__fragment.ac6ce255291deba2f46cdd8ddba3ea01,strict,00AD,fragment,,cartridges,c­a­r­t­r­i­d­g­e­s,,
01075.07ee7f1ab5ad6659c47baa5ef3691a80,01075__salted__strict__cp200B__fragment.07ee7f1ab5ad6659c47baa5ef3691a80,strict,200B,fragment,,,,"Promotion, DeathToSpamDeathToSpamDeathToSpam","P​r​o​m​o​t​i​o​n, D​e​a​t​h​T​o​S​p​a​m​D​e​a​t​h​T​o​S​p​a​m​D​e​a​t​h​T​o​S​p​a​m"
01075.07ee7f1ab5ad6659c47baa5ef3691a80,01075__salted__strict__cp200C__fragment.07ee7f1ab5ad6659c47baa5ef3691a80,strict,200C,fragment,,,,"Promotion, DeathToSpamDeathToSpamDeathToSpam","P‌r‌o‌m‌o‌t‌i‌o‌n, D‌e‌a‌t‌h‌T‌o‌S‌p‌a‌m‌D‌e‌a‌t‌h‌T‌o‌S‌p‌a‌m‌D‌e‌a‌t‌h‌T‌o‌S‌p‌a‌m"
01075.07ee7f1ab5ad6659c47baa5ef3691a80,01075__salted__strict__cp200D__fragment.07ee7f1ab5ad6659c47baa5ef3691a80,strict,200D,fragment,,,,"Promotion, DeathToSpamDeathToSpamDeathToSpam","P‍r‍o‍m‍o‍t‍i‍o‍n, D‍e‍a‍t‍h‍T‍o‍S‍p‍a‍m‍D‍e‍a‍t‍h‍T‍o‍S‍p‍a‍m‍D‍e‍a‍t‍h‍T‍o‍S‍p‍a‍m"
01075.07ee7f1ab5ad6659c47baa5ef3691a80,01075__salted__strict__cp00AD__fragment.07ee7f1ab5ad6659c47baa5ef3691a80,strict,00AD,fragment,,,,"Promotion, DeathToSpamDeathToSpamDeathToSpam","P­r­o­m­o­t­i­o­n, D­e­a­t­h­T­o­S­p­a­m­D­e­a­t­h­T­o­S­p­a­m­D­e­a­t­h­T­o­S­p­a­m"
01079.9eb95fd88f3d9d551f8c64359470ae7e,01079__salted__strict__cp200B__fragment.9eb95fd88f3d9d551f8c64359470ae7e,strict,200B,fragment,,cartridges,c​a​r​t​r​i​d​g​e​s,,
01079.9eb95fd88f3d9d551f8c64359470ae7e,01079__salted__strict__cp200C__fragment.9eb95fd88f3d9d551f8c64359470ae7e,strict,200C,fragment,,cartridges,c‌a‌r‌t‌r‌i‌d‌g‌e‌s,,
01079.9eb95fd88f3d9d551f8c64359470ae7e,01079__salted__strict__cp200D__fragment.9eb95fd88f3d9d551f8c64359470ae7e,strict,200D,fragment,,cartridges,c‍a‍r‍t‍r‍i‍d‍g‍e‍s,,
01079.9eb95fd88f3d9d551f8c64359470ae7e,01079__salted__strict__cp00AD__fragment.9eb95fd88f3d9d551f8c64359470ae7e,strict,00AD,fragment,,cartridges,c­a­r­t­r­i­d­g­e­s,,
01130.f286229e3c2eeb5c682204de85d903c0,01130__salted__strict__cp200B__fragment.f286229e3c2eeb5c682204de85d903c0,strict,200B,fragment,,SYSTEMWORKS,S​Y​S​T​E​M​W​O​R​K​S,,
01130.f286229e3c2eeb5c682204de85d903c0,01130__salted__strict__cp200C__fragment.f286229e3c2eeb5c682204de85d903c0,strict,200C,fragment,,SYSTEMWORKS,S‌Y‌S‌T‌E‌M‌W‌O‌R‌K‌S,,
01130.f286229e3c2eeb5c682204de85d903c0,01130__salted__strict__cp200D__fragment.f286229e3c2eeb5c682204de85d903c0,strict,200D,fragment,,SYSTEMWORKS,S‍Y‍S‍T‍E‍M‍W‍O‍R‍K‍S,,
01130.f286229e3c2eeb5c682204de85d903c0,01130__salted__strict__cp00AD__fragment.f286229e3c2eeb5c682204de85d903c0,strict,00AD,fragment,,SYSTEMWORKS,S­Y­S­T­E­M­W­O­R­K­S,,
01132.3d0e60ced92087634f1433f12810096d,01132__salted__strict__cp200B__fragment.3d0e60ced92087634f1433f12810096d,strict,200B,fragment,,,,"guaranteed, btamail, guaranteed","g​u​a​r​a​n​t​e​e​d, b​t​a​m​a​i​l, g​u​a​r​a​n​t​e​e​d"
01132.3d0e60ced92087634f1433f12810096d,01132__salted__strict__cp200C__fragment.3d0e60ced92087634f1433f12810096d,strict,200C,fragment,,,,"guaranteed, btamail, guaranteed","g‌u‌a‌r‌a‌n‌t‌e‌e‌d, b‌t‌a‌m‌a‌i‌l, g‌u‌a‌r‌a‌n‌t‌e‌e‌d"
01132.3d0e60ced92087634f1433f12810096d,01132__salted__strict__cp200D__fragment.3d0e60ced92087634f1433f12810096d,strict,200D,fragment,,,,"guaranteed, btamail, guaranteed","g‍u‍a‍r‍a‍n‍t‍e‍e‍d, b‍t‍a‍m‍a‍i‍l, g‍u‍a‍r‍a‍n‍t‍e‍e‍d"
01132.3d0e60ced92087634f1433f12810096d,01132__salted__strict__cp00AD__fragment.3d0e60ced92087634f1433f12810096d,strict,00AD,fragment,,,,"guaranteed, btamail, guaranteed","g­u­a­r­a­n­t­e­e­d, b­t­a­m­a­i­l, g­u­a­r­a­n­t­e­e­d"
01145.a34477ade6db9376e4f8ccbfa8607881,01145__salted__strict__cp200B__fragment.a34477ade6db9376e4f8ccbfa8607881,strict,200B,fragment,,MORTGAGE,M​O​R​T​G​A​G​E,"lenders, Loans, Consultation","l​e​n​d​e​r​s, L​o​a​n​s, C​o​n​s​u​l​t​a​t​i​o​n"
01145.a34477ade6db9376e4f8ccbfa8607881,01145__salted__strict__cp200C__fragment.a34477ade6db9376e4f8ccbfa8607881,strict,200C,fragment,,MORTGAGE,M‌O‌R‌T‌G‌A‌G‌E,"lenders, Loans, Consultation","l‌e‌n‌d‌e‌r‌s, L‌o‌a‌n‌s, C‌o‌n‌s‌u‌l‌t‌a‌t‌i‌o‌n"
01145.a34477ade6db9376e4f8ccbfa8607881,01145__salted__strict__cp200D__fragment.a34477ade6db9376e4f8ccbfa8607881,strict,200D,fragment,,MORTGAGE,M‍O‍R‍T‍G‍A‍G‍E,"lenders, Loans, Consultation","l‍e‍n‍d‍e‍r‍s, L‍o‍a‍n‍s, C‍o‍n‍s‍u‍l‍t‍a‍t‍i‍o‍n"
01145.a34477ade6db9376e4f8ccbfa8607881,01145__salted__strict__cp00AD__fragment.a34477ade6db9376e4f8ccbfa8607881,strict,00AD,fragment,,MORTGAGE,M­O­R­T­G­A­G­E,"lenders, Loans, Consultation","l­e­n­d­e­r­s, L­o­a­n­s, C­o­n­s­u­l­t­a­t­i­o­n"
01151.e295c81d698d58f43f17bde22076cbef,01151__salted__strict__cp200B__fragment.e295c81d698d58f43f17bde22076cbef,strict,200B,fragment,,,,"Nigeria, Nigeria, Nigeria","N​i​g​e​r​i​a, N​i​g​e​r​i​a, N​i​g​e​r​i​a"
01151.e295c81d698d58f43f17bde22076cbef,01151__salted__strict__cp200C__fragment.e295c81d698d58f43f17bde22076cbef,strict,200C,fragment,,,,"Nigeria, Nigeria, Nigeria","N‌i‌g‌e‌r‌i‌a, N‌i‌g‌e‌r‌i‌a, N‌i‌g‌e‌r‌i‌a"
01151.e295c81d698d58f43f17bde22076cbef,01151__salted__strict__cp200D__fragment.e295c81d698d58f43f17bde22076cbef,strict,200D,fragment,,,,"Nigeria, Nigeria, Nigeria","N‍i‍g‍e‍r‍i‍a, N‍i‍g‍e‍r‍i‍a, N‍i‍g‍e‍r‍i‍a"
01151.e295c81d698d58f43f17bde22076cbef,01151__salted__strict__cp00AD__fragment.e295c81d698d58f43f17bde22076cbef,strict,00AD,fragment,,,,"Nigeria, Nigeria, Nigeria","N­i­g­e­r­i­a, N­i­g­e­r­i­a, N­i­g­e­r­i­a"
01158.5acbdb7eb695f96c08d960a56058481d,01158__salted__strict__cp200B__fragment.5acbdb7eb695f96c08d960a56058481d,strict,200B,fragment,,Refinance,R​e​f​i​n​a​n​c​e,"Refinance, mortgage, Mortgage","R​e​f​i​n​a​n​c​e, m​o​r​t​g​a​g​e, M​o​r​t​g​a​g​e"
01158.5acbdb7eb695f96c08d960a56058481d,01158__salted__strict__cp200C__fragment.5acbdb7eb695f96c08d960a56058481d,strict,200C,fragment,,Refinance,R‌e‌f‌i‌n‌a‌n‌c‌e,"Refinance, mortgage, Mortgage","R‌e‌f‌i‌n‌a‌n‌c‌e, m‌o‌r‌t‌g‌a‌g‌e, M‌o‌r‌t‌g‌a‌g‌e"
01158.5acbdb7eb695f96c08d960a56058481d,01158__salted__strict__cp200D__fragment.5acbdb7eb695f96c08d960a56058481d,strict,200D,fragment,,Refinance,R‍e‍f‍i‍n‍a‍n‍c‍e,"Refinance, mortgage, Mortgage","R‍e‍f‍i‍n‍a‍n‍c‍e, m‍o‍r‍t‍g‍a‍g‍e, M‍o‍r‍t‍g‍a‍g‍e"
01158.5acbdb7eb695f96c08d960a56058481d,01158__salted__strict__cp00AD__fragment.5acbdb7eb695f96c08d960a56058481d,strict,00AD,fragment,,Refinance,R­e­f­i­n­a­n­c­e,"Refinance, mortgage, Mortgage","R­e­f­i­n­a­n­c­e, m­o­r­t­g­a­g­e, M­o­r­t­g­a­g­e"
01165.8c661bf07a1a7a5fe8a9efc2439d17a1,01165__salted__strict__cp200B__fragment.8c661bf07a1a7a5fe8a9efc2439d17a1,strict,200B,fragment,,,,"mortgage, refinance, Mortgage","m​o​r​t​g​a​g​e, r​e​f​i​n​a​n​c​e, M​o​r​t​g​a​g​e"
01165.8c661bf07a1a7a5fe8a9efc2439d17a1,01165__salted__strict__cp200C__fragment.8c661bf07a1a7a5fe8a9efc2439d17a1,strict,200C,fragment,,,,"mortgage, refinance, Mortgage","m‌o‌r‌t‌g‌a‌g‌e, r‌e‌f‌i‌n‌a‌n‌c‌e, M‌o‌r‌t‌g‌a‌g‌e"
01165.8c661bf07a1a7a5fe8a9efc2439d17a1,01165__salted__strict__cp200D__fragment.8c661bf07a1a7a5fe8a9efc2439d17a1,strict,200D,fragment,,,,"mortgage, refinance, Mortgage","m‍o‍r‍t‍g‍a‍g‍e, r‍e‍f‍i‍n‍a‍n‍c‍e, M‍o‍r‍t‍g‍a‍g‍e"
01165.8c661bf07a1a7a5fe8a9efc2439d17a1,01165__salted__strict__cp00AD__fragment.8c661bf07a1a7a5fe8a9efc2439d17a1,strict,00AD,fragment,,,,"mortgage, refinance, Mortgage","m­o­r­t­g­a­g­e, r­e­f­i­n­a­n­c­e, M­o­r­t­g­a­g­e"
01167.2ac57a0189fa2b8713202b84e587b707,01167__salted__strict__cp200B__fragment.2ac57a0189fa2b8713202b84e587b707,strict,200B,fragment,,Postal,P​o​s​t​a​l,,
01167.2ac57a0189fa2b8713202b84e587b707,01167__salted__strict__cp200C__fragment.2ac57a0189fa2b8713202b84e587b707,strict,200C,fragment,,Postal,P‌o‌s‌t‌a‌l,,
01167.2ac57a0189fa2b8713202b84e587b707,01167__salted__strict__cp200D__fragment.2ac57a0189fa2b8713202b84e587b707,strict,200D,fragment,,Postal,P‍o‍s‍t‍a‍l,,
01167.2ac57a0189fa2b8713202b84e587b707,01167__salted__strict__cp00AD__fragment.2ac57a0189fa2b8713202b84e587b707,strict,00AD,fragment,,Postal,P­o­s­t­a­l,,
01169.4e5cf6c3e8863047dbba1bfca2ebab97,01169__salted__strict__cp200B__fragment.4e5cf6c3e8863047dbba1bfca2ebab97,strict,200B,fragment,,,,GUARANTEED,G​U​A​R​A​N​T​E​E​D
01169.4e5cf6c3e8863047dbba1bfca2ebab97,01169__salted__strict__cp200C__fragment.4e5cf6c3e8863047dbba1bfca2ebab97,strict,200C,fragment,,,,GUARANTEED,G‌U‌A‌R‌A‌N‌T‌E‌E‌D
01169.4e5cf6c3e8863047dbba1bfca2ebab97,01169__salted__strict__cp200D__fragment.4e5cf6c3e8863047dbba1bfca2ebab97,strict,200D,fragment,,,,GUARANTEED,G‍U‍A‍R‍A‍N‍T‍E‍E‍D
01169.4e5cf6c3e8863047dbba1bfca2ebab97,01169__salted__strict__cp00AD__fragment.4e5cf6c3e8863047dbba1bfca2ebab97,strict,00AD,fragment,,,,GUARANTEED,G­U­A­R­A­N­T­E­E­D
01203.f4c9144a594fb81ff323053fbd626a55,01203__salted__strict__cp200B__fragment.f4c9144a594fb81ff323053fbd626a55,strict,200B,fragment,,GUARANTEED,G​U​A​R​A​N​T​E​E​D,"mortgage, loans","m​o​r​t​g​a​g​e, l​o​a​n​s"
01203.f4c9144a594fb81ff323053fbd626a55,01203__salted__strict__cp200C__fragment.f4c9144a594fb81ff323053fbd626a55,strict,200C,fragment,,GUARANTEED,G‌U‌A‌R‌A‌N‌T‌E‌E‌D,"mortgage, loans","m‌o‌r‌t‌g‌a‌g‌e, l‌o‌a‌n‌s"
01203.f4c9144a594fb81ff323053fbd626a55,01203__salted__strict__cp200D__fragment.f4c9144a594fb81ff323053fbd626a55,strict,200D,fragment,,GUARANTEED,G‍U‍A‍R‍A‍N‍T‍E‍E‍D,"mortgage, loans","m‍o‍r‍t‍g‍a‍g‍e, l‍o‍a‍n‍s"
01203.f4c9144a594fb81ff323053fbd626a55,01203__salted__strict__cp00AD__fragment.f4c9144a594fb81ff323053fbd626a55,strict,00AD,fragment,,GUARANTEED,G­U­A­R­A­N­T­E­E­D,"mortgage, loans","m­o­r­t­g­a­g­e, l­o­a­n­s"
01216.e293653cab0c486ba135cf8fbe6700fc,01216__salted__strict__cp200B__fragment.e293653cab0c486ba135cf8fbe6700fc,strict,200B,fragment,,HGH,H​G​H,,
01216.e293653cab0c486ba135cf8fbe6700fc,01216__salted__strict__cp200C__fragment.e293653cab0c486ba135cf8fbe6700fc,strict,200C,fragment,,HGH,H‌G‌H,,
01216.e293653cab0c486ba135cf8fbe6700fc,01216__salted__strict__cp200D__fragment.e293653cab0c486ba135cf8fbe6700fc,strict,200D,fragment,,HGH,H‍G‍H,,
01216.e293653cab0c486ba135cf8fbe6700fc,01216__salted__strict__cp00AD__fragment.e293653cab0c486ba135cf8fbe6700fc,strict,00AD,fragment,,HGH,H­G­H,,
01230.0589bade8df0c343a49c6712f62dfca0,01230__salted__strict__cp200B__fragment.0589bade8df0c343a49c6712f62dfca0,strict,200B,fragment,,,,"Guaranteed, Guaranteed, guaranteed","G​u​a​r​a​n​t​e​e​d, G​u​a​r​a​n​t​e​e​d, g​u​a​r​a​n​t​e​e​d"
01230.0589bade8df0c343a49c6712f62dfca0,01230__salted__strict__cp200C__fragment.0589bade8df0c343a49c6712f62dfca0,strict,200C,fragment,,,,"Guaranteed, Guaranteed, guaranteed","G‌u‌a‌r‌a‌n‌t‌e‌e‌d, G‌u‌a‌r‌a‌n‌t‌e‌e‌d, g‌u‌a‌r‌a‌n‌t‌e‌e‌d"
01230.0589bade8df0c343a49c6712f62dfca0,01230__salted__strict__cp200D__fragment.0589bade8df0c343a49c6712f62dfca0,strict,200D,fragment,,,,"Guaranteed, Guaranteed, guaranteed","G‍u‍a‍r‍a‍n‍t‍e‍e‍d, G‍u‍a‍r‍a‍n‍t‍e‍e‍d, g‍u‍a‍r‍a‍n‍t‍e‍e‍d"
01230.0589bade8df0c343a49c6712f62dfca0,01230__salted__strict__cp00AD__fragment.0589bade8df0c343a49c6712f62dfca0,strict,00AD,fragment,,,,"Guaranteed, Guaranteed, guaranteed","G­u­a­r­a­n­t­e­e­d, G­u­a­r­a­n­t­e­e­d, g­u­a­r­a­n­t­e­e­d"
01236.903d52340bf3ed1a328b039bcd94e1c9,01236__salted__strict__cp200B__fragment.903d52340bf3ed1a328b039bcd94e1c9,strict,200B,fragment,,cartridges,c​a​r​t​r​i​d​g​e​s,,
01236.903d52340bf3ed1a328b039bcd94e1c9,01236__salted__strict__cp200C__fragment.903d52340bf3ed1a328b039bcd94e1c9,strict,200C,fragment,,cartridges,c‌a‌r‌t‌r‌i‌d‌g‌e‌s,,
01236.903d52340bf3ed1a328b039bcd94e1c9,01236__salted__strict__cp200D__fragment.903d52340bf3ed1a328b039bcd94e1c9,strict,200D,fragment,,cartridges,c‍a‍r‍t‍r‍i‍d‍g‍e‍s,,
01236.903d52340bf3ed1a328b039bcd94e1c9,01236__salted__strict__cp00AD__fragment.903d52340bf3ed1a328b039bcd94e1c9,strict,00AD,fragment,,cartridges,c­a­r­t­r­i­d­g­e­s,,
01240.7d6ae3682a3dd3fe457516b188eb105c,01240__salted__strict__cp200B__fragment.7d6ae3682a3dd3fe457516b188eb105c,strict,200B,fragment,,assistance,a​s​s​i​s​t​a​n​c​e,NIGERIA,N​I​G​E​R​I​A
01240.7d6ae3682a3dd3fe457516b188eb105c,01240__salted__strict__cp200C__fragment.7d6ae3682a3dd3fe457516b188eb105c,strict,200C,fragment,,assistance,a‌s‌s‌i‌s‌t‌a‌n‌c‌e,NIGERIA,N‌I‌G‌E‌R‌I‌A
01240.7d6ae3682a3dd3fe457516b188eb105c,01240__salted__strict__cp200D__fragment.7d6ae3682a3dd3fe457516b188eb105c,strict,200D,fragment,,assistance,a‍s‍s‍i‍s‍t‍a‍n‍c‍e,NIGERIA,N‍I‍G‍E‍R‍I‍A
01240.7d6ae3682a3dd3fe457516b188eb105c,01240__salted__strict__cp00AD__fragment.7d6ae3682a3dd3fe457516b188eb105c,strict,00AD,fragment,,assistance,a­s­s­i­s­t­a­n­c­e,NIGERIA,N­I­G­E­R­I­A
01242.3743099b115c6a8a273d8eca34a9c738,01242__salted__strict__cp200B__fragment.3743099b115c6a8a273d8eca34a9c738,strict,200B,fragment,,Cartridges,C​a​r​t​r​i​d​g​e​s,,
01242.3743099b115c6a8a273d8eca34a9c738,01242__salted__strict__cp200C__fragment.3743099b115c6a8a273d8eca34a9c738,strict,200C,fragment,,Cartridges,C‌a‌r‌t‌r‌i‌d‌g‌e‌s,,
01242.3743099b115c6a8a273d8eca34a9c738,01242__salted__strict__cp200D__fragment.3743099b115c6a8a273d8eca34a9c738,strict,200D,fragment,,Cartridges,C‍a‍r‍t‍r‍i‍d‍g‍e‍s,,
01242.3743099b115c6a8a273d8eca34a9c738,01242__salted__strict__cp00AD__fragment.3743099b115c6a8a273d8eca34a9c738,strict,00AD,fragment,,Cartridges,C­a­r­t­r­i­d­g­e­s,,
01250.2bfc033f9ced1c70e480ec75b0094431,01250__salted__strict__cp200B__fragment.2bfc033f9ced1c70e480ec75b0094431,strict,200B,fragment,,,,mailings,m​a​i​l​i​n​g​s
01250.2bfc033f9ced1c70e480ec75b0094431,01250__salted__strict__cp200C__fragment.2bfc033f9ced1c70e480ec75b0094431,strict,200C,fragment,,,,mailings,m‌a‌i‌l‌i‌n‌g‌s
01250.2bfc033f9ced1c70e480ec75b0094431,01250__salted__strict__cp200D__fragment.2bfc033f9ced1c70e480ec75b0094431,strict,200D,fragment,,,,mailings,m‍a‍i‍l‍i‍n‍g‍s
01250.2bfc033f9ced1c70e480ec75b0094431,01250__salted__strict__cp00AD__fragment.2bfc033f9ced1c70e480ec75b0094431,strict,00AD,fragment,,,,mailings,m­a­i­l­i­n­g­s
01253.26e421b9623002d636c29f79f68a58fb,01253__salted__strict__cp200B__fragment.26e421b9623002d636c29f79f68a58fb,strict,200B,fragment,,cartridges,c​a​r​t​r​i​d​g​e​s,,
01253.26e421b9623002d636c29f79f68a58fb,01253__salted__strict__cp200C__fragment.26e421b9623002d636c29f79f68a58fb,strict,200C,fragment,,cartridges,c‌a‌r‌t‌r‌i‌d‌g‌e‌s,,
01253.26e421b9623002d636c29f79f68a58fb,01253__salted__strict__cp200D__fragment.26e421b9623002d636c29f79f68a58fb,strict,200D,fragment,,cartridges,c‍a‍r‍t‍r‍i‍d‍g‍e‍s,,
01253.26e421b9623002d636c29f79f68a58fb,01253__salted__strict__cp00AD__fragment.26e421b9623002d636c29f79f68a58fb,strict,00AD,fragment,,cartridges,c­a­r­t­r­i­d­g­e­s,,
01255.e04eae4539f81463a930dfe44ebd6af8,01255__salted__strict__cp200B__fragment.e04eae4539f81463a930dfe44ebd6af8,strict,200B,fragment,,HGH,H​G​H,,
01255.e04eae4539f81463a930dfe44ebd6af8,01255__salted__strict__cp200C__fragment.e04eae4539f81463a930dfe44ebd6af8,strict,200C,fragment,,HGH,H‌G‌H,,
01255.e04eae4539f81463a930dfe44ebd6af8,01255__salted__strict__cp200D__fragment.e04eae4539f81463a930dfe44ebd6af8,strict,200D,fragment,,HGH,H‍G‍H,,
01255.e04eae4539f81463a930dfe44ebd6af8,01255__salted__strict__cp00AD__fragment.e04eae4539f81463a930dfe44ebd6af8,strict,00AD,fragment,,HGH,H­G­H,,
01259.b4dff1ed93bc931b271888cd42e41b85,01259__salted__strict__cp200B__fragment.b4dff1ed93bc931b271888cd42e41b85,strict,200B,fragment,,,,"attained, Wholesale, herbal","a​t​t​a​i​n​e​d, W​h​o​l​e​s​a​l​e, h​e​r​b​a​l"
01259.b4dff1ed93bc931b271888cd42e41b85,01259__salted__strict__cp200C__fragment.b4dff1ed93bc931b271888cd42e41b85,strict,200C,fragment,,,,"attained, Wholesale, herbal","a‌t‌t‌a‌i‌n‌e‌d, W‌h‌o‌l‌e‌s‌a‌l‌e, h‌e‌r‌b‌a‌l"
01259.b4dff1ed93bc931b271888cd42e41b85,01259__salted__strict__cp200D__fragment.b4dff1ed93bc931b271888cd42e41b85,strict,200D,fragment,,,,"attained, Wholesale, herbal","a‍t‍t‍a‍i‍n‍e‍d, W‍h‍o‍l‍e‍s‍a‍l‍e, h‍e‍r‍b‍a‍l"
01259.b4dff1ed93bc931b271888cd42e41b85,01259__salted__strict__cp00AD__fragment.b4dff1ed93bc931b271888cd42e41b85,strict,00AD,fragment,,,,"attained, Wholesale, herbal","a­t­t­a­i­n­e­d, W­h­o­l­e­s­a­l­e, h­e­r­b­a­l"
01267.6e9de9ba20f59c26028ebdb4550685fb,01267__salted__strict__cp200B__fragment.6e9de9ba20f59c26028ebdb4550685fb,strict,200B,fragment,,SYSTEMWORKS,S​Y​S​T​E​M​W​O​R​K​S,,
01267.6e9de9ba20f59c26028ebdb4550685fb,01267__salted__strict__cp200C__fragment.6e9de9ba20f59c26028ebdb4550685fb,strict,200C,fragment,,SYSTEMWORKS,S‌Y‌S‌T‌E‌M‌W‌O‌R‌K‌S,,
01267.6e9de9ba20f59c26028ebdb4550685fb,01267__salted__strict__cp200D__fragment.6e9de9ba20f59c26028ebdb4550685fb,strict,200D,fragment,,SYSTEMWORKS,S‍Y‍S‍T‍E‍M‍W‍O‍R‍K‍S,,
01267.6e9de9ba20f59c26028ebdb4550685fb,01267__salted__strict__cp00AD__fragment.6e9de9ba20f59c26028ebdb4550685fb,strict,00AD,fragment,,SYSTEMWORKS,S­Y­S­T­E­M­W­O­R­K­S,,
01280.34dde162b3c6b2e873fc9f094d28b0fd,01280__salted__strict__cp200B__fragment.34dde162b3c6b2e873fc9f094d28b0fd,strict,200B,fragment,,,,"wholesale, mailings","w​h​o​l​e​s​a​l​e, m​a​i​l​i​n​g​s"
01280.34dde162b3c6b2e873fc9f094d28b0fd,01280__salted__strict__cp200C__fragment.34dde162b3c6b2e873fc9f094d28b0fd,strict,200C,fragment,,,,"wholesale, mailings","w‌h‌o‌l‌e‌s‌a‌l‌e, m‌a‌i‌l‌i‌n‌g‌s"
01280.34dde162b3c6b2e873fc9f094d28b0fd,01280__salted__strict__cp200D__fragment.34dde162b3c6b2e873fc9f094d28b0fd,strict,200D,fragment,,,,"wholesale, mailings","w‍h‍o‍l‍e‍s‍a‍l‍e, m‍a‍i‍l‍i‍n‍g‍s"
01280.34dde162b3c6b2e873fc9f094d28b0fd,01280__salted__strict__cp00AD__fragment.34dde162b3c6b2e873fc9f094d28b0fd,strict,00AD,fragment,,,,"wholesale, mailings","w­h­o­l­e­s­a­l­e, m­a­i­l­i­n­g­s"
01308.c46f1215ccd8cedf162e0cf308b94dcd,01308__salted__strict__cp200B__fragment.c46f1215ccd8cedf162e0cf308b94dcd,strict,200B,fragment,,,,"ATTAINED, testimonials, GUARANTEED","A​T​T​A​I​N​E​D, t​e​s​t​i​m​o​n​i​a​l​s, G​U​A​R​A​N​T​E​E​D"
01308.c46f1215ccd8cedf162e0cf308b94dcd,01308__salted__strict__cp200C__fragment.c46f1215ccd8cedf162e0cf308b94dcd,strict,200C,fragment,,,,"ATTAINED, testimonials, GUARANTEED","A‌T‌T‌A‌I‌N‌E‌D, t‌e‌s‌t‌i‌m‌o‌n‌i‌a‌l‌s, G‌U‌A‌R‌A‌N‌T‌E‌E‌D"
01308.c46f1215ccd8cedf162e0cf308b94dcd,01308__salted__strict__cp200D__fragment.c46f1215ccd8cedf162e0cf308b94dcd,strict,200D,fragment,,,,"ATTAINED, testimonials, GUARANTEED","A‍T‍T‍A‍I‍N‍E‍D, t‍e‍s‍t‍i‍m‍o‍n‍i‍a‍l‍s, G‍U‍A‍R‍A‍N‍T‍E‍E‍D"
01308.c46f1215ccd8cedf162e0cf308b94dcd,01308__salted__strict__cp00AD__fragment.c46f1215ccd8cedf162e0cf308b94dcd,strict,00AD,fragment,,,,"ATTAINED, testimonials, GUARANTEED","A­T­T­A­I­N­E­D, t­e­s­t­i­m­o­n­i­a­l­s, G­U­A­R­A­N­T­E­E­D"
01311.43bfe86df65d53c5f7ca2365dc12582b,01311__salted__strict__cp200B__fragment.43bfe86df65d53c5f7ca2365dc12582b,strict,200B,fragment,,mortgage,m​o​r​t​g​a​g​e,,
01311.43bfe86df65d53c5f7ca2365dc12582b,01311__salted__strict__cp200C__fragment.43bfe86df65d53c5f7ca2365dc12582b,strict,200C,fragment,,mortgage,m‌o‌r‌t‌g‌a‌g‌e,,
01311.43bfe86df65d53c5f7ca2365dc12582b,01311__salted__strict__cp200D__fragment.43bfe86df65d53c5f7ca2365dc12582b,strict,200D,fragment,,mortgage,m‍o‍r‍t‍g‍a‍g‍e,,
01311.43bfe86df65d53c5f7ca2365dc12582b,01311__salted__strict__cp00AD__fragment.43bfe86df65d53c5f7ca2365dc12582b,strict,00AD,fragment,,mortgage,m­o­r­t­g­a­g­e,,
01335.ca70ab7f2d1accef8b3cf646e3004ef8,01335__salted__strict__cp200B__fragment.ca70ab7f2d1accef8b3cf646e3004ef8,strict,200B,fragment,,mortgage,m​o​r​t​g​a​g​e,,
01335.ca70ab7f2d1accef8b3cf646e3004ef8,01335__salted__strict__cp200C__fragment.ca70ab7f2d1accef8b3cf646e3004ef8,strict,200C,fragment,,mortgage,m‌o‌r‌t‌g‌a‌g‌e,,
01335.ca70ab7f2d1accef8b3cf646e3004ef8,01335__salted__strict__cp200D__fragment.ca70ab7f2d1accef8b3cf646e3004ef8,strict,200D,fragment,,mortgage,m‍o‍r‍t‍g‍a‍g‍e,,
01335.ca70ab7f2d1accef8b3cf646e3004ef8,01335__salted__strict__cp00AD__fragment.ca70ab7f2d1accef8b3cf646e3004ef8,strict,00AD,fragment,,mortgage,m­o­r­t­g­a­g­e,,
01339.d94a16532a6f42497266dcc327a40163,01339__salted__strict__cp200B__fragment.d94a16532a6f42497266dcc327a40163,strict,200B,fragment,,mortgage,m​o​r​t​g​a​g​e,,
01339.d94a16532a6f42497266dcc327a40163,01339__salted__strict__cp200C__fragment.d94a16532a6f42497266dcc327a40163,strict,200C,fragment,,mortgage,m‌o‌r‌t‌g‌a‌g‌e,,
01339.d94a16532a6f42497266dcc327a40163,01339__salted__strict__cp200D__fragment.d94a16532a6f42497266dcc327a40163,strict,200D,fragment,,mortgage,m‍o‍r‍t‍g‍a‍g‍e,,
01339.d94a16532a6f42497266dcc327a40163,01339__salted__strict__cp00AD__fragment.d94a16532a6f42497266dcc327a40163,strict,00AD,fragment,,mortgage,m­o­r­t­g­a­g­e,,
01342.7f89acf56fb4398340a0b07481e3193f,01342__salted__strict__cp200B__fragment.7f89acf56fb4398340a0b07481e3193f,strict,200B,fragment,,,,"Postal, MasterCard, Postal","P​o​s​t​a​l, M​a​s​t​e​r​C​a​r​d, P​o​s​t​a​l"
01342.7f89acf56fb4398340a0b07481e3193f,01342__salted__strict__cp200C__fragment.7f89acf56fb4398340a0b07481e3193f,strict,200C,fragment,,,,"Postal, MasterCard, Postal","P‌o‌s‌t‌a‌l, M‌a‌s‌t‌e‌r‌C‌a‌r‌d, P‌o‌s‌t‌a‌l"
01342.7f89acf56fb4398340a0b07481e3193f,01342__salted__strict__cp200D__fragment.7f89acf56fb4398340a0b07481e3193f,strict,200D,fragment,,,,"Postal, MasterCard, Postal","P‍o‍s‍t‍a‍l, M‍a‍s‍t‍e‍r‍C‍a‍r‍d, P‍o‍s‍t‍a‍l"
01342.7f89acf56fb4398340a0b07481e3193f,01342__salted__strict__cp00AD__fragment.7f89acf56fb4398340a0b07481e3193f,strict,00AD,fragment,,,,"Postal, MasterCard, Postal","P­o­s­t­a­l, M­a­s­t­e­r­C­a­r­d, P­o­s­t­a­l"
01355.a47c042a6e16456c5b49c18d5b3868cb,01355__salted__strict__cp200B__fragment.a47c042a6e16456c5b49c18d5b3868cb,strict,200B,fragment,,,,mailings,m​a​i​l​i​n​g​s
01355.a47c042a6e16456c5b49c18d5b3868cb,01355__salted__strict__cp200C__fragment.a47c042a6e16456c5b49c18d5b3868cb,strict,200C,fragment,,,,mailings,m‌a‌i‌l‌i‌n‌g‌s
01355.a47c042a6e16456c5b49c18d5b3868cb,01355__salted__strict__cp200D__fragment.a47c042a6e16456c5b49c18d5b3868cb,strict,200D,fragment,,,,mailings,m‍a‍i‍l‍i‍n‍g‍s
01355.a47c042a6e16456c5b49c18d5b3868cb,01355__salted__strict__cp00AD__fragment.a47c042a6e16456c5b49c18d5b3868cb,strict,00AD,fragment,,,,mailings,m­a­i­l­i­n­g­s
01363.85518bca7c7cb9f35e57f3adda762ac9,01363__salted__strict__cp200B__fragment.85518bca7c7cb9f35e57f3adda762ac9,strict,200B,fragment,,,,promotion,p​r​o​m​o​t​i​o​n
01363.85518bca7c7cb9f35e57f3adda762ac9,01363__salted__strict__cp200C__fragment.85518bca7c7cb9f35e57f3adda762ac9,strict,200C,fragment,,,,promotion,p‌r‌o‌m‌o‌t‌i‌o‌n
01363.85518bca7c7cb9f35e57f3adda762ac9,01363__salted__strict__cp200D__fragment.85518bca7c7cb9f35e57f3adda762ac9,strict,200D,fragment,,,,promotion,p‍r‍o‍m‍o‍t‍i‍o‍n
01363.85518bca7c7cb9f35e57f3adda762ac9,01363__salted__strict__cp00AD__fragment.85518bca7c7cb9f35e57f3adda762ac9,strict,00AD,fragment,,,,promotion,p­r­o­m­o­t­i­o­n
01372.5d236077d94148a0ca71751f8f0a2e58,01372__salted__strict__cp200B__fragment.5d236077d94148a0ca71751f8f0a2e58,strict,200B,fragment,,Herbal,H​e​r​b​a​l,,
01372.5d236077d94148a0ca71751f8f0a2e58,01372__salted__strict__cp200C__fragment.5d236077d94148a0ca71751f8f0a2e58,strict,200C,fragment,,Herbal,H‌e‌r‌b‌a‌l,,
01372.5d236077d94148a0ca71751f8f0a2e58,01372__salted__strict__cp200D__fragment.5d236077d94148a0ca71751f8f0a2e58,strict,200D,fragment,,Herbal,H‍e‍r‍b‍a‍l,,
01372.5d236077d94148a0ca71751f8f0a2e58,01372__salted__strict__cp00AD__fragment.5d236077d94148a0ca71751f8f0a2e58,strict,00AD,fragment,,Herbal,H­e­r­b­a­l,,
01382.37400f7a1f36cd45165c2a72a9ec8baa,01382__salted__strict__cp200B__fragment.37400f7a1f36cd45165c2a72a9ec8baa,strict,200B,fragment,,,,"earn, promotion, Confidentiality","e​a​r​n, p​r​o​m​o​t​i​o​n, C​o​n​f​i​d​e​n​t​i​a​l​i​t​y"
01382.37400f7a1f36cd45165c2a72a9ec8baa,01382__salted__strict__cp200C__fragment.37400f7a1f36cd45165c2a72a9ec8baa,strict,200C,fragment,,,,"earn, promotion, Confidentiality","e‌a‌r‌n, p‌r‌o‌m‌o‌t‌i‌o‌n, C‌o‌n‌f‌i‌d‌e‌n‌t‌i‌a‌l‌i‌t‌y"
01382.37400f7a1f36cd45165c2a72a9ec8baa,01382__salted__strict__cp200D__fragment.37400f7a1f36cd45165c2a72a9ec8baa,strict,200D,fragment,,,,"earn, promotion, Confidentiality","e‍a‍r‍n, p‍r‍o‍m‍o‍t‍i‍o‍n, C‍o‍n‍f‍i‍d‍e‍n‍t‍i‍a‍l‍i‍t‍y"
01382.37400f7a1f36cd45165c2a72a9ec8baa,01382__salted__strict__cp00AD__fragment.37400f7a1f36cd45165c2a72a9ec8baa,strict,00AD,fragment,,,,"earn, promotion, Confidentiality","e­a­r­n, p­r­o­m­o­t­i­o­n, C­o­n­f­i­d­e­n­t­i­a­l­i­t­y"
01395.cb33d1d72f42e4ab9268729917bf428b,01395__salted__strict__cp200B__fragment.cb33d1d72f42e4ab9268729917bf428b,strict,200B,fragment,,ADV,A​D​V,,
01395.cb33d1d72f42e4ab9268729917bf428b,01395__salted__strict__cp200C__fragment.cb33d1d72f42e4ab9268729917bf428b,strict,200C,fragment,,ADV,A‌D‌V,,
01395.cb33d1d72f42e4ab9268729917bf428b,01395__salted__strict__cp200D__fragment.cb33d1d72f42e4ab9268729917bf428b,strict,200D,fragment,,ADV,A‍D‍V,,
01395.cb33d1d72f42e4ab9268729917bf428b,01395__salted__strict__cp00AD__fragment.cb33d1d72f42e4ab9268729917bf428b,strict,00AD,fragment,,ADV,A­D­V,,
