message_id,variant_filename,vocab_type,codepoint,salt_mode,fragment_max_positions,subject_original_tokens,subject_salted_tokens,body_original_tokens,body_salted_tokens
00001.317e78fa8ee2f54cd4890fdc09ba8176,00001__salted__broad__cp200B__single.317e78fa8ee2f54cd4890fdc09ba8176,broad,200B,single,,MLM,ML​M,"removal, marketing, MLM","re​moval, ma​rketing, ML​M"
00001.317e78fa8ee2f54cd4890fdc09ba8176,00001__salted__broad__cp200C__single.317e78fa8ee2f54cd4890fdc09ba8176,broad,200C,single,,MLM,ML‌M,"removal, marketing, MLM","re‌moval, ma‌rketing, ML‌M"
00001.317e78fa8ee2f54cd4890fdc09ba8176,00001__salted__broad__cp200D__single.317e78fa8ee2f54cd4890fdc09ba8176,broad,200D,single,,MLM,ML‍M,"removal, marketing, MLM","re‍moval, ma‍rketing, ML‍M"
00001.317e78fa8ee2f54cd4890fdc09ba8176,00001__salted__broad__cp00AD__single.317e78fa8ee2f54cd4890fdc09ba8176,broad,00AD,single,,MLM,ML­M,"removal, marketing, MLM","re­moval, ma­rketing, ML­M"
00001.7848dde101aa985090474a91ec93fcf0,00001__salted__broad__cp200B__single.7848dde101aa985090474a91ec93fcf0,broad,200B,single,,Insurance,In​surance,,
00001.7848dde101aa985090474a91ec93fcf0,00001__salted__broad__cp200C__single.7848dde101aa985090474a91ec93fcf0,broad,200C,single,,Insurance,In‌surance,,
00001.7848dde101aa985090474a91ec93fcf0,00001__salted__broad__cp200D__single.7848dde101aa985090474a91ec93fcf0,broad,200D,single,,Insurance,In‍surance,,
00001.7848dde101aa985090474a91ec93fcf0,00001__salted__broad__cp00AD__single.7848dde101aa985090474a91ec93fcf0,broad,00AD,single,,Insurance,In­surance,,
00002.9438920e9a55591b18e60d1ed37d992b,00002__salted__broad__cp200B__single.9438920e9a55591b18e60d1ed37d992b,broad,200B,single,,Shipping,Sh​ipping,,
00002.9438920e9a55591b18e60d1ed37d992b,00002__salted__broad__cp200C__single.9438920e9a55591b18e60d1ed37d992b,broad,200C,single,,Shipping,Sh‌ipping,,
00002.9438920e9a55591b18e60d1ed37d992b,00002__salted__broad__cp200D__single.9438920e9a55591b18e60d1ed37d992b,broad,200D,single,,Shipping,Sh‍ipping,,
00002.9438920e9a55591b18e60d1ed37d992b,00002__salted__broad__cp00AD__single.9438920e9a55591b18e60d1ed37d992b,broad,00AD,single,,Shipping,Sh­ipping,,
00005.57696a39d7d84318ce497886896bf90d,00005__salted__broad__cp200B__single.57696a39d7d84318ce497886896bf90d,broad,200B,single,,Guaranteed,Gu​aranteed,"Guaranteed, lose, Risk","Gu​aranteed, lo​se, Ri​sk"
00005.57696a39d7d84318ce497886896bf90d,00005__salted__broad__cp200C__single.57696a39d7d84318ce497886896bf90d,broad,200C,single,,Guaranteed,Gu‌aranteed,"Guaranteed, lose, Risk","Gu‌aranteed, lo‌se, Ri‌sk"
00005.57696a39d7d84318ce497886896bf90d,00005__salted__broad__cp200D__single.57696a39d7d84318ce497886896bf90d,broad,200D,single,,Guaranteed,Gu‍aranteed,"Guaranteed, lose, Risk","Gu‍aranteed, lo‍se, Ri‍sk"
00005.57696a39d7d84318ce497886896bf90d,00005__salted__broad__cp00AD__single.57696a39d7d84318ce497886896bf90d,broad,00AD,single,,Guaranteed,Gu­aranteed,"Guaranteed, lose, Risk","Gu­aranteed, lo­se, Ri­sk"
00005.ed0aba4d386c5e62bc737cf3f0ed9589,00005__salted__broad__cp200B__single.ed0aba4d386c5e62bc737cf3f0ed9589,broad,200B,single,,Cash,Ca​sh,,
00005.ed0aba4d386c5e62bc737cf3f0ed9589,00005__salted__broad__cp200C__single.ed0aba4d386c5e62bc737cf3f0ed9589,broad,200C,single,,Cash,Ca‌sh,,
00005.ed0aba4d386c5e62bc737cf3f0ed9589,00005__salted__broad__cp200D__single.ed0aba4d386c5e62bc737cf3f0ed9589,broad,200D,single,,Cash,Ca‍sh,,
00005.ed0aba4d386c5e62bc737cf3f0ed9589,00005__salted__broad__cp00AD__single.ed0aba4d386c5e62bc737cf3f0ed9589,broad,00AD,single,,Cash,Ca­sh,,
00006.5ab5620d3d7c6c0db76234556a16f6c1,00006__salted__broad__cp200B__single.5ab5620d3d7c6c0db76234556a16f6c1,broad,200B,single,,Bank,Ba​nk,"CASH, financial, Testimonials","CA​SH, fi​nancial, Te​stimonials"
00006.5ab5620d3d7c6c0db76234556a16f6c1,00006__salted__broad__cp200C__single.5ab5620d3d7c6c0db76234556a16f6c1,broad,200C,single,,Bank,Ba‌nk,"CASH, financial, Testimonials","CA‌SH, fi‌nancial, Te‌stimonials"
00006.5ab5620d3d7c6c0db76234556a16f6c1,00006__salted__broad__cp200D__single.5ab5620d3d7c6c0db76234556a16f6c1,broad,200D,single,,Bank,Ba‍nk,"CASH, financial, Testimonials","CA‍SH, fi‍nancial, Te‍stimonials"
00006.5ab5620d3d7c6c0db76234556a16f6c1,00006__salted__broad__cp00AD__single.5ab5620d3d7c6c0db76234556a16f6c1,broad,00AD,single,,Bank,Ba­nk,"CASH, financial, Testimonials","CA­SH, fi­nancial, Te­stimonials"
00007.acefeee792b5298f8fee175f9f65c453,00007__salted__broad__cp200B__single.acefeee792b5298f8fee175f9f65c453,broad,200B,single,,,,"Sir, Madam, wish","Si​r, Ma​dam, wi​sh"
00007.acefeee792b5298f8fee175f9f65c453,00007__salted__broad__cp200C__single.acefeee792b5298f8fee175f9f65c453,broad,200C,single,,,,"Sir, Madam, wish","Si‌r, Ma‌dam, wi‌sh"
00007.acefeee792b5298f8fee175f9f65c453,00007__salted__broad__cp200D__single.acefeee792b5298f8fee175f9f65c453,broad,200D,single,,,,"Sir, Madam, wish","Si‍r, Ma‍dam, wi‍sh"
00007.acefeee792b5298f8fee175f9f65c453,00007__salted__broad__cp00AD__single.acefeee792b5298f8fee175f9f65c453,broad,00AD,single,,,,"Sir, Madam, wish","Si­r, Ma­dam, wi­sh"
00007.d8521faf753ff9ee989122f6816f87d7,00007__salted__broad__cp200B__single.d8521faf753ff9ee989122f6816f87d7,broad,200B,single,,FORTUNE,FO​RTUNE,"fortune, opportunity, income","fo​rtune, op​portunity, in​come"
00007.d8521faf753ff9ee989122f6816f87d7,00007__salted__broad__cp200C__single.d8521faf753ff9ee989122f6816f87d7,broad,200C,single,,FORTUNE,FO‌RTUNE,"fortune, opportunity, income","fo‌rtune, op‌portunity, in‌come"
00007.d8521faf753ff9ee989122f6816f87d7,00007__salted__broad__cp200D__single.d8521faf753ff9ee989122f6816f87d7,broad,200D,single,,FORTUNE,FO‍RTUNE,"fortune, opportunity, income","fo‍rtune, op‍portunity, in‍come"
00007.d8521faf753ff9ee989122f6816f87d7,00007__salted__broad__cp00AD__single.d8521faf753ff9ee989122f6816f87d7,broad,00AD,single,,FORTUNE,FO­RTUNE,"fortune, opportunity, income","fo­rtune, op­portunity, in­come"
00009.027bf6e0b0c4ab34db3ce0ea4bf2edab,00009__salted__broad__cp200B__single.027bf6e0b0c4ab34db3ce0ea4bf2edab,broad,200B,single,,Bank,Ba​nk,"RECEIVE, CASH, financial","RE​CEIVE, CA​SH, fi​nancial"
00009.027bf6e0b0c4ab34db3ce0ea4bf2edab,00009__salted__broad__cp200C__single.027bf6e0b0c4ab34db3ce0ea4bf2edab,broad,200C,single,,Bank,Ba‌nk,"RECEIVE, CASH, financial","RE‌CEIVE, CA‌SH, fi‌nancial"
00009.027bf6e0b0c4ab34db3ce0ea4bf2edab,00009__salted__broad__cp200D__single.027bf6e0b0c4ab34db3ce0ea4bf2edab,broad,200D,single,,Bank,Ba‍nk,"RECEIVE, CASH, financial","RE‍CEIVE, CA‍SH, fi‍nancial"
00009.027bf6e0b0c4ab34db3ce0ea4bf2edab,00009__salted__broad__cp00AD__single.027bf6e0b0c4ab34db3ce0ea4bf2edab,broad,00AD,single,,Bank,Ba­nk,"RECEIVE, CASH, financial","RE­CEIVE, CA­SH, fi­nancial"
00011.61816b9ad167657773a427d890d0468e,00011__salted__broad__cp200B__single.61816b9ad167657773a427d890d0468e,broad,200B,single,,,,"Wholesale, Prices, merchant","Wh​olesale, Pr​ices, me​rchant"
00011.61816b9ad167657773a427d890d0468e,00011__salted__broad__cp200C__single.61816b9ad167657773a427d890d0468e,broad,200C,single,,,,"Wholesale, Prices, merchant","Wh‌olesale, Pr‌ices, me‌rchant"
00011.61816b9ad167657773a427d890d0468e,00011__salted__broad__cp200D__single.61816b9ad167657773a427d890d0468e,broad,200D,single,,,,"Wholesale, Prices, merchant","Wh‍olesale, Pr‍ices, me‍rchant"
00011.61816b9ad167657773a427d890d0468e,00011__salted__broad__cp00AD__single.61816b9ad167657773a427d890d0468e,broad,00AD,single,,,,"Wholesale, Prices, merchant","Wh­olesale, Pr­ices, me­rchant"
00013.d3f0b591a65f116ea5d9d4ad919f83aa,00013__salted__broad__cp200B__single.d3f0b591a65f116ea5d9d4ad919f83aa,broad,200B,single,,,,"Risk, Guaranteed, lose","Ri​sk, Gu​aranteed, lo​se"
00013.d3f0b591a65f116ea5d9d4ad919f83aa,00013__salted__broad__cp200C__single.d3f0b591a65f116ea5d9d4ad919f83aa,broad,200C,single,,,,"Risk, Guaranteed, lose","Ri‌sk, Gu‌aranteed, lo‌se"
00013.d3f0b591a65f116ea5d9d4ad919f83aa,00013__salted__broad__cp200D__single.d3f0b591a65f116ea5d9d4ad919f83aa,broad,200D,single,,,,"Risk, Guaranteed, lose","Ri‍sk, Gu‍aranteed, lo‍se"
00013.d3f0b591a65f116ea5d9d4ad919f83aa,00013__salted__broad__cp00AD__single.d3f0b591a65f116ea5d9d4ad919f83aa,broad,00AD,single,,,,"Risk, Guaranteed, lose","Ri­sk, Gu­aranteed, lo­se"
00014.13574737e55e51fe6737a475b88b5052,00014__salted__broad__cp200B__single.13574737e55e51fe6737a475b88b5052,broad,200B,single,,,,"Prices, sales, sales","Pr​ices, sa​les, sa​les"
00014.13574737e55e51fe6737a475b88b5052,00014__salted__broad__cp200C__single.13574737e55e51fe6737a475b88b5052,broad,200C,single,,,,"Prices, sales, sales","Pr‌ices, sa‌les, sa‌les"
00014.13574737e55e51fe6737a475b88b5052,00014__salted__broad__cp200D__single.13574737e55e51fe6737a475b88b5052,broad,200D,single,,,,"Prices, sales, sales","Pr‍ices, sa‍les, sa‍les"
00014.13574737e55e51fe6737a475b88b5052,00014__salted__broad__cp00AD__single.13574737e55e51fe6737a475b88b5052,broad,00AD,single,,,,"Prices, sales, sales","Pr­ices, sa­les, sa­les"
00014.7d38c46424f24fc8012ac15a95a2ac14,00014__salted__broad__cp200B__single.7d38c46424f24fc8012ac15a95a2ac14,broad,200B,single,,Cash,Ca​sh,,
00014.7d38c46424f24fc8012ac15a95a2ac14,00014__salted__broad__cp200C__single.7d38c46424f24fc8012ac15a95a2ac14,broad,200C,single,,Cash,Ca‌sh,,
00014.7d38c46424f24fc8012ac15a95a2ac14,00014__salted__broad__cp200D__single.7d38c46424f24fc8012ac15a95a2ac14,broad,200D,single,,Cash,Ca‍sh,,
00014.7d38c46424f24fc8012ac15a95a2ac14,00014__salted__broad__cp00AD__single.7d38c46424f24fc8012ac15a95a2ac14,broad,00AD,single,,Cash,Ca­sh,,
00015.206d5a5d1d34272ae32fc286788fdf55,00015__salted__broad__cp200B__single.206d5a5d1d34272ae32fc286788fdf55,broad,200B,single,,Debt,De​bt,,
00015.206d5a5d1d34272ae32fc286788fdf55,00015__salted__broad__cp200C__single.206d5a5d1d34272ae32fc286788fdf55,broad,200C,single,,Debt,De‌bt,,
00015.206d5a5d1d34272ae32fc286788fdf55,00015__salted__broad__cp200D__single.206d5a5d1d34272ae32fc286788fdf55,broad,200D,single,,Debt,De‍bt,,
00015.206d5a5d1d34272ae32fc286788fdf55,00015__salted__broad__cp00AD__single.206d5a5d1d34272ae32fc286788fdf55,broad,00AD,single,,Debt,De­bt,,
00016.4fb07c8dff1a5a2b4889dc5024c55023,00016__salted__broad__cp200B__single.4fb07c8dff1a5a2b4889dc5024c55023,broad,200B,single,,Weight,We​ight,,
00016.4fb07c8dff1a5a2b4889dc5024c55023,00016__salted__broad__cp200C__single.4fb07c8dff1a5a2b4889dc5024c55023,broad,200C,single,,Weight,We‌ight,,
00016.4fb07c8dff1a5a2b4889dc5024c55023,00016__salted__broad__cp200D__single.4fb07c8dff1a5a2b4889dc5024c55023,broad,200D,single,,Weight,We‍ight,,
00016.4fb07c8dff1a5a2b4889dc5024c55023,00016__salted__broad__cp00AD__single.4fb07c8dff1a5a2b4889dc5024c55023,broad,00AD,single,,Weight,We­ight,,
00017.1a938ecddd047b93cbd7ed92c241e6d1,00017__salted__broad__cp200B__single.1a938ecddd047b93cbd7ed92c241e6d1,broad,200B,single,,,,"fortune, opportunity, income","fo​rtune, op​portunity, in​come"
00017.1a938ecddd047b93cbd7ed92c241e6d1,00017__salted__broad__cp200C__single.1a938ecddd047b93cbd7ed92c241e6d1,broad,200C,single,,,,"fortune, opportunity, income","fo‌rtune, op‌portunity, in‌come"
00017.1a938ecddd047b93cbd7ed92c241e6d1,00017__salted__broad__cp200D__single.1a938ecddd047b93cbd7ed92c241e6d1,broad,200D,single,,,,"fortune, opportunity, income","fo‍rtune, op‍portunity, in‍come"
00017.1a938ecddd047b93cbd7ed92c241e6d1,00017__salted__broad__cp00AD__single.1a938ecddd047b93cbd7ed92c241e6d1,broad,00AD,single,,,,"fortune, opportunity, income","fo­rtune, op­portunity, in­come"
00017.6430f3b8dedf51ba3c3fcb9304e722e7,00017__salted__broad__cp200B__single.6430f3b8dedf51ba3c3fcb9304e722e7,broad,200B,single,,Monthly,Mo​nthly,,
00017.6430f3b8dedf51ba3c3fcb9304e722e7,00017__salted__broad__cp200C__single.6430f3b8dedf51ba3c3fcb9304e722e7,broad,200C,single,,Monthly,Mo‌nthly,,
00017.6430f3b8dedf51ba3c3fcb9304e722e7,00017__salted__broad__cp200D__single.6430f3b8dedf51ba3c3fcb9304e722e7,broad,200D,single,,Monthly,Mo‍nthly,,
00017.6430f3b8dedf51ba3c3fcb9304e722e7,00017__salted__broad__cp00AD__single.6430f3b8dedf51ba3c3fcb9304e722e7,broad,00AD,single,,Monthly,Mo­nthly,,
00018.336cb9e7b0358594cf002e7bf669eaf5,00018__salted__broad__cp200B__single.336cb9e7b0358594cf002e7bf669eaf5,broad,200B,single,,,,"Thank, purchased, wish","Th​ank, pu​rchased, wi​sh"
00018.336cb9e7b0358594cf002e7bf669eaf5,00018__salted__broad__cp200C__single.336cb9e7b0358594cf002e7bf669eaf5,broad,200C,single,,,,"Thank, purchased, wish","Th‌ank, pu‌rchased, wi‌sh"
00018.336cb9e7b0358594cf002e7bf669eaf5,00018__salted__broad__cp200D__single.336cb9e7b0358594cf002e7bf669eaf5,broad,200D,single,,,,"Thank, purchased, wish","Th‍ank, pu‍rchased, wi‍sh"
00018.336cb9e7b0358594cf002e7bf669eaf5,00018__salted__broad__cp00AD__single.336cb9e7b0358594cf002e7bf669eaf5,broad,00AD,single,,,,"Thank, purchased, wish","Th­ank, pu­rchased, wi­sh"
00018.5b2765c42b7648d41c93b9b27140b23a,00018__salted__broad__cp200B__single.5b2765c42b7648d41c93b9b27140b23a,broad,200B,single,,,,"DEAR, DOLLARS, DEPOSITED","DE​AR, DO​LLARS, DE​POSITED"
00018.5b2765c42b7648d41c93b9b27140b23a,00018__salted__broad__cp200C__single.5b2765c42b7648d41c93b9b27140b23a,broad,200C,single,,,,"DEAR, DOLLARS, DEPOSITED","DE‌AR, DO‌LLARS, DE‌POSITED"
00018.5b2765c42b7648d41c93b9b27140b23a,00018__salted__broad__cp200D__single.5b2765c42b7648d41c93b9b27140b23a,broad,200D,single,,,,"DEAR, DOLLARS, DEPOSITED","DE‍AR, DO‍LLARS, DE‍POSITED"
00018.5b2765c42b7648d41c93b9b27140b23a,00018__salted__broad__cp00AD__single.5b2765c42b7648d41c93b9b27140b23a,broad,00AD,single,,,,"DEAR, DOLLARS, DEPOSITED","DE­AR, DO­LLARS, DE­POSITED"
00019.bbc97ad616ffd06e93ce0f821ca8c381,00019__salted__broad__cp200B__single.bbc97ad616ffd06e93ce0f821ca8c381,broad,200B,single,,ADV,AD​V,,
00019.bbc97ad616ffd06e93ce0f821ca8c381,00019__salted__broad__cp200C__single.bbc97ad616ffd06e93ce0f821ca8c381,broad,200C,single,,ADV,AD‌V,,
00019.bbc97ad616ffd06e93ce0f821ca8c381,00019__salted__broad__cp200D__single.bbc97ad616ffd06e93ce0f821ca8c381,broad,200D,single,,ADV,AD‍V,,
00019.bbc97ad616ffd06e93ce0f821ca8c381,00019__salted__broad__cp00AD__single.bbc97ad616ffd06e93ce0f821ca8c381,broad,00AD,single,,ADV,AD­V,,
00020.29725cf331fc21e18a1809e7d8b27332,00020__salted__broad__cp200B__single.29725cf331fc21e18a1809e7d8b27332,broad,200B,single,,,,"Risk, Guaranteed, lose","Ri​sk, Gu​aranteed, lo​se"
00020.29725cf331fc21e18a1809e7d8b27332,00020__salted__broad__cp200C__single.29725cf331fc21e18a1809e7d8b27332,broad,200C,single,,,,"Risk, Guaranteed, lose","Ri‌sk, Gu‌aranteed, lo‌se"
00020.29725cf331fc21e18a1809e7d8b27332,00020__salted__broad__cp200D__single.29725cf331fc21e18a1809e7d8b27332,broad,200D,single,,,,"Risk, Guaranteed, lose","Ri‍sk, Gu‍aranteed, lo‍se"
00020.29725cf331fc21e18a1809e7d8b27332,00020__salted__broad__cp00AD__single.29725cf331fc21e18a1809e7d8b27332,broad,00AD,single,,,,"Risk, Guaranteed, lose","Ri­sk, Gu­aranteed, lo­se"
00020.7d36d16fd2be07c4f6a5616590cdea07,00020__salted__broad__cp200B__single.7d36d16fd2be07c4f6a5616590cdea07,broad,200B,single,,Rates,Ra​tes,,
00020.7d36d16fd2be07c4f6a5616590cdea07,00020__salted__broad__cp200C__single.7d36d16fd2be07c4f6a5616590cdea07,broad,200C,single,,Rates,Ra‌tes,,
00020.7d36d16fd2be07c4f6a5616590cdea07,00020__salted__broad__cp200D__single.7d36d16fd2be07c4f6a5616590cdea07,broad,200D,single,,Rates,Ra‍tes,,
00020.7d36d16fd2be07c4f6a5616590cdea07,00020__salted__broad__cp00AD__single.7d36d16fd2be07c4f6a5616590cdea07,broad,00AD,single,,Rates,Ra­tes,,
00021.effe1449462a9d7ad7af0f1c94b1a237,00021__salted__broad__cp200B__single.effe1449462a9d7ad7af0f1c94b1a237,broad,200B,single,,,,"BANK, NIGERIA, LAGOS","BA​NK, NI​GERIA, LA​GOS"
00021.effe1449462a9d7ad7af0f1c94b1a237,00021__salted__broad__cp200C__single.effe1449462a9d7ad7af0f1c94b1a237,broad,200C,single,,,,"BANK, NIGERIA, LAGOS","BA‌NK, NI‌GERIA, LA‌GOS"
00021.effe1449462a9d7ad7af0f1c94b1a237,00021__salted__broad__cp200D__single.effe1449462a9d7ad7af0f1c94b1a237,broad,200D,single,,,,"BANK, NIGERIA, LAGOS","BA‍NK, NI‍GERIA, LA‍GOS"
00021.effe1449462a9d7ad7af0f1c94b1a237,00021__salted__broad__cp00AD__single.effe1449462a9d7ad7af0f1c94b1a237,broad,00AD,single,,,,"BANK, NIGERIA, LAGOS","BA­NK, NI­GERIA, LA­GOS"
00022.8203cdf03888f656dc0381701148f73d,00022__salted__broad__cp200B__single.8203cdf03888f656dc0381701148f73d,broad,200B,single,,,,"URGENT, CONFIDENTIAL, Dear","UR​GENT, CO​NFIDENTIAL, De​ar"
00022.8203cdf03888f656dc0381701148f73d,00022__salted__broad__cp200C__single.8203cdf03888f656dc0381701148f73d,broad,200C,single,,,,"URGENT, CONFIDENTIAL, Dear","UR‌GENT, CO‌NFIDENTIAL, De‌ar"
00022.8203cdf03888f656dc0381701148f73d,00022__salted__broad__cp200D__single.8203cdf03888f656dc0381701148f73d,broad,200D,single,,,,"URGENT, CONFIDENTIAL, Dear","UR‍GENT, CO‍NFIDENTIAL, De‍ar"
00022.8203cdf03888f656dc0381701148f73d,00022__salted__broad__cp00AD__single.8203cdf03888f656dc0381701148f73d,broad,00AD,single,,,,"URGENT, CONFIDENTIAL, Dear","UR­GENT, CO­NFIDENTIAL, De­ar"
00022.be66c630a142f0d862c2294a2d911ce1,00022__salted__broad__cp200B__single.be66c630a142f0d862c2294a2d911ce1,broad,200B,single,,Travel,Tr​avel,,
00022.be66c630a142f0d862c2294a2d911ce1,00022__salted__broad__cp200C__single.be66c630a142f0d862c2294a2d911ce1,broad,200C,single,,Travel,Tr‌avel,,
00022.be66c630a142f0d862c2294a2d911ce1,00022__salted__broad__cp200D__single.be66c630a142f0d862c2294a2d911ce1,broad,200D,single,,Travel,Tr‍avel,,
00022.be66c630a142f0d862c2294a2d911ce1,00022__salted__broad__cp00AD__single.be66c630a142f0d862c2294a2d911ce1,broad,00AD,single,,Travel,Tr­avel,,
00023.5bec0fc32cfc42c9cc5c941d94258567,00023__salted__broad__cp200B__single.5bec0fc32cfc42c9cc5c941d94258567,broad,200B,single,,mortgage,mo​rtgage,,
00023.5bec0fc32cfc42c9cc5c941d94258567,00023__salted__broad__cp200C__single.5bec0fc32cfc42c9cc5c941d94258567,broad,200C,single,,mortgage,mo‌rtgage,,
00023.5bec0fc32cfc42c9cc5c941d94258567,00023__salted__broad__cp200D__single.5bec0fc32cfc42c9cc5c941d94258567,broad,200D,single,,mortgage,mo‍rtgage,,
00023.5bec0fc32cfc42c9cc5c941d94258567,00023__salted__broad__cp00AD__single.5bec0fc32cfc42c9cc5c941d94258567,broad,00AD,single,,mortgage,mo­rtgage,,
00023.b6d27c684f5fc803cfa1060adb2d0805,00023__salted__broad__cp200B__single.b6d27c684f5fc803cfa1060adb2d0805,broad,200B,single,,guaranteed,gu​aranteed,,
00023.b6d27c684f5fc803cfa1060adb2d0805,00023__salted__broad__cp200C__single.b6d27c684f5fc803cfa1060adb2d0805,broad,200C,single,,guaranteed,gu‌aranteed,,
00023.b6d27c684f5fc803cfa1060adb2d0805,00023__salted__broad__cp200D__single.b6d27c684f5fc803cfa1060adb2d0805,broad,200D,single,,guaranteed,gu‍aranteed,,
00023.b6d27c684f5fc803cfa1060adb2d0805,00023__salted__broad__cp00AD__single.b6d27c684f5fc803cfa1060adb2d0805,broad,00AD,single,,guaranteed,gu­aranteed,,
00025.9054470cb5193db2955a4d4a003698d6,00025__salted__broad__cp200B__single.9054470cb5193db2955a4d4a003698d6,broad,200B,single,,Cash,Ca​sh,,
00025.9054470cb5193db2955a4d4a003698d6,00025__salted__broad__cp200C__single.9054470cb5193db2955a4d4a003698d6,broad,200C,single,,Cash,Ca‌sh,,
00025.9054470cb5193db2955a4d4a003698d6,00025__salted__broad__cp200D__single.9054470cb5193db2955a4d4a003698d6,broad,200D,single,,Cash,Ca‍sh,,
00025.9054470cb5193db2955a4d4a003698d6,00025__salted__broad__cp00AD__single.9054470cb5193db2955a4d4a003698d6,broad,00AD,single,,Cash,Ca­sh,,
00026.da18dbed27ae933172f7a70f860c6ad0,00026__salted__broad__cp200B__single.da18dbed27ae933172f7a70f860c6ad0,broad,200B,single,,,,"DEAR, DOLLARS, DEPOSITED","DE​AR, DO​LLARS, DE​POSITED"
00026.da18dbed27ae933172f7a70f860c6ad0,00026__salted__broad__cp200C__single.da18dbed27ae933172f7a70f860c6ad0,broad,200C,single,,,,"DEAR, DOLLARS, DEPOSITED","DE‌AR, DO‌LLARS, DE‌POSITED"
00026.da18dbed27ae933172f7a70f860c6ad0,00026__salted__broad__cp200D__single.da18dbed27ae933172f7a70f860c6ad0,broad,200D,single,,,,"DEAR, DOLLARS, DEPOSITED","DE‍AR, DO‍LLARS, DE‍POSITED"
00026.da18dbed27ae933172f7a70f860c6ad0,00026__salted__broad__cp00AD__single.da18dbed27ae933172f7a70f860c6ad0,broad,00AD,single,,,,"DEAR, DOLLARS, DEPOSITED","DE­AR, DO­LLARS, DE­POSITED"
00027.d1d0f97e096fe08fc80a4939355759e7,00027__salted__broad__cp200B__single.d1d0f97e096fe08fc80a4939355759e7,broad,200B,single,,,,"Risk, Guaranteed, lose","Ri​sk, Gu​aranteed, lo​se"
00027.d1d0f97e096fe08fc80a4939355759e7,00027__salted__broad__cp200C__single.d1d0f97e096fe08fc80a4939355759e7,broad,200C,single,,,,"Risk, Guaranteed, lose","Ri‌sk, Gu‌aranteed, lo‌se"
00027.d1d0f97e096fe08fc80a4939355759e7,00027__salted__broad__cp200D__single.d1d0f97e096fe08fc80a4939355759e7,broad,200D,single,,,,"Risk, Guaranteed, lose","Ri‍sk, Gu‍aranteed, lo‍se"
00027.d1d0f97e096fe08fc80a4939355759e7,00027__salted__broad__cp00AD__single.d1d0f97e096fe08fc80a4939355759e7,broad,00AD,single,,,,"Risk, Guaranteed, lose","Ri­sk, Gu­aranteed, lo­se"
00028.60393e49c90f750226bee6381eb3e69d,00028__salted__broad__cp200B__single.60393e49c90f750226bee6381eb3e69d,broad,200B,single,,Membership,Me​mbership,,
00028.60393e49c90f750226bee6381eb3e69d,00028__salted__broad__cp200C__single.60393e49c90f750226bee6381eb3e69d,broad,200C,single,,Membership,Me‌mbership,,
00028.60393e49c90f750226bee6381eb3e69d,00028__salted__broad__cp200D__single.60393e49c90f750226bee6381eb3e69d,broad,200D,single,,Membership,Me‍mbership,,
00028.60393e49c90f750226bee6381eb3e69d,00028__salted__broad__cp00AD__single.60393e49c90f750226bee6381eb3e69d,broad,00AD,single,,Membership,Me­mbership,,
00029.de865ad8d5ad0df985ae2f72388befba,00029__salted__broad__cp200B__single.de865ad8d5ad0df985ae2f72388befba,broad,200B,single,,Insurance,In​surance,,
00029.de865ad8d5ad0df985ae2f72388befba,00029__salted__broad__cp200C__single.de865ad8d5ad0df985ae2f72388befba,broad,200C,single,,Insurance,In‌surance,,
00029.de865ad8d5ad0df985ae2f72388befba,00029__salted__broad__cp200D__single.de865ad8d5ad0df985ae2f72388befba,broad,200D,single,,Insurance,In‍surance,,
00029.de865ad8d5ad0df985ae2f72388befba,00029__salted__broad__cp00AD__single.de865ad8d5ad0df985ae2f72388befba,broad,00AD,single,,Insurance,In­surance,,
00030.b360f27c098b3ab5cff96433e7963d4a,00030__salted__broad__cp200B__single.b360f27c098b3ab5cff96433e7963d4a,broad,200B,single,,SHIPPING,SH​IPPING,,
00030.b360f27c098b3ab5cff96433e7963d4a,00030__salted__broad__cp200C__single.b360f27c098b3ab5cff96433e7963d4a,broad,200C,single,,SHIPPING,SH‌IPPING,,
00030.b360f27c098b3ab5cff96433e7963d4a,00030__salted__broad__cp200D__single.b360f27c098b3ab5cff96433e7963d4a,broad,200D,single,,SHIPPING,SH‍IPPING,,
00030.b360f27c098b3ab5cff96433e7963d4a,00030__salted__broad__cp00AD__single.b360f27c098b3ab5cff96433e7963d4a,broad,00AD,single,,SHIPPING,SH­IPPING,,
00031.a78bb452b3a7376202b5e62a81530449,00031__salted__broad__cp200B__single.a78bb452b3a7376202b5e62a81530449,broad,200B,single,,,,"pricing, Warranty, Warranty","pr​icing, Wa​rranty, Wa​rranty"
00031.a78bb452b3a7376202b5e62a81530449,00031__salted__broad__cp200C__single.a78bb452b3a7376202b5e62a81530449,broad,200C,single,,,,"pricing, Warranty, Warranty","pr‌icing, Wa‌rranty, Wa‌rranty"
00031.a78bb452b3a7376202b5e62a81530449,00031__salted__broad__cp200D__single.a78bb452b3a7376202b5e62a81530449,broad,200D,single,,,,"pricing, Warranty, Warranty","pr‍icing, Wa‍rranty, Wa‍rranty"
00031.a78bb452b3a7376202b5e62a81530449,00031__salted__broad__cp00AD__single.a78bb452b3a7376202b5e62a81530449,broad,00AD,single,,,,"pricing, Warranty, Warranty","pr­icing, Wa­rranty, Wa­rranty"
00032.3b93a3c65e0a2454fc9646ce01363938,00032__salted__broad__cp200B__single.3b93a3c65e0a2454fc9646ce01363938,broad,200B,single,,Insurance,In​surance,,
00032.3b93a3c65e0a2454fc9646ce01363938,00032__salted__broad__cp200C__single.3b93a3c65e0a2454fc9646ce01363938,broad,200C,single,,Insurance,In‌surance,,
00032.3b93a3c65e0a2454fc9646ce01363938,00032__salted__broad__cp200D__single.3b93a3c65e0a2454fc9646ce01363938,broad,200D,single,,Insurance,In‍surance,,
00032.3b93a3c65e0a2454fc9646ce01363938,00032__salted__broad__cp00AD__single.3b93a3c65e0a2454fc9646ce01363938,broad,00AD,single,,Insurance,In­surance,,
00032.7b07a09236ce9feb12d80197144d3206,00032__salted__broad__cp200B__single.7b07a09236ce9feb12d80197144d3206,broad,200B,single,,,,"Risk, Guaranteed, lose","Ri​sk, Gu​aranteed, lo​se"
00032.7b07a09236ce9feb12d80197144d3206,00032__salted__broad__cp200C__single.7b07a09236ce9feb12d80197144d3206,broad,200C,single,,,,"Risk, Guaranteed, lose","Ri‌sk, Gu‌aranteed, lo‌se"
00032.7b07a09236ce9feb12d80197144d3206,00032__salted__broad__cp200D__single.7b07a09236ce9feb12d80197144d3206,broad,200D,single,,,,"Risk, Guaranteed, lose","Ri‍sk, Gu‍aranteed, lo‍se"
00032.7b07a09236ce9feb12d80197144d3206,00032__salted__broad__cp00AD__single.7b07a09236ce9feb12d80197144d3206,broad,00AD,single,,,,"Risk, Guaranteed, lose","Ri­sk, Gu­aranteed, lo­se"
00033.9babb58d9298daa2963d4f514193d7d6,00033__salted__broad__cp200B__single.9babb58d9298daa2963d4f514193d7d6,broad,200B,single,,Earn,Ea​rn,"earn, Postal, excite","ea​rn, Po​stal, ex​cite"
00033.9babb58d9298daa2963d4f514193d7d6,00033__salted__broad__cp200C__single.9babb58d9298daa2963d4f514193d7d6,broad,200C,single,,Earn,Ea‌rn,"earn, Postal, excite","ea‌rn, Po‌stal, ex‌cite"
00033.9babb58d9298daa2963d4f514193d7d6,00033__salted__broad__cp200D__single.9babb58d9298daa2963d4f514193d7d6,broad,200D,single,,Earn,Ea‍rn,"earn, Postal, excite","ea‍rn, Po‍stal, ex‍cite"
00033.9babb58d9298daa2963d4f514193d7d6,00033__salted__broad__cp00AD__single.9babb58d9298daa2963d4f514193d7d6,broad,00AD,single,,Earn,Ea­rn,"earn, Postal, excite","ea­rn, Po­stal, ex­cite"
00034.8e582263070076dfe6000411d9b13ce6,00034__salted__broad__cp200B__single.8e582263070076dfe6000411d9b13ce6,broad,200B,single,,,,"NBC, CBS, CNN","NB​C, CB​S, CN​N"
00034.8e582263070076dfe6000411d9b13ce6,00034__salted__broad__cp200C__single.8e582263070076dfe6000411d9b13ce6,broad,200C,single,,,,"NBC, CBS, CNN","NB‌C, CB‌S, CN‌N"
00034.8e582263070076dfe6000411d9b13ce6,00034__salted__broad__cp200D__single.8e582263070076dfe6000411d9b13ce6,broad,200D,single,,,,"NBC, CBS, CNN","NB‍C, CB‍S, CN‍N"
00034.8e582263070076dfe6000411d9b13ce6,00034__salted__broad__cp00AD__single.8e582263070076dfe6000411d9b13ce6,broad,00AD,single,,,,"NBC, CBS, CNN","NB­C, CB­S, CN­N"
00036.256602e2cb5a5b373bdd1fb631d9f452,00036__salted__broad__cp200B__single.256602e2cb5a5b373bdd1fb631d9f452,broad,200B,single,,bank,ba​nk,,
00036.256602e2cb5a5b373bdd1fb631d9f452,00036__salted__broad__cp200C__single.256602e2cb5a5b373bdd1fb631d9f452,broad,200C,single,,bank,ba‌nk,,
00036.256602e2cb5a5b373bdd1fb631d9f452,00036__salted__broad__cp200D__single.256602e2cb5a5b373bdd1fb631d9f452,broad,200D,single,,bank,ba‍nk,,
00036.256602e2cb5a5b373bdd1fb631d9f452,00036__salted__broad__cp00AD__single.256602e2cb5a5b373bdd1fb631d9f452,broad,00AD,single,,bank,ba­nk,,
00037.21cc985cc36d931916863aed24de8c27,00037__salted__broad__cp200B__single.21cc985cc36d931916863aed24de8c27,broad,200B,single,,Viagra,Vi​agra,,
00037.21cc985cc36d931916863aed24de8c27,00037__salted__broad__cp200C__single.21cc985cc36d931916863aed24de8c27,broad,200C,single,,Viagra,Vi‌agra,,
00037.21cc985cc36d931916863aed24de8c27,00037__salted__broad__cp200D__single.21cc985cc36d931916863aed24de8c27,broad,200D,single,,Viagra,Vi‍agra,,
00037.21cc985cc36d931916863aed24de8c27,00037__salted__broad__cp00AD__single.21cc985cc36d931916863aed24de8c27,broad,00AD,single,,Viagra,Vi­agra,,
00037.c7f0ce13d4cad8202f3d1a02b5cc5a1d,00037__salted__broad__cp200B__single.c7f0ce13d4cad8202f3d1a02b5cc5a1d,broad,200B,single,,Urgent,Ur​gent,"CITY, AFRICA, ATTN","CI​TY, AF​RICA, AT​TN"
00037.c7f0ce13d4cad8202f3d1a02b5cc5a1d,00037__salted__broad__cp200C__single.c7f0ce13d4cad8202f3d1a02b5cc5a1d,broad,200C,single,,Urgent,Ur‌gent,"CITY, AFRICA, ATTN","CI‌TY, AF‌RICA, AT‌TN"
00037.c7f0ce13d4cad8202f3d1a02b5cc5a1d,00037__salted__broad__cp200D__single.c7f0ce13d4cad8202f3d1a02b5cc5a1d,broad,200D,single,,Urgent,Ur‍gent,"CITY, AFRICA, ATTN","CI‍TY, AF‍RICA, AT‍TN"
00037.c7f0ce13d4cad8202f3d1a02b5cc5a1d,00037__salted__broad__cp00AD__single.c7f0ce13d4cad8202f3d1a02b5cc5a1d,broad,00AD,single,,Urgent,Ur­gent,"CITY, AFRICA, ATTN","CI­TY, AF­RICA, AT­TN"
00038.8d93819b95ff90bf2e2b141c2909bfc9,00038__salted__broad__cp200B__single.8d93819b95ff90bf2e2b141c2909bfc9,broad,200B,single,,,,"Dear, click, click","De​ar, cl​ick, cl​ick"
00038.8d93819b95ff90bf2e2b141c2909bfc9,00038__salted__broad__cp200C__single.8d93819b95ff90bf2e2b141c2909bfc9,broad,200C,single,,,,"Dear, click, click","De‌ar, cl‌ick, cl‌ick"
00038.8d93819b95ff90bf2e2b141c2909bfc9,00038__salted__broad__cp200D__single.8d93819b95ff90bf2e2b141c2909bfc9,broad,200D,single,,,,"Dear, click, click","De‍ar, cl‍ick, cl‍ick"
00038.8d93819b95ff90bf2e2b141c2909bfc9,00038__salted__broad__cp00AD__single.8d93819b95ff90bf2e2b141c2909bfc9,broad,00AD,single,,,,"Dear, click, click","De­ar, cl­ick, cl­ick"
00041.1b8dedcc43e75c0f4cd5e0d12c4eea8b,00041__salted__broad__cp200B__single.1b8dedcc43e75c0f4cd5e0d12c4eea8b,broad,200B,single,,loans,lo​ans,,
00041.1b8dedcc43e75c0f4cd5e0d12c4eea8b,00041__salted__broad__cp200C__single.1b8dedcc43e75c0f4cd5e0d12c4eea8b,broad,200C,single,,loans,lo‌ans,,
00041.1b8dedcc43e75c0f4cd5e0d12c4eea8b,00041__salted__broad__cp200D__single.1b8dedcc43e75c0f4cd5e0d12c4eea8b,broad,200D,single,,loans,lo‍ans,,
00041.1b8dedcc43e75c0f4cd5e0d12c4eea8b,00041__salted__broad__cp00AD__single.1b8dedcc43e75c0f4cd5e0d12c4eea8b,broad,00AD,single,,loans,lo­ans,,
00043.548c447db5d9ba3f5546de96baa9b0e6,00043__salted__broad__cp200B__single.548c447db5d9ba3f5546de96baa9b0e6,broad,200B,single,,FORTUNE,FO​RTUNE,"fortune, opportunity, income","fo​rtune, op​portunity, in​come"
00043.548c447db5d9ba3f5546de96baa9b0e6,00043__salted__broad__cp200C__single.548c447db5d9ba3f5546de96baa9b0e6,broad,200C,single,,FORTUNE,FO‌RTUNE,"fortune, opportunity, income","fo‌rtune, op‌portunity, in‌come"
00043.548c447db5d9ba3f5546de96baa9b0e6,00043__salted__broad__cp200D__single.548c447db5d9ba3f5546de96baa9b0e6,broad,200D,single,,FORTUNE,FO‍RTUNE,"fortune, opportunity, income","fo‍rtune, op‍portunity, in‍come"
00043.548c447db5d9ba3f5546de96baa9b0e6,00043__salted__broad__cp00AD__single.548c447db5d9ba3f5546de96baa9b0e6,broad,00AD,single,,FORTUNE,FO­RTUNE,"fortune, opportunity, income","fo­rtune, op­portunity, in­come"
00044.9eece8e53a8982c26558b9eb38230bb8,00044__salted__broad__cp200B__single.9eece8e53a8982c26558b9eb38230bb8,broad,200B,single,,Incredible,In​credible,,
00044.9eece8e53a8982c26558b9eb38230bb8,00044__salted__broad__cp200C__single.9eece8e53a8982c26558b9eb38230bb8,broad,200C,single,,Incredible,In‌credible,,
00044.9eece8e53a8982c26558b9eb38230bb8,00044__salted__broad__cp200D__single.9eece8e53a8982c26558b9eb38230bb8,broad,200D,single,,Incredible,In‍credible,,
00044.9eece8e53a8982c26558b9eb38230bb8,00044__salted__broad__cp00AD__single.9eece8e53a8982c26558b9eb38230bb8,broad,00AD,single,,Incredible,In­credible,,
00045.c1a84780700090224ce6ab0014b20183,00045__salted__broad__cp200B__single.c1a84780700090224ce6ab0014b20183,broad,200B,single,,Advertise,Ad​vertise,,
00045.c1a84780700090224ce6ab0014b20183,00045__salted__broad__cp200C__single.c1a84780700090224ce6ab0014b20183,broad,200C,single,,Advertise,Ad‌vertise,,
00045.c1a84780700090224ce6ab0014b20183,00045__salted__broad__cp200D__single.c1a84780700090224ce6ab0014b20183,broad,200D,single,,Advertise,Ad‍vertise,,
00045.c1a84780700090224ce6ab0014b20183,00045__salted__broad__cp00AD__single.c1a84780700090224ce6ab0014b20183,broad,00AD,single,,Advertise,Ad­vertise,,
00046.e0fd04360622dbe9250380447f6465cc,00046__salted__broad__cp200B__single.e0fd04360622dbe9250380447f6465cc,broad,200B,single,,Attn,At​tn,,
00046.e0fd04360622dbe9250380447f6465cc,00046__salted__broad__cp200C__single.e0fd04360622dbe9250380447f6465cc,broad,200C,single,,Attn,At‌tn,,
00046.e0fd04360622dbe9250380447f6465cc,00046__salted__broad__cp200D__single.e0fd04360622dbe9250380447f6465cc,broad,200D,single,,Attn,At‍tn,,
00046.e0fd04360622dbe9250380447f6465cc,00046__salted__broad__cp00AD__single.e0fd04360622dbe9250380447f6465cc,broad,00AD,single,,Attn,At­tn,,
00047.0d7a240951e460b5884a8886ee64a8c3,00047__salted__broad__cp200B__single.0d7a240951e460b5884a8886ee64a8c3,broad,200B,single,,ADV,AD​V,,
00047.0d7a240951e460b5884a8886ee64a8c3,00047__salted__broad__cp200C__single.0d7a240951e460b5884a8886ee64a8c3,broad,200C,single,,ADV,AD‌V,,
00047.0d7a240951e460b5884a8886ee64a8c3,00047__salted__broad__cp200D__single.0d7a240951e460b5884a8886ee64a8c3,broad,200D,single,,ADV,AD‍V,,
00047.0d7a240951e460b5884a8886ee64a8c3,00047__salted__broad__cp00AD__single.0d7a240951e460b5884a8886ee64a8c3,broad,00AD,single,,ADV,AD­V,,
00048.8a64080dbd9d868358a22b655fb1b1cd,00048__salted__broad__cp200B__single.8a64080dbd9d868358a22b655fb1b1cd,broad,200B,single,,,,"OPPORTUNITY, WEIGHT, VISIT","OP​PORTUNITY, WE​IGHT, VI​SIT"
00048.8a64080dbd9d868358a22b655fb1b1cd,00048__salted__broad__cp200C__single.8a64080dbd9d868358a22b655fb1b1cd,broad,200C,single,,,,"OPPORTUNITY, WEIGHT, VISIT","OP‌PORTUNITY, WE‌IGHT, VI‌SIT"
00048.8a64080dbd9d868358a22b655fb1b1cd,00048__salted__broad__cp200D__single.8a64080dbd9d868358a22b655fb1b1cd,broad,200D,single,,,,"OPPORTUNITY, WEIGHT, VISIT","OP‍PORTUNITY, WE‍IGHT, VI‍SIT"
00048.8a64080dbd9d868358a22b655fb1b1cd,00048__salted__broad__cp00AD__single.8a64080dbd9d868358a22b655fb1b1cd,broad,00AD,single,,,,"OPPORTUNITY, WEIGHT, VISIT","OP­PORTUNITY, WE­IGHT, VI­SIT"
00048.91474353d7616d0df44b0fb04e2899ff,00048__salted__broad__cp200B__single.91474353d7616d0df44b0fb04e2899ff,broad,200B,single,,Marketing,Ma​rketing,,
00048.91474353d7616d0df44b0fb04e2899ff,00048__salted__broad__cp200C__single.91474353d7616d0df44b0fb04e2899ff,broad,200C,single,,Marketing,Ma‌rketing,,
00048.91474353d7616d0df44b0fb04e2899ff,00048__salted__broad__cp200D__single.91474353d7616d0df44b0fb04e2899ff,broad,200D,single,,Marketing,Ma‍rketing,,
00048.91474353d7616d0df44b0fb04e2899ff,00048__salted__broad__cp00AD__single.91474353d7616d0df44b0fb04e2899ff,broad,00AD,single,,Marketing,Ma­rketing,,
00049.83a0ff17486ed3866aeed9f45f5b3389,00049__salted__broad__cp200B__single.83a0ff17486ed3866aeed9f45f5b3389,broad,200B,single,,Marketing,Ma​rketing,,
00049.83a0ff17486ed3866aeed9f45f5b3389,00049__salted__broad__cp200C__single.83a0ff17486ed3866aeed9f45f5b3389,broad,200C,single,,Marketing,Ma‌rketing,,
00049.83a0ff17486ed3866aeed9f45f5b3389,00049__salted__broad__cp200D__single.83a0ff17486ed3866aeed9f45f5b3389,broad,200D,single,,Marketing,Ma‍rketing,,
00049.83a0ff17486ed3866aeed9f45f5b3389,00049__salted__broad__cp00AD__single.83a0ff17486ed3866aeed9f45f5b3389,broad,00AD,single,,Marketing,Ma­rketing,,
00050.45de99e8c120fddafe7c89fb3de1c14f,00050__salted__broad__cp200B__single.45de99e8c120fddafe7c89fb3de1c14f,broad,200B,single,,Insurance,In​surance,,
00050.45de99e8c120fddafe7c89fb3de1c14f,00050__salted__broad__cp200C__single.45de99e8c120fddafe7c89fb3de1c14f,broad,200C,single,,Insurance,In‌surance,,
00050.45de99e8c120fddafe7c89fb3de1c14f,00050__salted__broad__cp200D__single.45de99e8c120fddafe7c89fb3de1c14f,broad,200D,single,,Insurance,In‍surance,,
00050.45de99e8c120fddafe7c89fb3de1c14f,00050__salted__broad__cp00AD__single.45de99e8c120fddafe7c89fb3de1c14f,broad,00AD,single,,Insurance,In­surance,,
00051.8b17ce16ace4d5845e2299c0123e1f14,00051__salted__broad__cp200B__single.8b17ce16ace4d5845e2299c0123e1f14,broad,200B,single,,Membership,Me​mbership,,
00051.8b17ce16ace4d5845e2299c0123e1f14,00051__salted__broad__cp200C__single.8b17ce16ace4d5845e2299c0123e1f14,broad,200C,single,,Membership,Me‌mbership,,
00051.8b17ce16ace4d5845e2299c0123e1f14,00051__salted__broad__cp200D__single.8b17ce16ace4d5845e2299c0123e1f14,broad,200D,single,,Membership,Me‍mbership,,
00051.8b17ce16ace4d5845e2299c0123e1f14,00051__salted__broad__cp00AD__single.8b17ce16ace4d5845e2299c0123e1f14,broad,00AD,single,,Membership,Me­mbership,,
00051.fd20658f0e586d1f27f9396401f4981c,00051__salted__broad__cp200B__single.fd20658f0e586d1f27f9396401f4981c,broad,200B,single,,FORTUNE,FO​RTUNE,"fortune, opportunity, income","fo​rtune, op​portunity, in​come"
00051.fd20658f0e586d1f27f9396401f4981c,00051__salted__broad__cp200C__single.fd20658f0e586d1f27f9396401f4981c,broad,200C,single,,FORTUNE,FO‌RTUNE,"fortune, opportunity, income","fo‌rtune, op‌portunity, in‌come"
00051.fd20658f0e586d1f27f9396401f4981c,00051__salted__broad__cp200D__single.fd20658f0e586d1f27f9396401f4981c,broad,200D,single,,FORTUNE,FO‍RTUNE,"fortune, opportunity, income","fo‍rtune, op‍portunity, in‍come"
00051.fd20658f0e586d1f27f9396401f4981c,00051__salted__broad__cp00AD__single.fd20658f0e586d1f27f9396401f4981c,broad,00AD,single,,FORTUNE,FO­RTUNE,"fortune, opportunity, income","fo­rtune, op­portunity, in­come"
00052.edb775ef7470f35cd593d07e5a0466a8,00052__salted__broad__cp200B__single.edb775ef7470f35cd593d07e5a0466a8,broad,200B,single,,Mortgage,Mo​rtgage,,
00052.edb775ef7470f35cd593d07e5a0466a8,00052__salted__broad__cp200C__single.edb775ef7470f35cd593d07e5a0466a8,broad,200C,single,,Mortgage,Mo‌rtgage,,
00052.edb775ef7470f35cd593d07e5a0466a8,00052__salted__broad__cp200D__single.edb775ef7470f35cd593d07e5a0466a8,broad,200D,single,,Mortgage,Mo‍rtgage,,
00052.edb775ef7470f35cd593d07e5a0466a8,00052__salted__broad__cp00AD__single.edb775ef7470f35cd593d07e5a0466a8,broad,00AD,single,,Mortgage,Mo­rtgage,,
00053.6e5c80e892cad9c9e6b04abe49a9031e,00053__salted__broad__cp200B__single.6e5c80e892cad9c9e6b04abe49a9031e,broad,200B,single,,credit,cr​edit,,
00053.6e5c80e892cad9c9e6b04abe49a9031e,00053__salted__broad__cp200C__single.6e5c80e892cad9c9e6b04abe49a9031e,broad,200C,single,,credit,cr‌edit,,
00053.6e5c80e892cad9c9e6b04abe49a9031e,00053__salted__broad__cp200D__single.6e5c80e892cad9c9e6b04abe49a9031e,broad,200D,single,,credit,cr‍edit,,
00053.6e5c80e892cad9c9e6b04abe49a9031e,00053__salted__broad__cp00AD__single.6e5c80e892cad9c9e6b04abe49a9031e,broad,00AD,single,,credit,cr­edit,,
00053.d88d8b162ca1b7108221fb338cd7d0a5,00053__salted__broad__cp200B__single.d88d8b162ca1b7108221fb338cd7d0a5,broad,200B,single,,TEEN,TE​EN,,
00053.d88d8b162ca1b7108221fb338cd7d0a5,00053__salted__broad__cp200C__single.d88d8b162ca1b7108221fb338cd7d0a5,broad,200C,single,,TEEN,TE‌EN,,
00053.d88d8b162ca1b7108221fb338cd7d0a5,00053__salted__broad__cp200D__single.d88d8b162ca1b7108221fb338cd7d0a5,broad,200D,single,,TEEN,TE‍EN,,
00053.d88d8b162ca1b7108221fb338cd7d0a5,00053__salted__broad__cp00AD__single.d88d8b162ca1b7108221fb338cd7d0a5,broad,00AD,single,,TEEN,TE­EN,,
00055.58adfd0c60ebc04370658a76b9352aa1,00055__salted__broad__cp200B__single.58adfd0c60ebc04370658a76b9352aa1,broad,200B,single,,Gift,Gi​ft,,
00055.58adfd0c60ebc04370658a76b9352aa1,00055__salted__broad__cp200C__single.58adfd0c60ebc04370658a76b9352aa1,broad,200C,single,,Gift,Gi‌ft,,
00055.58adfd0c60ebc04370658a76b9352aa1,00055__salted__broad__cp200D__single.58adfd0c60ebc04370658a76b9352aa1,broad,200D,single,,Gift,Gi‍ft,,
00055.58adfd0c60ebc04370658a76b9352aa1,00055__salted__broad__cp00AD__single.58adfd0c60ebc04370658a76b9352aa1,broad,00AD,single,,Gift,Gi­ft,,
00056.c56d61cadd81b4ade0030c8dee384704,00056__salted__broad__cp200B__single.c56d61cadd81b4ade0030c8dee384704,broad,200B,single,,,,"OPTED, receive, offers","OP​TED, re​ceive, of​fers"
00056.c56d61cadd81b4ade0030c8dee384704,00056__salted__broad__cp200C__single.c56d61cadd81b4ade0030c8dee384704,broad,200C,single,,,,"OPTED, receive, offers","OP‌TED, re‌ceive, of‌fers"
00056.c56d61cadd81b4ade0030c8dee384704,00056__salted__broad__cp200D__single.c56d61cadd81b4ade0030c8dee384704,broad,200D,single,,,,"OPTED, receive, offers","OP‍TED, re‍ceive, of‍fers"
00056.c56d61cadd81b4ade0030c8dee384704,00056__salted__broad__cp00AD__single.c56d61cadd81b4ade0030c8dee384704,broad,00AD,single,,,,"OPTED, receive, offers","OP­TED, re­ceive, of­fers"
00057.0a2e17bde9485e999ac2259df38528e2,00057__salted__broad__cp200B__single.0a2e17bde9485e999ac2259df38528e2,broad,200B,single,,ADV,AD​V,,
00057.0a2e17bde9485e999ac2259df38528e2,00057__salted__broad__cp200C__single.0a2e17bde9485e999ac2259df38528e2,broad,200C,single,,ADV,AD‌V,,
00057.0a2e17bde9485e999ac2259df38528e2,00057__salted__broad__cp200D__single.0a2e17bde9485e999ac2259df38528e2,broad,200D,single,,ADV,AD‍V,,
00057.0a2e17bde9485e999ac2259df38528e2,00057__salted__broad__cp00AD__single.0a2e17bde9485e999ac2259df38528e2,broad,00AD,single,,ADV,AD­V,,
00059.d7351d4fe66fb96d83ffb65b4a60b3cc,00059__salted__broad__cp200B__single.d7351d4fe66fb96d83ffb65b4a60b3cc,broad,200B,single,,Incredible,In​credible,,
00059.d7351d4fe66fb96d83ffb65b4a60b3cc,00059__salted__broad__cp200C__single.d7351d4fe66fb96d83ffb65b4a60b3cc,broad,200C,single,,Incredible,In‌credible,,
00059.d7351d4fe66fb96d83ffb65b4a60b3cc,00059__salted__broad__cp200D__single.d7351d4fe66fb96d83ffb65b4a60b3cc,broad,200D,single,,Incredible,In‍credible,,
00059.d7351d4fe66fb96d83ffb65b4a60b3cc,00059__salted__broad__cp00AD__single.d7351d4fe66fb96d83ffb65b4a60b3cc,broad,00AD,single,,Incredible,In­credible,,
00059.dc5b9ea22c6848c97871f0d9576cc931,00059__salted__broad__cp200B__single.dc5b9ea22c6848c97871f0d9576cc931,broad,200B,single,,debt,de​bt,,
00059.dc5b9ea22c6848c97871f0d9576cc931,00059__salted__broad__cp200C__single.dc5b9ea22c6848c97871f0d9576cc931,broad,200C,single,,debt,de‌bt,,
00059.dc5b9ea22c6848c97871f0d9576cc931,00059__salted__broad__cp200D__single.dc5b9ea22c6848c97871f0d9576cc931,broad,200D,single,,debt,de‍bt,,
00059.dc5b9ea22c6848c97871f0d9576cc931,00059__salted__broad__cp00AD__single.dc5b9ea22c6848c97871f0d9576cc931,broad,00AD,single,,debt,de­bt,,
00060.639a625d0a724d7411e1d5e2e7cb2bc3,00060__salted__broad__cp200B__single.639a625d0a724d7411e1d5e2e7cb2bc3,broad,200B,single,,Guaranteed,Gu​aranteed,,
00060.639a625d0a724d7411e1d5e2e7cb2bc3,00060__salted__broad__cp200C__single.639a625d0a724d7411e1d5e2e7cb2bc3,broad,200C,single,,Guaranteed,Gu‌aranteed,,
00060.639a625d0a724d7411e1d5e2e7cb2bc3,00060__salted__broad__cp200D__single.639a625d0a724d7411e1d5e2e7cb2bc3,broad,200D,single,,Guaranteed,Gu‍aranteed,,
00060.639a625d0a724d7411e1d5e2e7cb2bc3,00060__salted__broad__cp00AD__single.639a625d0a724d7411e1d5e2e7cb2bc3,broad,00AD,single,,Guaranteed,Gu­aranteed,,
00060.ec71d52a6f585ace52f4a2a2be2adfce,00060__salted__broad__cp200B__single.ec71d52a6f585ace52f4a2a2be2adfce,broad,200B,single,,Investment,In​vestment,"Investment, Premium, Earn","In​vestment, Pr​emium, Ea​rn"
00060.ec71d52a6f585ace52f4a2a2be2adfce,00060__salted__broad__cp200C__single.ec71d52a6f585ace52f4a2a2be2adfce,broad,200C,single,,Investment,In‌vestment,"Investment, Premium, Earn","In‌vestment, Pr‌emium, Ea‌rn"
00060.ec71d52a6f585ace52f4a2a2be2adfce,00060__salted__broad__cp200D__single.ec71d52a6f585ace52f4a2a2be2adfce,broad,200D,single,,Investment,In‍vestment,"Investment, Premium, Earn","In‍vestment, Pr‍emium, Ea‍rn"
00060.ec71d52a6f585ace52f4a2a2be2adfce,00060__salted__broad__cp00AD__single.ec71d52a6f585ace52f4a2a2be2adfce,broad,00AD,single,,Investment,In­vestment,"Investment, Premium, Earn","In­vestment, Pr­emium, Ea­rn"
00063.2334fb4e465fc61e8406c75918ff72ed,00063__salted__broad__cp200B__single.2334fb4e465fc61e8406c75918ff72ed,broad,200B,single,,,,"Credit, Obligation, Consultation","Cr​edit, Ob​ligation, Co​nsultation"
00063.2334fb4e465fc61e8406c75918ff72ed,00063__salted__broad__cp200C__single.2334fb4e465fc61e8406c75918ff72ed,broad,200C,single,,,,"Credit, Obligation, Consultation","Cr‌edit, Ob‌ligation, Co‌nsultation"
00063.2334fb4e465fc61e8406c75918ff72ed,00063__salted__broad__cp200D__single.2334fb4e465fc61e8406c75918ff72ed,broad,200D,single,,,,"Credit, Obligation, Consultation","Cr‍edit, Ob‍ligation, Co‍nsultation"
00063.2334fb4e465fc61e8406c75918ff72ed,00063__salted__broad__cp00AD__single.2334fb4e465fc61e8406c75918ff72ed,broad,00AD,single,,,,"Credit, Obligation, Consultation","Cr­edit, Ob­ligation, Co­nsultation"
00063.98dc120045d9b6c675c286524bf893ba,00063__salted__broad__cp200B__single.98dc120045d9b6c675c286524bf893ba,broad,200B,single,,Incredible,In​credible,,
00063.98dc120045d9b6c675c286524bf893ba,00063__salted__broad__cp200C__single.98dc120045d9b6c675c286524bf893ba,broad,200C,single,,Incredible,In‌credible,,
00063.98dc120045d9b6c675c286524bf893ba,00063__salted__broad__cp200D__single.98dc120045d9b6c675c286524bf893ba,broad,200D,single,,Incredible,In‍credible,,
00063.98dc120045d9b6c675c286524bf893ba,00063__salted__broad__cp00AD__single.98dc120045d9b6c675c286524bf893ba,broad,00AD,single,,Incredible,In­credible,,
00065.6203de135559b319326445aafd68dbca,00065__salted__broad__cp200B__single.6203de135559b319326445aafd68dbca,broad,200B,single,,registration,re​gistration,"discount, prices, exciting","di​scount, pr​ices, ex​citing"
00065.6203de135559b319326445aafd68dbca,00065__salted__broad__cp200C__single.6203de135559b319326445aafd68dbca,broad,200C,single,,registration,re‌gistration,"discount, prices, exciting","di‌scount, pr‌ices, ex‌citing"
00065.6203de135559b319326445aafd68dbca,00065__salted__broad__cp200D__single.6203de135559b319326445aafd68dbca,broad,200D,single,,registration,re‍gistration,"discount, prices, exciting","di‍scount, pr‍ices, ex‍citing"
00065.6203de135559b319326445aafd68dbca,00065__salted__broad__cp00AD__single.6203de135559b319326445aafd68dbca,broad,00AD,single,,registration,re­gistration,"discount, prices, exciting","di­scount, pr­ices, ex­citing"
00068.2999b3d00828ac3fbd6a7cd27a6c6321,00068__salted__broad__cp200B__single.2999b3d00828ac3fbd6a7cd27a6c6321,broad,200B,single,,Earn,Ea​rn,,
00068.2999b3d00828ac3fbd6a7cd27a6c6321,00068__salted__broad__cp200C__single.2999b3d00828ac3fbd6a7cd27a6c6321,broad,200C,single,,Earn,Ea‌rn,,
00068.2999b3d00828ac3fbd6a7cd27a6c6321,00068__salted__broad__cp200D__single.2999b3d00828ac3fbd6a7cd27a6c6321,broad,200D,single,,Earn,Ea‍rn,,
00068.2999b3d00828ac3fbd6a7cd27a6c6321,00068__salted__broad__cp00AD__single.2999b3d00828ac3fbd6a7cd27a6c6321,broad,00AD,single,,Earn,Ea­rn,,
00068.d10af636a6082d5172ceb34a944486e6,00068__salted__broad__cp200B__single.d10af636a6082d5172ceb34a944486e6,broad,200B,single,,,,"refinance, credit, mortgage","re​finance, cr​edit, mo​rtgage"
00068.d10af636a6082d5172ceb34a944486e6,00068__salted__broad__cp200C__single.d10af636a6082d5172ceb34a944486e6,broad,200C,single,,,,"refinance, credit, mortgage","re‌finance, cr‌edit, mo‌rtgage"
00068.d10af636a6082d5172ceb34a944486e6,00068__salted__broad__cp200D__single.d10af636a6082d5172ceb34a944486e6,broad,200D,single,,,,"refinance, credit, mortgage","re‍finance, cr‍edit, mo‍rtgage"
00068.d10af636a6082d5172ceb34a944486e6,00068__salted__broad__cp00AD__single.d10af636a6082d5172ceb34a944486e6,broad,00AD,single,,,,"refinance, credit, mortgage","re­finance, cr­edit, mo­rtgage"
00069.066b1a012235d062a5da73eead4a6b35,00069__salted__broad__cp200B__single.066b1a012235d062a5da73eead4a6b35,broad,200B,single,,Account,Ac​count,"Adult, Offers, Membership","Ad​ult, Of​fers, Me​mbership"
00069.066b1a012235d062a5da73eead4a6b35,00069__salted__broad__cp200C__single.066b1a012235d062a5da73eead4a6b35,broad,200C,single,,Account,Ac‌count,"Adult, Offers, Membership","Ad‌ult, Of‌fers, Me‌mbership"
00069.066b1a012235d062a5da73eead4a6b35,00069__salted__broad__cp200D__single.066b1a012235d062a5da73eead4a6b35,broad,200D,single,,Account,Ac‍count,"Adult, Offers, Membership","Ad‍ult, Of‍fers, Me‍mbership"
00069.066b1a012235d062a5da73eead4a6b35,00069__salted__broad__cp00AD__single.066b1a012235d062a5da73eead4a6b35,broad,00AD,single,,Account,Ac­count,"Adult, Offers, Membership","Ad­ult, Of­fers, Me­mbership"
00071.11f438a86f442fd5a0772eb3908c12b4,00071__salted__broad__cp200B__single.11f438a86f442fd5a0772eb3908c12b4,broad,200B,single,,Debt,De​bt,,
00071.11f438a86f442fd5a0772eb3908c12b4,00071__salted__broad__cp200C__single.11f438a86f442fd5a0772eb3908c12b4,broad,200C,single,,Debt,De‌bt,,
00071.11f438a86f442fd5a0772eb3908c12b4,00071__salted__broad__cp200D__single.11f438a86f442fd5a0772eb3908c12b4,broad,200D,single,,Debt,De‍bt,,
00071.11f438a86f442fd5a0772eb3908c12b4,00071__salted__broad__cp00AD__single.11f438a86f442fd5a0772eb3908c12b4,broad,00AD,single,,Debt,De­bt,,
00072.d519a73b92f487519c2bc5ba45f5eb2c,00072__salted__broad__cp200B__single.d519a73b92f487519c2bc5ba45f5eb2c,broad,200B,single,,,,CLICK,CL​ICK
00072.d519a73b92f487519c2bc5ba45f5eb2c,00072__salted__broad__cp200C__single.d519a73b92f487519c2bc5ba45f5eb2c,broad,200C,single,,,,CLICK,CL‌ICK
00072.d519a73b92f487519c2bc5ba45f5eb2c,00072__salted__broad__cp200D__single.d519a73b92f487519c2bc5ba45f5eb2c,broad,200D,single,,,,CLICK,CL‍ICK
00072.d519a73b92f487519c2bc5ba45f5eb2c,00072__salted__broad__cp00AD__single.d519a73b92f487519c2bc5ba45f5eb2c,broad,00AD,single,,,,CLICK,CL­ICK
00072.eb147f0714c89bf35a0ab1852890555d,00072__salted__broad__cp200B__single.eb147f0714c89bf35a0ab1852890555d,broad,200B,single,,Loan,Lo​an,,
00072.eb147f0714c89bf35a0ab1852890555d,00072__salted__broad__cp200C__single.eb147f0714c89bf35a0ab1852890555d,broad,200C,single,,Loan,Lo‌an,,
00072.eb147f0714c89bf35a0ab1852890555d,00072__salted__broad__cp200D__single.eb147f0714c89bf35a0ab1852890555d,broad,200D,single,,Loan,Lo‍an,,
00072.eb147f0714c89bf35a0ab1852890555d,00072__salted__broad__cp00AD__single.eb147f0714c89bf35a0ab1852890555d,broad,00AD,single,,Loan,Lo­an,,
00073.8dcd40346d48c69a9e075e935395e96d,00073__salted__broad__cp200B__single.8dcd40346d48c69a9e075e935395e96d,broad,200B,single,,Discount,Di​scount,,
00073.8dcd40346d48c69a9e075e935395e96d,00073__salted__broad__cp200C__single.8dcd40346d48c69a9e075e935395e96d,broad,200C,single,,Discount,Di‌scount,,
00073.8dcd40346d48c69a9e075e935395e96d,00073__salted__broad__cp200D__single.8dcd40346d48c69a9e075e935395e96d,broad,200D,single,,Discount,Di‍scount,,
00073.8dcd40346d48c69a9e075e935395e96d,00073__salted__broad__cp00AD__single.8dcd40346d48c69a9e075e935395e96d,broad,00AD,single,,Discount,Di­scount,,
00074.51aab41b27a9ba7736803318a2e4c8de,00074__salted__broad__cp200B__single.51aab41b27a9ba7736803318a2e4c8de,broad,200B,single,,Adult,Ad​ult,,
00074.51aab41b27a9ba7736803318a2e4c8de,00074__salted__broad__cp200C__single.51aab41b27a9ba7736803318a2e4c8de,broad,200C,single,,Adult,Ad‌ult,,
00074.51aab41b27a9ba7736803318a2e4c8de,00074__salted__broad__cp200D__single.51aab41b27a9ba7736803318a2e4c8de,broad,200D,single,,Adult,Ad‍ult,,
00074.51aab41b27a9ba7736803318a2e4c8de,00074__salted__broad__cp00AD__single.51aab41b27a9ba7736803318a2e4c8de,broad,00AD,single,,Adult,Ad­ult,,
00075.28a918cd03a0ef5aa2f1e0551a798108,00075__salted__broad__cp200B__single.28a918cd03a0ef5aa2f1e0551a798108,broad,200B,single,,Price,Pr​ice,,
00075.28a918cd03a0ef5aa2f1e0551a798108,00075__salted__broad__cp200C__single.28a918cd03a0ef5aa2f1e0551a798108,broad,200C,single,,Price,Pr‌ice,,
00075.28a918cd03a0ef5aa2f1e0551a798108,00075__salted__broad__cp200D__single.28a918cd03a0ef5aa2f1e0551a798108,broad,200D,single,,Price,Pr‍ice,,
00075.28a918cd03a0ef5aa2f1e0551a798108,00075__salted__broad__cp00AD__single.28a918cd03a0ef5aa2f1e0551a798108,broad,00AD,single,,Price,Pr­ice,,
00076.066bf704d9c4a3cf45da5ac7a6b684f8,00076__salted__broad__cp200B__single.066bf704d9c4a3cf45da5ac7a6b684f8,broad,200B,single,,Price,Pr​ice,,
00076.066bf704d9c4a3cf45da5ac7a6b684f8,00076__salted__broad__cp200C__single.066bf704d9c4a3cf45da5ac7a6b684f8,broad,200C,single,,Price,Pr‌ice,,
00076.066bf704d9c4a3cf45da5ac7a6b684f8,00076__salted__broad__cp200D__single.066bf704d9c4a3cf45da5ac7a6b684f8,broad,200D,single,,Price,Pr‍ice,,
00076.066bf704d9c4a3cf45da5ac7a6b684f8,00076__salted__broad__cp00AD__single.066bf704d9c4a3cf45da5ac7a6b684f8,broad,00AD,single,,Price,Pr­ice,,
00077.6e13224e39fae4b94bcbe0f5ae9f4939,00077__salted__broad__cp200B__single.6e13224e39fae4b94bcbe0f5ae9f4939,broad,200B,single,,Membership,Me​mbership,,
00077.6e13224e39fae4b94bcbe0f5ae9f4939,00077__salted__broad__cp200C__single.6e13224e39fae4b94bcbe0f5ae9f4939,broad,200C,single,,Membership,Me‌mbership,,
00077.6e13224e39fae4b94bcbe0f5ae9f4939,00077__salted__broad__cp200D__single.6e13224e39fae4b94bcbe0f5ae9f4939,broad,200D,single,,Membership,Me‍mbership,,
00077.6e13224e39fae4b94bcbe0f5ae9f4939,00077__salted__broad__cp00AD__single.6e13224e39fae4b94bcbe0f5ae9f4939,broad,00AD,single,,Membership,Me­mbership,,
00077.c85b7442247d61308f15d86aa125ec28,00077__salted__broad__cp200B__single.c85b7442247d61308f15d86aa125ec28,broad,200B,single,,,,"LAGOS, NIGERIA, ATTN","LA​GOS, NI​GERIA, AT​TN"
00077.c85b7442247d61308f15d86aa125ec28,00077__salted__broad__cp200C__single.c85b7442247d61308f15d86aa125ec28,broad,200C,single,,,,"LAGOS, NIGERIA, ATTN","LA‌GOS, NI‌GERIA, AT‌TN"
00077.c85b7442247d61308f15d86aa125ec28,00077__salted__broad__cp200D__single.c85b7442247d61308f15d86aa125ec28,broad,200D,single,,,,"LAGOS, NIGERIA, ATTN","LA‍GOS, NI‍GERIA, AT‍TN"
00077.c85b7442247d61308f15d86aa125ec28,00077__salted__broad__cp00AD__single.c85b7442247d61308f15d86aa125ec28,broad,00AD,single,,,,"LAGOS, NIGERIA, ATTN","LA­GOS, NI­GERIA, AT­TN"
00079.cc3fa7d977a44a09d450dde5db161c37,00079__salted__broad__cp200B__single.cc3fa7d977a44a09d450dde5db161c37,broad,200B,single,,Discount,Di​scount,,
00079.cc3fa7d977a44a09d450dde5db161c37,00079__salted__broad__cp200C__single.cc3fa7d977a44a09d450dde5db161c37,broad,200C,single,,Discount,Di‌scount,,
00079.cc3fa7d977a44a09d450dde5db161c37,00079__salted__broad__cp200D__single.cc3fa7d977a44a09d450dde5db161c37,broad,200D,single,,Discount,Di‍scount,,
00079.cc3fa7d977a44a09d450dde5db161c37,00079__salted__broad__cp00AD__single.cc3fa7d977a44a09d450dde5db161c37,broad,00AD,single,,Discount,Di­scount,,
00080.5a7386cb47846dfef68429241ad80354,00080__salted__broad__cp200B__single.5a7386cb47846dfef68429241ad80354,broad,200B,single,,Risk,Ri​sk,"Risk, smoker, Broker","Ri​sk, sm​oker, Br​oker"
00080.5a7386cb47846dfef68429241ad80354,00080__salted__broad__cp200C__single.5a7386cb47846dfef68429241ad80354,broad,200C,single,,Risk,Ri‌sk,"Risk, smoker, Broker","Ri‌sk, sm‌oker, Br‌oker"
00080.5a7386cb47846dfef68429241ad80354,00080__salted__broad__cp200D__single.5a7386cb47846dfef68429241ad80354,broad,200D,single,,Risk,Ri‍sk,"Risk, smoker, Broker","Ri‍sk, sm‍oker, Br‍oker"
00080.5a7386cb47846dfef68429241ad80354,00080__salted__broad__cp00AD__single.5a7386cb47846dfef68429241ad80354,broad,00AD,single,,Risk,Ri­sk,"Risk, smoker, Broker","Ri­sk, sm­oker, Br­oker"
00081.123b29a781b2e8c83763e5d440e672a3,00081__salted__broad__cp200B__single.123b29a781b2e8c83763e5d440e672a3,broad,200B,single,,,,"Guaranteed, herbal, Proven","Gu​aranteed, he​rbal, Pr​oven"
00081.123b29a781b2e8c83763e5d440e672a3,00081__salted__broad__cp200C__single.123b29a781b2e8c83763e5d440e672a3,broad,200C,single,,,,"Guaranteed, herbal, Proven","Gu‌aranteed, he‌rbal, Pr‌oven"
00081.123b29a781b2e8c83763e5d440e672a3,00081__salted__broad__cp200D__single.123b29a781b2e8c83763e5d440e672a3,broad,200D,single,,,,"Guaranteed, herbal, Proven","Gu‍aranteed, he‍rbal, Pr‍oven"
00081.123b29a781b2e8c83763e5d440e672a3,00081__salted__broad__cp00AD__single.123b29a781b2e8c83763e5d440e672a3,broad,00AD,single,,,,"Guaranteed, herbal, Proven","Gu­aranteed, he­rbal, Pr­oven"
00081.4c7fbdca38b8def54e276e75ec56682e,00081__salted__broad__cp200B__single.4c7fbdca38b8def54e276e75ec56682e,broad,200B,single,,Membership,Me​mbership,,
00081.4c7fbdca38b8def54e276e75ec56682e,00081__salted__broad__cp200C__single.4c7fbdca38b8def54e276e75ec56682e,broad,200C,single,,Membership,Me‌mbership,,
00081.4c7fbdca38b8def54e276e75ec56682e,00081__salted__broad__cp200D__single.4c7fbdca38b8def54e276e75ec56682e,broad,200D,single,,Membership,Me‍mbership,,
00081.4c7fbdca38b8def54e276e75ec56682e,00081__salted__broad__cp00AD__single.4c7fbdca38b8def54e276e75ec56682e,broad,00AD,single,,Membership,Me­mbership,,
00082.0341a767bbaca01fd89b6236ef681257,00082__salted__broad__cp200B__single.0341a767bbaca01fd89b6236ef681257,broad,200B,single,,investment,in​vestment,"ATTN, wish, invest","AT​TN, wi​sh, in​vest"
00082.0341a767bbaca01fd89b6236ef681257,00082__salted__broad__cp200C__single.0341a767bbaca01fd89b6236ef681257,broad,200C,single,,investment,in‌vestment,"ATTN, wish, invest","AT‌TN, wi‌sh, in‌vest"
00082.0341a767bbaca01fd89b6236ef681257,00082__salted__broad__cp200D__single.0341a767bbaca01fd89b6236ef681257,broad,200D,single,,investment,in‍vestment,"ATTN, wish, invest","AT‍TN, wi‍sh, in‍vest"
00082.0341a767bbaca01fd89b6236ef681257,00082__salted__broad__cp00AD__single.0341a767bbaca01fd89b6236ef681257,broad,00AD,single,,investment,in­vestment,"ATTN, wish, invest","AT­TN, wi­sh, in­vest"
00084.a9f5b3a9b7feb7070f25ae76320c8ec6,00084__salted__broad__cp200B__single.a9f5b3a9b7feb7070f25ae76320c8ec6,broad,200B,single,,Reply,Re​ply,"Dear, Sir, Nigeria","De​ar, Si​r, Ni​geria"
00084.a9f5b3a9b7feb7070f25ae76320c8ec6,00084__salted__broad__cp200C__single.a9f5b3a9b7feb7070f25ae76320c8ec6,broad,200C,single,,Reply,Re‌ply,"Dear, Sir, Nigeria","De‌ar, Si‌r, Ni‌geria"
00084.a9f5b3a9b7feb7070f25ae76320c8ec6,00084__salted__broad__cp200D__single.a9f5b3a9b7feb7070f25ae76320c8ec6,broad,200D,single,,Reply,Re‍ply,"Dear, Sir, Nigeria","De‍ar, Si‍r, Ni‍geria"
00084.a9f5b3a9b7feb7070f25ae76320c8ec6,00084__salted__broad__cp00AD__single.a9f5b3a9b7feb7070f25ae76320c8ec6,broad,00AD,single,,Reply,Re­ply,"Dear, Sir, Nigeria","De­ar, Si­r, Ni­geria"
00084.eab3c85ce1b86d404296fc9d490d30dc,00084__salted__broad__cp200B__single.eab3c85ce1b86d404296fc9d490d30dc,broad,200B,single,,Sales,Sa​les,,
00084.eab3c85ce1b86d404296fc9d490d30dc,00084__salted__broad__cp200C__single.eab3c85ce1b86d404296fc9d490d30dc,broad,200C,single,,Sales,Sa‌les,,
00084.eab3c85ce1b86d404296fc9d490d30dc,00084__salted__broad__cp200D__single.eab3c85ce1b86d404296fc9d490d30dc,broad,200D,single,,Sales,Sa‍les,,
00084.eab3c85ce1b86d404296fc9d490d30dc,00084__salted__broad__cp00AD__single.eab3c85ce1b86d404296fc9d490d30dc,broad,00AD,single,,Sales,Sa­les,,
00085.ae2bf18f9dd33e3d80d11eda4c0be41d,00085__salted__broad__cp200B__single.ae2bf18f9dd33e3d80d11eda4c0be41d,broad,200B,single,,Visa,Vi​sa,,
00085.ae2bf18f9dd33e3d80d11eda4c0be41d,00085__salted__broad__cp200C__single.ae2bf18f9dd33e3d80d11eda4c0be41d,broad,200C,single,,Visa,Vi‌sa,,
00085.ae2bf18f9dd33e3d80d11eda4c0be41d,00085__salted__broad__cp200D__single.ae2bf18f9dd33e3d80d11eda4c0be41d,broad,200D,single,,Visa,Vi‍sa,,
00085.ae2bf18f9dd33e3d80d11eda4c0be41d,00085__salted__broad__cp00AD__single.ae2bf18f9dd33e3d80d11eda4c0be41d,broad,00AD,single,,Visa,Vi­sa,,
00085.f63a9484ac582233db057dbb45dc0eaf,00085__salted__broad__cp200B__single.f63a9484ac582233db057dbb45dc0eaf,broad,200B,single,,ADV,AD​V,"skills, communication, marketing","sk​ills, co​mmunication, ma​rketing"
00085.f63a9484ac582233db057dbb45dc0eaf,00085__salted__broad__cp200C__single.f63a9484ac582233db057dbb45dc0eaf,broad,200C,single,,ADV,AD‌V,"skills, communication, marketing","sk‌ills, co‌mmunication, ma‌rketing"
00085.f63a9484ac582233db057dbb45dc0eaf,00085__salted__broad__cp200D__single.f63a9484ac582233db057dbb45dc0eaf,broad,200D,single,,ADV,AD‍V,"skills, communication, marketing","sk‍ills, co‍mmunication, ma‍rketing"
00085.f63a9484ac582233db057dbb45dc0eaf,00085__salted__broad__cp00AD__single.f63a9484ac582233db057dbb45dc0eaf,broad,00AD,single,,ADV,AD­V,"skills, communication, marketing","sk­ills, co­mmunication, ma­rketing"
00086.5ddcb4859b292c984d1db6aeade5ac04,00086__salted__broad__cp200B__single.5ddcb4859b292c984d1db6aeade5ac04,broad,200B,single,,Visa,Vi​sa,,
00086.5ddcb4859b292c984d1db6aeade5ac04,00086__salted__broad__cp200C__single.5ddcb4859b292c984d1db6aeade5ac04,broad,200C,single,,Visa,Vi‌sa,,
00086.5ddcb4859b292c984d1db6aeade5ac04,00086__salted__broad__cp200D__single.5ddcb4859b292c984d1db6aeade5ac04,broad,200D,single,,Visa,Vi‍sa,,
00086.5ddcb4859b292c984d1db6aeade5ac04,00086__salted__broad__cp00AD__single.5ddcb4859b292c984d1db6aeade5ac04,broad,00AD,single,,Visa,Vi­sa,,
00087.c6bf843edd1028fd09bb46d88bf97699,00087__salted__broad__cp200B__single.c6bf843edd1028fd09bb46d88bf97699,broad,200B,single,,Hundreds,Hu​ndreds,,
00087.c6bf843edd1028fd09bb46d88bf97699,00087__salted__broad__cp200C__single.c6bf843edd1028fd09bb46d88bf97699,broad,200C,single,,Hundreds,Hu‌ndreds,,
00087.c6bf843edd1028fd09bb46d88bf97699,00087__salted__broad__cp200D__single.c6bf843edd1028fd09bb46d88bf97699,broad,200D,single,,Hundreds,Hu‍ndreds,,
00087.c6bf843edd1028fd09bb46d88bf97699,00087__salted__broad__cp00AD__single.c6bf843edd1028fd09bb46d88bf97699,broad,00AD,single,,Hundreds,Hu­ndreds,,
00087.f09438ca6392721e63696f4f753effbb,00087__salted__broad__cp200B__single.f09438ca6392721e63696f4f753effbb,broad,200B,single,,,,"discount, prices, exciting","di​scount, pr​ices, ex​citing"
00087.f09438ca6392721e63696f4f753effbb,00087__salted__broad__cp200C__single.f09438ca6392721e63696f4f753effbb,broad,200C,single,,,,"discount, prices, exciting","di‌scount, pr‌ices, ex‌citing"
00087.f09438ca6392721e63696f4f753effbb,00087__salted__broad__cp200D__single.f09438ca6392721e63696f4f753effbb,broad,200D,single,,,,"discount, prices, exciting","di‍scount, pr‍ices, ex‍citing"
00087.f09438ca6392721e63696f4f753effbb,00087__salted__broad__cp00AD__single.f09438ca6392721e63696f4f753effbb,broad,00AD,single,,,,"discount, prices, exciting","di­scount, pr­ices, ex­citing"
00089.7e7baae6ef4a8fb945d7b3fe551329fe,00089__salted__broad__cp200B__single.7e7baae6ef4a8fb945d7b3fe551329fe,broad,200B,single,,Marketing,Ma​rketing,"marketing, offer, classified","ma​rketing, of​fer, cl​assified"
00089.7e7baae6ef4a8fb945d7b3fe551329fe,00089__salted__broad__cp200C__single.7e7baae6ef4a8fb945d7b3fe551329fe,broad,200C,single,,Marketing,Ma‌rketing,"marketing, offer, classified","ma‌rketing, of‌fer, cl‌assified"
00089.7e7baae6ef4a8fb945d7b3fe551329fe,00089__salted__broad__cp200D__single.7e7baae6ef4a8fb945d7b3fe551329fe,broad,200D,single,,Marketing,Ma‍rketing,"marketing, offer, classified","ma‍rketing, of‍fer, cl‍assified"
00089.7e7baae6ef4a8fb945d7b3fe551329fe,00089__salted__broad__cp00AD__single.7e7baae6ef4a8fb945d7b3fe551329fe,broad,00AD,single,,Marketing,Ma­rketing,"marketing, offer, classified","ma­rketing, of­fer, cl­assified"
00090.c82f6c8ce0db12e42a24fb2808974628,00090__salted__broad__cp200B__single.c82f6c8ce0db12e42a24fb2808974628,broad,200B,single,,Incredible,In​credible,,
00090.c82f6c8ce0db12e42a24fb2808974628,00090__salted__broad__cp200C__single.c82f6c8ce0db12e42a24fb2808974628,broad,200C,single,,Incredible,In‌credible,,
00090.c82f6c8ce0db12e42a24fb2808974628,00090__salted__broad__cp200D__single.c82f6c8ce0db12e42a24fb2808974628,broad,200D,single,,Incredible,In‍credible,,
00090.c82f6c8ce0db12e42a24fb2808974628,00090__salted__broad__cp00AD__single.c82f6c8ce0db12e42a24fb2808974628,broad,00AD,single,,Incredible,In­credible,,
00091.bcaf9648660ba372bc4d542aa06456ad,00091__salted__broad__cp200B__single.bcaf9648660ba372bc4d542aa06456ad,broad,200B,single,,loan,lo​an,,
00091.bcaf9648660ba372bc4d542aa06456ad,00091__salted__broad__cp200C__single.bcaf9648660ba372bc4d542aa06456ad,broad,200C,single,,loan,lo‌an,,
00091.bcaf9648660ba372bc4d542aa06456ad,00091__salted__broad__cp200D__single.bcaf9648660ba372bc4d542aa06456ad,broad,200D,single,,loan,lo‍an,,
00091.bcaf9648660ba372bc4d542aa06456ad,00091__salted__broad__cp00AD__single.bcaf9648660ba372bc4d542aa06456ad,broad,00AD,single,,loan,lo­an,,
00093.ca4edc32d2ff8e1dbb5f9c0b15ec435b,00093__salted__broad__cp200B__single.ca4edc32d2ff8e1dbb5f9c0b15ec435b,broad,200B,single,,,,"million, Promotion, Deposit","mi​llion, Pr​omotion, De​posit"
00093.ca4edc32d2ff8e1dbb5f9c0b15ec435b,00093__salted__broad__cp200C__single.ca4edc32d2ff8e1dbb5f9c0b15ec435b,broad,200C,single,,,,"million, Promotion, Deposit","mi‌llion, Pr‌omotion, De‌posit"
00093.ca4edc32d2ff8e1dbb5f9c0b15ec435b,00093__salted__broad__cp200D__single.ca4edc32d2ff8e1dbb5f9c0b15ec435b,broad,200D,single,,,,"million, Promotion, Deposit","mi‍llion, Pr‍omotion, De‍posit"
00093.ca4edc32d2ff8e1dbb5f9c0b15ec435b,00093__salted__broad__cp00AD__single.ca4edc32d2ff8e1dbb5f9c0b15ec435b,broad,00AD,single,,,,"million, Promotion, Deposit","mi­llion, Pr­omotion, De­posit"
00094.7f704c47988221c18cb6a620409442b8,00094__salted__broad__cp200B__single.7f704c47988221c18cb6a620409442b8,broad,200B,single,,Incredible,In​credible,,
00094.7f704c47988221c18cb6a620409442b8,00094__salted__broad__cp200C__single.7f704c47988221c18cb6a620409442b8,broad,200C,single,,Incredible,In‌credible,,
00094.7f704c47988221c18cb6a620409442b8,00094__salted__broad__cp200D__single.7f704c47988221c18cb6a620409442b8,broad,200D,single,,Incredible,In‍credible,,
00094.7f704c47988221c18cb6a620409442b8,00094__salted__broad__cp00AD__single.7f704c47988221c18cb6a620409442b8,broad,00AD,single,,Incredible,In­credible,,
00095.17594a58d6736a8f6a1990b0b92090cd,00095__salted__broad__cp200B__single.17594a58d6736a8f6a1990b0b92090cd,broad,200B,single,,,,"OFFER, click, OPT","OF​FER, cl​ick, OP​T"
00095.17594a58d6736a8f6a1990b0b92090cd,00095__salted__broad__cp200C__single.17594a58d6736a8f6a1990b0b92090cd,broad,200C,single,,,,"OFFER, click, OPT","OF‌FER, cl‌ick, OP‌T"
00095.17594a58d6736a8f6a1990b0b92090cd,00095__salted__broad__cp200D__single.17594a58d6736a8f6a1990b0b92090cd,broad,200D,single,,,,"OFFER, click, OPT","OF‍FER, cl‍ick, OP‍T"
00095.17594a58d6736a8f6a1990b0b92090cd,00095__salted__broad__cp00AD__single.17594a58d6736a8f6a1990b0b92090cd,broad,00AD,single,,,,"OFFER, click, OPT","OF­FER, cl­ick, OP­T"
00095.bee28d9bf506043611e140c673fe41f4,00095__salted__broad__cp200B__single.bee28d9bf506043611e140c673fe41f4,broad,200B,single,,OPT,OP​T,,
00095.bee28d9bf506043611e140c673fe41f4,00095__salted__broad__cp200C__single.bee28d9bf506043611e140c673fe41f4,broad,200C,single,,OPT,OP‌T,,
00095.bee28d9bf506043611e140c673fe41f4,00095__salted__broad__cp200D__single.bee28d9bf506043611e140c673fe41f4,broad,200D,single,,OPT,OP‍T,,
00095.bee28d9bf506043611e140c673fe41f4,00095__salted__broad__cp00AD__single.bee28d9bf506043611e140c673fe41f4,broad,00AD,single,,OPT,OP­T,,
00096.a791864be5f1205bf2cea0adf241b25a,00096__salted__broad__cp200B__single.a791864be5f1205bf2cea0adf241b25a,broad,200B,single,,,,"offer, offer, Contact","of​fer, of​fer, Co​ntact"
00096.a791864be5f1205bf2cea0adf241b25a,00096__salted__broad__cp200C__single.a791864be5f1205bf2cea0adf241b25a,broad,200C,single,,,,"offer, offer, Contact","of‌fer, of‌fer, Co‌ntact"
00096.a791864be5f1205bf2cea0adf241b25a,00096__salted__broad__cp200D__single.a791864be5f1205bf2cea0adf241b25a,broad,200D,single,,,,"offer, offer, Contact","of‍fer, of‍fer, Co‍ntact"
00096.a791864be5f1205bf2cea0adf241b25a,00096__salted__broad__cp00AD__single.a791864be5f1205bf2cea0adf241b25a,broad,00AD,single,,,,"offer, offer, Contact","of­fer, of­fer, Co­ntact"
00097.013347cc91e7d0915074dccb0428883f,00097__salted__broad__cp200B__single.013347cc91e7d0915074dccb0428883f,broad,200B,single,,,,"Guaranteed, herbal, Proven","Gu​aranteed, he​rbal, Pr​oven"
00097.013347cc91e7d0915074dccb0428883f,00097__salted__broad__cp200C__single.013347cc91e7d0915074dccb0428883f,broad,200C,single,,,,"Guaranteed, herbal, Proven","Gu‌aranteed, he‌rbal, Pr‌oven"
00097.013347cc91e7d0915074dccb0428883f,00097__salted__broad__cp200D__single.013347cc91e7d0915074dccb0428883f,broad,200D,single,,,,"Guaranteed, herbal, Proven","Gu‍aranteed, he‍rbal, Pr‍oven"
00097.013347cc91e7d0915074dccb0428883f,00097__salted__broad__cp00AD__single.013347cc91e7d0915074dccb0428883f,broad,00AD,single,,,,"Guaranteed, herbal, Proven","Gu­aranteed, he­rbal, Pr­oven"
00098.f1f1a3bd3ec32d8e967fba2a7a03e1e5,00098__salted__broad__cp200B__single.f1f1a3bd3ec32d8e967fba2a7a03e1e5,broad,200B,single,,,,"Guaranteed, lose, Weight","Gu​aranteed, lo​se, We​ight"
00098.f1f1a3bd3ec32d8e967fba2a7a03e1e5,00098__salted__broad__cp200C__single.f1f1a3bd3ec32d8e967fba2a7a03e1e5,broad,200C,single,,,,"Guaranteed, lose, Weight","Gu‌aranteed, lo‌se, We‌ight"
00098.f1f1a3bd3ec32d8e967fba2a7a03e1e5,00098__salted__broad__cp200D__single.f1f1a3bd3ec32d8e967fba2a7a03e1e5,broad,200D,single,,,,"Guaranteed, lose, Weight","Gu‍aranteed, lo‍se, We‍ight"
00098.f1f1a3bd3ec32d8e967fba2a7a03e1e5,00098__salted__broad__cp00AD__single.f1f1a3bd3ec32d8e967fba2a7a03e1e5,broad,00AD,single,,,,"Guaranteed, lose, Weight","Gu­aranteed, lo­se, We­ight"
00099.328fbebf5170afdd863e431d90ea90f5,00099__salted__broad__cp200B__single.328fbebf5170afdd863e431d90ea90f5,broad,200B,single,,Risk,Ri​sk,,
00099.328fbebf5170afdd863e431d90ea90f5,00099__salted__broad__cp200C__single.328fbebf5170afdd863e431d90ea90f5,broad,200C,single,,Risk,Ri‌sk,,
00099.328fbebf5170afdd863e431d90ea90f5,00099__salted__broad__cp200D__single.328fbebf5170afdd863e431d90ea90f5,broad,200D,single,,Risk,Ri‍sk,,
00099.328fbebf5170afdd863e431d90ea90f5,00099__salted__broad__cp00AD__single.328fbebf5170afdd863e431d90ea90f5,broad,00AD,single,,Risk,Ri­sk,,
00100.81611d62ec1f172be947fda4af7caa2c,00100__salted__broad__cp200B__single.81611d62ec1f172be947fda4af7caa2c,broad,200B,single,,,,"Adult, Membership, Offer","Ad​ult, Me​mbership, Of​fer"
00100.81611d62ec1f172be947fda4af7caa2c,00100__salted__broad__cp200C__single.81611d62ec1f172be947fda4af7caa2c,broad,200C,single,,,,"Adult, Membership, Offer","Ad‌ult, Me‌mbership, Of‌fer"
00100.81611d62ec1f172be947fda4af7caa2c,00100__salted__broad__cp200D__single.81611d62ec1f172be947fda4af7caa2c,broad,200D,single,,,,"Adult, Membership, Offer","Ad‍ult, Me‍mbership, Of‍fer"
00100.81611d62ec1f172be947fda4af7caa2c,00100__salted__broad__cp00AD__single.81611d62ec1f172be947fda4af7caa2c,broad,00AD,single,,,,"Adult, Membership, Offer","Ad­ult, Me­mbership, Of­fer"
00100.f18596df33992ee2af3e79f71f092e69,00100__salted__broad__cp200B__single.f18596df33992ee2af3e79f71f092e69,broad,200B,single,,Credit,Cr​edit,,
00100.f18596df33992ee2af3e79f71f092e69,00100__salted__broad__cp200C__single.f18596df33992ee2af3e79f71f092e69,broad,200C,single,,Credit,Cr‌edit,,
00100.f18596df33992ee2af3e79f71f092e69,00100__salted__broad__cp200D__single.f18596df33992ee2af3e79f71f092e69,broad,200D,single,,Credit,Cr‍edit,,
00100.f18596df33992ee2af3e79f71f092e69,00100__salted__broad__cp00AD__single.f18596df33992ee2af3e79f71f092e69,broad,00AD,single,,Credit,Cr­edit,,
00101.1eefdf65cf34445662c1d308ef78d103,00101__salted__broad__cp200B__single.1eefdf65cf34445662c1d308ef78d103,broad,200B,single,,Credit,Cr​edit,,
00101.1eefdf65cf34445662c1d308ef78d103,00101__salted__broad__cp200C__single.1eefdf65cf34445662c1d308ef78d103,broad,200C,single,,Credit,Cr‌edit,,
00101.1eefdf65cf34445662c1d308ef78d103,00101__salted__broad__cp200D__single.1eefdf65cf34445662c1d308ef78d103,broad,200D,single,,Credit,Cr‍edit,,
00101.1eefdf65cf34445662c1d308ef78d103,00101__salted__broad__cp00AD__single.1eefdf65cf34445662c1d308ef78d103,broad,00AD,single,,Credit,Cr­edit,,
00102.706dc065aaf3946565c4897163a16a33,00102__salted__broad__cp200B__single.706dc065aaf3946565c4897163a16a33,broad,200B,single,,CASH,CA​SH,,
00102.706dc065aaf3946565c4897163a16a33,00102__salted__broad__cp200C__single.706dc065aaf3946565c4897163a16a33,broad,200C,single,,CASH,CA‌SH,,
00102.706dc065aaf3946565c4897163a16a33,00102__salted__broad__cp200D__single.706dc065aaf3946565c4897163a16a33,broad,200D,single,,CASH,CA‍SH,,
00102.706dc065aaf3946565c4897163a16a33,00102__salted__broad__cp00AD__single.706dc065aaf3946565c4897163a16a33,broad,00AD,single,,CASH,CA­SH,,
00102.fb09d2f978a271fba5a3ffc172003ed9,00102__salted__broad__cp200B__single.fb09d2f978a271fba5a3ffc172003ed9,broad,200B,single,,Rates,Ra​tes,"HUNDREDS, lenders, compete","HU​NDREDS, le​nders, co​mpete"
00102.fb09d2f978a271fba5a3ffc172003ed9,00102__salted__broad__cp200C__single.fb09d2f978a271fba5a3ffc172003ed9,broad,200C,single,,Rates,Ra‌tes,"HUNDREDS, lenders, compete","HU‌NDREDS, le‌nders, co‌mpete"
00102.fb09d2f978a271fba5a3ffc172003ed9,00102__salted__broad__cp200D__single.fb09d2f978a271fba5a3ffc172003ed9,broad,200D,single,,Rates,Ra‍tes,"HUNDREDS, lenders, compete","HU‍NDREDS, le‍nders, co‍mpete"
00102.fb09d2f978a271fba5a3ffc172003ed9,00102__salted__broad__cp00AD__single.fb09d2f978a271fba5a3ffc172003ed9,broad,00AD,single,,Rates,Ra­tes,"HUNDREDS, lenders, compete","HU­NDREDS, le­nders, co­mpete"
00103.2eef38789b4ecce796e7e8dbe718e3d2,00103__salted__broad__cp200B__single.2eef38789b4ecce796e7e8dbe718e3d2,broad,200B,single,,ADV,AD​V,,
00103.2eef38789b4ecce796e7e8dbe718e3d2,00103__salted__broad__cp200C__single.2eef38789b4ecce796e7e8dbe718e3d2,broad,200C,single,,ADV,AD‌V,,
00103.2eef38789b4ecce796e7e8dbe718e3d2,00103__salted__broad__cp200D__single.2eef38789b4ecce796e7e8dbe718e3d2,broad,200D,single,,ADV,AD‍V,,
00103.2eef38789b4ecce796e7e8dbe718e3d2,00103__salted__broad__cp00AD__single.2eef38789b4ecce796e7e8dbe718e3d2,broad,00AD,single,,ADV,AD­V,,
00105.00951a21b8464f4eb4e106d6b14c68b6,00105__salted__broad__cp200B__single.00951a21b8464f4eb4e106d6b14c68b6,broad,200B,single,,Sale,Sa​le,"Income, Commission, cash","In​come, Co​mmission, ca​sh"
00105.00951a21b8464f4eb4e106d6b14c68b6,00105__salted__broad__cp200C__single.00951a21b8464f4eb4e106d6b14c68b6,broad,200C,single,,Sale,Sa‌le,"Income, Commission, cash","In‌come, Co‌mmission, ca‌sh"
00105.00951a21b8464f4eb4e106d6b14c68b6,00105__salted__broad__cp200D__single.00951a21b8464f4eb4e106d6b14c68b6,broad,200D,single,,Sale,Sa‍le,"Income, Commission, cash","In‍come, Co‍mmission, ca‍sh"
00105.00951a21b8464f4eb4e106d6b14c68b6,00105__salted__broad__cp00AD__single.00951a21b8464f4eb4e106d6b14c68b6,broad,00AD,single,,Sale,Sa­le,"Income, Commission, cash","In­come, Co­mmission, ca­sh"
00106.f20a99365b7016f8e9dcd8620b472e74,00106__salted__broad__cp200B__single.f20a99365b7016f8e9dcd8620b472e74,broad,200B,single,,,,"Instructions, instructions, guide","In​structions, in​structions, gu​ide"
00106.f20a99365b7016f8e9dcd8620b472e74,00106__salted__broad__cp200C__single.f20a99365b7016f8e9dcd8620b472e74,broad,200C,single,,,,"Instructions, instructions, guide","In‌structions, in‌structions, gu‌ide"
00106.f20a99365b7016f8e9dcd8620b472e74,00106__salted__broad__cp200D__single.f20a99365b7016f8e9dcd8620b472e74,broad,200D,single,,,,"Instructions, instructions, guide","In‍structions, in‍structions, gu‍ide"
00106.f20a99365b7016f8e9dcd8620b472e74,00106__salted__broad__cp00AD__single.f20a99365b7016f8e9dcd8620b472e74,broad,00AD,single,,,,"Instructions, instructions, guide","In­structions, in­structions, gu­ide"
00108.813fc6306b631b5c58ecfc26caf3a8dc,00108__salted__broad__cp200B__single.813fc6306b631b5c58ecfc26caf3a8dc,broad,200B,single,,,,"price, trading","pr​ice, tr​ading"
00108.813fc6306b631b5c58ecfc26caf3a8dc,00108__salted__broad__cp200C__single.813fc6306b631b5c58ecfc26caf3a8dc,broad,200C,single,,,,"price, trading","pr‌ice, tr‌ading"
00108.813fc6306b631b5c58ecfc26caf3a8dc,00108__salted__broad__cp200D__single.813fc6306b631b5c58ecfc26caf3a8dc,broad,200D,single,,,,"price, trading","pr‍ice, tr‍ading"
00108.813fc6306b631b5c58ecfc26caf3a8dc,00108__salted__broad__cp00AD__single.813fc6306b631b5c58ecfc26caf3a8dc,broad,00AD,single,,,,"price, trading","pr­ice, tr­ading"
00108.ce25a55c6b4cc9bcd32ed090ee20785a,00108__salted__broad__cp200B__single.ce25a55c6b4cc9bcd32ed090ee20785a,broad,200B,single,,ADV,AD​V,,
00108.ce25a55c6b4cc9bcd32ed090ee20785a,00108__salted__broad__cp200C__single.ce25a55c6b4cc9bcd32ed090ee20785a,broad,200C,single,,ADV,AD‌V,,
00108.ce25a55c6b4cc9bcd32ed090ee20785a,00108__salted__broad__cp200D__single.ce25a55c6b4cc9bcd32ed090ee20785a,broad,200D,single,,ADV,AD‍V,,
00108.ce25a55c6b4cc9bcd32ed090ee20785a,00108__salted__broad__cp00AD__single.ce25a55c6b4cc9bcd32ed090ee20785a,broad,00AD,single,,ADV,AD­V,,
00109.17824b03f1b16c199abc7f4d7c35e4eb,00109__salted__broad__cp200B__single.17824b03f1b16c199abc7f4d7c35e4eb,broad,200B,single,,debt,de​bt,,
00109.17824b03f1b16c199abc7f4d7c35e4eb,00109__salted__broad__cp200C__single.17824b03f1b16c199abc7f4d7c35e4eb,broad,200C,single,,debt,de‌bt,,
00109.17824b03f1b16c199abc7f4d7c35e4eb,00109__salted__broad__cp200D__single.17824b03f1b16c199abc7f4d7c35e4eb,broad,200D,single,,debt,de‍bt,,
00109.17824b03f1b16c199abc7f4d7c35e4eb,00109__salted__broad__cp00AD__single.17824b03f1b16c199abc7f4d7c35e4eb,broad,00AD,single,,debt,de­bt,,
00110.6a98310639f4d8f87cabd99ce4155c77,00110__salted__broad__cp200B__single.6a98310639f4d8f87cabd99ce4155c77,broad,200B,single,,bills,bi​lls,,
00110.6a98310639f4d8f87cabd99ce4155c77,00110__salted__broad__cp200C__single.6a98310639f4d8f87cabd99ce4155c77,broad,200C,single,,bills,bi‌lls,,
00110.6a98310639f4d8f87cabd99ce4155c77,00110__salted__broad__cp200D__single.6a98310639f4d8f87cabd99ce4155c77,broad,200D,single,,bills,bi‍lls,,
00110.6a98310639f4d8f87cabd99ce4155c77,00110__salted__broad__cp00AD__single.6a98310639f4d8f87cabd99ce4155c77,broad,00AD,single,,bills,bi­lls,,
00110.f3c4ebe14b439420b53212332326181f,00110__salted__broad__cp200B__single.f3c4ebe14b439420b53212332326181f,broad,200B,single,,,,click,cl​ick
00110.f3c4ebe14b439420b53212332326181f,00110__salted__broad__cp200C__single.f3c4ebe14b439420b53212332326181f,broad,200C,single,,,,click,cl‌ick
00110.f3c4ebe14b439420b53212332326181f,00110__salted__broad__cp200D__single.f3c4ebe14b439420b53212332326181f,broad,200D,single,,,,click,cl‍ick
00110.f3c4ebe14b439420b53212332326181f,00110__salted__broad__cp00AD__single.f3c4ebe14b439420b53212332326181f,broad,00AD,single,,,,click,cl­ick
00111.ae6aba48f8aa83849be067076eea8ce5,00111__salted__broad__cp200B__single.ae6aba48f8aa83849be067076eea8ce5,broad,200B,single,,ADV,AD​V,,
00111.ae6aba48f8aa83849be067076eea8ce5,00111__salted__broad__cp200C__single.ae6aba48f8aa83849be067076eea8ce5,broad,200C,single,,ADV,AD‌V,,
00111.ae6aba48f8aa83849be067076eea8ce5,00111__salted__broad__cp200D__single.ae6aba48f8aa83849be067076eea8ce5,broad,200D,single,,ADV,AD‍V,,
00111.ae6aba48f8aa83849be067076eea8ce5,00111__salted__broad__cp00AD__single.ae6aba48f8aa83849be067076eea8ce5,broad,00AD,single,,ADV,AD­V,,
00112.be81f2f6f7940a9403c9809b4a9e243a,00112__salted__broad__cp200B__single.be81f2f6f7940a9403c9809b4a9e243a,broad,200B,single,,,,"INVESTMENT, financial, investment","IN​VESTMENT, fi​nancial, in​vestment"
00112.be81f2f6f7940a9403c9809b4a9e243a,00112__salted__broad__cp200C__single.be81f2f6f7940a9403c9809b4a9e243a,broad,200C,single,,,,"INVESTMENT, financial, investment","IN‌VESTMENT, fi‌nancial, in‌vestment"
00112.be81f2f6f7940a9403c9809b4a9e243a,00112__salted__broad__cp200D__single.be81f2f6f7940a9403c9809b4a9e243a,broad,200D,single,,,,"INVESTMENT, financial, investment","IN‍VESTMENT, fi‍nancial, in‍vestment"
00112.be81f2f6f7940a9403c9809b4a9e243a,00112__salted__broad__cp00AD__single.be81f2f6f7940a9403c9809b4a9e243a,broad,00AD,single,,,,"INVESTMENT, financial, investment","IN­VESTMENT, fi­nancial, in­vestment"
00112.e4952a7d270c78cd6bba9d4f6add13f2,00112__salted__broad__cp200B__single.e4952a7d270c78cd6bba9d4f6add13f2,broad,200B,single,,Million,Mi​llion,,
00112.e4952a7d270c78cd6bba9d4f6add13f2,00112__salted__broad__cp200C__single.e4952a7d270c78cd6bba9d4f6add13f2,broad,200C,single,,Million,Mi‌llion,,
00112.e4952a7d270c78cd6bba9d4f6add13f2,00112__salted__broad__cp200D__single.e4952a7d270c78cd6bba9d4f6add13f2,broad,200D,single,,Million,Mi‍llion,,
00112.e4952a7d270c78cd6bba9d4f6add13f2,00112__salted__broad__cp00AD__single.e4952a7d270c78cd6bba9d4f6add13f2,broad,00AD,single,,Million,Mi­llion,,
00113.eebc11982ccc4730fb8759f94400ce19,00113__salted__broad__cp200B__single.eebc11982ccc4730fb8759f94400ce19,broad,200B,single,,Merchant,Me​rchant,"Obligation, Consultation, Credit","Ob​ligation, Co​nsultation, Cr​edit"
00113.eebc11982ccc4730fb8759f94400ce19,00113__salted__broad__cp200C__single.eebc11982ccc4730fb8759f94400ce19,broad,200C,single,,Merchant,Me‌rchant,"Obligation, Consultation, Credit","Ob‌ligation, Co‌nsultation, Cr‌edit"
00113.eebc11982ccc4730fb8759f94400ce19,00113__salted__broad__cp200D__single.eebc11982ccc4730fb8759f94400ce19,broad,200D,single,,Merchant,Me‍rchant,"Obligation, Consultation, Credit","Ob‍ligation, Co‍nsultation, Cr‍edit"
00113.eebc11982ccc4730fb8759f94400ce19,00113__salted__broad__cp00AD__single.eebc11982ccc4730fb8759f94400ce19,broad,00AD,single,,Merchant,Me­rchant,"Obligation, Consultation, Credit","Ob­ligation, Co­nsultation, Cr­edit"
00117.9f0ba9c35b1fe59307e32b7c2c0d4e61,00117__salted__broad__cp200B__single.9f0ba9c35b1fe59307e32b7c2c0d4e61,broad,200B,single,,Membership,Me​mbership,"Membership, Membership, skills","Me​mbership, Me​mbership, sk​ills"
00117.9f0ba9c35b1fe59307e32b7c2c0d4e61,00117__salted__broad__cp200C__single.9f0ba9c35b1fe59307e32b7c2c0d4e61,broad,200C,single,,Membership,Me‌mbership,"Membership, Membership, skills","Me‌mbership, Me‌mbership, sk‌ills"
00117.9f0ba9c35b1fe59307e32b7c2c0d4e61,00117__salted__broad__cp200D__single.9f0ba9c35b1fe59307e32b7c2c0d4e61,broad,200D,single,,Membership,Me‍mbership,"Membership, Membership, skills","Me‍mbership, Me‍mbership, sk‍ills"
00117.9f0ba9c35b1fe59307e32b7c2c0d4e61,00117__salted__broad__cp00AD__single.9f0ba9c35b1fe59307e32b7c2c0d4e61,broad,00AD,single,,Membership,Me­mbership,"Membership, Membership, skills","Me­mbership, Me­mbership, sk­ills"
00117.b3ceb6525a1dc935463f3e3080110039,00117__salted__broad__cp200B__single.b3ceb6525a1dc935463f3e3080110039,broad,200B,single,,BANK,BA​NK,"MONTHLY, INCOME, Income","MO​NTHLY, IN​COME, In​come"
00117.b3ceb6525a1dc935463f3e3080110039,00117__salted__broad__cp200C__single.b3ceb6525a1dc935463f3e3080110039,broad,200C,single,,BANK,BA‌NK,"MONTHLY, INCOME, Income","MO‌NTHLY, IN‌COME, In‌come"
00117.b3ceb6525a1dc935463f3e3080110039,00117__salted__broad__cp200D__single.b3ceb6525a1dc935463f3e3080110039,broad,200D,single,,BANK,BA‍NK,"MONTHLY, INCOME, Income","MO‍NTHLY, IN‍COME, In‍come"
00117.b3ceb6525a1dc935463f3e3080110039,00117__salted__broad__cp00AD__single.b3ceb6525a1dc935463f3e3080110039,broad,00AD,single,,BANK,BA­NK,"MONTHLY, INCOME, Income","MO­NTHLY, IN­COME, In­come"
00118.141d803810acd9d4fc23db103dddfcd9,00118__salted__broad__cp200B__single.141d803810acd9d4fc23db103dddfcd9,broad,200B,single,,Viagra,Vi​agra,,
00118.141d803810acd9d4fc23db103dddfcd9,00118__salted__broad__cp200C__single.141d803810acd9d4fc23db103dddfcd9,broad,200C,single,,Viagra,Vi‌agra,,
00118.141d803810acd9d4fc23db103dddfcd9,00118__salted__broad__cp200D__single.141d803810acd9d4fc23db103dddfcd9,broad,200D,single,,Viagra,Vi‍agra,,
00118.141d803810acd9d4fc23db103dddfcd9,00118__salted__broad__cp00AD__single.141d803810acd9d4fc23db103dddfcd9,broad,00AD,single,,Viagra,Vi­agra,,
00118.b31615605a37b4878bd1de4f829c89cb,00118__salted__broad__cp200B__single.b31615605a37b4878bd1de4f829c89cb,broad,200B,single,,Viagra,Vi​agra,"VIAGRA, HOURS, visit","VI​AGRA, HO​URS, vi​sit"
00118.b31615605a37b4878bd1de4f829c89cb,00118__salted__broad__cp200C__single.b31615605a37b4878bd1de4f829c89cb,broad,200C,single,,Viagra,Vi‌agra,"VIAGRA, HOURS, visit","VI‌AGRA, HO‌URS, vi‌sit"
00118.b31615605a37b4878bd1de4f829c89cb,00118__salted__broad__cp200D__single.b31615605a37b4878bd1de4f829c89cb,broad,200D,single,,Viagra,Vi‍agra,"VIAGRA, HOURS, visit","VI‍AGRA, HO‍URS, vi‍sit"
00118.b31615605a37b4878bd1de4f829c89cb,00118__salted__broad__cp00AD__single.b31615605a37b4878bd1de4f829c89cb,broad,00AD,single,,Viagra,Vi­agra,"VIAGRA, HOURS, visit","VI­AGRA, HO­URS, vi­sit"
00120.b6b2f20782980f83878f075f29d7c517,00120__salted__broad__cp200B__single.b6b2f20782980f83878f075f29d7c517,broad,200B,single,,Rates,Ra​tes,,
00120.b6b2f20782980f83878f075f29d7c517,00120__salted__broad__cp200C__single.b6b2f20782980f83878f075f29d7c517,broad,200C,single,,Rates,Ra‌tes,,
00120.b6b2f20782980f83878f075f29d7c517,00120__salted__broad__cp200D__single.b6b2f20782980f83878f075f29d7c517,broad,200D,single,,Rates,Ra‍tes,,
00120.b6b2f20782980f83878f075f29d7c517,00120__salted__broad__cp00AD__single.b6b2f20782980f83878f075f29d7c517,broad,00AD,single,,Rates,Ra­tes,,
00122.4a2f67839c81141a1075745a66c907bb,00122__salted__broad__cp200B__single.4a2f67839c81141a1075745a66c907bb,broad,200B,single,,Membership,Me​mbership,,
00122.4a2f67839c81141a1075745a66c907bb,00122__salted__broad__cp200C__single.4a2f67839c81141a1075745a66c907bb,broad,200C,single,,Membership,Me‌mbership,,
00122.4a2f67839c81141a1075745a66c907bb,00122__salted__broad__cp200D__single.4a2f67839c81141a1075745a66c907bb,broad,200D,single,,Membership,Me‍mbership,,
00122.4a2f67839c81141a1075745a66c907bb,00122__salted__broad__cp00AD__single.4a2f67839c81141a1075745a66c907bb,broad,00AD,single,,Membership,Me­mbership,,
00124.db848e36f1b4c2705cbc16ef33a302d4,00124__salted__broad__cp200B__single.db848e36f1b4c2705cbc16ef33a302d4,broad,200B,single,,Guaranteed,Gu​aranteed,"Guaranteed, lose, Weight","Gu​aranteed, lo​se, We​ight"
00124.db848e36f1b4c2705cbc16ef33a302d4,00124__salted__broad__cp200C__single.db848e36f1b4c2705cbc16ef33a302d4,broad,200C,single,,Guaranteed,Gu‌aranteed,"Guaranteed, lose, Weight","Gu‌aranteed, lo‌se, We‌ight"
00124.db848e36f1b4c2705cbc16ef33a302d4,00124__salted__broad__cp200D__single.db848e36f1b4c2705cbc16ef33a302d4,broad,200D,single,,Guaranteed,Gu‍aranteed,"Guaranteed, lose, Weight","Gu‍aranteed, lo‍se, We‍ight"
00124.db848e36f1b4c2705cbc16ef33a302d4,00124__salted__broad__cp00AD__single.db848e36f1b4c2705cbc16ef33a302d4,broad,00AD,single,,Guaranteed,Gu­aranteed,"Guaranteed, lose, Weight","Gu­aranteed, lo­se, We­ight"
00125.ea96729a0da6d9025d5178f2d6916e42,00125__salted__broad__cp200B__single.ea96729a0da6d9025d5178f2d6916e42,broad,200B,single,,ADV,AD​V,,
00125.ea96729a0da6d9025d5178f2d6916e42,00125__salted__broad__cp200C__single.ea96729a0da6d9025d5178f2d6916e42,broad,200C,single,,ADV,AD‌V,,
00125.ea96729a0da6d9025d5178f2d6916e42,00125__salted__broad__cp200D__single.ea96729a0da6d9025d5178f2d6916e42,broad,200D,single,,ADV,AD‍V,,
00125.ea96729a0da6d9025d5178f2d6916e42,00125__salted__broad__cp00AD__single.ea96729a0da6d9025d5178f2d6916e42,broad,00AD,single,,ADV,AD­V,,
00126.e98e1ba87a38e0cceeb55f3b86dbd4dd,00126__salted__broad__cp200B__single.e98e1ba87a38e0cceeb55f3b86dbd4dd,broad,200B,single,,,,"trial, Instructions","tr​ial, In​structions"
00126.e98e1ba87a38e0cceeb55f3b86dbd4dd,00126__salted__broad__cp200C__single.e98e1ba87a38e0cceeb55f3b86dbd4dd,broad,200C,single,,,,"trial, Instructions","tr‌ial, In‌structions"
00126.e98e1ba87a38e0cceeb55f3b86dbd4dd,00126__salted__broad__cp200D__single.e98e1ba87a38e0cceeb55f3b86dbd4dd,broad,200D,single,,,,"trial, Instructions","tr‍ial, In‍structions"
00126.e98e1ba87a38e0cceeb55f3b86dbd4dd,00126__salted__broad__cp00AD__single.e98e1ba87a38e0cceeb55f3b86dbd4dd,broad,00AD,single,,,,"trial, Instructions","tr­ial, In­structions"
00127.17d8ae11fb73ed829ae89847f2c1e9e5,00127__salted__broad__cp200B__single.17d8ae11fb73ed829ae89847f2c1e9e5,broad,200B,single,,Profits,Pr​ofits,,
00127.17d8ae11fb73ed829ae89847f2c1e9e5,00127__salted__broad__cp200C__single.17d8ae11fb73ed829ae89847f2c1e9e5,broad,200C,single,,Profits,Pr‌ofits,,
00127.17d8ae11fb73ed829ae89847f2c1e9e5,00127__salted__broad__cp200D__single.17d8ae11fb73ed829ae89847f2c1e9e5,broad,200D,single,,Profits,Pr‍ofits,,
00127.17d8ae11fb73ed829ae89847f2c1e9e5,00127__salted__broad__cp00AD__single.17d8ae11fb73ed829ae89847f2c1e9e5,broad,00AD,single,,Profits,Pr­ofits,,
00129.1080cea3a532759b015dc071d033749d,00129__salted__broad__cp200B__single.1080cea3a532759b015dc071d033749d,broad,200B,single,,ADV,AD​V,"Removal, instructions, receive","Re​moval, in​structions, re​ceive"
00129.1080cea3a532759b015dc071d033749d,00129__salted__broad__cp200C__single.1080cea3a532759b015dc071d033749d,broad,200C,single,,ADV,AD‌V,"Removal, instructions, receive","Re‌moval, in‌structions, re‌ceive"
00129.1080cea3a532759b015dc071d033749d,00129__salted__broad__cp200D__single.1080cea3a532759b015dc071d033749d,broad,200D,single,,ADV,AD‍V,"Removal, instructions, receive","Re‍moval, in‍structions, re‍ceive"
00129.1080cea3a532759b015dc071d033749d,00129__salted__broad__cp00AD__single.1080cea3a532759b015dc071d033749d,broad,00AD,single,,ADV,AD­V,"Removal, instructions, receive","Re­moval, in­structions, re­ceive"
00131.d955acc659fb151479460f9dd2f87efe,00131__salted__broad__cp200B__single.d955acc659fb151479460f9dd2f87efe,broad,200B,single,,Rates,Ra​tes,"HUNDREDS, lenders, compete","HU​NDREDS, le​nders, co​mpete"
00131.d955acc659fb151479460f9dd2f87efe,00131__salted__broad__cp200C__single.d955acc659fb151479460f9dd2f87efe,broad,200C,single,,Rates,Ra‌tes,"HUNDREDS, lenders, compete","HU‌NDREDS, le‌nders, co‌mpete"
00131.d955acc659fb151479460f9dd2f87efe,00131__salted__broad__cp200D__single.d955acc659fb151479460f9dd2f87efe,broad,200D,single,,Rates,Ra‍tes,"HUNDREDS, lenders, compete","HU‍NDREDS, le‍nders, co‍mpete"
00131.d955acc659fb151479460f9dd2f87efe,00131__salted__broad__cp00AD__single.d955acc659fb151479460f9dd2f87efe,broad,00AD,single,,Rates,Ra­tes,"HUNDREDS, lenders, compete","HU­NDREDS, le­nders, co­mpete"
00131.faf572e5916abbdb3d6ee9671339e047,00131__salted__broad__cp200B__single.faf572e5916abbdb3d6ee9671339e047,broad,200B,single,,CREDIT,CR​EDIT,,
00131.faf572e5916abbdb3d6ee9671339e047,00131__salted__broad__cp200C__single.faf572e5916abbdb3d6ee9671339e047,broad,200C,single,,CREDIT,CR‌EDIT,,
00131.faf572e5916abbdb3d6ee9671339e047,00131__salted__broad__cp200D__single.faf572e5916abbdb3d6ee9671339e047,broad,200D,single,,CREDIT,CR‍EDIT,,
00131.faf572e5916abbdb3d6ee9671339e047,00131__salted__broad__cp00AD__single.faf572e5916abbdb3d6ee9671339e047,broad,00AD,single,,CREDIT,CR­EDIT,,
00132.0ead3e293c6c41cbffb69670e8b85ae7,00132__salted__broad__cp200B__single.0ead3e293c6c41cbffb69670e8b85ae7,broad,200B,single,,HGH,HG​H,"NBC, CBS, CNN","NB​C, CB​S, CN​N"
00132.0ead3e293c6c41cbffb69670e8b85ae7,00132__salted__broad__cp200C__single.0ead3e293c6c41cbffb69670e8b85ae7,broad,200C,single,,HGH,HG‌H,"NBC, CBS, CNN","NB‌C, CB‌S, CN‌N"
00132.0ead3e293c6c41cbffb69670e8b85ae7,00132__salted__broad__cp200D__single.0ead3e293c6c41cbffb69670e8b85ae7,broad,200D,single,,HGH,HG‍H,"NBC, CBS, CNN","NB‍C, CB‍S, CN‍N"
00132.0ead3e293c6c41cbffb69670e8b85ae7,00132__salted__broad__cp00AD__single.0ead3e293c6c41cbffb69670e8b85ae7,broad,00AD,single,,HGH,HG­H,"NBC, CBS, CNN","NB­C, CB­S, CN­N"
00134.651c69499f4c81f5049c03f9c0c71b44,00134__salted__broad__cp200B__single.651c69499f4c81f5049c03f9c0c71b44,broad,200B,single,,ADV,AD​V,,
00134.651c69499f4c81f5049c03f9c0c71b44,00134__salted__broad__cp200C__single.651c69499f4c81f5049c03f9c0c71b44,broad,200C,single,,ADV,AD‌V,,
00134.651c69499f4c81f5049c03f9c0c71b44,00134__salted__broad__cp200D__single.651c69499f4c81f5049c03f9c0c71b44,broad,200D,single,,ADV,AD‍V,,
00134.651c69499f4c81f5049c03f9c0c71b44,00134__salted__broad__cp00AD__single.651c69499f4c81f5049c03f9c0c71b44,broad,00AD,single,,ADV,AD­V,,
00135.00e388e3b23df6278a8845047ca25160,00135__salted__broad__cp200B__single.00e388e3b23df6278a8845047ca25160,broad,200B,single,,adult,ad​ult,,
00135.00e388e3b23df6278a8845047ca25160,00135__salted__broad__cp200C__single.00e388e3b23df6278a8845047ca25160,broad,200C,single,,adult,ad‌ult,,
00135.00e388e3b23df6278a8845047ca25160,00135__salted__broad__cp200D__single.00e388e3b23df6278a8845047ca25160,broad,200D,single,,adult,ad‍ult,,
00135.00e388e3b23df6278a8845047ca25160,00135__salted__broad__cp00AD__single.00e388e3b23df6278a8845047ca25160,broad,00AD,single,,adult,ad­ult,,
00137.09969121c8540730f1020b5a700b4c42,00137__salted__broad__cp200B__single.09969121c8540730f1020b5a700b4c42,broad,200B,single,,,,"Insurance, Payment, valuable","In​surance, Pa​yment, va​luable"
00137.09969121c8540730f1020b5a700b4c42,00137__salted__broad__cp200C__single.09969121c8540730f1020b5a700b4c42,broad,200C,single,,,,"Insurance, Payment, valuable","In‌surance, Pa‌yment, va‌luable"
00137.09969121c8540730f1020b5a700b4c42,00137__salted__broad__cp200D__single.09969121c8540730f1020b5a700b4c42,broad,200D,single,,,,"Insurance, Payment, valuable","In‍surance, Pa‍yment, va‍luable"
00137.09969121c8540730f1020b5a700b4c42,00137__salted__broad__cp00AD__single.09969121c8540730f1020b5a700b4c42,broad,00AD,single,,,,"Insurance, Payment, valuable","In­surance, Pa­yment, va­luable"
00138.c15973a4d40bed4333079296be2522ca,00138__salted__broad__cp200B__single.c15973a4d40bed4333079296be2522ca,broad,200B,single,,,,"motivated, qualified, qualify","mo​tivated, qu​alified, qu​alify"
00138.c15973a4d40bed4333079296be2522ca,00138__salted__broad__cp200C__single.c15973a4d40bed4333079296be2522ca,broad,200C,single,,,,"motivated, qualified, qualify","mo‌tivated, qu‌alified, qu‌alify"
00138.c15973a4d40bed4333079296be2522ca,00138__salted__broad__cp200D__single.c15973a4d40bed4333079296be2522ca,broad,200D,single,,,,"motivated, qualified, qualify","mo‍tivated, qu‍alified, qu‍alify"
00138.c15973a4d40bed4333079296be2522ca,00138__salted__broad__cp00AD__single.c15973a4d40bed4333079296be2522ca,broad,00AD,single,,,,"motivated, qualified, qualify","mo­tivated, qu­alified, qu­alify"
00140.eba666846fa0a138a90aeef51a627022,00140__salted__broad__cp200B__single.eba666846fa0a138a90aeef51a627022,broad,200B,single,,,,click,cl​ick
00140.eba666846fa0a138a90aeef51a627022,00140__salted__broad__cp200C__single.eba666846fa0a138a90aeef51a627022,broad,200C,single,,,,click,cl‌ick
00140.eba666846fa0a138a90aeef51a627022,00140__salted__broad__cp200D__single.eba666846fa0a138a90aeef51a627022,broad,200D,single,,,,click,cl‍ick
00140.eba666846fa0a138a90aeef51a627022,00140__salted__broad__cp00AD__single.eba666846fa0a138a90aeef51a627022,broad,00AD,single,,,,click,cl­ick
00141.29b1847b5d4131c536a812cdc88326eb,00141__salted__broad__cp200B__single.29b1847b5d4131c536a812cdc88326eb,broad,200B,single,,Currency,Cu​rrency,,
00141.29b1847b5d4131c536a812cdc88326eb,00141__salted__broad__cp200C__single.29b1847b5d4131c536a812cdc88326eb,broad,200C,single,,Currency,Cu‌rrency,,
00141.29b1847b5d4131c536a812cdc88326eb,00141__salted__broad__cp200D__single.29b1847b5d4131c536a812cdc88326eb,broad,200D,single,,Currency,Cu‍rrency,,
00141.29b1847b5d4131c536a812cdc88326eb,00141__salted__broad__cp00AD__single.29b1847b5d4131c536a812cdc88326eb,broad,00AD,single,,Currency,Cu­rrency,,
00141.c30e993ea9a98743b0a98733bdfba8c2,00141__salted__broad__cp200B__single.c30e993ea9a98743b0a98733bdfba8c2,broad,200B,single,,Trial,Tr​ial,,
00141.c30e993ea9a98743b0a98733bdfba8c2,00141__salted__broad__cp200C__single.c30e993ea9a98743b0a98733bdfba8c2,broad,200C,single,,Trial,Tr‌ial,,
00141.c30e993ea9a98743b0a98733bdfba8c2,00141__salted__broad__cp200D__single.c30e993ea9a98743b0a98733bdfba8c2,broad,200D,single,,Trial,Tr‍ial,,
00141.c30e993ea9a98743b0a98733bdfba8c2,00141__salted__broad__cp00AD__single.c30e993ea9a98743b0a98733bdfba8c2,broad,00AD,single,,Trial,Tr­ial,,
00142.141444128e16c8ae1631c27821debc9b,00142__salted__broad__cp200B__single.141444128e16c8ae1631c27821debc9b,broad,200B,single,,Currency,Cu​rrency,,
00142.141444128e16c8ae1631c27821debc9b,00142__salted__broad__cp200C__single.141444128e16c8ae1631c27821debc9b,broad,200C,single,,Currency,Cu‌rrency,,
00142.141444128e16c8ae1631c27821debc9b,00142__salted__broad__cp200D__single.141444128e16c8ae1631c27821debc9b,broad,200D,single,,Currency,Cu‍rrency,,
00142.141444128e16c8ae1631c27821debc9b,00142__salted__broad__cp00AD__single.141444128e16c8ae1631c27821debc9b,broad,00AD,single,,Currency,Cu­rrency,,
00142.eddc7114a8566cbf83fa8210bf0d3603,00142__salted__broad__cp200B__single.eddc7114a8566cbf83fa8210bf0d3603,broad,200B,single,,,,"Adult, Membership, Offer","Ad​ult, Me​mbership, Of​fer"
00142.eddc7114a8566cbf83fa8210bf0d3603,00142__salted__broad__cp200C__single.eddc7114a8566cbf83fa8210bf0d3603,broad,200C,single,,,,"Adult, Membership, Offer","Ad‌ult, Me‌mbership, Of‌fer"
00142.eddc7114a8566cbf83fa8210bf0d3603,00142__salted__broad__cp200D__single.eddc7114a8566cbf83fa8210bf0d3603,broad,200D,single,,,,"Adult, Membership, Offer","Ad‍ult, Me‍mbership, Of‍fer"
00142.eddc7114a8566cbf83fa8210bf0d3603,00142__salted__broad__cp00AD__single.eddc7114a8566cbf83fa8210bf0d3603,broad,00AD,single,,,,"Adult, Membership, Offer","Ad­ult, Me­mbership, Of­fer"
00143.13c0751d4b9f10098bb3ac85a435d884,00143__salted__broad__cp200B__single.13c0751d4b9f10098bb3ac85a435d884,broad,200B,single,,cartridges,ca​rtridges,,
00143.13c0751d4b9f10098bb3ac85a435d884,00143__salted__broad__cp200C__single.13c0751d4b9f10098bb3ac85a435d884,broad,200C,single,,cartridges,ca‌rtridges,,
00143.13c0751d4b9f10098bb3ac85a435d884,00143__salted__broad__cp200D__single.13c0751d4b9f10098bb3ac85a435d884,broad,200D,single,,cartridges,ca‍rtridges,,
00143.13c0751d4b9f10098bb3ac85a435d884,00143__salted__broad__cp00AD__single.13c0751d4b9f10098bb3ac85a435d884,broad,00AD,single,,cartridges,ca­rtridges,,
00143.95e60a4160434f341761931c65844a38,00143__salted__broad__cp200B__single.95e60a4160434f341761931c65844a38,broad,200B,single,,Currency,Cu​rrency,,
00143.95e60a4160434f341761931c65844a38,00143__salted__broad__cp200C__single.95e60a4160434f341761931c65844a38,broad,200C,single,,Currency,Cu‌rrency,,
00143.95e60a4160434f341761931c65844a38,00143__salted__broad__cp200D__single.95e60a4160434f341761931c65844a38,broad,200D,single,,Currency,Cu‍rrency,,
00143.95e60a4160434f341761931c65844a38,00143__salted__broad__cp00AD__single.95e60a4160434f341761931c65844a38,broad,00AD,single,,Currency,Cu­rrency,,
00144.4eeba2f228a8658e0d2e3a64764f4f31,00144__salted__broad__cp200B__single.4eeba2f228a8658e0d2e3a64764f4f31,broad,200B,single,,,,"fortune, opportunity, income","fo​rtune, op​portunity, in​come"
00144.4eeba2f228a8658e0d2e3a64764f4f31,00144__salted__broad__cp200C__single.4eeba2f228a8658e0d2e3a64764f4f31,broad,200C,single,,,,"fortune, opportunity, income","fo‌rtune, op‌portunity, in‌come"
00144.4eeba2f228a8658e0d2e3a64764f4f31,00144__salted__broad__cp200D__single.4eeba2f228a8658e0d2e3a64764f4f31,broad,200D,single,,,,"fortune, opportunity, income","fo‍rtune, op‍portunity, in‍come"
00144.4eeba2f228a8658e0d2e3a64764f4f31,00144__salted__broad__cp00AD__single.4eeba2f228a8658e0d2e3a64764f4f31,broad,00AD,single,,,,"fortune, opportunity, income","fo­rtune, op­portunity, in­come"
00145.b6788a48c1eace0b7c34ff7de32766f6,00145__salted__broad__cp200B__single.b6788a48c1eace0b7c34ff7de32766f6,broad,200B,single,,Membership,Me​mbership,"Membership, Membership, skills","Me​mbership, Me​mbership, sk​ills"
00145.b6788a48c1eace0b7c34ff7de32766f6,00145__salted__broad__cp200C__single.b6788a48c1eace0b7c34ff7de32766f6,broad,200C,single,,Membership,Me‌mbership,"Membership, Membership, skills","Me‌mbership, Me‌mbership, sk‌ills"
00145.b6788a48c1eace0b7c34ff7de32766f6,00145__salted__broad__cp200D__single.b6788a48c1eace0b7c34ff7de32766f6,broad,200D,single,,Membership,Me‍mbership,"Membership, Membership, skills","Me‍mbership, Me‍mbership, sk‍ills"
00145.b6788a48c1eace0b7c34ff7de32766f6,00145__salted__broad__cp00AD__single.b6788a48c1eace0b7c34ff7de32766f6,broad,00AD,single,,Membership,Me­mbership,"Membership, Membership, skills","Me­mbership, Me­mbership, sk­ills"
00146.e9b64856c0cd982a64f47c9ab9084287,00146__salted__broad__cp200B__single.e9b64856c0cd982a64f47c9ab9084287,broad,200B,single,,rates,ra​tes,,
00146.e9b64856c0cd982a64f47c9ab9084287,00146__salted__broad__cp200C__single.e9b64856c0cd982a64f47c9ab9084287,broad,200C,single,,rates,ra‌tes,,
00146.e9b64856c0cd982a64f47c9ab9084287,00146__salted__broad__cp200D__single.e9b64856c0cd982a64f47c9ab9084287,broad,200D,single,,rates,ra‍tes,,
00146.e9b64856c0cd982a64f47c9ab9084287,00146__salted__broad__cp00AD__single.e9b64856c0cd982a64f47c9ab9084287,broad,00AD,single,,rates,ra­tes,,
00150.f97c73fa56460a6afc6d9418ad76b5b5,00150__salted__broad__cp200B__single.f97c73fa56460a6afc6d9418ad76b5b5,broad,200B,single,,,,"insurance, earn, commission","in​surance, ea​rn, co​mmission"
00150.f97c73fa56460a6afc6d9418ad76b5b5,00150__salted__broad__cp200C__single.f97c73fa56460a6afc6d9418ad76b5b5,broad,200C,single,,,,"insurance, earn, commission","in‌surance, ea‌rn, co‌mmission"
00150.f97c73fa56460a6afc6d9418ad76b5b5,00150__salted__broad__cp200D__single.f97c73fa56460a6afc6d9418ad76b5b5,broad,200D,single,,,,"insurance, earn, commission","in‍surance, ea‍rn, co‍mmission"
00150.f97c73fa56460a6afc6d9418ad76b5b5,00150__salted__broad__cp00AD__single.f97c73fa56460a6afc6d9418ad76b5b5,broad,00AD,single,,,,"insurance, earn, commission","in­surance, ea­rn, co­mmission"
00151.34bbdbf089edc6f58080753a166a3cfc,00151__salted__broad__cp200B__single.34bbdbf089edc6f58080753a166a3cfc,broad,200B,single,,,,visit,vi​sit
00151.34bbdbf089edc6f58080753a166a3cfc,00151__salted__broad__cp200C__single.34bbdbf089edc6f58080753a166a3cfc,broad,200C,single,,,,visit,vi‌sit
00151.34bbdbf089edc6f58080753a166a3cfc,00151__salted__broad__cp200D__single.34bbdbf089edc6f58080753a166a3cfc,broad,200D,single,,,,visit,vi‍sit
00151.34bbdbf089edc6f58080753a166a3cfc,00151__salted__broad__cp00AD__single.34bbdbf089edc6f58080753a166a3cfc,broad,00AD,single,,,,visit,vi­sit
00152.8ed8aaed94054e507af5b9c760dd7be6,00152__salted__broad__cp200B__single.8ed8aaed94054e507af5b9c760dd7be6,broad,200B,single,,Recruiting,Re​cruiting,"recruiting, Click, REMOVE","re​cruiting, Cl​ick, RE​MOVE"
00152.8ed8aaed94054e507af5b9c760dd7be6,00152__salted__broad__cp200C__single.8ed8aaed94054e507af5b9c760dd7be6,broad,200C,single,,Recruiting,Re‌cruiting,"recruiting, Click, REMOVE","re‌cruiting, Cl‌ick, RE‌MOVE"
00152.8ed8aaed94054e507af5b9c760dd7be6,00152__salted__broad__cp200D__single.8ed8aaed94054e507af5b9c760dd7be6,broad,200D,single,,Recruiting,Re‍cruiting,"recruiting, Click, REMOVE","re‍cruiting, Cl‍ick, RE‍MOVE"
00152.8ed8aaed94054e507af5b9c760dd7be6,00152__salted__broad__cp00AD__single.8ed8aaed94054e507af5b9c760dd7be6,broad,00AD,single,,Recruiting,Re­cruiting,"recruiting, Click, REMOVE","re­cruiting, Cl­ick, RE­MOVE"
00155.1c37ce73590cc67186717a491ed0db5f,00155__salted__broad__cp200B__single.1c37ce73590cc67186717a491ed0db5f,broad,200B,single,,,,"desk, Lagos, Nigeria","de​sk, La​gos, Ni​geria"
00155.1c37ce73590cc67186717a491ed0db5f,00155__salted__broad__cp200C__single.1c37ce73590cc67186717a491ed0db5f,broad,200C,single,,,,"desk, Lagos, Nigeria","de‌sk, La‌gos, Ni‌geria"
00155.1c37ce73590cc67186717a491ed0db5f,00155__salted__broad__cp200D__single.1c37ce73590cc67186717a491ed0db5f,broad,200D,single,,,,"desk, Lagos, Nigeria","de‍sk, La‍gos, Ni‍geria"
00155.1c37ce73590cc67186717a491ed0db5f,00155__salted__broad__cp00AD__single.1c37ce73590cc67186717a491ed0db5f,broad,00AD,single,,,,"desk, Lagos, Nigeria","de­sk, La­gos, Ni­geria"
00156.0b541afe96820e3bb8f900b565608269,00156__salted__broad__cp200B__single.0b541afe96820e3bb8f900b565608269,broad,200B,single,,Attn,At​tn,,
00156.0b541afe96820e3bb8f900b565608269,00156__salted__broad__cp200C__single.0b541afe96820e3bb8f900b565608269,broad,200C,single,,Attn,At‌tn,,
00156.0b541afe96820e3bb8f900b565608269,00156__salted__broad__cp200D__single.0b541afe96820e3bb8f900b565608269,broad,200D,single,,Attn,At‍tn,,
00156.0b541afe96820e3bb8f900b565608269,00156__salted__broad__cp00AD__single.0b541afe96820e3bb8f900b565608269,broad,00AD,single,,Attn,At­tn,,
00157.52b0a260de7c64f539b0e5d16198b5bf,00157__salted__broad__cp200B__single.52b0a260de7c64f539b0e5d16198b5bf,broad,200B,single,,,,"Bank, Bank, Nigeria","Ba​nk, Ba​nk, Ni​geria"
00157.52b0a260de7c64f539b0e5d16198b5bf,00157__salted__broad__cp200C__single.52b0a260de7c64f539b0e5d16198b5bf,broad,200C,single,,,,"Bank, Bank, Nigeria","Ba‌nk, Ba‌nk, Ni‌geria"
00157.52b0a260de7c64f539b0e5d16198b5bf,00157__salted__broad__cp200D__single.52b0a260de7c64f539b0e5d16198b5bf,broad,200D,single,,,,"Bank, Bank, Nigeria","Ba‍nk, Ba‍nk, Ni‍geria"
00157.52b0a260de7c64f539b0e5d16198b5bf,00157__salted__broad__cp00AD__single.52b0a260de7c64f539b0e5d16198b5bf,broad,00AD,single,,,,"Bank, Bank, Nigeria","Ba­nk, Ba­nk, Ni­geria"
00158.9c8bf53ed738031b4bfab819c4b3ef13,00158__salted__broad__cp200B__single.9c8bf53ed738031b4bfab819c4b3ef13,broad,200B,single,,,,visit,vi​sit
00158.9c8bf53ed738031b4bfab819c4b3ef13,00158__salted__broad__cp200C__single.9c8bf53ed738031b4bfab819c4b3ef13,broad,200C,single,,,,visit,vi‌sit
00158.9c8bf53ed738031b4bfab819c4b3ef13,00158__salted__broad__cp200D__single.9c8bf53ed738031b4bfab819c4b3ef13,broad,200D,single,,,,visit,vi‍sit
00158.9c8bf53ed738031b4bfab819c4b3ef13,00158__salted__broad__cp00AD__single.9c8bf53ed738031b4bfab819c4b3ef13,broad,00AD,single,,,,visit,vi­sit
00159.b16f070a576c2eb1533aa9e2cf8e6b77,00159__salted__broad__cp200B__single.b16f070a576c2eb1533aa9e2cf8e6b77,broad,200B,single,,Sales,Sa​les,"Dear, Sales, buyers","De​ar, Sa​les, bu​yers"
00159.b16f070a576c2eb1533aa9e2cf8e6b77,00159__salted__broad__cp200C__single.b16f070a576c2eb1533aa9e2cf8e6b77,broad,200C,single,,Sales,Sa‌les,"Dear, Sales, buyers","De‌ar, Sa‌les, bu‌yers"
00159.b16f070a576c2eb1533aa9e2cf8e6b77,00159__salted__broad__cp200D__single.b16f070a576c2eb1533aa9e2cf8e6b77,broad,200D,single,,Sales,Sa‍les,"Dear, Sales, buyers","De‍ar, Sa‍les, bu‍yers"
00159.b16f070a576c2eb1533aa9e2cf8e6b77,00159__salted__broad__cp00AD__single.b16f070a576c2eb1533aa9e2cf8e6b77,broad,00AD,single,,Sales,Sa­les,"Dear, Sales, buyers","De­ar, Sa­les, bu­yers"
00160.66e11a17d619ce33d5a455a87015ee25,00160__salted__broad__cp200B__single.66e11a17d619ce33d5a455a87015ee25,broad,200B,single,,,,"Guarantee, Warranty, receive","Gu​arantee, Wa​rranty, re​ceive"
00160.66e11a17d619ce33d5a455a87015ee25,00160__salted__broad__cp200C__single.66e11a17d619ce33d5a455a87015ee25,broad,200C,single,,,,"Guarantee, Warranty, receive","Gu‌arantee, Wa‌rranty, re‌ceive"
00160.66e11a17d619ce33d5a455a87015ee25,00160__salted__broad__cp200D__single.66e11a17d619ce33d5a455a87015ee25,broad,200D,single,,,,"Guarantee, Warranty, receive","Gu‍arantee, Wa‍rranty, re‍ceive"
00160.66e11a17d619ce33d5a455a87015ee25,00160__salted__broad__cp00AD__single.66e11a17d619ce33d5a455a87015ee25,broad,00AD,single,,,,"Guarantee, Warranty, receive","Gu­arantee, Wa­rranty, re­ceive"
00161.ae33257753c9bdaaadc9221347868496,00161__salted__broad__cp200B__single.ae33257753c9bdaaadc9221347868496,broad,200B,single,,price,pr​ice,,
00161.ae33257753c9bdaaadc9221347868496,00161__salted__broad__cp200C__single.ae33257753c9bdaaadc9221347868496,broad,200C,single,,price,pr‌ice,,
00161.ae33257753c9bdaaadc9221347868496,00161__salted__broad__cp200D__single.ae33257753c9bdaaadc9221347868496,broad,200D,single,,price,pr‍ice,,
00161.ae33257753c9bdaaadc9221347868496,00161__salted__broad__cp00AD__single.ae33257753c9bdaaadc9221347868496,broad,00AD,single,,price,pr­ice,,
00162.b5ae5521352c9bba7bf635c1766d4a75,00162__salted__broad__cp200B__single.b5ae5521352c9bba7bf635c1766d4a75,broad,200B,single,,remove,re​move,"credit, purchase, purchasing","cr​edit, pu​rchase, pu​rchasing"
00162.b5ae5521352c9bba7bf635c1766d4a75,00162__salted__broad__cp200C__single.b5ae5521352c9bba7bf635c1766d4a75,broad,200C,single,,remove,re‌move,"credit, purchase, purchasing","cr‌edit, pu‌rchase, pu‌rchasing"
00162.b5ae5521352c9bba7bf635c1766d4a75,00162__salted__broad__cp200D__single.b5ae5521352c9bba7bf635c1766d4a75,broad,200D,single,,remove,re‍move,"credit, purchase, purchasing","cr‍edit, pu‍rchase, pu‍rchasing"
00162.b5ae5521352c9bba7bf635c1766d4a75,00162__salted__broad__cp00AD__single.b5ae5521352c9bba7bf635c1766d4a75,broad,00AD,single,,remove,re­move,"credit, purchase, purchasing","cr­edit, pu­rchase, pu­rchasing"
00163.244a217b150d2129cbdc52b96d992382,00163__salted__broad__cp200B__single.244a217b150d2129cbdc52b96d992382,broad,200B,single,,,,"guarantee, Obligation, btamail","gu​arantee, Ob​ligation, bt​amail"
00163.244a217b150d2129cbdc52b96d992382,00163__salted__broad__cp200C__single.244a217b150d2129cbdc52b96d992382,broad,200C,single,,,,"guarantee, Obligation, btamail","gu‌arantee, Ob‌ligation, bt‌amail"
00163.244a217b150d2129cbdc52b96d992382,00163__salted__broad__cp200D__single.244a217b150d2129cbdc52b96d992382,broad,200D,single,,,,"guarantee, Obligation, btamail","gu‍arantee, Ob‍ligation, bt‍amail"
00163.244a217b150d2129cbdc52b96d992382,00163__salted__broad__cp00AD__single.244a217b150d2129cbdc52b96d992382,broad,00AD,single,,,,"guarantee, Obligation, btamail","gu­arantee, Ob­ligation, bt­amail"
00164.272880ebd1f1f93cf0cd9800842a24bd,00164__salted__broad__cp200B__single.272880ebd1f1f93cf0cd9800842a24bd,broad,200B,single,,price,pr​ice,"Dear, Professional, offers","De​ar, Pr​ofessional, of​fers"
00164.272880ebd1f1f93cf0cd9800842a24bd,00164__salted__broad__cp200C__single.272880ebd1f1f93cf0cd9800842a24bd,broad,200C,single,,price,pr‌ice,"Dear, Professional, offers","De‌ar, Pr‌ofessional, of‌fers"
00164.272880ebd1f1f93cf0cd9800842a24bd,00164__salted__broad__cp200D__single.272880ebd1f1f93cf0cd9800842a24bd,broad,200D,single,,price,pr‍ice,"Dear, Professional, offers","De‍ar, Pr‍ofessional, of‍fers"
00164.272880ebd1f1f93cf0cd9800842a24bd,00164__salted__broad__cp00AD__single.272880ebd1f1f93cf0cd9800842a24bd,broad,00AD,single,,price,pr­ice,"Dear, Professional, offers","De­ar, Pr­ofessional, of­fers"
00164.8536500ed9cadc8397a63b697d043c0b,00164__salted__broad__cp200B__single.8536500ed9cadc8397a63b697d043c0b,broad,200B,single,,FORTUNE,FO​RTUNE,,
00164.8536500ed9cadc8397a63b697d043c0b,00164__salted__broad__cp200C__single.8536500ed9cadc8397a63b697d043c0b,broad,200C,single,,FORTUNE,FO‌RTUNE,,
00164.8536500ed9cadc8397a63b697d043c0b,00164__salted__broad__cp200D__single.8536500ed9cadc8397a63b697d043c0b,broad,200D,single,,FORTUNE,FO‍RTUNE,,
00164.8536500ed9cadc8397a63b697d043c0b,00164__salted__broad__cp00AD__single.8536500ed9cadc8397a63b697d043c0b,broad,00AD,single,,FORTUNE,FO­RTUNE,,
00165.3a37220d69b5b8332ee4270f0121dfe9,00165__salted__broad__cp200B__single.3a37220d69b5b8332ee4270f0121dfe9,broad,200B,single,,,,"Guarantee, Warranty, receive","Gu​arantee, Wa​rranty, re​ceive"
00165.3a37220d69b5b8332ee4270f0121dfe9,00165__salted__broad__cp200C__single.3a37220d69b5b8332ee4270f0121dfe9,broad,200C,single,,,,"Guarantee, Warranty, receive","Gu‌arantee, Wa‌rranty, re‌ceive"
00165.3a37220d69b5b8332ee4270f0121dfe9,00165__salted__broad__cp200D__single.3a37220d69b5b8332ee4270f0121dfe9,broad,200D,single,,,,"Guarantee, Warranty, receive","Gu‍arantee, Wa‍rranty, re‍ceive"
00165.3a37220d69b5b8332ee4270f0121dfe9,00165__salted__broad__cp00AD__single.3a37220d69b5b8332ee4270f0121dfe9,broad,00AD,single,,,,"Guarantee, Warranty, receive","Gu­arantee, Wa­rranty, re­ceive"
00166.806d5398d7a37c080641a2d62e2d2b94,00166__salted__broad__cp200B__single.806d5398d7a37c080641a2d62e2d2b94,broad,200B,single,,earn,ea​rn,,
00166.806d5398d7a37c080641a2d62e2d2b94,00166__salted__broad__cp200C__single.806d5398d7a37c080641a2d62e2d2b94,broad,200C,single,,earn,ea‌rn,,
00166.806d5398d7a37c080641a2d62e2d2b94,00166__salted__broad__cp200D__single.806d5398d7a37c080641a2d62e2d2b94,broad,200D,single,,earn,ea‍rn,,
00166.806d5398d7a37c080641a2d62e2d2b94,00166__salted__broad__cp00AD__single.806d5398d7a37c080641a2d62e2d2b94,broad,00AD,single,,earn,ea­rn,,
00167.c37f166df54b89ce15059415cfbe12c3,00167__salted__broad__cp200B__single.c37f166df54b89ce15059415cfbe12c3,broad,200B,single,,sales,sa​les,,
00167.c37f166df54b89ce15059415cfbe12c3,00167__salted__broad__cp200C__single.c37f166df54b89ce15059415cfbe12c3,broad,200C,single,,sales,sa‌les,,
00167.c37f166df54b89ce15059415cfbe12c3,00167__salted__broad__cp200D__single.c37f166df54b89ce15059415cfbe12c3,broad,200D,single,,sales,sa‍les,,
00167.c37f166df54b89ce15059415cfbe12c3,00167__salted__broad__cp00AD__single.c37f166df54b89ce15059415cfbe12c3,broad,00AD,single,,sales,sa­les,,
00168.a9dd80bb0934b67fd00b4f0a99966369,00168__salted__broad__cp200B__single.a9dd80bb0934b67fd00b4f0a99966369,broad,200B,single,,,,"adult, brand, Click","ad​ult, br​and, Cl​ick"
00168.a9dd80bb0934b67fd00b4f0a99966369,00168__salted__broad__cp200C__single.a9dd80bb0934b67fd00b4f0a99966369,broad,200C,single,,,,"adult, brand, Click","ad‌ult, br‌and, Cl‌ick"
00168.a9dd80bb0934b67fd00b4f0a99966369,00168__salted__broad__cp200D__single.a9dd80bb0934b67fd00b4f0a99966369,broad,200D,single,,,,"adult, brand, Click","ad‍ult, br‍and, Cl‍ick"
00168.a9dd80bb0934b67fd00b4f0a99966369,00168__salted__broad__cp00AD__single.a9dd80bb0934b67fd00b4f0a99966369,broad,00AD,single,,,,"adult, brand, Click","ad­ult, br­and, Cl­ick"
00169.86721d6b50e889ed39c7d302adb2a5ab,00169__salted__broad__cp200B__single.86721d6b50e889ed39c7d302adb2a5ab,broad,200B,single,,Attn,At​tn,"lose, weight, exercise","lo​se, we​ight, ex​ercise"
00169.86721d6b50e889ed39c7d302adb2a5ab,00169__salted__broad__cp200C__single.86721d6b50e889ed39c7d302adb2a5ab,broad,200C,single,,Attn,At‌tn,"lose, weight, exercise","lo‌se, we‌ight, ex‌ercise"
00169.86721d6b50e889ed39c7d302adb2a5ab,00169__salted__broad__cp200D__single.86721d6b50e889ed39c7d302adb2a5ab,broad,200D,single,,Attn,At‍tn,"lose, weight, exercise","lo‍se, we‍ight, ex‍ercise"
00169.86721d6b50e889ed39c7d302adb2a5ab,00169__salted__broad__cp00AD__single.86721d6b50e889ed39c7d302adb2a5ab,broad,00AD,single,,Attn,At­tn,"lose, weight, exercise","lo­se, we­ight, ex­ercise"
00170.33a973aa9bb7d122bdfbd96d44332996,00170__salted__broad__cp200B__single.33a973aa9bb7d122bdfbd96d44332996,broad,200B,single,,ADV,AD​V,,
00170.33a973aa9bb7d122bdfbd96d44332996,00170__salted__broad__cp200C__single.33a973aa9bb7d122bdfbd96d44332996,broad,200C,single,,ADV,AD‌V,,
00170.33a973aa9bb7d122bdfbd96d44332996,00170__salted__broad__cp200D__single.33a973aa9bb7d122bdfbd96d44332996,broad,200D,single,,ADV,AD‍V,,
00170.33a973aa9bb7d122bdfbd96d44332996,00170__salted__broad__cp00AD__single.33a973aa9bb7d122bdfbd96d44332996,broad,00AD,single,,ADV,AD­V,,
00170.5e4c7668564952d8bfbf106d32fa9e5e,00170__salted__broad__cp200B__single.5e4c7668564952d8bfbf106d32fa9e5e,broad,200B,single,,,,"Opportunity, Sale, Opportunity","Op​portunity, Sa​le, Op​portunity"
00170.5e4c7668564952d8bfbf106d32fa9e5e,00170__salted__broad__cp200C__single.5e4c7668564952d8bfbf106d32fa9e5e,broad,200C,single,,,,"Opportunity, Sale, Opportunity","Op‌portunity, Sa‌le, Op‌portunity"
00170.5e4c7668564952d8bfbf106d32fa9e5e,00170__salted__broad__cp200D__single.5e4c7668564952d8bfbf106d32fa9e5e,broad,200D,single,,,,"Opportunity, Sale, Opportunity","Op‍portunity, Sa‍le, Op‍portunity"
00170.5e4c7668564952d8bfbf106d32fa9e5e,00170__salted__broad__cp00AD__single.5e4c7668564952d8bfbf106d32fa9e5e,broad,00AD,single,,,,"Opportunity, Sale, Opportunity","Op­portunity, Sa­le, Op­portunity"
00171.08c5c55e9c2b4062344655e9ee32b979,00171__salted__broad__cp200B__single.08c5c55e9c2b4062344655e9ee32b979,broad,200B,single,,ADV,AD​V,,
00171.08c5c55e9c2b4062344655e9ee32b979,00171__salted__broad__cp200C__single.08c5c55e9c2b4062344655e9ee32b979,broad,200C,single,,ADV,AD‌V,,
00171.08c5c55e9c2b4062344655e9ee32b979,00171__salted__broad__cp200D__single.08c5c55e9c2b4062344655e9ee32b979,broad,200D,single,,ADV,AD‍V,,
00171.08c5c55e9c2b4062344655e9ee32b979,00171__salted__broad__cp00AD__single.08c5c55e9c2b4062344655e9ee32b979,broad,00AD,single,,ADV,AD­V,,
00172.7fe063c5f90c46934dc79a83d9fdabfe,00172__salted__broad__cp200B__single.7fe063c5f90c46934dc79a83d9fdabfe,broad,200B,single,,Attn,At​tn,,
00172.7fe063c5f90c46934dc79a83d9fdabfe,00172__salted__broad__cp200C__single.7fe063c5f90c46934dc79a83d9fdabfe,broad,200C,single,,Attn,At‌tn,,
00172.7fe063c5f90c46934dc79a83d9fdabfe,00172__salted__broad__cp200D__single.7fe063c5f90c46934dc79a83d9fdabfe,broad,200D,single,,Attn,At‍tn,,
00172.7fe063c5f90c46934dc79a83d9fdabfe,00172__salted__broad__cp00AD__single.7fe063c5f90c46934dc79a83d9fdabfe,broad,00AD,single,,Attn,At­tn,,
00173.6f5baeeaeb9b1c1ac4b9527e948828db,00173__salted__broad__cp200B__single.6f5baeeaeb9b1c1ac4b9527e948828db,broad,200B,single,,Thank,Th​ank,"Earn, mortgage, dollars","Ea​rn, mo​rtgage, do​llars"
00173.6f5baeeaeb9b1c1ac4b9527e948828db,00173__salted__broad__cp200C__single.6f5baeeaeb9b1c1ac4b9527e948828db,broad,200C,single,,Thank,Th‌ank,"Earn, mortgage, dollars","Ea‌rn, mo‌rtgage, do‌llars"
00173.6f5baeeaeb9b1c1ac4b9527e948828db,00173__salted__broad__cp200D__single.6f5baeeaeb9b1c1ac4b9527e948828db,broad,200D,single,,Thank,Th‍ank,"Earn, mortgage, dollars","Ea‍rn, mo‍rtgage, do‍llars"
00173.6f5baeeaeb9b1c1ac4b9527e948828db,00173__salted__broad__cp00AD__single.6f5baeeaeb9b1c1ac4b9527e948828db,broad,00AD,single,,Thank,Th­ank,"Earn, mortgage, dollars","Ea­rn, mo­rtgage, do­llars"
00174.94a8f3a8826ff937c38640422784ce86,00174__salted__broad__cp200B__single.94a8f3a8826ff937c38640422784ce86,broad,200B,single,,,,reply,re​ply
00174.94a8f3a8826ff937c38640422784ce86,00174__salted__broad__cp200C__single.94a8f3a8826ff937c38640422784ce86,broad,200C,single,,,,reply,re‌ply
00174.94a8f3a8826ff937c38640422784ce86,00174__salted__broad__cp200D__single.94a8f3a8826ff937c38640422784ce86,broad,200D,single,,,,reply,re‍ply
00174.94a8f3a8826ff937c38640422784ce86,00174__salted__broad__cp00AD__single.94a8f3a8826ff937c38640422784ce86,broad,00AD,single,,,,reply,re­ply
00175.931897f329f7ed0aee7df9f5d0626359,00175__salted__broad__cp200B__single.931897f329f7ed0aee7df9f5d0626359,broad,200B,single,,Brand,Br​and,"Dear, Sir, Madam","De​ar, Si​r, Ma​dam"
00175.931897f329f7ed0aee7df9f5d0626359,00175__salted__broad__cp200C__single.931897f329f7ed0aee7df9f5d0626359,broad,200C,single,,Brand,Br‌and,"Dear, Sir, Madam","De‌ar, Si‌r, Ma‌dam"
00175.931897f329f7ed0aee7df9f5d0626359,00175__salted__broad__cp200D__single.931897f329f7ed0aee7df9f5d0626359,broad,200D,single,,Brand,Br‍and,"Dear, Sir, Madam","De‍ar, Si‍r, Ma‍dam"
00175.931897f329f7ed0aee7df9f5d0626359,00175__salted__broad__cp00AD__single.931897f329f7ed0aee7df9f5d0626359,broad,00AD,single,,Brand,Br­and,"Dear, Sir, Madam","De­ar, Si­r, Ma­dam"
00176.644d65f0ab0d19f706a493bd5c3dc5df,00176__salted__broad__cp200B__single.644d65f0ab0d19f706a493bd5c3dc5df,broad,200B,single,,,,"smoker, Smoker, Tobacco","sm​oker, Sm​oker, To​bacco"
00176.644d65f0ab0d19f706a493bd5c3dc5df,00176__salted__broad__cp200C__single.644d65f0ab0d19f706a493bd5c3dc5df,broad,200C,single,,,,"smoker, Smoker, Tobacco","sm‌oker, Sm‌oker, To‌bacco"
00176.644d65f0ab0d19f706a493bd5c3dc5df,00176__salted__broad__cp200D__single.644d65f0ab0d19f706a493bd5c3dc5df,broad,200D,single,,,,"smoker, Smoker, Tobacco","sm‍oker, Sm‍oker, To‍bacco"
00176.644d65f0ab0d19f706a493bd5c3dc5df,00176__salted__broad__cp00AD__single.644d65f0ab0d19f706a493bd5c3dc5df,broad,00AD,single,,,,"smoker, Smoker, Tobacco","sm­oker, Sm­oker, To­bacco"
00176.79f82496c612ea28f45f13ca5c47f8c2,00176__salted__broad__cp200B__single.79f82496c612ea28f45f13ca5c47f8c2,broad,200B,single,,Herbal,He​rbal,,
00176.79f82496c612ea28f45f13ca5c47f8c2,00176__salted__broad__cp200C__single.79f82496c612ea28f45f13ca5c47f8c2,broad,200C,single,,Herbal,He‌rbal,,
00176.79f82496c612ea28f45f13ca5c47f8c2,00176__salted__broad__cp200D__single.79f82496c612ea28f45f13ca5c47f8c2,broad,200D,single,,Herbal,He‍rbal,,
00176.79f82496c612ea28f45f13ca5c47f8c2,00176__salted__broad__cp00AD__single.79f82496c612ea28f45f13ca5c47f8c2,broad,00AD,single,,Herbal,He­rbal,,
00177.56ed33af0cb1d0f700cc2d26a866870b,00177__salted__broad__cp200B__single.56ed33af0cb1d0f700cc2d26a866870b,broad,200B,single,,SYSTEMWORKS,SY​STEMWORKS,,
00177.56ed33af0cb1d0f700cc2d26a866870b,00177__salted__broad__cp200C__single.56ed33af0cb1d0f700cc2d26a866870b,broad,200C,single,,SYSTEMWORKS,SY‌STEMWORKS,,
00177.56ed33af0cb1d0f700cc2d26a866870b,00177__salted__broad__cp200D__single.56ed33af0cb1d0f700cc2d26a866870b,broad,200D,single,,SYSTEMWORKS,SY‍STEMWORKS,,
00177.56ed33af0cb1d0f700cc2d26a866870b,00177__salted__broad__cp00AD__single.56ed33af0cb1d0f700cc2d26a866870b,broad,00AD,single,,SYSTEMWORKS,SY­STEMWORKS,,
00177.581a22999fd636e541e4e4864baf947f,00177__salted__broad__cp200B__single.581a22999fd636e541e4e4864baf947f,broad,200B,single,,,,"WEIGHT, MONTHLY, INCOME","WE​IGHT, MO​NTHLY, IN​COME"
00177.581a22999fd636e541e4e4864baf947f,00177__salted__broad__cp200C__single.581a22999fd636e541e4e4864baf947f,broad,200C,single,,,,"WEIGHT, MONTHLY, INCOME","WE‌IGHT, MO‌NTHLY, IN‌COME"
00177.581a22999fd636e541e4e4864baf947f,00177__salted__broad__cp200D__single.581a22999fd636e541e4e4864baf947f,broad,200D,single,,,,"WEIGHT, MONTHLY, INCOME","WE‍IGHT, MO‍NTHLY, IN‍COME"
00177.581a22999fd636e541e4e4864baf947f,00177__salted__broad__cp00AD__single.581a22999fd636e541e4e4864baf947f,broad,00AD,single,,,,"WEIGHT, MONTHLY, INCOME","WE­IGHT, MO­NTHLY, IN­COME"
00178.2dbe6aa90dc38758c946170ff92ec8e8,00178__salted__broad__cp200B__single.2dbe6aa90dc38758c946170ff92ec8e8,broad,200B,single,,ADV,AD​V,,
00178.2dbe6aa90dc38758c946170ff92ec8e8,00178__salted__broad__cp200C__single.2dbe6aa90dc38758c946170ff92ec8e8,broad,200C,single,,ADV,AD‌V,,
00178.2dbe6aa90dc38758c946170ff92ec8e8,00178__salted__broad__cp200D__single.2dbe6aa90dc38758c946170ff92ec8e8,broad,200D,single,,ADV,AD‍V,,
00178.2dbe6aa90dc38758c946170ff92ec8e8,00178__salted__broad__cp00AD__single.2dbe6aa90dc38758c946170ff92ec8e8,broad,00AD,single,,ADV,AD­V,,
00178.cdecf0f56ddc0bf61e922a131dc806c2,00178__salted__broad__cp200B__single.cdecf0f56ddc0bf61e922a131dc806c2,broad,200B,single,,ADV,AD​V,,
00178.cdecf0f56ddc0bf61e922a131dc806c2,00178__salted__broad__cp200C__single.cdecf0f56ddc0bf61e922a131dc806c2,broad,200C,single,,ADV,AD‌V,,
00178.cdecf0f56ddc0bf61e922a131dc806c2,00178__salted__broad__cp200D__single.cdecf0f56ddc0bf61e922a131dc806c2,broad,200D,single,,ADV,AD‍V,,
00178.cdecf0f56ddc0bf61e922a131dc806c2,00178__salted__broad__cp00AD__single.cdecf0f56ddc0bf61e922a131dc806c2,broad,00AD,single,,ADV,AD­V,,
00179.2174c80cb3eff623dfc991e51a53eb99,00179__salted__broad__cp200B__single.2174c80cb3eff623dfc991e51a53eb99,broad,200B,single,,mortgage,mo​rtgage,,
00179.2174c80cb3eff623dfc991e51a53eb99,00179__salted__broad__cp200C__single.2174c80cb3eff623dfc991e51a53eb99,broad,200C,single,,mortgage,mo‌rtgage,,
00179.2174c80cb3eff623dfc991e51a53eb99,00179__salted__broad__cp200D__single.2174c80cb3eff623dfc991e51a53eb99,broad,200D,single,,mortgage,mo‍rtgage,,
00179.2174c80cb3eff623dfc991e51a53eb99,00179__salted__broad__cp00AD__single.2174c80cb3eff623dfc991e51a53eb99,broad,00AD,single,,mortgage,mo­rtgage,,
00181.8f8c7074d957952981b3d7bc188eb1a0,00181__salted__broad__cp200B__single.8f8c7074d957952981b3d7bc188eb1a0,broad,200B,single,,,,"Thank, emails, emails","Th​ank, em​ails, em​ails"
00181.8f8c7074d957952981b3d7bc188eb1a0,00181__salted__broad__cp200C__single.8f8c7074d957952981b3d7bc188eb1a0,broad,200C,single,,,,"Thank, emails, emails","Th‌ank, em‌ails, em‌ails"
00181.8f8c7074d957952981b3d7bc188eb1a0,00181__salted__broad__cp200D__single.8f8c7074d957952981b3d7bc188eb1a0,broad,200D,single,,,,"Thank, emails, emails","Th‍ank, em‍ails, em‍ails"
00181.8f8c7074d957952981b3d7bc188eb1a0,00181__salted__broad__cp00AD__single.8f8c7074d957952981b3d7bc188eb1a0,broad,00AD,single,,,,"Thank, emails, emails","Th­ank, em­ails, em­ails"
00182.5561cb1b6f968e83afabe21d7a28bb37,00182__salted__broad__cp200B__single.5561cb1b6f968e83afabe21d7a28bb37,broad,200B,single,,,,"Offer, contact, contact","Of​fer, co​ntact, co​ntact"
00182.5561cb1b6f968e83afabe21d7a28bb37,00182__salted__broad__cp200C__single.5561cb1b6f968e83afabe21d7a28bb37,broad,200C,single,,,,"Offer, contact, contact","Of‌fer, co‌ntact, co‌ntact"
00182.5561cb1b6f968e83afabe21d7a28bb37,00182__salted__broad__cp200D__single.5561cb1b6f968e83afabe21d7a28bb37,broad,200D,single,,,,"Offer, contact, contact","Of‍fer, co‍ntact, co‍ntact"
00182.5561cb1b6f968e83afabe21d7a28bb37,00182__salted__broad__cp00AD__single.5561cb1b6f968e83afabe21d7a28bb37,broad,00AD,single,,,,"Offer, contact, contact","Of­fer, co­ntact, co­ntact"
00183.38d9e73b56e7a59ca1472e08076a9b71,00183__salted__broad__cp200B__single.38d9e73b56e7a59ca1472e08076a9b71,broad,200B,single,,Attn,At​tn,,
00183.38d9e73b56e7a59ca1472e08076a9b71,00183__salted__broad__cp200C__single.38d9e73b56e7a59ca1472e08076a9b71,broad,200C,single,,Attn,At‌tn,,
00183.38d9e73b56e7a59ca1472e08076a9b71,00183__salted__broad__cp200D__single.38d9e73b56e7a59ca1472e08076a9b71,broad,200D,single,,Attn,At‍tn,,
00183.38d9e73b56e7a59ca1472e08076a9b71,00183__salted__broad__cp00AD__single.38d9e73b56e7a59ca1472e08076a9b71,broad,00AD,single,,Attn,At­tn,,
00183.47b495fc7ebd7807affa6425de6419b3,00183__salted__broad__cp200B__single.47b495fc7ebd7807affa6425de6419b3,broad,200B,single,,,,"Unlimited, Telephone, trial","Un​limited, Te​lephone, tr​ial"
00183.47b495fc7ebd7807affa6425de6419b3,00183__salted__broad__cp200C__single.47b495fc7ebd7807affa6425de6419b3,broad,200C,single,,,,"Unlimited, Telephone, trial","Un‌limited, Te‌lephone, tr‌ial"
00183.47b495fc7ebd7807affa6425de6419b3,00183__salted__broad__cp200D__single.47b495fc7ebd7807affa6425de6419b3,broad,200D,single,,,,"Unlimited, Telephone, trial","Un‍limited, Te‍lephone, tr‍ial"
00183.47b495fc7ebd7807affa6425de6419b3,00183__salted__broad__cp00AD__single.47b495fc7ebd7807affa6425de6419b3,broad,00AD,single,,,,"Unlimited, Telephone, trial","Un­limited, Te­lephone, tr­ial"
00184.b4c342594f571eeb609a47b313ac35fe,00184__salted__broad__cp200B__single.b4c342594f571eeb609a47b313ac35fe,broad,200B,single,,,,"Unlimited, Telephone, trial","Un​limited, Te​lephone, tr​ial"
00184.b4c342594f571eeb609a47b313ac35fe,00184__salted__broad__cp200C__single.b4c342594f571eeb609a47b313ac35fe,broad,200C,single,,,,"Unlimited, Telephone, trial","Un‌limited, Te‌lephone, tr‌ial"
00184.b4c342594f571eeb609a47b313ac35fe,00184__salted__broad__cp200D__single.b4c342594f571eeb609a47b313ac35fe,broad,200D,single,,,,"Unlimited, Telephone, trial","Un‍limited, Te‍lephone, tr‍ial"
00184.b4c342594f571eeb609a47b313ac35fe,00184__salted__broad__cp00AD__single.b4c342594f571eeb609a47b313ac35fe,broad,00AD,single,,,,"Unlimited, Telephone, trial","Un­limited, Te­lephone, tr­ial"
00184.ead42d7ed872c504c79928a5f0a2b2eb,00184__salted__broad__cp200B__single.ead42d7ed872c504c79928a5f0a2b2eb,broad,200B,single,,,,"motivated, qualified, qualify","mo​tivated, qu​alified, qu​alify"
00184.ead42d7ed872c504c79928a5f0a2b2eb,00184__salted__broad__cp200C__single.ead42d7ed872c504c79928a5f0a2b2eb,broad,200C,single,,,,"motivated, qualified, qualify","mo‌tivated, qu‌alified, qu‌alify"
00184.ead42d7ed872c504c79928a5f0a2b2eb,00184__salted__broad__cp200D__single.ead42d7ed872c504c79928a5f0a2b2eb,broad,200D,single,,,,"motivated, qualified, qualify","mo‍tivated, qu‍alified, qu‍alify"
00184.ead42d7ed872c504c79928a5f0a2b2eb,00184__salted__broad__cp00AD__single.ead42d7ed872c504c79928a5f0a2b2eb,broad,00AD,single,,,,"motivated, qualified, qualify","mo­tivated, qu­alified, qu­alify"
00185.3bc6159431883bb008a8cf973facadb3,00185__salted__broad__cp200B__single.3bc6159431883bb008a8cf973facadb3,broad,200B,single,,,,"Unlimited, Telephone, trial","Un​limited, Te​lephone, tr​ial"
00185.3bc6159431883bb008a8cf973facadb3,00185__salted__broad__cp200C__single.3bc6159431883bb008a8cf973facadb3,broad,200C,single,,,,"Unlimited, Telephone, trial","Un‌limited, Te‌lephone, tr‌ial"
00185.3bc6159431883bb008a8cf973facadb3,00185__salted__broad__cp200D__single.3bc6159431883bb008a8cf973facadb3,broad,200D,single,,,,"Unlimited, Telephone, trial","Un‍limited, Te‍lephone, tr‍ial"
00185.3bc6159431883bb008a8cf973facadb3,00185__salted__broad__cp00AD__single.3bc6159431883bb008a8cf973facadb3,broad,00AD,single,,,,"Unlimited, Telephone, trial","Un­limited, Te­lephone, tr­ial"
00186.614733215984b78299813313394a4ed3,00186__salted__broad__cp200B__single.614733215984b78299813313394a4ed3,broad,200B,single,,Opportunity,Op​portunity,"opportunity, advertise, opportunity","op​portunity, ad​vertise, op​portunity"
00186.614733215984b78299813313394a4ed3,00186__salted__broad__cp200C__single.614733215984b78299813313394a4ed3,broad,200C,single,,Opportunity,Op‌portunity,"opportunity, advertise, opportunity","op‌portunity, ad‌vertise, op‌portunity"
00186.614733215984b78299813313394a4ed3,00186__salted__broad__cp200D__single.614733215984b78299813313394a4ed3,broad,200D,single,,Opportunity,Op‍portunity,"opportunity, advertise, opportunity","op‍portunity, ad‍vertise, op‍portunity"
00186.614733215984b78299813313394a4ed3,00186__salted__broad__cp00AD__single.614733215984b78299813313394a4ed3,broad,00AD,single,,Opportunity,Op­portunity,"opportunity, advertise, opportunity","op­portunity, ad­vertise, op­portunity"
00188.3d145a97a4ccf05a36a1f2795b4c331d,00188__salted__broad__cp200B__single.3d145a97a4ccf05a36a1f2795b4c331d,broad,200B,single,,Marketing,Ma​rketing,,
00188.3d145a97a4ccf05a36a1f2795b4c331d,00188__salted__broad__cp200C__single.3d145a97a4ccf05a36a1f2795b4c331d,broad,200C,single,,Marketing,Ma‌rketing,,
00188.3d145a97a4ccf05a36a1f2795b4c331d,00188__salted__broad__cp200D__single.3d145a97a4ccf05a36a1f2795b4c331d,broad,200D,single,,Marketing,Ma‍rketing,,
00188.3d145a97a4ccf05a36a1f2795b4c331d,00188__salted__broad__cp00AD__single.3d145a97a4ccf05a36a1f2795b4c331d,broad,00AD,single,,Marketing,Ma­rketing,,
00189.074fe7fad584aa9243fadc6d16f8c186,00189__salted__broad__cp200B__single.074fe7fad584aa9243fadc6d16f8c186,broad,200B,single,,,,"trial, hours, trial","tr​ial, ho​urs, tr​ial"
00189.074fe7fad584aa9243fadc6d16f8c186,00189__salted__broad__cp200C__single.074fe7fad584aa9243fadc6d16f8c186,broad,200C,single,,,,"trial, hours, trial","tr‌ial, ho‌urs, tr‌ial"
00189.074fe7fad584aa9243fadc6d16f8c186,00189__salted__broad__cp200D__single.074fe7fad584aa9243fadc6d16f8c186,broad,200D,single,,,,"trial, hours, trial","tr‍ial, ho‍urs, tr‍ial"
00189.074fe7fad584aa9243fadc6d16f8c186,00189__salted__broad__cp00AD__single.074fe7fad584aa9243fadc6d16f8c186,broad,00AD,single,,,,"trial, hours, trial","tr­ial, ho­urs, tr­ial"
00190.dbaebac8c91d57cf7c9b9a431606ce54,00190__salted__broad__cp200B__single.dbaebac8c91d57cf7c9b9a431606ce54,broad,200B,single,,Approved,Ap​proved,,
00190.dbaebac8c91d57cf7c9b9a431606ce54,00190__salted__broad__cp200C__single.dbaebac8c91d57cf7c9b9a431606ce54,broad,200C,single,,Approved,Ap‌proved,,
00190.dbaebac8c91d57cf7c9b9a431606ce54,00190__salted__broad__cp200D__single.dbaebac8c91d57cf7c9b9a431606ce54,broad,200D,single,,Approved,Ap‍proved,,
00190.dbaebac8c91d57cf7c9b9a431606ce54,00190__salted__broad__cp00AD__single.dbaebac8c91d57cf7c9b9a431606ce54,broad,00AD,single,,Approved,Ap­proved,,
00192.e5a6bb15ae1e965f3b823c75e435651a,00192__salted__broad__cp200B__single.e5a6bb15ae1e965f3b823c75e435651a,broad,200B,single,,Insurance,In​surance,"Mortgage, Savings, Fees","Mo​rtgage, Sa​vings, Fe​es"
00192.e5a6bb15ae1e965f3b823c75e435651a,00192__salted__broad__cp200C__single.e5a6bb15ae1e965f3b823c75e435651a,broad,200C,single,,Insurance,In‌surance,"Mortgage, Savings, Fees","Mo‌rtgage, Sa‌vings, Fe‌es"
00192.e5a6bb15ae1e965f3b823c75e435651a,00192__salted__broad__cp200D__single.e5a6bb15ae1e965f3b823c75e435651a,broad,200D,single,,Insurance,In‍surance,"Mortgage, Savings, Fees","Mo‍rtgage, Sa‍vings, Fe‍es"
00192.e5a6bb15ae1e965f3b823c75e435651a,00192__salted__broad__cp00AD__single.e5a6bb15ae1e965f3b823c75e435651a,broad,00AD,single,,Insurance,In­surance,"Mortgage, Savings, Fees","Mo­rtgage, Sa­vings, Fe­es"
00192.f2c49e0edfc9d9c861da1e6368cb7d12,00192__salted__broad__cp200B__single.f2c49e0edfc9d9c861da1e6368cb7d12,broad,200B,single,,ASSISTANCE,AS​SISTANCE,"AFRICA, colleagues, assist","AF​RICA, co​lleagues, as​sist"
00192.f2c49e0edfc9d9c861da1e6368cb7d12,00192__salted__broad__cp200C__single.f2c49e0edfc9d9c861da1e6368cb7d12,broad,200C,single,,ASSISTANCE,AS‌SISTANCE,"AFRICA, colleagues, assist","AF‌RICA, co‌lleagues, as‌sist"
00192.f2c49e0edfc9d9c861da1e6368cb7d12,00192__salted__broad__cp200D__single.f2c49e0edfc9d9c861da1e6368cb7d12,broad,200D,single,,ASSISTANCE,AS‍SISTANCE,"AFRICA, colleagues, assist","AF‍RICA, co‍lleagues, as‍sist"
00192.f2c49e0edfc9d9c861da1e6368cb7d12,00192__salted__broad__cp00AD__single.f2c49e0edfc9d9c861da1e6368cb7d12,broad,00AD,single,,ASSISTANCE,AS­SISTANCE,"AFRICA, colleagues, assist","AF­RICA, co­lleagues, as­sist"
00193.c04ef77bc3dbaa5762760a6ea138df0e,00193__salted__broad__cp200B__single.c04ef77bc3dbaa5762760a6ea138df0e,broad,200B,single,,MLM,ML​M,"removal, marketing, MLM","re​moval, ma​rketing, ML​M"
00193.c04ef77bc3dbaa5762760a6ea138df0e,00193__salted__broad__cp200C__single.c04ef77bc3dbaa5762760a6ea138df0e,broad,200C,single,,MLM,ML‌M,"removal, marketing, MLM","re‌moval, ma‌rketing, ML‌M"
00193.c04ef77bc3dbaa5762760a6ea138df0e,00193__salted__broad__cp200D__single.c04ef77bc3dbaa5762760a6ea138df0e,broad,200D,single,,MLM,ML‍M,"removal, marketing, MLM","re‍moval, ma‍rketing, ML‍M"
00193.c04ef77bc3dbaa5762760a6ea138df0e,00193__salted__broad__cp00AD__single.c04ef77bc3dbaa5762760a6ea138df0e,broad,00AD,single,,MLM,ML­M,"removal, marketing, MLM","re­moval, ma­rketing, ML­M"
00193.d68a324fdbe164f166b58e7852903065,00193__salted__broad__cp200B__single.d68a324fdbe164f166b58e7852903065,broad,200B,single,,ASSISTANCE,AS​SISTANCE,"Dear, Sir, transaction","De​ar, Si​r, tr​ansaction"
00193.d68a324fdbe164f166b58e7852903065,00193__salted__broad__cp200C__single.d68a324fdbe164f166b58e7852903065,broad,200C,single,,ASSISTANCE,AS‌SISTANCE,"Dear, Sir, transaction","De‌ar, Si‌r, tr‌ansaction"
00193.d68a324fdbe164f166b58e7852903065,00193__salted__broad__cp200D__single.d68a324fdbe164f166b58e7852903065,broad,200D,single,,ASSISTANCE,AS‍SISTANCE,"Dear, Sir, transaction","De‍ar, Si‍r, tr‍ansaction"
00193.d68a324fdbe164f166b58e7852903065,00193__salted__broad__cp00AD__single.d68a324fdbe164f166b58e7852903065,broad,00AD,single,,ASSISTANCE,AS­SISTANCE,"Dear, Sir, transaction","De­ar, Si­r, tr­ansaction"
00194.91b4c441362e802a64154349c6451b7c,00194__salted__broad__cp200B__single.91b4c441362e802a64154349c6451b7c,broad,200B,single,,ASSISTANCE,AS​SISTANCE,"Dear, Sir, transaction","De​ar, Si​r, tr​ansaction"
00194.91b4c441362e802a64154349c6451b7c,00194__salted__broad__cp200C__single.91b4c441362e802a64154349c6451b7c,broad,200C,single,,ASSISTANCE,AS‌SISTANCE,"Dear, Sir, transaction","De‌ar, Si‌r, tr‌ansaction"
00194.91b4c441362e802a64154349c6451b7c,00194__salted__broad__cp200D__single.91b4c441362e802a64154349c6451b7c,broad,200D,single,,ASSISTANCE,AS‍SISTANCE,"Dear, Sir, transaction","De‍ar, Si‍r, tr‍ansaction"
00194.91b4c441362e802a64154349c6451b7c,00194__salted__broad__cp00AD__single.91b4c441362e802a64154349c6451b7c,broad,00AD,single,,ASSISTANCE,AS­SISTANCE,"Dear, Sir, transaction","De­ar, Si­r, tr­ansaction"
00196.2e07e36c1285ba9187f8168c77d813f7,00196__salted__broad__cp200B__single.2e07e36c1285ba9187f8168c77d813f7,broad,200B,single,,Unlimited,Un​limited,"Unlimited, registered, wish","Un​limited, re​gistered, wi​sh"
00196.2e07e36c1285ba9187f8168c77d813f7,00196__salted__broad__cp200C__single.2e07e36c1285ba9187f8168c77d813f7,broad,200C,single,,Unlimited,Un‌limited,"Unlimited, registered, wish","Un‌limited, re‌gistered, wi‌sh"
00196.2e07e36c1285ba9187f8168c77d813f7,00196__salted__broad__cp200D__single.2e07e36c1285ba9187f8168c77d813f7,broad,200D,single,,Unlimited,Un‍limited,"Unlimited, registered, wish","Un‍limited, re‍gistered, wi‍sh"
00196.2e07e36c1285ba9187f8168c77d813f7,00196__salted__broad__cp00AD__single.2e07e36c1285ba9187f8168c77d813f7,broad,00AD,single,,Unlimited,Un­limited,"Unlimited, registered, wish","Un­limited, re­gistered, wi­sh"
00197.5a921df53d215a60d557c68754559e93,00197__salted__broad__cp200B__single.5a921df53d215a60d557c68754559e93,broad,200B,single,,,,"weekly, orders, CASH","we​ekly, or​ders, CA​SH"
00197.5a921df53d215a60d557c68754559e93,00197__salted__broad__cp200C__single.5a921df53d215a60d557c68754559e93,broad,200C,single,,,,"weekly, orders, CASH","we‌ekly, or‌ders, CA‌SH"
00197.5a921df53d215a60d557c68754559e93,00197__salted__broad__cp200D__single.5a921df53d215a60d557c68754559e93,broad,200D,single,,,,"weekly, orders, CASH","we‍ekly, or‍ders, CA‍SH"
00197.5a921df53d215a60d557c68754559e93,00197__salted__broad__cp00AD__single.5a921df53d215a60d557c68754559e93,broad,00AD,single,,,,"weekly, orders, CASH","we­ekly, or­ders, CA­SH"
00197.d77321043295f3683060dcb2bdb8b822,00197__salted__broad__cp200B__single.d77321043295f3683060dcb2bdb8b822,broad,200B,single,,Unlimited,Un​limited,"Unlimited, registered, wish","Un​limited, re​gistered, wi​sh"
00197.d77321043295f3683060dcb2bdb8b822,00197__salted__broad__cp200C__single.d77321043295f3683060dcb2bdb8b822,broad,200C,single,,Unlimited,Un‌limited,"Unlimited, registered, wish","Un‌limited, re‌gistered, wi‌sh"
00197.d77321043295f3683060dcb2bdb8b822,00197__salted__broad__cp200D__single.d77321043295f3683060dcb2bdb8b822,broad,200D,single,,Unlimited,Un‍limited,"Unlimited, registered, wish","Un‍limited, re‍gistered, wi‍sh"
00197.d77321043295f3683060dcb2bdb8b822,00197__salted__broad__cp00AD__single.d77321043295f3683060dcb2bdb8b822,broad,00AD,single,,Unlimited,Un­limited,"Unlimited, registered, wish","Un­limited, re­gistered, wi­sh"
00198.aad7df5b8be674a0ce09c8040ef53f1e,00198__salted__broad__cp200B__single.aad7df5b8be674a0ce09c8040ef53f1e,broad,200B,single,,approved,ap​proved,,
00198.aad7df5b8be674a0ce09c8040ef53f1e,00198__salted__broad__cp200C__single.aad7df5b8be674a0ce09c8040ef53f1e,broad,200C,single,,approved,ap‌proved,,
00198.aad7df5b8be674a0ce09c8040ef53f1e,00198__salted__broad__cp200D__single.aad7df5b8be674a0ce09c8040ef53f1e,broad,200D,single,,approved,ap‍proved,,
00198.aad7df5b8be674a0ce09c8040ef53f1e,00198__salted__broad__cp00AD__single.aad7df5b8be674a0ce09c8040ef53f1e,broad,00AD,single,,approved,ap­proved,,
00199.3536ffa9d7e1b912f6fc649d779cfe5d,00199__salted__broad__cp200B__single.3536ffa9d7e1b912f6fc649d779cfe5d,broad,200B,single,,,,"Marketing, Marketing, products","Ma​rketing, Ma​rketing, pr​oducts"
00199.3536ffa9d7e1b912f6fc649d779cfe5d,00199__salted__broad__cp200C__single.3536ffa9d7e1b912f6fc649d779cfe5d,broad,200C,single,,,,"Marketing, Marketing, products","Ma‌rketing, Ma‌rketing, pr‌oducts"
00199.3536ffa9d7e1b912f6fc649d779cfe5d,00199__salted__broad__cp200D__single.3536ffa9d7e1b912f6fc649d779cfe5d,broad,200D,single,,,,"Marketing, Marketing, products","Ma‍rketing, Ma‍rketing, pr‍oducts"
00199.3536ffa9d7e1b912f6fc649d779cfe5d,00199__salted__broad__cp00AD__single.3536ffa9d7e1b912f6fc649d779cfe5d,broad,00AD,single,,,,"Marketing, Marketing, products","Ma­rketing, Ma­rketing, pr­oducts"
00199.9be6cec49c53210152780926cdeb59ff,00199__salted__broad__cp200B__single.9be6cec49c53210152780926cdeb59ff,broad,200B,single,,SYSTEMWORKS,SY​STEMWORKS,,
00199.9be6cec49c53210152780926cdeb59ff,00199__salted__broad__cp200C__single.9be6cec49c53210152780926cdeb59ff,broad,200C,single,,SYSTEMWORKS,SY‌STEMWORKS,,
00199.9be6cec49c53210152780926cdeb59ff,00199__salted__broad__cp200D__single.9be6cec49c53210152780926cdeb59ff,broad,200D,single,,SYSTEMWORKS,SY‍STEMWORKS,,
00199.9be6cec49c53210152780926cdeb59ff,00199__salted__broad__cp00AD__single.9be6cec49c53210152780926cdeb59ff,broad,00AD,single,,SYSTEMWORKS,SY­STEMWORKS,,
00200.2fcabc2b58baa0ebc051e3ea3dfafd8f,00200__salted__broad__cp200B__single.2fcabc2b58baa0ebc051e3ea3dfafd8f,broad,200B,single,,,,assistance,as​sistance
00200.2fcabc2b58baa0ebc051e3ea3dfafd8f,00200__salted__broad__cp200C__single.2fcabc2b58baa0ebc051e3ea3dfafd8f,broad,200C,single,,,,assistance,as‌sistance
00200.2fcabc2b58baa0ebc051e3ea3dfafd8f,00200__salted__broad__cp200D__single.2fcabc2b58baa0ebc051e3ea3dfafd8f,broad,200D,single,,,,assistance,as‍sistance
00200.2fcabc2b58baa0ebc051e3ea3dfafd8f,00200__salted__broad__cp00AD__single.2fcabc2b58baa0ebc051e3ea3dfafd8f,broad,00AD,single,,,,assistance,as­sistance
00200.bacd4b2168049778b480367ca670254f,00200__salted__broad__cp200B__single.bacd4b2168049778b480367ca670254f,broad,200B,single,,ADV,AD​V,,
00200.bacd4b2168049778b480367ca670254f,00200__salted__broad__cp200C__single.bacd4b2168049778b480367ca670254f,broad,200C,single,,ADV,AD‌V,,
00200.bacd4b2168049778b480367ca670254f,00200__salted__broad__cp200D__single.bacd4b2168049778b480367ca670254f,broad,200D,single,,ADV,AD‍V,,
00200.bacd4b2168049778b480367ca670254f,00200__salted__broad__cp00AD__single.bacd4b2168049778b480367ca670254f,broad,00AD,single,,ADV,AD­V,,
00201.00020fc9911604f6cae7ae0f598ad29d,00201__salted__broad__cp200B__single.00020fc9911604f6cae7ae0f598ad29d,broad,200B,single,,offer,of​fer,,
00201.00020fc9911604f6cae7ae0f598ad29d,00201__salted__broad__cp200C__single.00020fc9911604f6cae7ae0f598ad29d,broad,200C,single,,offer,of‌fer,,
00201.00020fc9911604f6cae7ae0f598ad29d,00201__salted__broad__cp200D__single.00020fc9911604f6cae7ae0f598ad29d,broad,200D,single,,offer,of‍fer,,
00201.00020fc9911604f6cae7ae0f598ad29d,00201__salted__broad__cp00AD__single.00020fc9911604f6cae7ae0f598ad29d,broad,00AD,single,,offer,of­fer,,
00201.e74734c7cd89b7c55989d585f72b358a,00201__salted__broad__cp200B__single.e74734c7cd89b7c55989d585f72b358a,broad,200B,single,,Income,In​come,"Insurance, income, opportunity","In​surance, in​come, op​portunity"
00201.e74734c7cd89b7c55989d585f72b358a,00201__salted__broad__cp200C__single.e74734c7cd89b7c55989d585f72b358a,broad,200C,single,,Income,In‌come,"Insurance, income, opportunity","In‌surance, in‌come, op‌portunity"
00201.e74734c7cd89b7c55989d585f72b358a,00201__salted__broad__cp200D__single.e74734c7cd89b7c55989d585f72b358a,broad,200D,single,,Income,In‍come,"Insurance, income, opportunity","In‍surance, in‍come, op‍portunity"
00201.e74734c7cd89b7c55989d585f72b358a,00201__salted__broad__cp00AD__single.e74734c7cd89b7c55989d585f72b358a,broad,00AD,single,,Income,In­come,"Insurance, income, opportunity","In­surance, in­come, op­portunity"
00202.e57a96cc553ecba5064d023695a0f385,00202__salted__broad__cp200B__single.e57a96cc553ecba5064d023695a0f385,broad,200B,single,,,,"CASH, Dear, netnoteinc","CA​SH, De​ar, ne​tnoteinc"
00202.e57a96cc553ecba5064d023695a0f385,00202__salted__broad__cp200C__single.e57a96cc553ecba5064d023695a0f385,broad,200C,single,,,,"CASH, Dear, netnoteinc","CA‌SH, De‌ar, ne‌tnoteinc"
00202.e57a96cc553ecba5064d023695a0f385,00202__salted__broad__cp200D__single.e57a96cc553ecba5064d023695a0f385,broad,200D,single,,,,"CASH, Dear, netnoteinc","CA‍SH, De‍ar, ne‍tnoteinc"
00202.e57a96cc553ecba5064d023695a0f385,00202__salted__broad__cp00AD__single.e57a96cc553ecba5064d023695a0f385,broad,00AD,single,,,,"CASH, Dear, netnoteinc","CA­SH, De­ar, ne­tnoteinc"
00203.3956f8506171ffd90a0060cafad4fdea,00203__salted__broad__cp200B__single.3956f8506171ffd90a0060cafad4fdea,broad,200B,single,,,,"fund, Marketing, offer","fu​nd, Ma​rketing, of​fer"
00203.3956f8506171ffd90a0060cafad4fdea,00203__salted__broad__cp200C__single.3956f8506171ffd90a0060cafad4fdea,broad,200C,single,,,,"fund, Marketing, offer","fu‌nd, Ma‌rketing, of‌fer"
00203.3956f8506171ffd90a0060cafad4fdea,00203__salted__broad__cp200D__single.3956f8506171ffd90a0060cafad4fdea,broad,200D,single,,,,"fund, Marketing, offer","fu‍nd, Ma‍rketing, of‍fer"
00203.3956f8506171ffd90a0060cafad4fdea,00203__salted__broad__cp00AD__single.3956f8506171ffd90a0060cafad4fdea,broad,00AD,single,,,,"fund, Marketing, offer","fu­nd, Ma­rketing, of­fer"
00203.5d5cdf03bd9362584adaf6be372d0ba1,00203__salted__broad__cp200B__single.5d5cdf03bd9362584adaf6be372d0ba1,broad,200B,single,,,,"CASH, Dear, netnoteinc","CA​SH, De​ar, ne​tnoteinc"
00203.5d5cdf03bd9362584adaf6be372d0ba1,00203__salted__broad__cp200C__single.5d5cdf03bd9362584adaf6be372d0ba1,broad,200C,single,,,,"CASH, Dear, netnoteinc","CA‌SH, De‌ar, ne‌tnoteinc"
00203.5d5cdf03bd9362584adaf6be372d0ba1,00203__salted__broad__cp200D__single.5d5cdf03bd9362584adaf6be372d0ba1,broad,200D,single,,,,"CASH, Dear, netnoteinc","CA‍SH, De‍ar, ne‍tnoteinc"
00203.5d5cdf03bd9362584adaf6be372d0ba1,00203__salted__broad__cp00AD__single.5d5cdf03bd9362584adaf6be372d0ba1,broad,00AD,single,,,,"CASH, Dear, netnoteinc","CA­SH, De­ar, ne­tnoteinc"
00206.434bca9a9918edbdb04b93f6618adf90,00206__salted__broad__cp200B__single.434bca9a9918edbdb04b93f6618adf90,broad,200B,single,,Opt,Op​t,"Opt, Opt, Dear","Op​t, Op​t, De​ar"
00206.434bca9a9918edbdb04b93f6618adf90,00206__salted__broad__cp200C__single.434bca9a9918edbdb04b93f6618adf90,broad,200C,single,,Opt,Op‌t,"Opt, Opt, Dear","Op‌t, Op‌t, De‌ar"
00206.434bca9a9918edbdb04b93f6618adf90,00206__salted__broad__cp200D__single.434bca9a9918edbdb04b93f6618adf90,broad,200D,single,,Opt,Op‍t,"Opt, Opt, Dear","Op‍t, Op‍t, De‍ar"
00206.434bca9a9918edbdb04b93f6618adf90,00206__salted__broad__cp00AD__single.434bca9a9918edbdb04b93f6618adf90,broad,00AD,single,,Opt,Op­t,"Opt, Opt, Dear","Op­t, Op­t, De­ar"
00208.369921416af87a0b70f133632131b184,00208__salted__broad__cp200B__single.369921416af87a0b70f133632131b184,broad,200B,single,,URGENT,UR​GENT,"AFRICA, contact, contact","AF​RICA, co​ntact, co​ntact"
00208.369921416af87a0b70f133632131b184,00208__salted__broad__cp200C__single.369921416af87a0b70f133632131b184,broad,200C,single,,URGENT,UR‌GENT,"AFRICA, contact, contact","AF‌RICA, co‌ntact, co‌ntact"
00208.369921416af87a0b70f133632131b184,00208__salted__broad__cp200D__single.369921416af87a0b70f133632131b184,broad,200D,single,,URGENT,UR‍GENT,"AFRICA, contact, contact","AF‍RICA, co‍ntact, co‍ntact"
00208.369921416af87a0b70f133632131b184,00208__salted__broad__cp00AD__single.369921416af87a0b70f133632131b184,broad,00AD,single,,URGENT,UR­GENT,"AFRICA, contact, contact","AF­RICA, co­ntact, co­ntact"
00208.c9e30fc9044cdc50682c2e2d2be4c466,00208__salted__broad__cp200B__single.c9e30fc9044cdc50682c2e2d2be4c466,broad,200B,single,,cartridges,ca​rtridges,"cartridges, cartridges, CLICK","ca​rtridges, ca​rtridges, CL​ICK"
00208.c9e30fc9044cdc50682c2e2d2be4c466,00208__salted__broad__cp200C__single.c9e30fc9044cdc50682c2e2d2be4c466,broad,200C,single,,cartridges,ca‌rtridges,"cartridges, cartridges, CLICK","ca‌rtridges, ca‌rtridges, CL‌ICK"
00208.c9e30fc9044cdc50682c2e2d2be4c466,00208__salted__broad__cp200D__single.c9e30fc9044cdc50682c2e2d2be4c466,broad,200D,single,,cartridges,ca‍rtridges,"cartridges, cartridges, CLICK","ca‍rtridges, ca‍rtridges, CL‍ICK"
00208.c9e30fc9044cdc50682c2e2d2be4c466,00208__salted__broad__cp00AD__single.c9e30fc9044cdc50682c2e2d2be4c466,broad,00AD,single,,cartridges,ca­rtridges,"cartridges, cartridges, CLICK","ca­rtridges, ca­rtridges, CL­ICK"
00209.983df148f8b7d7e5d678f1ea6297cad1,00209__salted__broad__cp200B__single.983df148f8b7d7e5d678f1ea6297cad1,broad,200B,single,,,,"receive, Medical, offer","re​ceive, Me​dical, of​fer"
00209.983df148f8b7d7e5d678f1ea6297cad1,00209__salted__broad__cp200C__single.983df148f8b7d7e5d678f1ea6297cad1,broad,200C,single,,,,"receive, Medical, offer","re‌ceive, Me‌dical, of‌fer"
00209.983df148f8b7d7e5d678f1ea6297cad1,00209__salted__broad__cp200D__single.983df148f8b7d7e5d678f1ea6297cad1,broad,200D,single,,,,"receive, Medical, offer","re‍ceive, Me‍dical, of‍fer"
00209.983df148f8b7d7e5d678f1ea6297cad1,00209__salted__broad__cp00AD__single.983df148f8b7d7e5d678f1ea6297cad1,broad,00AD,single,,,,"receive, Medical, offer","re­ceive, Me­dical, of­fer"
00210.050ffd105bd4e006771ee63cabc59978,00210__salted__broad__cp200B__single.050ffd105bd4e006771ee63cabc59978,broad,200B,single,,,,"discount, prices, exciting","di​scount, pr​ices, ex​citing"
00210.050ffd105bd4e006771ee63cabc59978,00210__salted__broad__cp200C__single.050ffd105bd4e006771ee63cabc59978,broad,200C,single,,,,"discount, prices, exciting","di‌scount, pr‌ices, ex‌citing"
00210.050ffd105bd4e006771ee63cabc59978,00210__salted__broad__cp200D__single.050ffd105bd4e006771ee63cabc59978,broad,200D,single,,,,"discount, prices, exciting","di‍scount, pr‍ices, ex‍citing"
00210.050ffd105bd4e006771ee63cabc59978,00210__salted__broad__cp00AD__single.050ffd105bd4e006771ee63cabc59978,broad,00AD,single,,,,"discount, prices, exciting","di­scount, pr­ices, ex­citing"
00210.2942a339c3792a1010d024e6d6ba032e,00210__salted__broad__cp200B__single.2942a339c3792a1010d024e6d6ba032e,broad,200B,single,,ADV,AD​V,,
00210.2942a339c3792a1010d024e6d6ba032e,00210__salted__broad__cp200C__single.2942a339c3792a1010d024e6d6ba032e,broad,200C,single,,ADV,AD‌V,,
00210.2942a339c3792a1010d024e6d6ba032e,00210__salted__broad__cp200D__single.2942a339c3792a1010d024e6d6ba032e,broad,200D,single,,ADV,AD‍V,,
00210.2942a339c3792a1010d024e6d6ba032e,00210__salted__broad__cp00AD__single.2942a339c3792a1010d024e6d6ba032e,broad,00AD,single,,ADV,AD­V,,
00211.d976c6049e8448e7c407c124b580e0ba,00211__salted__broad__cp200B__single.d976c6049e8448e7c407c124b580e0ba,broad,200B,single,,Debt,De​bt,,
00211.d976c6049e8448e7c407c124b580e0ba,00211__salted__broad__cp200C__single.d976c6049e8448e7c407c124b580e0ba,broad,200C,single,,Debt,De‌bt,,
00211.d976c6049e8448e7c407c124b580e0ba,00211__salted__broad__cp200D__single.d976c6049e8448e7c407c124b580e0ba,broad,200D,single,,Debt,De‍bt,,
00211.d976c6049e8448e7c407c124b580e0ba,00211__salted__broad__cp00AD__single.d976c6049e8448e7c407c124b580e0ba,broad,00AD,single,,Debt,De­bt,,
00212.87d0c89c4f341d1580908678bf916213,00212__salted__broad__cp200B__single.87d0c89c4f341d1580908678bf916213,broad,200B,single,,ADV,AD​V,"remove, toll, Sincerely","re​move, to​ll, Si​ncerely"
00212.87d0c89c4f341d1580908678bf916213,00212__salted__broad__cp200C__single.87d0c89c4f341d1580908678bf916213,broad,200C,single,,ADV,AD‌V,"remove, toll, Sincerely","re‌move, to‌ll, Si‌ncerely"
00212.87d0c89c4f341d1580908678bf916213,00212__salted__broad__cp200D__single.87d0c89c4f341d1580908678bf916213,broad,200D,single,,ADV,AD‍V,"remove, toll, Sincerely","re‍move, to‍ll, Si‍ncerely"
00212.87d0c89c4f341d1580908678bf916213,00212__salted__broad__cp00AD__single.87d0c89c4f341d1580908678bf916213,broad,00AD,single,,ADV,AD­V,"remove, toll, Sincerely","re­move, to­ll, Si­ncerely"
00214.39bd955c9db013255c326dbcbb4f2f86,00214__salted__broad__cp200B__single.39bd955c9db013255c326dbcbb4f2f86,broad,200B,single,,bills,bi​lls,,
00214.39bd955c9db013255c326dbcbb4f2f86,00214__salted__broad__cp200C__single.39bd955c9db013255c326dbcbb4f2f86,broad,200C,single,,bills,bi‌lls,,
00214.39bd955c9db013255c326dbcbb4f2f86,00214__salted__broad__cp200D__single.39bd955c9db013255c326dbcbb4f2f86,broad,200D,single,,bills,bi‍lls,,
00214.39bd955c9db013255c326dbcbb4f2f86,00214__salted__broad__cp00AD__single.39bd955c9db013255c326dbcbb4f2f86,broad,00AD,single,,bills,bi­lls,,
00215.f571ecd203e8d39296419bffc47e4a6a,00215__salted__broad__cp200B__single.f571ecd203e8d39296419bffc47e4a6a,broad,200B,single,,Rates,Ra​tes,,
00215.f571ecd203e8d39296419bffc47e4a6a,00215__salted__broad__cp200C__single.f571ecd203e8d39296419bffc47e4a6a,broad,200C,single,,Rates,Ra‌tes,,
00215.f571ecd203e8d39296419bffc47e4a6a,00215__salted__broad__cp200D__single.f571ecd203e8d39296419bffc47e4a6a,broad,200D,single,,Rates,Ra‍tes,,
00215.f571ecd203e8d39296419bffc47e4a6a,00215__salted__broad__cp00AD__single.f571ecd203e8d39296419bffc47e4a6a,broad,00AD,single,,Rates,Ra­tes,,
00216.89c1ede0b81fb09f7334f47a5183410a,00216__salted__broad__cp200B__single.89c1ede0b81fb09f7334f47a5183410a,broad,200B,single,,Proposal,Pr​oposal,"ASSOCIATES, LAGOS, NIGERIA","AS​SOCIATES, LA​GOS, NI​GERIA"
00216.89c1ede0b81fb09f7334f47a5183410a,00216__salted__broad__cp200C__single.89c1ede0b81fb09f7334f47a5183410a,broad,200C,single,,Proposal,Pr‌oposal,"ASSOCIATES, LAGOS, NIGERIA","AS‌SOCIATES, LA‌GOS, NI‌GERIA"
00216.89c1ede0b81fb09f7334f47a5183410a,00216__salted__broad__cp200D__single.89c1ede0b81fb09f7334f47a5183410a,broad,200D,single,,Proposal,Pr‍oposal,"ASSOCIATES, LAGOS, NIGERIA","AS‍SOCIATES, LA‍GOS, NI‍GERIA"
00216.89c1ede0b81fb09f7334f47a5183410a,00216__salted__broad__cp00AD__single.89c1ede0b81fb09f7334f47a5183410a,broad,00AD,single,,Proposal,Pr­oposal,"ASSOCIATES, LAGOS, NIGERIA","AS­SOCIATES, LA­GOS, NI­GERIA"
00218.917ed95f5c90c1d9d15d2528b0bd1e79,00218__salted__broad__cp200B__single.917ed95f5c90c1d9d15d2528b0bd1e79,broad,200B,single,,,,"Dear, Nigeria, sales","De​ar, Ni​geria, sa​les"
00218.917ed95f5c90c1d9d15d2528b0bd1e79,00218__salted__broad__cp200C__single.917ed95f5c90c1d9d15d2528b0bd1e79,broad,200C,single,,,,"Dear, Nigeria, sales","De‌ar, Ni‌geria, sa‌les"
00218.917ed95f5c90c1d9d15d2528b0bd1e79,00218__salted__broad__cp200D__single.917ed95f5c90c1d9d15d2528b0bd1e79,broad,200D,single,,,,"Dear, Nigeria, sales","De‍ar, Ni‍geria, sa‍les"
00218.917ed95f5c90c1d9d15d2528b0bd1e79,00218__salted__broad__cp00AD__single.917ed95f5c90c1d9d15d2528b0bd1e79,broad,00AD,single,,,,"Dear, Nigeria, sales","De­ar, Ni­geria, sa­les"
00220.cf7d03e161582887dc589229e2896e26,00220__salted__broad__cp200B__single.cf7d03e161582887dc589229e2896e26,broad,200B,single,,assistance,as​sistance,"ATTN, instructions, deposit","AT​TN, in​structions, de​posit"
00220.cf7d03e161582887dc589229e2896e26,00220__salted__broad__cp200C__single.cf7d03e161582887dc589229e2896e26,broad,200C,single,,assistance,as‌sistance,"ATTN, instructions, deposit","AT‌TN, in‌structions, de‌posit"
00220.cf7d03e161582887dc589229e2896e26,00220__salted__broad__cp200D__single.cf7d03e161582887dc589229e2896e26,broad,200D,single,,assistance,as‍sistance,"ATTN, instructions, deposit","AT‍TN, in‍structions, de‍posit"
00220.cf7d03e161582887dc589229e2896e26,00220__salted__broad__cp00AD__single.cf7d03e161582887dc589229e2896e26,broad,00AD,single,,assistance,as­sistance,"ATTN, instructions, deposit","AT­TN, in­structions, de­posit"
00221.c4dfeecf0cacc9469540337f5baf69db,00221__salted__broad__cp200B__single.c4dfeecf0cacc9469540337f5baf69db,broad,200B,single,,lenders,le​nders,,
00221.c4dfeecf0cacc9469540337f5baf69db,00221__salted__broad__cp200C__single.c4dfeecf0cacc9469540337f5baf69db,broad,200C,single,,lenders,le‌nders,,
00221.c4dfeecf0cacc9469540337f5baf69db,00221__salted__broad__cp200D__single.c4dfeecf0cacc9469540337f5baf69db,broad,200D,single,,lenders,le‍nders,,
00221.c4dfeecf0cacc9469540337f5baf69db,00221__salted__broad__cp00AD__single.c4dfeecf0cacc9469540337f5baf69db,broad,00AD,single,,lenders,le­nders,,
00223.349b9b0748ee72bad60729ffaae2cc00,00223__salted__broad__cp200B__single.349b9b0748ee72bad60729ffaae2cc00,broad,200B,single,,,,"Sales, Independent, marketing","Sa​les, In​dependent, ma​rketing"
00223.349b9b0748ee72bad60729ffaae2cc00,00223__salted__broad__cp200C__single.349b9b0748ee72bad60729ffaae2cc00,broad,200C,single,,,,"Sales, Independent, marketing","Sa‌les, In‌dependent, ma‌rketing"
00223.349b9b0748ee72bad60729ffaae2cc00,00223__salted__broad__cp200D__single.349b9b0748ee72bad60729ffaae2cc00,broad,200D,single,,,,"Sales, Independent, marketing","Sa‍les, In‍dependent, ma‍rketing"
00223.349b9b0748ee72bad60729ffaae2cc00,00223__salted__broad__cp00AD__single.349b9b0748ee72bad60729ffaae2cc00,broad,00AD,single,,,,"Sales, Independent, marketing","Sa­les, In­dependent, ma­rketing"
00225.b1ca16fa2be1be1d68f5e3bf2603f3cb,00225__salted__broad__cp200B__single.b1ca16fa2be1be1d68f5e3bf2603f3cb,broad,200B,single,,Career,Ca​reer,,
00225.b1ca16fa2be1be1d68f5e3bf2603f3cb,00225__salted__broad__cp200C__single.b1ca16fa2be1be1d68f5e3bf2603f3cb,broad,200C,single,,Career,Ca‌reer,,
00225.b1ca16fa2be1be1d68f5e3bf2603f3cb,00225__salted__broad__cp200D__single.b1ca16fa2be1be1d68f5e3bf2603f3cb,broad,200D,single,,Career,Ca‍reer,,
00225.b1ca16fa2be1be1d68f5e3bf2603f3cb,00225__salted__broad__cp00AD__single.b1ca16fa2be1be1d68f5e3bf2603f3cb,broad,00AD,single,,Career,Ca­reer,,
00226.bd5d6adde04612587537df13d7f81196,00226__salted__broad__cp200B__single.bd5d6adde04612587537df13d7f81196,broad,200B,single,,,,click,cl​ick
00226.bd5d6adde04612587537df13d7f81196,00226__salted__broad__cp200C__single.bd5d6adde04612587537df13d7f81196,broad,200C,single,,,,click,cl‌ick
00226.bd5d6adde04612587537df13d7f81196,00226__salted__broad__cp200D__single.bd5d6adde04612587537df13d7f81196,broad,200D,single,,,,click,cl‍ick
00226.bd5d6adde04612587537df13d7f81196,00226__salted__broad__cp00AD__single.bd5d6adde04612587537df13d7f81196,broad,00AD,single,,,,click,cl­ick
00226.e0e2704cde3bbd561a98042f4a3baf5f,00226__salted__broad__cp200B__single.e0e2704cde3bbd561a98042f4a3baf5f,broad,200B,single,,Trial,Tr​ial,,
00226.e0e2704cde3bbd561a98042f4a3baf5f,00226__salted__broad__cp200C__single.e0e2704cde3bbd561a98042f4a3baf5f,broad,200C,single,,Trial,Tr‌ial,,
00226.e0e2704cde3bbd561a98042f4a3baf5f,00226__salted__broad__cp200D__single.e0e2704cde3bbd561a98042f4a3baf5f,broad,200D,single,,Trial,Tr‍ial,,
00226.e0e2704cde3bbd561a98042f4a3baf5f,00226__salted__broad__cp00AD__single.e0e2704cde3bbd561a98042f4a3baf5f,broad,00AD,single,,Trial,Tr­ial,,
00227.1171cc6d8c586141b4110a2abdccba00,00227__salted__broad__cp200B__single.1171cc6d8c586141b4110a2abdccba00,broad,200B,single,,URGENT,UR​GENT,"Dear, dollars, deposited","De​ar, do​llars, de​posited"
00227.1171cc6d8c586141b4110a2abdccba00,00227__salted__broad__cp200C__single.1171cc6d8c586141b4110a2abdccba00,broad,200C,single,,URGENT,UR‌GENT,"Dear, dollars, deposited","De‌ar, do‌llars, de‌posited"
00227.1171cc6d8c586141b4110a2abdccba00,00227__salted__broad__cp200D__single.1171cc6d8c586141b4110a2abdccba00,broad,200D,single,,URGENT,UR‍GENT,"Dear, dollars, deposited","De‍ar, do‍llars, de‍posited"
00227.1171cc6d8c586141b4110a2abdccba00,00227__salted__broad__cp00AD__single.1171cc6d8c586141b4110a2abdccba00,broad,00AD,single,,URGENT,UR­GENT,"Dear, dollars, deposited","De­ar, do­llars, de­posited"
00230.214f8d9a756aee75e292056c1f65a005,00230__salted__broad__cp200B__single.214f8d9a756aee75e292056c1f65a005,broad,200B,single,,Attn,At​tn,"Targeted, marketing, offer","Ta​rgeted, ma​rketing, of​fer"
00230.214f8d9a756aee75e292056c1f65a005,00230__salted__broad__cp200C__single.214f8d9a756aee75e292056c1f65a005,broad,200C,single,,Attn,At‌tn,"Targeted, marketing, offer","Ta‌rgeted, ma‌rketing, of‌fer"
00230.214f8d9a756aee75e292056c1f65a005,00230__salted__broad__cp200D__single.214f8d9a756aee75e292056c1f65a005,broad,200D,single,,Attn,At‍tn,"Targeted, marketing, offer","Ta‍rgeted, ma‍rketing, of‍fer"
00230.214f8d9a756aee75e292056c1f65a005,00230__salted__broad__cp00AD__single.214f8d9a756aee75e292056c1f65a005,broad,00AD,single,,Attn,At­tn,"Targeted, marketing, offer","Ta­rgeted, ma­rketing, of­fer"
00232.2d55046b9cf0b192ad6332545ef2a334,00232__salted__broad__cp200B__single.2d55046b9cf0b192ad6332545ef2a334,broad,200B,single,,,,"independent, registered, marketing","in​dependent, re​gistered, ma​rketing"
00232.2d55046b9cf0b192ad6332545ef2a334,00232__salted__broad__cp200C__single.2d55046b9cf0b192ad6332545ef2a334,broad,200C,single,,,,"independent, registered, marketing","in‌dependent, re‌gistered, ma‌rketing"
00232.2d55046b9cf0b192ad6332545ef2a334,00232__salted__broad__cp200D__single.2d55046b9cf0b192ad6332545ef2a334,broad,200D,single,,,,"independent, registered, marketing","in‍dependent, re‍gistered, ma‍rketing"
00232.2d55046b9cf0b192ad6332545ef2a334,00232__salted__broad__cp00AD__single.2d55046b9cf0b192ad6332545ef2a334,broad,00AD,single,,,,"independent, registered, marketing","in­dependent, re­gistered, ma­rketing"
00232.b5eb658434a4099746a0977a0e6cd084,00232__salted__broad__cp200B__single.b5eb658434a4099746a0977a0e6cd084,broad,200B,single,,investment,in​vestment,"Financial, investment, medical","Fi​nancial, in​vestment, me​dical"
00232.b5eb658434a4099746a0977a0e6cd084,00232__salted__broad__cp200C__single.b5eb658434a4099746a0977a0e6cd084,broad,200C,single,,investment,in‌vestment,"Financial, investment, medical","Fi‌nancial, in‌vestment, me‌dical"
00232.b5eb658434a4099746a0977a0e6cd084,00232__salted__broad__cp200D__single.b5eb658434a4099746a0977a0e6cd084,broad,200D,single,,investment,in‍vestment,"Financial, investment, medical","Fi‍nancial, in‍vestment, me‍dical"
00232.b5eb658434a4099746a0977a0e6cd084,00232__salted__broad__cp00AD__single.b5eb658434a4099746a0977a0e6cd084,broad,00AD,single,,investment,in­vestment,"Financial, investment, medical","Fi­nancial, in­vestment, me­dical"
00234.6b386bd178f4ae52c67b6c6d15ece489,00234__salted__broad__cp200B__single.6b386bd178f4ae52c67b6c6d15ece489,broad,200B,single,,kindly,ki​ndly,"URGENT, ASSISTANCE, contact","UR​GENT, AS​SISTANCE, co​ntact"
00234.6b386bd178f4ae52c67b6c6d15ece489,00234__salted__broad__cp200C__single.6b386bd178f4ae52c67b6c6d15ece489,broad,200C,single,,kindly,ki‌ndly,"URGENT, ASSISTANCE, contact","UR‌GENT, AS‌SISTANCE, co‌ntact"
00234.6b386bd178f4ae52c67b6c6d15ece489,00234__salted__broad__cp200D__single.6b386bd178f4ae52c67b6c6d15ece489,broad,200D,single,,kindly,ki‍ndly,"URGENT, ASSISTANCE, contact","UR‍GENT, AS‍SISTANCE, co‍ntact"
00234.6b386bd178f4ae52c67b6c6d15ece489,00234__salted__broad__cp00AD__single.6b386bd178f4ae52c67b6c6d15ece489,broad,00AD,single,,kindly,ki­ndly,"URGENT, ASSISTANCE, contact","UR­GENT, AS­SISTANCE, co­ntact"
00235.45b5f386cf62b5865d9d4440d8b78aab,00235__salted__broad__cp200B__single.45b5f386cf62b5865d9d4440d8b78aab,broad,200B,single,,desk,de​sk,"NIGERIA, LAGOS, DESK","NI​GERIA, LA​GOS, DE​SK"
00235.45b5f386cf62b5865d9d4440d8b78aab,00235__salted__broad__cp200C__single.45b5f386cf62b5865d9d4440d8b78aab,broad,200C,single,,desk,de‌sk,"NIGERIA, LAGOS, DESK","NI‌GERIA, LA‌GOS, DE‌SK"
00235.45b5f386cf62b5865d9d4440d8b78aab,00235__salted__broad__cp200D__single.45b5f386cf62b5865d9d4440d8b78aab,broad,200D,single,,desk,de‍sk,"NIGERIA, LAGOS, DESK","NI‍GERIA, LA‍GOS, DE‍SK"
00235.45b5f386cf62b5865d9d4440d8b78aab,00235__salted__broad__cp00AD__single.45b5f386cf62b5865d9d4440d8b78aab,broad,00AD,single,,desk,de­sk,"NIGERIA, LAGOS, DESK","NI­GERIA, LA­GOS, DE­SK"
00236.2772a068fff32e2f8d7f8a94bd9280cd,00236__salted__broad__cp200B__single.2772a068fff32e2f8d7f8a94bd9280cd,broad,200B,single,,,,"Dear, wish, prices","De​ar, wi​sh, pr​ices"
00236.2772a068fff32e2f8d7f8a94bd9280cd,00236__salted__broad__cp200C__single.2772a068fff32e2f8d7f8a94bd9280cd,broad,200C,single,,,,"Dear, wish, prices","De‌ar, wi‌sh, pr‌ices"
00236.2772a068fff32e2f8d7f8a94bd9280cd,00236__salted__broad__cp200D__single.2772a068fff32e2f8d7f8a94bd9280cd,broad,200D,single,,,,"Dear, wish, prices","De‍ar, wi‍sh, pr‍ices"
00236.2772a068fff32e2f8d7f8a94bd9280cd,00236__salted__broad__cp00AD__single.2772a068fff32e2f8d7f8a94bd9280cd,broad,00AD,single,,,,"Dear, wish, prices","De­ar, wi­sh, pr­ices"
00237.0faf46ae2bfab24f0464c4a1a0425659,00237__salted__broad__cp200B__single.0faf46ae2bfab24f0464c4a1a0425659,broad,200B,single,,,,"emails, strongly, enemies","em​ails, st​rongly, en​emies"
00237.0faf46ae2bfab24f0464c4a1a0425659,00237__salted__broad__cp200C__single.0faf46ae2bfab24f0464c4a1a0425659,broad,200C,single,,,,"emails, strongly, enemies","em‌ails, st‌rongly, en‌emies"
00237.0faf46ae2bfab24f0464c4a1a0425659,00237__salted__broad__cp200D__single.0faf46ae2bfab24f0464c4a1a0425659,broad,200D,single,,,,"emails, strongly, enemies","em‍ails, st‍rongly, en‍emies"
00237.0faf46ae2bfab24f0464c4a1a0425659,00237__salted__broad__cp00AD__single.0faf46ae2bfab24f0464c4a1a0425659,broad,00AD,single,,,,"emails, strongly, enemies","em­ails, st­rongly, en­emies"
00238.1bc0944812aa14bc789ff565710dc0b5,00238__salted__broad__cp200B__single.1bc0944812aa14bc789ff565710dc0b5,broad,200B,single,,URGENT,UR​GENT,"BANK, LAGOS, DEAR","BA​NK, LA​GOS, DE​AR"
00238.1bc0944812aa14bc789ff565710dc0b5,00238__salted__broad__cp200C__single.1bc0944812aa14bc789ff565710dc0b5,broad,200C,single,,URGENT,UR‌GENT,"BANK, LAGOS, DEAR","BA‌NK, LA‌GOS, DE‌AR"
00238.1bc0944812aa14bc789ff565710dc0b5,00238__salted__broad__cp200D__single.1bc0944812aa14bc789ff565710dc0b5,broad,200D,single,,URGENT,UR‍GENT,"BANK, LAGOS, DEAR","BA‍NK, LA‍GOS, DE‍AR"
00238.1bc0944812aa14bc789ff565710dc0b5,00238__salted__broad__cp00AD__single.1bc0944812aa14bc789ff565710dc0b5,broad,00AD,single,,URGENT,UR­GENT,"BANK, LAGOS, DEAR","BA­NK, LA­GOS, DE­AR"
00238.e3e16467d10137fa9a99b1701d76ae94,00238__salted__broad__cp200B__single.e3e16467d10137fa9a99b1701d76ae94,broad,200B,single,,Commissions,Co​mmissions,"cash, commissions, commissions","ca​sh, co​mmissions, co​mmissions"
00238.e3e16467d10137fa9a99b1701d76ae94,00238__salted__broad__cp200C__single.e3e16467d10137fa9a99b1701d76ae94,broad,200C,single,,Commissions,Co‌mmissions,"cash, commissions, commissions","ca‌sh, co‌mmissions, co‌mmissions"
00238.e3e16467d10137fa9a99b1701d76ae94,00238__salted__broad__cp200D__single.e3e16467d10137fa9a99b1701d76ae94,broad,200D,single,,Commissions,Co‍mmissions,"cash, commissions, commissions","ca‍sh, co‍mmissions, co‍mmissions"
00238.e3e16467d10137fa9a99b1701d76ae94,00238__salted__broad__cp00AD__single.e3e16467d10137fa9a99b1701d76ae94,broad,00AD,single,,Commissions,Co­mmissions,"cash, commissions, commissions","ca­sh, co­mmissions, co­mmissions"
00239.91d2d5c0e8827c4a42cb24733a0859fa,00239__salted__broad__cp200B__single.91d2d5c0e8827c4a42cb24733a0859fa,broad,200B,single,,,,"URGENT, Dear, Sir","UR​GENT, De​ar, Si​r"
00239.91d2d5c0e8827c4a42cb24733a0859fa,00239__salted__broad__cp200C__single.91d2d5c0e8827c4a42cb24733a0859fa,broad,200C,single,,,,"URGENT, Dear, Sir","UR‌GENT, De‌ar, Si‌r"
00239.91d2d5c0e8827c4a42cb24733a0859fa,00239__salted__broad__cp200D__single.91d2d5c0e8827c4a42cb24733a0859fa,broad,200D,single,,,,"URGENT, Dear, Sir","UR‍GENT, De‍ar, Si‍r"
00239.91d2d5c0e8827c4a42cb24733a0859fa,00239__salted__broad__cp00AD__single.91d2d5c0e8827c4a42cb24733a0859fa,broad,00AD,single,,,,"URGENT, Dear, Sir","UR­GENT, De­ar, Si­r"
00240.2ff7f745285653a238214d975859406b,00240__salted__broad__cp200B__single.2ff7f745285653a238214d975859406b,broad,200B,single,,Price,Pr​ice,,
00240.2ff7f745285653a238214d975859406b,00240__salted__broad__cp200C__single.2ff7f745285653a238214d975859406b,broad,200C,single,,Price,Pr‌ice,,
00240.2ff7f745285653a238214d975859406b,00240__salted__broad__cp200D__single.2ff7f745285653a238214d975859406b,broad,200D,single,,Price,Pr‍ice,,
00240.2ff7f745285653a238214d975859406b,00240__salted__broad__cp00AD__single.2ff7f745285653a238214d975859406b,broad,00AD,single,,Price,Pr­ice,,
00240.48e29876af05d3b43e0b6a510a8fc837,00240__salted__broad__cp200B__single.48e29876af05d3b43e0b6a510a8fc837,broad,200B,single,,marketing,ma​rketing,,
00240.48e29876af05d3b43e0b6a510a8fc837,00240__salted__broad__cp200C__single.48e29876af05d3b43e0b6a510a8fc837,broad,200C,single,,marketing,ma‌rketing,,
00240.48e29876af05d3b43e0b6a510a8fc837,00240__salted__broad__cp200D__single.48e29876af05d3b43e0b6a510a8fc837,broad,200D,single,,marketing,ma‍rketing,,
00240.48e29876af05d3b43e0b6a510a8fc837,00240__salted__broad__cp00AD__single.48e29876af05d3b43e0b6a510a8fc837,broad,00AD,single,,marketing,ma­rketing,,
00241.490af8faa6e4b94e0affed327e670dae,00241__salted__broad__cp200B__single.490af8faa6e4b94e0affed327e670dae,broad,200B,single,,HGH,HG​H,,
00241.490af8faa6e4b94e0affed327e670dae,00241__salted__broad__cp200C__single.490af8faa6e4b94e0affed327e670dae,broad,200C,single,,HGH,HG‌H,,
00241.490af8faa6e4b94e0affed327e670dae,00241__salted__broad__cp200D__single.490af8faa6e4b94e0affed327e670dae,broad,200D,single,,HGH,HG‍H,,
00241.490af8faa6e4b94e0affed327e670dae,00241__salted__broad__cp00AD__single.490af8faa6e4b94e0affed327e670dae,broad,00AD,single,,HGH,HG­H,,
00241.c28ade5771085a8fddd054a219566b7c,00241__salted__broad__cp200B__single.c28ade5771085a8fddd054a219566b7c,broad,200B,single,,,,"discount, prices, exciting","di​scount, pr​ices, ex​citing"
00241.c28ade5771085a8fddd054a219566b7c,00241__salted__broad__cp200C__single.c28ade5771085a8fddd054a219566b7c,broad,200C,single,,,,"discount, prices, exciting","di‌scount, pr‌ices, ex‌citing"
00241.c28ade5771085a8fddd054a219566b7c,00241__salted__broad__cp200D__single.c28ade5771085a8fddd054a219566b7c,broad,200D,single,,,,"discount, prices, exciting","di‍scount, pr‍ices, ex‍citing"
00241.c28ade5771085a8fddd054a219566b7c,00241__salted__broad__cp00AD__single.c28ade5771085a8fddd054a219566b7c,broad,00AD,single,,,,"discount, prices, exciting","di­scount, pr­ices, ex­citing"
00242.745749df8cd0da174fd64afc55db4222,00242__salted__broad__cp200B__single.745749df8cd0da174fd64afc55db4222,broad,200B,single,,Annuity,An​nuity,"Rates, Guaranteed, Income","Ra​tes, Gu​aranteed, In​come"
00242.745749df8cd0da174fd64afc55db4222,00242__salted__broad__cp200C__single.745749df8cd0da174fd64afc55db4222,broad,200C,single,,Annuity,An‌nuity,"Rates, Guaranteed, Income","Ra‌tes, Gu‌aranteed, In‌come"
00242.745749df8cd0da174fd64afc55db4222,00242__salted__broad__cp200D__single.745749df8cd0da174fd64afc55db4222,broad,200D,single,,Annuity,An‍nuity,"Rates, Guaranteed, Income","Ra‍tes, Gu‍aranteed, In‍come"
00242.745749df8cd0da174fd64afc55db4222,00242__salted__broad__cp00AD__single.745749df8cd0da174fd64afc55db4222,broad,00AD,single,,Annuity,An­nuity,"Rates, Guaranteed, Income","Ra­tes, Gu­aranteed, In­come"
00242.e030c8b1f053037aeffb062f3a34b523,00242__salted__broad__cp200B__single.e030c8b1f053037aeffb062f3a34b523,broad,200B,single,,Price,Pr​ice,,
00242.e030c8b1f053037aeffb062f3a34b523,00242__salted__broad__cp200C__single.e030c8b1f053037aeffb062f3a34b523,broad,200C,single,,Price,Pr‌ice,,
00242.e030c8b1f053037aeffb062f3a34b523,00242__salted__broad__cp200D__single.e030c8b1f053037aeffb062f3a34b523,broad,200D,single,,Price,Pr‍ice,,
00242.e030c8b1f053037aeffb062f3a34b523,00242__salted__broad__cp00AD__single.e030c8b1f053037aeffb062f3a34b523,broad,00AD,single,,Price,Pr­ice,,
00245.9d608575062cc3d6368078006d20f61b,00245__salted__broad__cp200B__single.9d608575062cc3d6368078006d20f61b,broad,200B,single,,,,"URGENT, ASSISTANCE, contact","UR​GENT, AS​SISTANCE, co​ntact"
00245.9d608575062cc3d6368078006d20f61b,00245__salted__broad__cp200C__single.9d608575062cc3d6368078006d20f61b,broad,200C,single,,,,"URGENT, ASSISTANCE, contact","UR‌GENT, AS‌SISTANCE, co‌ntact"
00245.9d608575062cc3d6368078006d20f61b,00245__salted__broad__cp200D__single.9d608575062cc3d6368078006d20f61b,broad,200D,single,,,,"URGENT, ASSISTANCE, contact","UR‍GENT, AS‍SISTANCE, co‍ntact"
00245.9d608575062cc3d6368078006d20f61b,00245__salted__broad__cp00AD__single.9d608575062cc3d6368078006d20f61b,broad,00AD,single,,,,"URGENT, ASSISTANCE, contact","UR­GENT, AS­SISTANCE, co­ntact"
00247.4f7c67c9792706fa90fe218d4b092b7a,00247__salted__broad__cp200B__single.4f7c67c9792706fa90fe218d4b092b7a,broad,200B,single,,URGENT,UR​GENT,"AFRICA, URGENT, PROPOSAL","AF​RICA, UR​GENT, PR​OPOSAL"
00247.4f7c67c9792706fa90fe218d4b092b7a,00247__salted__broad__cp200C__single.4f7c67c9792706fa90fe218d4b092b7a,broad,200C,single,,URGENT,UR‌GENT,"AFRICA, URGENT, PROPOSAL","AF‌RICA, UR‌GENT, PR‌OPOSAL"
00247.4f7c67c9792706fa90fe218d4b092b7a,00247__salted__broad__cp200D__single.4f7c67c9792706fa90fe218d4b092b7a,broad,200D,single,,URGENT,UR‍GENT,"AFRICA, URGENT, PROPOSAL","AF‍RICA, UR‍GENT, PR‍OPOSAL"
00247.4f7c67c9792706fa90fe218d4b092b7a,00247__salted__broad__cp00AD__single.4f7c67c9792706fa90fe218d4b092b7a,broad,00AD,single,,URGENT,UR­GENT,"AFRICA, URGENT, PROPOSAL","AF­RICA, UR­GENT, PR­OPOSAL"
00247.df14a81cd82cf37e4a125dba41ca21e1,00247__salted__broad__cp200B__single.df14a81cd82cf37e4a125dba41ca21e1,broad,200B,single,,ADV,AD​V,,
00247.df14a81cd82cf37e4a125dba41ca21e1,00247__salted__broad__cp200C__single.df14a81cd82cf37e4a125dba41ca21e1,broad,200C,single,,ADV,AD‌V,,
00247.df14a81cd82cf37e4a125dba41ca21e1,00247__salted__broad__cp200D__single.df14a81cd82cf37e4a125dba41ca21e1,broad,200D,single,,ADV,AD‍V,,
00247.df14a81cd82cf37e4a125dba41ca21e1,00247__salted__broad__cp00AD__single.df14a81cd82cf37e4a125dba41ca21e1,broad,00AD,single,,ADV,AD­V,,
00249.b6cad7860d56d8265155580a7c80457d,00249__salted__broad__cp200B__single.b6cad7860d56d8265155580a7c80457d,broad,200B,single,,,,"Click, remove","Cl​ick, re​move"
00249.b6cad7860d56d8265155580a7c80457d,00249__salted__broad__cp200C__single.b6cad7860d56d8265155580a7c80457d,broad,200C,single,,,,"Click, remove","Cl‌ick, re‌move"
00249.b6cad7860d56d8265155580a7c80457d,00249__salted__broad__cp200D__single.b6cad7860d56d8265155580a7c80457d,broad,200D,single,,,,"Click, remove","Cl‍ick, re‍move"
00249.b6cad7860d56d8265155580a7c80457d,00249__salted__broad__cp00AD__single.b6cad7860d56d8265155580a7c80457d,broad,00AD,single,,,,"Click, remove","Cl­ick, re­move"
00250.32279787338af8a5de4cfbc0b837718e,00250__salted__broad__cp200B__single.32279787338af8a5de4cfbc0b837718e,broad,200B,single,,secret,se​cret,"dollars, dollars, investment","do​llars, do​llars, in​vestment"
00250.32279787338af8a5de4cfbc0b837718e,00250__salted__broad__cp200C__single.32279787338af8a5de4cfbc0b837718e,broad,200C,single,,secret,se‌cret,"dollars, dollars, investment","do‌llars, do‌llars, in‌vestment"
00250.32279787338af8a5de4cfbc0b837718e,00250__salted__broad__cp200D__single.32279787338af8a5de4cfbc0b837718e,broad,200D,single,,secret,se‍cret,"dollars, dollars, investment","do‍llars, do‍llars, in‍vestment"
00250.32279787338af8a5de4cfbc0b837718e,00250__salted__broad__cp00AD__single.32279787338af8a5de4cfbc0b837718e,broad,00AD,single,,secret,se­cret,"dollars, dollars, investment","do­llars, do­llars, in­vestment"
00250.ae302eda2386979f6ac6bfff9e9f7137,00250__salted__broad__cp200B__single.ae302eda2386979f6ac6bfff9e9f7137,broad,200B,single,,Viagra,Vi​agra,,
00250.ae302eda2386979f6ac6bfff9e9f7137,00250__salted__broad__cp200C__single.ae302eda2386979f6ac6bfff9e9f7137,broad,200C,single,,Viagra,Vi‌agra,,
00250.ae302eda2386979f6ac6bfff9e9f7137,00250__salted__broad__cp200D__single.ae302eda2386979f6ac6bfff9e9f7137,broad,200D,single,,Viagra,Vi‍agra,,
00250.ae302eda2386979f6ac6bfff9e9f7137,00250__salted__broad__cp00AD__single.ae302eda2386979f6ac6bfff9e9f7137,broad,00AD,single,,Viagra,Vi­agra,,
00251.2ca1d22841d472917231911f63572dfd,00251__salted__broad__cp200B__single.2ca1d22841d472917231911f63572dfd,broad,200B,single,,advertising,ad​vertising,,
00251.2ca1d22841d472917231911f63572dfd,00251__salted__broad__cp200C__single.2ca1d22841d472917231911f63572dfd,broad,200C,single,,advertising,ad‌vertising,,
00251.2ca1d22841d472917231911f63572dfd,00251__salted__broad__cp200D__single.2ca1d22841d472917231911f63572dfd,broad,200D,single,,advertising,ad‍vertising,,
00251.2ca1d22841d472917231911f63572dfd,00251__salted__broad__cp00AD__single.2ca1d22841d472917231911f63572dfd,broad,00AD,single,,advertising,ad­vertising,,
00252.3b352c8a7266026be4f1c1ba89690cfc,00252__salted__broad__cp200B__single.3b352c8a7266026be4f1c1ba89690cfc,broad,200B,single,,,,"smoking, products, offer","sm​oking, pr​oducts, of​fer"
00252.3b352c8a7266026be4f1c1ba89690cfc,00252__salted__broad__cp200C__single.3b352c8a7266026be4f1c1ba89690cfc,broad,200C,single,,,,"smoking, products, offer","sm‌oking, pr‌oducts, of‌fer"
00252.3b352c8a7266026be4f1c1ba89690cfc,00252__salted__broad__cp200D__single.3b352c8a7266026be4f1c1ba89690cfc,broad,200D,single,,,,"smoking, products, offer","sm‍oking, pr‍oducts, of‍fer"
00252.3b352c8a7266026be4f1c1ba89690cfc,00252__salted__broad__cp00AD__single.3b352c8a7266026be4f1c1ba89690cfc,broad,00AD,single,,,,"smoking, products, offer","sm­oking, pr­oducts, of­fer"
00253.83b95b05e275286eddcf557ea581e754,00253__salted__broad__cp200B__single.83b95b05e275286eddcf557ea581e754,broad,200B,single,,MARKETING,MA​RKETING,"marketing, MLM, marketing","ma​rketing, ML​M, ma​rketing"
00253.83b95b05e275286eddcf557ea581e754,00253__salted__broad__cp200C__single.83b95b05e275286eddcf557ea581e754,broad,200C,single,,MARKETING,MA‌RKETING,"marketing, MLM, marketing","ma‌rketing, ML‌M, ma‌rketing"
00253.83b95b05e275286eddcf557ea581e754,00253__salted__broad__cp200D__single.83b95b05e275286eddcf557ea581e754,broad,200D,single,,MARKETING,MA‍RKETING,"marketing, MLM, marketing","ma‍rketing, ML‍M, ma‍rketing"
00253.83b95b05e275286eddcf557ea581e754,00253__salted__broad__cp00AD__single.83b95b05e275286eddcf557ea581e754,broad,00AD,single,,MARKETING,MA­RKETING,"marketing, MLM, marketing","ma­rketing, ML­M, ma­rketing"
00253.bd8e0dd85f0f848be89aadbf6d6364dc,00253__salted__broad__cp200B__single.bd8e0dd85f0f848be89aadbf6d6364dc,broad,200B,single,,bills,bi​lls,,
00253.bd8e0dd85f0f848be89aadbf6d6364dc,00253__salted__broad__cp200C__single.bd8e0dd85f0f848be89aadbf6d6364dc,broad,200C,single,,bills,bi‌lls,,
00253.bd8e0dd85f0f848be89aadbf6d6364dc,00253__salted__broad__cp200D__single.bd8e0dd85f0f848be89aadbf6d6364dc,broad,200D,single,,bills,bi‍lls,,
00253.bd8e0dd85f0f848be89aadbf6d6364dc,00253__salted__broad__cp00AD__single.bd8e0dd85f0f848be89aadbf6d6364dc,broad,00AD,single,,bills,bi­lls,,
00254.e3e30f2b37ef8db36aa652bb3e563b61,00254__salted__broad__cp200B__single.e3e30f2b37ef8db36aa652bb3e563b61,broad,200B,single,,,,"dollars, dollars, investment","do​llars, do​llars, in​vestment"
00254.e3e30f2b37ef8db36aa652bb3e563b61,00254__salted__broad__cp200C__single.e3e30f2b37ef8db36aa652bb3e563b61,broad,200C,single,,,,"dollars, dollars, investment","do‌llars, do‌llars, in‌vestment"
00254.e3e30f2b37ef8db36aa652bb3e563b61,00254__salted__broad__cp200D__single.e3e30f2b37ef8db36aa652bb3e563b61,broad,200D,single,,,,"dollars, dollars, investment","do‍llars, do‍llars, in‍vestment"
00254.e3e30f2b37ef8db36aa652bb3e563b61,00254__salted__broad__cp00AD__single.e3e30f2b37ef8db36aa652bb3e563b61,broad,00AD,single,,,,"dollars, dollars, investment","do­llars, do­llars, in­vestment"
00255.aeff2fdf2ba6b8b49686df3575859a48,00255__salted__broad__cp200B__single.aeff2fdf2ba6b8b49686df3575859a48,broad,200B,single,,Earn,Ea​rn,"dollars, dollars, investment","do​llars, do​llars, in​vestment"
00255.aeff2fdf2ba6b8b49686df3575859a48,00255__salted__broad__cp200C__single.aeff2fdf2ba6b8b49686df3575859a48,broad,200C,single,,Earn,Ea‌rn,"dollars, dollars, investment","do‌llars, do‌llars, in‌vestment"
00255.aeff2fdf2ba6b8b49686df3575859a48,00255__salted__broad__cp200D__single.aeff2fdf2ba6b8b49686df3575859a48,broad,200D,single,,Earn,Ea‍rn,"dollars, dollars, investment","do‍llars, do‍llars, in‍vestment"
00255.aeff2fdf2ba6b8b49686df3575859a48,00255__salted__broad__cp00AD__single.aeff2fdf2ba6b8b49686df3575859a48,broad,00AD,single,,Earn,Ea­rn,"dollars, dollars, investment","do­llars, do­llars, in­vestment"
00255.f66ad62d19d3e76217eff77eff4eeea2,00255__salted__broad__cp200B__single.f66ad62d19d3e76217eff77eff4eeea2,broad,200B,single,,merchant,me​rchant,,
00255.f66ad62d19d3e76217eff77eff4eeea2,00255__salted__broad__cp200C__single.f66ad62d19d3e76217eff77eff4eeea2,broad,200C,single,,merchant,me‌rchant,,
00255.f66ad62d19d3e76217eff77eff4eeea2,00255__salted__broad__cp200D__single.f66ad62d19d3e76217eff77eff4eeea2,broad,200D,single,,merchant,me‍rchant,,
00255.f66ad62d19d3e76217eff77eff4eeea2,00255__salted__broad__cp00AD__single.f66ad62d19d3e76217eff77eff4eeea2,broad,00AD,single,,merchant,me­rchant,,
00256.ea7bc226396ae0cc08004265b5c2eb02,00256__salted__broad__cp200B__single.ea7bc226396ae0cc08004265b5c2eb02,broad,200B,single,,,,"leads, leads, Insurance","le​ads, le​ads, In​surance"
00256.ea7bc226396ae0cc08004265b5c2eb02,00256__salted__broad__cp200C__single.ea7bc226396ae0cc08004265b5c2eb02,broad,200C,single,,,,"leads, leads, Insurance","le‌ads, le‌ads, In‌surance"
00256.ea7bc226396ae0cc08004265b5c2eb02,00256__salted__broad__cp200D__single.ea7bc226396ae0cc08004265b5c2eb02,broad,200D,single,,,,"leads, leads, Insurance","le‍ads, le‍ads, In‍surance"
00256.ea7bc226396ae0cc08004265b5c2eb02,00256__salted__broad__cp00AD__single.ea7bc226396ae0cc08004265b5c2eb02,broad,00AD,single,,,,"leads, leads, Insurance","le­ads, le­ads, In­surance"
00257.5c8ef87f8b11d2515df71a7fe46a70b6,00257__salted__broad__cp200B__single.5c8ef87f8b11d2515df71a7fe46a70b6,broad,200B,single,,Invest,In​vest,"INVEST, Invest, INVEST","IN​VEST, In​vest, IN​VEST"
00257.5c8ef87f8b11d2515df71a7fe46a70b6,00257__salted__broad__cp200C__single.5c8ef87f8b11d2515df71a7fe46a70b6,broad,200C,single,,Invest,In‌vest,"INVEST, Invest, INVEST","IN‌VEST, In‌vest, IN‌VEST"
00257.5c8ef87f8b11d2515df71a7fe46a70b6,00257__salted__broad__cp200D__single.5c8ef87f8b11d2515df71a7fe46a70b6,broad,200D,single,,Invest,In‍vest,"INVEST, Invest, INVEST","IN‍VEST, In‍vest, IN‍VEST"
00257.5c8ef87f8b11d2515df71a7fe46a70b6,00257__salted__broad__cp00AD__single.5c8ef87f8b11d2515df71a7fe46a70b6,broad,00AD,single,,Invest,In­vest,"INVEST, Invest, INVEST","IN­VEST, In­vest, IN­VEST"
00257.96e9617c812f9d9a8ec77c9008e1e960,00257__salted__broad__cp200B__single.96e9617c812f9d9a8ec77c9008e1e960,broad,200B,single,,Prospects,Pr​ospects,"Hundreds, Leads, Prospects","Hu​ndreds, Le​ads, Pr​ospects"
00257.96e9617c812f9d9a8ec77c9008e1e960,00257__salted__broad__cp200C__single.96e9617c812f9d9a8ec77c9008e1e960,broad,200C,single,,Prospects,Pr‌ospects,"Hundreds, Leads, Prospects","Hu‌ndreds, Le‌ads, Pr‌ospects"
00257.96e9617c812f9d9a8ec77c9008e1e960,00257__salted__broad__cp200D__single.96e9617c812f9d9a8ec77c9008e1e960,broad,200D,single,,Prospects,Pr‍ospects,"Hundreds, Leads, Prospects","Hu‍ndreds, Le‍ads, Pr‍ospects"
00257.96e9617c812f9d9a8ec77c9008e1e960,00257__salted__broad__cp00AD__single.96e9617c812f9d9a8ec77c9008e1e960,broad,00AD,single,,Prospects,Pr­ospects,"Hundreds, Leads, Prospects","Hu­ndreds, Le­ads, Pr­ospects"
00258.4af5bde7fabd4e797b85cf95bcbbb45a,00258__salted__broad__cp200B__single.4af5bde7fabd4e797b85cf95bcbbb45a,broad,200B,single,,Invest,In​vest,"INVEST, Invest, INVEST","IN​VEST, In​vest, IN​VEST"
00258.4af5bde7fabd4e797b85cf95bcbbb45a,00258__salted__broad__cp200C__single.4af5bde7fabd4e797b85cf95bcbbb45a,broad,200C,single,,Invest,In‌vest,"INVEST, Invest, INVEST","IN‌VEST, In‌vest, IN‌VEST"
00258.4af5bde7fabd4e797b85cf95bcbbb45a,00258__salted__broad__cp200D__single.4af5bde7fabd4e797b85cf95bcbbb45a,broad,200D,single,,Invest,In‍vest,"INVEST, Invest, INVEST","IN‍VEST, In‍vest, IN‍VEST"
00258.4af5bde7fabd4e797b85cf95bcbbb45a,00258__salted__broad__cp00AD__single.4af5bde7fabd4e797b85cf95bcbbb45a,broad,00AD,single,,Invest,In­vest,"INVEST, Invest, INVEST","IN­VEST, In­vest, IN­VEST"
00262.678598cbe253f19239da03b65dac7392,00262__salted__broad__cp200B__single.678598cbe253f19239da03b65dac7392,broad,200B,single,,Skills,Sk​ills,"skills, comprehensive, RISK","sk​ills, co​mprehensive, RI​SK"
00262.678598cbe253f19239da03b65dac7392,00262__salted__broad__cp200C__single.678598cbe253f19239da03b65dac7392,broad,200C,single,,Skills,Sk‌ills,"skills, comprehensive, RISK","sk‌ills, co‌mprehensive, RI‌SK"
00262.678598cbe253f19239da03b65dac7392,00262__salted__broad__cp200D__single.678598cbe253f19239da03b65dac7392,broad,200D,single,,Skills,Sk‍ills,"skills, comprehensive, RISK","sk‍ills, co‍mprehensive, RI‍SK"
00262.678598cbe253f19239da03b65dac7392,00262__salted__broad__cp00AD__single.678598cbe253f19239da03b65dac7392,broad,00AD,single,,Skills,Sk­ills,"skills, comprehensive, RISK","sk­ills, co­mprehensive, RI­SK"
00264.8fae38cbbed6a43b40e83aa8496018e4,00264__salted__broad__cp200B__single.8fae38cbbed6a43b40e83aa8496018e4,broad,200B,single,,Mortgage,Mo​rtgage,"refinance, mortgage, compete","re​finance, mo​rtgage, co​mpete"
00264.8fae38cbbed6a43b40e83aa8496018e4,00264__salted__broad__cp200C__single.8fae38cbbed6a43b40e83aa8496018e4,broad,200C,single,,Mortgage,Mo‌rtgage,"refinance, mortgage, compete","re‌finance, mo‌rtgage, co‌mpete"
00264.8fae38cbbed6a43b40e83aa8496018e4,00264__salted__broad__cp200D__single.8fae38cbbed6a43b40e83aa8496018e4,broad,200D,single,,Mortgage,Mo‍rtgage,"refinance, mortgage, compete","re‍finance, mo‍rtgage, co‍mpete"
00264.8fae38cbbed6a43b40e83aa8496018e4,00264__salted__broad__cp00AD__single.8fae38cbbed6a43b40e83aa8496018e4,broad,00AD,single,,Mortgage,Mo­rtgage,"refinance, mortgage, compete","re­finance, mo­rtgage, co­mpete"
00265.d2acd28cf29d90c9b7a1297b219187b3,00265__salted__broad__cp200B__single.d2acd28cf29d90c9b7a1297b219187b3,broad,200B,single,,Insurance,In​surance,"Insurance, Insurance, products","In​surance, In​surance, pr​oducts"
00265.d2acd28cf29d90c9b7a1297b219187b3,00265__salted__broad__cp200C__single.d2acd28cf29d90c9b7a1297b219187b3,broad,200C,single,,Insurance,In‌surance,"Insurance, Insurance, products","In‌surance, In‌surance, pr‌oducts"
00265.d2acd28cf29d90c9b7a1297b219187b3,00265__salted__broad__cp200D__single.d2acd28cf29d90c9b7a1297b219187b3,broad,200D,single,,Insurance,In‍surance,"Insurance, Insurance, products","In‍surance, In‍surance, pr‍oducts"
00265.d2acd28cf29d90c9b7a1297b219187b3,00265__salted__broad__cp00AD__single.d2acd28cf29d90c9b7a1297b219187b3,broad,00AD,single,,Insurance,In­surance,"Insurance, Insurance, products","In­surance, In­surance, pr­oducts"
00266.3cf1dcf8df07100b1530493e11f80a25,00266__salted__broad__cp200B__single.3cf1dcf8df07100b1530493e11f80a25,broad,200B,single,,Rates,Ra​tes,,
00266.3cf1dcf8df07100b1530493e11f80a25,00266__salted__broad__cp200C__single.3cf1dcf8df07100b1530493e11f80a25,broad,200C,single,,Rates,Ra‌tes,,
00266.3cf1dcf8df07100b1530493e11f80a25,00266__salted__broad__cp200D__single.3cf1dcf8df07100b1530493e11f80a25,broad,200D,single,,Rates,Ra‍tes,,
00266.3cf1dcf8df07100b1530493e11f80a25,00266__salted__broad__cp00AD__single.3cf1dcf8df07100b1530493e11f80a25,broad,00AD,single,,Rates,Ra­tes,,
00267.ef433fb350170f28a1567cbc24900e53,00267__salted__broad__cp200B__single.ef433fb350170f28a1567cbc24900e53,broad,200B,single,,urgent,ur​gent,"ATTN, contact, instructions","AT​TN, co​ntact, in​structions"
00267.ef433fb350170f28a1567cbc24900e53,00267__salted__broad__cp200C__single.ef433fb350170f28a1567cbc24900e53,broad,200C,single,,urgent,ur‌gent,"ATTN, contact, instructions","AT‌TN, co‌ntact, in‌structions"
00267.ef433fb350170f28a1567cbc24900e53,00267__salted__broad__cp200D__single.ef433fb350170f28a1567cbc24900e53,broad,200D,single,,urgent,ur‍gent,"ATTN, contact, instructions","AT‍TN, co‍ntact, in‍structions"
00267.ef433fb350170f28a1567cbc24900e53,00267__salted__broad__cp00AD__single.ef433fb350170f28a1567cbc24900e53,broad,00AD,single,,urgent,ur­gent,"ATTN, contact, instructions","AT­TN, co­ntact, in­structions"
00268.a9bc047709bc6362328d3b72998956f2,00268__salted__broad__cp200B__single.a9bc047709bc6362328d3b72998956f2,broad,200B,single,,Insurance,In​surance,,
00268.a9bc047709bc6362328d3b72998956f2,00268__salted__broad__cp200C__single.a9bc047709bc6362328d3b72998956f2,broad,200C,single,,Insurance,In‌surance,,
00268.a9bc047709bc6362328d3b72998956f2,00268__salted__broad__cp200D__single.a9bc047709bc6362328d3b72998956f2,broad,200D,single,,Insurance,In‍surance,,
00268.a9bc047709bc6362328d3b72998956f2,00268__salted__broad__cp00AD__single.a9bc047709bc6362328d3b72998956f2,broad,00AD,single,,Insurance,In­surance,,
00269.456d57b46b4c84fe5057b5cc63620057,00269__salted__broad__cp200B__single.456d57b46b4c84fe5057b5cc63620057,broad,200B,single,,health,he​alth,,
00269.456d57b46b4c84fe5057b5cc63620057,00269__salted__broad__cp200C__single.456d57b46b4c84fe5057b5cc63620057,broad,200C,single,,health,he‌alth,,
00269.456d57b46b4c84fe5057b5cc63620057,00269__salted__broad__cp200D__single.456d57b46b4c84fe5057b5cc63620057,broad,200D,single,,health,he‍alth,,
00269.456d57b46b4c84fe5057b5cc63620057,00269__salted__broad__cp00AD__single.456d57b46b4c84fe5057b5cc63620057,broad,00AD,single,,health,he­alth,,
00269.e85c3ef79a5cf21ee1ef7b8df17760e1,00269__salted__broad__cp200B__single.e85c3ef79a5cf21ee1ef7b8df17760e1,broad,200B,single,,,,"lose, CLICK, CLICK","lo​se, CL​ICK, CL​ICK"
00269.e85c3ef79a5cf21ee1ef7b8df17760e1,00269__salted__broad__cp200C__single.e85c3ef79a5cf21ee1ef7b8df17760e1,broad,200C,single,,,,"lose, CLICK, CLICK","lo‌se, CL‌ICK, CL‌ICK"
00269.e85c3ef79a5cf21ee1ef7b8df17760e1,00269__salted__broad__cp200D__single.e85c3ef79a5cf21ee1ef7b8df17760e1,broad,200D,single,,,,"lose, CLICK, CLICK","lo‍se, CL‍ICK, CL‍ICK"
00269.e85c3ef79a5cf21ee1ef7b8df17760e1,00269__salted__broad__cp00AD__single.e85c3ef79a5cf21ee1ef7b8df17760e1,broad,00AD,single,,,,"lose, CLICK, CLICK","lo­se, CL­ICK, CL­ICK"
00270.5dcd9ce3be2992222b9038d7bf75a23a,00270__salted__broad__cp200B__single.5dcd9ce3be2992222b9038d7bf75a23a,broad,200B,single,,,,"Dear, Nigeria, sales","De​ar, Ni​geria, sa​les"
00270.5dcd9ce3be2992222b9038d7bf75a23a,00270__salted__broad__cp200C__single.5dcd9ce3be2992222b9038d7bf75a23a,broad,200C,single,,,,"Dear, Nigeria, sales","De‌ar, Ni‌geria, sa‌les"
00270.5dcd9ce3be2992222b9038d7bf75a23a,00270__salted__broad__cp200D__single.5dcd9ce3be2992222b9038d7bf75a23a,broad,200D,single,,,,"Dear, Nigeria, sales","De‍ar, Ni‍geria, sa‍les"
00270.5dcd9ce3be2992222b9038d7bf75a23a,00270__salted__broad__cp00AD__single.5dcd9ce3be2992222b9038d7bf75a23a,broad,00AD,single,,,,"Dear, Nigeria, sales","De­ar, Ni­geria, sa­les"
00272.8353b9140b08dab4be0e8ce53f09172b,00272__salted__broad__cp200B__single.8353b9140b08dab4be0e8ce53f09172b,broad,200B,single,,WHOLESALE,WH​OLESALE,"wholesale, SHIPPING, Mailed","wh​olesale, SH​IPPING, Ma​iled"
00272.8353b9140b08dab4be0e8ce53f09172b,00272__salted__broad__cp200C__single.8353b9140b08dab4be0e8ce53f09172b,broad,200C,single,,WHOLESALE,WH‌OLESALE,"wholesale, SHIPPING, Mailed","wh‌olesale, SH‌IPPING, Ma‌iled"
00272.8353b9140b08dab4be0e8ce53f09172b,00272__salted__broad__cp200D__single.8353b9140b08dab4be0e8ce53f09172b,broad,200D,single,,WHOLESALE,WH‍OLESALE,"wholesale, SHIPPING, Mailed","wh‍olesale, SH‍IPPING, Ma‍iled"
00272.8353b9140b08dab4be0e8ce53f09172b,00272__salted__broad__cp00AD__single.8353b9140b08dab4be0e8ce53f09172b,broad,00AD,single,,WHOLESALE,WH­OLESALE,"wholesale, SHIPPING, Mailed","wh­olesale, SH­IPPING, Ma­iled"
00272.ff93eff2b9f05ba28efa69d72d78ede2,00272__salted__broad__cp200B__single.ff93eff2b9f05ba28efa69d72d78ede2,broad,200B,single,,ADV,AD​V,,
00272.ff93eff2b9f05ba28efa69d72d78ede2,00272__salted__broad__cp200C__single.ff93eff2b9f05ba28efa69d72d78ede2,broad,200C,single,,ADV,AD‌V,,
00272.ff93eff2b9f05ba28efa69d72d78ede2,00272__salted__broad__cp200D__single.ff93eff2b9f05ba28efa69d72d78ede2,broad,200D,single,,ADV,AD‍V,,
00272.ff93eff2b9f05ba28efa69d72d78ede2,00272__salted__broad__cp00AD__single.ff93eff2b9f05ba28efa69d72d78ede2,broad,00AD,single,,ADV,AD­V,,
00273.0c7d73771d79e84e2aab8c909c5bb210,00273__salted__broad__cp200B__single.0c7d73771d79e84e2aab8c909c5bb210,broad,200B,single,,,,"Insurance, Affordable, Rates","In​surance, Af​fordable, Ra​tes"
00273.0c7d73771d79e84e2aab8c909c5bb210,00273__salted__broad__cp200C__single.0c7d73771d79e84e2aab8c909c5bb210,broad,200C,single,,,,"Insurance, Affordable, Rates","In‌surance, Af‌fordable, Ra‌tes"
00273.0c7d73771d79e84e2aab8c909c5bb210,00273__salted__broad__cp200D__single.0c7d73771d79e84e2aab8c909c5bb210,broad,200D,single,,,,"Insurance, Affordable, Rates","In‍surance, Af‍fordable, Ra‍tes"
00273.0c7d73771d79e84e2aab8c909c5bb210,00273__salted__broad__cp00AD__single.0c7d73771d79e84e2aab8c909c5bb210,broad,00AD,single,,,,"Insurance, Affordable, Rates","In­surance, Af­fordable, Ra­tes"
00273.c832f32bbe447980ad0095b772343563,00273__salted__broad__cp200B__single.c832f32bbe447980ad0095b772343563,broad,200B,single,,ADV,AD​V,,
00273.c832f32bbe447980ad0095b772343563,00273__salted__broad__cp200C__single.c832f32bbe447980ad0095b772343563,broad,200C,single,,ADV,AD‌V,,
00273.c832f32bbe447980ad0095b772343563,00273__salted__broad__cp200D__single.c832f32bbe447980ad0095b772343563,broad,200D,single,,ADV,AD‍V,,
00273.c832f32bbe447980ad0095b772343563,00273__salted__broad__cp00AD__single.c832f32bbe447980ad0095b772343563,broad,00AD,single,,ADV,AD­V,,
00274.192bd3848a65302344dff2d7c0d3f08a,00274__salted__broad__cp200B__single.192bd3848a65302344dff2d7c0d3f08a,broad,200B,single,,shipping,sh​ipping,"approved, prescription, medical","ap​proved, pr​escription, me​dical"
00274.192bd3848a65302344dff2d7c0d3f08a,00274__salted__broad__cp200C__single.192bd3848a65302344dff2d7c0d3f08a,broad,200C,single,,shipping,sh‌ipping,"approved, prescription, medical","ap‌proved, pr‌escription, me‌dical"
00274.192bd3848a65302344dff2d7c0d3f08a,00274__salted__broad__cp200D__single.192bd3848a65302344dff2d7c0d3f08a,broad,200D,single,,shipping,sh‍ipping,"approved, prescription, medical","ap‍proved, pr‍escription, me‍dical"
00274.192bd3848a65302344dff2d7c0d3f08a,00274__salted__broad__cp00AD__single.192bd3848a65302344dff2d7c0d3f08a,broad,00AD,single,,shipping,sh­ipping,"approved, prescription, medical","ap­proved, pr­escription, me­dical"
00275.4675c4cce2bf27adaafeef693d562f8b,00275__salted__broad__cp200B__single.4675c4cce2bf27adaafeef693d562f8b,broad,200B,single,,SYSTEMWORKS,SY​STEMWORKS,"SystemWorks, Professional, Price","Sy​stemWorks, Pr​ofessional, Pr​ice"
00275.4675c4cce2bf27adaafeef693d562f8b,00275__salted__broad__cp200C__single.4675c4cce2bf27adaafeef693d562f8b,broad,200C,single,,SYSTEMWORKS,SY‌STEMWORKS,"SystemWorks, Professional, Price","Sy‌stemWorks, Pr‌ofessional, Pr‌ice"
00275.4675c4cce2bf27adaafeef693d562f8b,00275__salted__broad__cp200D__single.4675c4cce2bf27adaafeef693d562f8b,broad,200D,single,,SYSTEMWORKS,SY‍STEMWORKS,"SystemWorks, Professional, Price","Sy‍stemWorks, Pr‍ofessional, Pr‍ice"
00275.4675c4cce2bf27adaafeef693d562f8b,00275__salted__broad__cp00AD__single.4675c4cce2bf27adaafeef693d562f8b,broad,00AD,single,,SYSTEMWORKS,SY­STEMWORKS,"SystemWorks, Professional, Price","Sy­stemWorks, Pr­ofessional, Pr­ice"
00277.64128ce1653bc4e1bde9ffe2f83db557,00277__salted__broad__cp200B__single.64128ce1653bc4e1bde9ffe2f83db557,broad,200B,single,,Insurance,In​surance,"Dear, insurance, insurance","De​ar, in​surance, in​surance"
00277.64128ce1653bc4e1bde9ffe2f83db557,00277__salted__broad__cp200C__single.64128ce1653bc4e1bde9ffe2f83db557,broad,200C,single,,Insurance,In‌surance,"Dear, insurance, insurance","De‌ar, in‌surance, in‌surance"
00277.64128ce1653bc4e1bde9ffe2f83db557,00277__salted__broad__cp200D__single.64128ce1653bc4e1bde9ffe2f83db557,broad,200D,single,,Insurance,In‍surance,"Dear, insurance, insurance","De‍ar, in‍surance, in‍surance"
00277.64128ce1653bc4e1bde9ffe2f83db557,00277__salted__broad__cp00AD__single.64128ce1653bc4e1bde9ffe2f83db557,broad,00AD,single,,Insurance,In­surance,"Dear, insurance, insurance","De­ar, in­surance, in­surance"
00277.feeedd0a9e052b05e350e93ff7889f0a,00277__salted__broad__cp200B__single.feeedd0a9e052b05e350e93ff7889f0a,broad,200B,single,,investment,in​vestment,"Financial, investment, medical","Fi​nancial, in​vestment, me​dical"
00277.feeedd0a9e052b05e350e93ff7889f0a,00277__salted__broad__cp200C__single.feeedd0a9e052b05e350e93ff7889f0a,broad,200C,single,,investment,in‌vestment,"Financial, investment, medical","Fi‌nancial, in‌vestment, me‌dical"
00277.feeedd0a9e052b05e350e93ff7889f0a,00277__salted__broad__cp200D__single.feeedd0a9e052b05e350e93ff7889f0a,broad,200D,single,,investment,in‍vestment,"Financial, investment, medical","Fi‍nancial, in‍vestment, me‍dical"
00277.feeedd0a9e052b05e350e93ff7889f0a,00277__salted__broad__cp00AD__single.feeedd0a9e052b05e350e93ff7889f0a,broad,00AD,single,,investment,in­vestment,"Financial, investment, medical","Fi­nancial, in­vestment, me­dical"
00278.72994f6280bfb4ecaad81592dc31f0d3,00278__salted__broad__cp200B__single.72994f6280bfb4ecaad81592dc31f0d3,broad,200B,single,,,,"million, CASH, INSTRUCTIONS","mi​llion, CA​SH, IN​STRUCTIONS"
00278.72994f6280bfb4ecaad81592dc31f0d3,00278__salted__broad__cp200C__single.72994f6280bfb4ecaad81592dc31f0d3,broad,200C,single,,,,"million, CASH, INSTRUCTIONS","mi‌llion, CA‌SH, IN‌STRUCTIONS"
00278.72994f6280bfb4ecaad81592dc31f0d3,00278__salted__broad__cp200D__single.72994f6280bfb4ecaad81592dc31f0d3,broad,200D,single,,,,"million, CASH, INSTRUCTIONS","mi‍llion, CA‍SH, IN‍STRUCTIONS"
00278.72994f6280bfb4ecaad81592dc31f0d3,00278__salted__broad__cp00AD__single.72994f6280bfb4ecaad81592dc31f0d3,broad,00AD,single,,,,"million, CASH, INSTRUCTIONS","mi­llion, CA­SH, IN­STRUCTIONS"
00278.b62c5fc23a2f87760696cb9fa51f073c,00278__salted__broad__cp200B__single.b62c5fc23a2f87760696cb9fa51f073c,broad,200B,single,,urgent,ur​gent,"City, DEAR, SIR","Ci​ty, DE​AR, SI​R"
00278.b62c5fc23a2f87760696cb9fa51f073c,00278__salted__broad__cp200C__single.b62c5fc23a2f87760696cb9fa51f073c,broad,200C,single,,urgent,ur‌gent,"City, DEAR, SIR","Ci‌ty, DE‌AR, SI‌R"
00278.b62c5fc23a2f87760696cb9fa51f073c,00278__salted__broad__cp200D__single.b62c5fc23a2f87760696cb9fa51f073c,broad,200D,single,,urgent,ur‍gent,"City, DEAR, SIR","Ci‍ty, DE‍AR, SI‍R"
00278.b62c5fc23a2f87760696cb9fa51f073c,00278__salted__broad__cp00AD__single.b62c5fc23a2f87760696cb9fa51f073c,broad,00AD,single,,urgent,ur­gent,"City, DEAR, SIR","Ci­ty, DE­AR, SI­R"
00279.d3516102dd7d49480923c6cf3252a216,00279__salted__broad__cp200B__single.d3516102dd7d49480923c6cf3252a216,broad,200B,single,,investment,in​vestment,"Financial, investment, medical","Fi​nancial, in​vestment, me​dical"
00279.d3516102dd7d49480923c6cf3252a216,00279__salted__broad__cp200C__single.d3516102dd7d49480923c6cf3252a216,broad,200C,single,,investment,in‌vestment,"Financial, investment, medical","Fi‌nancial, in‌vestment, me‌dical"
00279.d3516102dd7d49480923c6cf3252a216,00279__salted__broad__cp200D__single.d3516102dd7d49480923c6cf3252a216,broad,200D,single,,investment,in‍vestment,"Financial, investment, medical","Fi‍nancial, in‍vestment, me‍dical"
00279.d3516102dd7d49480923c6cf3252a216,00279__salted__broad__cp00AD__single.d3516102dd7d49480923c6cf3252a216,broad,00AD,single,,investment,in­vestment,"Financial, investment, medical","Fi­nancial, in­vestment, me­dical"
00280.3432009813aa8a8683c72ad31ce7e0e0,00280__salted__broad__cp200B__single.3432009813aa8a8683c72ad31ce7e0e0,broad,200B,single,,,,"Products, GIFT, Gift","Pr​oducts, GI​FT, Gi​ft"
00280.3432009813aa8a8683c72ad31ce7e0e0,00280__salted__broad__cp200C__single.3432009813aa8a8683c72ad31ce7e0e0,broad,200C,single,,,,"Products, GIFT, Gift","Pr‌oducts, GI‌FT, Gi‌ft"
00280.3432009813aa8a8683c72ad31ce7e0e0,00280__salted__broad__cp200D__single.3432009813aa8a8683c72ad31ce7e0e0,broad,200D,single,,,,"Products, GIFT, Gift","Pr‍oducts, GI‍FT, Gi‍ft"
00280.3432009813aa8a8683c72ad31ce7e0e0,00280__salted__broad__cp00AD__single.3432009813aa8a8683c72ad31ce7e0e0,broad,00AD,single,,,,"Products, GIFT, Gift","Pr­oducts, GI­FT, Gi­ft"
00283.e8e42ee52f919afd2a453983f1256b1d,00283__salted__broad__cp200B__single.e8e42ee52f919afd2a453983f1256b1d,broad,200B,single,,,,"qualified, Financial, Professional","qu​alified, Fi​nancial, Pr​ofessional"
00283.e8e42ee52f919afd2a453983f1256b1d,00283__salted__broad__cp200C__single.e8e42ee52f919afd2a453983f1256b1d,broad,200C,single,,,,"qualified, Financial, Professional","qu‌alified, Fi‌nancial, Pr‌ofessional"
00283.e8e42ee52f919afd2a453983f1256b1d,00283__salted__broad__cp200D__single.e8e42ee52f919afd2a453983f1256b1d,broad,200D,single,,,,"qualified, Financial, Professional","qu‍alified, Fi‍nancial, Pr‍ofessional"
00283.e8e42ee52f919afd2a453983f1256b1d,00283__salted__broad__cp00AD__single.e8e42ee52f919afd2a453983f1256b1d,broad,00AD,single,,,,"qualified, Financial, Professional","qu­alified, Fi­nancial, Pr­ofessional"
00284.4cdf4c9e9404c79c85ab5ac12ce39e85,00284__salted__broad__cp200B__single.4cdf4c9e9404c79c85ab5ac12ce39e85,broad,200B,single,,contact,co​ntact,,
00284.4cdf4c9e9404c79c85ab5ac12ce39e85,00284__salted__broad__cp200C__single.4cdf4c9e9404c79c85ab5ac12ce39e85,broad,200C,single,,contact,co‌ntact,,
00284.4cdf4c9e9404c79c85ab5ac12ce39e85,00284__salted__broad__cp200D__single.4cdf4c9e9404c79c85ab5ac12ce39e85,broad,200D,single,,contact,co‍ntact,,
00284.4cdf4c9e9404c79c85ab5ac12ce39e85,00284__salted__broad__cp00AD__single.4cdf4c9e9404c79c85ab5ac12ce39e85,broad,00AD,single,,contact,co­ntact,,
00286.bb7afce31a747b70cf516e4ef174fd8f,00286__salted__broad__cp200B__single.bb7afce31a747b70cf516e4ef174fd8f,broad,200B,single,,,,"NBC, CBS, CNN","NB​C, CB​S, CN​N"
00286.bb7afce31a747b70cf516e4ef174fd8f,00286__salted__broad__cp200C__single.bb7afce31a747b70cf516e4ef174fd8f,broad,200C,single,,,,"NBC, CBS, CNN","NB‌C, CB‌S, CN‌N"
00286.bb7afce31a747b70cf516e4ef174fd8f,00286__salted__broad__cp200D__single.bb7afce31a747b70cf516e4ef174fd8f,broad,200D,single,,,,"NBC, CBS, CNN","NB‍C, CB‍S, CN‍N"
00286.bb7afce31a747b70cf516e4ef174fd8f,00286__salted__broad__cp00AD__single.bb7afce31a747b70cf516e4ef174fd8f,broad,00AD,single,,,,"NBC, CBS, CNN","NB­C, CB­S, CN­N"
00286.efd0b8f0c9c779b7a0ad93505c9b0bae,00286__salted__broad__cp200B__single.efd0b8f0c9c779b7a0ad93505c9b0bae,broad,200B,single,,Membership,Me​mbership,,
00286.efd0b8f0c9c779b7a0ad93505c9b0bae,00286__salted__broad__cp200C__single.efd0b8f0c9c779b7a0ad93505c9b0bae,broad,200C,single,,Membership,Me‌mbership,,
00286.efd0b8f0c9c779b7a0ad93505c9b0bae,00286__salted__broad__cp200D__single.efd0b8f0c9c779b7a0ad93505c9b0bae,broad,200D,single,,Membership,Me‍mbership,,
00286.efd0b8f0c9c779b7a0ad93505c9b0bae,00286__salted__broad__cp00AD__single.efd0b8f0c9c779b7a0ad93505c9b0bae,broad,00AD,single,,Membership,Me­mbership,,
00287.0d310db88577f69e8c345671d9a8416c,00287__salted__broad__cp200B__single.0d310db88577f69e8c345671d9a8416c,broad,200B,single,,Marketing,Ma​rketing,"Marketing, Million, marketing","Ma​rketing, Mi​llion, ma​rketing"
00287.0d310db88577f69e8c345671d9a8416c,00287__salted__broad__cp200C__single.0d310db88577f69e8c345671d9a8416c,broad,200C,single,,Marketing,Ma‌rketing,"Marketing, Million, marketing","Ma‌rketing, Mi‌llion, ma‌rketing"
00287.0d310db88577f69e8c345671d9a8416c,00287__salted__broad__cp200D__single.0d310db88577f69e8c345671d9a8416c,broad,200D,single,,Marketing,Ma‍rketing,"Marketing, Million, marketing","Ma‍rketing, Mi‍llion, ma‍rketing"
00287.0d310db88577f69e8c345671d9a8416c,00287__salted__broad__cp00AD__single.0d310db88577f69e8c345671d9a8416c,broad,00AD,single,,Marketing,Ma­rketing,"Marketing, Million, marketing","Ma­rketing, Mi­llion, ma­rketing"
00288.e1f7256dd7c447815e6693fd8efea6c9,00288__salted__broad__cp200B__single.e1f7256dd7c447815e6693fd8efea6c9,broad,200B,single,,LEADS,LE​ADS,"offer, prices, prices","of​fer, pr​ices, pr​ices"
00288.e1f7256dd7c447815e6693fd8efea6c9,00288__salted__broad__cp200C__single.e1f7256dd7c447815e6693fd8efea6c9,broad,200C,single,,LEADS,LE‌ADS,"offer, prices, prices","of‌fer, pr‌ices, pr‌ices"
00288.e1f7256dd7c447815e6693fd8efea6c9,00288__salted__broad__cp200D__single.e1f7256dd7c447815e6693fd8efea6c9,broad,200D,single,,LEADS,LE‍ADS,"offer, prices, prices","of‍fer, pr‍ices, pr‍ices"
00288.e1f7256dd7c447815e6693fd8efea6c9,00288__salted__broad__cp00AD__single.e1f7256dd7c447815e6693fd8efea6c9,broad,00AD,single,,LEADS,LE­ADS,"offer, prices, prices","of­fer, pr­ices, pr­ices"
00290.010f9e1b74276ee0a2414699df272efe,00290__salted__broad__cp200B__single.010f9e1b74276ee0a2414699df272efe,broad,200B,single,,ADV,AD​V,,
00290.010f9e1b74276ee0a2414699df272efe,00290__salted__broad__cp200C__single.010f9e1b74276ee0a2414699df272efe,broad,200C,single,,ADV,AD‌V,,
00290.010f9e1b74276ee0a2414699df272efe,00290__salted__broad__cp200D__single.010f9e1b74276ee0a2414699df272efe,broad,200D,single,,ADV,AD‍V,,
00290.010f9e1b74276ee0a2414699df272efe,00290__salted__broad__cp00AD__single.010f9e1b74276ee0a2414699df272efe,broad,00AD,single,,ADV,AD­V,,
00290.eb053a191b7509a9399aa16717630414,00290__salted__broad__cp200B__single.eb053a191b7509a9399aa16717630414,broad,200B,single,,City,Ci​ty,,
00290.eb053a191b7509a9399aa16717630414,00290__salted__broad__cp200C__single.eb053a191b7509a9399aa16717630414,broad,200C,single,,City,Ci‌ty,,
00290.eb053a191b7509a9399aa16717630414,00290__salted__broad__cp200D__single.eb053a191b7509a9399aa16717630414,broad,200D,single,,City,Ci‍ty,,
00290.eb053a191b7509a9399aa16717630414,00290__salted__broad__cp00AD__single.eb053a191b7509a9399aa16717630414,broad,00AD,single,,City,Ci­ty,,
00291.5dba829583f0af4826b27f24f2d1d150,00291__salted__broad__cp200B__single.5dba829583f0af4826b27f24f2d1d150,broad,200B,single,,credit,cr​edit,,
00291.5dba829583f0af4826b27f24f2d1d150,00291__salted__broad__cp200C__single.5dba829583f0af4826b27f24f2d1d150,broad,200C,single,,credit,cr‌edit,,
00291.5dba829583f0af4826b27f24f2d1d150,00291__salted__broad__cp200D__single.5dba829583f0af4826b27f24f2d1d150,broad,200D,single,,credit,cr‍edit,,
00291.5dba829583f0af4826b27f24f2d1d150,00291__salted__broad__cp00AD__single.5dba829583f0af4826b27f24f2d1d150,broad,00AD,single,,credit,cr­edit,,
00292.b90f1e0d4436fdbf91d909812648900d,00292__salted__broad__cp200B__single.b90f1e0d4436fdbf91d909812648900d,broad,200B,single,,Prescription,Pr​escription,"Viagra, Sexual, Weight","Vi​agra, Se​xual, We​ight"
00292.b90f1e0d4436fdbf91d909812648900d,00292__salted__broad__cp200C__single.b90f1e0d4436fdbf91d909812648900d,broad,200C,single,,Prescription,Pr‌escription,"Viagra, Sexual, Weight","Vi‌agra, Se‌xual, We‌ight"
00292.b90f1e0d4436fdbf91d909812648900d,00292__salted__broad__cp200D__single.b90f1e0d4436fdbf91d909812648900d,broad,200D,single,,Prescription,Pr‍escription,"Viagra, Sexual, Weight","Vi‍agra, Se‍xual, We‍ight"
00292.b90f1e0d4436fdbf91d909812648900d,00292__salted__broad__cp00AD__single.b90f1e0d4436fdbf91d909812648900d,broad,00AD,single,,Prescription,Pr­escription,"Viagra, Sexual, Weight","Vi­agra, Se­xual, We­ight"
00294.497c7a26968a921c6345a525a2c87496,00294__salted__broad__cp200B__single.497c7a26968a921c6345a525a2c87496,broad,200B,single,,,,"ATTN, AFRICA, CONTRACTS","AT​TN, AF​RICA, CO​NTRACTS"
00294.497c7a26968a921c6345a525a2c87496,00294__salted__broad__cp200C__single.497c7a26968a921c6345a525a2c87496,broad,200C,single,,,,"ATTN, AFRICA, CONTRACTS","AT‌TN, AF‌RICA, CO‌NTRACTS"
00294.497c7a26968a921c6345a525a2c87496,00294__salted__broad__cp200D__single.497c7a26968a921c6345a525a2c87496,broad,200D,single,,,,"ATTN, AFRICA, CONTRACTS","AT‍TN, AF‍RICA, CO‍NTRACTS"
00294.497c7a26968a921c6345a525a2c87496,00294__salted__broad__cp00AD__single.497c7a26968a921c6345a525a2c87496,broad,00AD,single,,,,"ATTN, AFRICA, CONTRACTS","AT­TN, AF­RICA, CO­NTRACTS"
00294.df27a988d82cc82296e33e6d727ac47e,00294__salted__broad__cp200B__single.df27a988d82cc82296e33e6d727ac47e,broad,200B,single,,,,"million, Promotion, Deposit","mi​llion, Pr​omotion, De​posit"
00294.df27a988d82cc82296e33e6d727ac47e,00294__salted__broad__cp200C__single.df27a988d82cc82296e33e6d727ac47e,broad,200C,single,,,,"million, Promotion, Deposit","mi‌llion, Pr‌omotion, De‌posit"
00294.df27a988d82cc82296e33e6d727ac47e,00294__salted__broad__cp200D__single.df27a988d82cc82296e33e6d727ac47e,broad,200D,single,,,,"million, Promotion, Deposit","mi‍llion, Pr‍omotion, De‍posit"
00294.df27a988d82cc82296e33e6d727ac47e,00294__salted__broad__cp00AD__single.df27a988d82cc82296e33e6d727ac47e,broad,00AD,single,,,,"million, Promotion, Deposit","mi­llion, Pr­omotion, De­posit"
00295.567c57d64a8f338d16d5047e533a1155,00295__salted__broad__cp200B__single.567c57d64a8f338d16d5047e533a1155,broad,200B,single,,monthly,mo​nthly,,
00295.567c57d64a8f338d16d5047e533a1155,00295__salted__broad__cp200C__single.567c57d64a8f338d16d5047e533a1155,broad,200C,single,,monthly,mo‌nthly,,
00295.567c57d64a8f338d16d5047e533a1155,00295__salted__broad__cp200D__single.567c57d64a8f338d16d5047e533a1155,broad,200D,single,,monthly,mo‍nthly,,
00295.567c57d64a8f338d16d5047e533a1155,00295__salted__broad__cp00AD__single.567c57d64a8f338d16d5047e533a1155,broad,00AD,single,,monthly,mo­nthly,,
00298.792592957289d30448ca3c68b301c896,00298__salted__broad__cp200B__single.792592957289d30448ca3c68b301c896,broad,200B,single,,,,"MLM, Receive, Commissions","ML​M, Re​ceive, Co​mmissions"
00298.792592957289d30448ca3c68b301c896,00298__salted__broad__cp200C__single.792592957289d30448ca3c68b301c896,broad,200C,single,,,,"MLM, Receive, Commissions","ML‌M, Re‌ceive, Co‌mmissions"
00298.792592957289d30448ca3c68b301c896,00298__salted__broad__cp200D__single.792592957289d30448ca3c68b301c896,broad,200D,single,,,,"MLM, Receive, Commissions","ML‍M, Re‍ceive, Co‍mmissions"
00298.792592957289d30448ca3c68b301c896,00298__salted__broad__cp00AD__single.792592957289d30448ca3c68b301c896,broad,00AD,single,,,,"MLM, Receive, Commissions","ML­M, Re­ceive, Co­mmissions"
00298.90b548a0816ca0783f012bb9c69166cc,00298__salted__broad__cp200B__single.90b548a0816ca0783f012bb9c69166cc,broad,200B,single,,Annuity,An​nuity,"annuity, rates, annuity","an​nuity, ra​tes, an​nuity"
00298.90b548a0816ca0783f012bb9c69166cc,00298__salted__broad__cp200C__single.90b548a0816ca0783f012bb9c69166cc,broad,200C,single,,Annuity,An‌nuity,"annuity, rates, annuity","an‌nuity, ra‌tes, an‌nuity"
00298.90b548a0816ca0783f012bb9c69166cc,00298__salted__broad__cp200D__single.90b548a0816ca0783f012bb9c69166cc,broad,200D,single,,Annuity,An‍nuity,"annuity, rates, annuity","an‍nuity, ra‍tes, an‍nuity"
00298.90b548a0816ca0783f012bb9c69166cc,00298__salted__broad__cp00AD__single.90b548a0816ca0783f012bb9c69166cc,broad,00AD,single,,Annuity,An­nuity,"annuity, rates, annuity","an­nuity, ra­tes, an­nuity"
00300.834f370a21ca4f1774d5724b5443411c,00300__salted__broad__cp200B__single.834f370a21ca4f1774d5724b5443411c,broad,200B,single,,Secrets,Se​crets,,
00300.834f370a21ca4f1774d5724b5443411c,00300__salted__broad__cp200C__single.834f370a21ca4f1774d5724b5443411c,broad,200C,single,,Secrets,Se‌crets,,
00300.834f370a21ca4f1774d5724b5443411c,00300__salted__broad__cp200D__single.834f370a21ca4f1774d5724b5443411c,broad,200D,single,,Secrets,Se‍crets,,
00300.834f370a21ca4f1774d5724b5443411c,00300__salted__broad__cp00AD__single.834f370a21ca4f1774d5724b5443411c,broad,00AD,single,,Secrets,Se­crets,,
00301.3b6fa92db458408d9468360fc034d280,00301__salted__broad__cp200B__single.3b6fa92db458408d9468360fc034d280,broad,200B,single,,,,"Prices, Click, WHOLESALE","Pr​ices, Cl​ick, WH​OLESALE"
00301.3b6fa92db458408d9468360fc034d280,00301__salted__broad__cp200C__single.3b6fa92db458408d9468360fc034d280,broad,200C,single,,,,"Prices, Click, WHOLESALE","Pr‌ices, Cl‌ick, WH‌OLESALE"
00301.3b6fa92db458408d9468360fc034d280,00301__salted__broad__cp200D__single.3b6fa92db458408d9468360fc034d280,broad,200D,single,,,,"Prices, Click, WHOLESALE","Pr‍ices, Cl‍ick, WH‍OLESALE"
00301.3b6fa92db458408d9468360fc034d280,00301__salted__broad__cp00AD__single.3b6fa92db458408d9468360fc034d280,broad,00AD,single,,,,"Prices, Click, WHOLESALE","Pr­ices, Cl­ick, WH­OLESALE"
00301.68fe7955b96d085360ca916289e8e716,00301__salted__broad__cp200B__single.68fe7955b96d085360ca916289e8e716,broad,200B,single,,Prices,Pr​ices,"BONUS, OFFER, price","BO​NUS, OF​FER, pr​ice"
00301.68fe7955b96d085360ca916289e8e716,00301__salted__broad__cp200C__single.68fe7955b96d085360ca916289e8e716,broad,200C,single,,Prices,Pr‌ices,"BONUS, OFFER, price","BO‌NUS, OF‌FER, pr‌ice"
00301.68fe7955b96d085360ca916289e8e716,00301__salted__broad__cp200D__single.68fe7955b96d085360ca916289e8e716,broad,200D,single,,Prices,Pr‍ices,"BONUS, OFFER, price","BO‍NUS, OF‍FER, pr‍ice"
00301.68fe7955b96d085360ca916289e8e716,00301__salted__broad__cp00AD__single.68fe7955b96d085360ca916289e8e716,broad,00AD,single,,Prices,Pr­ices,"BONUS, OFFER, price","BO­NUS, OF­FER, pr­ice"
00303.7d749e4a46ceb169ea1af5b9e5ab39a9,00303__salted__broad__cp200B__single.7d749e4a46ceb169ea1af5b9e5ab39a9,broad,200B,single,,ADV,AD​V,,
00303.7d749e4a46ceb169ea1af5b9e5ab39a9,00303__salted__broad__cp200C__single.7d749e4a46ceb169ea1af5b9e5ab39a9,broad,200C,single,,ADV,AD‌V,,
00303.7d749e4a46ceb169ea1af5b9e5ab39a9,00303__salted__broad__cp200D__single.7d749e4a46ceb169ea1af5b9e5ab39a9,broad,200D,single,,ADV,AD‍V,,
00303.7d749e4a46ceb169ea1af5b9e5ab39a9,00303__salted__broad__cp00AD__single.7d749e4a46ceb169ea1af5b9e5ab39a9,broad,00AD,single,,ADV,AD­V,,
00306.9e12acdecaf3825733a1aadc2455b166,00306__salted__broad__cp200B__single.9e12acdecaf3825733a1aadc2455b166,broad,200B,single,,ADV,AD​V,"remove, toll, Sincerely","re​move, to​ll, Si​ncerely"
00306.9e12acdecaf3825733a1aadc2455b166,00306__salted__broad__cp200C__single.9e12acdecaf3825733a1aadc2455b166,broad,200C,single,,ADV,AD‌V,"remove, toll, Sincerely","re‌move, to‌ll, Si‌ncerely"
00306.9e12acdecaf3825733a1aadc2455b166,00306__salted__broad__cp200D__single.9e12acdecaf3825733a1aadc2455b166,broad,200D,single,,ADV,AD‍V,"remove, toll, Sincerely","re‍move, to‍ll, Si‍ncerely"
00306.9e12acdecaf3825733a1aadc2455b166,00306__salted__broad__cp00AD__single.9e12acdecaf3825733a1aadc2455b166,broad,00AD,single,,ADV,AD­V,"remove, toll, Sincerely","re­move, to­ll, Si­ncerely"
00307.79b64580c5c605583aec7b7a4f8679c0,00307__salted__broad__cp200B__single.79b64580c5c605583aec7b7a4f8679c0,broad,200B,single,,Credit,Cr​edit,"refinance, credit, mortgage","re​finance, cr​edit, mo​rtgage"
00307.79b64580c5c605583aec7b7a4f8679c0,00307__salted__broad__cp200C__single.79b64580c5c605583aec7b7a4f8679c0,broad,200C,single,,Credit,Cr‌edit,"refinance, credit, mortgage","re‌finance, cr‌edit, mo‌rtgage"
00307.79b64580c5c605583aec7b7a4f8679c0,00307__salted__broad__cp200D__single.79b64580c5c605583aec7b7a4f8679c0,broad,200D,single,,Credit,Cr‍edit,"refinance, credit, mortgage","re‍finance, cr‍edit, mo‍rtgage"
00307.79b64580c5c605583aec7b7a4f8679c0,00307__salted__broad__cp00AD__single.79b64580c5c605583aec7b7a4f8679c0,broad,00AD,single,,Credit,Cr­edit,"refinance, credit, mortgage","re­finance, cr­edit, mo­rtgage"
00308.c80d7cb2a6981efac408b429d42d2b89,00308__salted__broad__cp200B__single.c80d7cb2a6981efac408b429d42d2b89,broad,200B,single,,,,"Products, Classified, classified","Pr​oducts, Cl​assified, cl​assified"
00308.c80d7cb2a6981efac408b429d42d2b89,00308__salted__broad__cp200C__single.c80d7cb2a6981efac408b429d42d2b89,broad,200C,single,,,,"Products, Classified, classified","Pr‌oducts, Cl‌assified, cl‌assified"
00308.c80d7cb2a6981efac408b429d42d2b89,00308__salted__broad__cp200D__single.c80d7cb2a6981efac408b429d42d2b89,broad,200D,single,,,,"Products, Classified, classified","Pr‍oducts, Cl‍assified, cl‍assified"
00308.c80d7cb2a6981efac408b429d42d2b89,00308__salted__broad__cp00AD__single.c80d7cb2a6981efac408b429d42d2b89,broad,00AD,single,,,,"Products, Classified, classified","Pr­oducts, Cl­assified, cl­assified"
00309.d9efb4713f45f4e1237d3f9b757d0916,00309__salted__broad__cp200B__single.d9efb4713f45f4e1237d3f9b757d0916,broad,200B,single,,,,"guarantees, financially, opportunity","gu​arantees, fi​nancially, op​portunity"
00309.d9efb4713f45f4e1237d3f9b757d0916,00309__salted__broad__cp200C__single.d9efb4713f45f4e1237d3f9b757d0916,broad,200C,single,,,,"guarantees, financially, opportunity","gu‌arantees, fi‌nancially, op‌portunity"
00309.d9efb4713f45f4e1237d3f9b757d0916,00309__salted__broad__cp200D__single.d9efb4713f45f4e1237d3f9b757d0916,broad,200D,single,,,,"guarantees, financially, opportunity","gu‍arantees, fi‍nancially, op‍portunity"
00309.d9efb4713f45f4e1237d3f9b757d0916,00309__salted__broad__cp00AD__single.d9efb4713f45f4e1237d3f9b757d0916,broad,00AD,single,,,,"guarantees, financially, opportunity","gu­arantees, fi­nancially, op­portunity"
00310.dd799961317914374088b04cc0fb1b85,00310__salted__broad__cp200B__single.dd799961317914374088b04cc0fb1b85,broad,200B,single,,proven,pr​oven,,
00310.dd799961317914374088b04cc0fb1b85,00310__salted__broad__cp200C__single.dd799961317914374088b04cc0fb1b85,broad,200C,single,,proven,pr‌oven,,
00310.dd799961317914374088b04cc0fb1b85,00310__salted__broad__cp200D__single.dd799961317914374088b04cc0fb1b85,broad,200D,single,,proven,pr‍oven,,
00310.dd799961317914374088b04cc0fb1b85,00310__salted__broad__cp00AD__single.dd799961317914374088b04cc0fb1b85,broad,00AD,single,,proven,pr­oven,,
00312.75c839d7d4f6da9e860a11b617904fb5,00312__salted__broad__cp200B__single.75c839d7d4f6da9e860a11b617904fb5,broad,200B,single,,,,"Africa, Dear, confidential","Af​rica, De​ar, co​nfidential"
00312.75c839d7d4f6da9e860a11b617904fb5,00312__salted__broad__cp200C__single.75c839d7d4f6da9e860a11b617904fb5,broad,200C,single,,,,"Africa, Dear, confidential","Af‌rica, De‌ar, co‌nfidential"
00312.75c839d7d4f6da9e860a11b617904fb5,00312__salted__broad__cp200D__single.75c839d7d4f6da9e860a11b617904fb5,broad,200D,single,,,,"Africa, Dear, confidential","Af‍rica, De‍ar, co‍nfidential"
00312.75c839d7d4f6da9e860a11b617904fb5,00312__salted__broad__cp00AD__single.75c839d7d4f6da9e860a11b617904fb5,broad,00AD,single,,,,"Africa, Dear, confidential","Af­rica, De­ar, co­nfidential"
00313.4363902393c0037670bc9483d19dc551,00313__salted__broad__cp200B__single.4363902393c0037670bc9483d19dc551,broad,200B,single,,merchant,me​rchant,,
00313.4363902393c0037670bc9483d19dc551,00313__salted__broad__cp200C__single.4363902393c0037670bc9483d19dc551,broad,200C,single,,merchant,me‌rchant,,
00313.4363902393c0037670bc9483d19dc551,00313__salted__broad__cp200D__single.4363902393c0037670bc9483d19dc551,broad,200D,single,,merchant,me‍rchant,,
00313.4363902393c0037670bc9483d19dc551,00313__salted__broad__cp00AD__single.4363902393c0037670bc9483d19dc551,broad,00AD,single,,merchant,me­rchant,,
00315.0ee82a2e087ffcf6efbd30b36499ead6,00315__salted__broad__cp200B__single.0ee82a2e087ffcf6efbd30b36499ead6,broad,200B,single,,Funds,Fu​nds,"NIGERIA, Dear, Sir","NI​GERIA, De​ar, Si​r"
00315.0ee82a2e087ffcf6efbd30b36499ead6,00315__salted__broad__cp200C__single.0ee82a2e087ffcf6efbd30b36499ead6,broad,200C,single,,Funds,Fu‌nds,"NIGERIA, Dear, Sir","NI‌GERIA, De‌ar, Si‌r"
00315.0ee82a2e087ffcf6efbd30b36499ead6,00315__salted__broad__cp200D__single.0ee82a2e087ffcf6efbd30b36499ead6,broad,200D,single,,Funds,Fu‍nds,"NIGERIA, Dear, Sir","NI‍GERIA, De‍ar, Si‍r"
00315.0ee82a2e087ffcf6efbd30b36499ead6,00315__salted__broad__cp00AD__single.0ee82a2e087ffcf6efbd30b36499ead6,broad,00AD,single,,Funds,Fu­nds,"NIGERIA, Dear, Sir","NI­GERIA, De­ar, Si­r"
00315.81905f8867f52179286a6a5bdd1483fa,00315__salted__broad__cp200B__single.81905f8867f52179286a6a5bdd1483fa,broad,200B,single,,credit,cr​edit,,
00315.81905f8867f52179286a6a5bdd1483fa,00315__salted__broad__cp200C__single.81905f8867f52179286a6a5bdd1483fa,broad,200C,single,,credit,cr‌edit,,
00315.81905f8867f52179286a6a5bdd1483fa,00315__salted__broad__cp200D__single.81905f8867f52179286a6a5bdd1483fa,broad,200D,single,,credit,cr‍edit,,
00315.81905f8867f52179286a6a5bdd1483fa,00315__salted__broad__cp00AD__single.81905f8867f52179286a6a5bdd1483fa,broad,00AD,single,,credit,cr­edit,,
00316.311d11f764c6e452b2f0208b53b94ea2,00316__salted__broad__cp200B__single.311d11f764c6e452b2f0208b53b94ea2,broad,200B,single,,Million,Mi​llion,"Million, Million, EMAILS","Mi​llion, Mi​llion, EM​AILS"
00316.311d11f764c6e452b2f0208b53b94ea2,00316__salted__broad__cp200C__single.311d11f764c6e452b2f0208b53b94ea2,broad,200C,single,,Million,Mi‌llion,"Million, Million, EMAILS","Mi‌llion, Mi‌llion, EM‌AILS"
00316.311d11f764c6e452b2f0208b53b94ea2,00316__salted__broad__cp200D__single.311d11f764c6e452b2f0208b53b94ea2,broad,200D,single,,Million,Mi‍llion,"Million, Million, EMAILS","Mi‍llion, Mi‍llion, EM‍AILS"
00316.311d11f764c6e452b2f0208b53b94ea2,00316__salted__broad__cp00AD__single.311d11f764c6e452b2f0208b53b94ea2,broad,00AD,single,,Million,Mi­llion,"Million, Million, EMAILS","Mi­llion, Mi­llion, EM­AILS"
00316.6127940652124130611907ee0c20ab5e,00316__salted__broad__cp200B__single.6127940652124130611907ee0c20ab5e,broad,200B,single,,,,"Dear, offering, purchase","De​ar, of​fering, pu​rchase"
00316.6127940652124130611907ee0c20ab5e,00316__salted__broad__cp200C__single.6127940652124130611907ee0c20ab5e,broad,200C,single,,,,"Dear, offering, purchase","De‌ar, of‌fering, pu‌rchase"
00316.6127940652124130611907ee0c20ab5e,00316__salted__broad__cp200D__single.6127940652124130611907ee0c20ab5e,broad,200D,single,,,,"Dear, offering, purchase","De‍ar, of‍fering, pu‍rchase"
00316.6127940652124130611907ee0c20ab5e,00316__salted__broad__cp00AD__single.6127940652124130611907ee0c20ab5e,broad,00AD,single,,,,"Dear, offering, purchase","De­ar, of­fering, pu­rchase"
00317.22fe43af6f4c707c4f1bdc56af959a8e,00317__salted__broad__cp200B__single.22fe43af6f4c707c4f1bdc56af959a8e,broad,200B,single,,Affiliate,Af​filiate,"shall, teen, purchase","sh​all, te​en, pu​rchase"
00317.22fe43af6f4c707c4f1bdc56af959a8e,00317__salted__broad__cp200C__single.22fe43af6f4c707c4f1bdc56af959a8e,broad,200C,single,,Affiliate,Af‌filiate,"shall, teen, purchase","sh‌all, te‌en, pu‌rchase"
00317.22fe43af6f4c707c4f1bdc56af959a8e,00317__salted__broad__cp200D__single.22fe43af6f4c707c4f1bdc56af959a8e,broad,200D,single,,Affiliate,Af‍filiate,"shall, teen, purchase","sh‍all, te‍en, pu‍rchase"
00317.22fe43af6f4c707c4f1bdc56af959a8e,00317__salted__broad__cp00AD__single.22fe43af6f4c707c4f1bdc56af959a8e,broad,00AD,single,,Affiliate,Af­filiate,"shall, teen, purchase","sh­all, te­en, pu­rchase"
00317.902b19a36e88cd3ad096e736ff8c81a5,00317__salted__broad__cp200B__single.902b19a36e88cd3ad096e736ff8c81a5,broad,200B,single,,Lose,Lo​se,,
00317.902b19a36e88cd3ad096e736ff8c81a5,00317__salted__broad__cp200C__single.902b19a36e88cd3ad096e736ff8c81a5,broad,200C,single,,Lose,Lo‌se,,
00317.902b19a36e88cd3ad096e736ff8c81a5,00317__salted__broad__cp200D__single.902b19a36e88cd3ad096e736ff8c81a5,broad,200D,single,,Lose,Lo‍se,,
00317.902b19a36e88cd3ad096e736ff8c81a5,00317__salted__broad__cp00AD__single.902b19a36e88cd3ad096e736ff8c81a5,broad,00AD,single,,Lose,Lo­se,,
00318.7ce7e3cbbf4fa9c30a67b7ecdda2342e,00318__salted__broad__cp200B__single.7ce7e3cbbf4fa9c30a67b7ecdda2342e,broad,200B,single,,,,price,pr​ice
00318.7ce7e3cbbf4fa9c30a67b7ecdda2342e,00318__salted__broad__cp200C__single.7ce7e3cbbf4fa9c30a67b7ecdda2342e,broad,200C,single,,,,price,pr‌ice
00318.7ce7e3cbbf4fa9c30a67b7ecdda2342e,00318__salted__broad__cp200D__single.7ce7e3cbbf4fa9c30a67b7ecdda2342e,broad,200D,single,,,,price,pr‍ice
00318.7ce7e3cbbf4fa9c30a67b7ecdda2342e,00318__salted__broad__cp00AD__single.7ce7e3cbbf4fa9c30a67b7ecdda2342e,broad,00AD,single,,,,price,pr­ice
00318.8487006b2a3599ba69edefe8b9cc98d5,00318__salted__broad__cp200B__single.8487006b2a3599ba69edefe8b9cc98d5,broad,200B,single,,Lowest,Lo​west,"rates, lowest, mortgage","ra​tes, lo​west, mo​rtgage"
00318.8487006b2a3599ba69edefe8b9cc98d5,00318__salted__broad__cp200C__single.8487006b2a3599ba69edefe8b9cc98d5,broad,200C,single,,Lowest,Lo‌west,"rates, lowest, mortgage","ra‌tes, lo‌west, mo‌rtgage"
00318.8487006b2a3599ba69edefe8b9cc98d5,00318__salted__broad__cp200D__single.8487006b2a3599ba69edefe8b9cc98d5,broad,200D,single,,Lowest,Lo‍west,"rates, lowest, mortgage","ra‍tes, lo‍west, mo‍rtgage"
00318.8487006b2a3599ba69edefe8b9cc98d5,00318__salted__broad__cp00AD__single.8487006b2a3599ba69edefe8b9cc98d5,broad,00AD,single,,Lowest,Lo­west,"rates, lowest, mortgage","ra­tes, lo­west, mo­rtgage"
00319.2702ee4100f722328afc52a1a6f1dc26,00319__salted__broad__cp200B__single.2702ee4100f722328afc52a1a6f1dc26,broad,200B,single,,Marketing,Ma​rketing,,
00319.2702ee4100f722328afc52a1a6f1dc26,00319__salted__broad__cp200C__single.2702ee4100f722328afc52a1a6f1dc26,broad,200C,single,,Marketing,Ma‌rketing,,
00319.2702ee4100f722328afc52a1a6f1dc26,00319__salted__broad__cp200D__single.2702ee4100f722328afc52a1a6f1dc26,broad,200D,single,,Marketing,Ma‍rketing,,
00319.2702ee4100f722328afc52a1a6f1dc26,00319__salted__broad__cp00AD__single.2702ee4100f722328afc52a1a6f1dc26,broad,00AD,single,,Marketing,Ma­rketing,,
00324.272b1fb3642d24e21dac949444b21e65,00324__salted__broad__cp200B__single.272b1fb3642d24e21dac949444b21e65,broad,200B,single,,Weight,We​ight,,
00324.272b1fb3642d24e21dac949444b21e65,00324__salted__broad__cp200C__single.272b1fb3642d24e21dac949444b21e65,broad,200C,single,,Weight,We‌ight,,
00324.272b1fb3642d24e21dac949444b21e65,00324__salted__broad__cp200D__single.272b1fb3642d24e21dac949444b21e65,broad,200D,single,,Weight,We‍ight,,
00324.272b1fb3642d24e21dac949444b21e65,00324__salted__broad__cp00AD__single.272b1fb3642d24e21dac949444b21e65,broad,00AD,single,,Weight,We­ight,,
00325.7e5ac4e91fba8111cce0e8dcc721912c,00325__salted__broad__cp200B__single.7e5ac4e91fba8111cce0e8dcc721912c,broad,200B,single,,Guaranteed,Gu​aranteed,"Annuity, Annuity, Commission","An​nuity, An​nuity, Co​mmission"
00325.7e5ac4e91fba8111cce0e8dcc721912c,00325__salted__broad__cp200C__single.7e5ac4e91fba8111cce0e8dcc721912c,broad,200C,single,,Guaranteed,Gu‌aranteed,"Annuity, Annuity, Commission","An‌nuity, An‌nuity, Co‌mmission"
00325.7e5ac4e91fba8111cce0e8dcc721912c,00325__salted__broad__cp200D__single.7e5ac4e91fba8111cce0e8dcc721912c,broad,200D,single,,Guaranteed,Gu‍aranteed,"Annuity, Annuity, Commission","An‍nuity, An‍nuity, Co‍mmission"
00325.7e5ac4e91fba8111cce0e8dcc721912c,00325__salted__broad__cp00AD__single.7e5ac4e91fba8111cce0e8dcc721912c,broad,00AD,single,,Guaranteed,Gu­aranteed,"Annuity, Annuity, Commission","An­nuity, An­nuity, Co­mmission"
00326.1e5d428b26e2e648a7560a38380cab1f,00326__salted__broad__cp200B__single.1e5d428b26e2e648a7560a38380cab1f,broad,200B,single,,HGH,HG​H,,
00326.1e5d428b26e2e648a7560a38380cab1f,00326__salted__broad__cp200C__single.1e5d428b26e2e648a7560a38380cab1f,broad,200C,single,,HGH,HG‌H,,
00326.1e5d428b26e2e648a7560a38380cab1f,00326__salted__broad__cp200D__single.1e5d428b26e2e648a7560a38380cab1f,broad,200D,single,,HGH,HG‍H,,
00326.1e5d428b26e2e648a7560a38380cab1f,00326__salted__broad__cp00AD__single.1e5d428b26e2e648a7560a38380cab1f,broad,00AD,single,,HGH,HG­H,,
00327.1f6320c5ad43180ccad57610c646c6a3,00327__salted__broad__cp200B__single.1f6320c5ad43180ccad57610c646c6a3,broad,200B,single,,Leads,Le​ads,,
00327.1f6320c5ad43180ccad57610c646c6a3,00327__salted__broad__cp200C__single.1f6320c5ad43180ccad57610c646c6a3,broad,200C,single,,Leads,Le‌ads,,
00327.1f6320c5ad43180ccad57610c646c6a3,00327__salted__broad__cp200D__single.1f6320c5ad43180ccad57610c646c6a3,broad,200D,single,,Leads,Le‍ads,,
00327.1f6320c5ad43180ccad57610c646c6a3,00327__salted__broad__cp00AD__single.1f6320c5ad43180ccad57610c646c6a3,broad,00AD,single,,Leads,Le­ads,,
00328.47ba83d868220761b2ff71ce39d91a37,00328__salted__broad__cp200B__single.47ba83d868220761b2ff71ce39d91a37,broad,200B,single,,Mortgage,Mo​rtgage,,
00328.47ba83d868220761b2ff71ce39d91a37,00328__salted__broad__cp200C__single.47ba83d868220761b2ff71ce39d91a37,broad,200C,single,,Mortgage,Mo‌rtgage,,
00328.47ba83d868220761b2ff71ce39d91a37,00328__salted__broad__cp200D__single.47ba83d868220761b2ff71ce39d91a37,broad,200D,single,,Mortgage,Mo‍rtgage,,
00328.47ba83d868220761b2ff71ce39d91a37,00328__salted__broad__cp00AD__single.47ba83d868220761b2ff71ce39d91a37,broad,00AD,single,,Mortgage,Mo­rtgage,,
00328.73c1a9f83d3b1247522c26eb6d74c215,00328__salted__broad__cp200B__single.73c1a9f83d3b1247522c26eb6d74c215,broad,200B,single,,,,price,pr​ice
00328.73c1a9f83d3b1247522c26eb6d74c215,00328__salted__broad__cp200C__single.73c1a9f83d3b1247522c26eb6d74c215,broad,200C,single,,,,price,pr‌ice
00328.73c1a9f83d3b1247522c26eb6d74c215,00328__salted__broad__cp200D__single.73c1a9f83d3b1247522c26eb6d74c215,broad,200D,single,,,,price,pr‍ice
00328.73c1a9f83d3b1247522c26eb6d74c215,00328__salted__broad__cp00AD__single.73c1a9f83d3b1247522c26eb6d74c215,broad,00AD,single,,,,price,pr­ice
00330.97460a01c80eb8ef3958118baf379c93,00330__salted__broad__cp200B__single.97460a01c80eb8ef3958118baf379c93,broad,200B,single,,affordable,af​fordable,"Dear, sir, madam","De​ar, si​r, ma​dam"
00330.97460a01c80eb8ef3958118baf379c93,00330__salted__broad__cp200C__single.97460a01c80eb8ef3958118baf379c93,broad,200C,single,,affordable,af‌fordable,"Dear, sir, madam","De‌ar, si‌r, ma‌dam"
00330.97460a01c80eb8ef3958118baf379c93,00330__salted__broad__cp200D__single.97460a01c80eb8ef3958118baf379c93,broad,200D,single,,affordable,af‍fordable,"Dear, sir, madam","De‍ar, si‍r, ma‍dam"
00330.97460a01c80eb8ef3958118baf379c93,00330__salted__broad__cp00AD__single.97460a01c80eb8ef3958118baf379c93,broad,00AD,single,,affordable,af­fordable,"Dear, sir, madam","De­ar, si­r, ma­dam"
00331.263b0f2df840360cb4b1ee9016c79d84,00331__salted__broad__cp200B__single.263b0f2df840360cb4b1ee9016c79d84,broad,200B,single,,opportunity,op​portunity,"opportunity, introduce, reply","op​portunity, in​troduce, re​ply"
00331.263b0f2df840360cb4b1ee9016c79d84,00331__salted__broad__cp200C__single.263b0f2df840360cb4b1ee9016c79d84,broad,200C,single,,opportunity,op‌portunity,"opportunity, introduce, reply","op‌portunity, in‌troduce, re‌ply"
00331.263b0f2df840360cb4b1ee9016c79d84,00331__salted__broad__cp200D__single.263b0f2df840360cb4b1ee9016c79d84,broad,200D,single,,opportunity,op‍portunity,"opportunity, introduce, reply","op‍portunity, in‍troduce, re‍ply"
00331.263b0f2df840360cb4b1ee9016c79d84,00331__salted__broad__cp00AD__single.263b0f2df840360cb4b1ee9016c79d84,broad,00AD,single,,opportunity,op­portunity,"opportunity, introduce, reply","op­portunity, in­troduce, re­ply"
00334.f487a87d551c524250c3eccbda6020da,00334__salted__broad__cp200B__single.f487a87d551c524250c3eccbda6020da,broad,200B,single,,,,"currency, currency, visit","cu​rrency, cu​rrency, vi​sit"
00334.f487a87d551c524250c3eccbda6020da,00334__salted__broad__cp200C__single.f487a87d551c524250c3eccbda6020da,broad,200C,single,,,,"currency, currency, visit","cu‌rrency, cu‌rrency, vi‌sit"
00334.f487a87d551c524250c3eccbda6020da,00334__salted__broad__cp200D__single.f487a87d551c524250c3eccbda6020da,broad,200D,single,,,,"currency, currency, visit","cu‍rrency, cu‍rrency, vi‍sit"
00334.f487a87d551c524250c3eccbda6020da,00334__salted__broad__cp00AD__single.f487a87d551c524250c3eccbda6020da,broad,00AD,single,,,,"currency, currency, visit","cu­rrency, cu­rrency, vi­sit"
00335.52db5097040b2b36c0d19047c5617621,00335__salted__broad__cp200B__single.52db5097040b2b36c0d19047c5617621,broad,200B,single,,Cash,Ca​sh,"CASH, risk, Cash","CA​SH, ri​sk, Ca​sh"
00335.52db5097040b2b36c0d19047c5617621,00335__salted__broad__cp200C__single.52db5097040b2b36c0d19047c5617621,broad,200C,single,,Cash,Ca‌sh,"CASH, risk, Cash","CA‌SH, ri‌sk, Ca‌sh"
00335.52db5097040b2b36c0d19047c5617621,00335__salted__broad__cp200D__single.52db5097040b2b36c0d19047c5617621,broad,200D,single,,Cash,Ca‍sh,"CASH, risk, Cash","CA‍SH, ri‍sk, Ca‍sh"
00335.52db5097040b2b36c0d19047c5617621,00335__salted__broad__cp00AD__single.52db5097040b2b36c0d19047c5617621,broad,00AD,single,,Cash,Ca­sh,"CASH, risk, Cash","CA­SH, ri­sk, Ca­sh"
00336.b937e6ad1deae309e248580a6fec85d8,00336__salted__broad__cp200B__single.b937e6ad1deae309e248580a6fec85d8,broad,200B,single,,,,"Invest, removed, mailings","In​vest, re​moved, ma​ilings"
00336.b937e6ad1deae309e248580a6fec85d8,00336__salted__broad__cp200C__single.b937e6ad1deae309e248580a6fec85d8,broad,200C,single,,,,"Invest, removed, mailings","In‌vest, re‌moved, ma‌ilings"
00336.b937e6ad1deae309e248580a6fec85d8,00336__salted__broad__cp200D__single.b937e6ad1deae309e248580a6fec85d8,broad,200D,single,,,,"Invest, removed, mailings","In‍vest, re‍moved, ma‍ilings"
00336.b937e6ad1deae309e248580a6fec85d8,00336__salted__broad__cp00AD__single.b937e6ad1deae309e248580a6fec85d8,broad,00AD,single,,,,"Invest, removed, mailings","In­vest, re­moved, ma­ilings"
00338.5f65cc2aed42a1472d2c279f925da35a,00338__salted__broad__cp200B__single.5f65cc2aed42a1472d2c279f925da35a,broad,200B,single,,bills,bi​lls,,
00338.5f65cc2aed42a1472d2c279f925da35a,00338__salted__broad__cp200C__single.5f65cc2aed42a1472d2c279f925da35a,broad,200C,single,,bills,bi‌lls,,
00338.5f65cc2aed42a1472d2c279f925da35a,00338__salted__broad__cp200D__single.5f65cc2aed42a1472d2c279f925da35a,broad,200D,single,,bills,bi‍lls,,
00338.5f65cc2aed42a1472d2c279f925da35a,00338__salted__broad__cp00AD__single.5f65cc2aed42a1472d2c279f925da35a,broad,00AD,single,,bills,bi­lls,,
00339.16bd110d8aa11e7d9398287c27b1b389,00339__salted__broad__cp200B__single.16bd110d8aa11e7d9398287c27b1b389,broad,200B,single,,SYSTEMWORKS,SY​STEMWORKS,"SystemWorks, Professional, Price","Sy​stemWorks, Pr​ofessional, Pr​ice"
00339.16bd110d8aa11e7d9398287c27b1b389,00339__salted__broad__cp200C__single.16bd110d8aa11e7d9398287c27b1b389,broad,200C,single,,SYSTEMWORKS,SY‌STEMWORKS,"SystemWorks, Professional, Price","Sy‌stemWorks, Pr‌ofessional, Pr‌ice"
00339.16bd110d8aa11e7d9398287c27b1b389,00339__salted__broad__cp200D__single.16bd110d8aa11e7d9398287c27b1b389,broad,200D,single,,SYSTEMWORKS,SY‍STEMWORKS,"SystemWorks, Professional, Price","Sy‍stemWorks, Pr‍ofessional, Pr‍ice"
00339.16bd110d8aa11e7d9398287c27b1b389,00339__salted__broad__cp00AD__single.16bd110d8aa11e7d9398287c27b1b389,broad,00AD,single,,SYSTEMWORKS,SY­STEMWORKS,"SystemWorks, Professional, Price","Sy­stemWorks, Pr­ofessional, Pr­ice"
00339.5982235f90972c2cf5ecaaf775dace46,00339__salted__broad__cp200B__single.5982235f90972c2cf5ecaaf775dace46,broad,200B,single,,,,"TOLL, TEEN","TO​LL, TE​EN"
00339.5982235f90972c2cf5ecaaf775dace46,00339__salted__broad__cp200C__single.5982235f90972c2cf5ecaaf775dace46,broad,200C,single,,,,"TOLL, TEEN","TO‌LL, TE‌EN"
00339.5982235f90972c2cf5ecaaf775dace46,00339__salted__broad__cp200D__single.5982235f90972c2cf5ecaaf775dace46,broad,200D,single,,,,"TOLL, TEEN","TO‍LL, TE‍EN"
00339.5982235f90972c2cf5ecaaf775dace46,00339__salted__broad__cp00AD__single.5982235f90972c2cf5ecaaf775dace46,broad,00AD,single,,,,"TOLL, TEEN","TO­LL, TE­EN"
00340.520783fd73bb73df88d6effd04e1f55d,00340__salted__broad__cp200B__single.520783fd73bb73df88d6effd04e1f55d,broad,200B,single,,,,"motivated, qualified, qualify","mo​tivated, qu​alified, qu​alify"
00340.520783fd73bb73df88d6effd04e1f55d,00340__salted__broad__cp200C__single.520783fd73bb73df88d6effd04e1f55d,broad,200C,single,,,,"motivated, qualified, qualify","mo‌tivated, qu‌alified, qu‌alify"
00340.520783fd73bb73df88d6effd04e1f55d,00340__salted__broad__cp200D__single.520783fd73bb73df88d6effd04e1f55d,broad,200D,single,,,,"motivated, qualified, qualify","mo‍tivated, qu‍alified, qu‍alify"
00340.520783fd73bb73df88d6effd04e1f55d,00340__salted__broad__cp00AD__single.520783fd73bb73df88d6effd04e1f55d,broad,00AD,single,,,,"motivated, qualified, qualify","mo­tivated, qu­alified, qu­alify"
00340.582105f82cc7d1d35e09aacc413853c1,00340__salted__broad__cp200B__single.582105f82cc7d1d35e09aacc413853c1,broad,200B,single,,,,"TOLL, TEEN","TO​LL, TE​EN"
00340.582105f82cc7d1d35e09aacc413853c1,00340__salted__broad__cp200C__single.582105f82cc7d1d35e09aacc413853c1,broad,200C,single,,,,"TOLL, TEEN","TO‌LL, TE‌EN"
00340.582105f82cc7d1d35e09aacc413853c1,00340__salted__broad__cp200D__single.582105f82cc7d1d35e09aacc413853c1,broad,200D,single,,,,"TOLL, TEEN","TO‍LL, TE‍EN"
00340.582105f82cc7d1d35e09aacc413853c1,00340__salted__broad__cp00AD__single.582105f82cc7d1d35e09aacc413853c1,broad,00AD,single,,,,"TOLL, TEEN","TO­LL, TE­EN"
00341.523b18faf8eb7b835457f2a0797e034f,00341__salted__broad__cp200B__single.523b18faf8eb7b835457f2a0797e034f,broad,200B,single,,,,"TOLL, TEEN","TO​LL, TE​EN"
00341.523b18faf8eb7b835457f2a0797e034f,00341__salted__broad__cp200C__single.523b18faf8eb7b835457f2a0797e034f,broad,200C,single,,,,"TOLL, TEEN","TO‌LL, TE‌EN"
00341.523b18faf8eb7b835457f2a0797e034f,00341__salted__broad__cp200D__single.523b18faf8eb7b835457f2a0797e034f,broad,200D,single,,,,"TOLL, TEEN","TO‍LL, TE‍EN"
00341.523b18faf8eb7b835457f2a0797e034f,00341__salted__broad__cp00AD__single.523b18faf8eb7b835457f2a0797e034f,broad,00AD,single,,,,"TOLL, TEEN","TO­LL, TE­EN"
00341.99b463b92346291f5848137f4a253966,00341__salted__broad__cp200B__single.99b463b92346291f5848137f4a253966,broad,200B,single,,,,"Dear, Sir, Madam","De​ar, Si​r, Ma​dam"
00341.99b463b92346291f5848137f4a253966,00341__salted__broad__cp200C__single.99b463b92346291f5848137f4a253966,broad,200C,single,,,,"Dear, Sir, Madam","De‌ar, Si‌r, Ma‌dam"
00341.99b463b92346291f5848137f4a253966,00341__salted__broad__cp200D__single.99b463b92346291f5848137f4a253966,broad,200D,single,,,,"Dear, Sir, Madam","De‍ar, Si‍r, Ma‍dam"
00341.99b463b92346291f5848137f4a253966,00341__salted__broad__cp00AD__single.99b463b92346291f5848137f4a253966,broad,00AD,single,,,,"Dear, Sir, Madam","De­ar, Si­r, Ma­dam"
00342.0dab365fab3be83284b08ac5783335da,00342__salted__broad__cp200B__single.0dab365fab3be83284b08ac5783335da,broad,200B,single,,,,"offering, Offer, price","of​fering, Of​fer, pr​ice"
00342.0dab365fab3be83284b08ac5783335da,00342__salted__broad__cp200C__single.0dab365fab3be83284b08ac5783335da,broad,200C,single,,,,"offering, Offer, price","of‌fering, Of‌fer, pr‌ice"
00342.0dab365fab3be83284b08ac5783335da,00342__salted__broad__cp200D__single.0dab365fab3be83284b08ac5783335da,broad,200D,single,,,,"offering, Offer, price","of‍fering, Of‍fer, pr‍ice"
00342.0dab365fab3be83284b08ac5783335da,00342__salted__broad__cp00AD__single.0dab365fab3be83284b08ac5783335da,broad,00AD,single,,,,"offering, Offer, price","of­fering, Of­fer, pr­ice"
00342.847c675d7a39e5e6ecce8387350790ae,00342__salted__broad__cp200B__single.847c675d7a39e5e6ecce8387350790ae,broad,200B,single,,,,"TOLL, TEEN","TO​LL, TE​EN"
00342.847c675d7a39e5e6ecce8387350790ae,00342__salted__broad__cp200C__single.847c675d7a39e5e6ecce8387350790ae,broad,200C,single,,,,"TOLL, TEEN","TO‌LL, TE‌EN"
00342.847c675d7a39e5e6ecce8387350790ae,00342__salted__broad__cp200D__single.847c675d7a39e5e6ecce8387350790ae,broad,200D,single,,,,"TOLL, TEEN","TO‍LL, TE‍EN"
00342.847c675d7a39e5e6ecce8387350790ae,00342__salted__broad__cp00AD__single.847c675d7a39e5e6ecce8387350790ae,broad,00AD,single,,,,"TOLL, TEEN","TO­LL, TE­EN"
00343.37d895b3a54847548875136ad6b0192d,00343__salted__broad__cp200B__single.37d895b3a54847548875136ad6b0192d,broad,200B,single,,,,"fortune, cartridges, cartridges","fo​rtune, ca​rtridges, ca​rtridges"
00343.37d895b3a54847548875136ad6b0192d,00343__salted__broad__cp200C__single.37d895b3a54847548875136ad6b0192d,broad,200C,single,,,,"fortune, cartridges, cartridges","fo‌rtune, ca‌rtridges, ca‌rtridges"
00343.37d895b3a54847548875136ad6b0192d,00343__salted__broad__cp200D__single.37d895b3a54847548875136ad6b0192d,broad,200D,single,,,,"fortune, cartridges, cartridges","fo‍rtune, ca‍rtridges, ca‍rtridges"
00343.37d895b3a54847548875136ad6b0192d,00343__salted__broad__cp00AD__single.37d895b3a54847548875136ad6b0192d,broad,00AD,single,,,,"fortune, cartridges, cartridges","fo­rtune, ca­rtridges, ca­rtridges"
00343.c84d94ad804925c271bb15b979e11dc7,00343__salted__broad__cp200B__single.c84d94ad804925c271bb15b979e11dc7,broad,200B,single,,,,"TOLL, TEEN","TO​LL, TE​EN"
00343.c84d94ad804925c271bb15b979e11dc7,00343__salted__broad__cp200C__single.c84d94ad804925c271bb15b979e11dc7,broad,200C,single,,,,"TOLL, TEEN","TO‌LL, TE‌EN"
00343.c84d94ad804925c271bb15b979e11dc7,00343__salted__broad__cp200D__single.c84d94ad804925c271bb15b979e11dc7,broad,200D,single,,,,"TOLL, TEEN","TO‍LL, TE‍EN"
00343.c84d94ad804925c271bb15b979e11dc7,00343__salted__broad__cp00AD__single.c84d94ad804925c271bb15b979e11dc7,broad,00AD,single,,,,"TOLL, TEEN","TO­LL, TE­EN"
00345.53eb1900901ea7c0b512d555e919b881,00345__salted__broad__cp200B__single.53eb1900901ea7c0b512d555e919b881,broad,200B,single,,merchant,me​rchant,,
00345.53eb1900901ea7c0b512d555e919b881,00345__salted__broad__cp200C__single.53eb1900901ea7c0b512d555e919b881,broad,200C,single,,merchant,me‌rchant,,
00345.53eb1900901ea7c0b512d555e919b881,00345__salted__broad__cp200D__single.53eb1900901ea7c0b512d555e919b881,broad,200D,single,,merchant,me‍rchant,,
00345.53eb1900901ea7c0b512d555e919b881,00345__salted__broad__cp00AD__single.53eb1900901ea7c0b512d555e919b881,broad,00AD,single,,merchant,me­rchant,,
00346.1ae83883f566cdf6ff18958a33a215b3,00346__salted__broad__cp200B__single.1ae83883f566cdf6ff18958a33a215b3,broad,200B,single,,ASSISTANCE,AS​SISTANCE,"Dear, Sir, Madam","De​ar, Si​r, Ma​dam"
00346.1ae83883f566cdf6ff18958a33a215b3,00346__salted__broad__cp200C__single.1ae83883f566cdf6ff18958a33a215b3,broad,200C,single,,ASSISTANCE,AS‌SISTANCE,"Dear, Sir, Madam","De‌ar, Si‌r, Ma‌dam"
00346.1ae83883f566cdf6ff18958a33a215b3,00346__salted__broad__cp200D__single.1ae83883f566cdf6ff18958a33a215b3,broad,200D,single,,ASSISTANCE,AS‍SISTANCE,"Dear, Sir, Madam","De‍ar, Si‍r, Ma‍dam"
00346.1ae83883f566cdf6ff18958a33a215b3,00346__salted__broad__cp00AD__single.1ae83883f566cdf6ff18958a33a215b3,broad,00AD,single,,ASSISTANCE,AS­SISTANCE,"Dear, Sir, Madam","De­ar, Si­r, Ma­dam"
00347.0958e79c14164f0f902d863f41156c0b,00347__salted__broad__cp200B__single.0958e79c14164f0f902d863f41156c0b,broad,200B,single,,rates,ra​tes,"Opportunity, mortgage, rates","Op​portunity, mo​rtgage, ra​tes"
00347.0958e79c14164f0f902d863f41156c0b,00347__salted__broad__cp200C__single.0958e79c14164f0f902d863f41156c0b,broad,200C,single,,rates,ra‌tes,"Opportunity, mortgage, rates","Op‌portunity, mo‌rtgage, ra‌tes"
00347.0958e79c14164f0f902d863f41156c0b,00347__salted__broad__cp200D__single.0958e79c14164f0f902d863f41156c0b,broad,200D,single,,rates,ra‍tes,"Opportunity, mortgage, rates","Op‍portunity, mo‍rtgage, ra‍tes"
00347.0958e79c14164f0f902d863f41156c0b,00347__salted__broad__cp00AD__single.0958e79c14164f0f902d863f41156c0b,broad,00AD,single,,rates,ra­tes,"Opportunity, mortgage, rates","Op­portunity, mo­rtgage, ra­tes"
00347.fd43a734c2e77abee0ca8c508afce993,00347__salted__broad__cp200B__single.fd43a734c2e77abee0ca8c508afce993,broad,200B,single,,MORTGAGE,MO​RTGAGE,,
00347.fd43a734c2e77abee0ca8c508afce993,00347__salted__broad__cp200C__single.fd43a734c2e77abee0ca8c508afce993,broad,200C,single,,MORTGAGE,MO‌RTGAGE,,
00347.fd43a734c2e77abee0ca8c508afce993,00347__salted__broad__cp200D__single.fd43a734c2e77abee0ca8c508afce993,broad,200D,single,,MORTGAGE,MO‍RTGAGE,,
00347.fd43a734c2e77abee0ca8c508afce993,00347__salted__broad__cp00AD__single.fd43a734c2e77abee0ca8c508afce993,broad,00AD,single,,MORTGAGE,MO­RTGAGE,,
00348.eca7fae585d64d16cbb1f6f512d0c761,00348__salted__broad__cp200B__single.eca7fae585d64d16cbb1f6f512d0c761,broad,200B,single,,,,"Bonus, removed, excite","Bo​nus, re​moved, ex​cite"
00348.eca7fae585d64d16cbb1f6f512d0c761,00348__salted__broad__cp200C__single.eca7fae585d64d16cbb1f6f512d0c761,broad,200C,single,,,,"Bonus, removed, excite","Bo‌nus, re‌moved, ex‌cite"
00348.eca7fae585d64d16cbb1f6f512d0c761,00348__salted__broad__cp200D__single.eca7fae585d64d16cbb1f6f512d0c761,broad,200D,single,,,,"Bonus, removed, excite","Bo‍nus, re‍moved, ex‍cite"
00348.eca7fae585d64d16cbb1f6f512d0c761,00348__salted__broad__cp00AD__single.eca7fae585d64d16cbb1f6f512d0c761,broad,00AD,single,,,,"Bonus, removed, excite","Bo­nus, re­moved, ex­cite"
00349.742d50a3bcbd3a3a60a0bd42cc2b97be,00349__salted__broad__cp200B__single.742d50a3bcbd3a3a60a0bd42cc2b97be,broad,200B,single,,Earn,Ea​rn,"motivated, independent, commissions","mo​tivated, in​dependent, co​mmissions"
00349.742d50a3bcbd3a3a60a0bd42cc2b97be,00349__salted__broad__cp200C__single.742d50a3bcbd3a3a60a0bd42cc2b97be,broad,200C,single,,Earn,Ea‌rn,"motivated, independent, commissions","mo‌tivated, in‌dependent, co‌mmissions"
00349.742d50a3bcbd3a3a60a0bd42cc2b97be,00349__salted__broad__cp200D__single.742d50a3bcbd3a3a60a0bd42cc2b97be,broad,200D,single,,Earn,Ea‍rn,"motivated, independent, commissions","mo‍tivated, in‍dependent, co‍mmissions"
00349.742d50a3bcbd3a3a60a0bd42cc2b97be,00349__salted__broad__cp00AD__single.742d50a3bcbd3a3a60a0bd42cc2b97be,broad,00AD,single,,Earn,Ea­rn,"motivated, independent, commissions","mo­tivated, in­dependent, co­mmissions"
00349.dd7982f40576ff4897c18efc813e38bf,00349__salted__broad__cp200B__single.dd7982f40576ff4897c18efc813e38bf,broad,200B,single,,Membership,Me​mbership,"Dear, membership, cash","De​ar, me​mbership, ca​sh"
00349.dd7982f40576ff4897c18efc813e38bf,00349__salted__broad__cp200C__single.dd7982f40576ff4897c18efc813e38bf,broad,200C,single,,Membership,Me‌mbership,"Dear, membership, cash","De‌ar, me‌mbership, ca‌sh"
00349.dd7982f40576ff4897c18efc813e38bf,00349__salted__broad__cp200D__single.dd7982f40576ff4897c18efc813e38bf,broad,200D,single,,Membership,Me‍mbership,"Dear, membership, cash","De‍ar, me‍mbership, ca‍sh"
00349.dd7982f40576ff4897c18efc813e38bf,00349__salted__broad__cp00AD__single.dd7982f40576ff4897c18efc813e38bf,broad,00AD,single,,Membership,Me­mbership,"Dear, membership, cash","De­ar, me­mbership, ca­sh"
00350.7a772c64c6a4131bcff6e19336b28b77,00350__salted__broad__cp200B__single.7a772c64c6a4131bcff6e19336b28b77,broad,200B,single,,Loan,Lo​an,,
00350.7a772c64c6a4131bcff6e19336b28b77,00350__salted__broad__cp200C__single.7a772c64c6a4131bcff6e19336b28b77,broad,200C,single,,Loan,Lo‌an,,
00350.7a772c64c6a4131bcff6e19336b28b77,00350__salted__broad__cp200D__single.7a772c64c6a4131bcff6e19336b28b77,broad,200D,single,,Loan,Lo‍an,,
00350.7a772c64c6a4131bcff6e19336b28b77,00350__salted__broad__cp00AD__single.7a772c64c6a4131bcff6e19336b28b77,broad,00AD,single,,Loan,Lo­an,,
00351.44bc5f6d0afcb67a469191ef2a38fea7,00351__salted__broad__cp200B__single.44bc5f6d0afcb67a469191ef2a38fea7,broad,200B,single,,Commission,Co​mmission,"Annuity, Annuity, Guaranteed","An​nuity, An​nuity, Gu​aranteed"
00351.44bc5f6d0afcb67a469191ef2a38fea7,00351__salted__broad__cp200C__single.44bc5f6d0afcb67a469191ef2a38fea7,broad,200C,single,,Commission,Co‌mmission,"Annuity, Annuity, Guaranteed","An‌nuity, An‌nuity, Gu‌aranteed"
00351.44bc5f6d0afcb67a469191ef2a38fea7,00351__salted__broad__cp200D__single.44bc5f6d0afcb67a469191ef2a38fea7,broad,200D,single,,Commission,Co‍mmission,"Annuity, Annuity, Guaranteed","An‍nuity, An‍nuity, Gu‍aranteed"
00351.44bc5f6d0afcb67a469191ef2a38fea7,00351__salted__broad__cp00AD__single.44bc5f6d0afcb67a469191ef2a38fea7,broad,00AD,single,,Commission,Co­mmission,"Annuity, Annuity, Guaranteed","An­nuity, An­nuity, Gu­aranteed"
00351.fd1b8a6cd42e81125fb38c2660cd9317,00351__salted__broad__cp200B__single.fd1b8a6cd42e81125fb38c2660cd9317,broad,200B,single,,SYSTEMWORKS,SY​STEMWORKS,,
00351.fd1b8a6cd42e81125fb38c2660cd9317,00351__salted__broad__cp200C__single.fd1b8a6cd42e81125fb38c2660cd9317,broad,200C,single,,SYSTEMWORKS,SY‌STEMWORKS,,
00351.fd1b8a6cd42e81125fb38c2660cd9317,00351__salted__broad__cp200D__single.fd1b8a6cd42e81125fb38c2660cd9317,broad,200D,single,,SYSTEMWORKS,SY‍STEMWORKS,,
00351.fd1b8a6cd42e81125fb38c2660cd9317,00351__salted__broad__cp00AD__single.fd1b8a6cd42e81125fb38c2660cd9317,broad,00AD,single,,SYSTEMWORKS,SY­STEMWORKS,,
00352.19a8ba03f566612e0b9e124609d9dbd0,00352__salted__broad__cp200B__single.19a8ba03f566612e0b9e124609d9dbd0,broad,200B,single,,,,"Insurance, insurance, Premium","In​surance, in​surance, Pr​emium"
00352.19a8ba03f566612e0b9e124609d9dbd0,00352__salted__broad__cp200C__single.19a8ba03f566612e0b9e124609d9dbd0,broad,200C,single,,,,"Insurance, insurance, Premium","In‌surance, in‌surance, Pr‌emium"
00352.19a8ba03f566612e0b9e124609d9dbd0,00352__salted__broad__cp200D__single.19a8ba03f566612e0b9e124609d9dbd0,broad,200D,single,,,,"Insurance, insurance, Premium","In‍surance, in‍surance, Pr‍emium"
00352.19a8ba03f566612e0b9e124609d9dbd0,00352__salted__broad__cp00AD__single.19a8ba03f566612e0b9e124609d9dbd0,broad,00AD,single,,,,"Insurance, insurance, Premium","In­surance, in­surance, Pr­emium"
00352.206639789c6ba89977375c62856f20fc,00352__salted__broad__cp200B__single.206639789c6ba89977375c62856f20fc,broad,200B,single,,Account,Ac​count,,
00352.206639789c6ba89977375c62856f20fc,00352__salted__broad__cp200C__single.206639789c6ba89977375c62856f20fc,broad,200C,single,,Account,Ac‌count,,
00352.206639789c6ba89977375c62856f20fc,00352__salted__broad__cp200D__single.206639789c6ba89977375c62856f20fc,broad,200D,single,,Account,Ac‍count,,
00352.206639789c6ba89977375c62856f20fc,00352__salted__broad__cp00AD__single.206639789c6ba89977375c62856f20fc,broad,00AD,single,,Account,Ac­count,,
00353.8d9f21930310041d8a0e17b0494e3a4a,00353__salted__broad__cp200B__single.8d9f21930310041d8a0e17b0494e3a4a,broad,200B,single,,Advertise,Ad​vertise,,
00353.8d9f21930310041d8a0e17b0494e3a4a,00353__salted__broad__cp200C__single.8d9f21930310041d8a0e17b0494e3a4a,broad,200C,single,,Advertise,Ad‌vertise,,
00353.8d9f21930310041d8a0e17b0494e3a4a,00353__salted__broad__cp200D__single.8d9f21930310041d8a0e17b0494e3a4a,broad,200D,single,,Advertise,Ad‍vertise,,
00353.8d9f21930310041d8a0e17b0494e3a4a,00353__salted__broad__cp00AD__single.8d9f21930310041d8a0e17b0494e3a4a,broad,00AD,single,,Advertise,Ad­vertise,,
00354.c1b5e9322256bc530d08aa0c232abcef,00354__salted__broad__cp200B__single.c1b5e9322256bc530d08aa0c232abcef,broad,200B,single,,FINANCIAL,FI​NANCIAL,"Dear, guarantee, visit","De​ar, gu​arantee, vi​sit"
00354.c1b5e9322256bc530d08aa0c232abcef,00354__salted__broad__cp200C__single.c1b5e9322256bc530d08aa0c232abcef,broad,200C,single,,FINANCIAL,FI‌NANCIAL,"Dear, guarantee, visit","De‌ar, gu‌arantee, vi‌sit"
00354.c1b5e9322256bc530d08aa0c232abcef,00354__salted__broad__cp200D__single.c1b5e9322256bc530d08aa0c232abcef,broad,200D,single,,FINANCIAL,FI‍NANCIAL,"Dear, guarantee, visit","De‍ar, gu‍arantee, vi‍sit"
00354.c1b5e9322256bc530d08aa0c232abcef,00354__salted__broad__cp00AD__single.c1b5e9322256bc530d08aa0c232abcef,broad,00AD,single,,FINANCIAL,FI­NANCIAL,"Dear, guarantee, visit","De­ar, gu­arantee, vi­sit"
00355.ada725cd0b7f67b279b6d616045d7e84,00355__salted__broad__cp200B__single.ada725cd0b7f67b279b6d616045d7e84,broad,200B,single,,,,"TOLL, TEEN","TO​LL, TE​EN"
00355.ada725cd0b7f67b279b6d616045d7e84,00355__salted__broad__cp200C__single.ada725cd0b7f67b279b6d616045d7e84,broad,200C,single,,,,"TOLL, TEEN","TO‌LL, TE‌EN"
00355.ada725cd0b7f67b279b6d616045d7e84,00355__salted__broad__cp200D__single.ada725cd0b7f67b279b6d616045d7e84,broad,200D,single,,,,"TOLL, TEEN","TO‍LL, TE‍EN"
00355.ada725cd0b7f67b279b6d616045d7e84,00355__salted__broad__cp00AD__single.ada725cd0b7f67b279b6d616045d7e84,broad,00AD,single,,,,"TOLL, TEEN","TO­LL, TE­EN"
00355.e10c2eba9316a09e612e6675ce339d5e,00355__salted__broad__cp200B__single.e10c2eba9316a09e612e6675ce339d5e,broad,200B,single,,HGH,HG​H,,
00355.e10c2eba9316a09e612e6675ce339d5e,00355__salted__broad__cp200C__single.e10c2eba9316a09e612e6675ce339d5e,broad,200C,single,,HGH,HG‌H,,
00355.e10c2eba9316a09e612e6675ce339d5e,00355__salted__broad__cp200D__single.e10c2eba9316a09e612e6675ce339d5e,broad,200D,single,,HGH,HG‍H,,
00355.e10c2eba9316a09e612e6675ce339d5e,00355__salted__broad__cp00AD__single.e10c2eba9316a09e612e6675ce339d5e,broad,00AD,single,,HGH,HG­H,,
00356.6420c49ea8ad1c5e4120606f97b60e1e,00356__salted__broad__cp200B__single.6420c49ea8ad1c5e4120606f97b60e1e,broad,200B,single,,Younger,Yo​unger,"Aging, Younger, Proven","Ag​ing, Yo​unger, Pr​oven"
00356.6420c49ea8ad1c5e4120606f97b60e1e,00356__salted__broad__cp200C__single.6420c49ea8ad1c5e4120606f97b60e1e,broad,200C,single,,Younger,Yo‌unger,"Aging, Younger, Proven","Ag‌ing, Yo‌unger, Pr‌oven"
00356.6420c49ea8ad1c5e4120606f97b60e1e,00356__salted__broad__cp200D__single.6420c49ea8ad1c5e4120606f97b60e1e,broad,200D,single,,Younger,Yo‍unger,"Aging, Younger, Proven","Ag‍ing, Yo‍unger, Pr‍oven"
00356.6420c49ea8ad1c5e4120606f97b60e1e,00356__salted__broad__cp00AD__single.6420c49ea8ad1c5e4120606f97b60e1e,broad,00AD,single,,Younger,Yo­unger,"Aging, Younger, Proven","Ag­ing, Yo­unger, Pr­oven"
00357.049b1dd678979ce56f10dfa9632127a3,00357__salted__broad__cp200B__single.049b1dd678979ce56f10dfa9632127a3,broad,200B,single,,bank,ba​nk,,
00357.049b1dd678979ce56f10dfa9632127a3,00357__salted__broad__cp200C__single.049b1dd678979ce56f10dfa9632127a3,broad,200C,single,,bank,ba‌nk,,
00357.049b1dd678979ce56f10dfa9632127a3,00357__salted__broad__cp200D__single.049b1dd678979ce56f10dfa9632127a3,broad,200D,single,,bank,ba‍nk,,
00357.049b1dd678979ce56f10dfa9632127a3,00357__salted__broad__cp00AD__single.049b1dd678979ce56f10dfa9632127a3,broad,00AD,single,,bank,ba­nk,,
00358.2cf55d91739f3530d1f4bc8bc9bc0b12,00358__salted__broad__cp200B__single.2cf55d91739f3530d1f4bc8bc9bc0b12,broad,200B,single,,,,"million, Promotion, Deposit","mi​llion, Pr​omotion, De​posit"
00358.2cf55d91739f3530d1f4bc8bc9bc0b12,00358__salted__broad__cp200C__single.2cf55d91739f3530d1f4bc8bc9bc0b12,broad,200C,single,,,,"million, Promotion, Deposit","mi‌llion, Pr‌omotion, De‌posit"
00358.2cf55d91739f3530d1f4bc8bc9bc0b12,00358__salted__broad__cp200D__single.2cf55d91739f3530d1f4bc8bc9bc0b12,broad,200D,single,,,,"million, Promotion, Deposit","mi‍llion, Pr‍omotion, De‍posit"
00358.2cf55d91739f3530d1f4bc8bc9bc0b12,00358__salted__broad__cp00AD__single.2cf55d91739f3530d1f4bc8bc9bc0b12,broad,00AD,single,,,,"million, Promotion, Deposit","mi­llion, Pr­omotion, De­posit"
00359.4ab70de20a198b736ed01940c9745384,00359__salted__broad__cp200B__single.4ab70de20a198b736ed01940c9745384,broad,200B,single,,,,"LAGOS, ATTN, transaction","LA​GOS, AT​TN, tr​ansaction"
00359.4ab70de20a198b736ed01940c9745384,00359__salted__broad__cp200C__single.4ab70de20a198b736ed01940c9745384,broad,200C,single,,,,"LAGOS, ATTN, transaction","LA‌GOS, AT‌TN, tr‌ansaction"
00359.4ab70de20a198b736ed01940c9745384,00359__salted__broad__cp200D__single.4ab70de20a198b736ed01940c9745384,broad,200D,single,,,,"LAGOS, ATTN, transaction","LA‍GOS, AT‍TN, tr‍ansaction"
00359.4ab70de20a198b736ed01940c9745384,00359__salted__broad__cp00AD__single.4ab70de20a198b736ed01940c9745384,broad,00AD,single,,,,"LAGOS, ATTN, transaction","LA­GOS, AT­TN, tr­ansaction"
00362.73409498731cffe86816918aae62cbbb,00362__salted__broad__cp200B__single.73409498731cffe86816918aae62cbbb,broad,200B,single,,pennies,pe​nnies,,
00362.73409498731cffe86816918aae62cbbb,00362__salted__broad__cp200C__single.73409498731cffe86816918aae62cbbb,broad,200C,single,,pennies,pe‌nnies,,
00362.73409498731cffe86816918aae62cbbb,00362__salted__broad__cp200D__single.73409498731cffe86816918aae62cbbb,broad,200D,single,,pennies,pe‍nnies,,
00362.73409498731cffe86816918aae62cbbb,00362__salted__broad__cp00AD__single.73409498731cffe86816918aae62cbbb,broad,00AD,single,,pennies,pe­nnies,,
00362.be7a346be8746732d4dc27bc549d7441,00362__salted__broad__cp200B__single.be7a346be8746732d4dc27bc549d7441,broad,200B,single,,,,"DESK, ATTN, approved","DE​SK, AT​TN, ap​proved"
00362.be7a346be8746732d4dc27bc549d7441,00362__salted__broad__cp200C__single.be7a346be8746732d4dc27bc549d7441,broad,200C,single,,,,"DESK, ATTN, approved","DE‌SK, AT‌TN, ap‌proved"
00362.be7a346be8746732d4dc27bc549d7441,00362__salted__broad__cp200D__single.be7a346be8746732d4dc27bc549d7441,broad,200D,single,,,,"DESK, ATTN, approved","DE‍SK, AT‍TN, ap‍proved"
00362.be7a346be8746732d4dc27bc549d7441,00362__salted__broad__cp00AD__single.be7a346be8746732d4dc27bc549d7441,broad,00AD,single,,,,"DESK, ATTN, approved","DE­SK, AT­TN, ap­proved"
00363.e6935b8f87c5984a5c6f6656afa1afb4,00363__salted__broad__cp200B__single.e6935b8f87c5984a5c6f6656afa1afb4,broad,200B,single,,,,"opt, marketing, hours","op​t, ma​rketing, ho​urs"
00363.e6935b8f87c5984a5c6f6656afa1afb4,00363__salted__broad__cp200C__single.e6935b8f87c5984a5c6f6656afa1afb4,broad,200C,single,,,,"opt, marketing, hours","op‌t, ma‌rketing, ho‌urs"
00363.e6935b8f87c5984a5c6f6656afa1afb4,00363__salted__broad__cp200D__single.e6935b8f87c5984a5c6f6656afa1afb4,broad,200D,single,,,,"opt, marketing, hours","op‍t, ma‍rketing, ho‍urs"
00363.e6935b8f87c5984a5c6f6656afa1afb4,00363__salted__broad__cp00AD__single.e6935b8f87c5984a5c6f6656afa1afb4,broad,00AD,single,,,,"opt, marketing, hours","op­t, ma­rketing, ho­urs"
00365.b95733057a51e3571746739a620c0e14,00365__salted__broad__cp200B__single.b95733057a51e3571746739a620c0e14,broad,200B,single,,,,"SALE, Guaranteed, health","SA​LE, Gu​aranteed, he​alth"
00365.b95733057a51e3571746739a620c0e14,00365__salted__broad__cp200C__single.b95733057a51e3571746739a620c0e14,broad,200C,single,,,,"SALE, Guaranteed, health","SA‌LE, Gu‌aranteed, he‌alth"
00365.b95733057a51e3571746739a620c0e14,00365__salted__broad__cp200D__single.b95733057a51e3571746739a620c0e14,broad,200D,single,,,,"SALE, Guaranteed, health","SA‍LE, Gu‍aranteed, he‍alth"
00365.b95733057a51e3571746739a620c0e14,00365__salted__broad__cp00AD__single.b95733057a51e3571746739a620c0e14,broad,00AD,single,,,,"SALE, Guaranteed, health","SA­LE, Gu­aranteed, he­alth"
00365.da6795d02b44e4d5e168d62718f3e7c9,00365__salted__broad__cp200B__single.da6795d02b44e4d5e168d62718f3e7c9,broad,200B,single,,,,"instructions, Purchase, Click","in​structions, Pu​rchase, Cl​ick"
00365.da6795d02b44e4d5e168d62718f3e7c9,00365__salted__broad__cp200C__single.da6795d02b44e4d5e168d62718f3e7c9,broad,200C,single,,,,"instructions, Purchase, Click","in‌structions, Pu‌rchase, Cl‌ick"
00365.da6795d02b44e4d5e168d62718f3e7c9,00365__salted__broad__cp200D__single.da6795d02b44e4d5e168d62718f3e7c9,broad,200D,single,,,,"instructions, Purchase, Click","in‍structions, Pu‍rchase, Cl‍ick"
00365.da6795d02b44e4d5e168d62718f3e7c9,00365__salted__broad__cp00AD__single.da6795d02b44e4d5e168d62718f3e7c9,broad,00AD,single,,,,"instructions, Purchase, Click","in­structions, Pu­rchase, Cl­ick"
00366.d0ae92900c398d9adf1dd68d35350a21,00366__salted__broad__cp200B__single.d0ae92900c398d9adf1dd68d35350a21,broad,200B,single,,Mortgage,Mo​rtgage,,
00366.d0ae92900c398d9adf1dd68d35350a21,00366__salted__broad__cp200C__single.d0ae92900c398d9adf1dd68d35350a21,broad,200C,single,,Mortgage,Mo‌rtgage,,
00366.d0ae92900c398d9adf1dd68d35350a21,00366__salted__broad__cp200D__single.d0ae92900c398d9adf1dd68d35350a21,broad,200D,single,,Mortgage,Mo‍rtgage,,
00366.d0ae92900c398d9adf1dd68d35350a21,00366__salted__broad__cp00AD__single.d0ae92900c398d9adf1dd68d35350a21,broad,00AD,single,,Mortgage,Mo­rtgage,,
00366.f0bfcc3c84da11ae1154c6c593362f69,00366__salted__broad__cp200B__single.f0bfcc3c84da11ae1154c6c593362f69,broad,200B,single,,Risk,Ri​sk,"Risk, smoker, Broker","Ri​sk, sm​oker, Br​oker"
00366.f0bfcc3c84da11ae1154c6c593362f69,00366__salted__broad__cp200C__single.f0bfcc3c84da11ae1154c6c593362f69,broad,200C,single,,Risk,Ri‌sk,"Risk, smoker, Broker","Ri‌sk, sm‌oker, Br‌oker"
00366.f0bfcc3c84da11ae1154c6c593362f69,00366__salted__broad__cp200D__single.f0bfcc3c84da11ae1154c6c593362f69,broad,200D,single,,Risk,Ri‍sk,"Risk, smoker, Broker","Ri‍sk, sm‍oker, Br‍oker"
00366.f0bfcc3c84da11ae1154c6c593362f69,00366__salted__broad__cp00AD__single.f0bfcc3c84da11ae1154c6c593362f69,broad,00AD,single,,Risk,Ri­sk,"Risk, smoker, Broker","Ri­sk, sm­oker, Br­oker"
00367.61bd750eb4ea17d10cc4aaeef1885fcf,00367__salted__broad__cp200B__single.61bd750eb4ea17d10cc4aaeef1885fcf,broad,200B,single,,,,"currency, currency, visit","cu​rrency, cu​rrency, vi​sit"
00367.61bd750eb4ea17d10cc4aaeef1885fcf,00367__salted__broad__cp200C__single.61bd750eb4ea17d10cc4aaeef1885fcf,broad,200C,single,,,,"currency, currency, visit","cu‌rrency, cu‌rrency, vi‌sit"
00367.61bd750eb4ea17d10cc4aaeef1885fcf,00367__salted__broad__cp200D__single.61bd750eb4ea17d10cc4aaeef1885fcf,broad,200D,single,,,,"currency, currency, visit","cu‍rrency, cu‍rrency, vi‍sit"
00367.61bd750eb4ea17d10cc4aaeef1885fcf,00367__salted__broad__cp00AD__single.61bd750eb4ea17d10cc4aaeef1885fcf,broad,00AD,single,,,,"currency, currency, visit","cu­rrency, cu­rrency, vi­sit"
00367.9688cdee9dfe720c297672c8f60d998f,00367__salted__broad__cp200B__single.9688cdee9dfe720c297672c8f60d998f,broad,200B,single,,,,"SystemWorks, Professional, Price","Sy​stemWorks, Pr​ofessional, Pr​ice"
00367.9688cdee9dfe720c297672c8f60d998f,00367__salted__broad__cp200C__single.9688cdee9dfe720c297672c8f60d998f,broad,200C,single,,,,"SystemWorks, Professional, Price","Sy‌stemWorks, Pr‌ofessional, Pr‌ice"
00367.9688cdee9dfe720c297672c8f60d998f,00367__salted__broad__cp200D__single.9688cdee9dfe720c297672c8f60d998f,broad,200D,single,,,,"SystemWorks, Professional, Price","Sy‍stemWorks, Pr‍ofessional, Pr‍ice"
00367.9688cdee9dfe720c297672c8f60d998f,00367__salted__broad__cp00AD__single.9688cdee9dfe720c297672c8f60d998f,broad,00AD,single,,,,"SystemWorks, Professional, Price","Sy­stemWorks, Pr­ofessional, Pr­ice"
00368.2c1ab4bc7f408e0fcb22dca9b2d5a113,00368__salted__broad__cp200B__single.2c1ab4bc7f408e0fcb22dca9b2d5a113,broad,200B,single,,SYSTEMWORKS,SY​STEMWORKS,,
00368.2c1ab4bc7f408e0fcb22dca9b2d5a113,00368__salted__broad__cp200C__single.2c1ab4bc7f408e0fcb22dca9b2d5a113,broad,200C,single,,SYSTEMWORKS,SY‌STEMWORKS,,
00368.2c1ab4bc7f408e0fcb22dca9b2d5a113,00368__salted__broad__cp200D__single.2c1ab4bc7f408e0fcb22dca9b2d5a113,broad,200D,single,,SYSTEMWORKS,SY‍STEMWORKS,,
00368.2c1ab4bc7f408e0fcb22dca9b2d5a113,00368__salted__broad__cp00AD__single.2c1ab4bc7f408e0fcb22dca9b2d5a113,broad,00AD,single,,SYSTEMWORKS,SY­STEMWORKS,,
00368.64d7f78532bf9b4cd41c8f5bc526af6a,00368__salted__broad__cp200B__single.64d7f78532bf9b4cd41c8f5bc526af6a,broad,200B,single,,,,"sales, price, pounds","sa​les, pr​ice, po​unds"
00368.64d7f78532bf9b4cd41c8f5bc526af6a,00368__salted__broad__cp200C__single.64d7f78532bf9b4cd41c8f5bc526af6a,broad,200C,single,,,,"sales, price, pounds","sa‌les, pr‌ice, po‌unds"
00368.64d7f78532bf9b4cd41c8f5bc526af6a,00368__salted__broad__cp200D__single.64d7f78532bf9b4cd41c8f5bc526af6a,broad,200D,single,,,,"sales, price, pounds","sa‍les, pr‍ice, po‍unds"
00368.64d7f78532bf9b4cd41c8f5bc526af6a,00368__salted__broad__cp00AD__single.64d7f78532bf9b4cd41c8f5bc526af6a,broad,00AD,single,,,,"sales, price, pounds","sa­les, pr­ice, po­unds"
00370.549e569ab1b84fb13a4ea7d61f98f86d,00370__salted__broad__cp200B__single.549e569ab1b84fb13a4ea7d61f98f86d,broad,200B,single,,,,"financial, cash, funds","fi​nancial, ca​sh, fu​nds"
00370.549e569ab1b84fb13a4ea7d61f98f86d,00370__salted__broad__cp200C__single.549e569ab1b84fb13a4ea7d61f98f86d,broad,200C,single,,,,"financial, cash, funds","fi‌nancial, ca‌sh, fu‌nds"
00370.549e569ab1b84fb13a4ea7d61f98f86d,00370__salted__broad__cp200D__single.549e569ab1b84fb13a4ea7d61f98f86d,broad,200D,single,,,,"financial, cash, funds","fi‍nancial, ca‍sh, fu‍nds"
00370.549e569ab1b84fb13a4ea7d61f98f86d,00370__salted__broad__cp00AD__single.549e569ab1b84fb13a4ea7d61f98f86d,broad,00AD,single,,,,"financial, cash, funds","fi­nancial, ca­sh, fu­nds"
00371.3bc80f63aa7c64a56eb77fc82ce22e7f,00371__salted__broad__cp200B__single.3bc80f63aa7c64a56eb77fc82ce22e7f,broad,200B,single,,ADV,AD​V,,
00371.3bc80f63aa7c64a56eb77fc82ce22e7f,00371__salted__broad__cp200C__single.3bc80f63aa7c64a56eb77fc82ce22e7f,broad,200C,single,,ADV,AD‌V,,
00371.3bc80f63aa7c64a56eb77fc82ce22e7f,00371__salted__broad__cp200D__single.3bc80f63aa7c64a56eb77fc82ce22e7f,broad,200D,single,,ADV,AD‍V,,
00371.3bc80f63aa7c64a56eb77fc82ce22e7f,00371__salted__broad__cp00AD__single.3bc80f63aa7c64a56eb77fc82ce22e7f,broad,00AD,single,,ADV,AD­V,,
00371.a1bca8c3fae1f6cbcebd205bf5db6ada,00371__salted__broad__cp200B__single.a1bca8c3fae1f6cbcebd205bf5db6ada,broad,200B,single,,,,"COMPLIANCE, REMOVE, removal","CO​MPLIANCE, RE​MOVE, re​moval"
00371.a1bca8c3fae1f6cbcebd205bf5db6ada,00371__salted__broad__cp200C__single.a1bca8c3fae1f6cbcebd205bf5db6ada,broad,200C,single,,,,"COMPLIANCE, REMOVE, removal","CO‌MPLIANCE, RE‌MOVE, re‌moval"
00371.a1bca8c3fae1f6cbcebd205bf5db6ada,00371__salted__broad__cp200D__single.a1bca8c3fae1f6cbcebd205bf5db6ada,broad,200D,single,,,,"COMPLIANCE, REMOVE, removal","CO‍MPLIANCE, RE‍MOVE, re‍moval"
00371.a1bca8c3fae1f6cbcebd205bf5db6ada,00371__salted__broad__cp00AD__single.a1bca8c3fae1f6cbcebd205bf5db6ada,broad,00AD,single,,,,"COMPLIANCE, REMOVE, removal","CO­MPLIANCE, RE­MOVE, re­moval"
00372.4ebcb6306af1946c3ff1b2bc933e1203,00372__salted__broad__cp200B__single.4ebcb6306af1946c3ff1b2bc933e1203,broad,200B,single,,fees,fe​es,"hours, secret, secret","ho​urs, se​cret, se​cret"
00372.4ebcb6306af1946c3ff1b2bc933e1203,00372__salted__broad__cp200C__single.4ebcb6306af1946c3ff1b2bc933e1203,broad,200C,single,,fees,fe‌es,"hours, secret, secret","ho‌urs, se‌cret, se‌cret"
00372.4ebcb6306af1946c3ff1b2bc933e1203,00372__salted__broad__cp200D__single.4ebcb6306af1946c3ff1b2bc933e1203,broad,200D,single,,fees,fe‍es,"hours, secret, secret","ho‍urs, se‍cret, se‍cret"
00372.4ebcb6306af1946c3ff1b2bc933e1203,00372__salted__broad__cp00AD__single.4ebcb6306af1946c3ff1b2bc933e1203,broad,00AD,single,,fees,fe­es,"hours, secret, secret","ho­urs, se­cret, se­cret"
00373.a2e4ba80486fdff8084086d447e01d17,00373__salted__broad__cp200B__single.a2e4ba80486fdff8084086d447e01d17,broad,200B,single,,Sale,Sa​le,"Marketing, products, Marketing","Ma​rketing, pr​oducts, Ma​rketing"
00373.a2e4ba80486fdff8084086d447e01d17,00373__salted__broad__cp200C__single.a2e4ba80486fdff8084086d447e01d17,broad,200C,single,,Sale,Sa‌le,"Marketing, products, Marketing","Ma‌rketing, pr‌oducts, Ma‌rketing"
00373.a2e4ba80486fdff8084086d447e01d17,00373__salted__broad__cp200D__single.a2e4ba80486fdff8084086d447e01d17,broad,200D,single,,Sale,Sa‍le,"Marketing, products, Marketing","Ma‍rketing, pr‍oducts, Ma‍rketing"
00373.a2e4ba80486fdff8084086d447e01d17,00373__salted__broad__cp00AD__single.a2e4ba80486fdff8084086d447e01d17,broad,00AD,single,,Sale,Sa­le,"Marketing, products, Marketing","Ma­rketing, pr­oducts, Ma­rketing"
00374.8942e17f10389fe620e1e96cba52c9aa,00374__salted__broad__cp200B__single.8942e17f10389fe620e1e96cba52c9aa,broad,200B,single,,secret,se​cret,,
00374.8942e17f10389fe620e1e96cba52c9aa,00374__salted__broad__cp200C__single.8942e17f10389fe620e1e96cba52c9aa,broad,200C,single,,secret,se‌cret,,
00374.8942e17f10389fe620e1e96cba52c9aa,00374__salted__broad__cp200D__single.8942e17f10389fe620e1e96cba52c9aa,broad,200D,single,,secret,se‍cret,,
00374.8942e17f10389fe620e1e96cba52c9aa,00374__salted__broad__cp00AD__single.8942e17f10389fe620e1e96cba52c9aa,broad,00AD,single,,secret,se­cret,,
00375.1130c29a255fa277c5acbee4d08edacd,00375__salted__broad__cp200B__single.1130c29a255fa277c5acbee4d08edacd,broad,200B,single,,weight,we​ight,,
00375.1130c29a255fa277c5acbee4d08edacd,00375__salted__broad__cp200C__single.1130c29a255fa277c5acbee4d08edacd,broad,200C,single,,weight,we‌ight,,
00375.1130c29a255fa277c5acbee4d08edacd,00375__salted__broad__cp200D__single.1130c29a255fa277c5acbee4d08edacd,broad,200D,single,,weight,we‍ight,,
00375.1130c29a255fa277c5acbee4d08edacd,00375__salted__broad__cp00AD__single.1130c29a255fa277c5acbee4d08edacd,broad,00AD,single,,weight,we­ight,,
00375.687dc7464b4c4fa822ee453b9ef352df,00375__salted__broad__cp200B__single.687dc7464b4c4fa822ee453b9ef352df,broad,200B,single,,Dollars,Do​llars,,
00375.687dc7464b4c4fa822ee453b9ef352df,00375__salted__broad__cp200C__single.687dc7464b4c4fa822ee453b9ef352df,broad,200C,single,,Dollars,Do‌llars,,
00375.687dc7464b4c4fa822ee453b9ef352df,00375__salted__broad__cp200D__single.687dc7464b4c4fa822ee453b9ef352df,broad,200D,single,,Dollars,Do‍llars,,
00375.687dc7464b4c4fa822ee453b9ef352df,00375__salted__broad__cp00AD__single.687dc7464b4c4fa822ee453b9ef352df,broad,00AD,single,,Dollars,Do­llars,,
00376.8d9a34535bac5fbccdbb8ea5392c82d8,00376__salted__broad__cp200B__single.8d9a34535bac5fbccdbb8ea5392c82d8,broad,200B,single,,Refinance,Re​finance,,
00376.8d9a34535bac5fbccdbb8ea5392c82d8,00376__salted__broad__cp200C__single.8d9a34535bac5fbccdbb8ea5392c82d8,broad,200C,single,,Refinance,Re‌finance,,
00376.8d9a34535bac5fbccdbb8ea5392c82d8,00376__salted__broad__cp200D__single.8d9a34535bac5fbccdbb8ea5392c82d8,broad,200D,single,,Refinance,Re‍finance,,
00376.8d9a34535bac5fbccdbb8ea5392c82d8,00376__salted__broad__cp00AD__single.8d9a34535bac5fbccdbb8ea5392c82d8,broad,00AD,single,,Refinance,Re­finance,,
00376.f4ed5f002f9b6b320a67f1da9cacbe72,00376__salted__broad__cp200B__single.f4ed5f002f9b6b320a67f1da9cacbe72,broad,200B,single,,Hgh,Hg​h,,
00376.f4ed5f002f9b6b320a67f1da9cacbe72,00376__salted__broad__cp200C__single.f4ed5f002f9b6b320a67f1da9cacbe72,broad,200C,single,,Hgh,Hg‌h,,
00376.f4ed5f002f9b6b320a67f1da9cacbe72,00376__salted__broad__cp200D__single.f4ed5f002f9b6b320a67f1da9cacbe72,broad,200D,single,,Hgh,Hg‍h,,
00376.f4ed5f002f9b6b320a67f1da9cacbe72,00376__salted__broad__cp00AD__single.f4ed5f002f9b6b320a67f1da9cacbe72,broad,00AD,single,,Hgh,Hg­h,,
00377.e30c013b7392bf14f132258aa82b1b25,00377__salted__broad__cp200B__single.e30c013b7392bf14f132258aa82b1b25,broad,200B,single,,,,"SystemWorks, Professional, Price","Sy​stemWorks, Pr​ofessional, Pr​ice"
00377.e30c013b7392bf14f132258aa82b1b25,00377__salted__broad__cp200C__single.e30c013b7392bf14f132258aa82b1b25,broad,200C,single,,,,"SystemWorks, Professional, Price","Sy‌stemWorks, Pr‌ofessional, Pr‌ice"
00377.e30c013b7392bf14f132258aa82b1b25,00377__salted__broad__cp200D__single.e30c013b7392bf14f132258aa82b1b25,broad,200D,single,,,,"SystemWorks, Professional, Price","Sy‍stemWorks, Pr‍ofessional, Pr‍ice"
00377.e30c013b7392bf14f132258aa82b1b25,00377__salted__broad__cp00AD__single.e30c013b7392bf14f132258aa82b1b25,broad,00AD,single,,,,"SystemWorks, Professional, Price","Sy­stemWorks, Pr­ofessional, Pr­ice"
00379.f04dedf09dce65a80fbe1fd831abefd0,00379__salted__broad__cp200B__single.f04dedf09dce65a80fbe1fd831abefd0,broad,200B,single,,Gift,Gi​ft,"Gift, Loans, Credit","Gi​ft, Lo​ans, Cr​edit"
00379.f04dedf09dce65a80fbe1fd831abefd0,00379__salted__broad__cp200C__single.f04dedf09dce65a80fbe1fd831abefd0,broad,200C,single,,Gift,Gi‌ft,"Gift, Loans, Credit","Gi‌ft, Lo‌ans, Cr‌edit"
00379.f04dedf09dce65a80fbe1fd831abefd0,00379__salted__broad__cp200D__single.f04dedf09dce65a80fbe1fd831abefd0,broad,200D,single,,Gift,Gi‍ft,"Gift, Loans, Credit","Gi‍ft, Lo‍ans, Cr‍edit"
00379.f04dedf09dce65a80fbe1fd831abefd0,00379__salted__broad__cp00AD__single.f04dedf09dce65a80fbe1fd831abefd0,broad,00AD,single,,Gift,Gi­ft,"Gift, Loans, Credit","Gi­ft, Lo­ans, Cr­edit"
00380.717154ebf88ae594956736cc50bdeaf4,00380__salted__broad__cp200B__single.717154ebf88ae594956736cc50bdeaf4,broad,200B,single,,Commissions,Co​mmissions,,
00380.717154ebf88ae594956736cc50bdeaf4,00380__salted__broad__cp200C__single.717154ebf88ae594956736cc50bdeaf4,broad,200C,single,,Commissions,Co‌mmissions,,
00380.717154ebf88ae594956736cc50bdeaf4,00380__salted__broad__cp200D__single.717154ebf88ae594956736cc50bdeaf4,broad,200D,single,,Commissions,Co‍mmissions,,
00380.717154ebf88ae594956736cc50bdeaf4,00380__salted__broad__cp00AD__single.717154ebf88ae594956736cc50bdeaf4,broad,00AD,single,,Commissions,Co­mmissions,,
00381.004cefb51e415fe5c45a3a97091bf978,00381__salted__broad__cp200B__single.004cefb51e415fe5c45a3a97091bf978,broad,200B,single,,,,"HOURS, Click, contacts","HO​URS, Cl​ick, co​ntacts"
00381.004cefb51e415fe5c45a3a97091bf978,00381__salted__broad__cp200C__single.004cefb51e415fe5c45a3a97091bf978,broad,200C,single,,,,"HOURS, Click, contacts","HO‌URS, Cl‌ick, co‌ntacts"
00381.004cefb51e415fe5c45a3a97091bf978,00381__salted__broad__cp200D__single.004cefb51e415fe5c45a3a97091bf978,broad,200D,single,,,,"HOURS, Click, contacts","HO‍URS, Cl‍ick, co‍ntacts"
00381.004cefb51e415fe5c45a3a97091bf978,00381__salted__broad__cp00AD__single.004cefb51e415fe5c45a3a97091bf978,broad,00AD,single,,,,"HOURS, Click, contacts","HO­URS, Cl­ick, co­ntacts"
00381.7d436777379ad18167e4614190b206cf,00381__salted__broad__cp200B__single.7d436777379ad18167e4614190b206cf,broad,200B,single,,,,"opportunity, MLM, marketing","op​portunity, ML​M, ma​rketing"
00381.7d436777379ad18167e4614190b206cf,00381__salted__broad__cp200C__single.7d436777379ad18167e4614190b206cf,broad,200C,single,,,,"opportunity, MLM, marketing","op‌portunity, ML‌M, ma‌rketing"
00381.7d436777379ad18167e4614190b206cf,00381__salted__broad__cp200D__single.7d436777379ad18167e4614190b206cf,broad,200D,single,,,,"opportunity, MLM, marketing","op‍portunity, ML‍M, ma‍rketing"
00381.7d436777379ad18167e4614190b206cf,00381__salted__broad__cp00AD__single.7d436777379ad18167e4614190b206cf,broad,00AD,single,,,,"opportunity, MLM, marketing","op­portunity, ML­M, ma­rketing"
00382.2e6245e7b689da67dc8cf1a600d804fa,00382__salted__broad__cp200B__single.2e6245e7b689da67dc8cf1a600d804fa,broad,200B,single,,Offers,Of​fers,,
00382.2e6245e7b689da67dc8cf1a600d804fa,00382__salted__broad__cp200C__single.2e6245e7b689da67dc8cf1a600d804fa,broad,200C,single,,Offers,Of‌fers,,
00382.2e6245e7b689da67dc8cf1a600d804fa,00382__salted__broad__cp200D__single.2e6245e7b689da67dc8cf1a600d804fa,broad,200D,single,,Offers,Of‍fers,,
00382.2e6245e7b689da67dc8cf1a600d804fa,00382__salted__broad__cp00AD__single.2e6245e7b689da67dc8cf1a600d804fa,broad,00AD,single,,Offers,Of­fers,,
00382.98464d934c8402ef42e6dbdb07b18a65,00382__salted__broad__cp200B__single.98464d934c8402ef42e6dbdb07b18a65,broad,200B,single,,,,"SystemWorks, Professional, Price","Sy​stemWorks, Pr​ofessional, Pr​ice"
00382.98464d934c8402ef42e6dbdb07b18a65,00382__salted__broad__cp200C__single.98464d934c8402ef42e6dbdb07b18a65,broad,200C,single,,,,"SystemWorks, Professional, Price","Sy‌stemWorks, Pr‌ofessional, Pr‌ice"
00382.98464d934c8402ef42e6dbdb07b18a65,00382__salted__broad__cp200D__single.98464d934c8402ef42e6dbdb07b18a65,broad,200D,single,,,,"SystemWorks, Professional, Price","Sy‍stemWorks, Pr‍ofessional, Pr‍ice"
00382.98464d934c8402ef42e6dbdb07b18a65,00382__salted__broad__cp00AD__single.98464d934c8402ef42e6dbdb07b18a65,broad,00AD,single,,,,"SystemWorks, Professional, Price","Sy­stemWorks, Pr­ofessional, Pr­ice"
00383.14f8e467cb84b977c33f422d7d1691e6,00383__salted__broad__cp200B__single.14f8e467cb84b977c33f422d7d1691e6,broad,200B,single,,Lowest,Lo​west,"refinance, credit, mortgage","re​finance, cr​edit, mo​rtgage"
00383.14f8e467cb84b977c33f422d7d1691e6,00383__salted__broad__cp200C__single.14f8e467cb84b977c33f422d7d1691e6,broad,200C,single,,Lowest,Lo‌west,"refinance, credit, mortgage","re‌finance, cr‌edit, mo‌rtgage"
00383.14f8e467cb84b977c33f422d7d1691e6,00383__salted__broad__cp200D__single.14f8e467cb84b977c33f422d7d1691e6,broad,200D,single,,Lowest,Lo‍west,"refinance, credit, mortgage","re‍finance, cr‍edit, mo‍rtgage"
00383.14f8e467cb84b977c33f422d7d1691e6,00383__salted__broad__cp00AD__single.14f8e467cb84b977c33f422d7d1691e6,broad,00AD,single,,Lowest,Lo­west,"refinance, credit, mortgage","re­finance, cr­edit, mo­rtgage"
00385.2017c0f15243b44ef7d52ca0a5f1ecaa,00385__salted__broad__cp200B__single.2017c0f15243b44ef7d52ca0a5f1ecaa,broad,200B,single,,,,"NBC, CBS, CNN","NB​C, CB​S, CN​N"
00385.2017c0f15243b44ef7d52ca0a5f1ecaa,00385__salted__broad__cp200C__single.2017c0f15243b44ef7d52ca0a5f1ecaa,broad,200C,single,,,,"NBC, CBS, CNN","NB‌C, CB‌S, CN‌N"
00385.2017c0f15243b44ef7d52ca0a5f1ecaa,00385__salted__broad__cp200D__single.2017c0f15243b44ef7d52ca0a5f1ecaa,broad,200D,single,,,,"NBC, CBS, CNN","NB‍C, CB‍S, CN‍N"
00385.2017c0f15243b44ef7d52ca0a5f1ecaa,00385__salted__broad__cp00AD__single.2017c0f15243b44ef7d52ca0a5f1ecaa,broad,00AD,single,,,,"NBC, CBS, CNN","NB­C, CB­S, CN­N"
00387.557966123e4eca02241d2865d521b987,00387__salted__broad__cp200B__single.557966123e4eca02241d2865d521b987,broad,200B,single,,proven,pr​oven,,
00387.557966123e4eca02241d2865d521b987,00387__salted__broad__cp200C__single.557966123e4eca02241d2865d521b987,broad,200C,single,,proven,pr‌oven,,
00387.557966123e4eca02241d2865d521b987,00387__salted__broad__cp200D__single.557966123e4eca02241d2865d521b987,broad,200D,single,,proven,pr‍oven,,
00387.557966123e4eca02241d2865d521b987,00387__salted__broad__cp00AD__single.557966123e4eca02241d2865d521b987,broad,00AD,single,,proven,pr­oven,,
00387.8562ea27520ea0fa6030679792f2fb72,00387__salted__broad__cp200B__single.8562ea27520ea0fa6030679792f2fb72,broad,200B,single,,marketing,ma​rketing,,
00387.8562ea27520ea0fa6030679792f2fb72,00387__salted__broad__cp200C__single.8562ea27520ea0fa6030679792f2fb72,broad,200C,single,,marketing,ma‌rketing,,
00387.8562ea27520ea0fa6030679792f2fb72,00387__salted__broad__cp200D__single.8562ea27520ea0fa6030679792f2fb72,broad,200D,single,,marketing,ma‍rketing,,
00387.8562ea27520ea0fa6030679792f2fb72,00387__salted__broad__cp00AD__single.8562ea27520ea0fa6030679792f2fb72,broad,00AD,single,,marketing,ma­rketing,,
00388.53eae0055e66fcb7194f9cca080fdefe,00388__salted__broad__cp200B__single.53eae0055e66fcb7194f9cca080fdefe,broad,200B,single,,,,"PROFESSIONAL, DEBT, Credit","PR​OFESSIONAL, DE​BT, Cr​edit"
00388.53eae0055e66fcb7194f9cca080fdefe,00388__salted__broad__cp200C__single.53eae0055e66fcb7194f9cca080fdefe,broad,200C,single,,,,"PROFESSIONAL, DEBT, Credit","PR‌OFESSIONAL, DE‌BT, Cr‌edit"
00388.53eae0055e66fcb7194f9cca080fdefe,00388__salted__broad__cp200D__single.53eae0055e66fcb7194f9cca080fdefe,broad,200D,single,,,,"PROFESSIONAL, DEBT, Credit","PR‍OFESSIONAL, DE‍BT, Cr‍edit"
00388.53eae0055e66fcb7194f9cca080fdefe,00388__salted__broad__cp00AD__single.53eae0055e66fcb7194f9cca080fdefe,broad,00AD,single,,,,"PROFESSIONAL, DEBT, Credit","PR­OFESSIONAL, DE­BT, Cr­edit"
00389.6222f886a2658f890c49f1853beea193,00389__salted__broad__cp200B__single.6222f886a2658f890c49f1853beea193,broad,200B,single,,Funds,Fu​nds,"NIGERIA, Dear, Sir","NI​GERIA, De​ar, Si​r"
00389.6222f886a2658f890c49f1853beea193,00389__salted__broad__cp200C__single.6222f886a2658f890c49f1853beea193,broad,200C,single,,Funds,Fu‌nds,"NIGERIA, Dear, Sir","NI‌GERIA, De‌ar, Si‌r"
00389.6222f886a2658f890c49f1853beea193,00389__salted__broad__cp200D__single.6222f886a2658f890c49f1853beea193,broad,200D,single,,Funds,Fu‍nds,"NIGERIA, Dear, Sir","NI‍GERIA, De‍ar, Si‍r"
00389.6222f886a2658f890c49f1853beea193,00389__salted__broad__cp00AD__single.6222f886a2658f890c49f1853beea193,broad,00AD,single,,Funds,Fu­nds,"NIGERIA, Dear, Sir","NI­GERIA, De­ar, Si­r"
00389.a4504d4c023b095c4907db14c65ea28f,00389__salted__broad__cp200B__single.a4504d4c023b095c4907db14c65ea28f,broad,200B,single,,ADV,AD​V,,
00389.a4504d4c023b095c4907db14c65ea28f,00389__salted__broad__cp200C__single.a4504d4c023b095c4907db14c65ea28f,broad,200C,single,,ADV,AD‌V,,
00389.a4504d4c023b095c4907db14c65ea28f,00389__salted__broad__cp200D__single.a4504d4c023b095c4907db14c65ea28f,broad,200D,single,,ADV,AD‍V,,
00389.a4504d4c023b095c4907db14c65ea28f,00389__salted__broad__cp00AD__single.a4504d4c023b095c4907db14c65ea28f,broad,00AD,single,,ADV,AD­V,,
00390.ce19abc8034db9e6b435d494a91db87a,00390__salted__broad__cp200B__single.ce19abc8034db9e6b435d494a91db87a,broad,200B,single,,Funds,Fu​nds,"NIGERIA, Dear, Sir","NI​GERIA, De​ar, Si​r"
00390.ce19abc8034db9e6b435d494a91db87a,00390__salted__broad__cp200C__single.ce19abc8034db9e6b435d494a91db87a,broad,200C,single,,Funds,Fu‌nds,"NIGERIA, Dear, Sir","NI‌GERIA, De‌ar, Si‌r"
00390.ce19abc8034db9e6b435d494a91db87a,00390__salted__broad__cp200D__single.ce19abc8034db9e6b435d494a91db87a,broad,200D,single,,Funds,Fu‍nds,"NIGERIA, Dear, Sir","NI‍GERIA, De‍ar, Si‍r"
00390.ce19abc8034db9e6b435d494a91db87a,00390__salted__broad__cp00AD__single.ce19abc8034db9e6b435d494a91db87a,broad,00AD,single,,Funds,Fu­nds,"NIGERIA, Dear, Sir","NI­GERIA, De­ar, Si­r"
00392.ffefdd973d6b1bf1243937030e3bd07f,00392__salted__broad__cp200B__single.ffefdd973d6b1bf1243937030e3bd07f,broad,200B,single,,Lose,Lo​se,"Lose, opted, receive","Lo​se, op​ted, re​ceive"
00392.ffefdd973d6b1bf1243937030e3bd07f,00392__salted__broad__cp200C__single.ffefdd973d6b1bf1243937030e3bd07f,broad,200C,single,,Lose,Lo‌se,"Lose, opted, receive","Lo‌se, op‌ted, re‌ceive"
00392.ffefdd973d6b1bf1243937030e3bd07f,00392__salted__broad__cp200D__single.ffefdd973d6b1bf1243937030e3bd07f,broad,200D,single,,Lose,Lo‍se,"Lose, opted, receive","Lo‍se, op‍ted, re‍ceive"
00392.ffefdd973d6b1bf1243937030e3bd07f,00392__salted__broad__cp00AD__single.ffefdd973d6b1bf1243937030e3bd07f,broad,00AD,single,,Lose,Lo­se,"Lose, opted, receive","Lo­se, op­ted, re­ceive"
00393.13d4d84cb98ea19954f895c629520bf8,00393__salted__broad__cp200B__single.13d4d84cb98ea19954f895c629520bf8,broad,200B,single,,Health,He​alth,"Health, Insurance, medical","He​alth, In​surance, me​dical"
00393.13d4d84cb98ea19954f895c629520bf8,00393__salted__broad__cp200C__single.13d4d84cb98ea19954f895c629520bf8,broad,200C,single,,Health,He‌alth,"Health, Insurance, medical","He‌alth, In‌surance, me‌dical"
00393.13d4d84cb98ea19954f895c629520bf8,00393__salted__broad__cp200D__single.13d4d84cb98ea19954f895c629520bf8,broad,200D,single,,Health,He‍alth,"Health, Insurance, medical","He‍alth, In‍surance, me‍dical"
00393.13d4d84cb98ea19954f895c629520bf8,00393__salted__broad__cp00AD__single.13d4d84cb98ea19954f895c629520bf8,broad,00AD,single,,Health,He­alth,"Health, Insurance, medical","He­alth, In­surance, me­dical"
00393.85c9cd10122736d443e69db6fce3ad3f,00393__salted__broad__cp200B__single.85c9cd10122736d443e69db6fce3ad3f,broad,200B,single,,ADV,AD​V,,
00393.85c9cd10122736d443e69db6fce3ad3f,00393__salted__broad__cp200C__single.85c9cd10122736d443e69db6fce3ad3f,broad,200C,single,,ADV,AD‌V,,
00393.85c9cd10122736d443e69db6fce3ad3f,00393__salted__broad__cp200D__single.85c9cd10122736d443e69db6fce3ad3f,broad,200D,single,,ADV,AD‍V,,
00393.85c9cd10122736d443e69db6fce3ad3f,00393__salted__broad__cp00AD__single.85c9cd10122736d443e69db6fce3ad3f,broad,00AD,single,,ADV,AD­V,,
00394.0e95ef1fe71d6bbf6867df86c862d15a,00394__salted__broad__cp200B__single.0e95ef1fe71d6bbf6867df86c862d15a,broad,200B,single,,ADV,AD​V,,
00394.0e95ef1fe71d6bbf6867df86c862d15a,00394__salted__broad__cp200C__single.0e95ef1fe71d6bbf6867df86c862d15a,broad,200C,single,,ADV,AD‌V,,
00394.0e95ef1fe71d6bbf6867df86c862d15a,00394__salted__broad__cp200D__single.0e95ef1fe71d6bbf6867df86c862d15a,broad,200D,single,,ADV,AD‍V,,
00394.0e95ef1fe71d6bbf6867df86c862d15a,00394__salted__broad__cp00AD__single.0e95ef1fe71d6bbf6867df86c862d15a,broad,00AD,single,,ADV,AD­V,,
00395.f9df5b3574ef5ba6143c08a1fa301886,00395__salted__broad__cp200B__single.f9df5b3574ef5ba6143c08a1fa301886,broad,200B,single,,Adv,Ad​v,,
00395.f9df5b3574ef5ba6143c08a1fa301886,00395__salted__broad__cp200C__single.f9df5b3574ef5ba6143c08a1fa301886,broad,200C,single,,Adv,Ad‌v,,
00395.f9df5b3574ef5ba6143c08a1fa301886,00395__salted__broad__cp200D__single.f9df5b3574ef5ba6143c08a1fa301886,broad,200D,single,,Adv,Ad‍v,,
00395.f9df5b3574ef5ba6143c08a1fa301886,00395__salted__broad__cp00AD__single.f9df5b3574ef5ba6143c08a1fa301886,broad,00AD,single,,Adv,Ad­v,,
00396.6fc0d31374c02ec5614f503a09a37211,00396__salted__broad__cp200B__single.6fc0d31374c02ec5614f503a09a37211,broad,200B,single,,Prices,Pr​ices,,
00396.6fc0d31374c02ec5614f503a09a37211,00396__salted__broad__cp200C__single.6fc0d31374c02ec5614f503a09a37211,broad,200C,single,,Prices,Pr‌ices,,
00396.6fc0d31374c02ec5614f503a09a37211,00396__salted__broad__cp200D__single.6fc0d31374c02ec5614f503a09a37211,broad,200D,single,,Prices,Pr‍ices,,
00396.6fc0d31374c02ec5614f503a09a37211,00396__salted__broad__cp00AD__single.6fc0d31374c02ec5614f503a09a37211,broad,00AD,single,,Prices,Pr­ices,,
00396.bb9671c94f0061c7f2a74cde8a507c1f,00396__salted__broad__cp200B__single.bb9671c94f0061c7f2a74cde8a507c1f,broad,200B,single,,Sales,Sa​les,"Sales, Insurance, financial","Sa​les, In​surance, fi​nancial"
00396.bb9671c94f0061c7f2a74cde8a507c1f,00396__salted__broad__cp200C__single.bb9671c94f0061c7f2a74cde8a507c1f,broad,200C,single,,Sales,Sa‌les,"Sales, Insurance, financial","Sa‌les, In‌surance, fi‌nancial"
00396.bb9671c94f0061c7f2a74cde8a507c1f,00396__salted__broad__cp200D__single.bb9671c94f0061c7f2a74cde8a507c1f,broad,200D,single,,Sales,Sa‍les,"Sales, Insurance, financial","Sa‍les, In‍surance, fi‍nancial"
00396.bb9671c94f0061c7f2a74cde8a507c1f,00396__salted__broad__cp00AD__single.bb9671c94f0061c7f2a74cde8a507c1f,broad,00AD,single,,Sales,Sa­les,"Sales, Insurance, financial","Sa­les, In­surance, fi­nancial"
00397.dc85d97361fbed3637f8db56d4c9c92d,00397__salted__broad__cp200B__single.dc85d97361fbed3637f8db56d4c9c92d,broad,200B,single,,bills,bi​lls,,
00397.dc85d97361fbed3637f8db56d4c9c92d,00397__salted__broad__cp200C__single.dc85d97361fbed3637f8db56d4c9c92d,broad,200C,single,,bills,bi‌lls,,
00397.dc85d97361fbed3637f8db56d4c9c92d,00397__salted__broad__cp200D__single.dc85d97361fbed3637f8db56d4c9c92d,broad,200D,single,,bills,bi‍lls,,
00397.dc85d97361fbed3637f8db56d4c9c92d,00397__salted__broad__cp00AD__single.dc85d97361fbed3637f8db56d4c9c92d,broad,00AD,single,,bills,bi­lls,,
00398.64f68a9650595170b0e10cc493020a0a,00398__salted__broad__cp200B__single.64f68a9650595170b0e10cc493020a0a,broad,200B,single,,prescription,pr​escription,"VIAGRA, CLICK, prescription","VI​AGRA, CL​ICK, pr​escription"
00398.64f68a9650595170b0e10cc493020a0a,00398__salted__broad__cp200C__single.64f68a9650595170b0e10cc493020a0a,broad,200C,single,,prescription,pr‌escription,"VIAGRA, CLICK, prescription","VI‌AGRA, CL‌ICK, pr‌escription"
00398.64f68a9650595170b0e10cc493020a0a,00398__salted__broad__cp200D__single.64f68a9650595170b0e10cc493020a0a,broad,200D,single,,prescription,pr‍escription,"VIAGRA, CLICK, prescription","VI‍AGRA, CL‍ICK, pr‍escription"
00398.64f68a9650595170b0e10cc493020a0a,00398__salted__broad__cp00AD__single.64f68a9650595170b0e10cc493020a0a,broad,00AD,single,,prescription,pr­escription,"VIAGRA, CLICK, prescription","VI­AGRA, CL­ICK, pr­escription"
00399.b5a16f11e0f6bc8898caef8d9ba3e9a8,00399__salted__broad__cp200B__single.b5a16f11e0f6bc8898caef8d9ba3e9a8,broad,200B,single,,Younger,Yo​unger,"COMPLIANCE, REMOVE, removal","CO​MPLIANCE, RE​MOVE, re​moval"
00399.b5a16f11e0f6bc8898caef8d9ba3e9a8,00399__salted__broad__cp200C__single.b5a16f11e0f6bc8898caef8d9ba3e9a8,broad,200C,single,,Younger,Yo‌unger,"COMPLIANCE, REMOVE, removal","CO‌MPLIANCE, RE‌MOVE, re‌moval"
00399.b5a16f11e0f6bc8898caef8d9ba3e9a8,00399__salted__broad__cp200D__single.b5a16f11e0f6bc8898caef8d9ba3e9a8,broad,200D,single,,Younger,Yo‍unger,"COMPLIANCE, REMOVE, removal","CO‍MPLIANCE, RE‍MOVE, re‍moval"
00399.b5a16f11e0f6bc8898caef8d9ba3e9a8,00399__salted__broad__cp00AD__single.b5a16f11e0f6bc8898caef8d9ba3e9a8,broad,00AD,single,,Younger,Yo­unger,"COMPLIANCE, REMOVE, removal","CO­MPLIANCE, RE­MOVE, re­moval"
00399.cd1239166aa4d43f7c3127c3b48b3f18,00399__salted__broad__cp200B__single.cd1239166aa4d43f7c3127c3b48b3f18,broad,200B,single,,Sale,Sa​le,"Income, Commission, cash","In​come, Co​mmission, ca​sh"
00399.cd1239166aa4d43f7c3127c3b48b3f18,00399__salted__broad__cp200C__single.cd1239166aa4d43f7c3127c3b48b3f18,broad,200C,single,,Sale,Sa‌le,"Income, Commission, cash","In‌come, Co‌mmission, ca‌sh"
00399.cd1239166aa4d43f7c3127c3b48b3f18,00399__salted__broad__cp200D__single.cd1239166aa4d43f7c3127c3b48b3f18,broad,200D,single,,Sale,Sa‍le,"Income, Commission, cash","In‍come, Co‍mmission, ca‍sh"
00399.cd1239166aa4d43f7c3127c3b48b3f18,00399__salted__broad__cp00AD__single.cd1239166aa4d43f7c3127c3b48b3f18,broad,00AD,single,,Sale,Sa­le,"Income, Commission, cash","In­come, Co­mmission, ca­sh"
00400.9360c6d3f34caf75a4c5439852153b71,00400__salted__broad__cp200B__single.9360c6d3f34caf75a4c5439852153b71,broad,200B,single,,,,"Dear, presently, Nigeria","De​ar, pr​esently, Ni​geria"
00400.9360c6d3f34caf75a4c5439852153b71,00400__salted__broad__cp200C__single.9360c6d3f34caf75a4c5439852153b71,broad,200C,single,,,,"Dear, presently, Nigeria","De‌ar, pr‌esently, Ni‌geria"
00400.9360c6d3f34caf75a4c5439852153b71,00400__salted__broad__cp200D__single.9360c6d3f34caf75a4c5439852153b71,broad,200D,single,,,,"Dear, presently, Nigeria","De‍ar, pr‍esently, Ni‍geria"
00400.9360c6d3f34caf75a4c5439852153b71,00400__salted__broad__cp00AD__single.9360c6d3f34caf75a4c5439852153b71,broad,00AD,single,,,,"Dear, presently, Nigeria","De­ar, pr­esently, Ni­geria"
00400.cc74b7994a7282f32ee2a3b7e3634d31,00400__salted__broad__cp200B__single.cc74b7994a7282f32ee2a3b7e3634d31,broad,200B,single,,,,"adv, Sincerely, Remove","ad​v, Si​ncerely, Re​move"
00400.cc74b7994a7282f32ee2a3b7e3634d31,00400__salted__broad__cp200C__single.cc74b7994a7282f32ee2a3b7e3634d31,broad,200C,single,,,,"adv, Sincerely, Remove","ad‌v, Si‌ncerely, Re‌move"
00400.cc74b7994a7282f32ee2a3b7e3634d31,00400__salted__broad__cp200D__single.cc74b7994a7282f32ee2a3b7e3634d31,broad,200D,single,,,,"adv, Sincerely, Remove","ad‍v, Si‍ncerely, Re‍move"
00400.cc74b7994a7282f32ee2a3b7e3634d31,00400__salted__broad__cp00AD__single.cc74b7994a7282f32ee2a3b7e3634d31,broad,00AD,single,,,,"adv, Sincerely, Remove","ad­v, Si­ncerely, Re­move"
00401.309e29417819ce39d8599047d50933cc,00401__salted__broad__cp200B__single.309e29417819ce39d8599047d50933cc,broad,200B,single,,,,"marketing, products, recruiting","ma​rketing, pr​oducts, re​cruiting"
00401.309e29417819ce39d8599047d50933cc,00401__salted__broad__cp200C__single.309e29417819ce39d8599047d50933cc,broad,200C,single,,,,"marketing, products, recruiting","ma‌rketing, pr‌oducts, re‌cruiting"
00401.309e29417819ce39d8599047d50933cc,00401__salted__broad__cp200D__single.309e29417819ce39d8599047d50933cc,broad,200D,single,,,,"marketing, products, recruiting","ma‍rketing, pr‍oducts, re‍cruiting"
00401.309e29417819ce39d8599047d50933cc,00401__salted__broad__cp00AD__single.309e29417819ce39d8599047d50933cc,broad,00AD,single,,,,"marketing, products, recruiting","ma­rketing, pr­oducts, re­cruiting"
00401.31d8ded049967dc48ebb564288733e81,00401__salted__broad__cp200B__single.31d8ded049967dc48ebb564288733e81,broad,200B,single,,,,"Dear, Sir, Madam","De​ar, Si​r, Ma​dam"
00401.31d8ded049967dc48ebb564288733e81,00401__salted__broad__cp200C__single.31d8ded049967dc48ebb564288733e81,broad,200C,single,,,,"Dear, Sir, Madam","De‌ar, Si‌r, Ma‌dam"
00401.31d8ded049967dc48ebb564288733e81,00401__salted__broad__cp200D__single.31d8ded049967dc48ebb564288733e81,broad,200D,single,,,,"Dear, Sir, Madam","De‍ar, Si‍r, Ma‍dam"
00401.31d8ded049967dc48ebb564288733e81,00401__salted__broad__cp00AD__single.31d8ded049967dc48ebb564288733e81,broad,00AD,single,,,,"Dear, Sir, Madam","De­ar, Si­r, Ma­dam"
00402.3cb789dea6bc3f321cc15730f3048ff2,00402__salted__broad__cp200B__single.3cb789dea6bc3f321cc15730f3048ff2,broad,200B,single,,,,"Dear, presently, Nigeria","De​ar, pr​esently, Ni​geria"
00402.3cb789dea6bc3f321cc15730f3048ff2,00402__salted__broad__cp200C__single.3cb789dea6bc3f321cc15730f3048ff2,broad,200C,single,,,,"Dear, presently, Nigeria","De‌ar, pr‌esently, Ni‌geria"
00402.3cb789dea6bc3f321cc15730f3048ff2,00402__salted__broad__cp200D__single.3cb789dea6bc3f321cc15730f3048ff2,broad,200D,single,,,,"Dear, presently, Nigeria","De‍ar, pr‍esently, Ni‍geria"
00402.3cb789dea6bc3f321cc15730f3048ff2,00402__salted__broad__cp00AD__single.3cb789dea6bc3f321cc15730f3048ff2,broad,00AD,single,,,,"Dear, presently, Nigeria","De­ar, pr­esently, Ni­geria"
00402.9fd8762dd436ec868d4c22a17d8ccc3d,00402__salted__broad__cp200B__single.9fd8762dd436ec868d4c22a17d8ccc3d,broad,200B,single,,SYSTEMWORKS,SY​STEMWORKS,,
00402.9fd8762dd436ec868d4c22a17d8ccc3d,00402__salted__broad__cp200C__single.9fd8762dd436ec868d4c22a17d8ccc3d,broad,200C,single,,SYSTEMWORKS,SY‌STEMWORKS,,
00402.9fd8762dd436ec868d4c22a17d8ccc3d,00402__salted__broad__cp200D__single.9fd8762dd436ec868d4c22a17d8ccc3d,broad,200D,single,,SYSTEMWORKS,SY‍STEMWORKS,,
00402.9fd8762dd436ec868d4c22a17d8ccc3d,00402__salted__broad__cp00AD__single.9fd8762dd436ec868d4c22a17d8ccc3d,broad,00AD,single,,SYSTEMWORKS,SY­STEMWORKS,,
00403.46d0face754b6bb7dce8b3ea560f75fb,00403__salted__broad__cp200B__single.46d0face754b6bb7dce8b3ea560f75fb,broad,200B,single,,,,"marketing, Dear, sir","ma​rketing, De​ar, si​r"
00403.46d0face754b6bb7dce8b3ea560f75fb,00403__salted__broad__cp200C__single.46d0face754b6bb7dce8b3ea560f75fb,broad,200C,single,,,,"marketing, Dear, sir","ma‌rketing, De‌ar, si‌r"
00403.46d0face754b6bb7dce8b3ea560f75fb,00403__salted__broad__cp200D__single.46d0face754b6bb7dce8b3ea560f75fb,broad,200D,single,,,,"marketing, Dear, sir","ma‍rketing, De‍ar, si‍r"
00403.46d0face754b6bb7dce8b3ea560f75fb,00403__salted__broad__cp00AD__single.46d0face754b6bb7dce8b3ea560f75fb,broad,00AD,single,,,,"marketing, Dear, sir","ma­rketing, De­ar, si­r"
00403.90a79abcb32065d5381a74a84da2e6bd,00403__salted__broad__cp200B__single.90a79abcb32065d5381a74a84da2e6bd,broad,200B,single,,,,"instructions, hours, investing","in​structions, ho​urs, in​vesting"
00403.90a79abcb32065d5381a74a84da2e6bd,00403__salted__broad__cp200C__single.90a79abcb32065d5381a74a84da2e6bd,broad,200C,single,,,,"instructions, hours, investing","in‌structions, ho‌urs, in‌vesting"
00403.90a79abcb32065d5381a74a84da2e6bd,00403__salted__broad__cp200D__single.90a79abcb32065d5381a74a84da2e6bd,broad,200D,single,,,,"instructions, hours, investing","in‍structions, ho‍urs, in‍vesting"
00403.90a79abcb32065d5381a74a84da2e6bd,00403__salted__broad__cp00AD__single.90a79abcb32065d5381a74a84da2e6bd,broad,00AD,single,,,,"instructions, hours, investing","in­structions, ho­urs, in­vesting"
00404.b4bbecbee92f735a845f589582e7695d,00404__salted__broad__cp200B__single.b4bbecbee92f735a845f589582e7695d,broad,200B,single,,,,"Remove, remove","Re​move, re​move"
00404.b4bbecbee92f735a845f589582e7695d,00404__salted__broad__cp200C__single.b4bbecbee92f735a845f589582e7695d,broad,200C,single,,,,"Remove, remove","Re‌move, re‌move"
00404.b4bbecbee92f735a845f589582e7695d,00404__salted__broad__cp200D__single.b4bbecbee92f735a845f589582e7695d,broad,200D,single,,,,"Remove, remove","Re‍move, re‍move"
00404.b4bbecbee92f735a845f589582e7695d,00404__salted__broad__cp00AD__single.b4bbecbee92f735a845f589582e7695d,broad,00AD,single,,,,"Remove, remove","Re­move, re­move"
00404.deea51c7b46665faf98fe6c5b5f88810,00404__salted__broad__cp200B__single.deea51c7b46665faf98fe6c5b5f88810,broad,200B,single,,million,mi​llion,"OFFER, MARKETING, Advertising","OF​FER, MA​RKETING, Ad​vertising"
00404.deea51c7b46665faf98fe6c5b5f88810,00404__salted__broad__cp200C__single.deea51c7b46665faf98fe6c5b5f88810,broad,200C,single,,million,mi‌llion,"OFFER, MARKETING, Advertising","OF‌FER, MA‌RKETING, Ad‌vertising"
00404.deea51c7b46665faf98fe6c5b5f88810,00404__salted__broad__cp200D__single.deea51c7b46665faf98fe6c5b5f88810,broad,200D,single,,million,mi‍llion,"OFFER, MARKETING, Advertising","OF‍FER, MA‍RKETING, Ad‍vertising"
00404.deea51c7b46665faf98fe6c5b5f88810,00404__salted__broad__cp00AD__single.deea51c7b46665faf98fe6c5b5f88810,broad,00AD,single,,million,mi­llion,"OFFER, MARKETING, Advertising","OF­FER, MA­RKETING, Ad­vertising"
00405.39099b2d9fc7da44f0bd7c5d68c06ca6,00405__salted__broad__cp200B__single.39099b2d9fc7da44f0bd7c5d68c06ca6,broad,200B,single,,credit,cr​edit,,
00405.39099b2d9fc7da44f0bd7c5d68c06ca6,00405__salted__broad__cp200C__single.39099b2d9fc7da44f0bd7c5d68c06ca6,broad,200C,single,,credit,cr‌edit,,
00405.39099b2d9fc7da44f0bd7c5d68c06ca6,00405__salted__broad__cp200D__single.39099b2d9fc7da44f0bd7c5d68c06ca6,broad,200D,single,,credit,cr‍edit,,
00405.39099b2d9fc7da44f0bd7c5d68c06ca6,00405__salted__broad__cp00AD__single.39099b2d9fc7da44f0bd7c5d68c06ca6,broad,00AD,single,,credit,cr­edit,,
00408.78e871a38b048989b9949716e3fc7575,00408__salted__broad__cp200B__single.78e871a38b048989b9949716e3fc7575,broad,200B,single,,,,"Dear, professional, Sales","De​ar, pr​ofessional, Sa​les"
00408.78e871a38b048989b9949716e3fc7575,00408__salted__broad__cp200C__single.78e871a38b048989b9949716e3fc7575,broad,200C,single,,,,"Dear, professional, Sales","De‌ar, pr‌ofessional, Sa‌les"
00408.78e871a38b048989b9949716e3fc7575,00408__salted__broad__cp200D__single.78e871a38b048989b9949716e3fc7575,broad,200D,single,,,,"Dear, professional, Sales","De‍ar, pr‍ofessional, Sa‍les"
00408.78e871a38b048989b9949716e3fc7575,00408__salted__broad__cp00AD__single.78e871a38b048989b9949716e3fc7575,broad,00AD,single,,,,"Dear, professional, Sales","De­ar, pr­ofessional, Sa­les"
00410.b3134c2bf520f95f9b90d4aef4fdd683,00410__salted__broad__cp200B__single.b3134c2bf520f95f9b90d4aef4fdd683,broad,200B,single,,Price,Pr​ice,,
00410.b3134c2bf520f95f9b90d4aef4fdd683,00410__salted__broad__cp200C__single.b3134c2bf520f95f9b90d4aef4fdd683,broad,200C,single,,Price,Pr‌ice,,
00410.b3134c2bf520f95f9b90d4aef4fdd683,00410__salted__broad__cp200D__single.b3134c2bf520f95f9b90d4aef4fdd683,broad,200D,single,,Price,Pr‍ice,,
00410.b3134c2bf520f95f9b90d4aef4fdd683,00410__salted__broad__cp00AD__single.b3134c2bf520f95f9b90d4aef4fdd683,broad,00AD,single,,Price,Pr­ice,,
00411.fae7b15cc1f966d92c2cedc872893268,00411__salted__broad__cp200B__single.fae7b15cc1f966d92c2cedc872893268,broad,200B,single,,,,"DEAR, WEEKLY, USD","DE​AR, WE​EKLY, US​D"
00411.fae7b15cc1f966d92c2cedc872893268,00411__salted__broad__cp200C__single.fae7b15cc1f966d92c2cedc872893268,broad,200C,single,,,,"DEAR, WEEKLY, USD","DE‌AR, WE‌EKLY, US‌D"
00411.fae7b15cc1f966d92c2cedc872893268,00411__salted__broad__cp200D__single.fae7b15cc1f966d92c2cedc872893268,broad,200D,single,,,,"DEAR, WEEKLY, USD","DE‍AR, WE‍EKLY, US‍D"
00411.fae7b15cc1f966d92c2cedc872893268,00411__salted__broad__cp00AD__single.fae7b15cc1f966d92c2cedc872893268,broad,00AD,single,,,,"DEAR, WEEKLY, USD","DE­AR, WE­EKLY, US­D"
00412.2498d35d4ac806f77e31a17839d5c4c2,00412__salted__broad__cp200B__single.2498d35d4ac806f77e31a17839d5c4c2,broad,200B,single,,account,ac​count,,
00412.2498d35d4ac806f77e31a17839d5c4c2,00412__salted__broad__cp200C__single.2498d35d4ac806f77e31a17839d5c4c2,broad,200C,single,,account,ac‌count,,
00412.2498d35d4ac806f77e31a17839d5c4c2,00412__salted__broad__cp200D__single.2498d35d4ac806f77e31a17839d5c4c2,broad,200D,single,,account,ac‍count,,
00412.2498d35d4ac806f77e31a17839d5c4c2,00412__salted__broad__cp00AD__single.2498d35d4ac806f77e31a17839d5c4c2,broad,00AD,single,,account,ac­count,,
00413.11d008b916ea6fd996dee9a08670655e,00413__salted__broad__cp200B__single.11d008b916ea6fd996dee9a08670655e,broad,200B,single,,,,"career, removed, click","ca​reer, re​moved, cl​ick"
00413.11d008b916ea6fd996dee9a08670655e,00413__salted__broad__cp200C__single.11d008b916ea6fd996dee9a08670655e,broad,200C,single,,,,"career, removed, click","ca‌reer, re‌moved, cl‌ick"
00413.11d008b916ea6fd996dee9a08670655e,00413__salted__broad__cp200D__single.11d008b916ea6fd996dee9a08670655e,broad,200D,single,,,,"career, removed, click","ca‍reer, re‍moved, cl‍ick"
00413.11d008b916ea6fd996dee9a08670655e,00413__salted__broad__cp00AD__single.11d008b916ea6fd996dee9a08670655e,broad,00AD,single,,,,"career, removed, click","ca­reer, re­moved, cl­ick"
00415.6faccf48ec514344fc850e8b3c154528,00415__salted__broad__cp200B__single.6faccf48ec514344fc850e8b3c154528,broad,200B,single,,,,"Earn, Income, opportunity","Ea​rn, In​come, op​portunity"
00415.6faccf48ec514344fc850e8b3c154528,00415__salted__broad__cp200C__single.6faccf48ec514344fc850e8b3c154528,broad,200C,single,,,,"Earn, Income, opportunity","Ea‌rn, In‌come, op‌portunity"
00415.6faccf48ec514344fc850e8b3c154528,00415__salted__broad__cp200D__single.6faccf48ec514344fc850e8b3c154528,broad,200D,single,,,,"Earn, Income, opportunity","Ea‍rn, In‍come, op‍portunity"
00415.6faccf48ec514344fc850e8b3c154528,00415__salted__broad__cp00AD__single.6faccf48ec514344fc850e8b3c154528,broad,00AD,single,,,,"Earn, Income, opportunity","Ea­rn, In­come, op­portunity"
00416.7fa9ccac275fe2d97517554ecde57fbe,00416__salted__broad__cp200B__single.7fa9ccac275fe2d97517554ecde57fbe,broad,200B,single,,,,"discount, prices, exciting","di​scount, pr​ices, ex​citing"
00416.7fa9ccac275fe2d97517554ecde57fbe,00416__salted__broad__cp200C__single.7fa9ccac275fe2d97517554ecde57fbe,broad,200C,single,,,,"discount, prices, exciting","di‌scount, pr‌ices, ex‌citing"
00416.7fa9ccac275fe2d97517554ecde57fbe,00416__salted__broad__cp200D__single.7fa9ccac275fe2d97517554ecde57fbe,broad,200D,single,,,,"discount, prices, exciting","di‍scount, pr‍ices, ex‍citing"
00416.7fa9ccac275fe2d97517554ecde57fbe,00416__salted__broad__cp00AD__single.7fa9ccac275fe2d97517554ecde57fbe,broad,00AD,single,,,,"discount, prices, exciting","di­scount, pr­ices, ex­citing"
00417.715ee099f76e69edbeb5604a82a532b4,00417__salted__broad__cp200B__single.715ee099f76e69edbeb5604a82a532b4,broad,200B,single,,,,"COMPLIANCE, REMOVE, removal","CO​MPLIANCE, RE​MOVE, re​moval"
00417.715ee099f76e69edbeb5604a82a532b4,00417__salted__broad__cp200C__single.715ee099f76e69edbeb5604a82a532b4,broad,200C,single,,,,"COMPLIANCE, REMOVE, removal","CO‌MPLIANCE, RE‌MOVE, re‌moval"
00417.715ee099f76e69edbeb5604a82a532b4,00417__salted__broad__cp200D__single.715ee099f76e69edbeb5604a82a532b4,broad,200D,single,,,,"COMPLIANCE, REMOVE, removal","CO‍MPLIANCE, RE‍MOVE, re‍moval"
00417.715ee099f76e69edbeb5604a82a532b4,00417__salted__broad__cp00AD__single.715ee099f76e69edbeb5604a82a532b4,broad,00AD,single,,,,"COMPLIANCE, REMOVE, removal","CO­MPLIANCE, RE­MOVE, re­moval"
00417.7b196fd20fd308e0afa9032ccb02474b,00417__salted__broad__cp200B__single.7b196fd20fd308e0afa9032ccb02474b,broad,200B,single,,Adv,Ad​v,,
00417.7b196fd20fd308e0afa9032ccb02474b,00417__salted__broad__cp200C__single.7b196fd20fd308e0afa9032ccb02474b,broad,200C,single,,Adv,Ad‌v,,
00417.7b196fd20fd308e0afa9032ccb02474b,00417__salted__broad__cp200D__single.7b196fd20fd308e0afa9032ccb02474b,broad,200D,single,,Adv,Ad‍v,,
00417.7b196fd20fd308e0afa9032ccb02474b,00417__salted__broad__cp00AD__single.7b196fd20fd308e0afa9032ccb02474b,broad,00AD,single,,Adv,Ad­v,,
00418.16b11d584531ea6f8e334bf92e5560ec,00418__salted__broad__cp200B__single.16b11d584531ea6f8e334bf92e5560ec,broad,200B,single,,Fees,Fe​es,,
00418.16b11d584531ea6f8e334bf92e5560ec,00418__salted__broad__cp200C__single.16b11d584531ea6f8e334bf92e5560ec,broad,200C,single,,Fees,Fe‌es,,
00418.16b11d584531ea6f8e334bf92e5560ec,00418__salted__broad__cp200D__single.16b11d584531ea6f8e334bf92e5560ec,broad,200D,single,,Fees,Fe‍es,,
00418.16b11d584531ea6f8e334bf92e5560ec,00418__salted__broad__cp00AD__single.16b11d584531ea6f8e334bf92e5560ec,broad,00AD,single,,Fees,Fe­es,,
00419.141092086514a246ff2ff8d4bc523400,00419__salted__broad__cp200B__single.141092086514a246ff2ff8d4bc523400,broad,200B,single,,Earning,Ea​rning,"motivated, qualified, qualify","mo​tivated, qu​alified, qu​alify"
00419.141092086514a246ff2ff8d4bc523400,00419__salted__broad__cp200C__single.141092086514a246ff2ff8d4bc523400,broad,200C,single,,Earning,Ea‌rning,"motivated, qualified, qualify","mo‌tivated, qu‌alified, qu‌alify"
00419.141092086514a246ff2ff8d4bc523400,00419__salted__broad__cp200D__single.141092086514a246ff2ff8d4bc523400,broad,200D,single,,Earning,Ea‍rning,"motivated, qualified, qualify","mo‍tivated, qu‍alified, qu‍alify"
00419.141092086514a246ff2ff8d4bc523400,00419__salted__broad__cp00AD__single.141092086514a246ff2ff8d4bc523400,broad,00AD,single,,Earning,Ea­rning,"motivated, qualified, qualify","mo­tivated, qu­alified, qu­alify"
00419.ed8fc5e3278d344ba897c8e9614acb38,00419__salted__broad__cp200B__single.ed8fc5e3278d344ba897c8e9614acb38,broad,200B,single,,,,"HOURS, Click, contacts","HO​URS, Cl​ick, co​ntacts"
00419.ed8fc5e3278d344ba897c8e9614acb38,00419__salted__broad__cp200C__single.ed8fc5e3278d344ba897c8e9614acb38,broad,200C,single,,,,"HOURS, Click, contacts","HO‌URS, Cl‌ick, co‌ntacts"
00419.ed8fc5e3278d344ba897c8e9614acb38,00419__salted__broad__cp200D__single.ed8fc5e3278d344ba897c8e9614acb38,broad,200D,single,,,,"HOURS, Click, contacts","HO‍URS, Cl‍ick, co‍ntacts"
00419.ed8fc5e3278d344ba897c8e9614acb38,00419__salted__broad__cp00AD__single.ed8fc5e3278d344ba897c8e9614acb38,broad,00AD,single,,,,"HOURS, Click, contacts","HO­URS, Cl­ick, co­ntacts"
00420.cf4550c21f1afd532c171e6e3e10f135,00420__salted__broad__cp200B__single.cf4550c21f1afd532c171e6e3e10f135,broad,200B,single,,Guarantees,Gu​arantees,,
00420.cf4550c21f1afd532c171e6e3e10f135,00420__salted__broad__cp200C__single.cf4550c21f1afd532c171e6e3e10f135,broad,200C,single,,Guarantees,Gu‌arantees,,
00420.cf4550c21f1afd532c171e6e3e10f135,00420__salted__broad__cp200D__single.cf4550c21f1afd532c171e6e3e10f135,broad,200D,single,,Guarantees,Gu‍arantees,,
00420.cf4550c21f1afd532c171e6e3e10f135,00420__salted__broad__cp00AD__single.cf4550c21f1afd532c171e6e3e10f135,broad,00AD,single,,Guarantees,Gu­arantees,,
00420.e208f7d65551c01efaa3b4ee4bc4df3c,00420__salted__broad__cp200B__single.e208f7d65551c01efaa3b4ee4bc4df3c,broad,200B,single,,,,"discount, prices, exciting","di​scount, pr​ices, ex​citing"
00420.e208f7d65551c01efaa3b4ee4bc4df3c,00420__salted__broad__cp200C__single.e208f7d65551c01efaa3b4ee4bc4df3c,broad,200C,single,,,,"discount, prices, exciting","di‌scount, pr‌ices, ex‌citing"
00420.e208f7d65551c01efaa3b4ee4bc4df3c,00420__salted__broad__cp200D__single.e208f7d65551c01efaa3b4ee4bc4df3c,broad,200D,single,,,,"discount, prices, exciting","di‍scount, pr‍ices, ex‍citing"
00420.e208f7d65551c01efaa3b4ee4bc4df3c,00420__salted__broad__cp00AD__single.e208f7d65551c01efaa3b4ee4bc4df3c,broad,00AD,single,,,,"discount, prices, exciting","di­scount, pr­ices, ex­citing"
00422.7d5baf3fe64de8647b41aeb820ada876,00422__salted__broad__cp200B__single.7d5baf3fe64de8647b41aeb820ada876,broad,200B,single,,Earn,Ea​rn,"opt, marketing, hours","op​t, ma​rketing, ho​urs"
00422.7d5baf3fe64de8647b41aeb820ada876,00422__salted__broad__cp200C__single.7d5baf3fe64de8647b41aeb820ada876,broad,200C,single,,Earn,Ea‌rn,"opt, marketing, hours","op‌t, ma‌rketing, ho‌urs"
00422.7d5baf3fe64de8647b41aeb820ada876,00422__salted__broad__cp200D__single.7d5baf3fe64de8647b41aeb820ada876,broad,200D,single,,Earn,Ea‍rn,"opt, marketing, hours","op‍t, ma‍rketing, ho‍urs"
00422.7d5baf3fe64de8647b41aeb820ada876,00422__salted__broad__cp00AD__single.7d5baf3fe64de8647b41aeb820ada876,broad,00AD,single,,Earn,Ea­rn,"opt, marketing, hours","op­t, ma­rketing, ho­urs"
00422.bdbc5ccdcc5058dcb4808fbdbaceffeb,00422__salted__broad__cp200B__single.bdbc5ccdcc5058dcb4808fbdbaceffeb,broad,200B,single,,,,"NBC, CBS, CNN","NB​C, CB​S, CN​N"
00422.bdbc5ccdcc5058dcb4808fbdbaceffeb,00422__salted__broad__cp200C__single.bdbc5ccdcc5058dcb4808fbdbaceffeb,broad,200C,single,,,,"NBC, CBS, CNN","NB‌C, CB‌S, CN‌N"
00422.bdbc5ccdcc5058dcb4808fbdbaceffeb,00422__salted__broad__cp200D__single.bdbc5ccdcc5058dcb4808fbdbaceffeb,broad,200D,single,,,,"NBC, CBS, CNN","NB‍C, CB‍S, CN‍N"
00422.bdbc5ccdcc5058dcb4808fbdbaceffeb,00422__salted__broad__cp00AD__single.bdbc5ccdcc5058dcb4808fbdbaceffeb,broad,00AD,single,,,,"NBC, CBS, CNN","NB­C, CB­S, CN­N"
00423.bee32224fd8c9c8c06e2099d9c2adccd,00423__salted__broad__cp200B__single.bee32224fd8c9c8c06e2099d9c2adccd,broad,200B,single,,Earn,Ea​rn,"opt, marketing, hours","op​t, ma​rketing, ho​urs"
00423.bee32224fd8c9c8c06e2099d9c2adccd,00423__salted__broad__cp200C__single.bee32224fd8c9c8c06e2099d9c2adccd,broad,200C,single,,Earn,Ea‌rn,"opt, marketing, hours","op‌t, ma‌rketing, ho‌urs"
00423.bee32224fd8c9c8c06e2099d9c2adccd,00423__salted__broad__cp200D__single.bee32224fd8c9c8c06e2099d9c2adccd,broad,200D,single,,Earn,Ea‍rn,"opt, marketing, hours","op‍t, ma‍rketing, ho‍urs"
00423.bee32224fd8c9c8c06e2099d9c2adccd,00423__salted__broad__cp00AD__single.bee32224fd8c9c8c06e2099d9c2adccd,broad,00AD,single,,Earn,Ea­rn,"opt, marketing, hours","op­t, ma­rketing, ho­urs"
00424.762694cd4e29f39d544e03cd3c974a25,00424__salted__broad__cp200B__single.762694cd4e29f39d544e03cd3c974a25,broad,200B,single,,Guaranteed,Gu​aranteed,"Risk, Medical, Guarantee","Ri​sk, Me​dical, Gu​arantee"
00424.762694cd4e29f39d544e03cd3c974a25,00424__salted__broad__cp200C__single.762694cd4e29f39d544e03cd3c974a25,broad,200C,single,,Guaranteed,Gu‌aranteed,"Risk, Medical, Guarantee","Ri‌sk, Me‌dical, Gu‌arantee"
00424.762694cd4e29f39d544e03cd3c974a25,00424__salted__broad__cp200D__single.762694cd4e29f39d544e03cd3c974a25,broad,200D,single,,Guaranteed,Gu‍aranteed,"Risk, Medical, Guarantee","Ri‍sk, Me‍dical, Gu‍arantee"
00424.762694cd4e29f39d544e03cd3c974a25,00424__salted__broad__cp00AD__single.762694cd4e29f39d544e03cd3c974a25,broad,00AD,single,,Guaranteed,Gu­aranteed,"Risk, Medical, Guarantee","Ri­sk, Me­dical, Gu­arantee"
00424.9acca894169b3162d76ebddb69097f3c,00424__salted__broad__cp200B__single.9acca894169b3162d76ebddb69097f3c,broad,200B,single,,Guaranteed,Gu​aranteed,,
00424.9acca894169b3162d76ebddb69097f3c,00424__salted__broad__cp200C__single.9acca894169b3162d76ebddb69097f3c,broad,200C,single,,Guaranteed,Gu‌aranteed,,
00424.9acca894169b3162d76ebddb69097f3c,00424__salted__broad__cp200D__single.9acca894169b3162d76ebddb69097f3c,broad,200D,single,,Guaranteed,Gu‍aranteed,,
00424.9acca894169b3162d76ebddb69097f3c,00424__salted__broad__cp00AD__single.9acca894169b3162d76ebddb69097f3c,broad,00AD,single,,Guaranteed,Gu­aranteed,,
00427.fa1252c91a3b89bb64bc2bc217725e26,00427__salted__broad__cp200B__single.fa1252c91a3b89bb64bc2bc217725e26,broad,200B,single,,account,ac​count,"hours, secret, secret","ho​urs, se​cret, se​cret"
00427.fa1252c91a3b89bb64bc2bc217725e26,00427__salted__broad__cp200C__single.fa1252c91a3b89bb64bc2bc217725e26,broad,200C,single,,account,ac‌count,"hours, secret, secret","ho‌urs, se‌cret, se‌cret"
00427.fa1252c91a3b89bb64bc2bc217725e26,00427__salted__broad__cp200D__single.fa1252c91a3b89bb64bc2bc217725e26,broad,200D,single,,account,ac‍count,"hours, secret, secret","ho‍urs, se‍cret, se‍cret"
00427.fa1252c91a3b89bb64bc2bc217725e26,00427__salted__broad__cp00AD__single.fa1252c91a3b89bb64bc2bc217725e26,broad,00AD,single,,account,ac­count,"hours, secret, secret","ho­urs, se­cret, se­cret"
00428.a7bbcb15affd49a93d516d5ed5700d66,00428__salted__broad__cp200B__single.a7bbcb15affd49a93d516d5ed5700d66,broad,200B,single,,FORTUNE,FO​RTUNE,"income, fortune, motivated","in​come, fo​rtune, mo​tivated"
00428.a7bbcb15affd49a93d516d5ed5700d66,00428__salted__broad__cp200C__single.a7bbcb15affd49a93d516d5ed5700d66,broad,200C,single,,FORTUNE,FO‌RTUNE,"income, fortune, motivated","in‌come, fo‌rtune, mo‌tivated"
00428.a7bbcb15affd49a93d516d5ed5700d66,00428__salted__broad__cp200D__single.a7bbcb15affd49a93d516d5ed5700d66,broad,200D,single,,FORTUNE,FO‍RTUNE,"income, fortune, motivated","in‍come, fo‍rtune, mo‍tivated"
00428.a7bbcb15affd49a93d516d5ed5700d66,00428__salted__broad__cp00AD__single.a7bbcb15affd49a93d516d5ed5700d66,broad,00AD,single,,FORTUNE,FO­RTUNE,"income, fortune, motivated","in­come, fo­rtune, mo­tivated"
00429.0061e48e64f9ce93ffae69bba9151357,00429__salted__broad__cp200B__single.0061e48e64f9ce93ffae69bba9151357,broad,200B,single,,,,"adv, Sincerely, Remove","ad​v, Si​ncerely, Re​move"
00429.0061e48e64f9ce93ffae69bba9151357,00429__salted__broad__cp200C__single.0061e48e64f9ce93ffae69bba9151357,broad,200C,single,,,,"adv, Sincerely, Remove","ad‌v, Si‌ncerely, Re‌move"
00429.0061e48e64f9ce93ffae69bba9151357,00429__salted__broad__cp200D__single.0061e48e64f9ce93ffae69bba9151357,broad,200D,single,,,,"adv, Sincerely, Remove","ad‍v, Si‍ncerely, Re‍move"
00429.0061e48e64f9ce93ffae69bba9151357,00429__salted__broad__cp00AD__single.0061e48e64f9ce93ffae69bba9151357,broad,00AD,single,,,,"adv, Sincerely, Remove","ad­v, Si­ncerely, Re­move"
00431.12b2043fed99f1202eb0677969d1a61e,00431__salted__broad__cp200B__single.12b2043fed99f1202eb0677969d1a61e,broad,200B,single,,ADV,AD​V,,
00431.12b2043fed99f1202eb0677969d1a61e,00431__salted__broad__cp200C__single.12b2043fed99f1202eb0677969d1a61e,broad,200C,single,,ADV,AD‌V,,
00431.12b2043fed99f1202eb0677969d1a61e,00431__salted__broad__cp200D__single.12b2043fed99f1202eb0677969d1a61e,broad,200D,single,,ADV,AD‍V,,
00431.12b2043fed99f1202eb0677969d1a61e,00431__salted__broad__cp00AD__single.12b2043fed99f1202eb0677969d1a61e,broad,00AD,single,,ADV,AD­V,,
00431.c6a126091c0bcbc44e58e238ca4d02c6,00431__salted__broad__cp200B__single.c6a126091c0bcbc44e58e238ca4d02c6,broad,200B,single,,ADV,AD​V,,
00431.c6a126091c0bcbc44e58e238ca4d02c6,00431__salted__broad__cp200C__single.c6a126091c0bcbc44e58e238ca4d02c6,broad,200C,single,,ADV,AD‌V,,
00431.c6a126091c0bcbc44e58e238ca4d02c6,00431__salted__broad__cp200D__single.c6a126091c0bcbc44e58e238ca4d02c6,broad,200D,single,,ADV,AD‍V,,
00431.c6a126091c0bcbc44e58e238ca4d02c6,00431__salted__broad__cp00AD__single.c6a126091c0bcbc44e58e238ca4d02c6,broad,00AD,single,,ADV,AD­V,,
00432.40ceb2dcb26e292ea6fd8669dfc9b4c5,00432__salted__broad__cp200B__single.40ceb2dcb26e292ea6fd8669dfc9b4c5,broad,200B,single,,,,"AFRICA, DEAR, CONTACT","AF​RICA, DE​AR, CO​NTACT"
00432.40ceb2dcb26e292ea6fd8669dfc9b4c5,00432__salted__broad__cp200C__single.40ceb2dcb26e292ea6fd8669dfc9b4c5,broad,200C,single,,,,"AFRICA, DEAR, CONTACT","AF‌RICA, DE‌AR, CO‌NTACT"
00432.40ceb2dcb26e292ea6fd8669dfc9b4c5,00432__salted__broad__cp200D__single.40ceb2dcb26e292ea6fd8669dfc9b4c5,broad,200D,single,,,,"AFRICA, DEAR, CONTACT","AF‍RICA, DE‍AR, CO‍NTACT"
00432.40ceb2dcb26e292ea6fd8669dfc9b4c5,00432__salted__broad__cp00AD__single.40ceb2dcb26e292ea6fd8669dfc9b4c5,broad,00AD,single,,,,"AFRICA, DEAR, CONTACT","AF­RICA, DE­AR, CO­NTACT"
00432.d0728a14791872b0fdbba5d730bb1426,00432__salted__broad__cp200B__single.d0728a14791872b0fdbba5d730bb1426,broad,200B,single,,credit,cr​edit,,
00432.d0728a14791872b0fdbba5d730bb1426,00432__salted__broad__cp200C__single.d0728a14791872b0fdbba5d730bb1426,broad,200C,single,,credit,cr‌edit,,
00432.d0728a14791872b0fdbba5d730bb1426,00432__salted__broad__cp200D__single.d0728a14791872b0fdbba5d730bb1426,broad,200D,single,,credit,cr‍edit,,
00432.d0728a14791872b0fdbba5d730bb1426,00432__salted__broad__cp00AD__single.d0728a14791872b0fdbba5d730bb1426,broad,00AD,single,,credit,cr­edit,,
00434.8507c67a652e01636df9b92a0a397193,00434__salted__broad__cp200B__single.8507c67a652e01636df9b92a0a397193,broad,200B,single,,Mortgage,Mo​rtgage,,
00434.8507c67a652e01636df9b92a0a397193,00434__salted__broad__cp200C__single.8507c67a652e01636df9b92a0a397193,broad,200C,single,,Mortgage,Mo‌rtgage,,
00434.8507c67a652e01636df9b92a0a397193,00434__salted__broad__cp200D__single.8507c67a652e01636df9b92a0a397193,broad,200D,single,,Mortgage,Mo‍rtgage,,
00434.8507c67a652e01636df9b92a0a397193,00434__salted__broad__cp00AD__single.8507c67a652e01636df9b92a0a397193,broad,00AD,single,,Mortgage,Mo­rtgage,,
00435.5fcb8673ad1922e806a0505769985c69,00435__salted__broad__cp200B__single.5fcb8673ad1922e806a0505769985c69,broad,200B,single,,expenses,ex​penses,,
00435.5fcb8673ad1922e806a0505769985c69,00435__salted__broad__cp200C__single.5fcb8673ad1922e806a0505769985c69,broad,200C,single,,expenses,ex‌penses,,
00435.5fcb8673ad1922e806a0505769985c69,00435__salted__broad__cp200D__single.5fcb8673ad1922e806a0505769985c69,broad,200D,single,,expenses,ex‍penses,,
00435.5fcb8673ad1922e806a0505769985c69,00435__salted__broad__cp00AD__single.5fcb8673ad1922e806a0505769985c69,broad,00AD,single,,expenses,ex­penses,,
00435.69467ebbdbdd2d891624bf8fccda579f,00435__salted__broad__cp200B__single.69467ebbdbdd2d891624bf8fccda579f,broad,200B,single,,,,"sale, sale, receive","sa​le, sa​le, re​ceive"
00435.69467ebbdbdd2d891624bf8fccda579f,00435__salted__broad__cp200C__single.69467ebbdbdd2d891624bf8fccda579f,broad,200C,single,,,,"sale, sale, receive","sa‌le, sa‌le, re‌ceive"
00435.69467ebbdbdd2d891624bf8fccda579f,00435__salted__broad__cp200D__single.69467ebbdbdd2d891624bf8fccda579f,broad,200D,single,,,,"sale, sale, receive","sa‍le, sa‍le, re‍ceive"
00435.69467ebbdbdd2d891624bf8fccda579f,00435__salted__broad__cp00AD__single.69467ebbdbdd2d891624bf8fccda579f,broad,00AD,single,,,,"sale, sale, receive","sa­le, sa­le, re­ceive"
00436.4ef1bd17d9202e4229485da7a47afd6c,00436__salted__broad__cp200B__single.4ef1bd17d9202e4229485da7a47afd6c,broad,200B,single,,,,"City, Associates, Insurance","Ci​ty, As​sociates, In​surance"
00436.4ef1bd17d9202e4229485da7a47afd6c,00436__salted__broad__cp200C__single.4ef1bd17d9202e4229485da7a47afd6c,broad,200C,single,,,,"City, Associates, Insurance","Ci‌ty, As‌sociates, In‌surance"
00436.4ef1bd17d9202e4229485da7a47afd6c,00436__salted__broad__cp200D__single.4ef1bd17d9202e4229485da7a47afd6c,broad,200D,single,,,,"City, Associates, Insurance","Ci‍ty, As‍sociates, In‍surance"
00436.4ef1bd17d9202e4229485da7a47afd6c,00436__salted__broad__cp00AD__single.4ef1bd17d9202e4229485da7a47afd6c,broad,00AD,single,,,,"City, Associates, Insurance","Ci­ty, As­sociates, In­surance"
00436.9fc1d953c6a282c5b66e4ed1cf1b866f,00436__salted__broad__cp200B__single.9fc1d953c6a282c5b66e4ed1cf1b866f,broad,200B,single,,annuity,an​nuity,"sales, commissions, secrets","sa​les, co​mmissions, se​crets"
00436.9fc1d953c6a282c5b66e4ed1cf1b866f,00436__salted__broad__cp200C__single.9fc1d953c6a282c5b66e4ed1cf1b866f,broad,200C,single,,annuity,an‌nuity,"sales, commissions, secrets","sa‌les, co‌mmissions, se‌crets"
00436.9fc1d953c6a282c5b66e4ed1cf1b866f,00436__salted__broad__cp200D__single.9fc1d953c6a282c5b66e4ed1cf1b866f,broad,200D,single,,annuity,an‍nuity,"sales, commissions, secrets","sa‍les, co‍mmissions, se‍crets"
00436.9fc1d953c6a282c5b66e4ed1cf1b866f,00436__salted__broad__cp00AD__single.9fc1d953c6a282c5b66e4ed1cf1b866f,broad,00AD,single,,annuity,an­nuity,"sales, commissions, secrets","sa­les, co­mmissions, se­crets"
00437.a88b8673cb52537e09bc37a163c1635f,00437__salted__broad__cp200B__single.a88b8673cb52537e09bc37a163c1635f,broad,200B,single,,marketing,ma​rketing,,
00437.a88b8673cb52537e09bc37a163c1635f,00437__salted__broad__cp200C__single.a88b8673cb52537e09bc37a163c1635f,broad,200C,single,,marketing,ma‌rketing,,
00437.a88b8673cb52537e09bc37a163c1635f,00437__salted__broad__cp200D__single.a88b8673cb52537e09bc37a163c1635f,broad,200D,single,,marketing,ma‍rketing,,
00437.a88b8673cb52537e09bc37a163c1635f,00437__salted__broad__cp00AD__single.a88b8673cb52537e09bc37a163c1635f,broad,00AD,single,,marketing,ma­rketing,,
00437.defdb75139dbe5cdd027cbab9f704a27,00437__salted__broad__cp200B__single.defdb75139dbe5cdd027cbab9f704a27,broad,200B,single,,shipping,sh​ipping,,
00437.defdb75139dbe5cdd027cbab9f704a27,00437__salted__broad__cp200C__single.defdb75139dbe5cdd027cbab9f704a27,broad,200C,single,,shipping,sh‌ipping,,
00437.defdb75139dbe5cdd027cbab9f704a27,00437__salted__broad__cp200D__single.defdb75139dbe5cdd027cbab9f704a27,broad,200D,single,,shipping,sh‍ipping,,
00437.defdb75139dbe5cdd027cbab9f704a27,00437__salted__broad__cp00AD__single.defdb75139dbe5cdd027cbab9f704a27,broad,00AD,single,,shipping,sh­ipping,,
00438.41295e1df4b651b7611316331b8468e4,00438__salted__broad__cp200B__single.41295e1df4b651b7611316331b8468e4,broad,200B,single,,Lenders,Le​nders,"Dear, Rates, lowest","De​ar, Ra​tes, lo​west"
00438.41295e1df4b651b7611316331b8468e4,00438__salted__broad__cp200C__single.41295e1df4b651b7611316331b8468e4,broad,200C,single,,Lenders,Le‌nders,"Dear, Rates, lowest","De‌ar, Ra‌tes, lo‌west"
00438.41295e1df4b651b7611316331b8468e4,00438__salted__broad__cp200D__single.41295e1df4b651b7611316331b8468e4,broad,200D,single,,Lenders,Le‍nders,"Dear, Rates, lowest","De‍ar, Ra‍tes, lo‍west"
00438.41295e1df4b651b7611316331b8468e4,00438__salted__broad__cp00AD__single.41295e1df4b651b7611316331b8468e4,broad,00AD,single,,Lenders,Le­nders,"Dear, Rates, lowest","De­ar, Ra­tes, lo­west"
00438.cf76c0c71830d5e8ddec01a597f149a5,00438__salted__broad__cp200B__single.cf76c0c71830d5e8ddec01a597f149a5,broad,200B,single,,Credit,Cr​edit,"credit, credit, credit","cr​edit, cr​edit, cr​edit"
00438.cf76c0c71830d5e8ddec01a597f149a5,00438__salted__broad__cp200C__single.cf76c0c71830d5e8ddec01a597f149a5,broad,200C,single,,Credit,Cr‌edit,"credit, credit, credit","cr‌edit, cr‌edit, cr‌edit"
00438.cf76c0c71830d5e8ddec01a597f149a5,00438__salted__broad__cp200D__single.cf76c0c71830d5e8ddec01a597f149a5,broad,200D,single,,Credit,Cr‍edit,"credit, credit, credit","cr‍edit, cr‍edit, cr‍edit"
00438.cf76c0c71830d5e8ddec01a597f149a5,00438__salted__broad__cp00AD__single.cf76c0c71830d5e8ddec01a597f149a5,broad,00AD,single,,Credit,Cr­edit,"credit, credit, credit","cr­edit, cr­edit, cr­edit"
00440.cefb7176fea7baf69c5e9d8b2f1a2b54,00440__salted__broad__cp200B__single.cefb7176fea7baf69c5e9d8b2f1a2b54,broad,200B,single,,,,"receive, opportunity, participate","re​ceive, op​portunity, pa​rticipate"
00440.cefb7176fea7baf69c5e9d8b2f1a2b54,00440__salted__broad__cp200C__single.cefb7176fea7baf69c5e9d8b2f1a2b54,broad,200C,single,,,,"receive, opportunity, participate","re‌ceive, op‌portunity, pa‌rticipate"
00440.cefb7176fea7baf69c5e9d8b2f1a2b54,00440__salted__broad__cp200D__single.cefb7176fea7baf69c5e9d8b2f1a2b54,broad,200D,single,,,,"receive, opportunity, participate","re‍ceive, op‍portunity, pa‍rticipate"
00440.cefb7176fea7baf69c5e9d8b2f1a2b54,00440__salted__broad__cp00AD__single.cefb7176fea7baf69c5e9d8b2f1a2b54,broad,00AD,single,,,,"receive, opportunity, participate","re­ceive, op­portunity, pa­rticipate"
00441.3b9c3055e08bda4c0f7eea43749e324c,00441__salted__broad__cp200B__single.3b9c3055e08bda4c0f7eea43749e324c,broad,200B,single,,Mortgage,Mo​rtgage,,
00441.3b9c3055e08bda4c0f7eea43749e324c,00441__salted__broad__cp200C__single.3b9c3055e08bda4c0f7eea43749e324c,broad,200C,single,,Mortgage,Mo‌rtgage,,
00441.3b9c3055e08bda4c0f7eea43749e324c,00441__salted__broad__cp200D__single.3b9c3055e08bda4c0f7eea43749e324c,broad,200D,single,,Mortgage,Mo‍rtgage,,
00441.3b9c3055e08bda4c0f7eea43749e324c,00441__salted__broad__cp00AD__single.3b9c3055e08bda4c0f7eea43749e324c,broad,00AD,single,,Mortgage,Mo­rtgage,,
00442.6a4db031f5561b90c04bb3d3aee31e85,00442__salted__broad__cp200B__single.6a4db031f5561b90c04bb3d3aee31e85,broad,200B,single,,Credit,Cr​edit,"Credit, Loans, Credit","Cr​edit, Lo​ans, Cr​edit"
00442.6a4db031f5561b90c04bb3d3aee31e85,00442__salted__broad__cp200C__single.6a4db031f5561b90c04bb3d3aee31e85,broad,200C,single,,Credit,Cr‌edit,"Credit, Loans, Credit","Cr‌edit, Lo‌ans, Cr‌edit"
00442.6a4db031f5561b90c04bb3d3aee31e85,00442__salted__broad__cp200D__single.6a4db031f5561b90c04bb3d3aee31e85,broad,200D,single,,Credit,Cr‍edit,"Credit, Loans, Credit","Cr‍edit, Lo‍ans, Cr‍edit"
00442.6a4db031f5561b90c04bb3d3aee31e85,00442__salted__broad__cp00AD__single.6a4db031f5561b90c04bb3d3aee31e85,broad,00AD,single,,Credit,Cr­edit,"Credit, Loans, Credit","Cr­edit, Lo­ans, Cr­edit"
00443.70c948096c848777e165daacad17ce78,00443__salted__broad__cp200B__single.70c948096c848777e165daacad17ce78,broad,200B,single,,,,"Bonus, removed, excite","Bo​nus, re​moved, ex​cite"
00443.70c948096c848777e165daacad17ce78,00443__salted__broad__cp200C__single.70c948096c848777e165daacad17ce78,broad,200C,single,,,,"Bonus, removed, excite","Bo‌nus, re‌moved, ex‌cite"
00443.70c948096c848777e165daacad17ce78,00443__salted__broad__cp200D__single.70c948096c848777e165daacad17ce78,broad,200D,single,,,,"Bonus, removed, excite","Bo‍nus, re‍moved, ex‍cite"
00443.70c948096c848777e165daacad17ce78,00443__salted__broad__cp00AD__single.70c948096c848777e165daacad17ce78,broad,00AD,single,,,,"Bonus, removed, excite","Bo­nus, re­moved, ex­cite"
00444.2657e8ab181a4ba04b6515d5c379b9f0,00444__salted__broad__cp200B__single.2657e8ab181a4ba04b6515d5c379b9f0,broad,200B,single,,Insurance,In​surance,,
00444.2657e8ab181a4ba04b6515d5c379b9f0,00444__salted__broad__cp200C__single.2657e8ab181a4ba04b6515d5c379b9f0,broad,200C,single,,Insurance,In‌surance,,
00444.2657e8ab181a4ba04b6515d5c379b9f0,00444__salted__broad__cp200D__single.2657e8ab181a4ba04b6515d5c379b9f0,broad,200D,single,,Insurance,In‍surance,,
00444.2657e8ab181a4ba04b6515d5c379b9f0,00444__salted__broad__cp00AD__single.2657e8ab181a4ba04b6515d5c379b9f0,broad,00AD,single,,Insurance,In­surance,,
00444.33afc8c1f9cea3100ca8502e8a785259,00444__salted__broad__cp200B__single.33afc8c1f9cea3100ca8502e8a785259,broad,200B,single,,,,"Brand, brand, click","Br​and, br​and, cl​ick"
00444.33afc8c1f9cea3100ca8502e8a785259,00444__salted__broad__cp200C__single.33afc8c1f9cea3100ca8502e8a785259,broad,200C,single,,,,"Brand, brand, click","Br‌and, br‌and, cl‌ick"
00444.33afc8c1f9cea3100ca8502e8a785259,00444__salted__broad__cp200D__single.33afc8c1f9cea3100ca8502e8a785259,broad,200D,single,,,,"Brand, brand, click","Br‍and, br‍and, cl‍ick"
00444.33afc8c1f9cea3100ca8502e8a785259,00444__salted__broad__cp00AD__single.33afc8c1f9cea3100ca8502e8a785259,broad,00AD,single,,,,"Brand, brand, click","Br­and, br­and, cl­ick"
00445.94d3ccfafc541255ff46625091d333e4,00445__salted__broad__cp200B__single.94d3ccfafc541255ff46625091d333e4,broad,200B,single,,Discount,Di​scount,"emails, offering, emails","em​ails, of​fering, em​ails"
00445.94d3ccfafc541255ff46625091d333e4,00445__salted__broad__cp200C__single.94d3ccfafc541255ff46625091d333e4,broad,200C,single,,Discount,Di‌scount,"emails, offering, emails","em‌ails, of‌fering, em‌ails"
00445.94d3ccfafc541255ff46625091d333e4,00445__salted__broad__cp200D__single.94d3ccfafc541255ff46625091d333e4,broad,200D,single,,Discount,Di‍scount,"emails, offering, emails","em‍ails, of‍fering, em‍ails"
00445.94d3ccfafc541255ff46625091d333e4,00445__salted__broad__cp00AD__single.94d3ccfafc541255ff46625091d333e4,broad,00AD,single,,Discount,Di­scount,"emails, offering, emails","em­ails, of­fering, em­ails"
00446.dbbe3d81a19420ba8c135ac7f044319c,00446__salted__broad__cp200B__single.dbbe3d81a19420ba8c135ac7f044319c,broad,200B,single,,Cash,Ca​sh,"Proven, Registered, Opportunity","Pr​oven, Re​gistered, Op​portunity"
00446.dbbe3d81a19420ba8c135ac7f044319c,00446__salted__broad__cp200C__single.dbbe3d81a19420ba8c135ac7f044319c,broad,200C,single,,Cash,Ca‌sh,"Proven, Registered, Opportunity","Pr‌oven, Re‌gistered, Op‌portunity"
00446.dbbe3d81a19420ba8c135ac7f044319c,00446__salted__broad__cp200D__single.dbbe3d81a19420ba8c135ac7f044319c,broad,200D,single,,Cash,Ca‍sh,"Proven, Registered, Opportunity","Pr‍oven, Re‍gistered, Op‍portunity"
00446.dbbe3d81a19420ba8c135ac7f044319c,00446__salted__broad__cp00AD__single.dbbe3d81a19420ba8c135ac7f044319c,broad,00AD,single,,Cash,Ca­sh,"Proven, Registered, Opportunity","Pr­oven, Re­gistered, Op­portunity"
00447.bd5eb01e94f6d127465bf325513b2516,00447__salted__broad__cp200B__single.bd5eb01e94f6d127465bf325513b2516,broad,200B,single,,,,"guarantee, Obligation, btamail","gu​arantee, Ob​ligation, bt​amail"
00447.bd5eb01e94f6d127465bf325513b2516,00447__salted__broad__cp200C__single.bd5eb01e94f6d127465bf325513b2516,broad,200C,single,,,,"guarantee, Obligation, btamail","gu‌arantee, Ob‌ligation, bt‌amail"
00447.bd5eb01e94f6d127465bf325513b2516,00447__salted__broad__cp200D__single.bd5eb01e94f6d127465bf325513b2516,broad,200D,single,,,,"guarantee, Obligation, btamail","gu‍arantee, Ob‍ligation, bt‍amail"
00447.bd5eb01e94f6d127465bf325513b2516,00447__salted__broad__cp00AD__single.bd5eb01e94f6d127465bf325513b2516,broad,00AD,single,,,,"guarantee, Obligation, btamail","gu­arantee, Ob­ligation, bt­amail"
00448.65d06c45ea553e3fddf51645ae6b07f0,00448__salted__broad__cp200B__single.65d06c45ea553e3fddf51645ae6b07f0,broad,200B,single,,ADV,AD​V,,
00448.65d06c45ea553e3fddf51645ae6b07f0,00448__salted__broad__cp200C__single.65d06c45ea553e3fddf51645ae6b07f0,broad,200C,single,,ADV,AD‌V,,
00448.65d06c45ea553e3fddf51645ae6b07f0,00448__salted__broad__cp200D__single.65d06c45ea553e3fddf51645ae6b07f0,broad,200D,single,,ADV,AD‍V,,
00448.65d06c45ea553e3fddf51645ae6b07f0,00448__salted__broad__cp00AD__single.65d06c45ea553e3fddf51645ae6b07f0,broad,00AD,single,,ADV,AD­V,,
00450.acfa2d7f64e43ef04600e30fdecff8ec,00450__salted__broad__cp200B__single.acfa2d7f64e43ef04600e30fdecff8ec,broad,200B,single,,guide,gu​ide,,
00450.acfa2d7f64e43ef04600e30fdecff8ec,00450__salted__broad__cp200C__single.acfa2d7f64e43ef04600e30fdecff8ec,broad,200C,single,,guide,gu‌ide,,
00450.acfa2d7f64e43ef04600e30fdecff8ec,00450__salted__broad__cp200D__single.acfa2d7f64e43ef04600e30fdecff8ec,broad,200D,single,,guide,gu‍ide,,
00450.acfa2d7f64e43ef04600e30fdecff8ec,00450__salted__broad__cp00AD__single.acfa2d7f64e43ef04600e30fdecff8ec,broad,00AD,single,,guide,gu­ide,,
00451.bbff6de62f0340d64a044870dbedafba,00451__salted__broad__cp200B__single.bbff6de62f0340d64a044870dbedafba,broad,200B,single,,HGH,HG​H,,
00451.bbff6de62f0340d64a044870dbedafba,00451__salted__broad__cp200C__single.bbff6de62f0340d64a044870dbedafba,broad,200C,single,,HGH,HG‌H,,
00451.bbff6de62f0340d64a044870dbedafba,00451__salted__broad__cp200D__single.bbff6de62f0340d64a044870dbedafba,broad,200D,single,,HGH,HG‍H,,
00451.bbff6de62f0340d64a044870dbedafba,00451__salted__broad__cp00AD__single.bbff6de62f0340d64a044870dbedafba,broad,00AD,single,,HGH,HG­H,,
00452.ed43fc952c31c82aa29646edfbecb03f,00452__salted__broad__cp200B__single.ed43fc952c31c82aa29646edfbecb03f,broad,200B,single,,,,"discount, prices, exciting","di​scount, pr​ices, ex​citing"
00452.ed43fc952c31c82aa29646edfbecb03f,00452__salted__broad__cp200C__single.ed43fc952c31c82aa29646edfbecb03f,broad,200C,single,,,,"discount, prices, exciting","di‌scount, pr‌ices, ex‌citing"
00452.ed43fc952c31c82aa29646edfbecb03f,00452__salted__broad__cp200D__single.ed43fc952c31c82aa29646edfbecb03f,broad,200D,single,,,,"discount, prices, exciting","di‍scount, pr‍ices, ex‍citing"
00452.ed43fc952c31c82aa29646edfbecb03f,00452__salted__broad__cp00AD__single.ed43fc952c31c82aa29646edfbecb03f,broad,00AD,single,,,,"discount, prices, exciting","di­scount, pr­ices, ex­citing"
00453.7ff1db57e1e39cb658661ef45b83a715,00453__salted__broad__cp200B__single.7ff1db57e1e39cb658661ef45b83a715,broad,200B,single,,Younger,Yo​unger,"NBC, CBS, CNN","NB​C, CB​S, CN​N"
00453.7ff1db57e1e39cb658661ef45b83a715,00453__salted__broad__cp200C__single.7ff1db57e1e39cb658661ef45b83a715,broad,200C,single,,Younger,Yo‌unger,"NBC, CBS, CNN","NB‌C, CB‌S, CN‌N"
00453.7ff1db57e1e39cb658661ef45b83a715,00453__salted__broad__cp200D__single.7ff1db57e1e39cb658661ef45b83a715,broad,200D,single,,Younger,Yo‍unger,"NBC, CBS, CNN","NB‍C, CB‍S, CN‍N"
00453.7ff1db57e1e39cb658661ef45b83a715,00453__salted__broad__cp00AD__single.7ff1db57e1e39cb658661ef45b83a715,broad,00AD,single,,Younger,Yo­unger,"NBC, CBS, CNN","NB­C, CB­S, CN­N"
00454.1bb460b3ade9801644e4eb60e18d1f8d,00454__salted__broad__cp200B__single.1bb460b3ade9801644e4eb60e18d1f8d,broad,200B,single,,Financial,Fi​nancial,"Financial, Rates, Guaranteed","Fi​nancial, Ra​tes, Gu​aranteed"
00454.1bb460b3ade9801644e4eb60e18d1f8d,00454__salted__broad__cp200C__single.1bb460b3ade9801644e4eb60e18d1f8d,broad,200C,single,,Financial,Fi‌nancial,"Financial, Rates, Guaranteed","Fi‌nancial, Ra‌tes, Gu‌aranteed"
00454.1bb460b3ade9801644e4eb60e18d1f8d,00454__salted__broad__cp200D__single.1bb460b3ade9801644e4eb60e18d1f8d,broad,200D,single,,Financial,Fi‍nancial,"Financial, Rates, Guaranteed","Fi‍nancial, Ra‍tes, Gu‍aranteed"
00454.1bb460b3ade9801644e4eb60e18d1f8d,00454__salted__broad__cp00AD__single.1bb460b3ade9801644e4eb60e18d1f8d,broad,00AD,single,,Financial,Fi­nancial,"Financial, Rates, Guaranteed","Fi­nancial, Ra­tes, Gu­aranteed"
00454.ca6a81a702d62c23bc184a37a1cdb926,00454__salted__broad__cp200B__single.ca6a81a702d62c23bc184a37a1cdb926,broad,200B,single,,Loan,Lo​an,,
00454.ca6a81a702d62c23bc184a37a1cdb926,00454__salted__broad__cp200C__single.ca6a81a702d62c23bc184a37a1cdb926,broad,200C,single,,Loan,Lo‌an,,
00454.ca6a81a702d62c23bc184a37a1cdb926,00454__salted__broad__cp200D__single.ca6a81a702d62c23bc184a37a1cdb926,broad,200D,single,,Loan,Lo‍an,,
00454.ca6a81a702d62c23bc184a37a1cdb926,00454__salted__broad__cp00AD__single.ca6a81a702d62c23bc184a37a1cdb926,broad,00AD,single,,Loan,Lo­an,,
00456.c680a0c7d8d8d91bf3fb9f77ce6541b0,00456__salted__broad__cp200B__single.c680a0c7d8d8d91bf3fb9f77ce6541b0,broad,200B,single,,,,"NBC, CBS, CNN","NB​C, CB​S, CN​N"
00456.c680a0c7d8d8d91bf3fb9f77ce6541b0,00456__salted__broad__cp200C__single.c680a0c7d8d8d91bf3fb9f77ce6541b0,broad,200C,single,,,,"NBC, CBS, CNN","NB‌C, CB‌S, CN‌N"
00456.c680a0c7d8d8d91bf3fb9f77ce6541b0,00456__salted__broad__cp200D__single.c680a0c7d8d8d91bf3fb9f77ce6541b0,broad,200D,single,,,,"NBC, CBS, CNN","NB‍C, CB‍S, CN‍N"
00456.c680a0c7d8d8d91bf3fb9f77ce6541b0,00456__salted__broad__cp00AD__single.c680a0c7d8d8d91bf3fb9f77ce6541b0,broad,00AD,single,,,,"NBC, CBS, CNN","NB­C, CB­S, CN­N"
00458.49467dba97d6ac2825c533df9a7a5017,00458__salted__broad__cp200B__single.49467dba97d6ac2825c533df9a7a5017,broad,200B,single,,Payment,Pa​yment,,
00458.49467dba97d6ac2825c533df9a7a5017,00458__salted__broad__cp200C__single.49467dba97d6ac2825c533df9a7a5017,broad,200C,single,,Payment,Pa‌yment,,
00458.49467dba97d6ac2825c533df9a7a5017,00458__salted__broad__cp200D__single.49467dba97d6ac2825c533df9a7a5017,broad,200D,single,,Payment,Pa‍yment,,
00458.49467dba97d6ac2825c533df9a7a5017,00458__salted__broad__cp00AD__single.49467dba97d6ac2825c533df9a7a5017,broad,00AD,single,,Payment,Pa­yment,,
00459.2c2341d0342bfedc94464025126bedc6,00459__salted__broad__cp200B__single.2c2341d0342bfedc94464025126bedc6,broad,200B,single,,,,"wish, motivated, career","wi​sh, mo​tivated, ca​reer"
00459.2c2341d0342bfedc94464025126bedc6,00459__salted__broad__cp200C__single.2c2341d0342bfedc94464025126bedc6,broad,200C,single,,,,"wish, motivated, career","wi‌sh, mo‌tivated, ca‌reer"
00459.2c2341d0342bfedc94464025126bedc6,00459__salted__broad__cp200D__single.2c2341d0342bfedc94464025126bedc6,broad,200D,single,,,,"wish, motivated, career","wi‍sh, mo‍tivated, ca‍reer"
00459.2c2341d0342bfedc94464025126bedc6,00459__salted__broad__cp00AD__single.2c2341d0342bfedc94464025126bedc6,broad,00AD,single,,,,"wish, motivated, career","wi­sh, mo­tivated, ca­reer"
00459.e71f7a769d6b09c6d75bfbe8711dbbbe,00459__salted__broad__cp200B__single.e71f7a769d6b09c6d75bfbe8711dbbbe,broad,200B,single,,,,"fortune, opportunity, income","fo​rtune, op​portunity, in​come"
00459.e71f7a769d6b09c6d75bfbe8711dbbbe,00459__salted__broad__cp200C__single.e71f7a769d6b09c6d75bfbe8711dbbbe,broad,200C,single,,,,"fortune, opportunity, income","fo‌rtune, op‌portunity, in‌come"
00459.e71f7a769d6b09c6d75bfbe8711dbbbe,00459__salted__broad__cp200D__single.e71f7a769d6b09c6d75bfbe8711dbbbe,broad,200D,single,,,,"fortune, opportunity, income","fo‍rtune, op‍portunity, in‍come"
00459.e71f7a769d6b09c6d75bfbe8711dbbbe,00459__salted__broad__cp00AD__single.e71f7a769d6b09c6d75bfbe8711dbbbe,broad,00AD,single,,,,"fortune, opportunity, income","fo­rtune, op­portunity, in­come"
00460.407cd7d4ce577b1474eba6dd35a15081,00460__salted__broad__cp200B__single.407cd7d4ce577b1474eba6dd35a15081,broad,200B,single,,Financial,Fi​nancial,,
00460.407cd7d4ce577b1474eba6dd35a15081,00460__salted__broad__cp200C__single.407cd7d4ce577b1474eba6dd35a15081,broad,200C,single,,Financial,Fi‌nancial,,
00460.407cd7d4ce577b1474eba6dd35a15081,00460__salted__broad__cp200D__single.407cd7d4ce577b1474eba6dd35a15081,broad,200D,single,,Financial,Fi‍nancial,,
00460.407cd7d4ce577b1474eba6dd35a15081,00460__salted__broad__cp00AD__single.407cd7d4ce577b1474eba6dd35a15081,broad,00AD,single,,Financial,Fi­nancial,,
00460.8996dc28ab56dd7b6f35b956deceaf22,00460__salted__broad__cp200B__single.8996dc28ab56dd7b6f35b956deceaf22,broad,200B,single,,Discount,Di​scount,"emails, offering, emails","em​ails, of​fering, em​ails"
00460.8996dc28ab56dd7b6f35b956deceaf22,00460__salted__broad__cp200C__single.8996dc28ab56dd7b6f35b956deceaf22,broad,200C,single,,Discount,Di‌scount,"emails, offering, emails","em‌ails, of‌fering, em‌ails"
00460.8996dc28ab56dd7b6f35b956deceaf22,00460__salted__broad__cp200D__single.8996dc28ab56dd7b6f35b956deceaf22,broad,200D,single,,Discount,Di‍scount,"emails, offering, emails","em‍ails, of‍fering, em‍ails"
00460.8996dc28ab56dd7b6f35b956deceaf22,00460__salted__broad__cp00AD__single.8996dc28ab56dd7b6f35b956deceaf22,broad,00AD,single,,Discount,Di­scount,"emails, offering, emails","em­ails, of­fering, em­ails"
00461.1a27d007492d1c665d07db820b7dc3b8,00461__salted__broad__cp200B__single.1a27d007492d1c665d07db820b7dc3b8,broad,200B,single,,Health,He​alth,,
00461.1a27d007492d1c665d07db820b7dc3b8,00461__salted__broad__cp200C__single.1a27d007492d1c665d07db820b7dc3b8,broad,200C,single,,Health,He‌alth,,
00461.1a27d007492d1c665d07db820b7dc3b8,00461__salted__broad__cp200D__single.1a27d007492d1c665d07db820b7dc3b8,broad,200D,single,,Health,He‍alth,,
00461.1a27d007492d1c665d07db820b7dc3b8,00461__salted__broad__cp00AD__single.1a27d007492d1c665d07db820b7dc3b8,broad,00AD,single,,Health,He­alth,,
00462.868771c8074e480f540a1d2e6a5ac7cb,00462__salted__broad__cp200B__single.868771c8074e480f540a1d2e6a5ac7cb,broad,200B,single,,Account,Ac​count,"Account, Adult, Offers","Ac​count, Ad​ult, Of​fers"
00462.868771c8074e480f540a1d2e6a5ac7cb,00462__salted__broad__cp200C__single.868771c8074e480f540a1d2e6a5ac7cb,broad,200C,single,,Account,Ac‌count,"Account, Adult, Offers","Ac‌count, Ad‌ult, Of‌fers"
00462.868771c8074e480f540a1d2e6a5ac7cb,00462__salted__broad__cp200D__single.868771c8074e480f540a1d2e6a5ac7cb,broad,200D,single,,Account,Ac‍count,"Account, Adult, Offers","Ac‍count, Ad‍ult, Of‍fers"
00462.868771c8074e480f540a1d2e6a5ac7cb,00462__salted__broad__cp00AD__single.868771c8074e480f540a1d2e6a5ac7cb,broad,00AD,single,,Account,Ac­count,"Account, Adult, Offers","Ac­count, Ad­ult, Of­fers"
00462.d0ca75a85184ca9843d1dffdc8c98855,00462__salted__broad__cp200B__single.d0ca75a85184ca9843d1dffdc8c98855,broad,200B,single,,Viagra,Vi​agra,,
00462.d0ca75a85184ca9843d1dffdc8c98855,00462__salted__broad__cp200C__single.d0ca75a85184ca9843d1dffdc8c98855,broad,200C,single,,Viagra,Vi‌agra,,
00462.d0ca75a85184ca9843d1dffdc8c98855,00462__salted__broad__cp200D__single.d0ca75a85184ca9843d1dffdc8c98855,broad,200D,single,,Viagra,Vi‍agra,,
00462.d0ca75a85184ca9843d1dffdc8c98855,00462__salted__broad__cp00AD__single.d0ca75a85184ca9843d1dffdc8c98855,broad,00AD,single,,Viagra,Vi­agra,,
00463.0bc4e08af0529dd773d9f10f922547db,00463__salted__broad__cp200B__single.0bc4e08af0529dd773d9f10f922547db,broad,200B,single,,Lose,Lo​se,,
00463.0bc4e08af0529dd773d9f10f922547db,00463__salted__broad__cp200C__single.0bc4e08af0529dd773d9f10f922547db,broad,200C,single,,Lose,Lo‌se,,
00463.0bc4e08af0529dd773d9f10f922547db,00463__salted__broad__cp200D__single.0bc4e08af0529dd773d9f10f922547db,broad,200D,single,,Lose,Lo‍se,,
00463.0bc4e08af0529dd773d9f10f922547db,00463__salted__broad__cp00AD__single.0bc4e08af0529dd773d9f10f922547db,broad,00AD,single,,Lose,Lo­se,,
00463.45bff4629688e8031231a8b64a4eef06,00463__salted__broad__cp200B__single.45bff4629688e8031231a8b64a4eef06,broad,200B,single,,Hundreds,Hu​ndreds,"Hundreds, Leads, Prospects","Hu​ndreds, Le​ads, Pr​ospects"
00463.45bff4629688e8031231a8b64a4eef06,00463__salted__broad__cp200C__single.45bff4629688e8031231a8b64a4eef06,broad,200C,single,,Hundreds,Hu‌ndreds,"Hundreds, Leads, Prospects","Hu‌ndreds, Le‌ads, Pr‌ospects"
00463.45bff4629688e8031231a8b64a4eef06,00463__salted__broad__cp200D__single.45bff4629688e8031231a8b64a4eef06,broad,200D,single,,Hundreds,Hu‍ndreds,"Hundreds, Leads, Prospects","Hu‍ndreds, Le‍ads, Pr‍ospects"
00463.45bff4629688e8031231a8b64a4eef06,00463__salted__broad__cp00AD__single.45bff4629688e8031231a8b64a4eef06,broad,00AD,single,,Hundreds,Hu­ndreds,"Hundreds, Leads, Prospects","Hu­ndreds, Le­ads, Pr­ospects"
00464.8240aba24840864cb7439fc03f94ef6e,00464__salted__broad__cp200B__single.8240aba24840864cb7439fc03f94ef6e,broad,200B,single,,ADV,AD​V,,
00464.8240aba24840864cb7439fc03f94ef6e,00464__salted__broad__cp200C__single.8240aba24840864cb7439fc03f94ef6e,broad,200C,single,,ADV,AD‌V,,
00464.8240aba24840864cb7439fc03f94ef6e,00464__salted__broad__cp200D__single.8240aba24840864cb7439fc03f94ef6e,broad,200D,single,,ADV,AD‍V,,
00464.8240aba24840864cb7439fc03f94ef6e,00464__salted__broad__cp00AD__single.8240aba24840864cb7439fc03f94ef6e,broad,00AD,single,,ADV,AD­V,,
00465.81b738fc646c03b1db38a456cd087ad7,00465__salted__broad__cp200B__single.81b738fc646c03b1db38a456cd087ad7,broad,200B,single,,,,"discount, prices, exciting","di​scount, pr​ices, ex​citing"
00465.81b738fc646c03b1db38a456cd087ad7,00465__salted__broad__cp200C__single.81b738fc646c03b1db38a456cd087ad7,broad,200C,single,,,,"discount, prices, exciting","di‌scount, pr‌ices, ex‌citing"
00465.81b738fc646c03b1db38a456cd087ad7,00465__salted__broad__cp200D__single.81b738fc646c03b1db38a456cd087ad7,broad,200D,single,,,,"discount, prices, exciting","di‍scount, pr‍ices, ex‍citing"
00465.81b738fc646c03b1db38a456cd087ad7,00465__salted__broad__cp00AD__single.81b738fc646c03b1db38a456cd087ad7,broad,00AD,single,,,,"discount, prices, exciting","di­scount, pr­ices, ex­citing"
00465.ca5d79d0e5dadee322c117789196ebb4,00465__salted__broad__cp200B__single.ca5d79d0e5dadee322c117789196ebb4,broad,200B,single,,URGENT,UR​GENT,"Bank, Lagos, Nigeria","Ba​nk, La​gos, Ni​geria"
00465.ca5d79d0e5dadee322c117789196ebb4,00465__salted__broad__cp200C__single.ca5d79d0e5dadee322c117789196ebb4,broad,200C,single,,URGENT,UR‌GENT,"Bank, Lagos, Nigeria","Ba‌nk, La‌gos, Ni‌geria"
00465.ca5d79d0e5dadee322c117789196ebb4,00465__salted__broad__cp200D__single.ca5d79d0e5dadee322c117789196ebb4,broad,200D,single,,URGENT,UR‍GENT,"Bank, Lagos, Nigeria","Ba‍nk, La‍gos, Ni‍geria"
00465.ca5d79d0e5dadee322c117789196ebb4,00465__salted__broad__cp00AD__single.ca5d79d0e5dadee322c117789196ebb4,broad,00AD,single,,URGENT,UR­GENT,"Bank, Lagos, Nigeria","Ba­nk, La­gos, Ni­geria"
00466.936900f20aa2c6aa724d2f6d6af53b9b,00466__salted__broad__cp200B__single.936900f20aa2c6aa724d2f6d6af53b9b,broad,200B,single,,Credit,Cr​edit,"credit, CREDIT, GUIDE","cr​edit, CR​EDIT, GU​IDE"
00466.936900f20aa2c6aa724d2f6d6af53b9b,00466__salted__broad__cp200C__single.936900f20aa2c6aa724d2f6d6af53b9b,broad,200C,single,,Credit,Cr‌edit,"credit, CREDIT, GUIDE","cr‌edit, CR‌EDIT, GU‌IDE"
00466.936900f20aa2c6aa724d2f6d6af53b9b,00466__salted__broad__cp200D__single.936900f20aa2c6aa724d2f6d6af53b9b,broad,200D,single,,Credit,Cr‍edit,"credit, CREDIT, GUIDE","cr‍edit, CR‍EDIT, GU‍IDE"
00466.936900f20aa2c6aa724d2f6d6af53b9b,00466__salted__broad__cp00AD__single.936900f20aa2c6aa724d2f6d6af53b9b,broad,00AD,single,,Credit,Cr­edit,"credit, CREDIT, GUIDE","cr­edit, CR­EDIT, GU­IDE"
00466.ecb11c98ec4511b5422b20476d935bd1,00466__salted__broad__cp200B__single.ecb11c98ec4511b5422b20476d935bd1,broad,200B,single,,,,"Dear, Sir, assistance","De​ar, Si​r, as​sistance"
00466.ecb11c98ec4511b5422b20476d935bd1,00466__salted__broad__cp200C__single.ecb11c98ec4511b5422b20476d935bd1,broad,200C,single,,,,"Dear, Sir, assistance","De‌ar, Si‌r, as‌sistance"
00466.ecb11c98ec4511b5422b20476d935bd1,00466__salted__broad__cp200D__single.ecb11c98ec4511b5422b20476d935bd1,broad,200D,single,,,,"Dear, Sir, assistance","De‍ar, Si‍r, as‍sistance"
00466.ecb11c98ec4511b5422b20476d935bd1,00466__salted__broad__cp00AD__single.ecb11c98ec4511b5422b20476d935bd1,broad,00AD,single,,,,"Dear, Sir, assistance","De­ar, Si­r, as­sistance"
00467.5b733c506b7165424a0d4a298e67970f,00467__salted__broad__cp200B__single.5b733c506b7165424a0d4a298e67970f,broad,200B,single,,Cartridges,Ca​rtridges,,
00467.5b733c506b7165424a0d4a298e67970f,00467__salted__broad__cp200C__single.5b733c506b7165424a0d4a298e67970f,broad,200C,single,,Cartridges,Ca‌rtridges,,
00467.5b733c506b7165424a0d4a298e67970f,00467__salted__broad__cp200D__single.5b733c506b7165424a0d4a298e67970f,broad,200D,single,,Cartridges,Ca‍rtridges,,
00467.5b733c506b7165424a0d4a298e67970f,00467__salted__broad__cp00AD__single.5b733c506b7165424a0d4a298e67970f,broad,00AD,single,,Cartridges,Ca­rtridges,,
00468.77534696791a755fb0fb8be8c2704ed8,00468__salted__broad__cp200B__single.77534696791a755fb0fb8be8c2704ed8,broad,200B,single,,Consultation,Co​nsultation,,
00468.77534696791a755fb0fb8be8c2704ed8,00468__salted__broad__cp200C__single.77534696791a755fb0fb8be8c2704ed8,broad,200C,single,,Consultation,Co‌nsultation,,
00468.77534696791a755fb0fb8be8c2704ed8,00468__salted__broad__cp200D__single.77534696791a755fb0fb8be8c2704ed8,broad,200D,single,,Consultation,Co‍nsultation,,
00468.77534696791a755fb0fb8be8c2704ed8,00468__salted__broad__cp00AD__single.77534696791a755fb0fb8be8c2704ed8,broad,00AD,single,,Consultation,Co­nsultation,,
00468.fb2222cc49228bd3dac5481e670f208f,00468__salted__broad__cp200B__single.fb2222cc49228bd3dac5481e670f208f,broad,200B,single,,Credit,Cr​edit,,
00468.fb2222cc49228bd3dac5481e670f208f,00468__salted__broad__cp200C__single.fb2222cc49228bd3dac5481e670f208f,broad,200C,single,,Credit,Cr‌edit,,
00468.fb2222cc49228bd3dac5481e670f208f,00468__salted__broad__cp200D__single.fb2222cc49228bd3dac5481e670f208f,broad,200D,single,,Credit,Cr‍edit,,
00468.fb2222cc49228bd3dac5481e670f208f,00468__salted__broad__cp00AD__single.fb2222cc49228bd3dac5481e670f208f,broad,00AD,single,,Credit,Cr­edit,,
00469.ee3b2f31459cc2ec43ae7cae00d40cf6,00469__salted__broad__cp200B__single.ee3b2f31459cc2ec43ae7cae00d40cf6,broad,200B,single,,ADV,AD​V,,
00469.ee3b2f31459cc2ec43ae7cae00d40cf6,00469__salted__broad__cp200C__single.ee3b2f31459cc2ec43ae7cae00d40cf6,broad,200C,single,,ADV,AD‌V,,
00469.ee3b2f31459cc2ec43ae7cae00d40cf6,00469__salted__broad__cp200D__single.ee3b2f31459cc2ec43ae7cae00d40cf6,broad,200D,single,,ADV,AD‍V,,
00469.ee3b2f31459cc2ec43ae7cae00d40cf6,00469__salted__broad__cp00AD__single.ee3b2f31459cc2ec43ae7cae00d40cf6,broad,00AD,single,,ADV,AD­V,,
00470.68eed3d237f85b225b1ad31bceac203a,00470__salted__broad__cp200B__single.68eed3d237f85b225b1ad31bceac203a,broad,200B,single,,,,"COMPLIANCE, REMOVE, removal","CO​MPLIANCE, RE​MOVE, re​moval"
00470.68eed3d237f85b225b1ad31bceac203a,00470__salted__broad__cp200C__single.68eed3d237f85b225b1ad31bceac203a,broad,200C,single,,,,"COMPLIANCE, REMOVE, removal","CO‌MPLIANCE, RE‌MOVE, re‌moval"
00470.68eed3d237f85b225b1ad31bceac203a,00470__salted__broad__cp200D__single.68eed3d237f85b225b1ad31bceac203a,broad,200D,single,,,,"COMPLIANCE, REMOVE, removal","CO‍MPLIANCE, RE‍MOVE, re‍moval"
00470.68eed3d237f85b225b1ad31bceac203a,00470__salted__broad__cp00AD__single.68eed3d237f85b225b1ad31bceac203a,broad,00AD,single,,,,"COMPLIANCE, REMOVE, removal","CO­MPLIANCE, RE­MOVE, re­moval"
00471.fc87286572c99b7a554dc8c86f34506c,00471__salted__broad__cp200B__single.fc87286572c99b7a554dc8c86f34506c,broad,200B,single,,mortgage,mo​rtgage,,
00471.fc87286572c99b7a554dc8c86f34506c,00471__salted__broad__cp200C__single.fc87286572c99b7a554dc8c86f34506c,broad,200C,single,,mortgage,mo‌rtgage,,
00471.fc87286572c99b7a554dc8c86f34506c,00471__salted__broad__cp200D__single.fc87286572c99b7a554dc8c86f34506c,broad,200D,single,,mortgage,mo‍rtgage,,
00471.fc87286572c99b7a554dc8c86f34506c,00471__salted__broad__cp00AD__single.fc87286572c99b7a554dc8c86f34506c,broad,00AD,single,,mortgage,mo­rtgage,,
00472.3c51cf86307bc98c54d856887a81e9ac,00472__salted__broad__cp200B__single.3c51cf86307bc98c54d856887a81e9ac,broad,200B,single,,,,"smoking, products, offer","sm​oking, pr​oducts, of​fer"
00472.3c51cf86307bc98c54d856887a81e9ac,00472__salted__broad__cp200C__single.3c51cf86307bc98c54d856887a81e9ac,broad,200C,single,,,,"smoking, products, offer","sm‌oking, pr‌oducts, of‌fer"
00472.3c51cf86307bc98c54d856887a81e9ac,00472__salted__broad__cp200D__single.3c51cf86307bc98c54d856887a81e9ac,broad,200D,single,,,,"smoking, products, offer","sm‍oking, pr‍oducts, of‍fer"
00472.3c51cf86307bc98c54d856887a81e9ac,00472__salted__broad__cp00AD__single.3c51cf86307bc98c54d856887a81e9ac,broad,00AD,single,,,,"smoking, products, offer","sm­oking, pr­oducts, of­fer"
00472.713268dfca421e165c1ac59bab045e00,00472__salted__broad__cp200B__single.713268dfca421e165c1ac59bab045e00,broad,200B,single,,Adult,Ad​ult,adult,ad​ult
00472.713268dfca421e165c1ac59bab045e00,00472__salted__broad__cp200C__single.713268dfca421e165c1ac59bab045e00,broad,200C,single,,Adult,Ad‌ult,adult,ad‌ult
00472.713268dfca421e165c1ac59bab045e00,00472__salted__broad__cp200D__single.713268dfca421e165c1ac59bab045e00,broad,200D,single,,Adult,Ad‍ult,adult,ad‍ult
00472.713268dfca421e165c1ac59bab045e00,00472__salted__broad__cp00AD__single.713268dfca421e165c1ac59bab045e00,broad,00AD,single,,Adult,Ad­ult,adult,ad­ult
00473.594d47d74b993e949b2b472af3430aed,00473__salted__broad__cp200B__single.594d47d74b993e949b2b472af3430aed,broad,200B,single,,Mortgage,Mo​rtgage,,
00473.594d47d74b993e949b2b472af3430aed,00473__salted__broad__cp200C__single.594d47d74b993e949b2b472af3430aed,broad,200C,single,,Mortgage,Mo‌rtgage,,
00473.594d47d74b993e949b2b472af3430aed,00473__salted__broad__cp200D__single.594d47d74b993e949b2b472af3430aed,broad,200D,single,,Mortgage,Mo‍rtgage,,
00473.594d47d74b993e949b2b472af3430aed,00473__salted__broad__cp00AD__single.594d47d74b993e949b2b472af3430aed,broad,00AD,single,,Mortgage,Mo­rtgage,,
00474.c1835a35419f2bbdccbabfd8547faf4a,00474__salted__broad__cp200B__single.c1835a35419f2bbdccbabfd8547faf4a,broad,200B,single,,ADV,AD​V,"Investment, receive, monthly","In​vestment, re​ceive, mo​nthly"
00474.c1835a35419f2bbdccbabfd8547faf4a,00474__salted__broad__cp200C__single.c1835a35419f2bbdccbabfd8547faf4a,broad,200C,single,,ADV,AD‌V,"Investment, receive, monthly","In‌vestment, re‌ceive, mo‌nthly"
00474.c1835a35419f2bbdccbabfd8547faf4a,00474__salted__broad__cp200D__single.c1835a35419f2bbdccbabfd8547faf4a,broad,200D,single,,ADV,AD‍V,"Investment, receive, monthly","In‍vestment, re‍ceive, mo‍nthly"
00474.c1835a35419f2bbdccbabfd8547faf4a,00474__salted__broad__cp00AD__single.c1835a35419f2bbdccbabfd8547faf4a,broad,00AD,single,,ADV,AD­V,"Investment, receive, monthly","In­vestment, re­ceive, mo­nthly"
00478.6c50ff18ef92c52a3342f1c9f090740b,00478__salted__broad__cp200B__single.6c50ff18ef92c52a3342f1c9f090740b,broad,200B,single,,Attn,At​tn,"purchased, SYSTEMWORKS, SYSTEMWORKS","pu​rchased, SY​STEMWORKS, SY​STEMWORKS"
00478.6c50ff18ef92c52a3342f1c9f090740b,00478__salted__broad__cp200C__single.6c50ff18ef92c52a3342f1c9f090740b,broad,200C,single,,Attn,At‌tn,"purchased, SYSTEMWORKS, SYSTEMWORKS","pu‌rchased, SY‌STEMWORKS, SY‌STEMWORKS"
00478.6c50ff18ef92c52a3342f1c9f090740b,00478__salted__broad__cp200D__single.6c50ff18ef92c52a3342f1c9f090740b,broad,200D,single,,Attn,At‍tn,"purchased, SYSTEMWORKS, SYSTEMWORKS","pu‍rchased, SY‍STEMWORKS, SY‍STEMWORKS"
00478.6c50ff18ef92c52a3342f1c9f090740b,00478__salted__broad__cp00AD__single.6c50ff18ef92c52a3342f1c9f090740b,broad,00AD,single,,Attn,At­tn,"purchased, SYSTEMWORKS, SYSTEMWORKS","pu­rchased, SY­STEMWORKS, SY­STEMWORKS"
00478.a4d1f3bcbb571f1c3809bf47cb5ee57f,00478__salted__broad__cp200B__single.a4d1f3bcbb571f1c3809bf47cb5ee57f,broad,200B,single,,Account,Ac​count,,
00478.a4d1f3bcbb571f1c3809bf47cb5ee57f,00478__salted__broad__cp200C__single.a4d1f3bcbb571f1c3809bf47cb5ee57f,broad,200C,single,,Account,Ac‌count,,
00478.a4d1f3bcbb571f1c3809bf47cb5ee57f,00478__salted__broad__cp200D__single.a4d1f3bcbb571f1c3809bf47cb5ee57f,broad,200D,single,,Account,Ac‍count,,
00478.a4d1f3bcbb571f1c3809bf47cb5ee57f,00478__salted__broad__cp00AD__single.a4d1f3bcbb571f1c3809bf47cb5ee57f,broad,00AD,single,,Account,Ac­count,,
00480.682829ef5c1f1639f0a060190c5d4b33,00480__salted__broad__cp200B__single.682829ef5c1f1639f0a060190c5d4b33,broad,200B,single,,Lose,Lo​se,,
00480.682829ef5c1f1639f0a060190c5d4b33,00480__salted__broad__cp200C__single.682829ef5c1f1639f0a060190c5d4b33,broad,200C,single,,Lose,Lo‌se,,
00480.682829ef5c1f1639f0a060190c5d4b33,00480__salted__broad__cp200D__single.682829ef5c1f1639f0a060190c5d4b33,broad,200D,single,,Lose,Lo‍se,,
00480.682829ef5c1f1639f0a060190c5d4b33,00480__salted__broad__cp00AD__single.682829ef5c1f1639f0a060190c5d4b33,broad,00AD,single,,Lose,Lo­se,,
00480.a5931465ca6f5b22eff24943b5c8b17d,00480__salted__broad__cp200B__single.a5931465ca6f5b22eff24943b5c8b17d,broad,200B,single,,ASSISTANCE,AS​SISTANCE,"Dear, Sir, Madam","De​ar, Si​r, Ma​dam"
00480.a5931465ca6f5b22eff24943b5c8b17d,00480__salted__broad__cp200C__single.a5931465ca6f5b22eff24943b5c8b17d,broad,200C,single,,ASSISTANCE,AS‌SISTANCE,"Dear, Sir, Madam","De‌ar, Si‌r, Ma‌dam"
00480.a5931465ca6f5b22eff24943b5c8b17d,00480__salted__broad__cp200D__single.a5931465ca6f5b22eff24943b5c8b17d,broad,200D,single,,ASSISTANCE,AS‍SISTANCE,"Dear, Sir, Madam","De‍ar, Si‍r, Ma‍dam"
00480.a5931465ca6f5b22eff24943b5c8b17d,00480__salted__broad__cp00AD__single.a5931465ca6f5b22eff24943b5c8b17d,broad,00AD,single,,ASSISTANCE,AS­SISTANCE,"Dear, Sir, Madam","De­ar, Si­r, Ma­dam"
00481.b6fbd76bcc24999350ae6a3188f3809f,00481__salted__broad__cp200B__single.b6fbd76bcc24999350ae6a3188f3809f,broad,200B,single,,,,"Financial, Products, Investment","Fi​nancial, Pr​oducts, In​vestment"
00481.b6fbd76bcc24999350ae6a3188f3809f,00481__salted__broad__cp200C__single.b6fbd76bcc24999350ae6a3188f3809f,broad,200C,single,,,,"Financial, Products, Investment","Fi‌nancial, Pr‌oducts, In‌vestment"
00481.b6fbd76bcc24999350ae6a3188f3809f,00481__salted__broad__cp200D__single.b6fbd76bcc24999350ae6a3188f3809f,broad,200D,single,,,,"Financial, Products, Investment","Fi‍nancial, Pr‍oducts, In‍vestment"
00481.b6fbd76bcc24999350ae6a3188f3809f,00481__salted__broad__cp00AD__single.b6fbd76bcc24999350ae6a3188f3809f,broad,00AD,single,,,,"Financial, Products, Investment","Fi­nancial, Pr­oducts, In­vestment"
00482.980c7ceb9333bc5027cd8d1d360a8c6f,00482__salted__broad__cp200B__single.980c7ceb9333bc5027cd8d1d360a8c6f,broad,200B,single,,,,"AFFORDABLE, REGISTRATION, discount","AF​FORDABLE, RE​GISTRATION, di​scount"
00482.980c7ceb9333bc5027cd8d1d360a8c6f,00482__salted__broad__cp200C__single.980c7ceb9333bc5027cd8d1d360a8c6f,broad,200C,single,,,,"AFFORDABLE, REGISTRATION, discount","AF‌FORDABLE, RE‌GISTRATION, di‌scount"
00482.980c7ceb9333bc5027cd8d1d360a8c6f,00482__salted__broad__cp200D__single.980c7ceb9333bc5027cd8d1d360a8c6f,broad,200D,single,,,,"AFFORDABLE, REGISTRATION, discount","AF‍FORDABLE, RE‍GISTRATION, di‍scount"
00482.980c7ceb9333bc5027cd8d1d360a8c6f,00482__salted__broad__cp00AD__single.980c7ceb9333bc5027cd8d1d360a8c6f,broad,00AD,single,,,,"AFFORDABLE, REGISTRATION, discount","AF­FORDABLE, RE­GISTRATION, di­scount"
00484.a34bda1ad8a88b5b21b13b8ad05d0dd3,00484__salted__broad__cp200B__single.a34bda1ad8a88b5b21b13b8ad05d0dd3,broad,200B,single,,marketing,ma​rketing,"marketing, MLM, marketing","ma​rketing, ML​M, ma​rketing"
00484.a34bda1ad8a88b5b21b13b8ad05d0dd3,00484__salted__broad__cp200C__single.a34bda1ad8a88b5b21b13b8ad05d0dd3,broad,200C,single,,marketing,ma‌rketing,"marketing, MLM, marketing","ma‌rketing, ML‌M, ma‌rketing"
00484.a34bda1ad8a88b5b21b13b8ad05d0dd3,00484__salted__broad__cp200D__single.a34bda1ad8a88b5b21b13b8ad05d0dd3,broad,200D,single,,marketing,ma‍rketing,"marketing, MLM, marketing","ma‍rketing, ML‍M, ma‍rketing"
00484.a34bda1ad8a88b5b21b13b8ad05d0dd3,00484__salted__broad__cp00AD__single.a34bda1ad8a88b5b21b13b8ad05d0dd3,broad,00AD,single,,marketing,ma­rketing,"marketing, MLM, marketing","ma­rketing, ML­M, ma­rketing"
00485.94b2cb3aa454e6f6701c42cb1fd35ffe,00485__salted__broad__cp200B__single.94b2cb3aa454e6f6701c42cb1fd35ffe,broad,200B,single,,Loan,Lo​an,,
00485.94b2cb3aa454e6f6701c42cb1fd35ffe,00485__salted__broad__cp200C__single.94b2cb3aa454e6f6701c42cb1fd35ffe,broad,200C,single,,Loan,Lo‌an,,
00485.94b2cb3aa454e6f6701c42cb1fd35ffe,00485__salted__broad__cp200D__single.94b2cb3aa454e6f6701c42cb1fd35ffe,broad,200D,single,,Loan,Lo‍an,,
00485.94b2cb3aa454e6f6701c42cb1fd35ffe,00485__salted__broad__cp00AD__single.94b2cb3aa454e6f6701c42cb1fd35ffe,broad,00AD,single,,Loan,Lo­an,,
00486.c0a2036a3da75d6d5ac6d19ab4b3d6ec,00486__salted__broad__cp200B__single.c0a2036a3da75d6d5ac6d19ab4b3d6ec,broad,200B,single,,,,"products, insider, products","pr​oducts, in​sider, pr​oducts"
00486.c0a2036a3da75d6d5ac6d19ab4b3d6ec,00486__salted__broad__cp200C__single.c0a2036a3da75d6d5ac6d19ab4b3d6ec,broad,200C,single,,,,"products, insider, products","pr‌oducts, in‌sider, pr‌oducts"
00486.c0a2036a3da75d6d5ac6d19ab4b3d6ec,00486__salted__broad__cp200D__single.c0a2036a3da75d6d5ac6d19ab4b3d6ec,broad,200D,single,,,,"products, insider, products","pr‍oducts, in‍sider, pr‍oducts"
00486.c0a2036a3da75d6d5ac6d19ab4b3d6ec,00486__salted__broad__cp00AD__single.c0a2036a3da75d6d5ac6d19ab4b3d6ec,broad,00AD,single,,,,"products, insider, products","pr­oducts, in­sider, pr­oducts"
00487.edd96ac74c081d65c2106cf51daab9d7,00487__salted__broad__cp200B__single.edd96ac74c081d65c2106cf51daab9d7,broad,200B,single,,MORTGAGE,MO​RTGAGE,,
00487.edd96ac74c081d65c2106cf51daab9d7,00487__salted__broad__cp200C__single.edd96ac74c081d65c2106cf51daab9d7,broad,200C,single,,MORTGAGE,MO‌RTGAGE,,
00487.edd96ac74c081d65c2106cf51daab9d7,00487__salted__broad__cp200D__single.edd96ac74c081d65c2106cf51daab9d7,broad,200D,single,,MORTGAGE,MO‍RTGAGE,,
00487.edd96ac74c081d65c2106cf51daab9d7,00487__salted__broad__cp00AD__single.edd96ac74c081d65c2106cf51daab9d7,broad,00AD,single,,MORTGAGE,MO­RTGAGE,,
00488.e88c2c87a3b72ab47b6420b61279242e,00488__salted__broad__cp200B__single.e88c2c87a3b72ab47b6420b61279242e,broad,200B,single,,,,"URGENT, Hundreds, participate","UR​GENT, Hu​ndreds, pa​rticipate"
00488.e88c2c87a3b72ab47b6420b61279242e,00488__salted__broad__cp200C__single.e88c2c87a3b72ab47b6420b61279242e,broad,200C,single,,,,"URGENT, Hundreds, participate","UR‌GENT, Hu‌ndreds, pa‌rticipate"
00488.e88c2c87a3b72ab47b6420b61279242e,00488__salted__broad__cp200D__single.e88c2c87a3b72ab47b6420b61279242e,broad,200D,single,,,,"URGENT, Hundreds, participate","UR‍GENT, Hu‍ndreds, pa‍rticipate"
00488.e88c2c87a3b72ab47b6420b61279242e,00488__salted__broad__cp00AD__single.e88c2c87a3b72ab47b6420b61279242e,broad,00AD,single,,,,"URGENT, Hundreds, participate","UR­GENT, Hu­ndreds, pa­rticipate"
00489.023c1d77de9365cad956a4c9118aee4b,00489__salted__broad__cp200B__single.023c1d77de9365cad956a4c9118aee4b,broad,200B,single,,,,"pricing, Offers, Absolutely","pr​icing, Of​fers, Ab​solutely"
00489.023c1d77de9365cad956a4c9118aee4b,00489__salted__broad__cp200C__single.023c1d77de9365cad956a4c9118aee4b,broad,200C,single,,,,"pricing, Offers, Absolutely","pr‌icing, Of‌fers, Ab‌solutely"
00489.023c1d77de9365cad956a4c9118aee4b,00489__salted__broad__cp200D__single.023c1d77de9365cad956a4c9118aee4b,broad,200D,single,,,,"pricing, Offers, Absolutely","pr‍icing, Of‍fers, Ab‍solutely"
00489.023c1d77de9365cad956a4c9118aee4b,00489__salted__broad__cp00AD__single.023c1d77de9365cad956a4c9118aee4b,broad,00AD,single,,,,"pricing, Offers, Absolutely","pr­icing, Of­fers, Ab­solutely"
00490.09cc8eacfd07338802c3ea0e7f07fe26,00490__salted__broad__cp200B__single.09cc8eacfd07338802c3ea0e7f07fe26,broad,200B,single,,Prices,Pr​ices,,
00490.09cc8eacfd07338802c3ea0e7f07fe26,00490__salted__broad__cp200C__single.09cc8eacfd07338802c3ea0e7f07fe26,broad,200C,single,,Prices,Pr‌ices,,
00490.09cc8eacfd07338802c3ea0e7f07fe26,00490__salted__broad__cp200D__single.09cc8eacfd07338802c3ea0e7f07fe26,broad,200D,single,,Prices,Pr‍ices,,
00490.09cc8eacfd07338802c3ea0e7f07fe26,00490__salted__broad__cp00AD__single.09cc8eacfd07338802c3ea0e7f07fe26,broad,00AD,single,,Prices,Pr­ices,,
00490.f0020a3ea5546c122f688b39f4380c95,00490__salted__broad__cp200B__single.f0020a3ea5546c122f688b39f4380c95,broad,200B,single,,,,"currency, currency, visit","cu​rrency, cu​rrency, vi​sit"
00490.f0020a3ea5546c122f688b39f4380c95,00490__salted__broad__cp200C__single.f0020a3ea5546c122f688b39f4380c95,broad,200C,single,,,,"currency, currency, visit","cu‌rrency, cu‌rrency, vi‌sit"
00490.f0020a3ea5546c122f688b39f4380c95,00490__salted__broad__cp200D__single.f0020a3ea5546c122f688b39f4380c95,broad,200D,single,,,,"currency, currency, visit","cu‍rrency, cu‍rrency, vi‍sit"
00490.f0020a3ea5546c122f688b39f4380c95,00490__salted__broad__cp00AD__single.f0020a3ea5546c122f688b39f4380c95,broad,00AD,single,,,,"currency, currency, visit","cu­rrency, cu­rrency, vi­sit"
00491.008606ae6538b605f82b61913814d3dd,00491__salted__broad__cp200B__single.008606ae6538b605f82b61913814d3dd,broad,200B,single,,,,"PRICE, skills, Marketing","PR​ICE, sk​ills, Ma​rketing"
00491.008606ae6538b605f82b61913814d3dd,00491__salted__broad__cp200C__single.008606ae6538b605f82b61913814d3dd,broad,200C,single,,,,"PRICE, skills, Marketing","PR‌ICE, sk‌ills, Ma‌rketing"
00491.008606ae6538b605f82b61913814d3dd,00491__salted__broad__cp200D__single.008606ae6538b605f82b61913814d3dd,broad,200D,single,,,,"PRICE, skills, Marketing","PR‍ICE, sk‍ills, Ma‍rketing"
00491.008606ae6538b605f82b61913814d3dd,00491__salted__broad__cp00AD__single.008606ae6538b605f82b61913814d3dd,broad,00AD,single,,,,"PRICE, skills, Marketing","PR­ICE, sk­ills, Ma­rketing"
00492.3052cad36d423e60195ce706c7bc0e6f,00492__salted__broad__cp200B__single.3052cad36d423e60195ce706c7bc0e6f,broad,200B,single,,,,"membership, membership, minimum","me​mbership, me​mbership, mi​nimum"
00492.3052cad36d423e60195ce706c7bc0e6f,00492__salted__broad__cp200C__single.3052cad36d423e60195ce706c7bc0e6f,broad,200C,single,,,,"membership, membership, minimum","me‌mbership, me‌mbership, mi‌nimum"
00492.3052cad36d423e60195ce706c7bc0e6f,00492__salted__broad__cp200D__single.3052cad36d423e60195ce706c7bc0e6f,broad,200D,single,,,,"membership, membership, minimum","me‍mbership, me‍mbership, mi‍nimum"
00492.3052cad36d423e60195ce706c7bc0e6f,00492__salted__broad__cp00AD__single.3052cad36d423e60195ce706c7bc0e6f,broad,00AD,single,,,,"membership, membership, minimum","me­mbership, me­mbership, mi­nimum"
00493.1c5f59825f7a246187c137614fb1ea82,00493__salted__broad__cp200B__single.1c5f59825f7a246187c137614fb1ea82,broad,200B,single,,GUARANTEED,GU​ARANTEED,,
00493.1c5f59825f7a246187c137614fb1ea82,00493__salted__broad__cp200C__single.1c5f59825f7a246187c137614fb1ea82,broad,200C,single,,GUARANTEED,GU‌ARANTEED,,
00493.1c5f59825f7a246187c137614fb1ea82,00493__salted__broad__cp200D__single.1c5f59825f7a246187c137614fb1ea82,broad,200D,single,,GUARANTEED,GU‍ARANTEED,,
00493.1c5f59825f7a246187c137614fb1ea82,00493__salted__broad__cp00AD__single.1c5f59825f7a246187c137614fb1ea82,broad,00AD,single,,GUARANTEED,GU­ARANTEED,,
00493.a80f4bf204e9111b0dd1d14bf393b754,00493__salted__broad__cp200B__single.a80f4bf204e9111b0dd1d14bf393b754,broad,200B,single,,Financial,Fi​nancial,,
00493.a80f4bf204e9111b0dd1d14bf393b754,00493__salted__broad__cp200C__single.a80f4bf204e9111b0dd1d14bf393b754,broad,200C,single,,Financial,Fi‌nancial,,
00493.a80f4bf204e9111b0dd1d14bf393b754,00493__salted__broad__cp200D__single.a80f4bf204e9111b0dd1d14bf393b754,broad,200D,single,,Financial,Fi‍nancial,,
00493.a80f4bf204e9111b0dd1d14bf393b754,00493__salted__broad__cp00AD__single.a80f4bf204e9111b0dd1d14bf393b754,broad,00AD,single,,Financial,Fi­nancial,,
00495.88a3a957082447d2e6cad8c9cb18b3b7,00495__salted__broad__cp200B__single.88a3a957082447d2e6cad8c9cb18b3b7,broad,200B,single,,,,"Debt, reply, btamail","De​bt, re​ply, bt​amail"
00495.88a3a957082447d2e6cad8c9cb18b3b7,00495__salted__broad__cp200C__single.88a3a957082447d2e6cad8c9cb18b3b7,broad,200C,single,,,,"Debt, reply, btamail","De‌bt, re‌ply, bt‌amail"
00495.88a3a957082447d2e6cad8c9cb18b3b7,00495__salted__broad__cp200D__single.88a3a957082447d2e6cad8c9cb18b3b7,broad,200D,single,,,,"Debt, reply, btamail","De‍bt, re‍ply, bt‍amail"
00495.88a3a957082447d2e6cad8c9cb18b3b7,00495__salted__broad__cp00AD__single.88a3a957082447d2e6cad8c9cb18b3b7,broad,00AD,single,,,,"Debt, reply, btamail","De­bt, re­ply, bt­amail"
00495.e22a609b7dc412c120d09e11544c67fb,00495__salted__broad__cp200B__single.e22a609b7dc412c120d09e11544c67fb,broad,200B,single,,kindly,ki​ndly,"URGENT, ASSISTANCE, RECEIVE","UR​GENT, AS​SISTANCE, RE​CEIVE"
00495.e22a609b7dc412c120d09e11544c67fb,00495__salted__broad__cp200C__single.e22a609b7dc412c120d09e11544c67fb,broad,200C,single,,kindly,ki‌ndly,"URGENT, ASSISTANCE, RECEIVE","UR‌GENT, AS‌SISTANCE, RE‌CEIVE"
00495.e22a609b7dc412c120d09e11544c67fb,00495__salted__broad__cp200D__single.e22a609b7dc412c120d09e11544c67fb,broad,200D,single,,kindly,ki‍ndly,"URGENT, ASSISTANCE, RECEIVE","UR‍GENT, AS‍SISTANCE, RE‍CEIVE"
00495.e22a609b7dc412c120d09e11544c67fb,00495__salted__broad__cp00AD__single.e22a609b7dc412c120d09e11544c67fb,broad,00AD,single,,kindly,ki­ndly,"URGENT, ASSISTANCE, RECEIVE","UR­GENT, AS­SISTANCE, RE­CEIVE"
00496.acf53035be6cb4c667fd342551c5d467,00496__salted__broad__cp200B__single.acf53035be6cb4c667fd342551c5d467,broad,200B,single,,registration,re​gistration,"fees, remove, promotional","fe​es, re​move, pr​omotional"
00496.acf53035be6cb4c667fd342551c5d467,00496__salted__broad__cp200C__single.acf53035be6cb4c667fd342551c5d467,broad,200C,single,,registration,re‌gistration,"fees, remove, promotional","fe‌es, re‌move, pr‌omotional"
00496.acf53035be6cb4c667fd342551c5d467,00496__salted__broad__cp200D__single.acf53035be6cb4c667fd342551c5d467,broad,200D,single,,registration,re‍gistration,"fees, remove, promotional","fe‍es, re‍move, pr‍omotional"
00496.acf53035be6cb4c667fd342551c5d467,00496__salted__broad__cp00AD__single.acf53035be6cb4c667fd342551c5d467,broad,00AD,single,,registration,re­gistration,"fees, remove, promotional","fe­es, re­move, pr­omotional"
00497.353a61b265f11dd0bae116c0149abbe1,00497__salted__broad__cp200B__single.353a61b265f11dd0bae116c0149abbe1,broad,200B,single,,,,"Financial, Marketing, secret","Fi​nancial, Ma​rketing, se​cret"
00497.353a61b265f11dd0bae116c0149abbe1,00497__salted__broad__cp200C__single.353a61b265f11dd0bae116c0149abbe1,broad,200C,single,,,,"Financial, Marketing, secret","Fi‌nancial, Ma‌rketing, se‌cret"
00497.353a61b265f11dd0bae116c0149abbe1,00497__salted__broad__cp200D__single.353a61b265f11dd0bae116c0149abbe1,broad,200D,single,,,,"Financial, Marketing, secret","Fi‍nancial, Ma‍rketing, se‍cret"
00497.353a61b265f11dd0bae116c0149abbe1,00497__salted__broad__cp00AD__single.353a61b265f11dd0bae116c0149abbe1,broad,00AD,single,,,,"Financial, Marketing, secret","Fi­nancial, Ma­rketing, se­cret"
00497.ebf699da617b11135f3aa9173b9781b9,00497__salted__broad__cp200B__single.ebf699da617b11135f3aa9173b9781b9,broad,200B,single,,MORTGAGE,MO​RTGAGE,,
00497.ebf699da617b11135f3aa9173b9781b9,00497__salted__broad__cp200C__single.ebf699da617b11135f3aa9173b9781b9,broad,200C,single,,MORTGAGE,MO‌RTGAGE,,
00497.ebf699da617b11135f3aa9173b9781b9,00497__salted__broad__cp200D__single.ebf699da617b11135f3aa9173b9781b9,broad,200D,single,,MORTGAGE,MO‍RTGAGE,,
00497.ebf699da617b11135f3aa9173b9781b9,00497__salted__broad__cp00AD__single.ebf699da617b11135f3aa9173b9781b9,broad,00AD,single,,MORTGAGE,MO­RTGAGE,,
00498.7f293b818e2e46d3a8bad44eda672947,00498__salted__broad__cp200B__single.7f293b818e2e46d3a8bad44eda672947,broad,200B,single,,marketing,ma​rketing,"MARKETING, unlimited, MARKETING","MA​RKETING, un​limited, MA​RKETING"
00498.7f293b818e2e46d3a8bad44eda672947,00498__salted__broad__cp200C__single.7f293b818e2e46d3a8bad44eda672947,broad,200C,single,,marketing,ma‌rketing,"MARKETING, unlimited, MARKETING","MA‌RKETING, un‌limited, MA‌RKETING"
00498.7f293b818e2e46d3a8bad44eda672947,00498__salted__broad__cp200D__single.7f293b818e2e46d3a8bad44eda672947,broad,200D,single,,marketing,ma‍rketing,"MARKETING, unlimited, MARKETING","MA‍RKETING, un‍limited, MA‍RKETING"
00498.7f293b818e2e46d3a8bad44eda672947,00498__salted__broad__cp00AD__single.7f293b818e2e46d3a8bad44eda672947,broad,00AD,single,,marketing,ma­rketing,"MARKETING, unlimited, MARKETING","MA­RKETING, un­limited, MA­RKETING"
00499.988506a852cf86b396771a8bdc8cf839,00499__salted__broad__cp200B__single.988506a852cf86b396771a8bdc8cf839,broad,200B,single,,Earn,Ea​rn,,
00499.988506a852cf86b396771a8bdc8cf839,00499__salted__broad__cp200C__single.988506a852cf86b396771a8bdc8cf839,broad,200C,single,,Earn,Ea‌rn,,
00499.988506a852cf86b396771a8bdc8cf839,00499__salted__broad__cp200D__single.988506a852cf86b396771a8bdc8cf839,broad,200D,single,,Earn,Ea‍rn,,
00499.988506a852cf86b396771a8bdc8cf839,00499__salted__broad__cp00AD__single.988506a852cf86b396771a8bdc8cf839,broad,00AD,single,,Earn,Ea­rn,,
00500.87320162ab5b79f67978406cf909c3d1,00500__salted__broad__cp200B__single.87320162ab5b79f67978406cf909c3d1,broad,200B,single,,mortgage,mo​rtgage,"refinance, mortgage, compete","re​finance, mo​rtgage, co​mpete"
00500.87320162ab5b79f67978406cf909c3d1,00500__salted__broad__cp200C__single.87320162ab5b79f67978406cf909c3d1,broad,200C,single,,mortgage,mo‌rtgage,"refinance, mortgage, compete","re‌finance, mo‌rtgage, co‌mpete"
00500.87320162ab5b79f67978406cf909c3d1,00500__salted__broad__cp200D__single.87320162ab5b79f67978406cf909c3d1,broad,200D,single,,mortgage,mo‍rtgage,"refinance, mortgage, compete","re‍finance, mo‍rtgage, co‍mpete"
00500.87320162ab5b79f67978406cf909c3d1,00500__salted__broad__cp00AD__single.87320162ab5b79f67978406cf909c3d1,broad,00AD,single,,mortgage,mo­rtgage,"refinance, mortgage, compete","re­finance, mo­rtgage, co­mpete"
00503.4b7a98571703ac6770713c31b431b274,00503__salted__broad__cp200B__single.4b7a98571703ac6770713c31b431b274,broad,200B,single,,Approved,Ap​proved,,
00503.4b7a98571703ac6770713c31b431b274,00503__salted__broad__cp200C__single.4b7a98571703ac6770713c31b431b274,broad,200C,single,,Approved,Ap‌proved,,
00503.4b7a98571703ac6770713c31b431b274,00503__salted__broad__cp200D__single.4b7a98571703ac6770713c31b431b274,broad,200D,single,,Approved,Ap‍proved,,
00503.4b7a98571703ac6770713c31b431b274,00503__salted__broad__cp00AD__single.4b7a98571703ac6770713c31b431b274,broad,00AD,single,,Approved,Ap­proved,,
00504.0a250a54cc14771c55105d9cfdf39151,00504__salted__broad__cp200B__single.0a250a54cc14771c55105d9cfdf39151,broad,200B,single,,,,"career, rates, career","ca​reer, ra​tes, ca​reer"
00504.0a250a54cc14771c55105d9cfdf39151,00504__salted__broad__cp200C__single.0a250a54cc14771c55105d9cfdf39151,broad,200C,single,,,,"career, rates, career","ca‌reer, ra‌tes, ca‌reer"
00504.0a250a54cc14771c55105d9cfdf39151,00504__salted__broad__cp200D__single.0a250a54cc14771c55105d9cfdf39151,broad,200D,single,,,,"career, rates, career","ca‍reer, ra‍tes, ca‍reer"
00504.0a250a54cc14771c55105d9cfdf39151,00504__salted__broad__cp00AD__single.0a250a54cc14771c55105d9cfdf39151,broad,00AD,single,,,,"career, rates, career","ca­reer, ra­tes, ca­reer"
00505.d4fa302630b3e58461b644f7b3e11d82,00505__salted__broad__cp200B__single.d4fa302630b3e58461b644f7b3e11d82,broad,200B,single,,Prescription,Pr​escription,,
00505.d4fa302630b3e58461b644f7b3e11d82,00505__salted__broad__cp200C__single.d4fa302630b3e58461b644f7b3e11d82,broad,200C,single,,Prescription,Pr‌escription,,
00505.d4fa302630b3e58461b644f7b3e11d82,00505__salted__broad__cp200D__single.d4fa302630b3e58461b644f7b3e11d82,broad,200D,single,,Prescription,Pr‍escription,,
00505.d4fa302630b3e58461b644f7b3e11d82,00505__salted__broad__cp00AD__single.d4fa302630b3e58461b644f7b3e11d82,broad,00AD,single,,Prescription,Pr­escription,,
00508.a5b222ad6078c7242f6c73333e009d98,00508__salted__broad__cp200B__single.a5b222ad6078c7242f6c73333e009d98,broad,200B,single,,,,"offer, million, products","of​fer, mi​llion, pr​oducts"
00508.a5b222ad6078c7242f6c73333e009d98,00508__salted__broad__cp200C__single.a5b222ad6078c7242f6c73333e009d98,broad,200C,single,,,,"offer, million, products","of‌fer, mi‌llion, pr‌oducts"
00508.a5b222ad6078c7242f6c73333e009d98,00508__salted__broad__cp200D__single.a5b222ad6078c7242f6c73333e009d98,broad,200D,single,,,,"offer, million, products","of‍fer, mi‍llion, pr‍oducts"
00508.a5b222ad6078c7242f6c73333e009d98,00508__salted__broad__cp00AD__single.a5b222ad6078c7242f6c73333e009d98,broad,00AD,single,,,,"offer, million, products","of­fer, mi­llion, pr­oducts"
00511.7a9009733666ca7ab0325e44e17bf584,00511__salted__broad__cp200B__single.7a9009733666ca7ab0325e44e17bf584,broad,200B,single,,Health,He​alth,,
00511.7a9009733666ca7ab0325e44e17bf584,00511__salted__broad__cp200C__single.7a9009733666ca7ab0325e44e17bf584,broad,200C,single,,Health,He‌alth,,
00511.7a9009733666ca7ab0325e44e17bf584,00511__salted__broad__cp200D__single.7a9009733666ca7ab0325e44e17bf584,broad,200D,single,,Health,He‍alth,,
00511.7a9009733666ca7ab0325e44e17bf584,00511__salted__broad__cp00AD__single.7a9009733666ca7ab0325e44e17bf584,broad,00AD,single,,Health,He­alth,,
00512.8a8d03da14819f83a8936f224cd9c9cc,00512__salted__broad__cp200B__single.8a8d03da14819f83a8936f224cd9c9cc,broad,200B,single,,Prospects,Pr​ospects,"Commission, Sales, Secrets","Co​mmission, Sa​les, Se​crets"
00512.8a8d03da14819f83a8936f224cd9c9cc,00512__salted__broad__cp200C__single.8a8d03da14819f83a8936f224cd9c9cc,broad,200C,single,,Prospects,Pr‌ospects,"Commission, Sales, Secrets","Co‌mmission, Sa‌les, Se‌crets"
00512.8a8d03da14819f83a8936f224cd9c9cc,00512__salted__broad__cp200D__single.8a8d03da14819f83a8936f224cd9c9cc,broad,200D,single,,Prospects,Pr‍ospects,"Commission, Sales, Secrets","Co‍mmission, Sa‍les, Se‍crets"
00512.8a8d03da14819f83a8936f224cd9c9cc,00512__salted__broad__cp00AD__single.8a8d03da14819f83a8936f224cd9c9cc,broad,00AD,single,,Prospects,Pr­ospects,"Commission, Sales, Secrets","Co­mmission, Sa­les, Se­crets"
00513.08c05933ceb2092de8a4866b91d6f274,00513__salted__broad__cp200B__single.08c05933ceb2092de8a4866b91d6f274,broad,200B,single,,account,ac​count,"Account, Cash, Commissions","Ac​count, Ca​sh, Co​mmissions"
00513.08c05933ceb2092de8a4866b91d6f274,00513__salted__broad__cp200C__single.08c05933ceb2092de8a4866b91d6f274,broad,200C,single,,account,ac‌count,"Account, Cash, Commissions","Ac‌count, Ca‌sh, Co‌mmissions"
00513.08c05933ceb2092de8a4866b91d6f274,00513__salted__broad__cp200D__single.08c05933ceb2092de8a4866b91d6f274,broad,200D,single,,account,ac‍count,"Account, Cash, Commissions","Ac‍count, Ca‍sh, Co‍mmissions"
00513.08c05933ceb2092de8a4866b91d6f274,00513__salted__broad__cp00AD__single.08c05933ceb2092de8a4866b91d6f274,broad,00AD,single,,account,ac­count,"Account, Cash, Commissions","Ac­count, Ca­sh, Co­mmissions"
00514.5c15464cb782de5ddab0408af5888805,00514__salted__broad__cp200B__single.5c15464cb782de5ddab0408af5888805,broad,200B,single,,Approved,Ap​proved,,
00514.5c15464cb782de5ddab0408af5888805,00514__salted__broad__cp200C__single.5c15464cb782de5ddab0408af5888805,broad,200C,single,,Approved,Ap‌proved,,
00514.5c15464cb782de5ddab0408af5888805,00514__salted__broad__cp200D__single.5c15464cb782de5ddab0408af5888805,broad,200D,single,,Approved,Ap‍proved,,
00514.5c15464cb782de5ddab0408af5888805,00514__salted__broad__cp00AD__single.5c15464cb782de5ddab0408af5888805,broad,00AD,single,,Approved,Ap­proved,,
00515.89787cdc87d6fe15af713a5e960c1e05,00515__salted__broad__cp200B__single.89787cdc87d6fe15af713a5e960c1e05,broad,200B,single,,Health,He​alth,,
00515.89787cdc87d6fe15af713a5e960c1e05,00515__salted__broad__cp200C__single.89787cdc87d6fe15af713a5e960c1e05,broad,200C,single,,Health,He‌alth,,
00515.89787cdc87d6fe15af713a5e960c1e05,00515__salted__broad__cp200D__single.89787cdc87d6fe15af713a5e960c1e05,broad,200D,single,,Health,He‍alth,,
00515.89787cdc87d6fe15af713a5e960c1e05,00515__salted__broad__cp00AD__single.89787cdc87d6fe15af713a5e960c1e05,broad,00AD,single,,Health,He­alth,,
00516.36cd648f23e91a831256f8ef32823573,00516__salted__broad__cp200B__single.36cd648f23e91a831256f8ef32823573,broad,200B,single,,,,"NBC, CBS, CNN","NB​C, CB​S, CN​N"
00516.36cd648f23e91a831256f8ef32823573,00516__salted__broad__cp200C__single.36cd648f23e91a831256f8ef32823573,broad,200C,single,,,,"NBC, CBS, CNN","NB‌C, CB‌S, CN‌N"
00516.36cd648f23e91a831256f8ef32823573,00516__salted__broad__cp200D__single.36cd648f23e91a831256f8ef32823573,broad,200D,single,,,,"NBC, CBS, CNN","NB‍C, CB‍S, CN‍N"
00516.36cd648f23e91a831256f8ef32823573,00516__salted__broad__cp00AD__single.36cd648f23e91a831256f8ef32823573,broad,00AD,single,,,,"NBC, CBS, CNN","NB­C, CB­S, CN­N"
00517.08bde5f35a9480cf76111e2e3ed57cca,00517__salted__broad__cp200B__single.08bde5f35a9480cf76111e2e3ed57cca,broad,200B,single,,lowest,lo​west,"loan, rates, lowest","lo​an, ra​tes, lo​west"
00517.08bde5f35a9480cf76111e2e3ed57cca,00517__salted__broad__cp200C__single.08bde5f35a9480cf76111e2e3ed57cca,broad,200C,single,,lowest,lo‌west,"loan, rates, lowest","lo‌an, ra‌tes, lo‌west"
00517.08bde5f35a9480cf76111e2e3ed57cca,00517__salted__broad__cp200D__single.08bde5f35a9480cf76111e2e3ed57cca,broad,200D,single,,lowest,lo‍west,"loan, rates, lowest","lo‍an, ra‍tes, lo‍west"
00517.08bde5f35a9480cf76111e2e3ed57cca,00517__salted__broad__cp00AD__single.08bde5f35a9480cf76111e2e3ed57cca,broad,00AD,single,,lowest,lo­west,"loan, rates, lowest","lo­an, ra­tes, lo­west"
00520.892a859ed7b0c96d56ae83e4f6ee6b11,00520__salted__broad__cp200B__single.892a859ed7b0c96d56ae83e4f6ee6b11,broad,200B,single,,,,"skills, Offers, price","sk​ills, Of​fers, pr​ice"
00520.892a859ed7b0c96d56ae83e4f6ee6b11,00520__salted__broad__cp200C__single.892a859ed7b0c96d56ae83e4f6ee6b11,broad,200C,single,,,,"skills, Offers, price","sk‌ills, Of‌fers, pr‌ice"
00520.892a859ed7b0c96d56ae83e4f6ee6b11,00520__salted__broad__cp200D__single.892a859ed7b0c96d56ae83e4f6ee6b11,broad,200D,single,,,,"skills, Offers, price","sk‍ills, Of‍fers, pr‍ice"
00520.892a859ed7b0c96d56ae83e4f6ee6b11,00520__salted__broad__cp00AD__single.892a859ed7b0c96d56ae83e4f6ee6b11,broad,00AD,single,,,,"skills, Offers, price","sk­ills, Of­fers, pr­ice"
00521.70417de823222858b4100b6030a64168,00521__salted__broad__cp200B__single.70417de823222858b4100b6030a64168,broad,200B,single,,ADULT,AD​ULT,"ADULT, PRICE, VISIT","AD​ULT, PR​ICE, VI​SIT"
00521.70417de823222858b4100b6030a64168,00521__salted__broad__cp200C__single.70417de823222858b4100b6030a64168,broad,200C,single,,ADULT,AD‌ULT,"ADULT, PRICE, VISIT","AD‌ULT, PR‌ICE, VI‌SIT"
00521.70417de823222858b4100b6030a64168,00521__salted__broad__cp200D__single.70417de823222858b4100b6030a64168,broad,200D,single,,ADULT,AD‍ULT,"ADULT, PRICE, VISIT","AD‍ULT, PR‍ICE, VI‍SIT"
00521.70417de823222858b4100b6030a64168,00521__salted__broad__cp00AD__single.70417de823222858b4100b6030a64168,broad,00AD,single,,ADULT,AD­ULT,"ADULT, PRICE, VISIT","AD­ULT, PR­ICE, VI­SIT"
00522.3c781aa53f7de37cf33e2205faac7143,00522__salted__broad__cp200B__single.3c781aa53f7de37cf33e2205faac7143,broad,200B,single,,Travel,Tr​avel,"Travel, promotion, travel","Tr​avel, pr​omotion, tr​avel"
00522.3c781aa53f7de37cf33e2205faac7143,00522__salted__broad__cp200C__single.3c781aa53f7de37cf33e2205faac7143,broad,200C,single,,Travel,Tr‌avel,"Travel, promotion, travel","Tr‌avel, pr‌omotion, tr‌avel"
00522.3c781aa53f7de37cf33e2205faac7143,00522__salted__broad__cp200D__single.3c781aa53f7de37cf33e2205faac7143,broad,200D,single,,Travel,Tr‍avel,"Travel, promotion, travel","Tr‍avel, pr‍omotion, tr‍avel"
00522.3c781aa53f7de37cf33e2205faac7143,00522__salted__broad__cp00AD__single.3c781aa53f7de37cf33e2205faac7143,broad,00AD,single,,Travel,Tr­avel,"Travel, promotion, travel","Tr­avel, pr­omotion, tr­avel"
00525.979fd0c4cc9c0f2495c564c5501a46ed,00525__salted__broad__cp200B__single.979fd0c4cc9c0f2495c564c5501a46ed,broad,200B,single,,ADV,AD​V,,
00525.979fd0c4cc9c0f2495c564c5501a46ed,00525__salted__broad__cp200C__single.979fd0c4cc9c0f2495c564c5501a46ed,broad,200C,single,,ADV,AD‌V,,
00525.979fd0c4cc9c0f2495c564c5501a46ed,00525__salted__broad__cp200D__single.979fd0c4cc9c0f2495c564c5501a46ed,broad,200D,single,,ADV,AD‍V,,
00525.979fd0c4cc9c0f2495c564c5501a46ed,00525__salted__broad__cp00AD__single.979fd0c4cc9c0f2495c564c5501a46ed,broad,00AD,single,,ADV,AD­V,,
00526.9a55d84e77b13b309a15ccce04901f94,00526__salted__broad__cp200B__single.9a55d84e77b13b309a15ccce04901f94,broad,200B,single,,HGH,HG​H,,
00526.9a55d84e77b13b309a15ccce04901f94,00526__salted__broad__cp200C__single.9a55d84e77b13b309a15ccce04901f94,broad,200C,single,,HGH,HG‌H,,
00526.9a55d84e77b13b309a15ccce04901f94,00526__salted__broad__cp200D__single.9a55d84e77b13b309a15ccce04901f94,broad,200D,single,,HGH,HG‍H,,
00526.9a55d84e77b13b309a15ccce04901f94,00526__salted__broad__cp00AD__single.9a55d84e77b13b309a15ccce04901f94,broad,00AD,single,,HGH,HG­H,,
00527.692952717b3f63cd2964ff2ff73ed91d,00527__salted__broad__cp200B__single.692952717b3f63cd2964ff2ff73ed91d,broad,200B,single,,Income,In​come,"Insurance, income, opportunity","In​surance, in​come, op​portunity"
00527.692952717b3f63cd2964ff2ff73ed91d,00527__salted__broad__cp200C__single.692952717b3f63cd2964ff2ff73ed91d,broad,200C,single,,Income,In‌come,"Insurance, income, opportunity","In‌surance, in‌come, op‌portunity"
00527.692952717b3f63cd2964ff2ff73ed91d,00527__salted__broad__cp200D__single.692952717b3f63cd2964ff2ff73ed91d,broad,200D,single,,Income,In‍come,"Insurance, income, opportunity","In‍surance, in‍come, op‍portunity"
00527.692952717b3f63cd2964ff2ff73ed91d,00527__salted__broad__cp00AD__single.692952717b3f63cd2964ff2ff73ed91d,broad,00AD,single,,Income,In­come,"Insurance, income, opportunity","In­surance, in­come, op­portunity"
00528.a7b02c9abd9fb303615a956bbc4af548,00528__salted__broad__cp200B__single.a7b02c9abd9fb303615a956bbc4af548,broad,200B,single,,proven,pr​oven,,
00528.a7b02c9abd9fb303615a956bbc4af548,00528__salted__broad__cp200C__single.a7b02c9abd9fb303615a956bbc4af548,broad,200C,single,,proven,pr‌oven,,
00528.a7b02c9abd9fb303615a956bbc4af548,00528__salted__broad__cp200D__single.a7b02c9abd9fb303615a956bbc4af548,broad,200D,single,,proven,pr‍oven,,
00528.a7b02c9abd9fb303615a956bbc4af548,00528__salted__broad__cp00AD__single.a7b02c9abd9fb303615a956bbc4af548,broad,00AD,single,,proven,pr­oven,,
00533.4bf72df6acf3c08c213584469484b0ed,00533__salted__broad__cp200B__single.4bf72df6acf3c08c213584469484b0ed,broad,200B,single,,investment,in​vestment,"INVESTMENT, Dear, offering","IN​VESTMENT, De​ar, of​fering"
00533.4bf72df6acf3c08c213584469484b0ed,00533__salted__broad__cp200C__single.4bf72df6acf3c08c213584469484b0ed,broad,200C,single,,investment,in‌vestment,"INVESTMENT, Dear, offering","IN‌VESTMENT, De‌ar, of‌fering"
00533.4bf72df6acf3c08c213584469484b0ed,00533__salted__broad__cp200D__single.4bf72df6acf3c08c213584469484b0ed,broad,200D,single,,investment,in‍vestment,"INVESTMENT, Dear, offering","IN‍VESTMENT, De‍ar, of‍fering"
00533.4bf72df6acf3c08c213584469484b0ed,00533__salted__broad__cp00AD__single.4bf72df6acf3c08c213584469484b0ed,broad,00AD,single,,investment,in­vestment,"INVESTMENT, Dear, offering","IN­VESTMENT, De­ar, of­fering"
00534.d17efd4b5f7baa6cf83684fef7cee08a,00534__salted__broad__cp200B__single.d17efd4b5f7baa6cf83684fef7cee08a,broad,200B,single,,Insurance,In​surance,,
00534.d17efd4b5f7baa6cf83684fef7cee08a,00534__salted__broad__cp200C__single.d17efd4b5f7baa6cf83684fef7cee08a,broad,200C,single,,Insurance,In‌surance,,
00534.d17efd4b5f7baa6cf83684fef7cee08a,00534__salted__broad__cp200D__single.d17efd4b5f7baa6cf83684fef7cee08a,broad,200D,single,,Insurance,In‍surance,,
00534.d17efd4b5f7baa6cf83684fef7cee08a,00534__salted__broad__cp00AD__single.d17efd4b5f7baa6cf83684fef7cee08a,broad,00AD,single,,Insurance,In­surance,,
00535.6f0720362e104f169c08308d82a8c804,00535__salted__broad__cp200B__single.6f0720362e104f169c08308d82a8c804,broad,200B,single,,Pennies,Pe​nnies,,
00535.6f0720362e104f169c08308d82a8c804,00535__salted__broad__cp200C__single.6f0720362e104f169c08308d82a8c804,broad,200C,single,,Pennies,Pe‌nnies,,
00535.6f0720362e104f169c08308d82a8c804,00535__salted__broad__cp200D__single.6f0720362e104f169c08308d82a8c804,broad,200D,single,,Pennies,Pe‍nnies,,
00535.6f0720362e104f169c08308d82a8c804,00535__salted__broad__cp00AD__single.6f0720362e104f169c08308d82a8c804,broad,00AD,single,,Pennies,Pe­nnies,,
00536.196dbf0abb48ceeeedb3a9172823702c,00536__salted__broad__cp200B__single.196dbf0abb48ceeeedb3a9172823702c,broad,200B,single,,,,"Dear, confidential, bank","De​ar, co​nfidential, ba​nk"
00536.196dbf0abb48ceeeedb3a9172823702c,00536__salted__broad__cp200C__single.196dbf0abb48ceeeedb3a9172823702c,broad,200C,single,,,,"Dear, confidential, bank","De‌ar, co‌nfidential, ba‌nk"
00536.196dbf0abb48ceeeedb3a9172823702c,00536__salted__broad__cp200D__single.196dbf0abb48ceeeedb3a9172823702c,broad,200D,single,,,,"Dear, confidential, bank","De‍ar, co‍nfidential, ba‍nk"
00536.196dbf0abb48ceeeedb3a9172823702c,00536__salted__broad__cp00AD__single.196dbf0abb48ceeeedb3a9172823702c,broad,00AD,single,,,,"Dear, confidential, bank","De­ar, co­nfidential, ba­nk"
00537.c61f1e424853d045bd87415405cf8cfe,00537__salted__broad__cp200B__single.c61f1e424853d045bd87415405cf8cfe,broad,200B,single,,,,"motivated, prospects, RECRUITING","mo​tivated, pr​ospects, RE​CRUITING"
00537.c61f1e424853d045bd87415405cf8cfe,00537__salted__broad__cp200C__single.c61f1e424853d045bd87415405cf8cfe,broad,200C,single,,,,"motivated, prospects, RECRUITING","mo‌tivated, pr‌ospects, RE‌CRUITING"
00537.c61f1e424853d045bd87415405cf8cfe,00537__salted__broad__cp200D__single.c61f1e424853d045bd87415405cf8cfe,broad,200D,single,,,,"motivated, prospects, RECRUITING","mo‍tivated, pr‍ospects, RE‍CRUITING"
00537.c61f1e424853d045bd87415405cf8cfe,00537__salted__broad__cp00AD__single.c61f1e424853d045bd87415405cf8cfe,broad,00AD,single,,,,"motivated, prospects, RECRUITING","mo­tivated, pr­ospects, RE­CRUITING"
00539.6e6f7b032b644f9b1355f46d20944350,00539__salted__broad__cp200B__single.6e6f7b032b644f9b1355f46d20944350,broad,200B,single,,Targeted,Ta​rgeted,"Dear, Sales, buyers","De​ar, Sa​les, bu​yers"
00539.6e6f7b032b644f9b1355f46d20944350,00539__salted__broad__cp200C__single.6e6f7b032b644f9b1355f46d20944350,broad,200C,single,,Targeted,Ta‌rgeted,"Dear, Sales, buyers","De‌ar, Sa‌les, bu‌yers"
00539.6e6f7b032b644f9b1355f46d20944350,00539__salted__broad__cp200D__single.6e6f7b032b644f9b1355f46d20944350,broad,200D,single,,Targeted,Ta‍rgeted,"Dear, Sales, buyers","De‍ar, Sa‍les, bu‍yers"
00539.6e6f7b032b644f9b1355f46d20944350,00539__salted__broad__cp00AD__single.6e6f7b032b644f9b1355f46d20944350,broad,00AD,single,,Targeted,Ta­rgeted,"Dear, Sales, buyers","De­ar, Sa­les, bu­yers"
00540.d66cdfb53617f2192367e7f327a018c7,00540__salted__broad__cp200B__single.d66cdfb53617f2192367e7f327a018c7,broad,200B,single,,mortgage,mo​rtgage,"refinance, mortgage, compete","re​finance, mo​rtgage, co​mpete"
00540.d66cdfb53617f2192367e7f327a018c7,00540__salted__broad__cp200C__single.d66cdfb53617f2192367e7f327a018c7,broad,200C,single,,mortgage,mo‌rtgage,"refinance, mortgage, compete","re‌finance, mo‌rtgage, co‌mpete"
00540.d66cdfb53617f2192367e7f327a018c7,00540__salted__broad__cp200D__single.d66cdfb53617f2192367e7f327a018c7,broad,200D,single,,mortgage,mo‍rtgage,"refinance, mortgage, compete","re‍finance, mo‍rtgage, co‍mpete"
00540.d66cdfb53617f2192367e7f327a018c7,00540__salted__broad__cp00AD__single.d66cdfb53617f2192367e7f327a018c7,broad,00AD,single,,mortgage,mo­rtgage,"refinance, mortgage, compete","re­finance, mo­rtgage, co­mpete"
00541.b3145925dccfa163547afa1299e61807,00541__salted__broad__cp200B__single.b3145925dccfa163547afa1299e61807,broad,200B,single,,Refinance,Re​finance,,
00541.b3145925dccfa163547afa1299e61807,00541__salted__broad__cp200C__single.b3145925dccfa163547afa1299e61807,broad,200C,single,,Refinance,Re‌finance,,
00541.b3145925dccfa163547afa1299e61807,00541__salted__broad__cp200D__single.b3145925dccfa163547afa1299e61807,broad,200D,single,,Refinance,Re‍finance,,
00541.b3145925dccfa163547afa1299e61807,00541__salted__broad__cp00AD__single.b3145925dccfa163547afa1299e61807,broad,00AD,single,,Refinance,Re­finance,,
00542.0cfed7997e72ff1084860d1d04dd9126,00542__salted__broad__cp200B__single.0cfed7997e72ff1084860d1d04dd9126,broad,200B,single,,,,"HOURS, Click, contacts","HO​URS, Cl​ick, co​ntacts"
00542.0cfed7997e72ff1084860d1d04dd9126,00542__salted__broad__cp200C__single.0cfed7997e72ff1084860d1d04dd9126,broad,200C,single,,,,"HOURS, Click, contacts","HO‌URS, Cl‌ick, co‌ntacts"
00542.0cfed7997e72ff1084860d1d04dd9126,00542__salted__broad__cp200D__single.0cfed7997e72ff1084860d1d04dd9126,broad,200D,single,,,,"HOURS, Click, contacts","HO‍URS, Cl‍ick, co‍ntacts"
00542.0cfed7997e72ff1084860d1d04dd9126,00542__salted__broad__cp00AD__single.0cfed7997e72ff1084860d1d04dd9126,broad,00AD,single,,,,"HOURS, Click, contacts","HO­URS, Cl­ick, co­ntacts"
00543.e69bd0a0effd4a12537fb358d79ea337,00543__salted__broad__cp200B__single.e69bd0a0effd4a12537fb358d79ea337,broad,200B,single,,,,"purchase, purchase, Insurance","pu​rchase, pu​rchase, In​surance"
00543.e69bd0a0effd4a12537fb358d79ea337,00543__salted__broad__cp200C__single.e69bd0a0effd4a12537fb358d79ea337,broad,200C,single,,,,"purchase, purchase, Insurance","pu‌rchase, pu‌rchase, In‌surance"
00543.e69bd0a0effd4a12537fb358d79ea337,00543__salted__broad__cp200D__single.e69bd0a0effd4a12537fb358d79ea337,broad,200D,single,,,,"purchase, purchase, Insurance","pu‍rchase, pu‍rchase, In‍surance"
00543.e69bd0a0effd4a12537fb358d79ea337,00543__salted__broad__cp00AD__single.e69bd0a0effd4a12537fb358d79ea337,broad,00AD,single,,,,"purchase, purchase, Insurance","pu­rchase, pu­rchase, In­surance"
00544.b40f8f2923fe96b02cd7c46fef0adea0,00544__salted__broad__cp200B__single.b40f8f2923fe96b02cd7c46fef0adea0,broad,200B,single,,ADV,AD​V,,
00544.b40f8f2923fe96b02cd7c46fef0adea0,00544__salted__broad__cp200C__single.b40f8f2923fe96b02cd7c46fef0adea0,broad,200C,single,,ADV,AD‌V,,
00544.b40f8f2923fe96b02cd7c46fef0adea0,00544__salted__broad__cp200D__single.b40f8f2923fe96b02cd7c46fef0adea0,broad,200D,single,,ADV,AD‍V,,
00544.b40f8f2923fe96b02cd7c46fef0adea0,00544__salted__broad__cp00AD__single.b40f8f2923fe96b02cd7c46fef0adea0,broad,00AD,single,,ADV,AD­V,,
00545.296b31ed5391f5e3674c734171643f45,00545__salted__broad__cp200B__single.296b31ed5391f5e3674c734171643f45,broad,200B,single,,cartridges,ca​rtridges,,
00545.296b31ed5391f5e3674c734171643f45,00545__salted__broad__cp200C__single.296b31ed5391f5e3674c734171643f45,broad,200C,single,,cartridges,ca‌rtridges,,
00545.296b31ed5391f5e3674c734171643f45,00545__salted__broad__cp200D__single.296b31ed5391f5e3674c734171643f45,broad,200D,single,,cartridges,ca‍rtridges,,
00545.296b31ed5391f5e3674c734171643f45,00545__salted__broad__cp00AD__single.296b31ed5391f5e3674c734171643f45,broad,00AD,single,,cartridges,ca­rtridges,,
00546.86d0c1b7a2080d8b2068935ab83cab03,00546__salted__broad__cp200B__single.86d0c1b7a2080d8b2068935ab83cab03,broad,200B,single,,,,"NBC, CBS, CNN","NB​C, CB​S, CN​N"
00546.86d0c1b7a2080d8b2068935ab83cab03,00546__salted__broad__cp200C__single.86d0c1b7a2080d8b2068935ab83cab03,broad,200C,single,,,,"NBC, CBS, CNN","NB‌C, CB‌S, CN‌N"
00546.86d0c1b7a2080d8b2068935ab83cab03,00546__salted__broad__cp200D__single.86d0c1b7a2080d8b2068935ab83cab03,broad,200D,single,,,,"NBC, CBS, CNN","NB‍C, CB‍S, CN‍N"
00546.86d0c1b7a2080d8b2068935ab83cab03,00546__salted__broad__cp00AD__single.86d0c1b7a2080d8b2068935ab83cab03,broad,00AD,single,,,,"NBC, CBS, CNN","NB­C, CB­S, CN­N"
00547.8519a982bb78c6994959d9a4b3d4c9a3,00547__salted__broad__cp200B__single.8519a982bb78c6994959d9a4b3d4c9a3,broad,200B,single,,ADV,AD​V,,
00547.8519a982bb78c6994959d9a4b3d4c9a3,00547__salted__broad__cp200C__single.8519a982bb78c6994959d9a4b3d4c9a3,broad,200C,single,,ADV,AD‌V,,
00547.8519a982bb78c6994959d9a4b3d4c9a3,00547__salted__broad__cp200D__single.8519a982bb78c6994959d9a4b3d4c9a3,broad,200D,single,,ADV,AD‍V,,
00547.8519a982bb78c6994959d9a4b3d4c9a3,00547__salted__broad__cp00AD__single.8519a982bb78c6994959d9a4b3d4c9a3,broad,00AD,single,,ADV,AD­V,,
00548.f4dde895ab6df412dbd309ebe3cf1533,00548__salted__broad__cp200B__single.f4dde895ab6df412dbd309ebe3cf1533,broad,200B,single,,Cash,Ca​sh,,
00548.f4dde895ab6df412dbd309ebe3cf1533,00548__salted__broad__cp200C__single.f4dde895ab6df412dbd309ebe3cf1533,broad,200C,single,,Cash,Ca‌sh,,
00548.f4dde895ab6df412dbd309ebe3cf1533,00548__salted__broad__cp200D__single.f4dde895ab6df412dbd309ebe3cf1533,broad,200D,single,,Cash,Ca‍sh,,
00548.f4dde895ab6df412dbd309ebe3cf1533,00548__salted__broad__cp00AD__single.f4dde895ab6df412dbd309ebe3cf1533,broad,00AD,single,,Cash,Ca­sh,,
00552.877d8dbff829787aa8349b433a8421f0,00552__salted__broad__cp200B__single.877d8dbff829787aa8349b433a8421f0,broad,200B,single,,Mortgage,Mo​rtgage,,
00552.877d8dbff829787aa8349b433a8421f0,00552__salted__broad__cp200C__single.877d8dbff829787aa8349b433a8421f0,broad,200C,single,,Mortgage,Mo‌rtgage,,
00552.877d8dbff829787aa8349b433a8421f0,00552__salted__broad__cp200D__single.877d8dbff829787aa8349b433a8421f0,broad,200D,single,,Mortgage,Mo‍rtgage,,
00552.877d8dbff829787aa8349b433a8421f0,00552__salted__broad__cp00AD__single.877d8dbff829787aa8349b433a8421f0,broad,00AD,single,,Mortgage,Mo­rtgage,,
00553.4e22bb923ee41a61d04f8b275157366b,00553__salted__broad__cp200B__single.4e22bb923ee41a61d04f8b275157366b,broad,200B,single,,ADV,AD​V,,
00553.4e22bb923ee41a61d04f8b275157366b,00553__salted__broad__cp200C__single.4e22bb923ee41a61d04f8b275157366b,broad,200C,single,,ADV,AD‌V,,
00553.4e22bb923ee41a61d04f8b275157366b,00553__salted__broad__cp200D__single.4e22bb923ee41a61d04f8b275157366b,broad,200D,single,,ADV,AD‍V,,
00553.4e22bb923ee41a61d04f8b275157366b,00553__salted__broad__cp00AD__single.4e22bb923ee41a61d04f8b275157366b,broad,00AD,single,,ADV,AD­V,,
00558.dcb747a55d9b7d4f9ca6c66717bd36c7,00558__salted__broad__cp200B__single.dcb747a55d9b7d4f9ca6c66717bd36c7,broad,200B,single,,Wish,Wi​sh,,
00558.dcb747a55d9b7d4f9ca6c66717bd36c7,00558__salted__broad__cp200C__single.dcb747a55d9b7d4f9ca6c66717bd36c7,broad,200C,single,,Wish,Wi‌sh,,
00558.dcb747a55d9b7d4f9ca6c66717bd36c7,00558__salted__broad__cp200D__single.dcb747a55d9b7d4f9ca6c66717bd36c7,broad,200D,single,,Wish,Wi‍sh,,
00558.dcb747a55d9b7d4f9ca6c66717bd36c7,00558__salted__broad__cp00AD__single.dcb747a55d9b7d4f9ca6c66717bd36c7,broad,00AD,single,,Wish,Wi­sh,,
00559.f134a8ef403b9c3cc92f44a808a97403,00559__salted__broad__cp200B__single.f134a8ef403b9c3cc92f44a808a97403,broad,200B,single,,Approved,Ap​proved,,
00559.f134a8ef403b9c3cc92f44a808a97403,00559__salted__broad__cp200C__single.f134a8ef403b9c3cc92f44a808a97403,broad,200C,single,,Approved,Ap‌proved,,
00559.f134a8ef403b9c3cc92f44a808a97403,00559__salted__broad__cp200D__single.f134a8ef403b9c3cc92f44a808a97403,broad,200D,single,,Approved,Ap‍proved,,
00559.f134a8ef403b9c3cc92f44a808a97403,00559__salted__broad__cp00AD__single.f134a8ef403b9c3cc92f44a808a97403,broad,00AD,single,,Approved,Ap­proved,,
00560.dfc4142bdb51d4ac3f9a3460c9254a18,00560__salted__broad__cp200B__single.dfc4142bdb51d4ac3f9a3460c9254a18,broad,200B,single,,,,"Guaranteed, satisfied, purchase","Gu​aranteed, sa​tisfied, pu​rchase"
00560.dfc4142bdb51d4ac3f9a3460c9254a18,00560__salted__broad__cp200C__single.dfc4142bdb51d4ac3f9a3460c9254a18,broad,200C,single,,,,"Guaranteed, satisfied, purchase","Gu‌aranteed, sa‌tisfied, pu‌rchase"
00560.dfc4142bdb51d4ac3f9a3460c9254a18,00560__salted__broad__cp200D__single.dfc4142bdb51d4ac3f9a3460c9254a18,broad,200D,single,,,,"Guaranteed, satisfied, purchase","Gu‍aranteed, sa‍tisfied, pu‍rchase"
00560.dfc4142bdb51d4ac3f9a3460c9254a18,00560__salted__broad__cp00AD__single.dfc4142bdb51d4ac3f9a3460c9254a18,broad,00AD,single,,,,"Guaranteed, satisfied, purchase","Gu­aranteed, sa­tisfied, pu­rchase"
00561.c1919574614e88fbabbfb266153560f2,00561__salted__broad__cp200B__single.c1919574614e88fbabbfb266153560f2,broad,200B,single,,,,"NBC, CBS, CNN","NB​C, CB​S, CN​N"
00561.c1919574614e88fbabbfb266153560f2,00561__salted__broad__cp200C__single.c1919574614e88fbabbfb266153560f2,broad,200C,single,,,,"NBC, CBS, CNN","NB‌C, CB‌S, CN‌N"
00561.c1919574614e88fbabbfb266153560f2,00561__salted__broad__cp200D__single.c1919574614e88fbabbfb266153560f2,broad,200D,single,,,,"NBC, CBS, CNN","NB‍C, CB‍S, CN‍N"
00561.c1919574614e88fbabbfb266153560f2,00561__salted__broad__cp00AD__single.c1919574614e88fbabbfb266153560f2,broad,00AD,single,,,,"NBC, CBS, CNN","NB­C, CB­S, CN­N"
00562.09f8bb89193c2c5b8e8722ea0aa170a9,00562__salted__broad__cp200B__single.09f8bb89193c2c5b8e8722ea0aa170a9,broad,200B,single,,,,"discount, prices, exciting","di​scount, pr​ices, ex​citing"
00562.09f8bb89193c2c5b8e8722ea0aa170a9,00562__salted__broad__cp200C__single.09f8bb89193c2c5b8e8722ea0aa170a9,broad,200C,single,,,,"discount, prices, exciting","di‌scount, pr‌ices, ex‌citing"
00562.09f8bb89193c2c5b8e8722ea0aa170a9,00562__salted__broad__cp200D__single.09f8bb89193c2c5b8e8722ea0aa170a9,broad,200D,single,,,,"discount, prices, exciting","di‍scount, pr‍ices, ex‍citing"
00562.09f8bb89193c2c5b8e8722ea0aa170a9,00562__salted__broad__cp00AD__single.09f8bb89193c2c5b8e8722ea0aa170a9,broad,00AD,single,,,,"discount, prices, exciting","di­scount, pr­ices, ex­citing"
00564.f041f313512dbafd79a80c565452c0ee,00564__salted__broad__cp200B__single.f041f313512dbafd79a80c565452c0ee,broad,200B,single,,,,"offer, guarantee, remove","of​fer, gu​arantee, re​move"
00564.f041f313512dbafd79a80c565452c0ee,00564__salted__broad__cp200C__single.f041f313512dbafd79a80c565452c0ee,broad,200C,single,,,,"offer, guarantee, remove","of‌fer, gu‌arantee, re‌move"
00564.f041f313512dbafd79a80c565452c0ee,00564__salted__broad__cp200D__single.f041f313512dbafd79a80c565452c0ee,broad,200D,single,,,,"offer, guarantee, remove","of‍fer, gu‍arantee, re‍move"
00564.f041f313512dbafd79a80c565452c0ee,00564__salted__broad__cp00AD__single.f041f313512dbafd79a80c565452c0ee,broad,00AD,single,,,,"offer, guarantee, remove","of­fer, gu­arantee, re­move"
00565.a1a4b8367b5c7f5e865df0539b52969a,00565__salted__broad__cp200B__single.a1a4b8367b5c7f5e865df0539b52969a,broad,200B,single,,Annuity,An​nuity,"ANNUITY, Guaranteed, Commission","AN​NUITY, Gu​aranteed, Co​mmission"
00565.a1a4b8367b5c7f5e865df0539b52969a,00565__salted__broad__cp200C__single.a1a4b8367b5c7f5e865df0539b52969a,broad,200C,single,,Annuity,An‌nuity,"ANNUITY, Guaranteed, Commission","AN‌NUITY, Gu‌aranteed, Co‌mmission"
00565.a1a4b8367b5c7f5e865df0539b52969a,00565__salted__broad__cp200D__single.a1a4b8367b5c7f5e865df0539b52969a,broad,200D,single,,Annuity,An‍nuity,"ANNUITY, Guaranteed, Commission","AN‍NUITY, Gu‍aranteed, Co‍mmission"
00565.a1a4b8367b5c7f5e865df0539b52969a,00565__salted__broad__cp00AD__single.a1a4b8367b5c7f5e865df0539b52969a,broad,00AD,single,,Annuity,An­nuity,"ANNUITY, Guaranteed, Commission","AN­NUITY, Gu­aranteed, Co­mmission"
00566.9b3e6f0ed54a232fcf6533c75d5c218e,00566__salted__broad__cp200B__single.9b3e6f0ed54a232fcf6533c75d5c218e,broad,200B,single,,,,"monthly, loan, Click","mo​nthly, lo​an, Cl​ick"
00566.9b3e6f0ed54a232fcf6533c75d5c218e,00566__salted__broad__cp200C__single.9b3e6f0ed54a232fcf6533c75d5c218e,broad,200C,single,,,,"monthly, loan, Click","mo‌nthly, lo‌an, Cl‌ick"
00566.9b3e6f0ed54a232fcf6533c75d5c218e,00566__salted__broad__cp200D__single.9b3e6f0ed54a232fcf6533c75d5c218e,broad,200D,single,,,,"monthly, loan, Click","mo‍nthly, lo‍an, Cl‍ick"
00566.9b3e6f0ed54a232fcf6533c75d5c218e,00566__salted__broad__cp00AD__single.9b3e6f0ed54a232fcf6533c75d5c218e,broad,00AD,single,,,,"monthly, loan, Click","mo­nthly, lo­an, Cl­ick"
00567.9a792928197fff7a7a38aee412bf4a07,00567__salted__broad__cp200B__single.9a792928197fff7a7a38aee412bf4a07,broad,200B,single,,,,"monthly, loan, Click","mo​nthly, lo​an, Cl​ick"
00567.9a792928197fff7a7a38aee412bf4a07,00567__salted__broad__cp200C__single.9a792928197fff7a7a38aee412bf4a07,broad,200C,single,,,,"monthly, loan, Click","mo‌nthly, lo‌an, Cl‌ick"
00567.9a792928197fff7a7a38aee412bf4a07,00567__salted__broad__cp200D__single.9a792928197fff7a7a38aee412bf4a07,broad,200D,single,,,,"monthly, loan, Click","mo‍nthly, lo‍an, Cl‍ick"
00567.9a792928197fff7a7a38aee412bf4a07,00567__salted__broad__cp00AD__single.9a792928197fff7a7a38aee412bf4a07,broad,00AD,single,,,,"monthly, loan, Click","mo­nthly, lo­an, Cl­ick"
00570.cc1a4d6cf41350cf10e2b588dacb2dff,00570__salted__broad__cp200B__single.cc1a4d6cf41350cf10e2b588dacb2dff,broad,200B,single,,,,"offer, visitors, introduce","of​fer, vi​sitors, in​troduce"
00570.cc1a4d6cf41350cf10e2b588dacb2dff,00570__salted__broad__cp200C__single.cc1a4d6cf41350cf10e2b588dacb2dff,broad,200C,single,,,,"offer, visitors, introduce","of‌fer, vi‌sitors, in‌troduce"
00570.cc1a4d6cf41350cf10e2b588dacb2dff,00570__salted__broad__cp200D__single.cc1a4d6cf41350cf10e2b588dacb2dff,broad,200D,single,,,,"offer, visitors, introduce","of‍fer, vi‍sitors, in‍troduce"
00570.cc1a4d6cf41350cf10e2b588dacb2dff,00570__salted__broad__cp00AD__single.cc1a4d6cf41350cf10e2b588dacb2dff,broad,00AD,single,,,,"offer, visitors, introduce","of­fer, vi­sitors, in­troduce"
00572.4657e353354321dfd7c39c6a07a90452,00572__salted__broad__cp200B__single.4657e353354321dfd7c39c6a07a90452,broad,200B,single,,Cash,Ca​sh,,
00572.4657e353354321dfd7c39c6a07a90452,00572__salted__broad__cp200C__single.4657e353354321dfd7c39c6a07a90452,broad,200C,single,,Cash,Ca‌sh,,
00572.4657e353354321dfd7c39c6a07a90452,00572__salted__broad__cp200D__single.4657e353354321dfd7c39c6a07a90452,broad,200D,single,,Cash,Ca‍sh,,
00572.4657e353354321dfd7c39c6a07a90452,00572__salted__broad__cp00AD__single.4657e353354321dfd7c39c6a07a90452,broad,00AD,single,,Cash,Ca­sh,,
00573.f33cc9f9253eda8eceaa7ace8f1a0f50,00573__salted__broad__cp200B__single.f33cc9f9253eda8eceaa7ace8f1a0f50,broad,200B,single,,,,"Receive, EMAILS, receive","Re​ceive, EM​AILS, re​ceive"
00573.f33cc9f9253eda8eceaa7ace8f1a0f50,00573__salted__broad__cp200C__single.f33cc9f9253eda8eceaa7ace8f1a0f50,broad,200C,single,,,,"Receive, EMAILS, receive","Re‌ceive, EM‌AILS, re‌ceive"
00573.f33cc9f9253eda8eceaa7ace8f1a0f50,00573__salted__broad__cp200D__single.f33cc9f9253eda8eceaa7ace8f1a0f50,broad,200D,single,,,,"Receive, EMAILS, receive","Re‍ceive, EM‍AILS, re‍ceive"
00573.f33cc9f9253eda8eceaa7ace8f1a0f50,00573__salted__broad__cp00AD__single.f33cc9f9253eda8eceaa7ace8f1a0f50,broad,00AD,single,,,,"Receive, EMAILS, receive","Re­ceive, EM­AILS, re­ceive"
00574.66c2cbfe0151a4a658cec4e67d6cab14,00574__salted__broad__cp200B__single.66c2cbfe0151a4a658cec4e67d6cab14,broad,200B,single,,secret,se​cret,,
00574.66c2cbfe0151a4a658cec4e67d6cab14,00574__salted__broad__cp200C__single.66c2cbfe0151a4a658cec4e67d6cab14,broad,200C,single,,secret,se‌cret,,
00574.66c2cbfe0151a4a658cec4e67d6cab14,00574__salted__broad__cp200D__single.66c2cbfe0151a4a658cec4e67d6cab14,broad,200D,single,,secret,se‍cret,,
00574.66c2cbfe0151a4a658cec4e67d6cab14,00574__salted__broad__cp00AD__single.66c2cbfe0151a4a658cec4e67d6cab14,broad,00AD,single,,secret,se­cret,,
00575.cbefce767b904bb435fd9162d7165e9e,00575__salted__broad__cp200B__single.cbefce767b904bb435fd9162d7165e9e,broad,200B,single,,MLM,ML​M,"wish, removed, reply","wi​sh, re​moved, re​ply"
00575.cbefce767b904bb435fd9162d7165e9e,00575__salted__broad__cp200C__single.cbefce767b904bb435fd9162d7165e9e,broad,200C,single,,MLM,ML‌M,"wish, removed, reply","wi‌sh, re‌moved, re‌ply"
00575.cbefce767b904bb435fd9162d7165e9e,00575__salted__broad__cp200D__single.cbefce767b904bb435fd9162d7165e9e,broad,200D,single,,MLM,ML‍M,"wish, removed, reply","wi‍sh, re‍moved, re‍ply"
00575.cbefce767b904bb435fd9162d7165e9e,00575__salted__broad__cp00AD__single.cbefce767b904bb435fd9162d7165e9e,broad,00AD,single,,MLM,ML­M,"wish, removed, reply","wi­sh, re­moved, re­ply"
00578.c65d716f2fe3db8abc5deb3cbc35029c,00578__salted__broad__cp200B__single.c65d716f2fe3db8abc5deb3cbc35029c,broad,200B,single,,Credit,Cr​edit,,
00578.c65d716f2fe3db8abc5deb3cbc35029c,00578__salted__broad__cp200C__single.c65d716f2fe3db8abc5deb3cbc35029c,broad,200C,single,,Credit,Cr‌edit,,
00578.c65d716f2fe3db8abc5deb3cbc35029c,00578__salted__broad__cp200D__single.c65d716f2fe3db8abc5deb3cbc35029c,broad,200D,single,,Credit,Cr‍edit,,
00578.c65d716f2fe3db8abc5deb3cbc35029c,00578__salted__broad__cp00AD__single.c65d716f2fe3db8abc5deb3cbc35029c,broad,00AD,single,,Credit,Cr­edit,,
00583.b780ea187746d4722e9a684fe34f0cc9,00583__salted__broad__cp200B__single.b780ea187746d4722e9a684fe34f0cc9,broad,200B,single,,,,"insurance, insurance, financial","in​surance, in​surance, fi​nancial"
00583.b780ea187746d4722e9a684fe34f0cc9,00583__salted__broad__cp200C__single.b780ea187746d4722e9a684fe34f0cc9,broad,200C,single,,,,"insurance, insurance, financial","in‌surance, in‌surance, fi‌nancial"
00583.b780ea187746d4722e9a684fe34f0cc9,00583__salted__broad__cp200D__single.b780ea187746d4722e9a684fe34f0cc9,broad,200D,single,,,,"insurance, insurance, financial","in‍surance, in‍surance, fi‍nancial"
00583.b780ea187746d4722e9a684fe34f0cc9,00583__salted__broad__cp00AD__single.b780ea187746d4722e9a684fe34f0cc9,broad,00AD,single,,,,"insurance, insurance, financial","in­surance, in­surance, fi­nancial"
00584.0f2dbef1c4238beb69443e0273484d76,00584__salted__broad__cp200B__single.0f2dbef1c4238beb69443e0273484d76,broad,200B,single,,Lose,Lo​se,"NBC, CBS, CNN","NB​C, CB​S, CN​N"
00584.0f2dbef1c4238beb69443e0273484d76,00584__salted__broad__cp200C__single.0f2dbef1c4238beb69443e0273484d76,broad,200C,single,,Lose,Lo‌se,"NBC, CBS, CNN","NB‌C, CB‌S, CN‌N"
00584.0f2dbef1c4238beb69443e0273484d76,00584__salted__broad__cp200D__single.0f2dbef1c4238beb69443e0273484d76,broad,200D,single,,Lose,Lo‍se,"NBC, CBS, CNN","NB‍C, CB‍S, CN‍N"
00584.0f2dbef1c4238beb69443e0273484d76,00584__salted__broad__cp00AD__single.0f2dbef1c4238beb69443e0273484d76,broad,00AD,single,,Lose,Lo­se,"NBC, CBS, CNN","NB­C, CB­S, CN­N"
00587.582e355efbb36f9a0d55997e093626ba,00587__salted__broad__cp200B__single.582e355efbb36f9a0d55997e093626ba,broad,200B,single,,Viagra,Vi​agra,,
00587.582e355efbb36f9a0d55997e093626ba,00587__salted__broad__cp200C__single.582e355efbb36f9a0d55997e093626ba,broad,200C,single,,Viagra,Vi‌agra,,
00587.582e355efbb36f9a0d55997e093626ba,00587__salted__broad__cp200D__single.582e355efbb36f9a0d55997e093626ba,broad,200D,single,,Viagra,Vi‍agra,,
00587.582e355efbb36f9a0d55997e093626ba,00587__salted__broad__cp00AD__single.582e355efbb36f9a0d55997e093626ba,broad,00AD,single,,Viagra,Vi­agra,,
00591.962cc31322a42abd7ca205b62c56438e,00591__salted__broad__cp200B__single.962cc31322a42abd7ca205b62c56438e,broad,200B,single,,Loan,Lo​an,,
00591.962cc31322a42abd7ca205b62c56438e,00591__salted__broad__cp200C__single.962cc31322a42abd7ca205b62c56438e,broad,200C,single,,Loan,Lo‌an,,
00591.962cc31322a42abd7ca205b62c56438e,00591__salted__broad__cp200D__single.962cc31322a42abd7ca205b62c56438e,broad,200D,single,,Loan,Lo‍an,,
00591.962cc31322a42abd7ca205b62c56438e,00591__salted__broad__cp00AD__single.962cc31322a42abd7ca205b62c56438e,broad,00AD,single,,Loan,Lo­an,,
00592.8da31ade2e259569f9741cca3d98d952,00592__salted__broad__cp200B__single.8da31ade2e259569f9741cca3d98d952,broad,200B,single,,Cash,Ca​sh,"Mortgage, Lenders, compete","Mo​rtgage, Le​nders, co​mpete"
00592.8da31ade2e259569f9741cca3d98d952,00592__salted__broad__cp200C__single.8da31ade2e259569f9741cca3d98d952,broad,200C,single,,Cash,Ca‌sh,"Mortgage, Lenders, compete","Mo‌rtgage, Le‌nders, co‌mpete"
00592.8da31ade2e259569f9741cca3d98d952,00592__salted__broad__cp200D__single.8da31ade2e259569f9741cca3d98d952,broad,200D,single,,Cash,Ca‍sh,"Mortgage, Lenders, compete","Mo‍rtgage, Le‍nders, co‍mpete"
00592.8da31ade2e259569f9741cca3d98d952,00592__salted__broad__cp00AD__single.8da31ade2e259569f9741cca3d98d952,broad,00AD,single,,Cash,Ca­sh,"Mortgage, Lenders, compete","Mo­rtgage, Le­nders, co­mpete"
00593.b0c2ee36cf966faf1b5239df81ec1f8d,00593__salted__broad__cp200B__single.b0c2ee36cf966faf1b5239df81ec1f8d,broad,200B,single,,younger,yo​unger,,
00593.b0c2ee36cf966faf1b5239df81ec1f8d,00593__salted__broad__cp200C__single.b0c2ee36cf966faf1b5239df81ec1f8d,broad,200C,single,,younger,yo‌unger,,
00593.b0c2ee36cf966faf1b5239df81ec1f8d,00593__salted__broad__cp200D__single.b0c2ee36cf966faf1b5239df81ec1f8d,broad,200D,single,,younger,yo‍unger,,
00593.b0c2ee36cf966faf1b5239df81ec1f8d,00593__salted__broad__cp00AD__single.b0c2ee36cf966faf1b5239df81ec1f8d,broad,00AD,single,,younger,yo­unger,,
00595.11ff52fbcc4dfc5ddd499c27746b2c8b,00595__salted__broad__cp200B__single.11ff52fbcc4dfc5ddd499c27746b2c8b,broad,200B,single,,Systemworks,Sy​stemworks,,
00595.11ff52fbcc4dfc5ddd499c27746b2c8b,00595__salted__broad__cp200C__single.11ff52fbcc4dfc5ddd499c27746b2c8b,broad,200C,single,,Systemworks,Sy‌stemworks,,
00595.11ff52fbcc4dfc5ddd499c27746b2c8b,00595__salted__broad__cp200D__single.11ff52fbcc4dfc5ddd499c27746b2c8b,broad,200D,single,,Systemworks,Sy‍stemworks,,
00595.11ff52fbcc4dfc5ddd499c27746b2c8b,00595__salted__broad__cp00AD__single.11ff52fbcc4dfc5ddd499c27746b2c8b,broad,00AD,single,,Systemworks,Sy­stemworks,,
00597.77c914c24bd38a4cfa7ef06aae438d17,00597__salted__broad__cp200B__single.77c914c24bd38a4cfa7ef06aae438d17,broad,200B,single,,ADV,AD​V,"remove, toll, Sincerely","re​move, to​ll, Si​ncerely"
00597.77c914c24bd38a4cfa7ef06aae438d17,00597__salted__broad__cp200C__single.77c914c24bd38a4cfa7ef06aae438d17,broad,200C,single,,ADV,AD‌V,"remove, toll, Sincerely","re‌move, to‌ll, Si‌ncerely"
00597.77c914c24bd38a4cfa7ef06aae438d17,00597__salted__broad__cp200D__single.77c914c24bd38a4cfa7ef06aae438d17,broad,200D,single,,ADV,AD‍V,"remove, toll, Sincerely","re‍move, to‍ll, Si‍ncerely"
00597.77c914c24bd38a4cfa7ef06aae438d17,00597__salted__broad__cp00AD__single.77c914c24bd38a4cfa7ef06aae438d17,broad,00AD,single,,ADV,AD­V,"remove, toll, Sincerely","re­move, to­ll, Si­ncerely"
00598.55751466eb0cbc307da570a603daa3d6,00598__salted__broad__cp200B__single.55751466eb0cbc307da570a603daa3d6,broad,200B,single,,Earn,Ea​rn,"Marketing, insurance, Marketing","Ma​rketing, in​surance, Ma​rketing"
00598.55751466eb0cbc307da570a603daa3d6,00598__salted__broad__cp200C__single.55751466eb0cbc307da570a603daa3d6,broad,200C,single,,Earn,Ea‌rn,"Marketing, insurance, Marketing","Ma‌rketing, in‌surance, Ma‌rketing"
00598.55751466eb0cbc307da570a603daa3d6,00598__salted__broad__cp200D__single.55751466eb0cbc307da570a603daa3d6,broad,200D,single,,Earn,Ea‍rn,"Marketing, insurance, Marketing","Ma‍rketing, in‍surance, Ma‍rketing"
00598.55751466eb0cbc307da570a603daa3d6,00598__salted__broad__cp00AD__single.55751466eb0cbc307da570a603daa3d6,broad,00AD,single,,Earn,Ea­rn,"Marketing, insurance, Marketing","Ma­rketing, in­surance, Ma­rketing"
00600.d113e8e0ac2d8d42f500f4faef61061b,00600__salted__broad__cp200B__single.d113e8e0ac2d8d42f500f4faef61061b,broad,200B,single,,,,"Dear, confidential, bank","De​ar, co​nfidential, ba​nk"
00600.d113e8e0ac2d8d42f500f4faef61061b,00600__salted__broad__cp200C__single.d113e8e0ac2d8d42f500f4faef61061b,broad,200C,single,,,,"Dear, confidential, bank","De‌ar, co‌nfidential, ba‌nk"
00600.d113e8e0ac2d8d42f500f4faef61061b,00600__salted__broad__cp200D__single.d113e8e0ac2d8d42f500f4faef61061b,broad,200D,single,,,,"Dear, confidential, bank","De‍ar, co‍nfidential, ba‍nk"
00600.d113e8e0ac2d8d42f500f4faef61061b,00600__salted__broad__cp00AD__single.d113e8e0ac2d8d42f500f4faef61061b,broad,00AD,single,,,,"Dear, confidential, bank","De­ar, co­nfidential, ba­nk"
00605.8a2e83e442d0052a2b2e9cff1ef0793c,00605__salted__broad__cp200B__single.8a2e83e442d0052a2b2e9cff1ef0793c,broad,200B,single,,Mortgage,Mo​rtgage,"mortgage, approved, removed","mo​rtgage, ap​proved, re​moved"
00605.8a2e83e442d0052a2b2e9cff1ef0793c,00605__salted__broad__cp200C__single.8a2e83e442d0052a2b2e9cff1ef0793c,broad,200C,single,,Mortgage,Mo‌rtgage,"mortgage, approved, removed","mo‌rtgage, ap‌proved, re‌moved"
00605.8a2e83e442d0052a2b2e9cff1ef0793c,00605__salted__broad__cp200D__single.8a2e83e442d0052a2b2e9cff1ef0793c,broad,200D,single,,Mortgage,Mo‍rtgage,"mortgage, approved, removed","mo‍rtgage, ap‍proved, re‍moved"
00605.8a2e83e442d0052a2b2e9cff1ef0793c,00605__salted__broad__cp00AD__single.8a2e83e442d0052a2b2e9cff1ef0793c,broad,00AD,single,,Mortgage,Mo­rtgage,"mortgage, approved, removed","mo­rtgage, ap­proved, re­moved"
00606.f078f6f48ae2e41f553882449f2aa613,00606__salted__broad__cp200B__single.f078f6f48ae2e41f553882449f2aa613,broad,200B,single,,MORTGAGE,MO​RTGAGE,,
00606.f078f6f48ae2e41f553882449f2aa613,00606__salted__broad__cp200C__single.f078f6f48ae2e41f553882449f2aa613,broad,200C,single,,MORTGAGE,MO‌RTGAGE,,
00606.f078f6f48ae2e41f553882449f2aa613,00606__salted__broad__cp200D__single.f078f6f48ae2e41f553882449f2aa613,broad,200D,single,,MORTGAGE,MO‍RTGAGE,,
00606.f078f6f48ae2e41f553882449f2aa613,00606__salted__broad__cp00AD__single.f078f6f48ae2e41f553882449f2aa613,broad,00AD,single,,MORTGAGE,MO­RTGAGE,,
00607.b5726a2ac74956ab9af0901379cdca5c,00607__salted__broad__cp200B__single.b5726a2ac74956ab9af0901379cdca5c,broad,200B,single,,credit,cr​edit,,
00607.b5726a2ac74956ab9af0901379cdca5c,00607__salted__broad__cp200C__single.b5726a2ac74956ab9af0901379cdca5c,broad,200C,single,,credit,cr‌edit,,
00607.b5726a2ac74956ab9af0901379cdca5c,00607__salted__broad__cp200D__single.b5726a2ac74956ab9af0901379cdca5c,broad,200D,single,,credit,cr‍edit,,
00607.b5726a2ac74956ab9af0901379cdca5c,00607__salted__broad__cp00AD__single.b5726a2ac74956ab9af0901379cdca5c,broad,00AD,single,,credit,cr­edit,,
00609.4dfe7912017772587dc62fecc3cf6553,00609__salted__broad__cp200B__single.4dfe7912017772587dc62fecc3cf6553,broad,200B,single,,,,"hours, WISH, Visit","ho​urs, WI​SH, Vi​sit"
00609.4dfe7912017772587dc62fecc3cf6553,00609__salted__broad__cp200C__single.4dfe7912017772587dc62fecc3cf6553,broad,200C,single,,,,"hours, WISH, Visit","ho‌urs, WI‌SH, Vi‌sit"
00609.4dfe7912017772587dc62fecc3cf6553,00609__salted__broad__cp200D__single.4dfe7912017772587dc62fecc3cf6553,broad,200D,single,,,,"hours, WISH, Visit","ho‍urs, WI‍SH, Vi‍sit"
00609.4dfe7912017772587dc62fecc3cf6553,00609__salted__broad__cp00AD__single.4dfe7912017772587dc62fecc3cf6553,broad,00AD,single,,,,"hours, WISH, Visit","ho­urs, WI­SH, Vi­sit"
00610.d78eda68ed03fa6890077bd4b805e16d,00610__salted__broad__cp200B__single.d78eda68ed03fa6890077bd4b805e16d,broad,200B,single,,,,"Pennies, absolutely, membership","Pe​nnies, ab​solutely, me​mbership"
00610.d78eda68ed03fa6890077bd4b805e16d,00610__salted__broad__cp200C__single.d78eda68ed03fa6890077bd4b805e16d,broad,200C,single,,,,"Pennies, absolutely, membership","Pe‌nnies, ab‌solutely, me‌mbership"
00610.d78eda68ed03fa6890077bd4b805e16d,00610__salted__broad__cp200D__single.d78eda68ed03fa6890077bd4b805e16d,broad,200D,single,,,,"Pennies, absolutely, membership","Pe‍nnies, ab‍solutely, me‍mbership"
00610.d78eda68ed03fa6890077bd4b805e16d,00610__salted__broad__cp00AD__single.d78eda68ed03fa6890077bd4b805e16d,broad,00AD,single,,,,"Pennies, absolutely, membership","Pe­nnies, ab­solutely, me­mbership"
00611.58f9a1db64c83da2bfd3b1acf8d38338,00611__salted__broad__cp200B__single.58f9a1db64c83da2bfd3b1acf8d38338,broad,200B,single,,,,"DEAR, SIR, MADAM","DE​AR, SI​R, MA​DAM"
00611.58f9a1db64c83da2bfd3b1acf8d38338,00611__salted__broad__cp200C__single.58f9a1db64c83da2bfd3b1acf8d38338,broad,200C,single,,,,"DEAR, SIR, MADAM","DE‌AR, SI‌R, MA‌DAM"
00611.58f9a1db64c83da2bfd3b1acf8d38338,00611__salted__broad__cp200D__single.58f9a1db64c83da2bfd3b1acf8d38338,broad,200D,single,,,,"DEAR, SIR, MADAM","DE‍AR, SI‍R, MA‍DAM"
00611.58f9a1db64c83da2bfd3b1acf8d38338,00611__salted__broad__cp00AD__single.58f9a1db64c83da2bfd3b1acf8d38338,broad,00AD,single,,,,"DEAR, SIR, MADAM","DE­AR, SI­R, MA­DAM"
00612.cd362b97ee34d41e72a66ed5199dd62e,00612__salted__broad__cp200B__single.cd362b97ee34d41e72a66ed5199dd62e,broad,200B,single,,URGENT,UR​GENT,"Dear, sir, Nigeria","De​ar, si​r, Ni​geria"
00612.cd362b97ee34d41e72a66ed5199dd62e,00612__salted__broad__cp200C__single.cd362b97ee34d41e72a66ed5199dd62e,broad,200C,single,,URGENT,UR‌GENT,"Dear, sir, Nigeria","De‌ar, si‌r, Ni‌geria"
00612.cd362b97ee34d41e72a66ed5199dd62e,00612__salted__broad__cp200D__single.cd362b97ee34d41e72a66ed5199dd62e,broad,200D,single,,URGENT,UR‍GENT,"Dear, sir, Nigeria","De‍ar, si‍r, Ni‍geria"
00612.cd362b97ee34d41e72a66ed5199dd62e,00612__salted__broad__cp00AD__single.cd362b97ee34d41e72a66ed5199dd62e,broad,00AD,single,,URGENT,UR­GENT,"Dear, sir, Nigeria","De­ar, si­r, Ni­geria"
00613.047cf0bcc74950bd9e1eaf8d336c385c,00613__salted__broad__cp200B__single.047cf0bcc74950bd9e1eaf8d336c385c,broad,200B,single,,,,"leads, dollars, qualified","le​ads, do​llars, qu​alified"
00613.047cf0bcc74950bd9e1eaf8d336c385c,00613__salted__broad__cp200C__single.047cf0bcc74950bd9e1eaf8d336c385c,broad,200C,single,,,,"leads, dollars, qualified","le‌ads, do‌llars, qu‌alified"
00613.047cf0bcc74950bd9e1eaf8d336c385c,00613__salted__broad__cp200D__single.047cf0bcc74950bd9e1eaf8d336c385c,broad,200D,single,,,,"leads, dollars, qualified","le‍ads, do‍llars, qu‍alified"
00613.047cf0bcc74950bd9e1eaf8d336c385c,00613__salted__broad__cp00AD__single.047cf0bcc74950bd9e1eaf8d336c385c,broad,00AD,single,,,,"leads, dollars, qualified","le­ads, do­llars, qu­alified"
00614.974cdf353242f9286fbcc34673d9f28a,00614__salted__broad__cp200B__single.974cdf353242f9286fbcc34673d9f28a,broad,200B,single,,,,"Click, wish, receive","Cl​ick, wi​sh, re​ceive"
00614.974cdf353242f9286fbcc34673d9f28a,00614__salted__broad__cp200C__single.974cdf353242f9286fbcc34673d9f28a,broad,200C,single,,,,"Click, wish, receive","Cl‌ick, wi‌sh, re‌ceive"
00614.974cdf353242f9286fbcc34673d9f28a,00614__salted__broad__cp200D__single.974cdf353242f9286fbcc34673d9f28a,broad,200D,single,,,,"Click, wish, receive","Cl‍ick, wi‍sh, re‍ceive"
00614.974cdf353242f9286fbcc34673d9f28a,00614__salted__broad__cp00AD__single.974cdf353242f9286fbcc34673d9f28a,broad,00AD,single,,,,"Click, wish, receive","Cl­ick, wi­sh, re­ceive"
00616.1e86f2d3478f10a3a413844bba74f450,00616__salted__broad__cp200B__single.1e86f2d3478f10a3a413844bba74f450,broad,200B,single,,,,"city, lagos, Nigeria","ci​ty, la​gos, Ni​geria"
00616.1e86f2d3478f10a3a413844bba74f450,00616__salted__broad__cp200C__single.1e86f2d3478f10a3a413844bba74f450,broad,200C,single,,,,"city, lagos, Nigeria","ci‌ty, la‌gos, Ni‌geria"
00616.1e86f2d3478f10a3a413844bba74f450,00616__salted__broad__cp200D__single.1e86f2d3478f10a3a413844bba74f450,broad,200D,single,,,,"city, lagos, Nigeria","ci‍ty, la‍gos, Ni‍geria"
00616.1e86f2d3478f10a3a413844bba74f450,00616__salted__broad__cp00AD__single.1e86f2d3478f10a3a413844bba74f450,broad,00AD,single,,,,"city, lagos, Nigeria","ci­ty, la­gos, Ni­geria"
00617.f2097d6448725c371fd5f4154184ad3c,00617__salted__broad__cp200B__single.f2097d6448725c371fd5f4154184ad3c,broad,200B,single,,Opportunity,Op​portunity,,
00617.f2097d6448725c371fd5f4154184ad3c,00617__salted__broad__cp200C__single.f2097d6448725c371fd5f4154184ad3c,broad,200C,single,,Opportunity,Op‌portunity,,
00617.f2097d6448725c371fd5f4154184ad3c,00617__salted__broad__cp200D__single.f2097d6448725c371fd5f4154184ad3c,broad,200D,single,,Opportunity,Op‍portunity,,
00617.f2097d6448725c371fd5f4154184ad3c,00617__salted__broad__cp00AD__single.f2097d6448725c371fd5f4154184ad3c,broad,00AD,single,,Opportunity,Op­portunity,,
00621.170007c3357c44b6a794ea3f6ee0ac73,00621__salted__broad__cp200B__single.170007c3357c44b6a794ea3f6ee0ac73,broad,200B,single,,,,"price, investment, Click","pr​ice, in​vestment, Cl​ick"
00621.170007c3357c44b6a794ea3f6ee0ac73,00621__salted__broad__cp200C__single.170007c3357c44b6a794ea3f6ee0ac73,broad,200C,single,,,,"price, investment, Click","pr‌ice, in‌vestment, Cl‌ick"
00621.170007c3357c44b6a794ea3f6ee0ac73,00621__salted__broad__cp200D__single.170007c3357c44b6a794ea3f6ee0ac73,broad,200D,single,,,,"price, investment, Click","pr‍ice, in‍vestment, Cl‍ick"
00621.170007c3357c44b6a794ea3f6ee0ac73,00621__salted__broad__cp00AD__single.170007c3357c44b6a794ea3f6ee0ac73,broad,00AD,single,,,,"price, investment, Click","pr­ice, in­vestment, Cl­ick"
00622.7c8edc50203f6a2dc87e97e9eefddce7,00622__salted__broad__cp200B__single.7c8edc50203f6a2dc87e97e9eefddce7,broad,200B,single,,PRICE,PR​ICE,,
00622.7c8edc50203f6a2dc87e97e9eefddce7,00622__salted__broad__cp200C__single.7c8edc50203f6a2dc87e97e9eefddce7,broad,200C,single,,PRICE,PR‌ICE,,
00622.7c8edc50203f6a2dc87e97e9eefddce7,00622__salted__broad__cp200D__single.7c8edc50203f6a2dc87e97e9eefddce7,broad,200D,single,,PRICE,PR‍ICE,,
00622.7c8edc50203f6a2dc87e97e9eefddce7,00622__salted__broad__cp00AD__single.7c8edc50203f6a2dc87e97e9eefddce7,broad,00AD,single,,PRICE,PR­ICE,,
00623.f80874598b1a22fbaa5d979d14d8ca2e,00623__salted__broad__cp200B__single.f80874598b1a22fbaa5d979d14d8ca2e,broad,200B,single,,mortgage,mo​rtgage,"Credit, refinance, credit","Cr​edit, re​finance, cr​edit"
00623.f80874598b1a22fbaa5d979d14d8ca2e,00623__salted__broad__cp200C__single.f80874598b1a22fbaa5d979d14d8ca2e,broad,200C,single,,mortgage,mo‌rtgage,"Credit, refinance, credit","Cr‌edit, re‌finance, cr‌edit"
00623.f80874598b1a22fbaa5d979d14d8ca2e,00623__salted__broad__cp200D__single.f80874598b1a22fbaa5d979d14d8ca2e,broad,200D,single,,mortgage,mo‍rtgage,"Credit, refinance, credit","Cr‍edit, re‍finance, cr‍edit"
00623.f80874598b1a22fbaa5d979d14d8ca2e,00623__salted__broad__cp00AD__single.f80874598b1a22fbaa5d979d14d8ca2e,broad,00AD,single,,mortgage,mo­rtgage,"Credit, refinance, credit","Cr­edit, re­finance, cr­edit"
00624.ac49070506c194c1fad5953ccd32731b,00624__salted__broad__cp200B__single.ac49070506c194c1fad5953ccd32731b,broad,200B,single,,,,"receive, trial","re​ceive, tr​ial"
00624.ac49070506c194c1fad5953ccd32731b,00624__salted__broad__cp200C__single.ac49070506c194c1fad5953ccd32731b,broad,200C,single,,,,"receive, trial","re‌ceive, tr‌ial"
00624.ac49070506c194c1fad5953ccd32731b,00624__salted__broad__cp200D__single.ac49070506c194c1fad5953ccd32731b,broad,200D,single,,,,"receive, trial","re‍ceive, tr‍ial"
00624.ac49070506c194c1fad5953ccd32731b,00624__salted__broad__cp00AD__single.ac49070506c194c1fad5953ccd32731b,broad,00AD,single,,,,"receive, trial","re­ceive, tr­ial"
00625.e5b3f8bf55addb5884293af0826a7b33,00625__salted__broad__cp200B__single.e5b3f8bf55addb5884293af0826a7b33,broad,200B,single,,Fees,Fe​es,,
00625.e5b3f8bf55addb5884293af0826a7b33,00625__salted__broad__cp200C__single.e5b3f8bf55addb5884293af0826a7b33,broad,200C,single,,Fees,Fe‌es,,
00625.e5b3f8bf55addb5884293af0826a7b33,00625__salted__broad__cp200D__single.e5b3f8bf55addb5884293af0826a7b33,broad,200D,single,,Fees,Fe‍es,,
00625.e5b3f8bf55addb5884293af0826a7b33,00625__salted__broad__cp00AD__single.e5b3f8bf55addb5884293af0826a7b33,broad,00AD,single,,Fees,Fe­es,,
00626.68be744b78b4378b5cbe8eb68f8a76e3,00626__salted__broad__cp200B__single.68be744b78b4378b5cbe8eb68f8a76e3,broad,200B,single,,CREDIT,CR​EDIT,,
00626.68be744b78b4378b5cbe8eb68f8a76e3,00626__salted__broad__cp200C__single.68be744b78b4378b5cbe8eb68f8a76e3,broad,200C,single,,CREDIT,CR‌EDIT,,
00626.68be744b78b4378b5cbe8eb68f8a76e3,00626__salted__broad__cp200D__single.68be744b78b4378b5cbe8eb68f8a76e3,broad,200D,single,,CREDIT,CR‍EDIT,,
00626.68be744b78b4378b5cbe8eb68f8a76e3,00626__salted__broad__cp00AD__single.68be744b78b4378b5cbe8eb68f8a76e3,broad,00AD,single,,CREDIT,CR­EDIT,,
00627.4e9619c454da17a27d4a66c87583dd49,00627__salted__broad__cp200B__single.4e9619c454da17a27d4a66c87583dd49,broad,200B,single,,promotion,pr​omotion,,
00627.4e9619c454da17a27d4a66c87583dd49,00627__salted__broad__cp200C__single.4e9619c454da17a27d4a66c87583dd49,broad,200C,single,,promotion,pr‌omotion,,
00627.4e9619c454da17a27d4a66c87583dd49,00627__salted__broad__cp200D__single.4e9619c454da17a27d4a66c87583dd49,broad,200D,single,,promotion,pr‍omotion,,
00627.4e9619c454da17a27d4a66c87583dd49,00627__salted__broad__cp00AD__single.4e9619c454da17a27d4a66c87583dd49,broad,00AD,single,,promotion,pr­omotion,,
00628.c8b4109860178c05436e1e855ba2e9bf,00628__salted__broad__cp200B__single.c8b4109860178c05436e1e855ba2e9bf,broad,200B,single,,ADV,AD​V,,
00628.c8b4109860178c05436e1e855ba2e9bf,00628__salted__broad__cp200C__single.c8b4109860178c05436e1e855ba2e9bf,broad,200C,single,,ADV,AD‌V,,
00628.c8b4109860178c05436e1e855ba2e9bf,00628__salted__broad__cp200D__single.c8b4109860178c05436e1e855ba2e9bf,broad,200D,single,,ADV,AD‍V,,
00628.c8b4109860178c05436e1e855ba2e9bf,00628__salted__broad__cp00AD__single.c8b4109860178c05436e1e855ba2e9bf,broad,00AD,single,,ADV,AD­V,,
00629.5feadfcb7530c08a54c98178600b2f70,00629__salted__broad__cp200B__single.5feadfcb7530c08a54c98178600b2f70,broad,200B,single,,,,"emails, strongly, enemies","em​ails, st​rongly, en​emies"
00629.5feadfcb7530c08a54c98178600b2f70,00629__salted__broad__cp200C__single.5feadfcb7530c08a54c98178600b2f70,broad,200C,single,,,,"emails, strongly, enemies","em‌ails, st‌rongly, en‌emies"
00629.5feadfcb7530c08a54c98178600b2f70,00629__salted__broad__cp200D__single.5feadfcb7530c08a54c98178600b2f70,broad,200D,single,,,,"emails, strongly, enemies","em‍ails, st‍rongly, en‍emies"
00629.5feadfcb7530c08a54c98178600b2f70,00629__salted__broad__cp00AD__single.5feadfcb7530c08a54c98178600b2f70,broad,00AD,single,,,,"emails, strongly, enemies","em­ails, st­rongly, en­emies"
00630.ece73cd5ba46bf19ac2ceb9d7e21cea1,00630__salted__broad__cp200B__single.ece73cd5ba46bf19ac2ceb9d7e21cea1,broad,200B,single,,ADV,AD​V,,
00630.ece73cd5ba46bf19ac2ceb9d7e21cea1,00630__salted__broad__cp200C__single.ece73cd5ba46bf19ac2ceb9d7e21cea1,broad,200C,single,,ADV,AD‌V,,
00630.ece73cd5ba46bf19ac2ceb9d7e21cea1,00630__salted__broad__cp200D__single.ece73cd5ba46bf19ac2ceb9d7e21cea1,broad,200D,single,,ADV,AD‍V,,
00630.ece73cd5ba46bf19ac2ceb9d7e21cea1,00630__salted__broad__cp00AD__single.ece73cd5ba46bf19ac2ceb9d7e21cea1,broad,00AD,single,,ADV,AD­V,,
00633.60e6bd78b497893f8b33650bd1c2c0b0,00633__salted__broad__cp200B__single.60e6bd78b497893f8b33650bd1c2c0b0,broad,200B,single,,annuity,an​nuity,"leads, leads, placing","le​ads, le​ads, pl​acing"
00633.60e6bd78b497893f8b33650bd1c2c0b0,00633__salted__broad__cp200C__single.60e6bd78b497893f8b33650bd1c2c0b0,broad,200C,single,,annuity,an‌nuity,"leads, leads, placing","le‌ads, le‌ads, pl‌acing"
00633.60e6bd78b497893f8b33650bd1c2c0b0,00633__salted__broad__cp200D__single.60e6bd78b497893f8b33650bd1c2c0b0,broad,200D,single,,annuity,an‍nuity,"leads, leads, placing","le‍ads, le‍ads, pl‍acing"
00633.60e6bd78b497893f8b33650bd1c2c0b0,00633__salted__broad__cp00AD__single.60e6bd78b497893f8b33650bd1c2c0b0,broad,00AD,single,,annuity,an­nuity,"leads, leads, placing","le­ads, le­ads, pl­acing"
00634.c37efb809c3c54c2d9661063e7b72f5b,00634__salted__broad__cp200B__single.c37efb809c3c54c2d9661063e7b72f5b,broad,200B,single,,ADV,AD​V,,
00634.c37efb809c3c54c2d9661063e7b72f5b,00634__salted__broad__cp200C__single.c37efb809c3c54c2d9661063e7b72f5b,broad,200C,single,,ADV,AD‌V,,
00634.c37efb809c3c54c2d9661063e7b72f5b,00634__salted__broad__cp200D__single.c37efb809c3c54c2d9661063e7b72f5b,broad,200D,single,,ADV,AD‍V,,
00634.c37efb809c3c54c2d9661063e7b72f5b,00634__salted__broad__cp00AD__single.c37efb809c3c54c2d9661063e7b72f5b,broad,00AD,single,,ADV,AD­V,,
00635.f144125beb9621e7a73d1a2eadce7e06,00635__salted__broad__cp200B__single.f144125beb9621e7a73d1a2eadce7e06,broad,200B,single,,,,"Confidentiality, assured, await","Co​nfidentiality, as​sured, aw​ait"
00635.f144125beb9621e7a73d1a2eadce7e06,00635__salted__broad__cp200C__single.f144125beb9621e7a73d1a2eadce7e06,broad,200C,single,,,,"Confidentiality, assured, await","Co‌nfidentiality, as‌sured, aw‌ait"
00635.f144125beb9621e7a73d1a2eadce7e06,00635__salted__broad__cp200D__single.f144125beb9621e7a73d1a2eadce7e06,broad,200D,single,,,,"Confidentiality, assured, await","Co‍nfidentiality, as‍sured, aw‍ait"
00635.f144125beb9621e7a73d1a2eadce7e06,00635__salted__broad__cp00AD__single.f144125beb9621e7a73d1a2eadce7e06,broad,00AD,single,,,,"Confidentiality, assured, await","Co­nfidentiality, as­sured, aw­ait"
00637.29a22c81a2a36a70c4a9d9ec2c1a2844,00637__salted__broad__cp200B__single.29a22c81a2a36a70c4a9d9ec2c1a2844,broad,200B,single,,,,"Earn, weekly, Risk","Ea​rn, we​ekly, Ri​sk"
00637.29a22c81a2a36a70c4a9d9ec2c1a2844,00637__salted__broad__cp200C__single.29a22c81a2a36a70c4a9d9ec2c1a2844,broad,200C,single,,,,"Earn, weekly, Risk","Ea‌rn, we‌ekly, Ri‌sk"
00637.29a22c81a2a36a70c4a9d9ec2c1a2844,00637__salted__broad__cp200D__single.29a22c81a2a36a70c4a9d9ec2c1a2844,broad,200D,single,,,,"Earn, weekly, Risk","Ea‍rn, we‍ekly, Ri‍sk"
00637.29a22c81a2a36a70c4a9d9ec2c1a2844,00637__salted__broad__cp00AD__single.29a22c81a2a36a70c4a9d9ec2c1a2844,broad,00AD,single,,,,"Earn, weekly, Risk","Ea­rn, we­ekly, Ri­sk"
00638.ae5006a001e88e8cd956b7a142e41984,00638__salted__broad__cp200B__single.ae5006a001e88e8cd956b7a142e41984,broad,200B,single,,financial,fi​nancial,"COMMISSION, Sale, COMMISSIONS","CO​MMISSION, Sa​le, CO​MMISSIONS"
00638.ae5006a001e88e8cd956b7a142e41984,00638__salted__broad__cp200C__single.ae5006a001e88e8cd956b7a142e41984,broad,200C,single,,financial,fi‌nancial,"COMMISSION, Sale, COMMISSIONS","CO‌MMISSION, Sa‌le, CO‌MMISSIONS"
00638.ae5006a001e88e8cd956b7a142e41984,00638__salted__broad__cp200D__single.ae5006a001e88e8cd956b7a142e41984,broad,200D,single,,financial,fi‍nancial,"COMMISSION, Sale, COMMISSIONS","CO‍MMISSION, Sa‍le, CO‍MMISSIONS"
00638.ae5006a001e88e8cd956b7a142e41984,00638__salted__broad__cp00AD__single.ae5006a001e88e8cd956b7a142e41984,broad,00AD,single,,financial,fi­nancial,"COMMISSION, Sale, COMMISSIONS","CO­MMISSION, Sa­le, CO­MMISSIONS"
00639.d528429f61fab2c81e093851be84a31d,00639__salted__broad__cp200B__single.d528429f61fab2c81e093851be84a31d,broad,200B,single,,Prospects,Pr​ospects,"Hundreds, Leads, Prospects","Hu​ndreds, Le​ads, Pr​ospects"
00639.d528429f61fab2c81e093851be84a31d,00639__salted__broad__cp200C__single.d528429f61fab2c81e093851be84a31d,broad,200C,single,,Prospects,Pr‌ospects,"Hundreds, Leads, Prospects","Hu‌ndreds, Le‌ads, Pr‌ospects"
00639.d528429f61fab2c81e093851be84a31d,00639__salted__broad__cp200D__single.d528429f61fab2c81e093851be84a31d,broad,200D,single,,Prospects,Pr‍ospects,"Hundreds, Leads, Prospects","Hu‍ndreds, Le‍ads, Pr‍ospects"
00639.d528429f61fab2c81e093851be84a31d,00639__salted__broad__cp00AD__single.d528429f61fab2c81e093851be84a31d,broad,00AD,single,,Prospects,Pr­ospects,"Hundreds, Leads, Prospects","Hu­ndreds, Le­ads, Pr­ospects"
00640.564b03520087bb4595384ae024ceb929,00640__salted__broad__cp200B__single.564b03520087bb4595384ae024ceb929,broad,200B,single,,,,"ATTN, DEAR, assist","AT​TN, DE​AR, as​sist"
00640.564b03520087bb4595384ae024ceb929,00640__salted__broad__cp200C__single.564b03520087bb4595384ae024ceb929,broad,200C,single,,,,"ATTN, DEAR, assist","AT‌TN, DE‌AR, as‌sist"
00640.564b03520087bb4595384ae024ceb929,00640__salted__broad__cp200D__single.564b03520087bb4595384ae024ceb929,broad,200D,single,,,,"ATTN, DEAR, assist","AT‍TN, DE‍AR, as‍sist"
00640.564b03520087bb4595384ae024ceb929,00640__salted__broad__cp00AD__single.564b03520087bb4595384ae024ceb929,broad,00AD,single,,,,"ATTN, DEAR, assist","AT­TN, DE­AR, as­sist"
00641.b3c1c440f7940c86ab5d1e4f9fa3518b,00641__salted__broad__cp200B__single.b3c1c440f7940c86ab5d1e4f9fa3518b,broad,200B,single,,,,"ATTN, DEAR, assist","AT​TN, DE​AR, as​sist"
00641.b3c1c440f7940c86ab5d1e4f9fa3518b,00641__salted__broad__cp200C__single.b3c1c440f7940c86ab5d1e4f9fa3518b,broad,200C,single,,,,"ATTN, DEAR, assist","AT‌TN, DE‌AR, as‌sist"
00641.b3c1c440f7940c86ab5d1e4f9fa3518b,00641__salted__broad__cp200D__single.b3c1c440f7940c86ab5d1e4f9fa3518b,broad,200D,single,,,,"ATTN, DEAR, assist","AT‍TN, DE‍AR, as‍sist"
00641.b3c1c440f7940c86ab5d1e4f9fa3518b,00641__salted__broad__cp00AD__single.b3c1c440f7940c86ab5d1e4f9fa3518b,broad,00AD,single,,,,"ATTN, DEAR, assist","AT­TN, DE­AR, as­sist"
00642.f213f657ab630999a8d34c26060d79fc,00642__salted__broad__cp200B__single.f213f657ab630999a8d34c26060d79fc,broad,200B,single,,YOUNGER,YO​UNGER,,
00642.f213f657ab630999a8d34c26060d79fc,00642__salted__broad__cp200C__single.f213f657ab630999a8d34c26060d79fc,broad,200C,single,,YOUNGER,YO‌UNGER,,
00642.f213f657ab630999a8d34c26060d79fc,00642__salted__broad__cp200D__single.f213f657ab630999a8d34c26060d79fc,broad,200D,single,,YOUNGER,YO‍UNGER,,
00642.f213f657ab630999a8d34c26060d79fc,00642__salted__broad__cp00AD__single.f213f657ab630999a8d34c26060d79fc,broad,00AD,single,,YOUNGER,YO­UNGER,,
00645.dd7d8ec1eb687c5966c516b720fcc3d5,00645__salted__broad__cp200B__single.dd7d8ec1eb687c5966c516b720fcc3d5,broad,200B,single,,,,"Dear, Millionaire, Invest","De​ar, Mi​llionaire, In​vest"
00645.dd7d8ec1eb687c5966c516b720fcc3d5,00645__salted__broad__cp200C__single.dd7d8ec1eb687c5966c516b720fcc3d5,broad,200C,single,,,,"Dear, Millionaire, Invest","De‌ar, Mi‌llionaire, In‌vest"
00645.dd7d8ec1eb687c5966c516b720fcc3d5,00645__salted__broad__cp200D__single.dd7d8ec1eb687c5966c516b720fcc3d5,broad,200D,single,,,,"Dear, Millionaire, Invest","De‍ar, Mi‍llionaire, In‍vest"
00645.dd7d8ec1eb687c5966c516b720fcc3d5,00645__salted__broad__cp00AD__single.dd7d8ec1eb687c5966c516b720fcc3d5,broad,00AD,single,,,,"Dear, Millionaire, Invest","De­ar, Mi­llionaire, In­vest"
00646.c04903867557fb7a1fefb25c08cdc112,00646__salted__broad__cp200B__single.c04903867557fb7a1fefb25c08cdc112,broad,200B,single,,YOUNGER,YO​UNGER,"NBC, CBS, CNN","NB​C, CB​S, CN​N"
00646.c04903867557fb7a1fefb25c08cdc112,00646__salted__broad__cp200C__single.c04903867557fb7a1fefb25c08cdc112,broad,200C,single,,YOUNGER,YO‌UNGER,"NBC, CBS, CNN","NB‌C, CB‌S, CN‌N"
00646.c04903867557fb7a1fefb25c08cdc112,00646__salted__broad__cp200D__single.c04903867557fb7a1fefb25c08cdc112,broad,200D,single,,YOUNGER,YO‍UNGER,"NBC, CBS, CNN","NB‍C, CB‍S, CN‍N"
00646.c04903867557fb7a1fefb25c08cdc112,00646__salted__broad__cp00AD__single.c04903867557fb7a1fefb25c08cdc112,broad,00AD,single,,YOUNGER,YO­UNGER,"NBC, CBS, CNN","NB­C, CB­S, CN­N"
00649.f2906445faa39d4fa49b944a6729eef9,00649__salted__broad__cp200B__single.f2906445faa39d4fa49b944a6729eef9,broad,200B,single,,,,"Prices, sales, sales","Pr​ices, sa​les, sa​les"
00649.f2906445faa39d4fa49b944a6729eef9,00649__salted__broad__cp200C__single.f2906445faa39d4fa49b944a6729eef9,broad,200C,single,,,,"Prices, sales, sales","Pr‌ices, sa‌les, sa‌les"
00649.f2906445faa39d4fa49b944a6729eef9,00649__salted__broad__cp200D__single.f2906445faa39d4fa49b944a6729eef9,broad,200D,single,,,,"Prices, sales, sales","Pr‍ices, sa‍les, sa‍les"
00649.f2906445faa39d4fa49b944a6729eef9,00649__salted__broad__cp00AD__single.f2906445faa39d4fa49b944a6729eef9,broad,00AD,single,,,,"Prices, sales, sales","Pr­ices, sa­les, sa­les"
00652.b8c5d053737017caa4c2d29c4e690573,00652__salted__broad__cp200B__single.b8c5d053737017caa4c2d29c4e690573,broad,200B,single,,,,"earning, Confidentiality, assured","ea​rning, Co​nfidentiality, as​sured"
00652.b8c5d053737017caa4c2d29c4e690573,00652__salted__broad__cp200C__single.b8c5d053737017caa4c2d29c4e690573,broad,200C,single,,,,"earning, Confidentiality, assured","ea‌rning, Co‌nfidentiality, as‌sured"
00652.b8c5d053737017caa4c2d29c4e690573,00652__salted__broad__cp200D__single.b8c5d053737017caa4c2d29c4e690573,broad,200D,single,,,,"earning, Confidentiality, assured","ea‍rning, Co‍nfidentiality, as‍sured"
00652.b8c5d053737017caa4c2d29c4e690573,00652__salted__broad__cp00AD__single.b8c5d053737017caa4c2d29c4e690573,broad,00AD,single,,,,"earning, Confidentiality, assured","ea­rning, Co­nfidentiality, as­sured"
00653.dcb006e0c0aaa7aa3e5bd7cb3d444f23,00653__salted__broad__cp200B__single.dcb006e0c0aaa7aa3e5bd7cb3d444f23,broad,200B,single,,HGH,HG​H,"NBC, CBS, CNN","NB​C, CB​S, CN​N"
00653.dcb006e0c0aaa7aa3e5bd7cb3d444f23,00653__salted__broad__cp200C__single.dcb006e0c0aaa7aa3e5bd7cb3d444f23,broad,200C,single,,HGH,HG‌H,"NBC, CBS, CNN","NB‌C, CB‌S, CN‌N"
00653.dcb006e0c0aaa7aa3e5bd7cb3d444f23,00653__salted__broad__cp200D__single.dcb006e0c0aaa7aa3e5bd7cb3d444f23,broad,200D,single,,HGH,HG‍H,"NBC, CBS, CNN","NB‍C, CB‍S, CN‍N"
00653.dcb006e0c0aaa7aa3e5bd7cb3d444f23,00653__salted__broad__cp00AD__single.dcb006e0c0aaa7aa3e5bd7cb3d444f23,broad,00AD,single,,HGH,HG­H,"NBC, CBS, CNN","NB­C, CB­S, CN­N"
00654.65f25e01ad743dc13b1aaa366ffc6868,00654__salted__broad__cp200B__single.65f25e01ad743dc13b1aaa366ffc6868,broad,200B,single,,SALES,SA​LES,,
00654.65f25e01ad743dc13b1aaa366ffc6868,00654__salted__broad__cp200C__single.65f25e01ad743dc13b1aaa366ffc6868,broad,200C,single,,SALES,SA‌LES,,
00654.65f25e01ad743dc13b1aaa366ffc6868,00654__salted__broad__cp200D__single.65f25e01ad743dc13b1aaa366ffc6868,broad,200D,single,,SALES,SA‍LES,,
00654.65f25e01ad743dc13b1aaa366ffc6868,00654__salted__broad__cp00AD__single.65f25e01ad743dc13b1aaa366ffc6868,broad,00AD,single,,SALES,SA­LES,,
00656.01241a0a9af570787841694e9781a5b6,00656__salted__broad__cp200B__single.01241a0a9af570787841694e9781a5b6,broad,200B,single,,Herbal,He​rbal,,
00656.01241a0a9af570787841694e9781a5b6,00656__salted__broad__cp200C__single.01241a0a9af570787841694e9781a5b6,broad,200C,single,,Herbal,He‌rbal,,
00656.01241a0a9af570787841694e9781a5b6,00656__salted__broad__cp200D__single.01241a0a9af570787841694e9781a5b6,broad,200D,single,,Herbal,He‍rbal,,
00656.01241a0a9af570787841694e9781a5b6,00656__salted__broad__cp00AD__single.01241a0a9af570787841694e9781a5b6,broad,00AD,single,,Herbal,He­rbal,,
00657.7e326e955029c898a6ddf27e3c79cdf0,00657__salted__broad__cp200B__single.7e326e955029c898a6ddf27e3c79cdf0,broad,200B,single,,,,"professional, sale, secrets","pr​ofessional, sa​le, se​crets"
00657.7e326e955029c898a6ddf27e3c79cdf0,00657__salted__broad__cp200C__single.7e326e955029c898a6ddf27e3c79cdf0,broad,200C,single,,,,"professional, sale, secrets","pr‌ofessional, sa‌le, se‌crets"
00657.7e326e955029c898a6ddf27e3c79cdf0,00657__salted__broad__cp200D__single.7e326e955029c898a6ddf27e3c79cdf0,broad,200D,single,,,,"professional, sale, secrets","pr‍ofessional, sa‍le, se‍crets"
00657.7e326e955029c898a6ddf27e3c79cdf0,00657__salted__broad__cp00AD__single.7e326e955029c898a6ddf27e3c79cdf0,broad,00AD,single,,,,"professional, sale, secrets","pr­ofessional, sa­le, se­crets"
00661.770f57d3856c84420410ee98751340f2,00661__salted__broad__cp200B__single.770f57d3856c84420410ee98751340f2,broad,200B,single,,CREDIT,CR​EDIT,,
00661.770f57d3856c84420410ee98751340f2,00661__salted__broad__cp200C__single.770f57d3856c84420410ee98751340f2,broad,200C,single,,CREDIT,CR‌EDIT,,
00661.770f57d3856c84420410ee98751340f2,00661__salted__broad__cp200D__single.770f57d3856c84420410ee98751340f2,broad,200D,single,,CREDIT,CR‍EDIT,,
00661.770f57d3856c84420410ee98751340f2,00661__salted__broad__cp00AD__single.770f57d3856c84420410ee98751340f2,broad,00AD,single,,CREDIT,CR­EDIT,,
00662.58b714e07ae476b3d66fc7ff828a066e,00662__salted__broad__cp200B__single.58b714e07ae476b3d66fc7ff828a066e,broad,200B,single,,PRICE,PR​ICE,,
00662.58b714e07ae476b3d66fc7ff828a066e,00662__salted__broad__cp200C__single.58b714e07ae476b3d66fc7ff828a066e,broad,200C,single,,PRICE,PR‌ICE,,
00662.58b714e07ae476b3d66fc7ff828a066e,00662__salted__broad__cp200D__single.58b714e07ae476b3d66fc7ff828a066e,broad,200D,single,,PRICE,PR‍ICE,,
00662.58b714e07ae476b3d66fc7ff828a066e,00662__salted__broad__cp00AD__single.58b714e07ae476b3d66fc7ff828a066e,broad,00AD,single,,PRICE,PR­ICE,,
00664.c4f198903588cdc4af385772bb580d90,00664__salted__broad__cp200B__single.c4f198903588cdc4af385772bb580d90,broad,200B,single,,mortgage,mo​rtgage,,
00664.c4f198903588cdc4af385772bb580d90,00664__salted__broad__cp200C__single.c4f198903588cdc4af385772bb580d90,broad,200C,single,,mortgage,mo‌rtgage,,
00664.c4f198903588cdc4af385772bb580d90,00664__salted__broad__cp200D__single.c4f198903588cdc4af385772bb580d90,broad,200D,single,,mortgage,mo‍rtgage,,
00664.c4f198903588cdc4af385772bb580d90,00664__salted__broad__cp00AD__single.c4f198903588cdc4af385772bb580d90,broad,00AD,single,,mortgage,mo­rtgage,,
00665.86f20f73c5ac6205b5b79f3877638ee5,00665__salted__broad__cp200B__single.86f20f73c5ac6205b5b79f3877638ee5,broad,200B,single,,Credit,Cr​edit,,
00665.86f20f73c5ac6205b5b79f3877638ee5,00665__salted__broad__cp200C__single.86f20f73c5ac6205b5b79f3877638ee5,broad,200C,single,,Credit,Cr‌edit,,
00665.86f20f73c5ac6205b5b79f3877638ee5,00665__salted__broad__cp200D__single.86f20f73c5ac6205b5b79f3877638ee5,broad,200D,single,,Credit,Cr‍edit,,
00665.86f20f73c5ac6205b5b79f3877638ee5,00665__salted__broad__cp00AD__single.86f20f73c5ac6205b5b79f3877638ee5,broad,00AD,single,,Credit,Cr­edit,,
00668.a28b3329f4c8fe4b0761a214362ed3f9,00668__salted__broad__cp200B__single.a28b3329f4c8fe4b0761a214362ed3f9,broad,200B,single,,Urgent,Ur​gent,"DESK, LAGOS, NIGERIA","DE​SK, LA​GOS, NI​GERIA"
00668.a28b3329f4c8fe4b0761a214362ed3f9,00668__salted__broad__cp200C__single.a28b3329f4c8fe4b0761a214362ed3f9,broad,200C,single,,Urgent,Ur‌gent,"DESK, LAGOS, NIGERIA","DE‌SK, LA‌GOS, NI‌GERIA"
00668.a28b3329f4c8fe4b0761a214362ed3f9,00668__salted__broad__cp200D__single.a28b3329f4c8fe4b0761a214362ed3f9,broad,200D,single,,Urgent,Ur‍gent,"DESK, LAGOS, NIGERIA","DE‍SK, LA‍GOS, NI‍GERIA"
00668.a28b3329f4c8fe4b0761a214362ed3f9,00668__salted__broad__cp00AD__single.a28b3329f4c8fe4b0761a214362ed3f9,broad,00AD,single,,Urgent,Ur­gent,"DESK, LAGOS, NIGERIA","DE­SK, LA­GOS, NI­GERIA"
00669.790cde659c7d18535eb46cfa4398458d,00669__salted__broad__cp200B__single.790cde659c7d18535eb46cfa4398458d,broad,200B,single,,,,"discount, prices, exciting","di​scount, pr​ices, ex​citing"
00669.790cde659c7d18535eb46cfa4398458d,00669__salted__broad__cp200C__single.790cde659c7d18535eb46cfa4398458d,broad,200C,single,,,,"discount, prices, exciting","di‌scount, pr‌ices, ex‌citing"
00669.790cde659c7d18535eb46cfa4398458d,00669__salted__broad__cp200D__single.790cde659c7d18535eb46cfa4398458d,broad,200D,single,,,,"discount, prices, exciting","di‍scount, pr‍ices, ex‍citing"
00669.790cde659c7d18535eb46cfa4398458d,00669__salted__broad__cp00AD__single.790cde659c7d18535eb46cfa4398458d,broad,00AD,single,,,,"discount, prices, exciting","di­scount, pr­ices, ex­citing"
00670.a3175dd0b4a1e1a26822c5fee6d6837b,00670__salted__broad__cp200B__single.a3175dd0b4a1e1a26822c5fee6d6837b,broad,200B,single,,Offer,Of​fer,"offering, discount, Advertising","of​fering, di​scount, Ad​vertising"
00670.a3175dd0b4a1e1a26822c5fee6d6837b,00670__salted__broad__cp200C__single.a3175dd0b4a1e1a26822c5fee6d6837b,broad,200C,single,,Offer,Of‌fer,"offering, discount, Advertising","of‌fering, di‌scount, Ad‌vertising"
00670.a3175dd0b4a1e1a26822c5fee6d6837b,00670__salted__broad__cp200D__single.a3175dd0b4a1e1a26822c5fee6d6837b,broad,200D,single,,Offer,Of‍fer,"offering, discount, Advertising","of‍fering, di‍scount, Ad‍vertising"
00670.a3175dd0b4a1e1a26822c5fee6d6837b,00670__salted__broad__cp00AD__single.a3175dd0b4a1e1a26822c5fee6d6837b,broad,00AD,single,,Offer,Of­fer,"offering, discount, Advertising","of­fering, di­scount, Ad­vertising"
00671.2f0813fb11358b8355a6202a8e7082e8,00671__salted__broad__cp200B__single.2f0813fb11358b8355a6202a8e7082e8,broad,200B,single,,Orders,Or​ders,,
00671.2f0813fb11358b8355a6202a8e7082e8,00671__salted__broad__cp200C__single.2f0813fb11358b8355a6202a8e7082e8,broad,200C,single,,Orders,Or‌ders,,
00671.2f0813fb11358b8355a6202a8e7082e8,00671__salted__broad__cp200D__single.2f0813fb11358b8355a6202a8e7082e8,broad,200D,single,,Orders,Or‍ders,,
00671.2f0813fb11358b8355a6202a8e7082e8,00671__salted__broad__cp00AD__single.2f0813fb11358b8355a6202a8e7082e8,broad,00AD,single,,Orders,Or­ders,,
00673.89b0df1a8a6e1a95c48f1f63e48648f4,00673__salted__broad__cp200B__single.89b0df1a8a6e1a95c48f1f63e48648f4,broad,200B,single,,ADV,AD​V,"wish, remove, REMOVE","wi​sh, re​move, RE​MOVE"
00673.89b0df1a8a6e1a95c48f1f63e48648f4,00673__salted__broad__cp200C__single.89b0df1a8a6e1a95c48f1f63e48648f4,broad,200C,single,,ADV,AD‌V,"wish, remove, REMOVE","wi‌sh, re‌move, RE‌MOVE"
00673.89b0df1a8a6e1a95c48f1f63e48648f4,00673__salted__broad__cp200D__single.89b0df1a8a6e1a95c48f1f63e48648f4,broad,200D,single,,ADV,AD‍V,"wish, remove, REMOVE","wi‍sh, re‍move, RE‍MOVE"
00673.89b0df1a8a6e1a95c48f1f63e48648f4,00673__salted__broad__cp00AD__single.89b0df1a8a6e1a95c48f1f63e48648f4,broad,00AD,single,,ADV,AD­V,"wish, remove, REMOVE","wi­sh, re­move, RE­MOVE"
00675.233738762477d382d3954e043f866842,00675__salted__broad__cp200B__single.233738762477d382d3954e043f866842,broad,200B,single,,Investment,In​vestment,"Dear, Millionaire, hours","De​ar, Mi​llionaire, ho​urs"
00675.233738762477d382d3954e043f866842,00675__salted__broad__cp200C__single.233738762477d382d3954e043f866842,broad,200C,single,,Investment,In‌vestment,"Dear, Millionaire, hours","De‌ar, Mi‌llionaire, ho‌urs"
00675.233738762477d382d3954e043f866842,00675__salted__broad__cp200D__single.233738762477d382d3954e043f866842,broad,200D,single,,Investment,In‍vestment,"Dear, Millionaire, hours","De‍ar, Mi‍llionaire, ho‍urs"
00675.233738762477d382d3954e043f866842,00675__salted__broad__cp00AD__single.233738762477d382d3954e043f866842,broad,00AD,single,,Investment,In­vestment,"Dear, Millionaire, hours","De­ar, Mi­llionaire, ho­urs"
00676.db7b2b22e127c1a69e369bc62f7fcedb,00676__salted__broad__cp200B__single.db7b2b22e127c1a69e369bc62f7fcedb,broad,200B,single,,,,"emails, strongly, enemies","em​ails, st​rongly, en​emies"
00676.db7b2b22e127c1a69e369bc62f7fcedb,00676__salted__broad__cp200C__single.db7b2b22e127c1a69e369bc62f7fcedb,broad,200C,single,,,,"emails, strongly, enemies","em‌ails, st‌rongly, en‌emies"
00676.db7b2b22e127c1a69e369bc62f7fcedb,00676__salted__broad__cp200D__single.db7b2b22e127c1a69e369bc62f7fcedb,broad,200D,single,,,,"emails, strongly, enemies","em‍ails, st‍rongly, en‍emies"
00676.db7b2b22e127c1a69e369bc62f7fcedb,00676__salted__broad__cp00AD__single.db7b2b22e127c1a69e369bc62f7fcedb,broad,00AD,single,,,,"emails, strongly, enemies","em­ails, st­rongly, en­emies"
00679.a0ad2b887acad77749720b6004a17f13,00679__salted__broad__cp200B__single.a0ad2b887acad77749720b6004a17f13,broad,200B,single,,,,"click, excite, incredible","cl​ick, ex​cite, in​credible"
00679.a0ad2b887acad77749720b6004a17f13,00679__salted__broad__cp200C__single.a0ad2b887acad77749720b6004a17f13,broad,200C,single,,,,"click, excite, incredible","cl‌ick, ex‌cite, in‌credible"
00679.a0ad2b887acad77749720b6004a17f13,00679__salted__broad__cp200D__single.a0ad2b887acad77749720b6004a17f13,broad,200D,single,,,,"click, excite, incredible","cl‍ick, ex‍cite, in‍credible"
00679.a0ad2b887acad77749720b6004a17f13,00679__salted__broad__cp00AD__single.a0ad2b887acad77749720b6004a17f13,broad,00AD,single,,,,"click, excite, incredible","cl­ick, ex­cite, in­credible"
00682.0160e510bf19faa60f78d415d4b9a3ee,00682__salted__broad__cp200B__single.0160e510bf19faa60f78d415d4b9a3ee,broad,200B,single,,Prescription,Pr​escription,"trial, Instructions","tr​ial, In​structions"
00682.0160e510bf19faa60f78d415d4b9a3ee,00682__salted__broad__cp200C__single.0160e510bf19faa60f78d415d4b9a3ee,broad,200C,single,,Prescription,Pr‌escription,"trial, Instructions","tr‌ial, In‌structions"
00682.0160e510bf19faa60f78d415d4b9a3ee,00682__salted__broad__cp200D__single.0160e510bf19faa60f78d415d4b9a3ee,broad,200D,single,,Prescription,Pr‍escription,"trial, Instructions","tr‍ial, In‍structions"
00682.0160e510bf19faa60f78d415d4b9a3ee,00682__salted__broad__cp00AD__single.0160e510bf19faa60f78d415d4b9a3ee,broad,00AD,single,,Prescription,Pr­escription,"trial, Instructions","tr­ial, In­structions"
00683.41038a20d4763e8042a811a03612bae4,00683__salted__broad__cp200B__single.41038a20d4763e8042a811a03612bae4,broad,200B,single,,Membership,Me​mbership,,
00683.41038a20d4763e8042a811a03612bae4,00683__salted__broad__cp200C__single.41038a20d4763e8042a811a03612bae4,broad,200C,single,,Membership,Me‌mbership,,
00683.41038a20d4763e8042a811a03612bae4,00683__salted__broad__cp200D__single.41038a20d4763e8042a811a03612bae4,broad,200D,single,,Membership,Me‍mbership,,
00683.41038a20d4763e8042a811a03612bae4,00683__salted__broad__cp00AD__single.41038a20d4763e8042a811a03612bae4,broad,00AD,single,,Membership,Me­mbership,,
00685.1371a47585f33a9b808d68b024c7101b,00685__salted__broad__cp200B__single.1371a47585f33a9b808d68b024c7101b,broad,200B,single,,,,"membership, membership, minimum","me​mbership, me​mbership, mi​nimum"
00685.1371a47585f33a9b808d68b024c7101b,00685__salted__broad__cp200C__single.1371a47585f33a9b808d68b024c7101b,broad,200C,single,,,,"membership, membership, minimum","me‌mbership, me‌mbership, mi‌nimum"
00685.1371a47585f33a9b808d68b024c7101b,00685__salted__broad__cp200D__single.1371a47585f33a9b808d68b024c7101b,broad,200D,single,,,,"membership, membership, minimum","me‍mbership, me‍mbership, mi‍nimum"
00685.1371a47585f33a9b808d68b024c7101b,00685__salted__broad__cp00AD__single.1371a47585f33a9b808d68b024c7101b,broad,00AD,single,,,,"membership, membership, minimum","me­mbership, me­mbership, mi­nimum"
00688.9a0a9490593c7e2c9500d06bb9386819,00688__salted__broad__cp200B__single.9a0a9490593c7e2c9500d06bb9386819,broad,200B,single,,HGH,HG​H,,
00688.9a0a9490593c7e2c9500d06bb9386819,00688__salted__broad__cp200C__single.9a0a9490593c7e2c9500d06bb9386819,broad,200C,single,,HGH,HG‌H,,
00688.9a0a9490593c7e2c9500d06bb9386819,00688__salted__broad__cp200D__single.9a0a9490593c7e2c9500d06bb9386819,broad,200D,single,,HGH,HG‍H,,
00688.9a0a9490593c7e2c9500d06bb9386819,00688__salted__broad__cp00AD__single.9a0a9490593c7e2c9500d06bb9386819,broad,00AD,single,,HGH,HG­H,,
00690.5dd358321ab2f5139ccf636223251d1f,00690__salted__broad__cp200B__single.5dd358321ab2f5139ccf636223251d1f,broad,200B,single,,,,"Annuity, Payments, Premium","An​nuity, Pa​yments, Pr​emium"
00690.5dd358321ab2f5139ccf636223251d1f,00690__salted__broad__cp200C__single.5dd358321ab2f5139ccf636223251d1f,broad,200C,single,,,,"Annuity, Payments, Premium","An‌nuity, Pa‌yments, Pr‌emium"
00690.5dd358321ab2f5139ccf636223251d1f,00690__salted__broad__cp200D__single.5dd358321ab2f5139ccf636223251d1f,broad,200D,single,,,,"Annuity, Payments, Premium","An‍nuity, Pa‍yments, Pr‍emium"
00690.5dd358321ab2f5139ccf636223251d1f,00690__salted__broad__cp00AD__single.5dd358321ab2f5139ccf636223251d1f,broad,00AD,single,,,,"Annuity, Payments, Premium","An­nuity, Pa­yments, Pr­emium"
00691.3fc62f976ac2502a426d132d165dde1c,00691__salted__broad__cp200B__single.3fc62f976ac2502a426d132d165dde1c,broad,200B,single,,sexual,se​xual,"NBC, CBS, CNN","NB​C, CB​S, CN​N"
00691.3fc62f976ac2502a426d132d165dde1c,00691__salted__broad__cp200C__single.3fc62f976ac2502a426d132d165dde1c,broad,200C,single,,sexual,se‌xual,"NBC, CBS, CNN","NB‌C, CB‌S, CN‌N"
00691.3fc62f976ac2502a426d132d165dde1c,00691__salted__broad__cp200D__single.3fc62f976ac2502a426d132d165dde1c,broad,200D,single,,sexual,se‍xual,"NBC, CBS, CNN","NB‍C, CB‍S, CN‍N"
00691.3fc62f976ac2502a426d132d165dde1c,00691__salted__broad__cp00AD__single.3fc62f976ac2502a426d132d165dde1c,broad,00AD,single,,sexual,se­xual,"NBC, CBS, CNN","NB­C, CB­S, CN­N"
00695.f79afe1f94217d0a2e6f983caf011b49,00695__salted__broad__cp200B__single.f79afe1f94217d0a2e6f983caf011b49,broad,200B,single,,,,"price, purchased, BONUS","pr​ice, pu​rchased, BO​NUS"
00695.f79afe1f94217d0a2e6f983caf011b49,00695__salted__broad__cp200C__single.f79afe1f94217d0a2e6f983caf011b49,broad,200C,single,,,,"price, purchased, BONUS","pr‌ice, pu‌rchased, BO‌NUS"
00695.f79afe1f94217d0a2e6f983caf011b49,00695__salted__broad__cp200D__single.f79afe1f94217d0a2e6f983caf011b49,broad,200D,single,,,,"price, purchased, BONUS","pr‍ice, pu‍rchased, BO‍NUS"
00695.f79afe1f94217d0a2e6f983caf011b49,00695__salted__broad__cp00AD__single.f79afe1f94217d0a2e6f983caf011b49,broad,00AD,single,,,,"price, purchased, BONUS","pr­ice, pu­rchased, BO­NUS"
00698.d754f7a62c2f8ce3f331e59ee0978205,00698__salted__broad__cp200B__single.d754f7a62c2f8ce3f331e59ee0978205,broad,200B,single,,Health,He​alth,,
00698.d754f7a62c2f8ce3f331e59ee0978205,00698__salted__broad__cp200C__single.d754f7a62c2f8ce3f331e59ee0978205,broad,200C,single,,Health,He‌alth,,
00698.d754f7a62c2f8ce3f331e59ee0978205,00698__salted__broad__cp200D__single.d754f7a62c2f8ce3f331e59ee0978205,broad,200D,single,,Health,He‍alth,,
00698.d754f7a62c2f8ce3f331e59ee0978205,00698__salted__broad__cp00AD__single.d754f7a62c2f8ce3f331e59ee0978205,broad,00AD,single,,Health,He­alth,,
00699.46c52d8e3b9db13ea2e9816f1c919961,00699__salted__broad__cp200B__single.46c52d8e3b9db13ea2e9816f1c919961,broad,200B,single,,Health,He​alth,,
00699.46c52d8e3b9db13ea2e9816f1c919961,00699__salted__broad__cp200C__single.46c52d8e3b9db13ea2e9816f1c919961,broad,200C,single,,Health,He‌alth,,
00699.46c52d8e3b9db13ea2e9816f1c919961,00699__salted__broad__cp200D__single.46c52d8e3b9db13ea2e9816f1c919961,broad,200D,single,,Health,He‍alth,,
00699.46c52d8e3b9db13ea2e9816f1c919961,00699__salted__broad__cp00AD__single.46c52d8e3b9db13ea2e9816f1c919961,broad,00AD,single,,Health,He­alth,,
00700.e9dbef7f0ce0dadccc9050b5e3a5709b,00700__salted__broad__cp200B__single.e9dbef7f0ce0dadccc9050b5e3a5709b,broad,200B,single,,Viagra,Vi​agra,,
00700.e9dbef7f0ce0dadccc9050b5e3a5709b,00700__salted__broad__cp200C__single.e9dbef7f0ce0dadccc9050b5e3a5709b,broad,200C,single,,Viagra,Vi‌agra,,
00700.e9dbef7f0ce0dadccc9050b5e3a5709b,00700__salted__broad__cp200D__single.e9dbef7f0ce0dadccc9050b5e3a5709b,broad,200D,single,,Viagra,Vi‍agra,,
00700.e9dbef7f0ce0dadccc9050b5e3a5709b,00700__salted__broad__cp00AD__single.e9dbef7f0ce0dadccc9050b5e3a5709b,broad,00AD,single,,Viagra,Vi­agra,,
00703.9fd09a1270c8dab92ec5802e917178aa,00703__salted__broad__cp200B__single.9fd09a1270c8dab92ec5802e917178aa,broad,200B,single,,Lenders,Le​nders,,
00703.9fd09a1270c8dab92ec5802e917178aa,00703__salted__broad__cp200C__single.9fd09a1270c8dab92ec5802e917178aa,broad,200C,single,,Lenders,Le‌nders,,
00703.9fd09a1270c8dab92ec5802e917178aa,00703__salted__broad__cp200D__single.9fd09a1270c8dab92ec5802e917178aa,broad,200D,single,,Lenders,Le‍nders,,
00703.9fd09a1270c8dab92ec5802e917178aa,00703__salted__broad__cp00AD__single.9fd09a1270c8dab92ec5802e917178aa,broad,00AD,single,,Lenders,Le­nders,,
00707.c863801ca5be49e90ee68ab449ba5a84,00707__salted__broad__cp200B__single.c863801ca5be49e90ee68ab449ba5a84,broad,200B,single,,cartridges,ca​rtridges,,
00707.c863801ca5be49e90ee68ab449ba5a84,00707__salted__broad__cp200C__single.c863801ca5be49e90ee68ab449ba5a84,broad,200C,single,,cartridges,ca‌rtridges,,
00707.c863801ca5be49e90ee68ab449ba5a84,00707__salted__broad__cp200D__single.c863801ca5be49e90ee68ab449ba5a84,broad,200D,single,,cartridges,ca‍rtridges,,
00707.c863801ca5be49e90ee68ab449ba5a84,00707__salted__broad__cp00AD__single.c863801ca5be49e90ee68ab449ba5a84,broad,00AD,single,,cartridges,ca­rtridges,,
00708.89f1f9108884517148fdbd744e18ec1e,00708__salted__broad__cp200B__single.89f1f9108884517148fdbd744e18ec1e,broad,200B,single,,,,"Sightings, Sightings, sightings","Si​ghtings, Si​ghtings, si​ghtings"
00708.89f1f9108884517148fdbd744e18ec1e,00708__salted__broad__cp200C__single.89f1f9108884517148fdbd744e18ec1e,broad,200C,single,,,,"Sightings, Sightings, sightings","Si‌ghtings, Si‌ghtings, si‌ghtings"
00708.89f1f9108884517148fdbd744e18ec1e,00708__salted__broad__cp200D__single.89f1f9108884517148fdbd744e18ec1e,broad,200D,single,,,,"Sightings, Sightings, sightings","Si‍ghtings, Si‍ghtings, si‍ghtings"
00708.89f1f9108884517148fdbd744e18ec1e,00708__salted__broad__cp00AD__single.89f1f9108884517148fdbd744e18ec1e,broad,00AD,single,,,,"Sightings, Sightings, sightings","Si­ghtings, Si­ghtings, si­ghtings"
00709.59ca382f87c5eacb934430e28cd98d98,00709__salted__broad__cp200B__single.59ca382f87c5eacb934430e28cd98d98,broad,200B,single,,Mortgage,Mo​rtgage,,
00709.59ca382f87c5eacb934430e28cd98d98,00709__salted__broad__cp200C__single.59ca382f87c5eacb934430e28cd98d98,broad,200C,single,,Mortgage,Mo‌rtgage,,
00709.59ca382f87c5eacb934430e28cd98d98,00709__salted__broad__cp200D__single.59ca382f87c5eacb934430e28cd98d98,broad,200D,single,,Mortgage,Mo‍rtgage,,
00709.59ca382f87c5eacb934430e28cd98d98,00709__salted__broad__cp00AD__single.59ca382f87c5eacb934430e28cd98d98,broad,00AD,single,,Mortgage,Mo­rtgage,,
00710.64d9eb4c4a7b8c33ebcdb279e0c96d05,00710__salted__broad__cp200B__single.64d9eb4c4a7b8c33ebcdb279e0c96d05,broad,200B,single,,fees,fe​es,"hours, secret, secret","ho​urs, se​cret, se​cret"
00710.64d9eb4c4a7b8c33ebcdb279e0c96d05,00710__salted__broad__cp200C__single.64d9eb4c4a7b8c33ebcdb279e0c96d05,broad,200C,single,,fees,fe‌es,"hours, secret, secret","ho‌urs, se‌cret, se‌cret"
00710.64d9eb4c4a7b8c33ebcdb279e0c96d05,00710__salted__broad__cp200D__single.64d9eb4c4a7b8c33ebcdb279e0c96d05,broad,200D,single,,fees,fe‍es,"hours, secret, secret","ho‍urs, se‍cret, se‍cret"
00710.64d9eb4c4a7b8c33ebcdb279e0c96d05,00710__salted__broad__cp00AD__single.64d9eb4c4a7b8c33ebcdb279e0c96d05,broad,00AD,single,,fees,fe­es,"hours, secret, secret","ho­urs, se­cret, se­cret"
00713.8d1b1c5afc226377ec951564ad402b9c,00713__salted__broad__cp200B__single.8d1b1c5afc226377ec951564ad402b9c,broad,200B,single,,,,"Insurance, Affordable, Rates","In​surance, Af​fordable, Ra​tes"
00713.8d1b1c5afc226377ec951564ad402b9c,00713__salted__broad__cp200C__single.8d1b1c5afc226377ec951564ad402b9c,broad,200C,single,,,,"Insurance, Affordable, Rates","In‌surance, Af‌fordable, Ra‌tes"
00713.8d1b1c5afc226377ec951564ad402b9c,00713__salted__broad__cp200D__single.8d1b1c5afc226377ec951564ad402b9c,broad,200D,single,,,,"Insurance, Affordable, Rates","In‍surance, Af‍fordable, Ra‍tes"
00713.8d1b1c5afc226377ec951564ad402b9c,00713__salted__broad__cp00AD__single.8d1b1c5afc226377ec951564ad402b9c,broad,00AD,single,,,,"Insurance, Affordable, Rates","In­surance, Af­fordable, Ra­tes"
00714.cd13d8db12cc1f661d6b2eb6fcbb5156,00714__salted__broad__cp200B__single.cd13d8db12cc1f661d6b2eb6fcbb5156,broad,200B,single,,,,"offers, receive, receive","of​fers, re​ceive, re​ceive"
00714.cd13d8db12cc1f661d6b2eb6fcbb5156,00714__salted__broad__cp200C__single.cd13d8db12cc1f661d6b2eb6fcbb5156,broad,200C,single,,,,"offers, receive, receive","of‌fers, re‌ceive, re‌ceive"
00714.cd13d8db12cc1f661d6b2eb6fcbb5156,00714__salted__broad__cp200D__single.cd13d8db12cc1f661d6b2eb6fcbb5156,broad,200D,single,,,,"offers, receive, receive","of‍fers, re‍ceive, re‍ceive"
00714.cd13d8db12cc1f661d6b2eb6fcbb5156,00714__salted__broad__cp00AD__single.cd13d8db12cc1f661d6b2eb6fcbb5156,broad,00AD,single,,,,"offers, receive, receive","of­fers, re­ceive, re­ceive"
00715.ba1f144e98b423e35e3a61d464274732,00715__salted__broad__cp200B__single.ba1f144e98b423e35e3a61d464274732,broad,200B,single,,PENNIES,PE​NNIES,,
00715.ba1f144e98b423e35e3a61d464274732,00715__salted__broad__cp200C__single.ba1f144e98b423e35e3a61d464274732,broad,200C,single,,PENNIES,PE‌NNIES,,
00715.ba1f144e98b423e35e3a61d464274732,00715__salted__broad__cp200D__single.ba1f144e98b423e35e3a61d464274732,broad,200D,single,,PENNIES,PE‍NNIES,,
00715.ba1f144e98b423e35e3a61d464274732,00715__salted__broad__cp00AD__single.ba1f144e98b423e35e3a61d464274732,broad,00AD,single,,PENNIES,PE­NNIES,,
00721.09d243c9c4da88c5f517003d26196aaa,00721__salted__broad__cp200B__single.09d243c9c4da88c5f517003d26196aaa,broad,200B,single,,Guaranteed,Gu​aranteed,,
00721.09d243c9c4da88c5f517003d26196aaa,00721__salted__broad__cp200C__single.09d243c9c4da88c5f517003d26196aaa,broad,200C,single,,Guaranteed,Gu‌aranteed,,
00721.09d243c9c4da88c5f517003d26196aaa,00721__salted__broad__cp200D__single.09d243c9c4da88c5f517003d26196aaa,broad,200D,single,,Guaranteed,Gu‍aranteed,,
00721.09d243c9c4da88c5f517003d26196aaa,00721__salted__broad__cp00AD__single.09d243c9c4da88c5f517003d26196aaa,broad,00AD,single,,Guaranteed,Gu­aranteed,,
00723.7d2f1e26ae8cbab862459e33db405be1,00723__salted__broad__cp200B__single.7d2f1e26ae8cbab862459e33db405be1,broad,200B,single,,,,"reply, remove, Thank","re​ply, re​move, Th​ank"
00723.7d2f1e26ae8cbab862459e33db405be1,00723__salted__broad__cp200C__single.7d2f1e26ae8cbab862459e33db405be1,broad,200C,single,,,,"reply, remove, Thank","re‌ply, re‌move, Th‌ank"
00723.7d2f1e26ae8cbab862459e33db405be1,00723__salted__broad__cp200D__single.7d2f1e26ae8cbab862459e33db405be1,broad,200D,single,,,,"reply, remove, Thank","re‍ply, re‍move, Th‍ank"
00723.7d2f1e26ae8cbab862459e33db405be1,00723__salted__broad__cp00AD__single.7d2f1e26ae8cbab862459e33db405be1,broad,00AD,single,,,,"reply, remove, Thank","re­ply, re­move, Th­ank"
00724.edc5a3ce2ea91fedbf00aa0c30459a87,00724__salted__broad__cp200B__single.edc5a3ce2ea91fedbf00aa0c30459a87,broad,200B,single,,,,"Urgent, BANK, correspondence","Ur​gent, BA​NK, co​rrespondence"
00724.edc5a3ce2ea91fedbf00aa0c30459a87,00724__salted__broad__cp200C__single.edc5a3ce2ea91fedbf00aa0c30459a87,broad,200C,single,,,,"Urgent, BANK, correspondence","Ur‌gent, BA‌NK, co‌rrespondence"
00724.edc5a3ce2ea91fedbf00aa0c30459a87,00724__salted__broad__cp200D__single.edc5a3ce2ea91fedbf00aa0c30459a87,broad,200D,single,,,,"Urgent, BANK, correspondence","Ur‍gent, BA‍NK, co‍rrespondence"
00724.edc5a3ce2ea91fedbf00aa0c30459a87,00724__salted__broad__cp00AD__single.edc5a3ce2ea91fedbf00aa0c30459a87,broad,00AD,single,,,,"Urgent, BANK, correspondence","Ur­gent, BA­NK, co­rrespondence"
00725.260c7aa4ae8ce594c0c671b2611d313d,00725__salted__broad__cp200B__single.260c7aa4ae8ce594c0c671b2611d313d,broad,200B,single,,Adult,Ad​ult,"netnoteinc, Adult, SECRET","ne​tnoteinc, Ad​ult, SE​CRET"
00725.260c7aa4ae8ce594c0c671b2611d313d,00725__salted__broad__cp200C__single.260c7aa4ae8ce594c0c671b2611d313d,broad,200C,single,,Adult,Ad‌ult,"netnoteinc, Adult, SECRET","ne‌tnoteinc, Ad‌ult, SE‌CRET"
00725.260c7aa4ae8ce594c0c671b2611d313d,00725__salted__broad__cp200D__single.260c7aa4ae8ce594c0c671b2611d313d,broad,200D,single,,Adult,Ad‍ult,"netnoteinc, Adult, SECRET","ne‍tnoteinc, Ad‍ult, SE‍CRET"
00725.260c7aa4ae8ce594c0c671b2611d313d,00725__salted__broad__cp00AD__single.260c7aa4ae8ce594c0c671b2611d313d,broad,00AD,single,,Adult,Ad­ult,"netnoteinc, Adult, SECRET","ne­tnoteinc, Ad­ult, SE­CRET"
00726.26fb8f2aeedad636c461a560247d4f46,00726__salted__broad__cp200B__single.26fb8f2aeedad636c461a560247d4f46,broad,200B,single,,Herbal,He​rbal,,
00726.26fb8f2aeedad636c461a560247d4f46,00726__salted__broad__cp200C__single.26fb8f2aeedad636c461a560247d4f46,broad,200C,single,,Herbal,He‌rbal,,
00726.26fb8f2aeedad636c461a560247d4f46,00726__salted__broad__cp200D__single.26fb8f2aeedad636c461a560247d4f46,broad,200D,single,,Herbal,He‍rbal,,
00726.26fb8f2aeedad636c461a560247d4f46,00726__salted__broad__cp00AD__single.26fb8f2aeedad636c461a560247d4f46,broad,00AD,single,,Herbal,He­rbal,,
00728.6337ac1dd7bf9fa481c30c7cd01b496c,00728__salted__broad__cp200B__single.6337ac1dd7bf9fa481c30c7cd01b496c,broad,200B,single,,MLM,ML​M,"removal, marketing, MLM","re​moval, ma​rketing, ML​M"
00728.6337ac1dd7bf9fa481c30c7cd01b496c,00728__salted__broad__cp200C__single.6337ac1dd7bf9fa481c30c7cd01b496c,broad,200C,single,,MLM,ML‌M,"removal, marketing, MLM","re‌moval, ma‌rketing, ML‌M"
00728.6337ac1dd7bf9fa481c30c7cd01b496c,00728__salted__broad__cp200D__single.6337ac1dd7bf9fa481c30c7cd01b496c,broad,200D,single,,MLM,ML‍M,"removal, marketing, MLM","re‍moval, ma‍rketing, ML‍M"
00728.6337ac1dd7bf9fa481c30c7cd01b496c,00728__salted__broad__cp00AD__single.6337ac1dd7bf9fa481c30c7cd01b496c,broad,00AD,single,,MLM,ML­M,"removal, marketing, MLM","re­moval, ma­rketing, ML­M"
00729.b4b709ee7cb85908bdec0b050a11e518,00729__salted__broad__cp200B__single.b4b709ee7cb85908bdec0b050a11e518,broad,200B,single,,Commissions,Co​mmissions,"Premium, Commission, Commission","Pr​emium, Co​mmission, Co​mmission"
00729.b4b709ee7cb85908bdec0b050a11e518,00729__salted__broad__cp200C__single.b4b709ee7cb85908bdec0b050a11e518,broad,200C,single,,Commissions,Co‌mmissions,"Premium, Commission, Commission","Pr‌emium, Co‌mmission, Co‌mmission"
00729.b4b709ee7cb85908bdec0b050a11e518,00729__salted__broad__cp200D__single.b4b709ee7cb85908bdec0b050a11e518,broad,200D,single,,Commissions,Co‍mmissions,"Premium, Commission, Commission","Pr‍emium, Co‍mmission, Co‍mmission"
00729.b4b709ee7cb85908bdec0b050a11e518,00729__salted__broad__cp00AD__single.b4b709ee7cb85908bdec0b050a11e518,broad,00AD,single,,Commissions,Co­mmissions,"Premium, Commission, Commission","Pr­emium, Co­mmission, Co­mmission"
00730.0082840b49157df044b094b1a0461063,00730__salted__broad__cp200B__single.0082840b49157df044b094b1a0461063,broad,200B,single,,OPPORTUNITY,OP​PORTUNITY,"QUALIFY, CASH, INCOME","QU​ALIFY, CA​SH, IN​COME"
00730.0082840b49157df044b094b1a0461063,00730__salted__broad__cp200C__single.0082840b49157df044b094b1a0461063,broad,200C,single,,OPPORTUNITY,OP‌PORTUNITY,"QUALIFY, CASH, INCOME","QU‌ALIFY, CA‌SH, IN‌COME"
00730.0082840b49157df044b094b1a0461063,00730__salted__broad__cp200D__single.0082840b49157df044b094b1a0461063,broad,200D,single,,OPPORTUNITY,OP‍PORTUNITY,"QUALIFY, CASH, INCOME","QU‍ALIFY, CA‍SH, IN‍COME"
00730.0082840b49157df044b094b1a0461063,00730__salted__broad__cp00AD__single.0082840b49157df044b094b1a0461063,broad,00AD,single,,OPPORTUNITY,OP­PORTUNITY,"QUALIFY, CASH, INCOME","QU­ALIFY, CA­SH, IN­COME"
00731.f62550b637d55a42158889ef47fcab7e,00731__salted__broad__cp200B__single.f62550b637d55a42158889ef47fcab7e,broad,200B,single,,Adult,Ad​ult,"netnoteinc, Adult, SECRET","ne​tnoteinc, Ad​ult, SE​CRET"
00731.f62550b637d55a42158889ef47fcab7e,00731__salted__broad__cp200C__single.f62550b637d55a42158889ef47fcab7e,broad,200C,single,,Adult,Ad‌ult,"netnoteinc, Adult, SECRET","ne‌tnoteinc, Ad‌ult, SE‌CRET"
00731.f62550b637d55a42158889ef47fcab7e,00731__salted__broad__cp200D__single.f62550b637d55a42158889ef47fcab7e,broad,200D,single,,Adult,Ad‍ult,"netnoteinc, Adult, SECRET","ne‍tnoteinc, Ad‍ult, SE‍CRET"
00731.f62550b637d55a42158889ef47fcab7e,00731__salted__broad__cp00AD__single.f62550b637d55a42158889ef47fcab7e,broad,00AD,single,,Adult,Ad­ult,"netnoteinc, Adult, SECRET","ne­tnoteinc, Ad­ult, SE­CRET"
00732.bc344aaabb0aae7f3e1600f2d72c2232,00732__salted__broad__cp200B__single.bc344aaabb0aae7f3e1600f2d72c2232,broad,200B,single,,Sales,Sa​les,"marketing, PROFITABLE, sales","ma​rketing, PR​OFITABLE, sa​les"
00732.bc344aaabb0aae7f3e1600f2d72c2232,00732__salted__broad__cp200C__single.bc344aaabb0aae7f3e1600f2d72c2232,broad,200C,single,,Sales,Sa‌les,"marketing, PROFITABLE, sales","ma‌rketing, PR‌OFITABLE, sa‌les"
00732.bc344aaabb0aae7f3e1600f2d72c2232,00732__salted__broad__cp200D__single.bc344aaabb0aae7f3e1600f2d72c2232,broad,200D,single,,Sales,Sa‍les,"marketing, PROFITABLE, sales","ma‍rketing, PR‍OFITABLE, sa‍les"
00732.bc344aaabb0aae7f3e1600f2d72c2232,00732__salted__broad__cp00AD__single.bc344aaabb0aae7f3e1600f2d72c2232,broad,00AD,single,,Sales,Sa­les,"marketing, PROFITABLE, sales","ma­rketing, PR­OFITABLE, sa­les"
00733.095d8b33e938efa091f1771c622986c9,00733__salted__broad__cp200B__single.095d8b33e938efa091f1771c622986c9,broad,200B,single,,Sales,Sa​les,"marketing, PROFITABLE, sales","ma​rketing, PR​OFITABLE, sa​les"
00733.095d8b33e938efa091f1771c622986c9,00733__salted__broad__cp200C__single.095d8b33e938efa091f1771c622986c9,broad,200C,single,,Sales,Sa‌les,"marketing, PROFITABLE, sales","ma‌rketing, PR‌OFITABLE, sa‌les"
00733.095d8b33e938efa091f1771c622986c9,00733__salted__broad__cp200D__single.095d8b33e938efa091f1771c622986c9,broad,200D,single,,Sales,Sa‍les,"marketing, PROFITABLE, sales","ma‍rketing, PR‍OFITABLE, sa‍les"
00733.095d8b33e938efa091f1771c622986c9,00733__salted__broad__cp00AD__single.095d8b33e938efa091f1771c622986c9,broad,00AD,single,,Sales,Sa­les,"marketing, PROFITABLE, sales","ma­rketing, PR­OFITABLE, sa­les"
00734.0c1975b8c2b17fd6c665827706f89eaf,00734__salted__broad__cp200B__single.0c1975b8c2b17fd6c665827706f89eaf,broad,200B,single,,Proven,Pr​oven,"skills, confidential, receive","sk​ills, co​nfidential, re​ceive"
00734.0c1975b8c2b17fd6c665827706f89eaf,00734__salted__broad__cp200C__single.0c1975b8c2b17fd6c665827706f89eaf,broad,200C,single,,Proven,Pr‌oven,"skills, confidential, receive","sk‌ills, co‌nfidential, re‌ceive"
00734.0c1975b8c2b17fd6c665827706f89eaf,00734__salted__broad__cp200D__single.0c1975b8c2b17fd6c665827706f89eaf,broad,200D,single,,Proven,Pr‍oven,"skills, confidential, receive","sk‍ills, co‍nfidential, re‍ceive"
00734.0c1975b8c2b17fd6c665827706f89eaf,00734__salted__broad__cp00AD__single.0c1975b8c2b17fd6c665827706f89eaf,broad,00AD,single,,Proven,Pr­oven,"skills, confidential, receive","sk­ills, co­nfidential, re­ceive"
00735.474fd4bc103225c72fd82d88bba48e56,00735__salted__broad__cp200B__single.474fd4bc103225c72fd82d88bba48e56,broad,200B,single,,lose,lo​se,,
00735.474fd4bc103225c72fd82d88bba48e56,00735__salted__broad__cp200C__single.474fd4bc103225c72fd82d88bba48e56,broad,200C,single,,lose,lo‌se,,
00735.474fd4bc103225c72fd82d88bba48e56,00735__salted__broad__cp200D__single.474fd4bc103225c72fd82d88bba48e56,broad,200D,single,,lose,lo‍se,,
00735.474fd4bc103225c72fd82d88bba48e56,00735__salted__broad__cp00AD__single.474fd4bc103225c72fd82d88bba48e56,broad,00AD,single,,lose,lo­se,,
00736.5bbe6ad663aa598a1b4a6d2d5f3ff0cc,00736__salted__broad__cp200B__single.5bbe6ad663aa598a1b4a6d2d5f3ff0cc,broad,200B,single,,price,pr​ice,,
00736.5bbe6ad663aa598a1b4a6d2d5f3ff0cc,00736__salted__broad__cp200C__single.5bbe6ad663aa598a1b4a6d2d5f3ff0cc,broad,200C,single,,price,pr‌ice,,
00736.5bbe6ad663aa598a1b4a6d2d5f3ff0cc,00736__salted__broad__cp200D__single.5bbe6ad663aa598a1b4a6d2d5f3ff0cc,broad,200D,single,,price,pr‍ice,,
00736.5bbe6ad663aa598a1b4a6d2d5f3ff0cc,00736__salted__broad__cp00AD__single.5bbe6ad663aa598a1b4a6d2d5f3ff0cc,broad,00AD,single,,price,pr­ice,,
00739.150e80f7508e247fa15d43697e80ed30,00739__salted__broad__cp200B__single.150e80f7508e247fa15d43697e80ed30,broad,200B,single,,,,"discount, prices, exciting","di​scount, pr​ices, ex​citing"
00739.150e80f7508e247fa15d43697e80ed30,00739__salted__broad__cp200C__single.150e80f7508e247fa15d43697e80ed30,broad,200C,single,,,,"discount, prices, exciting","di‌scount, pr‌ices, ex‌citing"
00739.150e80f7508e247fa15d43697e80ed30,00739__salted__broad__cp200D__single.150e80f7508e247fa15d43697e80ed30,broad,200D,single,,,,"discount, prices, exciting","di‍scount, pr‍ices, ex‍citing"
00739.150e80f7508e247fa15d43697e80ed30,00739__salted__broad__cp00AD__single.150e80f7508e247fa15d43697e80ed30,broad,00AD,single,,,,"discount, prices, exciting","di­scount, pr­ices, ex­citing"
00741.00c61b5577b6fa232434c2ae62d52394,00741__salted__broad__cp200B__single.00c61b5577b6fa232434c2ae62d52394,broad,200B,single,,,,"smoking, products, offer","sm​oking, pr​oducts, of​fer"
00741.00c61b5577b6fa232434c2ae62d52394,00741__salted__broad__cp200C__single.00c61b5577b6fa232434c2ae62d52394,broad,200C,single,,,,"smoking, products, offer","sm‌oking, pr‌oducts, of‌fer"
00741.00c61b5577b6fa232434c2ae62d52394,00741__salted__broad__cp200D__single.00c61b5577b6fa232434c2ae62d52394,broad,200D,single,,,,"smoking, products, offer","sm‍oking, pr‍oducts, of‍fer"
00741.00c61b5577b6fa232434c2ae62d52394,00741__salted__broad__cp00AD__single.00c61b5577b6fa232434c2ae62d52394,broad,00AD,single,,,,"smoking, products, offer","sm­oking, pr­oducts, of­fer"
00742.2700b00dc2dcc121ee0a1322040de188,00742__salted__broad__cp200B__single.2700b00dc2dcc121ee0a1322040de188,broad,200B,single,,,,"smoking, products, offer","sm​oking, pr​oducts, of​fer"
00742.2700b00dc2dcc121ee0a1322040de188,00742__salted__broad__cp200C__single.2700b00dc2dcc121ee0a1322040de188,broad,200C,single,,,,"smoking, products, offer","sm‌oking, pr‌oducts, of‌fer"
00742.2700b00dc2dcc121ee0a1322040de188,00742__salted__broad__cp200D__single.2700b00dc2dcc121ee0a1322040de188,broad,200D,single,,,,"smoking, products, offer","sm‍oking, pr‍oducts, of‍fer"
00742.2700b00dc2dcc121ee0a1322040de188,00742__salted__broad__cp00AD__single.2700b00dc2dcc121ee0a1322040de188,broad,00AD,single,,,,"smoking, products, offer","sm­oking, pr­oducts, of­fer"
00743.7889a6b188891a33c088f3d29d48251a,00743__salted__broad__cp200B__single.7889a6b188891a33c088f3d29d48251a,broad,200B,single,,,,"cartridges, lose, offer","ca​rtridges, lo​se, of​fer"
00743.7889a6b188891a33c088f3d29d48251a,00743__salted__broad__cp200C__single.7889a6b188891a33c088f3d29d48251a,broad,200C,single,,,,"cartridges, lose, offer","ca‌rtridges, lo‌se, of‌fer"
00743.7889a6b188891a33c088f3d29d48251a,00743__salted__broad__cp200D__single.7889a6b188891a33c088f3d29d48251a,broad,200D,single,,,,"cartridges, lose, offer","ca‍rtridges, lo‍se, of‍fer"
00743.7889a6b188891a33c088f3d29d48251a,00743__salted__broad__cp00AD__single.7889a6b188891a33c088f3d29d48251a,broad,00AD,single,,,,"cartridges, lose, offer","ca­rtridges, lo­se, of­fer"
00745.a0f2c78f1a75fe880532f0c432aa12d2,00745__salted__broad__cp200B__single.a0f2c78f1a75fe880532f0c432aa12d2,broad,200B,single,,Earn,Ea​rn,,
00745.a0f2c78f1a75fe880532f0c432aa12d2,00745__salted__broad__cp200C__single.a0f2c78f1a75fe880532f0c432aa12d2,broad,200C,single,,Earn,Ea‌rn,,
00745.a0f2c78f1a75fe880532f0c432aa12d2,00745__salted__broad__cp200D__single.a0f2c78f1a75fe880532f0c432aa12d2,broad,200D,single,,Earn,Ea‍rn,,
00745.a0f2c78f1a75fe880532f0c432aa12d2,00745__salted__broad__cp00AD__single.a0f2c78f1a75fe880532f0c432aa12d2,broad,00AD,single,,Earn,Ea­rn,,
00746.f0fce8c4c17e53a0fe837a8c6cfe03c6,00746__salted__broad__cp200B__single.f0fce8c4c17e53a0fe837a8c6cfe03c6,broad,200B,single,,,,"sincerely, Sightings, Sightings","si​ncerely, Si​ghtings, Si​ghtings"
00746.f0fce8c4c17e53a0fe837a8c6cfe03c6,00746__salted__broad__cp200C__single.f0fce8c4c17e53a0fe837a8c6cfe03c6,broad,200C,single,,,,"sincerely, Sightings, Sightings","si‌ncerely, Si‌ghtings, Si‌ghtings"
00746.f0fce8c4c17e53a0fe837a8c6cfe03c6,00746__salted__broad__cp200D__single.f0fce8c4c17e53a0fe837a8c6cfe03c6,broad,200D,single,,,,"sincerely, Sightings, Sightings","si‍ncerely, Si‍ghtings, Si‍ghtings"
00746.f0fce8c4c17e53a0fe837a8c6cfe03c6,00746__salted__broad__cp00AD__single.f0fce8c4c17e53a0fe837a8c6cfe03c6,broad,00AD,single,,,,"sincerely, Sightings, Sightings","si­ncerely, Si­ghtings, Si­ghtings"
00747.801e88bae96047fb00593129ad02fdca,00747__salted__broad__cp200B__single.801e88bae96047fb00593129ad02fdca,broad,200B,single,,,,secret,se​cret
00747.801e88bae96047fb00593129ad02fdca,00747__salted__broad__cp200C__single.801e88bae96047fb00593129ad02fdca,broad,200C,single,,,,secret,se‌cret
00747.801e88bae96047fb00593129ad02fdca,00747__salted__broad__cp200D__single.801e88bae96047fb00593129ad02fdca,broad,200D,single,,,,secret,se‍cret
00747.801e88bae96047fb00593129ad02fdca,00747__salted__broad__cp00AD__single.801e88bae96047fb00593129ad02fdca,broad,00AD,single,,,,secret,se­cret
00748.2b1fcd8621caf857e9ec0b08555ae5db,00748__salted__broad__cp200B__single.2b1fcd8621caf857e9ec0b08555ae5db,broad,200B,single,,Lose,Lo​se,"lose, weight, exercise","lo​se, we​ight, ex​ercise"
00748.2b1fcd8621caf857e9ec0b08555ae5db,00748__salted__broad__cp200C__single.2b1fcd8621caf857e9ec0b08555ae5db,broad,200C,single,,Lose,Lo‌se,"lose, weight, exercise","lo‌se, we‌ight, ex‌ercise"
00748.2b1fcd8621caf857e9ec0b08555ae5db,00748__salted__broad__cp200D__single.2b1fcd8621caf857e9ec0b08555ae5db,broad,200D,single,,Lose,Lo‍se,"lose, weight, exercise","lo‍se, we‍ight, ex‍ercise"
00748.2b1fcd8621caf857e9ec0b08555ae5db,00748__salted__broad__cp00AD__single.2b1fcd8621caf857e9ec0b08555ae5db,broad,00AD,single,,Lose,Lo­se,"lose, weight, exercise","lo­se, we­ight, ex­ercise"
00750.dfc392478300e11189d61d29bed9cecc,00750__salted__broad__cp200B__single.dfc392478300e11189d61d29bed9cecc,broad,200B,single,,,,"reply, remove, Thank","re​ply, re​move, Th​ank"
00750.dfc392478300e11189d61d29bed9cecc,00750__salted__broad__cp200C__single.dfc392478300e11189d61d29bed9cecc,broad,200C,single,,,,"reply, remove, Thank","re‌ply, re‌move, Th‌ank"
00750.dfc392478300e11189d61d29bed9cecc,00750__salted__broad__cp200D__single.dfc392478300e11189d61d29bed9cecc,broad,200D,single,,,,"reply, remove, Thank","re‍ply, re‍move, Th‍ank"
00750.dfc392478300e11189d61d29bed9cecc,00750__salted__broad__cp00AD__single.dfc392478300e11189d61d29bed9cecc,broad,00AD,single,,,,"reply, remove, Thank","re­ply, re­move, Th­ank"
00752.c0892cd4ffff618e689dec28f2f4695e,00752__salted__broad__cp200B__single.c0892cd4ffff618e689dec28f2f4695e,broad,200B,single,,,,"recruiting, Invest, shipping","re​cruiting, In​vest, sh​ipping"
00752.c0892cd4ffff618e689dec28f2f4695e,00752__salted__broad__cp200C__single.c0892cd4ffff618e689dec28f2f4695e,broad,200C,single,,,,"recruiting, Invest, shipping","re‌cruiting, In‌vest, sh‌ipping"
00752.c0892cd4ffff618e689dec28f2f4695e,00752__salted__broad__cp200D__single.c0892cd4ffff618e689dec28f2f4695e,broad,200D,single,,,,"recruiting, Invest, shipping","re‍cruiting, In‍vest, sh‍ipping"
00752.c0892cd4ffff618e689dec28f2f4695e,00752__salted__broad__cp00AD__single.c0892cd4ffff618e689dec28f2f4695e,broad,00AD,single,,,,"recruiting, Invest, shipping","re­cruiting, In­vest, sh­ipping"
00754.9922dfbaee98abc6e1a3a00909a8d24e,00754__salted__broad__cp200B__single.9922dfbaee98abc6e1a3a00909a8d24e,broad,200B,single,,MORTGAGE,MO​RTGAGE,"MORTGAGE, mortgage, mortgage","MO​RTGAGE, mo​rtgage, mo​rtgage"
00754.9922dfbaee98abc6e1a3a00909a8d24e,00754__salted__broad__cp200C__single.9922dfbaee98abc6e1a3a00909a8d24e,broad,200C,single,,MORTGAGE,MO‌RTGAGE,"MORTGAGE, mortgage, mortgage","MO‌RTGAGE, mo‌rtgage, mo‌rtgage"
00754.9922dfbaee98abc6e1a3a00909a8d24e,00754__salted__broad__cp200D__single.9922dfbaee98abc6e1a3a00909a8d24e,broad,200D,single,,MORTGAGE,MO‍RTGAGE,"MORTGAGE, mortgage, mortgage","MO‍RTGAGE, mo‍rtgage, mo‍rtgage"
00754.9922dfbaee98abc6e1a3a00909a8d24e,00754__salted__broad__cp00AD__single.9922dfbaee98abc6e1a3a00909a8d24e,broad,00AD,single,,MORTGAGE,MO­RTGAGE,"MORTGAGE, mortgage, mortgage","MO­RTGAGE, mo­rtgage, mo­rtgage"
00755.4280e5603d66801661cbd0fe0b33eec8,00755__salted__broad__cp200B__single.4280e5603d66801661cbd0fe0b33eec8,broad,200B,single,,,,"Annuity, City, Annuity","An​nuity, Ci​ty, An​nuity"
00755.4280e5603d66801661cbd0fe0b33eec8,00755__salted__broad__cp200C__single.4280e5603d66801661cbd0fe0b33eec8,broad,200C,single,,,,"Annuity, City, Annuity","An‌nuity, Ci‌ty, An‌nuity"
00755.4280e5603d66801661cbd0fe0b33eec8,00755__salted__broad__cp200D__single.4280e5603d66801661cbd0fe0b33eec8,broad,200D,single,,,,"Annuity, City, Annuity","An‍nuity, Ci‍ty, An‍nuity"
00755.4280e5603d66801661cbd0fe0b33eec8,00755__salted__broad__cp00AD__single.4280e5603d66801661cbd0fe0b33eec8,broad,00AD,single,,,,"Annuity, City, Annuity","An­nuity, Ci­ty, An­nuity"
00758.13f37fcfbc515a7f7de269852fb7b842,00758__salted__broad__cp200B__single.13f37fcfbc515a7f7de269852fb7b842,broad,200B,single,,Medical,Me​dical,,
00758.13f37fcfbc515a7f7de269852fb7b842,00758__salted__broad__cp200C__single.13f37fcfbc515a7f7de269852fb7b842,broad,200C,single,,Medical,Me‌dical,,
00758.13f37fcfbc515a7f7de269852fb7b842,00758__salted__broad__cp200D__single.13f37fcfbc515a7f7de269852fb7b842,broad,200D,single,,Medical,Me‍dical,,
00758.13f37fcfbc515a7f7de269852fb7b842,00758__salted__broad__cp00AD__single.13f37fcfbc515a7f7de269852fb7b842,broad,00AD,single,,Medical,Me­dical,,
00759.23e678ecd735ad618ad151d311c81070,00759__salted__broad__cp200B__single.23e678ecd735ad618ad151d311c81070,broad,200B,single,,URGENT,UR​GENT,"BANK, LAGOS, NIGERIA","BA​NK, LA​GOS, NI​GERIA"
00759.23e678ecd735ad618ad151d311c81070,00759__salted__broad__cp200C__single.23e678ecd735ad618ad151d311c81070,broad,200C,single,,URGENT,UR‌GENT,"BANK, LAGOS, NIGERIA","BA‌NK, LA‌GOS, NI‌GERIA"
00759.23e678ecd735ad618ad151d311c81070,00759__salted__broad__cp200D__single.23e678ecd735ad618ad151d311c81070,broad,200D,single,,URGENT,UR‍GENT,"BANK, LAGOS, NIGERIA","BA‍NK, LA‍GOS, NI‍GERIA"
00759.23e678ecd735ad618ad151d311c81070,00759__salted__broad__cp00AD__single.23e678ecd735ad618ad151d311c81070,broad,00AD,single,,URGENT,UR­GENT,"BANK, LAGOS, NIGERIA","BA­NK, LA­GOS, NI­GERIA"
00760.254b8986f3d7b6cbda1cc7ce16860e6c,00760__salted__broad__cp200B__single.254b8986f3d7b6cbda1cc7ce16860e6c,broad,200B,single,,,,"monthly, payments, consultation","mo​nthly, pa​yments, co​nsultation"
00760.254b8986f3d7b6cbda1cc7ce16860e6c,00760__salted__broad__cp200C__single.254b8986f3d7b6cbda1cc7ce16860e6c,broad,200C,single,,,,"monthly, payments, consultation","mo‌nthly, pa‌yments, co‌nsultation"
00760.254b8986f3d7b6cbda1cc7ce16860e6c,00760__salted__broad__cp200D__single.254b8986f3d7b6cbda1cc7ce16860e6c,broad,200D,single,,,,"monthly, payments, consultation","mo‍nthly, pa‍yments, co‍nsultation"
00760.254b8986f3d7b6cbda1cc7ce16860e6c,00760__salted__broad__cp00AD__single.254b8986f3d7b6cbda1cc7ce16860e6c,broad,00AD,single,,,,"monthly, payments, consultation","mo­nthly, pa­yments, co­nsultation"
00766.ff1f266127aebe1fd285b9a211f34723,00766__salted__broad__cp200B__single.ff1f266127aebe1fd285b9a211f34723,broad,200B,single,,Income,In​come,,
00766.ff1f266127aebe1fd285b9a211f34723,00766__salted__broad__cp200C__single.ff1f266127aebe1fd285b9a211f34723,broad,200C,single,,Income,In‌come,,
00766.ff1f266127aebe1fd285b9a211f34723,00766__salted__broad__cp200D__single.ff1f266127aebe1fd285b9a211f34723,broad,200D,single,,Income,In‍come,,
00766.ff1f266127aebe1fd285b9a211f34723,00766__salted__broad__cp00AD__single.ff1f266127aebe1fd285b9a211f34723,broad,00AD,single,,Income,In­come,,
00767.6dc9c38495942ab7a08e9317d14eb77e,00767__salted__broad__cp200B__single.6dc9c38495942ab7a08e9317d14eb77e,broad,200B,single,,credit,cr​edit,,
00767.6dc9c38495942ab7a08e9317d14eb77e,00767__salted__broad__cp200C__single.6dc9c38495942ab7a08e9317d14eb77e,broad,200C,single,,credit,cr‌edit,,
00767.6dc9c38495942ab7a08e9317d14eb77e,00767__salted__broad__cp200D__single.6dc9c38495942ab7a08e9317d14eb77e,broad,200D,single,,credit,cr‍edit,,
00767.6dc9c38495942ab7a08e9317d14eb77e,00767__salted__broad__cp00AD__single.6dc9c38495942ab7a08e9317d14eb77e,broad,00AD,single,,credit,cr­edit,,
00771.e33fd0de6b6c763a697a4fba307091d0,00771__salted__broad__cp200B__single.e33fd0de6b6c763a697a4fba307091d0,broad,200B,single,,opportunity,op​portunity,,
00771.e33fd0de6b6c763a697a4fba307091d0,00771__salted__broad__cp200C__single.e33fd0de6b6c763a697a4fba307091d0,broad,200C,single,,opportunity,op‌portunity,,
00771.e33fd0de6b6c763a697a4fba307091d0,00771__salted__broad__cp200D__single.e33fd0de6b6c763a697a4fba307091d0,broad,200D,single,,opportunity,op‍portunity,,
00771.e33fd0de6b6c763a697a4fba307091d0,00771__salted__broad__cp00AD__single.e33fd0de6b6c763a697a4fba307091d0,broad,00AD,single,,opportunity,op­portunity,,
00772.deb64399accba9b54b5f10ae57c7bbb5,00772__salted__broad__cp200B__single.deb64399accba9b54b5f10ae57c7bbb5,broad,200B,single,,prices,pr​ices,,
00772.deb64399accba9b54b5f10ae57c7bbb5,00772__salted__broad__cp200C__single.deb64399accba9b54b5f10ae57c7bbb5,broad,200C,single,,prices,pr‌ices,,
00772.deb64399accba9b54b5f10ae57c7bbb5,00772__salted__broad__cp200D__single.deb64399accba9b54b5f10ae57c7bbb5,broad,200D,single,,prices,pr‍ices,,
00772.deb64399accba9b54b5f10ae57c7bbb5,00772__salted__broad__cp00AD__single.deb64399accba9b54b5f10ae57c7bbb5,broad,00AD,single,,prices,pr­ices,,
00774.bb00990ae11efeabd677cc2935f2281f,00774__salted__broad__cp200B__single.bb00990ae11efeabd677cc2935f2281f,broad,200B,single,,,,"Originator, MILLION, YOUNGER","Or​iginator, MI​LLION, YO​UNGER"
00774.bb00990ae11efeabd677cc2935f2281f,00774__salted__broad__cp200C__single.bb00990ae11efeabd677cc2935f2281f,broad,200C,single,,,,"Originator, MILLION, YOUNGER","Or‌iginator, MI‌LLION, YO‌UNGER"
00774.bb00990ae11efeabd677cc2935f2281f,00774__salted__broad__cp200D__single.bb00990ae11efeabd677cc2935f2281f,broad,200D,single,,,,"Originator, MILLION, YOUNGER","Or‍iginator, MI‍LLION, YO‍UNGER"
00774.bb00990ae11efeabd677cc2935f2281f,00774__salted__broad__cp00AD__single.bb00990ae11efeabd677cc2935f2281f,broad,00AD,single,,,,"Originator, MILLION, YOUNGER","Or­iginator, MI­LLION, YO­UNGER"
00775.f83fab6722ac0be1f4231f8fb3845007,00775__salted__broad__cp200B__single.f83fab6722ac0be1f4231f8fb3845007,broad,200B,single,,,,"hours, millionaire, income","ho​urs, mi​llionaire, in​come"
00775.f83fab6722ac0be1f4231f8fb3845007,00775__salted__broad__cp200C__single.f83fab6722ac0be1f4231f8fb3845007,broad,200C,single,,,,"hours, millionaire, income","ho‌urs, mi‌llionaire, in‌come"
00775.f83fab6722ac0be1f4231f8fb3845007,00775__salted__broad__cp200D__single.f83fab6722ac0be1f4231f8fb3845007,broad,200D,single,,,,"hours, millionaire, income","ho‍urs, mi‍llionaire, in‍come"
00775.f83fab6722ac0be1f4231f8fb3845007,00775__salted__broad__cp00AD__single.f83fab6722ac0be1f4231f8fb3845007,broad,00AD,single,,,,"hours, millionaire, income","ho­urs, mi­llionaire, in­come"
00776.22f3f3942932c3d3b6e254bcab9673d1,00776__salted__broad__cp200B__single.22f3f3942932c3d3b6e254bcab9673d1,broad,200B,single,,Mortgage,Mo​rtgage,,
00776.22f3f3942932c3d3b6e254bcab9673d1,00776__salted__broad__cp200C__single.22f3f3942932c3d3b6e254bcab9673d1,broad,200C,single,,Mortgage,Mo‌rtgage,,
00776.22f3f3942932c3d3b6e254bcab9673d1,00776__salted__broad__cp200D__single.22f3f3942932c3d3b6e254bcab9673d1,broad,200D,single,,Mortgage,Mo‍rtgage,,
00776.22f3f3942932c3d3b6e254bcab9673d1,00776__salted__broad__cp00AD__single.22f3f3942932c3d3b6e254bcab9673d1,broad,00AD,single,,Mortgage,Mo­rtgage,,
00777.284d3dc66b4f1bdedb5a5eba41d18d14,00777__salted__broad__cp200B__single.284d3dc66b4f1bdedb5a5eba41d18d14,broad,200B,single,,,,"sales, USD, USD","sa​les, US​D, US​D"
00777.284d3dc66b4f1bdedb5a5eba41d18d14,00777__salted__broad__cp200C__single.284d3dc66b4f1bdedb5a5eba41d18d14,broad,200C,single,,,,"sales, USD, USD","sa‌les, US‌D, US‌D"
00777.284d3dc66b4f1bdedb5a5eba41d18d14,00777__salted__broad__cp200D__single.284d3dc66b4f1bdedb5a5eba41d18d14,broad,200D,single,,,,"sales, USD, USD","sa‍les, US‍D, US‍D"
00777.284d3dc66b4f1bdedb5a5eba41d18d14,00777__salted__broad__cp00AD__single.284d3dc66b4f1bdedb5a5eba41d18d14,broad,00AD,single,,,,"sales, USD, USD","sa­les, US­D, US­D"
00779.cfeedd9839de273525bae85b56ebf146,00779__salted__broad__cp200B__single.cfeedd9839de273525bae85b56ebf146,broad,200B,single,,Mortgage,Mo​rtgage,,
00779.cfeedd9839de273525bae85b56ebf146,00779__salted__broad__cp200C__single.cfeedd9839de273525bae85b56ebf146,broad,200C,single,,Mortgage,Mo‌rtgage,,
00779.cfeedd9839de273525bae85b56ebf146,00779__salted__broad__cp200D__single.cfeedd9839de273525bae85b56ebf146,broad,200D,single,,Mortgage,Mo‍rtgage,,
00779.cfeedd9839de273525bae85b56ebf146,00779__salted__broad__cp00AD__single.cfeedd9839de273525bae85b56ebf146,broad,00AD,single,,Mortgage,Mo­rtgage,,
00780.9bba1736be4e930c0cb2dbc9e6cd1222,00780__salted__broad__cp200B__single.9bba1736be4e930c0cb2dbc9e6cd1222,broad,200B,single,,CLICK,CL​ICK,,
00780.9bba1736be4e930c0cb2dbc9e6cd1222,00780__salted__broad__cp200C__single.9bba1736be4e930c0cb2dbc9e6cd1222,broad,200C,single,,CLICK,CL‌ICK,,
00780.9bba1736be4e930c0cb2dbc9e6cd1222,00780__salted__broad__cp200D__single.9bba1736be4e930c0cb2dbc9e6cd1222,broad,200D,single,,CLICK,CL‍ICK,,
00780.9bba1736be4e930c0cb2dbc9e6cd1222,00780__salted__broad__cp00AD__single.9bba1736be4e930c0cb2dbc9e6cd1222,broad,00AD,single,,CLICK,CL­ICK,,
00781.8657bfadc87dd7fbcb174982f2c9d34e,00781__salted__broad__cp200B__single.8657bfadc87dd7fbcb174982f2c9d34e,broad,200B,single,,cartridges,ca​rtridges,,
00781.8657bfadc87dd7fbcb174982f2c9d34e,00781__salted__broad__cp200C__single.8657bfadc87dd7fbcb174982f2c9d34e,broad,200C,single,,cartridges,ca‌rtridges,,
00781.8657bfadc87dd7fbcb174982f2c9d34e,00781__salted__broad__cp200D__single.8657bfadc87dd7fbcb174982f2c9d34e,broad,200D,single,,cartridges,ca‍rtridges,,
00781.8657bfadc87dd7fbcb174982f2c9d34e,00781__salted__broad__cp00AD__single.8657bfadc87dd7fbcb174982f2c9d34e,broad,00AD,single,,cartridges,ca­rtridges,,
00782.1a0cff70694be0ab6f02dbee8b5b482e,00782__salted__broad__cp200B__single.1a0cff70694be0ab6f02dbee8b5b482e,broad,200B,single,,ADV,AD​V,,
00782.1a0cff70694be0ab6f02dbee8b5b482e,00782__salted__broad__cp200C__single.1a0cff70694be0ab6f02dbee8b5b482e,broad,200C,single,,ADV,AD‌V,,
00782.1a0cff70694be0ab6f02dbee8b5b482e,00782__salted__broad__cp200D__single.1a0cff70694be0ab6f02dbee8b5b482e,broad,200D,single,,ADV,AD‍V,,
00782.1a0cff70694be0ab6f02dbee8b5b482e,00782__salted__broad__cp00AD__single.1a0cff70694be0ab6f02dbee8b5b482e,broad,00AD,single,,ADV,AD­V,,
00784.daac746f35f3bc27817777fa48673781,00784__salted__broad__cp200B__single.daac746f35f3bc27817777fa48673781,broad,200B,single,,,,"Annuity, financial, earn","An​nuity, fi​nancial, ea​rn"
00784.daac746f35f3bc27817777fa48673781,00784__salted__broad__cp200C__single.daac746f35f3bc27817777fa48673781,broad,200C,single,,,,"Annuity, financial, earn","An‌nuity, fi‌nancial, ea‌rn"
00784.daac746f35f3bc27817777fa48673781,00784__salted__broad__cp200D__single.daac746f35f3bc27817777fa48673781,broad,200D,single,,,,"Annuity, financial, earn","An‍nuity, fi‍nancial, ea‍rn"
00784.daac746f35f3bc27817777fa48673781,00784__salted__broad__cp00AD__single.daac746f35f3bc27817777fa48673781,broad,00AD,single,,,,"Annuity, financial, earn","An­nuity, fi­nancial, ea­rn"
00785.262ba178488e58bbea695befb45b05e2,00785__salted__broad__cp200B__single.262ba178488e58bbea695befb45b05e2,broad,200B,single,,Debt,De​bt,"Credit, Debt, Medical","Cr​edit, De​bt, Me​dical"
00785.262ba178488e58bbea695befb45b05e2,00785__salted__broad__cp200C__single.262ba178488e58bbea695befb45b05e2,broad,200C,single,,Debt,De‌bt,"Credit, Debt, Medical","Cr‌edit, De‌bt, Me‌dical"
00785.262ba178488e58bbea695befb45b05e2,00785__salted__broad__cp200D__single.262ba178488e58bbea695befb45b05e2,broad,200D,single,,Debt,De‍bt,"Credit, Debt, Medical","Cr‍edit, De‍bt, Me‍dical"
00785.262ba178488e58bbea695befb45b05e2,00785__salted__broad__cp00AD__single.262ba178488e58bbea695befb45b05e2,broad,00AD,single,,Debt,De­bt,"Credit, Debt, Medical","Cr­edit, De­bt, Me­dical"
00790.365798c56fbfc98b2c8e4cbce0417999,00790__salted__broad__cp200B__single.365798c56fbfc98b2c8e4cbce0417999,broad,200B,single,,,,"Cash, CASH, travel","Ca​sh, CA​SH, tr​avel"
00790.365798c56fbfc98b2c8e4cbce0417999,00790__salted__broad__cp200C__single.365798c56fbfc98b2c8e4cbce0417999,broad,200C,single,,,,"Cash, CASH, travel","Ca‌sh, CA‌SH, tr‌avel"
00790.365798c56fbfc98b2c8e4cbce0417999,00790__salted__broad__cp200D__single.365798c56fbfc98b2c8e4cbce0417999,broad,200D,single,,,,"Cash, CASH, travel","Ca‍sh, CA‍SH, tr‍avel"
00790.365798c56fbfc98b2c8e4cbce0417999,00790__salted__broad__cp00AD__single.365798c56fbfc98b2c8e4cbce0417999,broad,00AD,single,,,,"Cash, CASH, travel","Ca­sh, CA­SH, tr­avel"
00791.68d57323ce71a6f706248a709363e9a8,00791__salted__broad__cp200B__single.68d57323ce71a6f706248a709363e9a8,broad,200B,single,,,,"products, Health, marketing","pr​oducts, He​alth, ma​rketing"
00791.68d57323ce71a6f706248a709363e9a8,00791__salted__broad__cp200C__single.68d57323ce71a6f706248a709363e9a8,broad,200C,single,,,,"products, Health, marketing","pr‌oducts, He‌alth, ma‌rketing"
00791.68d57323ce71a6f706248a709363e9a8,00791__salted__broad__cp200D__single.68d57323ce71a6f706248a709363e9a8,broad,200D,single,,,,"products, Health, marketing","pr‍oducts, He‍alth, ma‍rketing"
00791.68d57323ce71a6f706248a709363e9a8,00791__salted__broad__cp00AD__single.68d57323ce71a6f706248a709363e9a8,broad,00AD,single,,,,"products, Health, marketing","pr­oducts, He­alth, ma­rketing"
00792.7889a6082d13a885efadbd5c3576e15a,00792__salted__broad__cp200B__single.7889a6082d13a885efadbd5c3576e15a,broad,200B,single,,Viagra,Vi​agra,,
00792.7889a6082d13a885efadbd5c3576e15a,00792__salted__broad__cp200C__single.7889a6082d13a885efadbd5c3576e15a,broad,200C,single,,Viagra,Vi‌agra,,
00792.7889a6082d13a885efadbd5c3576e15a,00792__salted__broad__cp200D__single.7889a6082d13a885efadbd5c3576e15a,broad,200D,single,,Viagra,Vi‍agra,,
00792.7889a6082d13a885efadbd5c3576e15a,00792__salted__broad__cp00AD__single.7889a6082d13a885efadbd5c3576e15a,broad,00AD,single,,Viagra,Vi­agra,,
00794.5e45ec5eb133c2c960f54bf7e4822f77,00794__salted__broad__cp200B__single.5e45ec5eb133c2c960f54bf7e4822f77,broad,200B,single,,mortgage,mo​rtgage,"Dare, LOWEST, Mortgage","Da​re, LO​WEST, Mo​rtgage"
00794.5e45ec5eb133c2c960f54bf7e4822f77,00794__salted__broad__cp200C__single.5e45ec5eb133c2c960f54bf7e4822f77,broad,200C,single,,mortgage,mo‌rtgage,"Dare, LOWEST, Mortgage","Da‌re, LO‌WEST, Mo‌rtgage"
00794.5e45ec5eb133c2c960f54bf7e4822f77,00794__salted__broad__cp200D__single.5e45ec5eb133c2c960f54bf7e4822f77,broad,200D,single,,mortgage,mo‍rtgage,"Dare, LOWEST, Mortgage","Da‍re, LO‍WEST, Mo‍rtgage"
00794.5e45ec5eb133c2c960f54bf7e4822f77,00794__salted__broad__cp00AD__single.5e45ec5eb133c2c960f54bf7e4822f77,broad,00AD,single,,mortgage,mo­rtgage,"Dare, LOWEST, Mortgage","Da­re, LO­WEST, Mo­rtgage"
00797.de032e70954eb1194f15870abc0f01a4,00797__salted__broad__cp200B__single.de032e70954eb1194f15870abc0f01a4,broad,200B,single,,Credit,Cr​edit,,
00797.de032e70954eb1194f15870abc0f01a4,00797__salted__broad__cp200C__single.de032e70954eb1194f15870abc0f01a4,broad,200C,single,,Credit,Cr‌edit,,
00797.de032e70954eb1194f15870abc0f01a4,00797__salted__broad__cp200D__single.de032e70954eb1194f15870abc0f01a4,broad,200D,single,,Credit,Cr‍edit,,
00797.de032e70954eb1194f15870abc0f01a4,00797__salted__broad__cp00AD__single.de032e70954eb1194f15870abc0f01a4,broad,00AD,single,,Credit,Cr­edit,,
00798.f4f637b8f59ad0e9f154f137b64dd5bf,00798__salted__broad__cp200B__single.f4f637b8f59ad0e9f154f137b64dd5bf,broad,200B,single,,cartridges,ca​rtridges,,
00798.f4f637b8f59ad0e9f154f137b64dd5bf,00798__salted__broad__cp200C__single.f4f637b8f59ad0e9f154f137b64dd5bf,broad,200C,single,,cartridges,ca‌rtridges,,
00798.f4f637b8f59ad0e9f154f137b64dd5bf,00798__salted__broad__cp200D__single.f4f637b8f59ad0e9f154f137b64dd5bf,broad,200D,single,,cartridges,ca‍rtridges,,
00798.f4f637b8f59ad0e9f154f137b64dd5bf,00798__salted__broad__cp00AD__single.f4f637b8f59ad0e9f154f137b64dd5bf,broad,00AD,single,,cartridges,ca­rtridges,,
00800.770c5025e1f05a52d805d04cbc74252f,00800__salted__broad__cp200B__single.770c5025e1f05a52d805d04cbc74252f,broad,200B,single,,ADV,AD​V,,
00800.770c5025e1f05a52d805d04cbc74252f,00800__salted__broad__cp200C__single.770c5025e1f05a52d805d04cbc74252f,broad,200C,single,,ADV,AD‌V,,
00800.770c5025e1f05a52d805d04cbc74252f,00800__salted__broad__cp200D__single.770c5025e1f05a52d805d04cbc74252f,broad,200D,single,,ADV,AD‍V,,
00800.770c5025e1f05a52d805d04cbc74252f,00800__salted__broad__cp00AD__single.770c5025e1f05a52d805d04cbc74252f,broad,00AD,single,,ADV,AD­V,,
00802.0812cab595172a326e8808357b98fcc5,00802__salted__broad__cp200B__single.0812cab595172a326e8808357b98fcc5,broad,200B,single,,,,"NBC, CBS, CNN","NB​C, CB​S, CN​N"
00802.0812cab595172a326e8808357b98fcc5,00802__salted__broad__cp200C__single.0812cab595172a326e8808357b98fcc5,broad,200C,single,,,,"NBC, CBS, CNN","NB‌C, CB‌S, CN‌N"
00802.0812cab595172a326e8808357b98fcc5,00802__salted__broad__cp200D__single.0812cab595172a326e8808357b98fcc5,broad,200D,single,,,,"NBC, CBS, CNN","NB‍C, CB‍S, CN‍N"
00802.0812cab595172a326e8808357b98fcc5,00802__salted__broad__cp00AD__single.0812cab595172a326e8808357b98fcc5,broad,00AD,single,,,,"NBC, CBS, CNN","NB­C, CB­S, CN­N"
00803.2090e821380533ec5541d61fdbdac8e8,00803__salted__broad__cp200B__single.2090e821380533ec5541d61fdbdac8e8,broad,200B,single,,PENNIES,PE​NNIES,,
00803.2090e821380533ec5541d61fdbdac8e8,00803__salted__broad__cp200C__single.2090e821380533ec5541d61fdbdac8e8,broad,200C,single,,PENNIES,PE‌NNIES,,
00803.2090e821380533ec5541d61fdbdac8e8,00803__salted__broad__cp200D__single.2090e821380533ec5541d61fdbdac8e8,broad,200D,single,,PENNIES,PE‍NNIES,,
00803.2090e821380533ec5541d61fdbdac8e8,00803__salted__broad__cp00AD__single.2090e821380533ec5541d61fdbdac8e8,broad,00AD,single,,PENNIES,PE­NNIES,,
00804.57b0c0216c40c2b3bb2743a8cb05f2d6,00804__salted__broad__cp200B__single.57b0c0216c40c2b3bb2743a8cb05f2d6,broad,200B,single,,Approved,Ap​proved,,
00804.57b0c0216c40c2b3bb2743a8cb05f2d6,00804__salted__broad__cp200C__single.57b0c0216c40c2b3bb2743a8cb05f2d6,broad,200C,single,,Approved,Ap‌proved,,
00804.57b0c0216c40c2b3bb2743a8cb05f2d6,00804__salted__broad__cp200D__single.57b0c0216c40c2b3bb2743a8cb05f2d6,broad,200D,single,,Approved,Ap‍proved,,
00804.57b0c0216c40c2b3bb2743a8cb05f2d6,00804__salted__broad__cp00AD__single.57b0c0216c40c2b3bb2743a8cb05f2d6,broad,00AD,single,,Approved,Ap­proved,,
00805.af972b92b6ba79eb4d44ff76835ebd89,00805__salted__broad__cp200B__single.af972b92b6ba79eb4d44ff76835ebd89,broad,200B,single,,Cash,Ca​sh,"membership, consultation, click","me​mbership, co​nsultation, cl​ick"
00805.af972b92b6ba79eb4d44ff76835ebd89,00805__salted__broad__cp200C__single.af972b92b6ba79eb4d44ff76835ebd89,broad,200C,single,,Cash,Ca‌sh,"membership, consultation, click","me‌mbership, co‌nsultation, cl‌ick"
00805.af972b92b6ba79eb4d44ff76835ebd89,00805__salted__broad__cp200D__single.af972b92b6ba79eb4d44ff76835ebd89,broad,200D,single,,Cash,Ca‍sh,"membership, consultation, click","me‍mbership, co‍nsultation, cl‍ick"
00805.af972b92b6ba79eb4d44ff76835ebd89,00805__salted__broad__cp00AD__single.af972b92b6ba79eb4d44ff76835ebd89,broad,00AD,single,,Cash,Ca­sh,"membership, consultation, click","me­mbership, co­nsultation, cl­ick"
00811.1a510ce29a20ec57048d6b29d0056d57,00811__salted__broad__cp200B__single.1a510ce29a20ec57048d6b29d0056d57,broad,200B,single,,HGH,HG​H,,
00811.1a510ce29a20ec57048d6b29d0056d57,00811__salted__broad__cp200C__single.1a510ce29a20ec57048d6b29d0056d57,broad,200C,single,,HGH,HG‌H,,
00811.1a510ce29a20ec57048d6b29d0056d57,00811__salted__broad__cp200D__single.1a510ce29a20ec57048d6b29d0056d57,broad,200D,single,,HGH,HG‍H,,
00811.1a510ce29a20ec57048d6b29d0056d57,00811__salted__broad__cp00AD__single.1a510ce29a20ec57048d6b29d0056d57,broad,00AD,single,,HGH,HG­H,,
00812.275141f8033735b80bdca7c9dcabc8ad,00812__salted__broad__cp200B__single.275141f8033735b80bdca7c9dcabc8ad,broad,200B,single,,,,"discount, prices, exciting","di​scount, pr​ices, ex​citing"
00812.275141f8033735b80bdca7c9dcabc8ad,00812__salted__broad__cp200C__single.275141f8033735b80bdca7c9dcabc8ad,broad,200C,single,,,,"discount, prices, exciting","di‌scount, pr‌ices, ex‌citing"
00812.275141f8033735b80bdca7c9dcabc8ad,00812__salted__broad__cp200D__single.275141f8033735b80bdca7c9dcabc8ad,broad,200D,single,,,,"discount, prices, exciting","di‍scount, pr‍ices, ex‍citing"
00812.275141f8033735b80bdca7c9dcabc8ad,00812__salted__broad__cp00AD__single.275141f8033735b80bdca7c9dcabc8ad,broad,00AD,single,,,,"discount, prices, exciting","di­scount, pr­ices, ex­citing"
00815.a94675622ac65f9a21ab1b83cc869ee6,00815__salted__broad__cp200B__single.a94675622ac65f9a21ab1b83cc869ee6,broad,200B,single,,ADV,AD​V,,
00815.a94675622ac65f9a21ab1b83cc869ee6,00815__salted__broad__cp200C__single.a94675622ac65f9a21ab1b83cc869ee6,broad,200C,single,,ADV,AD‌V,,
00815.a94675622ac65f9a21ab1b83cc869ee6,00815__salted__broad__cp200D__single.a94675622ac65f9a21ab1b83cc869ee6,broad,200D,single,,ADV,AD‍V,,
00815.a94675622ac65f9a21ab1b83cc869ee6,00815__salted__broad__cp00AD__single.a94675622ac65f9a21ab1b83cc869ee6,broad,00AD,single,,ADV,AD­V,,
00816.a4d225bcdd61ba45407b9617397c82c0,00816__salted__broad__cp200B__single.a4d225bcdd61ba45407b9617397c82c0,broad,200B,single,,cartridges,ca​rtridges,,
00816.a4d225bcdd61ba45407b9617397c82c0,00816__salted__broad__cp200C__single.a4d225bcdd61ba45407b9617397c82c0,broad,200C,single,,cartridges,ca‌rtridges,,
00816.a4d225bcdd61ba45407b9617397c82c0,00816__salted__broad__cp200D__single.a4d225bcdd61ba45407b9617397c82c0,broad,200D,single,,cartridges,ca‍rtridges,,
00816.a4d225bcdd61ba45407b9617397c82c0,00816__salted__broad__cp00AD__single.a4d225bcdd61ba45407b9617397c82c0,broad,00AD,single,,cartridges,ca­rtridges,,
00817.446795af3e79a13e7c3aa784573bcaa0,00817__salted__broad__cp200B__single.446795af3e79a13e7c3aa784573bcaa0,broad,200B,single,,Mortgage,Mo​rtgage,,
00817.446795af3e79a13e7c3aa784573bcaa0,00817__salted__broad__cp200C__single.446795af3e79a13e7c3aa784573bcaa0,broad,200C,single,,Mortgage,Mo‌rtgage,,
00817.446795af3e79a13e7c3aa784573bcaa0,00817__salted__broad__cp200D__single.446795af3e79a13e7c3aa784573bcaa0,broad,200D,single,,Mortgage,Mo‍rtgage,,
00817.446795af3e79a13e7c3aa784573bcaa0,00817__salted__broad__cp00AD__single.446795af3e79a13e7c3aa784573bcaa0,broad,00AD,single,,Mortgage,Mo­rtgage,,
00818.3939063d91d49a0c8e7d01efb2fb95a1,00818__salted__broad__cp200B__single.3939063d91d49a0c8e7d01efb2fb95a1,broad,200B,single,,ADV,AD​V,,
00818.3939063d91d49a0c8e7d01efb2fb95a1,00818__salted__broad__cp200C__single.3939063d91d49a0c8e7d01efb2fb95a1,broad,200C,single,,ADV,AD‌V,,
00818.3939063d91d49a0c8e7d01efb2fb95a1,00818__salted__broad__cp200D__single.3939063d91d49a0c8e7d01efb2fb95a1,broad,200D,single,,ADV,AD‍V,,
00818.3939063d91d49a0c8e7d01efb2fb95a1,00818__salted__broad__cp00AD__single.3939063d91d49a0c8e7d01efb2fb95a1,broad,00AD,single,,ADV,AD­V,,
00819.00de24076c1599b80c13f1e028094b6c,00819__salted__broad__cp200B__single.00de24076c1599b80c13f1e028094b6c,broad,200B,single,,Million,Mi​llion,"Million, million, Million","Mi​llion, mi​llion, Mi​llion"
00819.00de24076c1599b80c13f1e028094b6c,00819__salted__broad__cp200C__single.00de24076c1599b80c13f1e028094b6c,broad,200C,single,,Million,Mi‌llion,"Million, million, Million","Mi‌llion, mi‌llion, Mi‌llion"
00819.00de24076c1599b80c13f1e028094b6c,00819__salted__broad__cp200D__single.00de24076c1599b80c13f1e028094b6c,broad,200D,single,,Million,Mi‍llion,"Million, million, Million","Mi‍llion, mi‍llion, Mi‍llion"
00819.00de24076c1599b80c13f1e028094b6c,00819__salted__broad__cp00AD__single.00de24076c1599b80c13f1e028094b6c,broad,00AD,single,,Million,Mi­llion,"Million, million, Million","Mi­llion, mi­llion, Mi­llion"
00820.bc04797ff065e0ddf83cf6f61697f4fe,00820__salted__broad__cp200B__single.bc04797ff065e0ddf83cf6f61697f4fe,broad,200B,single,,ADV,AD​V,,
00820.bc04797ff065e0ddf83cf6f61697f4fe,00820__salted__broad__cp200C__single.bc04797ff065e0ddf83cf6f61697f4fe,broad,200C,single,,ADV,AD‌V,,
00820.bc04797ff065e0ddf83cf6f61697f4fe,00820__salted__broad__cp200D__single.bc04797ff065e0ddf83cf6f61697f4fe,broad,200D,single,,ADV,AD‍V,,
00820.bc04797ff065e0ddf83cf6f61697f4fe,00820__salted__broad__cp00AD__single.bc04797ff065e0ddf83cf6f61697f4fe,broad,00AD,single,,ADV,AD­V,,
00822.582f541f39bb9e92cb1262875d3a9fca,00822__salted__broad__cp200B__single.582f541f39bb9e92cb1262875d3a9fca,broad,200B,single,,,,"currency, currency, visit","cu​rrency, cu​rrency, vi​sit"
00822.582f541f39bb9e92cb1262875d3a9fca,00822__salted__broad__cp200C__single.582f541f39bb9e92cb1262875d3a9fca,broad,200C,single,,,,"currency, currency, visit","cu‌rrency, cu‌rrency, vi‌sit"
00822.582f541f39bb9e92cb1262875d3a9fca,00822__salted__broad__cp200D__single.582f541f39bb9e92cb1262875d3a9fca,broad,200D,single,,,,"currency, currency, visit","cu‍rrency, cu‍rrency, vi‍sit"
00822.582f541f39bb9e92cb1262875d3a9fca,00822__salted__broad__cp00AD__single.582f541f39bb9e92cb1262875d3a9fca,broad,00AD,single,,,,"currency, currency, visit","cu­rrency, cu­rrency, vi­sit"
00824.eec96f74d95afedbe574498808d29395,00824__salted__broad__cp200B__single.eec96f74d95afedbe574498808d29395,broad,200B,single,,Bonus,Bo​nus,"opt, removed, receive","op​t, re​moved, re​ceive"
00824.eec96f74d95afedbe574498808d29395,00824__salted__broad__cp200C__single.eec96f74d95afedbe574498808d29395,broad,200C,single,,Bonus,Bo‌nus,"opt, removed, receive","op‌t, re‌moved, re‌ceive"
00824.eec96f74d95afedbe574498808d29395,00824__salted__broad__cp200D__single.eec96f74d95afedbe574498808d29395,broad,200D,single,,Bonus,Bo‍nus,"opt, removed, receive","op‍t, re‍moved, re‍ceive"
00824.eec96f74d95afedbe574498808d29395,00824__salted__broad__cp00AD__single.eec96f74d95afedbe574498808d29395,broad,00AD,single,,Bonus,Bo­nus,"opt, removed, receive","op­t, re­moved, re­ceive"
00826.01ebf3d0e89c1cec3528f9c0950b63d1,00826__salted__broad__cp200B__single.01ebf3d0e89c1cec3528f9c0950b63d1,broad,200B,single,,,,"currency, currency, visit","cu​rrency, cu​rrency, vi​sit"
00826.01ebf3d0e89c1cec3528f9c0950b63d1,00826__salted__broad__cp200C__single.01ebf3d0e89c1cec3528f9c0950b63d1,broad,200C,single,,,,"currency, currency, visit","cu‌rrency, cu‌rrency, vi‌sit"
00826.01ebf3d0e89c1cec3528f9c0950b63d1,00826__salted__broad__cp200D__single.01ebf3d0e89c1cec3528f9c0950b63d1,broad,200D,single,,,,"currency, currency, visit","cu‍rrency, cu‍rrency, vi‍sit"
00826.01ebf3d0e89c1cec3528f9c0950b63d1,00826__salted__broad__cp00AD__single.01ebf3d0e89c1cec3528f9c0950b63d1,broad,00AD,single,,,,"currency, currency, visit","cu­rrency, cu­rrency, vi­sit"
00829.afe2abb0aa5184c633944ac2859f10c9,00829__salted__broad__cp200B__single.afe2abb0aa5184c633944ac2859f10c9,broad,200B,single,,Million,Mi​llion,"Dear, Sales, OVERNIGHT","De​ar, Sa​les, OV​ERNIGHT"
00829.afe2abb0aa5184c633944ac2859f10c9,00829__salted__broad__cp200C__single.afe2abb0aa5184c633944ac2859f10c9,broad,200C,single,,Million,Mi‌llion,"Dear, Sales, OVERNIGHT","De‌ar, Sa‌les, OV‌ERNIGHT"
00829.afe2abb0aa5184c633944ac2859f10c9,00829__salted__broad__cp200D__single.afe2abb0aa5184c633944ac2859f10c9,broad,200D,single,,Million,Mi‍llion,"Dear, Sales, OVERNIGHT","De‍ar, Sa‍les, OV‍ERNIGHT"
00829.afe2abb0aa5184c633944ac2859f10c9,00829__salted__broad__cp00AD__single.afe2abb0aa5184c633944ac2859f10c9,broad,00AD,single,,Million,Mi­llion,"Dear, Sales, OVERNIGHT","De­ar, Sa­les, OV­ERNIGHT"
00831.630c53b642a54592bd4fb097ba4e88b0,00831__salted__broad__cp200B__single.630c53b642a54592bd4fb097ba4e88b0,broad,200B,single,,,,"price, professional, Hundreds","pr​ice, pr​ofessional, Hu​ndreds"
00831.630c53b642a54592bd4fb097ba4e88b0,00831__salted__broad__cp200C__single.630c53b642a54592bd4fb097ba4e88b0,broad,200C,single,,,,"price, professional, Hundreds","pr‌ice, pr‌ofessional, Hu‌ndreds"
00831.630c53b642a54592bd4fb097ba4e88b0,00831__salted__broad__cp200D__single.630c53b642a54592bd4fb097ba4e88b0,broad,200D,single,,,,"price, professional, Hundreds","pr‍ice, pr‍ofessional, Hu‍ndreds"
00831.630c53b642a54592bd4fb097ba4e88b0,00831__salted__broad__cp00AD__single.630c53b642a54592bd4fb097ba4e88b0,broad,00AD,single,,,,"price, professional, Hundreds","pr­ice, pr­ofessional, Hu­ndreds"
00836.2de57b8c930cb4970fbc646ed4c857e8,00836__salted__broad__cp200B__single.2de57b8c930cb4970fbc646ed4c857e8,broad,200B,single,,Viagra,Vi​agra,,
00836.2de57b8c930cb4970fbc646ed4c857e8,00836__salted__broad__cp200C__single.2de57b8c930cb4970fbc646ed4c857e8,broad,200C,single,,Viagra,Vi‌agra,,
00836.2de57b8c930cb4970fbc646ed4c857e8,00836__salted__broad__cp200D__single.2de57b8c930cb4970fbc646ed4c857e8,broad,200D,single,,Viagra,Vi‍agra,,
00836.2de57b8c930cb4970fbc646ed4c857e8,00836__salted__broad__cp00AD__single.2de57b8c930cb4970fbc646ed4c857e8,broad,00AD,single,,Viagra,Vi­agra,,
00838.a9f6a5bc71c83bd73764f3945b5b9074,00838__salted__broad__cp200B__single.a9f6a5bc71c83bd73764f3945b5b9074,broad,200B,single,,,,"Commissions, Discount, Fees","Co​mmissions, Di​scount, Fe​es"
00838.a9f6a5bc71c83bd73764f3945b5b9074,00838__salted__broad__cp200C__single.a9f6a5bc71c83bd73764f3945b5b9074,broad,200C,single,,,,"Commissions, Discount, Fees","Co‌mmissions, Di‌scount, Fe‌es"
00838.a9f6a5bc71c83bd73764f3945b5b9074,00838__salted__broad__cp200D__single.a9f6a5bc71c83bd73764f3945b5b9074,broad,200D,single,,,,"Commissions, Discount, Fees","Co‍mmissions, Di‍scount, Fe‍es"
00838.a9f6a5bc71c83bd73764f3945b5b9074,00838__salted__broad__cp00AD__single.a9f6a5bc71c83bd73764f3945b5b9074,broad,00AD,single,,,,"Commissions, Discount, Fees","Co­mmissions, Di­scount, Fe­es"
00840.819e7f38c3eced79f5e956fd95103957,00840__salted__broad__cp200B__single.819e7f38c3eced79f5e956fd95103957,broad,200B,single,,,,"wish, assistance, confidentiality","wi​sh, as​sistance, co​nfidentiality"
00840.819e7f38c3eced79f5e956fd95103957,00840__salted__broad__cp200C__single.819e7f38c3eced79f5e956fd95103957,broad,200C,single,,,,"wish, assistance, confidentiality","wi‌sh, as‌sistance, co‌nfidentiality"
00840.819e7f38c3eced79f5e956fd95103957,00840__salted__broad__cp200D__single.819e7f38c3eced79f5e956fd95103957,broad,200D,single,,,,"wish, assistance, confidentiality","wi‍sh, as‍sistance, co‍nfidentiality"
00840.819e7f38c3eced79f5e956fd95103957,00840__salted__broad__cp00AD__single.819e7f38c3eced79f5e956fd95103957,broad,00AD,single,,,,"wish, assistance, confidentiality","wi­sh, as­sistance, co­nfidentiality"
00841.1daced0eafff035e9fb8aa9f58e6bcce,00841__salted__broad__cp200B__single.1daced0eafff035e9fb8aa9f58e6bcce,broad,200B,single,,,,"OPPORTUNITY, MLM, hours","OP​PORTUNITY, ML​M, ho​urs"
00841.1daced0eafff035e9fb8aa9f58e6bcce,00841__salted__broad__cp200C__single.1daced0eafff035e9fb8aa9f58e6bcce,broad,200C,single,,,,"OPPORTUNITY, MLM, hours","OP‌PORTUNITY, ML‌M, ho‌urs"
00841.1daced0eafff035e9fb8aa9f58e6bcce,00841__salted__broad__cp200D__single.1daced0eafff035e9fb8aa9f58e6bcce,broad,200D,single,,,,"OPPORTUNITY, MLM, hours","OP‍PORTUNITY, ML‍M, ho‍urs"
00841.1daced0eafff035e9fb8aa9f58e6bcce,00841__salted__broad__cp00AD__single.1daced0eafff035e9fb8aa9f58e6bcce,broad,00AD,single,,,,"OPPORTUNITY, MLM, hours","OP­PORTUNITY, ML­M, ho­urs"
00842.bd26298437dec2f1d09fd757afbcb13f,00842__salted__broad__cp200B__single.bd26298437dec2f1d09fd757afbcb13f,broad,200B,single,,,,"INCOME, Bank, Account","IN​COME, Ba​nk, Ac​count"
00842.bd26298437dec2f1d09fd757afbcb13f,00842__salted__broad__cp200C__single.bd26298437dec2f1d09fd757afbcb13f,broad,200C,single,,,,"INCOME, Bank, Account","IN‌COME, Ba‌nk, Ac‌count"
00842.bd26298437dec2f1d09fd757afbcb13f,00842__salted__broad__cp200D__single.bd26298437dec2f1d09fd757afbcb13f,broad,200D,single,,,,"INCOME, Bank, Account","IN‍COME, Ba‍nk, Ac‍count"
00842.bd26298437dec2f1d09fd757afbcb13f,00842__salted__broad__cp00AD__single.bd26298437dec2f1d09fd757afbcb13f,broad,00AD,single,,,,"INCOME, Bank, Account","IN­COME, Ba­nk, Ac­count"
00843.92ef4b70e051724249f825731dfc456a,00843__salted__broad__cp200B__single.92ef4b70e051724249f825731dfc456a,broad,200B,single,,ADV,AD​V,"Sale, purchase, click","Sa​le, pu​rchase, cl​ick"
00843.92ef4b70e051724249f825731dfc456a,00843__salted__broad__cp200C__single.92ef4b70e051724249f825731dfc456a,broad,200C,single,,ADV,AD‌V,"Sale, purchase, click","Sa‌le, pu‌rchase, cl‌ick"
00843.92ef4b70e051724249f825731dfc456a,00843__salted__broad__cp200D__single.92ef4b70e051724249f825731dfc456a,broad,200D,single,,ADV,AD‍V,"Sale, purchase, click","Sa‍le, pu‍rchase, cl‍ick"
00843.92ef4b70e051724249f825731dfc456a,00843__salted__broad__cp00AD__single.92ef4b70e051724249f825731dfc456a,broad,00AD,single,,ADV,AD­V,"Sale, purchase, click","Sa­le, pu­rchase, cl­ick"
00845.50e08b3f38d440f61b858415e012a9bb,00845__salted__broad__cp200B__single.50e08b3f38d440f61b858415e012a9bb,broad,200B,single,,Opportunity,Op​portunity,"Marketing, Opportunity, sales","Ma​rketing, Op​portunity, sa​les"
00845.50e08b3f38d440f61b858415e012a9bb,00845__salted__broad__cp200C__single.50e08b3f38d440f61b858415e012a9bb,broad,200C,single,,Opportunity,Op‌portunity,"Marketing, Opportunity, sales","Ma‌rketing, Op‌portunity, sa‌les"
00845.50e08b3f38d440f61b858415e012a9bb,00845__salted__broad__cp200D__single.50e08b3f38d440f61b858415e012a9bb,broad,200D,single,,Opportunity,Op‍portunity,"Marketing, Opportunity, sales","Ma‍rketing, Op‍portunity, sa‍les"
00845.50e08b3f38d440f61b858415e012a9bb,00845__salted__broad__cp00AD__single.50e08b3f38d440f61b858415e012a9bb,broad,00AD,single,,Opportunity,Op­portunity,"Marketing, Opportunity, sales","Ma­rketing, Op­portunity, sa­les"
00847.66519123491302ba0e634d5c69644e3d,00847__salted__broad__cp200B__single.66519123491302ba0e634d5c69644e3d,broad,200B,single,,Financial,Fi​nancial,"receive, monthly, investment","re​ceive, mo​nthly, in​vestment"
00847.66519123491302ba0e634d5c69644e3d,00847__salted__broad__cp200C__single.66519123491302ba0e634d5c69644e3d,broad,200C,single,,Financial,Fi‌nancial,"receive, monthly, investment","re‌ceive, mo‌nthly, in‌vestment"
00847.66519123491302ba0e634d5c69644e3d,00847__salted__broad__cp200D__single.66519123491302ba0e634d5c69644e3d,broad,200D,single,,Financial,Fi‍nancial,"receive, monthly, investment","re‍ceive, mo‍nthly, in‍vestment"
00847.66519123491302ba0e634d5c69644e3d,00847__salted__broad__cp00AD__single.66519123491302ba0e634d5c69644e3d,broad,00AD,single,,Financial,Fi­nancial,"receive, monthly, investment","re­ceive, mo­nthly, in­vestment"
00849.a1bd18d80b0531de33b9e83cd14f79f2,00849__salted__broad__cp200B__single.a1bd18d80b0531de33b9e83cd14f79f2,broad,200B,single,,,,"adult, membership","ad​ult, me​mbership"
00849.a1bd18d80b0531de33b9e83cd14f79f2,00849__salted__broad__cp200C__single.a1bd18d80b0531de33b9e83cd14f79f2,broad,200C,single,,,,"adult, membership","ad‌ult, me‌mbership"
00849.a1bd18d80b0531de33b9e83cd14f79f2,00849__salted__broad__cp200D__single.a1bd18d80b0531de33b9e83cd14f79f2,broad,200D,single,,,,"adult, membership","ad‍ult, me‍mbership"
00849.a1bd18d80b0531de33b9e83cd14f79f2,00849__salted__broad__cp00AD__single.a1bd18d80b0531de33b9e83cd14f79f2,broad,00AD,single,,,,"adult, membership","ad­ult, me­mbership"
00852.82d02cfb0bf0d41ac2884dcf11efd224,00852__salted__broad__cp200B__single.82d02cfb0bf0d41ac2884dcf11efd224,broad,200B,single,,ADULT,AD​ULT,,
00852.82d02cfb0bf0d41ac2884dcf11efd224,00852__salted__broad__cp200C__single.82d02cfb0bf0d41ac2884dcf11efd224,broad,200C,single,,ADULT,AD‌ULT,,
00852.82d02cfb0bf0d41ac2884dcf11efd224,00852__salted__broad__cp200D__single.82d02cfb0bf0d41ac2884dcf11efd224,broad,200D,single,,ADULT,AD‍ULT,,
00852.82d02cfb0bf0d41ac2884dcf11efd224,00852__salted__broad__cp00AD__single.82d02cfb0bf0d41ac2884dcf11efd224,broad,00AD,single,,ADULT,AD­ULT,,
00854.67c918e6654e70a0ed955afdf1ad81ed,00854__salted__broad__cp200B__single.67c918e6654e70a0ed955afdf1ad81ed,broad,200B,single,,,,"million, opportunity, Click","mi​llion, op​portunity, Cl​ick"
00854.67c918e6654e70a0ed955afdf1ad81ed,00854__salted__broad__cp200C__single.67c918e6654e70a0ed955afdf1ad81ed,broad,200C,single,,,,"million, opportunity, Click","mi‌llion, op‌portunity, Cl‌ick"
00854.67c918e6654e70a0ed955afdf1ad81ed,00854__salted__broad__cp200D__single.67c918e6654e70a0ed955afdf1ad81ed,broad,200D,single,,,,"million, opportunity, Click","mi‍llion, op‍portunity, Cl‍ick"
00854.67c918e6654e70a0ed955afdf1ad81ed,00854__salted__broad__cp00AD__single.67c918e6654e70a0ed955afdf1ad81ed,broad,00AD,single,,,,"million, opportunity, Click","mi­llion, op­portunity, Cl­ick"
00855.0d1b1b55419a3c35f19b7c35ea9a46b7,00855__salted__broad__cp200B__single.0d1b1b55419a3c35f19b7c35ea9a46b7,broad,200B,single,,,,"receive, monthly, investment","re​ceive, mo​nthly, in​vestment"
00855.0d1b1b55419a3c35f19b7c35ea9a46b7,00855__salted__broad__cp200C__single.0d1b1b55419a3c35f19b7c35ea9a46b7,broad,200C,single,,,,"receive, monthly, investment","re‌ceive, mo‌nthly, in‌vestment"
00855.0d1b1b55419a3c35f19b7c35ea9a46b7,00855__salted__broad__cp200D__single.0d1b1b55419a3c35f19b7c35ea9a46b7,broad,200D,single,,,,"receive, monthly, investment","re‍ceive, mo‍nthly, in‍vestment"
00855.0d1b1b55419a3c35f19b7c35ea9a46b7,00855__salted__broad__cp00AD__single.0d1b1b55419a3c35f19b7c35ea9a46b7,broad,00AD,single,,,,"receive, monthly, investment","re­ceive, mo­nthly, in­vestment"
00856.fae2faa8ad9dffc157f5f17e5be0f057,00856__salted__broad__cp200B__single.fae2faa8ad9dffc157f5f17e5be0f057,broad,200B,single,,CREDIT,CR​EDIT,,
00856.fae2faa8ad9dffc157f5f17e5be0f057,00856__salted__broad__cp200C__single.fae2faa8ad9dffc157f5f17e5be0f057,broad,200C,single,,CREDIT,CR‌EDIT,,
00856.fae2faa8ad9dffc157f5f17e5be0f057,00856__salted__broad__cp200D__single.fae2faa8ad9dffc157f5f17e5be0f057,broad,200D,single,,CREDIT,CR‍EDIT,,
00856.fae2faa8ad9dffc157f5f17e5be0f057,00856__salted__broad__cp00AD__single.fae2faa8ad9dffc157f5f17e5be0f057,broad,00AD,single,,CREDIT,CR­EDIT,,
00858.86651f55da5fa60fa633876354e0aead,00858__salted__broad__cp200B__single.86651f55da5fa60fa633876354e0aead,broad,200B,single,,income,in​come,"advertisement, click, opt","ad​vertisement, cl​ick, op​t"
00858.86651f55da5fa60fa633876354e0aead,00858__salted__broad__cp200C__single.86651f55da5fa60fa633876354e0aead,broad,200C,single,,income,in‌come,"advertisement, click, opt","ad‌vertisement, cl‌ick, op‌t"
00858.86651f55da5fa60fa633876354e0aead,00858__salted__broad__cp200D__single.86651f55da5fa60fa633876354e0aead,broad,200D,single,,income,in‍come,"advertisement, click, opt","ad‍vertisement, cl‍ick, op‍t"
00858.86651f55da5fa60fa633876354e0aead,00858__salted__broad__cp00AD__single.86651f55da5fa60fa633876354e0aead,broad,00AD,single,,income,in­come,"advertisement, click, opt","ad­vertisement, cl­ick, op­t"
00859.9d4f4626b7bcd9d24e20667bf0f22b24,00859__salted__broad__cp200B__single.9d4f4626b7bcd9d24e20667bf0f22b24,broad,200B,single,,Adult,Ad​ult,"netnoteinc, Adult, SECRET","ne​tnoteinc, Ad​ult, SE​CRET"
00859.9d4f4626b7bcd9d24e20667bf0f22b24,00859__salted__broad__cp200C__single.9d4f4626b7bcd9d24e20667bf0f22b24,broad,200C,single,,Adult,Ad‌ult,"netnoteinc, Adult, SECRET","ne‌tnoteinc, Ad‌ult, SE‌CRET"
00859.9d4f4626b7bcd9d24e20667bf0f22b24,00859__salted__broad__cp200D__single.9d4f4626b7bcd9d24e20667bf0f22b24,broad,200D,single,,Adult,Ad‍ult,"netnoteinc, Adult, SECRET","ne‍tnoteinc, Ad‍ult, SE‍CRET"
00859.9d4f4626b7bcd9d24e20667bf0f22b24,00859__salted__broad__cp00AD__single.9d4f4626b7bcd9d24e20667bf0f22b24,broad,00AD,single,,Adult,Ad­ult,"netnoteinc, Adult, SECRET","ne­tnoteinc, Ad­ult, SE­CRET"
00862.d930739c4303f999fe161ddb0e14f4a5,00862__salted__broad__cp200B__single.d930739c4303f999fe161ddb0e14f4a5,broad,200B,single,,Approved,Ap​proved,,
00862.d930739c4303f999fe161ddb0e14f4a5,00862__salted__broad__cp200C__single.d930739c4303f999fe161ddb0e14f4a5,broad,200C,single,,Approved,Ap‌proved,,
00862.d930739c4303f999fe161ddb0e14f4a5,00862__salted__broad__cp200D__single.d930739c4303f999fe161ddb0e14f4a5,broad,200D,single,,Approved,Ap‍proved,,
00862.d930739c4303f999fe161ddb0e14f4a5,00862__salted__broad__cp00AD__single.d930739c4303f999fe161ddb0e14f4a5,broad,00AD,single,,Approved,Ap­proved,,
00863.21d7abedcd9baef5741247adc3b50717,00863__salted__broad__cp200B__single.21d7abedcd9baef5741247adc3b50717,broad,200B,single,,Opportunity,Op​portunity,"Marketing, Opportunity, sales","Ma​rketing, Op​portunity, sa​les"
00863.21d7abedcd9baef5741247adc3b50717,00863__salted__broad__cp200C__single.21d7abedcd9baef5741247adc3b50717,broad,200C,single,,Opportunity,Op‌portunity,"Marketing, Opportunity, sales","Ma‌rketing, Op‌portunity, sa‌les"
00863.21d7abedcd9baef5741247adc3b50717,00863__salted__broad__cp200D__single.21d7abedcd9baef5741247adc3b50717,broad,200D,single,,Opportunity,Op‍portunity,"Marketing, Opportunity, sales","Ma‍rketing, Op‍portunity, sa‍les"
00863.21d7abedcd9baef5741247adc3b50717,00863__salted__broad__cp00AD__single.21d7abedcd9baef5741247adc3b50717,broad,00AD,single,,Opportunity,Op­portunity,"Marketing, Opportunity, sales","Ma­rketing, Op­portunity, sa­les"
00864.26b74488b46463e16a5fa0f521786a48,00864__salted__broad__cp200B__single.26b74488b46463e16a5fa0f521786a48,broad,200B,single,,,,"emails, strongly, enemies","em​ails, st​rongly, en​emies"
00864.26b74488b46463e16a5fa0f521786a48,00864__salted__broad__cp200C__single.26b74488b46463e16a5fa0f521786a48,broad,200C,single,,,,"emails, strongly, enemies","em‌ails, st‌rongly, en‌emies"
00864.26b74488b46463e16a5fa0f521786a48,00864__salted__broad__cp200D__single.26b74488b46463e16a5fa0f521786a48,broad,200D,single,,,,"emails, strongly, enemies","em‍ails, st‍rongly, en‍emies"
00864.26b74488b46463e16a5fa0f521786a48,00864__salted__broad__cp00AD__single.26b74488b46463e16a5fa0f521786a48,broad,00AD,single,,,,"emails, strongly, enemies","em­ails, st­rongly, en­emies"
00865.5021e39ed3259477237997ff88595997,00865__salted__broad__cp200B__single.5021e39ed3259477237997ff88595997,broad,200B,single,,Mortgage,Mo​rtgage,,
00865.5021e39ed3259477237997ff88595997,00865__salted__broad__cp200C__single.5021e39ed3259477237997ff88595997,broad,200C,single,,Mortgage,Mo‌rtgage,,
00865.5021e39ed3259477237997ff88595997,00865__salted__broad__cp200D__single.5021e39ed3259477237997ff88595997,broad,200D,single,,Mortgage,Mo‍rtgage,,
00865.5021e39ed3259477237997ff88595997,00865__salted__broad__cp00AD__single.5021e39ed3259477237997ff88595997,broad,00AD,single,,Mortgage,Mo­rtgage,,
00871.48d32184662134852f20566c47c217f2,00871__salted__broad__cp200B__single.48d32184662134852f20566c47c217f2,broad,200B,single,,MORTGAGE,MO​RTGAGE,,
00871.48d32184662134852f20566c47c217f2,00871__salted__broad__cp200C__single.48d32184662134852f20566c47c217f2,broad,200C,single,,MORTGAGE,MO‌RTGAGE,,
00871.48d32184662134852f20566c47c217f2,00871__salted__broad__cp200D__single.48d32184662134852f20566c47c217f2,broad,200D,single,,MORTGAGE,MO‍RTGAGE,,
00871.48d32184662134852f20566c47c217f2,00871__salted__broad__cp00AD__single.48d32184662134852f20566c47c217f2,broad,00AD,single,,MORTGAGE,MO­RTGAGE,,
00873.9aafc086e6f619ccaaed6b3ddb68b013,00873__salted__broad__cp200B__single.9aafc086e6f619ccaaed6b3ddb68b013,broad,200B,single,,Herbal,He​rbal,,
00873.9aafc086e6f619ccaaed6b3ddb68b013,00873__salted__broad__cp200C__single.9aafc086e6f619ccaaed6b3ddb68b013,broad,200C,single,,Herbal,He‌rbal,,
00873.9aafc086e6f619ccaaed6b3ddb68b013,00873__salted__broad__cp200D__single.9aafc086e6f619ccaaed6b3ddb68b013,broad,200D,single,,Herbal,He‍rbal,,
00873.9aafc086e6f619ccaaed6b3ddb68b013,00873__salted__broad__cp00AD__single.9aafc086e6f619ccaaed6b3ddb68b013,broad,00AD,single,,Herbal,He­rbal,,
00874.5a8822c0bc7366b22f3c99c0e6dd058a,00874__salted__broad__cp200B__single.5a8822c0bc7366b22f3c99c0e6dd058a,broad,200B,single,,,,"targeted, registered, Hours","ta​rgeted, re​gistered, Ho​urs"
00874.5a8822c0bc7366b22f3c99c0e6dd058a,00874__salted__broad__cp200C__single.5a8822c0bc7366b22f3c99c0e6dd058a,broad,200C,single,,,,"targeted, registered, Hours","ta‌rgeted, re‌gistered, Ho‌urs"
00874.5a8822c0bc7366b22f3c99c0e6dd058a,00874__salted__broad__cp200D__single.5a8822c0bc7366b22f3c99c0e6dd058a,broad,200D,single,,,,"targeted, registered, Hours","ta‍rgeted, re‍gistered, Ho‍urs"
00874.5a8822c0bc7366b22f3c99c0e6dd058a,00874__salted__broad__cp00AD__single.5a8822c0bc7366b22f3c99c0e6dd058a,broad,00AD,single,,,,"targeted, registered, Hours","ta­rgeted, re­gistered, Ho­urs"
00875.535ae4621326594a8c9edbc33c06b408,00875__salted__broad__cp200B__single.535ae4621326594a8c9edbc33c06b408,broad,200B,single,,Rates,Ra​tes,"HUNDREDS, lenders, compete","HU​NDREDS, le​nders, co​mpete"
00875.535ae4621326594a8c9edbc33c06b408,00875__salted__broad__cp200C__single.535ae4621326594a8c9edbc33c06b408,broad,200C,single,,Rates,Ra‌tes,"HUNDREDS, lenders, compete","HU‌NDREDS, le‌nders, co‌mpete"
00875.535ae4621326594a8c9edbc33c06b408,00875__salted__broad__cp200D__single.535ae4621326594a8c9edbc33c06b408,broad,200D,single,,Rates,Ra‍tes,"HUNDREDS, lenders, compete","HU‍NDREDS, le‍nders, co‍mpete"
00875.535ae4621326594a8c9edbc33c06b408,00875__salted__broad__cp00AD__single.535ae4621326594a8c9edbc33c06b408,broad,00AD,single,,Rates,Ra­tes,"HUNDREDS, lenders, compete","HU­NDREDS, le­nders, co­mpete"
00879.ef1461ca38091f6d494c58d09b0627f0,00879__salted__broad__cp200B__single.ef1461ca38091f6d494c58d09b0627f0,broad,200B,single,,Offers,Of​fers,"Dear, wish, Offers","De​ar, wi​sh, Of​fers"
00879.ef1461ca38091f6d494c58d09b0627f0,00879__salted__broad__cp200C__single.ef1461ca38091f6d494c58d09b0627f0,broad,200C,single,,Offers,Of‌fers,"Dear, wish, Offers","De‌ar, wi‌sh, Of‌fers"
00879.ef1461ca38091f6d494c58d09b0627f0,00879__salted__broad__cp200D__single.ef1461ca38091f6d494c58d09b0627f0,broad,200D,single,,Offers,Of‍fers,"Dear, wish, Offers","De‍ar, wi‍sh, Of‍fers"
00879.ef1461ca38091f6d494c58d09b0627f0,00879__salted__broad__cp00AD__single.ef1461ca38091f6d494c58d09b0627f0,broad,00AD,single,,Offers,Of­fers,"Dear, wish, Offers","De­ar, wi­sh, Of­fers"
00881.ec61388b6f9f09b285950e2f11aec158,00881__salted__broad__cp200B__single.ec61388b6f9f09b285950e2f11aec158,broad,200B,single,,earn,ea​rn,"Financial, minimum, sale","Fi​nancial, mi​nimum, sa​le"
00881.ec61388b6f9f09b285950e2f11aec158,00881__salted__broad__cp200C__single.ec61388b6f9f09b285950e2f11aec158,broad,200C,single,,earn,ea‌rn,"Financial, minimum, sale","Fi‌nancial, mi‌nimum, sa‌le"
00881.ec61388b6f9f09b285950e2f11aec158,00881__salted__broad__cp200D__single.ec61388b6f9f09b285950e2f11aec158,broad,200D,single,,earn,ea‍rn,"Financial, minimum, sale","Fi‍nancial, mi‍nimum, sa‍le"
00881.ec61388b6f9f09b285950e2f11aec158,00881__salted__broad__cp00AD__single.ec61388b6f9f09b285950e2f11aec158,broad,00AD,single,,earn,ea­rn,"Financial, minimum, sale","Fi­nancial, mi­nimum, sa­le"
00882.28bbc4ccfb80f32d4fe7df3ab77afb41,00882__salted__broad__cp200B__single.28bbc4ccfb80f32d4fe7df3ab77afb41,broad,200B,single,,Offers,Of​fers,"Dear, wish, Offers","De​ar, wi​sh, Of​fers"
00882.28bbc4ccfb80f32d4fe7df3ab77afb41,00882__salted__broad__cp200C__single.28bbc4ccfb80f32d4fe7df3ab77afb41,broad,200C,single,,Offers,Of‌fers,"Dear, wish, Offers","De‌ar, wi‌sh, Of‌fers"
00882.28bbc4ccfb80f32d4fe7df3ab77afb41,00882__salted__broad__cp200D__single.28bbc4ccfb80f32d4fe7df3ab77afb41,broad,200D,single,,Offers,Of‍fers,"Dear, wish, Offers","De‍ar, wi‍sh, Of‍fers"
00882.28bbc4ccfb80f32d4fe7df3ab77afb41,00882__salted__broad__cp00AD__single.28bbc4ccfb80f32d4fe7df3ab77afb41,broad,00AD,single,,Offers,Of­fers,"Dear, wish, Offers","De­ar, wi­sh, Of­fers"
00883.a154f7c7619d620a00deb7da892ca4ce,00883__salted__broad__cp200B__single.a154f7c7619d620a00deb7da892ca4ce,broad,200B,single,,Adv,Ad​v,"Proven, Registered, Opportunity","Pr​oven, Re​gistered, Op​portunity"
00883.a154f7c7619d620a00deb7da892ca4ce,00883__salted__broad__cp200C__single.a154f7c7619d620a00deb7da892ca4ce,broad,200C,single,,Adv,Ad‌v,"Proven, Registered, Opportunity","Pr‌oven, Re‌gistered, Op‌portunity"
00883.a154f7c7619d620a00deb7da892ca4ce,00883__salted__broad__cp200D__single.a154f7c7619d620a00deb7da892ca4ce,broad,200D,single,,Adv,Ad‍v,"Proven, Registered, Opportunity","Pr‍oven, Re‍gistered, Op‍portunity"
00883.a154f7c7619d620a00deb7da892ca4ce,00883__salted__broad__cp00AD__single.a154f7c7619d620a00deb7da892ca4ce,broad,00AD,single,,Adv,Ad­v,"Proven, Registered, Opportunity","Pr­oven, Re­gistered, Op­portunity"
00884.2fef7c7ca7dc3fadaa84d7bbfddd6324,00884__salted__broad__cp200B__single.2fef7c7ca7dc3fadaa84d7bbfddd6324,broad,200B,single,,,,"Price, Click, marketing","Pr​ice, Cl​ick, ma​rketing"
00884.2fef7c7ca7dc3fadaa84d7bbfddd6324,00884__salted__broad__cp200C__single.2fef7c7ca7dc3fadaa84d7bbfddd6324,broad,200C,single,,,,"Price, Click, marketing","Pr‌ice, Cl‌ick, ma‌rketing"
00884.2fef7c7ca7dc3fadaa84d7bbfddd6324,00884__salted__broad__cp200D__single.2fef7c7ca7dc3fadaa84d7bbfddd6324,broad,200D,single,,,,"Price, Click, marketing","Pr‍ice, Cl‍ick, ma‍rketing"
00884.2fef7c7ca7dc3fadaa84d7bbfddd6324,00884__salted__broad__cp00AD__single.2fef7c7ca7dc3fadaa84d7bbfddd6324,broad,00AD,single,,,,"Price, Click, marketing","Pr­ice, Cl­ick, ma­rketing"
00885.6f8bc5aec58114e2d8ae91f3d1b464fc,00885__salted__broad__cp200B__single.6f8bc5aec58114e2d8ae91f3d1b464fc,broad,200B,single,,Debt,De​bt,"debt, monthly, payment","de​bt, mo​nthly, pa​yment"
00885.6f8bc5aec58114e2d8ae91f3d1b464fc,00885__salted__broad__cp200C__single.6f8bc5aec58114e2d8ae91f3d1b464fc,broad,200C,single,,Debt,De‌bt,"debt, monthly, payment","de‌bt, mo‌nthly, pa‌yment"
00885.6f8bc5aec58114e2d8ae91f3d1b464fc,00885__salted__broad__cp200D__single.6f8bc5aec58114e2d8ae91f3d1b464fc,broad,200D,single,,Debt,De‍bt,"debt, monthly, payment","de‍bt, mo‍nthly, pa‍yment"
00885.6f8bc5aec58114e2d8ae91f3d1b464fc,00885__salted__broad__cp00AD__single.6f8bc5aec58114e2d8ae91f3d1b464fc,broad,00AD,single,,Debt,De­bt,"debt, monthly, payment","de­bt, mo­nthly, pa­yment"
00886.9bd2063c3d984a66958a6195ffb97849,00886__salted__broad__cp200B__single.9bd2063c3d984a66958a6195ffb97849,broad,200B,single,,consultation,co​nsultation,"SALE, VIAGRA, VIAGRA","SA​LE, VI​AGRA, VI​AGRA"
00886.9bd2063c3d984a66958a6195ffb97849,00886__salted__broad__cp200C__single.9bd2063c3d984a66958a6195ffb97849,broad,200C,single,,consultation,co‌nsultation,"SALE, VIAGRA, VIAGRA","SA‌LE, VI‌AGRA, VI‌AGRA"
00886.9bd2063c3d984a66958a6195ffb97849,00886__salted__broad__cp200D__single.9bd2063c3d984a66958a6195ffb97849,broad,200D,single,,consultation,co‍nsultation,"SALE, VIAGRA, VIAGRA","SA‍LE, VI‍AGRA, VI‍AGRA"
00886.9bd2063c3d984a66958a6195ffb97849,00886__salted__broad__cp00AD__single.9bd2063c3d984a66958a6195ffb97849,broad,00AD,single,,consultation,co­nsultation,"SALE, VIAGRA, VIAGRA","SA­LE, VI­AGRA, VI­AGRA"
00887.7a8cc64a563c42af29184459e6c1a97f,00887__salted__broad__cp200B__single.7a8cc64a563c42af29184459e6c1a97f,broad,200B,single,,million,mi​llion,"million, opportunity, Click","mi​llion, op​portunity, Cl​ick"
00887.7a8cc64a563c42af29184459e6c1a97f,00887__salted__broad__cp200C__single.7a8cc64a563c42af29184459e6c1a97f,broad,200C,single,,million,mi‌llion,"million, opportunity, Click","mi‌llion, op‌portunity, Cl‌ick"
00887.7a8cc64a563c42af29184459e6c1a97f,00887__salted__broad__cp200D__single.7a8cc64a563c42af29184459e6c1a97f,broad,200D,single,,million,mi‍llion,"million, opportunity, Click","mi‍llion, op‍portunity, Cl‍ick"
00887.7a8cc64a563c42af29184459e6c1a97f,00887__salted__broad__cp00AD__single.7a8cc64a563c42af29184459e6c1a97f,broad,00AD,single,,million,mi­llion,"million, opportunity, Click","mi­llion, op­portunity, Cl­ick"
00889.272969152a8ce2d6ece155571e862683,00889__salted__broad__cp200B__single.272969152a8ce2d6ece155571e862683,broad,200B,single,,CARTRIDGES,CA​RTRIDGES,,
00889.272969152a8ce2d6ece155571e862683,00889__salted__broad__cp200C__single.272969152a8ce2d6ece155571e862683,broad,200C,single,,CARTRIDGES,CA‌RTRIDGES,,
00889.272969152a8ce2d6ece155571e862683,00889__salted__broad__cp200D__single.272969152a8ce2d6ece155571e862683,broad,200D,single,,CARTRIDGES,CA‍RTRIDGES,,
00889.272969152a8ce2d6ece155571e862683,00889__salted__broad__cp00AD__single.272969152a8ce2d6ece155571e862683,broad,00AD,single,,CARTRIDGES,CA­RTRIDGES,,
00890.3996b985f81cb29cba9dfda9844c47e2,00890__salted__broad__cp200B__single.3996b985f81cb29cba9dfda9844c47e2,broad,200B,single,,Adult,Ad​ult,"netnoteinc, Adult, SECRET","ne​tnoteinc, Ad​ult, SE​CRET"
00890.3996b985f81cb29cba9dfda9844c47e2,00890__salted__broad__cp200C__single.3996b985f81cb29cba9dfda9844c47e2,broad,200C,single,,Adult,Ad‌ult,"netnoteinc, Adult, SECRET","ne‌tnoteinc, Ad‌ult, SE‌CRET"
00890.3996b985f81cb29cba9dfda9844c47e2,00890__salted__broad__cp200D__single.3996b985f81cb29cba9dfda9844c47e2,broad,200D,single,,Adult,Ad‍ult,"netnoteinc, Adult, SECRET","ne‍tnoteinc, Ad‍ult, SE‍CRET"
00890.3996b985f81cb29cba9dfda9844c47e2,00890__salted__broad__cp00AD__single.3996b985f81cb29cba9dfda9844c47e2,broad,00AD,single,,Adult,Ad­ult,"netnoteinc, Adult, SECRET","ne­tnoteinc, Ad­ult, SE­CRET"
00892.98aff9f92339cedef0ce0b9bade2765f,00892__salted__broad__cp200B__single.98aff9f92339cedef0ce0b9bade2765f,broad,200B,single,,Herbal,He​rbal,,
00892.98aff9f92339cedef0ce0b9bade2765f,00892__salted__broad__cp200C__single.98aff9f92339cedef0ce0b9bade2765f,broad,200C,single,,Herbal,He‌rbal,,
00892.98aff9f92339cedef0ce0b9bade2765f,00892__salted__broad__cp200D__single.98aff9f92339cedef0ce0b9bade2765f,broad,200D,single,,Herbal,He‍rbal,,
00892.98aff9f92339cedef0ce0b9bade2765f,00892__salted__broad__cp00AD__single.98aff9f92339cedef0ce0b9bade2765f,broad,00AD,single,,Herbal,He­rbal,,
00893.89d5fc38f24e7e2241888c19ec260994,00893__salted__broad__cp200B__single.89d5fc38f24e7e2241888c19ec260994,broad,200B,single,,SYSTEMWORKS,SY​STEMWORKS,"SystemWorks, Professional, Price","Sy​stemWorks, Pr​ofessional, Pr​ice"
00893.89d5fc38f24e7e2241888c19ec260994,00893__salted__broad__cp200C__single.89d5fc38f24e7e2241888c19ec260994,broad,200C,single,,SYSTEMWORKS,SY‌STEMWORKS,"SystemWorks, Professional, Price","Sy‌stemWorks, Pr‌ofessional, Pr‌ice"
00893.89d5fc38f24e7e2241888c19ec260994,00893__salted__broad__cp200D__single.89d5fc38f24e7e2241888c19ec260994,broad,200D,single,,SYSTEMWORKS,SY‍STEMWORKS,"SystemWorks, Professional, Price","Sy‍stemWorks, Pr‍ofessional, Pr‍ice"
00893.89d5fc38f24e7e2241888c19ec260994,00893__salted__broad__cp00AD__single.89d5fc38f24e7e2241888c19ec260994,broad,00AD,single,,SYSTEMWORKS,SY­STEMWORKS,"SystemWorks, Professional, Price","Sy­stemWorks, Pr­ofessional, Pr­ice"
00894.f54f07418fc8e677fe0fe5ac60a251ab,00894__salted__broad__cp200B__single.f54f07418fc8e677fe0fe5ac60a251ab,broad,200B,single,,Secrets,Se​crets,"Dear, debt, earn","De​ar, de​bt, ea​rn"
00894.f54f07418fc8e677fe0fe5ac60a251ab,00894__salted__broad__cp200C__single.f54f07418fc8e677fe0fe5ac60a251ab,broad,200C,single,,Secrets,Se‌crets,"Dear, debt, earn","De‌ar, de‌bt, ea‌rn"
00894.f54f07418fc8e677fe0fe5ac60a251ab,00894__salted__broad__cp200D__single.f54f07418fc8e677fe0fe5ac60a251ab,broad,200D,single,,Secrets,Se‍crets,"Dear, debt, earn","De‍ar, de‍bt, ea‍rn"
00894.f54f07418fc8e677fe0fe5ac60a251ab,00894__salted__broad__cp00AD__single.f54f07418fc8e677fe0fe5ac60a251ab,broad,00AD,single,,Secrets,Se­crets,"Dear, debt, earn","De­ar, de­bt, ea­rn"
00895.d7895e10504f34149655062fe20d5174,00895__salted__broad__cp200B__single.d7895e10504f34149655062fe20d5174,broad,200B,single,,ASSISTANCE,AS​SISTANCE,"Lagos, Nigeria, ASSISTANCE","La​gos, Ni​geria, AS​SISTANCE"
00895.d7895e10504f34149655062fe20d5174,00895__salted__broad__cp200C__single.d7895e10504f34149655062fe20d5174,broad,200C,single,,ASSISTANCE,AS‌SISTANCE,"Lagos, Nigeria, ASSISTANCE","La‌gos, Ni‌geria, AS‌SISTANCE"
00895.d7895e10504f34149655062fe20d5174,00895__salted__broad__cp200D__single.d7895e10504f34149655062fe20d5174,broad,200D,single,,ASSISTANCE,AS‍SISTANCE,"Lagos, Nigeria, ASSISTANCE","La‍gos, Ni‍geria, AS‍SISTANCE"
00895.d7895e10504f34149655062fe20d5174,00895__salted__broad__cp00AD__single.d7895e10504f34149655062fe20d5174,broad,00AD,single,,ASSISTANCE,AS­SISTANCE,"Lagos, Nigeria, ASSISTANCE","La­gos, Ni­geria, AS­SISTANCE"
00896.c6f6a4e29a114b9d7d5751e4292520de,00896__salted__broad__cp200B__single.c6f6a4e29a114b9d7d5751e4292520de,broad,200B,single,,ASSISTANCE,AS​SISTANCE,"Lagos, Nigeria, ASSISTANCE","La​gos, Ni​geria, AS​SISTANCE"
00896.c6f6a4e29a114b9d7d5751e4292520de,00896__salted__broad__cp200C__single.c6f6a4e29a114b9d7d5751e4292520de,broad,200C,single,,ASSISTANCE,AS‌SISTANCE,"Lagos, Nigeria, ASSISTANCE","La‌gos, Ni‌geria, AS‌SISTANCE"
00896.c6f6a4e29a114b9d7d5751e4292520de,00896__salted__broad__cp200D__single.c6f6a4e29a114b9d7d5751e4292520de,broad,200D,single,,ASSISTANCE,AS‍SISTANCE,"Lagos, Nigeria, ASSISTANCE","La‍gos, Ni‍geria, AS‍SISTANCE"
00896.c6f6a4e29a114b9d7d5751e4292520de,00896__salted__broad__cp00AD__single.c6f6a4e29a114b9d7d5751e4292520de,broad,00AD,single,,ASSISTANCE,AS­SISTANCE,"Lagos, Nigeria, ASSISTANCE","La­gos, Ni­geria, AS­SISTANCE"
00897.b95ab214fa940540786f7bb4284b275d,00897__salted__broad__cp200B__single.b95ab214fa940540786f7bb4284b275d,broad,200B,single,,Herbal,He​rbal,,
00897.b95ab214fa940540786f7bb4284b275d,00897__salted__broad__cp200C__single.b95ab214fa940540786f7bb4284b275d,broad,200C,single,,Herbal,He‌rbal,,
00897.b95ab214fa940540786f7bb4284b275d,00897__salted__broad__cp200D__single.b95ab214fa940540786f7bb4284b275d,broad,200D,single,,Herbal,He‍rbal,,
00897.b95ab214fa940540786f7bb4284b275d,00897__salted__broad__cp00AD__single.b95ab214fa940540786f7bb4284b275d,broad,00AD,single,,Herbal,He­rbal,,
00898.8b3fe8deaa79f08133be78fc63e726c9,00898__salted__broad__cp200B__single.8b3fe8deaa79f08133be78fc63e726c9,broad,200B,single,,ASSISTANCE,AS​SISTANCE,"Lagos, Nigeria, ASSISTANCE","La​gos, Ni​geria, AS​SISTANCE"
00898.8b3fe8deaa79f08133be78fc63e726c9,00898__salted__broad__cp200C__single.8b3fe8deaa79f08133be78fc63e726c9,broad,200C,single,,ASSISTANCE,AS‌SISTANCE,"Lagos, Nigeria, ASSISTANCE","La‌gos, Ni‌geria, AS‌SISTANCE"
00898.8b3fe8deaa79f08133be78fc63e726c9,00898__salted__broad__cp200D__single.8b3fe8deaa79f08133be78fc63e726c9,broad,200D,single,,ASSISTANCE,AS‍SISTANCE,"Lagos, Nigeria, ASSISTANCE","La‍gos, Ni‍geria, AS‍SISTANCE"
00898.8b3fe8deaa79f08133be78fc63e726c9,00898__salted__broad__cp00AD__single.8b3fe8deaa79f08133be78fc63e726c9,broad,00AD,single,,ASSISTANCE,AS­SISTANCE,"Lagos, Nigeria, ASSISTANCE","La­gos, Ni­geria, AS­SISTANCE"
00899.957a4f3be27468470183f978db53c753,00899__salted__broad__cp200B__single.957a4f3be27468470183f978db53c753,broad,200B,single,,ASSISTANCE,AS​SISTANCE,"Lagos, Nigeria, ASSISTANCE","La​gos, Ni​geria, AS​SISTANCE"
00899.957a4f3be27468470183f978db53c753,00899__salted__broad__cp200C__single.957a4f3be27468470183f978db53c753,broad,200C,single,,ASSISTANCE,AS‌SISTANCE,"Lagos, Nigeria, ASSISTANCE","La‌gos, Ni‌geria, AS‌SISTANCE"
00899.957a4f3be27468470183f978db53c753,00899__salted__broad__cp200D__single.957a4f3be27468470183f978db53c753,broad,200D,single,,ASSISTANCE,AS‍SISTANCE,"Lagos, Nigeria, ASSISTANCE","La‍gos, Ni‍geria, AS‍SISTANCE"
00899.957a4f3be27468470183f978db53c753,00899__salted__broad__cp00AD__single.957a4f3be27468470183f978db53c753,broad,00AD,single,,ASSISTANCE,AS­SISTANCE,"Lagos, Nigeria, ASSISTANCE","La­gos, Ni­geria, AS­SISTANCE"
00901.95250e8c5c190d1b0320b9e6fe0f5a82,00901__salted__broad__cp200B__single.95250e8c5c190d1b0320b9e6fe0f5a82,broad,200B,single,,,,"INCOME, Bank, Account","IN​COME, Ba​nk, Ac​count"
00901.95250e8c5c190d1b0320b9e6fe0f5a82,00901__salted__broad__cp200C__single.95250e8c5c190d1b0320b9e6fe0f5a82,broad,200C,single,,,,"INCOME, Bank, Account","IN‌COME, Ba‌nk, Ac‌count"
00901.95250e8c5c190d1b0320b9e6fe0f5a82,00901__salted__broad__cp200D__single.95250e8c5c190d1b0320b9e6fe0f5a82,broad,200D,single,,,,"INCOME, Bank, Account","IN‍COME, Ba‍nk, Ac‍count"
00901.95250e8c5c190d1b0320b9e6fe0f5a82,00901__salted__broad__cp00AD__single.95250e8c5c190d1b0320b9e6fe0f5a82,broad,00AD,single,,,,"INCOME, Bank, Account","IN­COME, Ba­nk, Ac­count"
00902.5cf0d5b3c8c28418fd5aac308db88a47,00902__salted__broad__cp200B__single.5cf0d5b3c8c28418fd5aac308db88a47,broad,200B,single,,Hgh,Hg​h,"NBC, CBS, CNN","NB​C, CB​S, CN​N"
00902.5cf0d5b3c8c28418fd5aac308db88a47,00902__salted__broad__cp200C__single.5cf0d5b3c8c28418fd5aac308db88a47,broad,200C,single,,Hgh,Hg‌h,"NBC, CBS, CNN","NB‌C, CB‌S, CN‌N"
00902.5cf0d5b3c8c28418fd5aac308db88a47,00902__salted__broad__cp200D__single.5cf0d5b3c8c28418fd5aac308db88a47,broad,200D,single,,Hgh,Hg‍h,"NBC, CBS, CNN","NB‍C, CB‍S, CN‍N"
00902.5cf0d5b3c8c28418fd5aac308db88a47,00902__salted__broad__cp00AD__single.5cf0d5b3c8c28418fd5aac308db88a47,broad,00AD,single,,Hgh,Hg­h,"NBC, CBS, CNN","NB­C, CB­S, CN­N"
00903.1b151e48aafed20229a1880c1d558992,00903__salted__broad__cp200B__single.1b151e48aafed20229a1880c1d558992,broad,200B,single,,,,"Risk, Risk, Risk","Ri​sk, Ri​sk, Ri​sk"
00903.1b151e48aafed20229a1880c1d558992,00903__salted__broad__cp200C__single.1b151e48aafed20229a1880c1d558992,broad,200C,single,,,,"Risk, Risk, Risk","Ri‌sk, Ri‌sk, Ri‌sk"
00903.1b151e48aafed20229a1880c1d558992,00903__salted__broad__cp200D__single.1b151e48aafed20229a1880c1d558992,broad,200D,single,,,,"Risk, Risk, Risk","Ri‍sk, Ri‍sk, Ri‍sk"
00903.1b151e48aafed20229a1880c1d558992,00903__salted__broad__cp00AD__single.1b151e48aafed20229a1880c1d558992,broad,00AD,single,,,,"Risk, Risk, Risk","Ri­sk, Ri­sk, Ri­sk"
00907.74983d9d0d6ee3c681a48cf893f123b5,00907__salted__broad__cp200B__single.74983d9d0d6ee3c681a48cf893f123b5,broad,200B,single,,emails,em​ails,"Earn, Dear, earn","Ea​rn, De​ar, ea​rn"
00907.74983d9d0d6ee3c681a48cf893f123b5,00907__salted__broad__cp200C__single.74983d9d0d6ee3c681a48cf893f123b5,broad,200C,single,,emails,em‌ails,"Earn, Dear, earn","Ea‌rn, De‌ar, ea‌rn"
00907.74983d9d0d6ee3c681a48cf893f123b5,00907__salted__broad__cp200D__single.74983d9d0d6ee3c681a48cf893f123b5,broad,200D,single,,emails,em‍ails,"Earn, Dear, earn","Ea‍rn, De‍ar, ea‍rn"
00907.74983d9d0d6ee3c681a48cf893f123b5,00907__salted__broad__cp00AD__single.74983d9d0d6ee3c681a48cf893f123b5,broad,00AD,single,,emails,em­ails,"Earn, Dear, earn","Ea­rn, De­ar, ea­rn"
00908.718f913e615b66df1c33cfb0af8e8885,00908__salted__broad__cp200B__single.718f913e615b66df1c33cfb0af8e8885,broad,200B,single,,,,"mortgage, loan, loan","mo​rtgage, lo​an, lo​an"
00908.718f913e615b66df1c33cfb0af8e8885,00908__salted__broad__cp200C__single.718f913e615b66df1c33cfb0af8e8885,broad,200C,single,,,,"mortgage, loan, loan","mo‌rtgage, lo‌an, lo‌an"
00908.718f913e615b66df1c33cfb0af8e8885,00908__salted__broad__cp200D__single.718f913e615b66df1c33cfb0af8e8885,broad,200D,single,,,,"mortgage, loan, loan","mo‍rtgage, lo‍an, lo‍an"
00908.718f913e615b66df1c33cfb0af8e8885,00908__salted__broad__cp00AD__single.718f913e615b66df1c33cfb0af8e8885,broad,00AD,single,,,,"mortgage, loan, loan","mo­rtgage, lo­an, lo­an"
00914.b4f1e9f517f85e68f8326f3a1525ebc2,00914__salted__broad__cp200B__single.b4f1e9f517f85e68f8326f3a1525ebc2,broad,200B,single,,,,"Brand, brand, click","Br​and, br​and, cl​ick"
00914.b4f1e9f517f85e68f8326f3a1525ebc2,00914__salted__broad__cp200C__single.b4f1e9f517f85e68f8326f3a1525ebc2,broad,200C,single,,,,"Brand, brand, click","Br‌and, br‌and, cl‌ick"
00914.b4f1e9f517f85e68f8326f3a1525ebc2,00914__salted__broad__cp200D__single.b4f1e9f517f85e68f8326f3a1525ebc2,broad,200D,single,,,,"Brand, brand, click","Br‍and, br‍and, cl‍ick"
00914.b4f1e9f517f85e68f8326f3a1525ebc2,00914__salted__broad__cp00AD__single.b4f1e9f517f85e68f8326f3a1525ebc2,broad,00AD,single,,,,"Brand, brand, click","Br­and, br­and, cl­ick"
00916.018fdcfbee3a549dc675f169a1243e16,00916__salted__broad__cp200B__single.018fdcfbee3a549dc675f169a1243e16,broad,200B,single,,Commissions,Co​mmissions,"cash, bank, earn","ca​sh, ba​nk, ea​rn"
00916.018fdcfbee3a549dc675f169a1243e16,00916__salted__broad__cp200C__single.018fdcfbee3a549dc675f169a1243e16,broad,200C,single,,Commissions,Co‌mmissions,"cash, bank, earn","ca‌sh, ba‌nk, ea‌rn"
00916.018fdcfbee3a549dc675f169a1243e16,00916__salted__broad__cp200D__single.018fdcfbee3a549dc675f169a1243e16,broad,200D,single,,Commissions,Co‍mmissions,"cash, bank, earn","ca‍sh, ba‍nk, ea‍rn"
00916.018fdcfbee3a549dc675f169a1243e16,00916__salted__broad__cp00AD__single.018fdcfbee3a549dc675f169a1243e16,broad,00AD,single,,Commissions,Co­mmissions,"cash, bank, earn","ca­sh, ba­nk, ea­rn"
00917.8b2f6c25f3f70a6ef94d5f7f9a505c90,00917__salted__broad__cp200B__single.8b2f6c25f3f70a6ef94d5f7f9a505c90,broad,200B,single,,Warranty,Wa​rranty,,
00917.8b2f6c25f3f70a6ef94d5f7f9a505c90,00917__salted__broad__cp200C__single.8b2f6c25f3f70a6ef94d5f7f9a505c90,broad,200C,single,,Warranty,Wa‌rranty,,
00917.8b2f6c25f3f70a6ef94d5f7f9a505c90,00917__salted__broad__cp200D__single.8b2f6c25f3f70a6ef94d5f7f9a505c90,broad,200D,single,,Warranty,Wa‍rranty,,
00917.8b2f6c25f3f70a6ef94d5f7f9a505c90,00917__salted__broad__cp00AD__single.8b2f6c25f3f70a6ef94d5f7f9a505c90,broad,00AD,single,,Warranty,Wa­rranty,,
00918.5674181d00a5130b030a6621ccec0819,00918__salted__broad__cp200B__single.5674181d00a5130b030a6621ccec0819,broad,200B,single,,Insurance,In​surance,,
00918.5674181d00a5130b030a6621ccec0819,00918__salted__broad__cp200C__single.5674181d00a5130b030a6621ccec0819,broad,200C,single,,Insurance,In‌surance,,
00918.5674181d00a5130b030a6621ccec0819,00918__salted__broad__cp200D__single.5674181d00a5130b030a6621ccec0819,broad,200D,single,,Insurance,In‍surance,,
00918.5674181d00a5130b030a6621ccec0819,00918__salted__broad__cp00AD__single.5674181d00a5130b030a6621ccec0819,broad,00AD,single,,Insurance,In­surance,,
00919.0b677a6b8d8bff153989d1708850f985,00919__salted__broad__cp200B__single.0b677a6b8d8bff153989d1708850f985,broad,200B,single,,,,"DESK, LAGOS, NIGERIA","DE​SK, LA​GOS, NI​GERIA"
00919.0b677a6b8d8bff153989d1708850f985,00919__salted__broad__cp200C__single.0b677a6b8d8bff153989d1708850f985,broad,200C,single,,,,"DESK, LAGOS, NIGERIA","DE‌SK, LA‌GOS, NI‌GERIA"
00919.0b677a6b8d8bff153989d1708850f985,00919__salted__broad__cp200D__single.0b677a6b8d8bff153989d1708850f985,broad,200D,single,,,,"DESK, LAGOS, NIGERIA","DE‍SK, LA‍GOS, NI‍GERIA"
00919.0b677a6b8d8bff153989d1708850f985,00919__salted__broad__cp00AD__single.0b677a6b8d8bff153989d1708850f985,broad,00AD,single,,,,"DESK, LAGOS, NIGERIA","DE­SK, LA­GOS, NI­GERIA"
00920.1534b1c21a196693709357a2a93cacdd,00920__salted__broad__cp200B__single.1534b1c21a196693709357a2a93cacdd,broad,200B,single,,million,mi​llion,,
00920.1534b1c21a196693709357a2a93cacdd,00920__salted__broad__cp200C__single.1534b1c21a196693709357a2a93cacdd,broad,200C,single,,million,mi‌llion,,
00920.1534b1c21a196693709357a2a93cacdd,00920__salted__broad__cp200D__single.1534b1c21a196693709357a2a93cacdd,broad,200D,single,,million,mi‍llion,,
00920.1534b1c21a196693709357a2a93cacdd,00920__salted__broad__cp00AD__single.1534b1c21a196693709357a2a93cacdd,broad,00AD,single,,million,mi­llion,,
00922.06a743f9aa0c1d27703342dac65a308b,00922__salted__broad__cp200B__single.06a743f9aa0c1d27703342dac65a308b,broad,200B,single,,million,mi​llion,"offer, Hundreds, sales","of​fer, Hu​ndreds, sa​les"
00922.06a743f9aa0c1d27703342dac65a308b,00922__salted__broad__cp200C__single.06a743f9aa0c1d27703342dac65a308b,broad,200C,single,,million,mi‌llion,"offer, Hundreds, sales","of‌fer, Hu‌ndreds, sa‌les"
00922.06a743f9aa0c1d27703342dac65a308b,00922__salted__broad__cp200D__single.06a743f9aa0c1d27703342dac65a308b,broad,200D,single,,million,mi‍llion,"offer, Hundreds, sales","of‍fer, Hu‍ndreds, sa‍les"
00922.06a743f9aa0c1d27703342dac65a308b,00922__salted__broad__cp00AD__single.06a743f9aa0c1d27703342dac65a308b,broad,00AD,single,,million,mi­llion,"offer, Hundreds, sales","of­fer, Hu­ndreds, sa­les"
00928.eb16be370343cac1476fcde9bf0a1f32,00928__salted__broad__cp200B__single.eb16be370343cac1476fcde9bf0a1f32,broad,200B,single,,Health,He​alth,,
00928.eb16be370343cac1476fcde9bf0a1f32,00928__salted__broad__cp200C__single.eb16be370343cac1476fcde9bf0a1f32,broad,200C,single,,Health,He‌alth,,
00928.eb16be370343cac1476fcde9bf0a1f32,00928__salted__broad__cp200D__single.eb16be370343cac1476fcde9bf0a1f32,broad,200D,single,,Health,He‍alth,,
00928.eb16be370343cac1476fcde9bf0a1f32,00928__salted__broad__cp00AD__single.eb16be370343cac1476fcde9bf0a1f32,broad,00AD,single,,Health,He­alth,,
00936.1f06517cffff4360820ff6012b392b93,00936__salted__broad__cp200B__single.1f06517cffff4360820ff6012b392b93,broad,200B,single,,,,"confidential, Lagos, Nigeria","co​nfidential, La​gos, Ni​geria"
00936.1f06517cffff4360820ff6012b392b93,00936__salted__broad__cp200C__single.1f06517cffff4360820ff6012b392b93,broad,200C,single,,,,"confidential, Lagos, Nigeria","co‌nfidential, La‌gos, Ni‌geria"
00936.1f06517cffff4360820ff6012b392b93,00936__salted__broad__cp200D__single.1f06517cffff4360820ff6012b392b93,broad,200D,single,,,,"confidential, Lagos, Nigeria","co‍nfidential, La‍gos, Ni‍geria"
00936.1f06517cffff4360820ff6012b392b93,00936__salted__broad__cp00AD__single.1f06517cffff4360820ff6012b392b93,broad,00AD,single,,,,"confidential, Lagos, Nigeria","co­nfidential, La­gos, Ni­geria"
00937.ab1a356a481bf9a59d00fd39d309e33f,00937__salted__broad__cp200B__single.ab1a356a481bf9a59d00fd39d309e33f,broad,200B,single,,,,"confidential, Lagos, Nigeria","co​nfidential, La​gos, Ni​geria"
00937.ab1a356a481bf9a59d00fd39d309e33f,00937__salted__broad__cp200C__single.ab1a356a481bf9a59d00fd39d309e33f,broad,200C,single,,,,"confidential, Lagos, Nigeria","co‌nfidential, La‌gos, Ni‌geria"
00937.ab1a356a481bf9a59d00fd39d309e33f,00937__salted__broad__cp200D__single.ab1a356a481bf9a59d00fd39d309e33f,broad,200D,single,,,,"confidential, Lagos, Nigeria","co‍nfidential, La‍gos, Ni‍geria"
00937.ab1a356a481bf9a59d00fd39d309e33f,00937__salted__broad__cp00AD__single.ab1a356a481bf9a59d00fd39d309e33f,broad,00AD,single,,,,"confidential, Lagos, Nigeria","co­nfidential, La­gos, Ni­geria"
00938.cdac5333fc78f7128fd8f2905fe4b89b,00938__salted__broad__cp200B__single.cdac5333fc78f7128fd8f2905fe4b89b,broad,200B,single,,Qualified,Qu​alified,,
00938.cdac5333fc78f7128fd8f2905fe4b89b,00938__salted__broad__cp200C__single.cdac5333fc78f7128fd8f2905fe4b89b,broad,200C,single,,Qualified,Qu‌alified,,
00938.cdac5333fc78f7128fd8f2905fe4b89b,00938__salted__broad__cp200D__single.cdac5333fc78f7128fd8f2905fe4b89b,broad,200D,single,,Qualified,Qu‍alified,,
00938.cdac5333fc78f7128fd8f2905fe4b89b,00938__salted__broad__cp00AD__single.cdac5333fc78f7128fd8f2905fe4b89b,broad,00AD,single,,Qualified,Qu­alified,,
00941.3ad67a2e6c3bc19d2187dd5a98e05c9d,00941__salted__broad__cp200B__single.3ad67a2e6c3bc19d2187dd5a98e05c9d,broad,200B,single,,million,mi​llion,"million, MILLION, Marketing","mi​llion, MI​LLION, Ma​rketing"
00941.3ad67a2e6c3bc19d2187dd5a98e05c9d,00941__salted__broad__cp200C__single.3ad67a2e6c3bc19d2187dd5a98e05c9d,broad,200C,single,,million,mi‌llion,"million, MILLION, Marketing","mi‌llion, MI‌LLION, Ma‌rketing"
00941.3ad67a2e6c3bc19d2187dd5a98e05c9d,00941__salted__broad__cp200D__single.3ad67a2e6c3bc19d2187dd5a98e05c9d,broad,200D,single,,million,mi‍llion,"million, MILLION, Marketing","mi‍llion, MI‍LLION, Ma‍rketing"
00941.3ad67a2e6c3bc19d2187dd5a98e05c9d,00941__salted__broad__cp00AD__single.3ad67a2e6c3bc19d2187dd5a98e05c9d,broad,00AD,single,,million,mi­llion,"million, MILLION, Marketing","mi­llion, MI­LLION, Ma­rketing"
00946.b2d8cc12ec881dc3ad32998e292ad772,00946__salted__broad__cp200B__single.b2d8cc12ec881dc3ad32998e292ad772,broad,200B,single,,EARN,EA​RN,"click, obligation, removed","cl​ick, ob​ligation, re​moved"
00946.b2d8cc12ec881dc3ad32998e292ad772,00946__salted__broad__cp200C__single.b2d8cc12ec881dc3ad32998e292ad772,broad,200C,single,,EARN,EA‌RN,"click, obligation, removed","cl‌ick, ob‌ligation, re‌moved"
00946.b2d8cc12ec881dc3ad32998e292ad772,00946__salted__broad__cp200D__single.b2d8cc12ec881dc3ad32998e292ad772,broad,200D,single,,EARN,EA‍RN,"click, obligation, removed","cl‍ick, ob‍ligation, re‍moved"
00946.b2d8cc12ec881dc3ad32998e292ad772,00946__salted__broad__cp00AD__single.b2d8cc12ec881dc3ad32998e292ad772,broad,00AD,single,,EARN,EA­RN,"click, obligation, removed","cl­ick, ob­ligation, re­moved"
00951.f7044a1b178dc3dcff44932f840b8805,00951__salted__broad__cp200B__single.f7044a1b178dc3dcff44932f840b8805,broad,200B,single,,,,"contact, kindly, click","co​ntact, ki​ndly, cl​ick"
00951.f7044a1b178dc3dcff44932f840b8805,00951__salted__broad__cp200C__single.f7044a1b178dc3dcff44932f840b8805,broad,200C,single,,,,"contact, kindly, click","co‌ntact, ki‌ndly, cl‌ick"
00951.f7044a1b178dc3dcff44932f840b8805,00951__salted__broad__cp200D__single.f7044a1b178dc3dcff44932f840b8805,broad,200D,single,,,,"contact, kindly, click","co‍ntact, ki‍ndly, cl‍ick"
00951.f7044a1b178dc3dcff44932f840b8805,00951__salted__broad__cp00AD__single.f7044a1b178dc3dcff44932f840b8805,broad,00AD,single,,,,"contact, kindly, click","co­ntact, ki­ndly, cl­ick"
00952.1a3c371c56be9de3bfb258b93af71649,00952__salted__broad__cp200B__single.1a3c371c56be9de3bfb258b93af71649,broad,200B,single,,Urgent,Ur​gent,,
00952.1a3c371c56be9de3bfb258b93af71649,00952__salted__broad__cp200C__single.1a3c371c56be9de3bfb258b93af71649,broad,200C,single,,Urgent,Ur‌gent,,
00952.1a3c371c56be9de3bfb258b93af71649,00952__salted__broad__cp200D__single.1a3c371c56be9de3bfb258b93af71649,broad,200D,single,,Urgent,Ur‍gent,,
00952.1a3c371c56be9de3bfb258b93af71649,00952__salted__broad__cp00AD__single.1a3c371c56be9de3bfb258b93af71649,broad,00AD,single,,Urgent,Ur­gent,,
00954.f92e3e1383d3882a4287fb8d6a1b1eb0,00954__salted__broad__cp200B__single.f92e3e1383d3882a4287fb8d6a1b1eb0,broad,200B,single,,Urgent,Ur​gent,"Desk, Bank, Nigeria","De​sk, Ba​nk, Ni​geria"
00954.f92e3e1383d3882a4287fb8d6a1b1eb0,00954__salted__broad__cp200C__single.f92e3e1383d3882a4287fb8d6a1b1eb0,broad,200C,single,,Urgent,Ur‌gent,"Desk, Bank, Nigeria","De‌sk, Ba‌nk, Ni‌geria"
00954.f92e3e1383d3882a4287fb8d6a1b1eb0,00954__salted__broad__cp200D__single.f92e3e1383d3882a4287fb8d6a1b1eb0,broad,200D,single,,Urgent,Ur‍gent,"Desk, Bank, Nigeria","De‍sk, Ba‍nk, Ni‍geria"
00954.f92e3e1383d3882a4287fb8d6a1b1eb0,00954__salted__broad__cp00AD__single.f92e3e1383d3882a4287fb8d6a1b1eb0,broad,00AD,single,,Urgent,Ur­gent,"Desk, Bank, Nigeria","De­sk, Ba­nk, Ni­geria"
00958.c624269d8005dce3d754defab3a3d691,00958__salted__broad__cp200B__single.c624269d8005dce3d754defab3a3d691,broad,200B,single,,cartridges,ca​rtridges,,
00958.c624269d8005dce3d754defab3a3d691,00958__salted__broad__cp200C__single.c624269d8005dce3d754defab3a3d691,broad,200C,single,,cartridges,ca‌rtridges,,
00958.c624269d8005dce3d754defab3a3d691,00958__salted__broad__cp200D__single.c624269d8005dce3d754defab3a3d691,broad,200D,single,,cartridges,ca‍rtridges,,
00958.c624269d8005dce3d754defab3a3d691,00958__salted__broad__cp00AD__single.c624269d8005dce3d754defab3a3d691,broad,00AD,single,,cartridges,ca­rtridges,,
00963.fa300a7faa192b0315a2b2122a97953d,00963__salted__broad__cp200B__single.fa300a7faa192b0315a2b2122a97953d,broad,200B,single,,Earn,Ea​rn,"million, opportunity, Click","mi​llion, op​portunity, Cl​ick"
00963.fa300a7faa192b0315a2b2122a97953d,00963__salted__broad__cp200C__single.fa300a7faa192b0315a2b2122a97953d,broad,200C,single,,Earn,Ea‌rn,"million, opportunity, Click","mi‌llion, op‌portunity, Cl‌ick"
00963.fa300a7faa192b0315a2b2122a97953d,00963__salted__broad__cp200D__single.fa300a7faa192b0315a2b2122a97953d,broad,200D,single,,Earn,Ea‍rn,"million, opportunity, Click","mi‍llion, op‍portunity, Cl‍ick"
00963.fa300a7faa192b0315a2b2122a97953d,00963__salted__broad__cp00AD__single.fa300a7faa192b0315a2b2122a97953d,broad,00AD,single,,Earn,Ea­rn,"million, opportunity, Click","mi­llion, op­portunity, Cl­ick"
00967.8098170f3b629df0fc0b8324445929c2,00967__salted__broad__cp200B__single.8098170f3b629df0fc0b8324445929c2,broad,200B,single,,Prices,Pr​ices,,
00967.8098170f3b629df0fc0b8324445929c2,00967__salted__broad__cp200C__single.8098170f3b629df0fc0b8324445929c2,broad,200C,single,,Prices,Pr‌ices,,
00967.8098170f3b629df0fc0b8324445929c2,00967__salted__broad__cp200D__single.8098170f3b629df0fc0b8324445929c2,broad,200D,single,,Prices,Pr‍ices,,
00967.8098170f3b629df0fc0b8324445929c2,00967__salted__broad__cp00AD__single.8098170f3b629df0fc0b8324445929c2,broad,00AD,single,,Prices,Pr­ices,,
00968.d86fe0eb3bc78b724306380b63f82073,00968__salted__broad__cp200B__single.d86fe0eb3bc78b724306380b63f82073,broad,200B,single,,,,"receive, absolutely, bonus","re​ceive, ab​solutely, bo​nus"
00968.d86fe0eb3bc78b724306380b63f82073,00968__salted__broad__cp200C__single.d86fe0eb3bc78b724306380b63f82073,broad,200C,single,,,,"receive, absolutely, bonus","re‌ceive, ab‌solutely, bo‌nus"
00968.d86fe0eb3bc78b724306380b63f82073,00968__salted__broad__cp200D__single.d86fe0eb3bc78b724306380b63f82073,broad,200D,single,,,,"receive, absolutely, bonus","re‍ceive, ab‍solutely, bo‍nus"
00968.d86fe0eb3bc78b724306380b63f82073,00968__salted__broad__cp00AD__single.d86fe0eb3bc78b724306380b63f82073,broad,00AD,single,,,,"receive, absolutely, bonus","re­ceive, ab­solutely, bo­nus"
00970.4166b8fab10bbf38aa782c311a70ee6b,00970__salted__broad__cp200B__single.4166b8fab10bbf38aa782c311a70ee6b,broad,200B,single,,,,"emails, strongly, enemies","em​ails, st​rongly, en​emies"
00970.4166b8fab10bbf38aa782c311a70ee6b,00970__salted__broad__cp200C__single.4166b8fab10bbf38aa782c311a70ee6b,broad,200C,single,,,,"emails, strongly, enemies","em‌ails, st‌rongly, en‌emies"
00970.4166b8fab10bbf38aa782c311a70ee6b,00970__salted__broad__cp200D__single.4166b8fab10bbf38aa782c311a70ee6b,broad,200D,single,,,,"emails, strongly, enemies","em‍ails, st‍rongly, en‍emies"
00970.4166b8fab10bbf38aa782c311a70ee6b,00970__salted__broad__cp00AD__single.4166b8fab10bbf38aa782c311a70ee6b,broad,00AD,single,,,,"emails, strongly, enemies","em­ails, st­rongly, en­emies"
00971.6d8acd89e1b2e699acc6a3443c6d2d6d,00971__salted__broad__cp200B__single.6d8acd89e1b2e699acc6a3443c6d2d6d,broad,200B,single,,Commission,Co​mmission,"Guaranteed, Guaranteed, Commission","Gu​aranteed, Gu​aranteed, Co​mmission"
00971.6d8acd89e1b2e699acc6a3443c6d2d6d,00971__salted__broad__cp200C__single.6d8acd89e1b2e699acc6a3443c6d2d6d,broad,200C,single,,Commission,Co‌mmission,"Guaranteed, Guaranteed, Commission","Gu‌aranteed, Gu‌aranteed, Co‌mmission"
00971.6d8acd89e1b2e699acc6a3443c6d2d6d,00971__salted__broad__cp200D__single.6d8acd89e1b2e699acc6a3443c6d2d6d,broad,200D,single,,Commission,Co‍mmission,"Guaranteed, Guaranteed, Commission","Gu‍aranteed, Gu‍aranteed, Co‍mmission"
00971.6d8acd89e1b2e699acc6a3443c6d2d6d,00971__salted__broad__cp00AD__single.6d8acd89e1b2e699acc6a3443c6d2d6d,broad,00AD,single,,Commission,Co­mmission,"Guaranteed, Guaranteed, Commission","Gu­aranteed, Gu­aranteed, Co­mmission"
00972.5290463cd76d76c7dc9e2d2fb88cb8d1,00972__salted__broad__cp200B__single.5290463cd76d76c7dc9e2d2fb88cb8d1,broad,200B,single,,MLM,ML​M,,
00972.5290463cd76d76c7dc9e2d2fb88cb8d1,00972__salted__broad__cp200C__single.5290463cd76d76c7dc9e2d2fb88cb8d1,broad,200C,single,,MLM,ML‌M,,
00972.5290463cd76d76c7dc9e2d2fb88cb8d1,00972__salted__broad__cp200D__single.5290463cd76d76c7dc9e2d2fb88cb8d1,broad,200D,single,,MLM,ML‍M,,
00972.5290463cd76d76c7dc9e2d2fb88cb8d1,00972__salted__broad__cp00AD__single.5290463cd76d76c7dc9e2d2fb88cb8d1,broad,00AD,single,,MLM,ML­M,,
00974.307336f4e396d31c49a3d19a56029420,00974__salted__broad__cp200B__single.307336f4e396d31c49a3d19a56029420,broad,200B,single,,credit,cr​edit,,
00974.307336f4e396d31c49a3d19a56029420,00974__salted__broad__cp200C__single.307336f4e396d31c49a3d19a56029420,broad,200C,single,,credit,cr‌edit,,
00974.307336f4e396d31c49a3d19a56029420,00974__salted__broad__cp200D__single.307336f4e396d31c49a3d19a56029420,broad,200D,single,,credit,cr‍edit,,
00974.307336f4e396d31c49a3d19a56029420,00974__salted__broad__cp00AD__single.307336f4e396d31c49a3d19a56029420,broad,00AD,single,,credit,cr­edit,,
00975.5e2e7c9d8b2c04929ff41e010163e5e8,00975__salted__broad__cp200B__single.5e2e7c9d8b2c04929ff41e010163e5e8,broad,200B,single,,,,"Sales, prospects, offer","Sa​les, pr​ospects, of​fer"
00975.5e2e7c9d8b2c04929ff41e010163e5e8,00975__salted__broad__cp200C__single.5e2e7c9d8b2c04929ff41e010163e5e8,broad,200C,single,,,,"Sales, prospects, offer","Sa‌les, pr‌ospects, of‌fer"
00975.5e2e7c9d8b2c04929ff41e010163e5e8,00975__salted__broad__cp200D__single.5e2e7c9d8b2c04929ff41e010163e5e8,broad,200D,single,,,,"Sales, prospects, offer","Sa‍les, pr‍ospects, of‍fer"
00975.5e2e7c9d8b2c04929ff41e010163e5e8,00975__salted__broad__cp00AD__single.5e2e7c9d8b2c04929ff41e010163e5e8,broad,00AD,single,,,,"Sales, prospects, offer","Sa­les, pr­ospects, of­fer"
00976.82ecfa404e2e597e113dc0278c5861c2,00976__salted__broad__cp200B__single.82ecfa404e2e597e113dc0278c5861c2,broad,200B,single,,HGH,HG​H,"NBC, CBS, CNN","NB​C, CB​S, CN​N"
00976.82ecfa404e2e597e113dc0278c5861c2,00976__salted__broad__cp200C__single.82ecfa404e2e597e113dc0278c5861c2,broad,200C,single,,HGH,HG‌H,"NBC, CBS, CNN","NB‌C, CB‌S, CN‌N"
00976.82ecfa404e2e597e113dc0278c5861c2,00976__salted__broad__cp200D__single.82ecfa404e2e597e113dc0278c5861c2,broad,200D,single,,HGH,HG‍H,"NBC, CBS, CNN","NB‍C, CB‍S, CN‍N"
00976.82ecfa404e2e597e113dc0278c5861c2,00976__salted__broad__cp00AD__single.82ecfa404e2e597e113dc0278c5861c2,broad,00AD,single,,HGH,HG­H,"NBC, CBS, CNN","NB­C, CB­S, CN­N"
00978.707d7b7ae170aebe3d5b0fd28c55114e,00978__salted__broad__cp200B__single.707d7b7ae170aebe3d5b0fd28c55114e,broad,200B,single,,Profitable,Pr​ofitable,"BANK, AFRICA, LAGOS","BA​NK, AF​RICA, LA​GOS"
00978.707d7b7ae170aebe3d5b0fd28c55114e,00978__salted__broad__cp200C__single.707d7b7ae170aebe3d5b0fd28c55114e,broad,200C,single,,Profitable,Pr‌ofitable,"BANK, AFRICA, LAGOS","BA‌NK, AF‌RICA, LA‌GOS"
00978.707d7b7ae170aebe3d5b0fd28c55114e,00978__salted__broad__cp200D__single.707d7b7ae170aebe3d5b0fd28c55114e,broad,200D,single,,Profitable,Pr‍ofitable,"BANK, AFRICA, LAGOS","BA‍NK, AF‍RICA, LA‍GOS"
00978.707d7b7ae170aebe3d5b0fd28c55114e,00978__salted__broad__cp00AD__single.707d7b7ae170aebe3d5b0fd28c55114e,broad,00AD,single,,Profitable,Pr­ofitable,"BANK, AFRICA, LAGOS","BA­NK, AF­RICA, LA­GOS"
00979.1ddb1d789492c2b6d6a5f1257d927088,00979__salted__broad__cp200B__single.1ddb1d789492c2b6d6a5f1257d927088,broad,200B,single,,Profitable,Pr​ofitable,,
00979.1ddb1d789492c2b6d6a5f1257d927088,00979__salted__broad__cp200C__single.1ddb1d789492c2b6d6a5f1257d927088,broad,200C,single,,Profitable,Pr‌ofitable,,
00979.1ddb1d789492c2b6d6a5f1257d927088,00979__salted__broad__cp200D__single.1ddb1d789492c2b6d6a5f1257d927088,broad,200D,single,,Profitable,Pr‍ofitable,,
00979.1ddb1d789492c2b6d6a5f1257d927088,00979__salted__broad__cp00AD__single.1ddb1d789492c2b6d6a5f1257d927088,broad,00AD,single,,Profitable,Pr­ofitable,,
00983.753f8ed9cf897cce13c3d5358f2d77d4,00983__salted__broad__cp200B__single.753f8ed9cf897cce13c3d5358f2d77d4,broad,200B,single,,Payment,Pa​yment,,
00983.753f8ed9cf897cce13c3d5358f2d77d4,00983__salted__broad__cp200C__single.753f8ed9cf897cce13c3d5358f2d77d4,broad,200C,single,,Payment,Pa‌yment,,
00983.753f8ed9cf897cce13c3d5358f2d77d4,00983__salted__broad__cp200D__single.753f8ed9cf897cce13c3d5358f2d77d4,broad,200D,single,,Payment,Pa‍yment,,
00983.753f8ed9cf897cce13c3d5358f2d77d4,00983__salted__broad__cp00AD__single.753f8ed9cf897cce13c3d5358f2d77d4,broad,00AD,single,,Payment,Pa­yment,,
00984.9521bd4c46b37f795efb665266cf5ab5,00984__salted__broad__cp200B__single.9521bd4c46b37f795efb665266cf5ab5,broad,200B,single,,Mortgage,Mo​rtgage,"Mortgage, Loan, credit","Mo​rtgage, Lo​an, cr​edit"
00984.9521bd4c46b37f795efb665266cf5ab5,00984__salted__broad__cp200C__single.9521bd4c46b37f795efb665266cf5ab5,broad,200C,single,,Mortgage,Mo‌rtgage,"Mortgage, Loan, credit","Mo‌rtgage, Lo‌an, cr‌edit"
00984.9521bd4c46b37f795efb665266cf5ab5,00984__salted__broad__cp200D__single.9521bd4c46b37f795efb665266cf5ab5,broad,200D,single,,Mortgage,Mo‍rtgage,"Mortgage, Loan, credit","Mo‍rtgage, Lo‍an, cr‍edit"
00984.9521bd4c46b37f795efb665266cf5ab5,00984__salted__broad__cp00AD__single.9521bd4c46b37f795efb665266cf5ab5,broad,00AD,single,,Mortgage,Mo­rtgage,"Mortgage, Loan, credit","Mo­rtgage, Lo­an, cr­edit"
00991.640530b39770c84b4f79c4b26bb47cbd,00991__salted__broad__cp200B__single.640530b39770c84b4f79c4b26bb47cbd,broad,200B,single,,,,visit,vi​sit
00991.640530b39770c84b4f79c4b26bb47cbd,00991__salted__broad__cp200C__single.640530b39770c84b4f79c4b26bb47cbd,broad,200C,single,,,,visit,vi‌sit
00991.640530b39770c84b4f79c4b26bb47cbd,00991__salted__broad__cp200D__single.640530b39770c84b4f79c4b26bb47cbd,broad,200D,single,,,,visit,vi‍sit
00991.640530b39770c84b4f79c4b26bb47cbd,00991__salted__broad__cp00AD__single.640530b39770c84b4f79c4b26bb47cbd,broad,00AD,single,,,,visit,vi­sit
00993.32d00ccd0a831830838667fed1371d5f,00993__salted__broad__cp200B__single.32d00ccd0a831830838667fed1371d5f,broad,200B,single,,Emails,Em​ails,"financial, CASH, dollars","fi​nancial, CA​SH, do​llars"
00993.32d00ccd0a831830838667fed1371d5f,00993__salted__broad__cp200C__single.32d00ccd0a831830838667fed1371d5f,broad,200C,single,,Emails,Em‌ails,"financial, CASH, dollars","fi‌nancial, CA‌SH, do‌llars"
00993.32d00ccd0a831830838667fed1371d5f,00993__salted__broad__cp200D__single.32d00ccd0a831830838667fed1371d5f,broad,200D,single,,Emails,Em‍ails,"financial, CASH, dollars","fi‍nancial, CA‍SH, do‍llars"
00993.32d00ccd0a831830838667fed1371d5f,00993__salted__broad__cp00AD__single.32d00ccd0a831830838667fed1371d5f,broad,00AD,single,,Emails,Em­ails,"financial, CASH, dollars","fi­nancial, CA­SH, do­llars"
00995.694aa424a2433d32b9e4997edeeed9b2,00995__salted__broad__cp200B__single.694aa424a2433d32b9e4997edeeed9b2,broad,200B,single,,,,"Brand, brand, click","Br​and, br​and, cl​ick"
00995.694aa424a2433d32b9e4997edeeed9b2,00995__salted__broad__cp200C__single.694aa424a2433d32b9e4997edeeed9b2,broad,200C,single,,,,"Brand, brand, click","Br‌and, br‌and, cl‌ick"
00995.694aa424a2433d32b9e4997edeeed9b2,00995__salted__broad__cp200D__single.694aa424a2433d32b9e4997edeeed9b2,broad,200D,single,,,,"Brand, brand, click","Br‍and, br‍and, cl‍ick"
00995.694aa424a2433d32b9e4997edeeed9b2,00995__salted__broad__cp00AD__single.694aa424a2433d32b9e4997edeeed9b2,broad,00AD,single,,,,"Brand, brand, click","Br­and, br­and, cl­ick"
00996.cf51353ead421aa3c419ad3d42eb9f7f,00996__salted__broad__cp200B__single.cf51353ead421aa3c419ad3d42eb9f7f,broad,200B,single,,,,"currency, currency, visit","cu​rrency, cu​rrency, vi​sit"
00996.cf51353ead421aa3c419ad3d42eb9f7f,00996__salted__broad__cp200C__single.cf51353ead421aa3c419ad3d42eb9f7f,broad,200C,single,,,,"currency, currency, visit","cu‌rrency, cu‌rrency, vi‌sit"
00996.cf51353ead421aa3c419ad3d42eb9f7f,00996__salted__broad__cp200D__single.cf51353ead421aa3c419ad3d42eb9f7f,broad,200D,single,,,,"currency, currency, visit","cu‍rrency, cu‍rrency, vi‍sit"
00996.cf51353ead421aa3c419ad3d42eb9f7f,00996__salted__broad__cp00AD__single.cf51353ead421aa3c419ad3d42eb9f7f,broad,00AD,single,,,,"currency, currency, visit","cu­rrency, cu­rrency, vi­sit"
00999.f46c3f4b40ebbd0cf2752066c9372ecc,00999__salted__broad__cp200B__single.f46c3f4b40ebbd0cf2752066c9372ecc,broad,200B,single,,MLM,ML​M,,
00999.f46c3f4b40ebbd0cf2752066c9372ecc,00999__salted__broad__cp200C__single.f46c3f4b40ebbd0cf2752066c9372ecc,broad,200C,single,,MLM,ML‌M,,
00999.f46c3f4b40ebbd0cf2752066c9372ecc,00999__salted__broad__cp200D__single.f46c3f4b40ebbd0cf2752066c9372ecc,broad,200D,single,,MLM,ML‍M,,
00999.f46c3f4b40ebbd0cf2752066c9372ecc,00999__salted__broad__cp00AD__single.f46c3f4b40ebbd0cf2752066c9372ecc,broad,00AD,single,,MLM,ML­M,,
01000.a6f26937625654510b0e5442d24f0e46,01000__salted__broad__cp200B__single.a6f26937625654510b0e5442d24f0e46,broad,200B,single,,Offer,Of​fer,,
01000.a6f26937625654510b0e5442d24f0e46,01000__salted__broad__cp200C__single.a6f26937625654510b0e5442d24f0e46,broad,200C,single,,Offer,Of‌fer,,
01000.a6f26937625654510b0e5442d24f0e46,01000__salted__broad__cp200D__single.a6f26937625654510b0e5442d24f0e46,broad,200D,single,,Offer,Of‍fer,,
01000.a6f26937625654510b0e5442d24f0e46,01000__salted__broad__cp00AD__single.a6f26937625654510b0e5442d24f0e46,broad,00AD,single,,Offer,Of­fer,,
01001.742869a142437dc82db21228edcaff32,01001__salted__broad__cp200B__single.742869a142437dc82db21228edcaff32,broad,200B,single,,Fees,Fe​es,"hours, secret, secret","ho​urs, se​cret, se​cret"
01001.742869a142437dc82db21228edcaff32,01001__salted__broad__cp200C__single.742869a142437dc82db21228edcaff32,broad,200C,single,,Fees,Fe‌es,"hours, secret, secret","ho‌urs, se‌cret, se‌cret"
01001.742869a142437dc82db21228edcaff32,01001__salted__broad__cp200D__single.742869a142437dc82db21228edcaff32,broad,200D,single,,Fees,Fe‍es,"hours, secret, secret","ho‍urs, se‍cret, se‍cret"
01001.742869a142437dc82db21228edcaff32,01001__salted__broad__cp00AD__single.742869a142437dc82db21228edcaff32,broad,00AD,single,,Fees,Fe­es,"hours, secret, secret","ho­urs, se­cret, se­cret"
01006.51548cae04a891d900aa5be21c121548,01006__salted__broad__cp200B__single.51548cae04a891d900aa5be21c121548,broad,200B,single,,,,"introduce, sum, MILLION","in​troduce, su​m, MI​LLION"
01006.51548cae04a891d900aa5be21c121548,01006__salted__broad__cp200C__single.51548cae04a891d900aa5be21c121548,broad,200C,single,,,,"introduce, sum, MILLION","in‌troduce, su‌m, MI‌LLION"
01006.51548cae04a891d900aa5be21c121548,01006__salted__broad__cp200D__single.51548cae04a891d900aa5be21c121548,broad,200D,single,,,,"introduce, sum, MILLION","in‍troduce, su‍m, MI‍LLION"
01006.51548cae04a891d900aa5be21c121548,01006__salted__broad__cp00AD__single.51548cae04a891d900aa5be21c121548,broad,00AD,single,,,,"introduce, sum, MILLION","in­troduce, su­m, MI­LLION"
01007.255b826a1098e8b7d603c7dcf79f3fba,01007__salted__broad__cp200B__single.255b826a1098e8b7d603c7dcf79f3fba,broad,200B,single,,,,"DeathToSpamDeathToSpamDeathToSpam, Sightings, Sightings","De​athToSpamDeathToSpamDeathToSpam, Si​ghtings, Si​ghtings"
01007.255b826a1098e8b7d603c7dcf79f3fba,01007__salted__broad__cp200C__single.255b826a1098e8b7d603c7dcf79f3fba,broad,200C,single,,,,"DeathToSpamDeathToSpamDeathToSpam, Sightings, Sightings","De‌athToSpamDeathToSpamDeathToSpam, Si‌ghtings, Si‌ghtings"
01007.255b826a1098e8b7d603c7dcf79f3fba,01007__salted__broad__cp200D__single.255b826a1098e8b7d603c7dcf79f3fba,broad,200D,single,,,,"DeathToSpamDeathToSpamDeathToSpam, Sightings, Sightings","De‍athToSpamDeathToSpamDeathToSpam, Si‍ghtings, Si‍ghtings"
01007.255b826a1098e8b7d603c7dcf79f3fba,01007__salted__broad__cp00AD__single.255b826a1098e8b7d603c7dcf79f3fba,broad,00AD,single,,,,"DeathToSpamDeathToSpamDeathToSpam, Sightings, Sightings","De­athToSpamDeathToSpamDeathToSpam, Si­ghtings, Si­ghtings"
01009.546dc7364ebc4365ba70ee9d9618ad8e,01009__salted__broad__cp200B__single.546dc7364ebc4365ba70ee9d9618ad8e,broad,200B,single,,HGH,HG​H,,
01009.546dc7364ebc4365ba70ee9d9618ad8e,01009__salted__broad__cp200C__single.546dc7364ebc4365ba70ee9d9618ad8e,broad,200C,single,,HGH,HG‌H,,
01009.546dc7364ebc4365ba70ee9d9618ad8e,01009__salted__broad__cp200D__single.546dc7364ebc4365ba70ee9d9618ad8e,broad,200D,single,,HGH,HG‍H,,
01009.546dc7364ebc4365ba70ee9d9618ad8e,01009__salted__broad__cp00AD__single.546dc7364ebc4365ba70ee9d9618ad8e,broad,00AD,single,,HGH,HG­H,,
01010.584ca28025d60d58521b4dd453125431,01010__salted__broad__cp200B__single.584ca28025d60d58521b4dd453125431,broad,200B,single,,,,"DEAR, SIR, assistance","DE​AR, SI​R, as​sistance"
01010.584ca28025d60d58521b4dd453125431,01010__salted__broad__cp200C__single.584ca28025d60d58521b4dd453125431,broad,200C,single,,,,"DEAR, SIR, assistance","DE‌AR, SI‌R, as‌sistance"
01010.584ca28025d60d58521b4dd453125431,01010__salted__broad__cp200D__single.584ca28025d60d58521b4dd453125431,broad,200D,single,,,,"DEAR, SIR, assistance","DE‍AR, SI‍R, as‍sistance"
01010.584ca28025d60d58521b4dd453125431,01010__salted__broad__cp00AD__single.584ca28025d60d58521b4dd453125431,broad,00AD,single,,,,"DEAR, SIR, assistance","DE­AR, SI­R, as­sistance"
01012.47b3508146cb115f6e00802d03c8df81,01012__salted__broad__cp200B__single.47b3508146cb115f6e00802d03c8df81,broad,200B,single,,Insurance,In​surance,,
01012.47b3508146cb115f6e00802d03c8df81,01012__salted__broad__cp200C__single.47b3508146cb115f6e00802d03c8df81,broad,200C,single,,Insurance,In‌surance,,
01012.47b3508146cb115f6e00802d03c8df81,01012__salted__broad__cp200D__single.47b3508146cb115f6e00802d03c8df81,broad,200D,single,,Insurance,In‍surance,,
01012.47b3508146cb115f6e00802d03c8df81,01012__salted__broad__cp00AD__single.47b3508146cb115f6e00802d03c8df81,broad,00AD,single,,Insurance,In­surance,,
01013.c6cf4f54eda63230389baccc02702034,01013__salted__broad__cp200B__single.c6cf4f54eda63230389baccc02702034,broad,200B,single,,affiliate,af​filiate,,
01013.c6cf4f54eda63230389baccc02702034,01013__salted__broad__cp200C__single.c6cf4f54eda63230389baccc02702034,broad,200C,single,,affiliate,af‌filiate,,
01013.c6cf4f54eda63230389baccc02702034,01013__salted__broad__cp200D__single.c6cf4f54eda63230389baccc02702034,broad,200D,single,,affiliate,af‍filiate,,
01013.c6cf4f54eda63230389baccc02702034,01013__salted__broad__cp00AD__single.c6cf4f54eda63230389baccc02702034,broad,00AD,single,,affiliate,af­filiate,,
01018.3954fb1ddf16896826a0c03270587195,01018__salted__broad__cp200B__single.3954fb1ddf16896826a0c03270587195,broad,200B,single,,,,"hours, DeathToSpamDeathToSpamDeathToSpam, Sightings","ho​urs, De​athToSpamDeathToSpamDeathToSpam, Si​ghtings"
01018.3954fb1ddf16896826a0c03270587195,01018__salted__broad__cp200C__single.3954fb1ddf16896826a0c03270587195,broad,200C,single,,,,"hours, DeathToSpamDeathToSpamDeathToSpam, Sightings","ho‌urs, De‌athToSpamDeathToSpamDeathToSpam, Si‌ghtings"
01018.3954fb1ddf16896826a0c03270587195,01018__salted__broad__cp200D__single.3954fb1ddf16896826a0c03270587195,broad,200D,single,,,,"hours, DeathToSpamDeathToSpamDeathToSpam, Sightings","ho‍urs, De‍athToSpamDeathToSpamDeathToSpam, Si‍ghtings"
01018.3954fb1ddf16896826a0c03270587195,01018__salted__broad__cp00AD__single.3954fb1ddf16896826a0c03270587195,broad,00AD,single,,,,"hours, DeathToSpamDeathToSpamDeathToSpam, Sightings","ho­urs, De­athToSpamDeathToSpamDeathToSpam, Si­ghtings"
01019.994b153571324a2adad60a129c65546a,01019__salted__broad__cp200B__single.994b153571324a2adad60a129c65546a,broad,200B,single,,Refinance,Re​finance,,
01019.994b153571324a2adad60a129c65546a,01019__salted__broad__cp200C__single.994b153571324a2adad60a129c65546a,broad,200C,single,,Refinance,Re‌finance,,
01019.994b153571324a2adad60a129c65546a,01019__salted__broad__cp200D__single.994b153571324a2adad60a129c65546a,broad,200D,single,,Refinance,Re‍finance,,
01019.994b153571324a2adad60a129c65546a,01019__salted__broad__cp00AD__single.994b153571324a2adad60a129c65546a,broad,00AD,single,,Refinance,Re­finance,,
01021.8e30e6b936bfbdc8528c50d4a3ca378c,01021__salted__broad__cp200B__single.8e30e6b936bfbdc8528c50d4a3ca378c,broad,200B,single,,,,"OFFER, membership, hours","OF​FER, me​mbership, ho​urs"
01021.8e30e6b936bfbdc8528c50d4a3ca378c,01021__salted__broad__cp200C__single.8e30e6b936bfbdc8528c50d4a3ca378c,broad,200C,single,,,,"OFFER, membership, hours","OF‌FER, me‌mbership, ho‌urs"
01021.8e30e6b936bfbdc8528c50d4a3ca378c,01021__salted__broad__cp200D__single.8e30e6b936bfbdc8528c50d4a3ca378c,broad,200D,single,,,,"OFFER, membership, hours","OF‍FER, me‍mbership, ho‍urs"
01021.8e30e6b936bfbdc8528c50d4a3ca378c,01021__salted__broad__cp00AD__single.8e30e6b936bfbdc8528c50d4a3ca378c,broad,00AD,single,,,,"OFFER, membership, hours","OF­FER, me­mbership, ho­urs"
01022.55c9eda45ef3de55b8c27c214a1fc305,01022__salted__broad__cp200B__single.55c9eda45ef3de55b8c27c214a1fc305,broad,200B,single,,,,"receive, reply","re​ceive, re​ply"
01022.55c9eda45ef3de55b8c27c214a1fc305,01022__salted__broad__cp200C__single.55c9eda45ef3de55b8c27c214a1fc305,broad,200C,single,,,,"receive, reply","re‌ceive, re‌ply"
01022.55c9eda45ef3de55b8c27c214a1fc305,01022__salted__broad__cp200D__single.55c9eda45ef3de55b8c27c214a1fc305,broad,200D,single,,,,"receive, reply","re‍ceive, re‍ply"
01022.55c9eda45ef3de55b8c27c214a1fc305,01022__salted__broad__cp00AD__single.55c9eda45ef3de55b8c27c214a1fc305,broad,00AD,single,,,,"receive, reply","re­ceive, re­ply"
01023.1f96236c94e92482c058e950ccd7a590,01023__salted__broad__cp200B__single.1f96236c94e92482c058e950ccd7a590,broad,200B,single,,Lose,Lo​se,"lose, weight, exercise","lo​se, we​ight, ex​ercise"
01023.1f96236c94e92482c058e950ccd7a590,01023__salted__broad__cp200C__single.1f96236c94e92482c058e950ccd7a590,broad,200C,single,,Lose,Lo‌se,"lose, weight, exercise","lo‌se, we‌ight, ex‌ercise"
01023.1f96236c94e92482c058e950ccd7a590,01023__salted__broad__cp200D__single.1f96236c94e92482c058e950ccd7a590,broad,200D,single,,Lose,Lo‍se,"lose, weight, exercise","lo‍se, we‍ight, ex‍ercise"
01023.1f96236c94e92482c058e950ccd7a590,01023__salted__broad__cp00AD__single.1f96236c94e92482c058e950ccd7a590,broad,00AD,single,,Lose,Lo­se,"lose, weight, exercise","lo­se, we­ight, ex­ercise"
01025.936514974d8ee8794cf80e3effea92c7,01025__salted__broad__cp200B__single.936514974d8ee8794cf80e3effea92c7,broad,200B,single,,LOSE,LO​SE,"lose, weight, exercise","lo​se, we​ight, ex​ercise"
01025.936514974d8ee8794cf80e3effea92c7,01025__salted__broad__cp200C__single.936514974d8ee8794cf80e3effea92c7,broad,200C,single,,LOSE,LO‌SE,"lose, weight, exercise","lo‌se, we‌ight, ex‌ercise"
01025.936514974d8ee8794cf80e3effea92c7,01025__salted__broad__cp200D__single.936514974d8ee8794cf80e3effea92c7,broad,200D,single,,LOSE,LO‍SE,"lose, weight, exercise","lo‍se, we‍ight, ex‍ercise"
01025.936514974d8ee8794cf80e3effea92c7,01025__salted__broad__cp00AD__single.936514974d8ee8794cf80e3effea92c7,broad,00AD,single,,LOSE,LO­SE,"lose, weight, exercise","lo­se, we­ight, ex­ercise"
01026.dffc6a0b029914be9fc6ef23570dad14,01026__salted__broad__cp200B__single.dffc6a0b029914be9fc6ef23570dad14,broad,200B,single,,Viagra,Vi​agra,,
01026.dffc6a0b029914be9fc6ef23570dad14,01026__salted__broad__cp200C__single.dffc6a0b029914be9fc6ef23570dad14,broad,200C,single,,Viagra,Vi‌agra,,
01026.dffc6a0b029914be9fc6ef23570dad14,01026__salted__broad__cp200D__single.dffc6a0b029914be9fc6ef23570dad14,broad,200D,single,,Viagra,Vi‍agra,,
01026.dffc6a0b029914be9fc6ef23570dad14,01026__salted__broad__cp00AD__single.dffc6a0b029914be9fc6ef23570dad14,broad,00AD,single,,Viagra,Vi­agra,,
01028.e52964252ea2dd1e08251f83c76db32e,01028__salted__broad__cp200B__single.e52964252ea2dd1e08251f83c76db32e,broad,200B,single,,Trading,Tr​ading,,
01028.e52964252ea2dd1e08251f83c76db32e,01028__salted__broad__cp200C__single.e52964252ea2dd1e08251f83c76db32e,broad,200C,single,,Trading,Tr‌ading,,
01028.e52964252ea2dd1e08251f83c76db32e,01028__salted__broad__cp200D__single.e52964252ea2dd1e08251f83c76db32e,broad,200D,single,,Trading,Tr‍ading,,
01028.e52964252ea2dd1e08251f83c76db32e,01028__salted__broad__cp00AD__single.e52964252ea2dd1e08251f83c76db32e,broad,00AD,single,,Trading,Tr­ading,,
01029.d08161f9c60d767804dd9b5148a82025,01029__salted__broad__cp200B__single.d08161f9c60d767804dd9b5148a82025,broad,200B,single,,Sales,Sa​les,"Sales, annuity, Premium","Sa​les, an​nuity, Pr​emium"
01029.d08161f9c60d767804dd9b5148a82025,01029__salted__broad__cp200C__single.d08161f9c60d767804dd9b5148a82025,broad,200C,single,,Sales,Sa‌les,"Sales, annuity, Premium","Sa‌les, an‌nuity, Pr‌emium"
01029.d08161f9c60d767804dd9b5148a82025,01029__salted__broad__cp200D__single.d08161f9c60d767804dd9b5148a82025,broad,200D,single,,Sales,Sa‍les,"Sales, annuity, Premium","Sa‍les, an‍nuity, Pr‍emium"
01029.d08161f9c60d767804dd9b5148a82025,01029__salted__broad__cp00AD__single.d08161f9c60d767804dd9b5148a82025,broad,00AD,single,,Sales,Sa­les,"Sales, annuity, Premium","Sa­les, an­nuity, Pr­emium"
01030.2f9d18088877f028b4ebcb3961e76354,01030__salted__broad__cp200B__single.2f9d18088877f028b4ebcb3961e76354,broad,200B,single,,Insurance,In​surance,,
01030.2f9d18088877f028b4ebcb3961e76354,01030__salted__broad__cp200C__single.2f9d18088877f028b4ebcb3961e76354,broad,200C,single,,Insurance,In‌surance,,
01030.2f9d18088877f028b4ebcb3961e76354,01030__salted__broad__cp200D__single.2f9d18088877f028b4ebcb3961e76354,broad,200D,single,,Insurance,In‍surance,,
01030.2f9d18088877f028b4ebcb3961e76354,01030__salted__broad__cp00AD__single.2f9d18088877f028b4ebcb3961e76354,broad,00AD,single,,Insurance,In­surance,,
01032.99fb105a98e0192bfc987bd3c31f6672,01032__salted__broad__cp200B__single.99fb105a98e0192bfc987bd3c31f6672,broad,200B,single,,TRADING,TR​ADING,,
01032.99fb105a98e0192bfc987bd3c31f6672,01032__salted__broad__cp200C__single.99fb105a98e0192bfc987bd3c31f6672,broad,200C,single,,TRADING,TR‌ADING,,
01032.99fb105a98e0192bfc987bd3c31f6672,01032__salted__broad__cp200D__single.99fb105a98e0192bfc987bd3c31f6672,broad,200D,single,,TRADING,TR‍ADING,,
01032.99fb105a98e0192bfc987bd3c31f6672,01032__salted__broad__cp00AD__single.99fb105a98e0192bfc987bd3c31f6672,broad,00AD,single,,TRADING,TR­ADING,,
01035.9fc118cfb7ee6b9d5fc08fa324f57827,01035__salted__broad__cp200B__single.9fc118cfb7ee6b9d5fc08fa324f57827,broad,200B,single,,,,"mortgage, loan, loan","mo​rtgage, lo​an, lo​an"
01035.9fc118cfb7ee6b9d5fc08fa324f57827,01035__salted__broad__cp200C__single.9fc118cfb7ee6b9d5fc08fa324f57827,broad,200C,single,,,,"mortgage, loan, loan","mo‌rtgage, lo‌an, lo‌an"
01035.9fc118cfb7ee6b9d5fc08fa324f57827,01035__salted__broad__cp200D__single.9fc118cfb7ee6b9d5fc08fa324f57827,broad,200D,single,,,,"mortgage, loan, loan","mo‍rtgage, lo‍an, lo‍an"
01035.9fc118cfb7ee6b9d5fc08fa324f57827,01035__salted__broad__cp00AD__single.9fc118cfb7ee6b9d5fc08fa324f57827,broad,00AD,single,,,,"mortgage, loan, loan","mo­rtgage, lo­an, lo­an"
01039.40b21f41dcf48f380729c22cd2a62122,01039__salted__broad__cp200B__single.40b21f41dcf48f380729c22cd2a62122,broad,200B,single,,MLM,ML​M,,
01039.40b21f41dcf48f380729c22cd2a62122,01039__salted__broad__cp200C__single.40b21f41dcf48f380729c22cd2a62122,broad,200C,single,,MLM,ML‌M,,
01039.40b21f41dcf48f380729c22cd2a62122,01039__salted__broad__cp200D__single.40b21f41dcf48f380729c22cd2a62122,broad,200D,single,,MLM,ML‍M,,
01039.40b21f41dcf48f380729c22cd2a62122,01039__salted__broad__cp00AD__single.40b21f41dcf48f380729c22cd2a62122,broad,00AD,single,,MLM,ML­M,,
01040.24856bbcaedd4d7b28eae47d8f89a62f,01040__salted__broad__cp200B__single.24856bbcaedd4d7b28eae47d8f89a62f,broad,200B,single,,Lose,Lo​se,,
01040.24856bbcaedd4d7b28eae47d8f89a62f,01040__salted__broad__cp200C__single.24856bbcaedd4d7b28eae47d8f89a62f,broad,200C,single,,Lose,Lo‌se,,
01040.24856bbcaedd4d7b28eae47d8f89a62f,01040__salted__broad__cp200D__single.24856bbcaedd4d7b28eae47d8f89a62f,broad,200D,single,,Lose,Lo‍se,,
01040.24856bbcaedd4d7b28eae47d8f89a62f,01040__salted__broad__cp00AD__single.24856bbcaedd4d7b28eae47d8f89a62f,broad,00AD,single,,Lose,Lo­se,,
01041.1ece6e061e80e648c8156d52decd0610,01041__salted__broad__cp200B__single.1ece6e061e80e648c8156d52decd0610,broad,200B,single,,,,"career, career, million","ca​reer, ca​reer, mi​llion"
01041.1ece6e061e80e648c8156d52decd0610,01041__salted__broad__cp200C__single.1ece6e061e80e648c8156d52decd0610,broad,200C,single,,,,"career, career, million","ca‌reer, ca‌reer, mi‌llion"
01041.1ece6e061e80e648c8156d52decd0610,01041__salted__broad__cp200D__single.1ece6e061e80e648c8156d52decd0610,broad,200D,single,,,,"career, career, million","ca‍reer, ca‍reer, mi‍llion"
01041.1ece6e061e80e648c8156d52decd0610,01041__salted__broad__cp00AD__single.1ece6e061e80e648c8156d52decd0610,broad,00AD,single,,,,"career, career, million","ca­reer, ca­reer, mi­llion"
01042.7b53680639a0b4ec9e333ce3046b6af4,01042__salted__broad__cp200B__single.7b53680639a0b4ec9e333ce3046b6af4,broad,200B,single,,Commissions,Co​mmissions,,
01042.7b53680639a0b4ec9e333ce3046b6af4,01042__salted__broad__cp200C__single.7b53680639a0b4ec9e333ce3046b6af4,broad,200C,single,,Commissions,Co‌mmissions,,
01042.7b53680639a0b4ec9e333ce3046b6af4,01042__salted__broad__cp200D__single.7b53680639a0b4ec9e333ce3046b6af4,broad,200D,single,,Commissions,Co‍mmissions,,
01042.7b53680639a0b4ec9e333ce3046b6af4,01042__salted__broad__cp00AD__single.7b53680639a0b4ec9e333ce3046b6af4,broad,00AD,single,,Commissions,Co­mmissions,,
01044.dfd13c2800168c897a2c7056f6e6e2ce,01044__salted__broad__cp200B__single.dfd13c2800168c897a2c7056f6e6e2ce,broad,200B,single,,,,"DeathToSpamDeathToSpamDeathToSpam, Sightings, Sightings","De​athToSpamDeathToSpamDeathToSpam, Si​ghtings, Si​ghtings"
01044.dfd13c2800168c897a2c7056f6e6e2ce,01044__salted__broad__cp200C__single.dfd13c2800168c897a2c7056f6e6e2ce,broad,200C,single,,,,"DeathToSpamDeathToSpamDeathToSpam, Sightings, Sightings","De‌athToSpamDeathToSpamDeathToSpam, Si‌ghtings, Si‌ghtings"
01044.dfd13c2800168c897a2c7056f6e6e2ce,01044__salted__broad__cp200D__single.dfd13c2800168c897a2c7056f6e6e2ce,broad,200D,single,,,,"DeathToSpamDeathToSpamDeathToSpam, Sightings, Sightings","De‍athToSpamDeathToSpamDeathToSpam, Si‍ghtings, Si‍ghtings"
01044.dfd13c2800168c897a2c7056f6e6e2ce,01044__salted__broad__cp00AD__single.dfd13c2800168c897a2c7056f6e6e2ce,broad,00AD,single,,,,"DeathToSpamDeathToSpamDeathToSpam, Sightings, Sightings","De­athToSpamDeathToSpamDeathToSpam, Si­ghtings, Si­ghtings"
01045.21a9ee890753696f026212b3d25f28e6,01045__salted__broad__cp200B__single.21a9ee890753696f026212b3d25f28e6,broad,200B,single,,,,"DeathToSpamDeathToSpamDeathToSpam, Sightings, Sightings","De​athToSpamDeathToSpamDeathToSpam, Si​ghtings, Si​ghtings"
01045.21a9ee890753696f026212b3d25f28e6,01045__salted__broad__cp200C__single.21a9ee890753696f026212b3d25f28e6,broad,200C,single,,,,"DeathToSpamDeathToSpamDeathToSpam, Sightings, Sightings","De‌athToSpamDeathToSpamDeathToSpam, Si‌ghtings, Si‌ghtings"
01045.21a9ee890753696f026212b3d25f28e6,01045__salted__broad__cp200D__single.21a9ee890753696f026212b3d25f28e6,broad,200D,single,,,,"DeathToSpamDeathToSpamDeathToSpam, Sightings, Sightings","De‍athToSpamDeathToSpamDeathToSpam, Si‍ghtings, Si‍ghtings"
01045.21a9ee890753696f026212b3d25f28e6,01045__salted__broad__cp00AD__single.21a9ee890753696f026212b3d25f28e6,broad,00AD,single,,,,"DeathToSpamDeathToSpamDeathToSpam, Sightings, Sightings","De­athToSpamDeathToSpamDeathToSpam, Si­ghtings, Si­ghtings"
01046.00df3a73895dd0f6a8f22434141257f6,01046__salted__broad__cp200B__single.00df3a73895dd0f6a8f22434141257f6,broad,200B,single,,,,"AFRICA, AFRICA, SUM","AF​RICA, AF​RICA, SU​M"
01046.00df3a73895dd0f6a8f22434141257f6,01046__salted__broad__cp200C__single.00df3a73895dd0f6a8f22434141257f6,broad,200C,single,,,,"AFRICA, AFRICA, SUM","AF‌RICA, AF‌RICA, SU‌M"
01046.00df3a73895dd0f6a8f22434141257f6,01046__salted__broad__cp200D__single.00df3a73895dd0f6a8f22434141257f6,broad,200D,single,,,,"AFRICA, AFRICA, SUM","AF‍RICA, AF‍RICA, SU‍M"
01046.00df3a73895dd0f6a8f22434141257f6,01046__salted__broad__cp00AD__single.00df3a73895dd0f6a8f22434141257f6,broad,00AD,single,,,,"AFRICA, AFRICA, SUM","AF­RICA, AF­RICA, SU­M"
01051.a87f28b7d023a840cb54ed7aa5f4e19b,01051__salted__broad__cp200B__single.a87f28b7d023a840cb54ed7aa5f4e19b,broad,200B,single,,,,"FEES, profits, click","FE​ES, pr​ofits, cl​ick"
01051.a87f28b7d023a840cb54ed7aa5f4e19b,01051__salted__broad__cp200C__single.a87f28b7d023a840cb54ed7aa5f4e19b,broad,200C,single,,,,"FEES, profits, click","FE‌ES, pr‌ofits, cl‌ick"
01051.a87f28b7d023a840cb54ed7aa5f4e19b,01051__salted__broad__cp200D__single.a87f28b7d023a840cb54ed7aa5f4e19b,broad,200D,single,,,,"FEES, profits, click","FE‍ES, pr‍ofits, cl‍ick"
01051.a87f28b7d023a840cb54ed7aa5f4e19b,01051__salted__broad__cp00AD__single.a87f28b7d023a840cb54ed7aa5f4e19b,broad,00AD,single,,,,"FEES, profits, click","FE­ES, pr­ofits, cl­ick"
01053.2ec9e69df620c85e3c7c6f61ce199a3c,01053__salted__broad__cp200B__single.2ec9e69df620c85e3c7c6f61ce199a3c,broad,200B,single,,Lose,Lo​se,,
01053.2ec9e69df620c85e3c7c6f61ce199a3c,01053__salted__broad__cp200C__single.2ec9e69df620c85e3c7c6f61ce199a3c,broad,200C,single,,Lose,Lo‌se,,
01053.2ec9e69df620c85e3c7c6f61ce199a3c,01053__salted__broad__cp200D__single.2ec9e69df620c85e3c7c6f61ce199a3c,broad,200D,single,,Lose,Lo‍se,,
01053.2ec9e69df620c85e3c7c6f61ce199a3c,01053__salted__broad__cp00AD__single.2ec9e69df620c85e3c7c6f61ce199a3c,broad,00AD,single,,Lose,Lo­se,,
01054.3b393992b2d9b3c2209719e6ac83da11,01054__salted__broad__cp200B__single.3b393992b2d9b3c2209719e6ac83da11,broad,200B,single,,cartridges,ca​rtridges,,
01054.3b393992b2d9b3c2209719e6ac83da11,01054__salted__broad__cp200C__single.3b393992b2d9b3c2209719e6ac83da11,broad,200C,single,,cartridges,ca‌rtridges,,
01054.3b393992b2d9b3c2209719e6ac83da11,01054__salted__broad__cp200D__single.3b393992b2d9b3c2209719e6ac83da11,broad,200D,single,,cartridges,ca‍rtridges,,
01054.3b393992b2d9b3c2209719e6ac83da11,01054__salted__broad__cp00AD__single.3b393992b2d9b3c2209719e6ac83da11,broad,00AD,single,,cartridges,ca­rtridges,,
01055.6235123a9b08a94a2262000419edd68a,01055__salted__broad__cp200B__single.6235123a9b08a94a2262000419edd68a,broad,200B,single,,,,"obligation, opportunity, fortune","ob​ligation, op​portunity, fo​rtune"
01055.6235123a9b08a94a2262000419edd68a,01055__salted__broad__cp200C__single.6235123a9b08a94a2262000419edd68a,broad,200C,single,,,,"obligation, opportunity, fortune","ob‌ligation, op‌portunity, fo‌rtune"
01055.6235123a9b08a94a2262000419edd68a,01055__salted__broad__cp200D__single.6235123a9b08a94a2262000419edd68a,broad,200D,single,,,,"obligation, opportunity, fortune","ob‍ligation, op‍portunity, fo‍rtune"
01055.6235123a9b08a94a2262000419edd68a,01055__salted__broad__cp00AD__single.6235123a9b08a94a2262000419edd68a,broad,00AD,single,,,,"obligation, opportunity, fortune","ob­ligation, op­portunity, fo­rtune"
01056.c7e5574c3a036313b160b31234e7d81e,01056__salted__broad__cp200B__single.c7e5574c3a036313b160b31234e7d81e,broad,200B,single,,Membership,Me​mbership,"Adult, Offers, Membership","Ad​ult, Of​fers, Me​mbership"
01056.c7e5574c3a036313b160b31234e7d81e,01056__salted__broad__cp200C__single.c7e5574c3a036313b160b31234e7d81e,broad,200C,single,,Membership,Me‌mbership,"Adult, Offers, Membership","Ad‌ult, Of‌fers, Me‌mbership"
01056.c7e5574c3a036313b160b31234e7d81e,01056__salted__broad__cp200D__single.c7e5574c3a036313b160b31234e7d81e,broad,200D,single,,Membership,Me‍mbership,"Adult, Offers, Membership","Ad‍ult, Of‍fers, Me‍mbership"
01056.c7e5574c3a036313b160b31234e7d81e,01056__salted__broad__cp00AD__single.c7e5574c3a036313b160b31234e7d81e,broad,00AD,single,,Membership,Me­mbership,"Adult, Offers, Membership","Ad­ult, Of­fers, Me­mbership"
01060.d72413ea3af9e1c5530a3570e0bb517e,01060__salted__broad__cp200B__single.d72413ea3af9e1c5530a3570e0bb517e,broad,200B,single,,Lose,Lo​se,"lose, weight, exercise","lo​se, we​ight, ex​ercise"
01060.d72413ea3af9e1c5530a3570e0bb517e,01060__salted__broad__cp200C__single.d72413ea3af9e1c5530a3570e0bb517e,broad,200C,single,,Lose,Lo‌se,"lose, weight, exercise","lo‌se, we‌ight, ex‌ercise"
01060.d72413ea3af9e1c5530a3570e0bb517e,01060__salted__broad__cp200D__single.d72413ea3af9e1c5530a3570e0bb517e,broad,200D,single,,Lose,Lo‍se,"lose, weight, exercise","lo‍se, we‍ight, ex‍ercise"
01060.d72413ea3af9e1c5530a3570e0bb517e,01060__salted__broad__cp00AD__single.d72413ea3af9e1c5530a3570e0bb517e,broad,00AD,single,,Lose,Lo­se,"lose, weight, exercise","lo­se, we­ight, ex­ercise"
01062.c35ba7728139dda6e85342e9e8cb2eaa,01062__salted__broad__cp200B__single.c35ba7728139dda6e85342e9e8cb2eaa,broad,200B,single,,Lowest,Lo​west,,
01062.c35ba7728139dda6e85342e9e8cb2eaa,01062__salted__broad__cp200C__single.c35ba7728139dda6e85342e9e8cb2eaa,broad,200C,single,,Lowest,Lo‌west,,
01062.c35ba7728139dda6e85342e9e8cb2eaa,01062__salted__broad__cp200D__single.c35ba7728139dda6e85342e9e8cb2eaa,broad,200D,single,,Lowest,Lo‍west,,
01062.c35ba7728139dda6e85342e9e8cb2eaa,01062__salted__broad__cp00AD__single.c35ba7728139dda6e85342e9e8cb2eaa,broad,00AD,single,,Lowest,Lo­west,,
01063.e0318e91412291f881f315287050abe4,01063__salted__broad__cp200B__single.e0318e91412291f881f315287050abe4,broad,200B,single,,,,"Click, remove","Cl​ick, re​move"
01063.e0318e91412291f881f315287050abe4,01063__salted__broad__cp200C__single.e0318e91412291f881f315287050abe4,broad,200C,single,,,,"Click, remove","Cl‌ick, re‌move"
01063.e0318e91412291f881f315287050abe4,01063__salted__broad__cp200D__single.e0318e91412291f881f315287050abe4,broad,200D,single,,,,"Click, remove","Cl‍ick, re‍move"
01063.e0318e91412291f881f315287050abe4,01063__salted__broad__cp00AD__single.e0318e91412291f881f315287050abe4,broad,00AD,single,,,,"Click, remove","Cl­ick, re­move"
01067.cbfadba14efd2125f98bf8ae03c68f68,01067__salted__broad__cp200B__single.cbfadba14efd2125f98bf8ae03c68f68,broad,200B,single,,cartridges,ca​rtridges,,
01067.cbfadba14efd2125f98bf8ae03c68f68,01067__salted__broad__cp200C__single.cbfadba14efd2125f98bf8ae03c68f68,broad,200C,single,,cartridges,ca‌rtridges,,
01067.cbfadba14efd2125f98bf8ae03c68f68,01067__salted__broad__cp200D__single.cbfadba14efd2125f98bf8ae03c68f68,broad,200D,single,,cartridges,ca‍rtridges,,
01067.cbfadba14efd2125f98bf8ae03c68f68,01067__salted__broad__cp00AD__single.cbfadba14efd2125f98bf8ae03c68f68,broad,00AD,single,,cartridges,ca­rtridges,,
01071.d9be48eb5a3359dd72dd7d0e9627fff3,01071__salted__broad__cp200B__single.d9be48eb5a3359dd72dd7d0e9627fff3,broad,200B,single,,VIAGRA,VI​AGRA,"Click, approved, consultation","Cl​ick, ap​proved, co​nsultation"
01071.d9be48eb5a3359dd72dd7d0e9627fff3,01071__salted__broad__cp200C__single.d9be48eb5a3359dd72dd7d0e9627fff3,broad,200C,single,,VIAGRA,VI‌AGRA,"Click, approved, consultation","Cl‌ick, ap‌proved, co‌nsultation"
01071.d9be48eb5a3359dd72dd7d0e9627fff3,01071__salted__broad__cp200D__single.d9be48eb5a3359dd72dd7d0e9627fff3,broad,200D,single,,VIAGRA,VI‍AGRA,"Click, approved, consultation","Cl‍ick, ap‍proved, co‍nsultation"
01071.d9be48eb5a3359dd72dd7d0e9627fff3,01071__salted__broad__cp00AD__single.d9be48eb5a3359dd72dd7d0e9627fff3,broad,00AD,single,,VIAGRA,VI­AGRA,"Click, approved, consultation","Cl­ick, ap­proved, co­nsultation"
01073.bfc8a301fd274efde213c0249d5a85b7,01073__salted__broad__cp200B__single.bfc8a301fd274efde213c0249d5a85b7,broad,200B,single,,,,"promotional, wish, receive","pr​omotional, wi​sh, re​ceive"
01073.bfc8a301fd274efde213c0249d5a85b7,01073__salted__broad__cp200C__single.bfc8a301fd274efde213c0249d5a85b7,broad,200C,single,,,,"promotional, wish, receive","pr‌omotional, wi‌sh, re‌ceive"
01073.bfc8a301fd274efde213c0249d5a85b7,01073__salted__broad__cp200D__single.bfc8a301fd274efde213c0249d5a85b7,broad,200D,single,,,,"promotional, wish, receive","pr‍omotional, wi‍sh, re‍ceive"
01073.bfc8a301fd274efde213c0249d5a85b7,01073__salted__broad__cp00AD__single.bfc8a301fd274efde213c0249d5a85b7,broad,00AD,single,,,,"promotional, wish, receive","pr­omotional, wi­sh, re­ceive"
01074.d22922a762aea4d5a5aa2615e144585a,01074__salted__broad__cp200B__single.d22922a762aea4d5a5aa2615e144585a,broad,200B,single,,,,"million, visitors, receive","mi​llion, vi​sitors, re​ceive"
01074.d22922a762aea4d5a5aa2615e144585a,01074__salted__broad__cp200C__single.d22922a762aea4d5a5aa2615e144585a,broad,200C,single,,,,"million, visitors, receive","mi‌llion, vi‌sitors, re‌ceive"
01074.d22922a762aea4d5a5aa2615e144585a,01074__salted__broad__cp200D__single.d22922a762aea4d5a5aa2615e144585a,broad,200D,single,,,,"million, visitors, receive","mi‍llion, vi‍sitors, re‍ceive"
01074.d22922a762aea4d5a5aa2615e144585a,01074__salted__broad__cp00AD__single.d22922a762aea4d5a5aa2615e144585a,broad,00AD,single,,,,"million, visitors, receive","mi­llion, vi­sitors, re­ceive"
01076.7f524e1d3f1523e22d754ce5d4a27ae6,01076__salted__broad__cp200B__single.7f524e1d3f1523e22d754ce5d4a27ae6,broad,200B,single,,,,"Hundreds, Click, reply","Hu​ndreds, Cl​ick, re​ply"
01076.7f524e1d3f1523e22d754ce5d4a27ae6,01076__salted__broad__cp200C__single.7f524e1d3f1523e22d754ce5d4a27ae6,broad,200C,single,,,,"Hundreds, Click, reply","Hu‌ndreds, Cl‌ick, re‌ply"
01076.7f524e1d3f1523e22d754ce5d4a27ae6,01076__salted__broad__cp200D__single.7f524e1d3f1523e22d754ce5d4a27ae6,broad,200D,single,,,,"Hundreds, Click, reply","Hu‍ndreds, Cl‍ick, re‍ply"
01076.7f524e1d3f1523e22d754ce5d4a27ae6,01076__salted__broad__cp00AD__single.7f524e1d3f1523e22d754ce5d4a27ae6,broad,00AD,single,,,,"Hundreds, Click, reply","Hu­ndreds, Cl­ick, re­ply"
01077.526ad4ce12f3ef73a4b4eae0f211e2c9,01077__salted__broad__cp200B__single.526ad4ce12f3ef73a4b4eae0f211e2c9,broad,200B,single,,Account,Ac​count,"trading, Dear","tr​ading, De​ar"
01077.526ad4ce12f3ef73a4b4eae0f211e2c9,01077__salted__broad__cp200C__single.526ad4ce12f3ef73a4b4eae0f211e2c9,broad,200C,single,,Account,Ac‌count,"trading, Dear","tr‌ading, De‌ar"
01077.526ad4ce12f3ef73a4b4eae0f211e2c9,01077__salted__broad__cp200D__single.526ad4ce12f3ef73a4b4eae0f211e2c9,broad,200D,single,,Account,Ac‍count,"trading, Dear","tr‍ading, De‍ar"
01077.526ad4ce12f3ef73a4b4eae0f211e2c9,01077__salted__broad__cp00AD__single.526ad4ce12f3ef73a4b4eae0f211e2c9,broad,00AD,single,,Account,Ac­count,"trading, Dear","tr­ading, De­ar"
01080.d8ed30c7817d6b4b3b6ce947f31cc8d4,01080__salted__broad__cp200B__single.d8ed30c7817d6b4b3b6ce947f31cc8d4,broad,200B,single,,,,"reply, Remove, Hundreds","re​ply, Re​move, Hu​ndreds"
01080.d8ed30c7817d6b4b3b6ce947f31cc8d4,01080__salted__broad__cp200C__single.d8ed30c7817d6b4b3b6ce947f31cc8d4,broad,200C,single,,,,"reply, Remove, Hundreds","re‌ply, Re‌move, Hu‌ndreds"
01080.d8ed30c7817d6b4b3b6ce947f31cc8d4,01080__salted__broad__cp200D__single.d8ed30c7817d6b4b3b6ce947f31cc8d4,broad,200D,single,,,,"reply, Remove, Hundreds","re‍ply, Re‍move, Hu‍ndreds"
01080.d8ed30c7817d6b4b3b6ce947f31cc8d4,01080__salted__broad__cp00AD__single.d8ed30c7817d6b4b3b6ce947f31cc8d4,broad,00AD,single,,,,"reply, Remove, Hundreds","re­ply, Re­move, Hu­ndreds"
01083.a6b3c50be5abf782b585995d2c11176b,01083__salted__broad__cp200B__single.a6b3c50be5abf782b585995d2c11176b,broad,200B,single,,,,"Reply, Reply, Reply","Re​ply, Re​ply, Re​ply"
01083.a6b3c50be5abf782b585995d2c11176b,01083__salted__broad__cp200C__single.a6b3c50be5abf782b585995d2c11176b,broad,200C,single,,,,"Reply, Reply, Reply","Re‌ply, Re‌ply, Re‌ply"
01083.a6b3c50be5abf782b585995d2c11176b,01083__salted__broad__cp200D__single.a6b3c50be5abf782b585995d2c11176b,broad,200D,single,,,,"Reply, Reply, Reply","Re‍ply, Re‍ply, Re‍ply"
01083.a6b3c50be5abf782b585995d2c11176b,01083__salted__broad__cp00AD__single.a6b3c50be5abf782b585995d2c11176b,broad,00AD,single,,,,"Reply, Reply, Reply","Re­ply, Re­ply, Re­ply"
01084.c0005822ea0294c6eb9143276b93eb41,01084__salted__broad__cp200B__single.c0005822ea0294c6eb9143276b93eb41,broad,200B,single,,,,"guaranteed, Guarantees, Guaranteed","gu​aranteed, Gu​arantees, Gu​aranteed"
01084.c0005822ea0294c6eb9143276b93eb41,01084__salted__broad__cp200C__single.c0005822ea0294c6eb9143276b93eb41,broad,200C,single,,,,"guaranteed, Guarantees, Guaranteed","gu‌aranteed, Gu‌arantees, Gu‌aranteed"
01084.c0005822ea0294c6eb9143276b93eb41,01084__salted__broad__cp200D__single.c0005822ea0294c6eb9143276b93eb41,broad,200D,single,,,,"guaranteed, Guarantees, Guaranteed","gu‍aranteed, Gu‍arantees, Gu‍aranteed"
01084.c0005822ea0294c6eb9143276b93eb41,01084__salted__broad__cp00AD__single.c0005822ea0294c6eb9143276b93eb41,broad,00AD,single,,,,"guaranteed, Guarantees, Guaranteed","gu­aranteed, Gu­arantees, Gu­aranteed"
01085.0deb0d9335e8db6cbf1021ae3c62198c,01085__salted__broad__cp200B__single.0deb0d9335e8db6cbf1021ae3c62198c,broad,200B,single,,Adult,Ad​ult,Credit,Cr​edit
01085.0deb0d9335e8db6cbf1021ae3c62198c,01085__salted__broad__cp200C__single.0deb0d9335e8db6cbf1021ae3c62198c,broad,200C,single,,Adult,Ad‌ult,Credit,Cr‌edit
01085.0deb0d9335e8db6cbf1021ae3c62198c,01085__salted__broad__cp200D__single.0deb0d9335e8db6cbf1021ae3c62198c,broad,200D,single,,Adult,Ad‍ult,Credit,Cr‍edit
01085.0deb0d9335e8db6cbf1021ae3c62198c,01085__salted__broad__cp00AD__single.0deb0d9335e8db6cbf1021ae3c62198c,broad,00AD,single,,Adult,Ad­ult,Credit,Cr­edit
01086.158c29f51d36d79ababf4377b5b3f1d2,01086__salted__broad__cp200B__single.158c29f51d36d79ababf4377b5b3f1d2,broad,200B,single,,,,"Enemies, credit, Independent","En​emies, cr​edit, In​dependent"
01086.158c29f51d36d79ababf4377b5b3f1d2,01086__salted__broad__cp200C__single.158c29f51d36d79ababf4377b5b3f1d2,broad,200C,single,,,,"Enemies, credit, Independent","En‌emies, cr‌edit, In‌dependent"
01086.158c29f51d36d79ababf4377b5b3f1d2,01086__salted__broad__cp200D__single.158c29f51d36d79ababf4377b5b3f1d2,broad,200D,single,,,,"Enemies, credit, Independent","En‍emies, cr‍edit, In‍dependent"
01086.158c29f51d36d79ababf4377b5b3f1d2,01086__salted__broad__cp00AD__single.158c29f51d36d79ababf4377b5b3f1d2,broad,00AD,single,,,,"Enemies, credit, Independent","En­emies, cr­edit, In­dependent"
01088.9e2ddb068a1c044b31f2285a9009f15d,01088__salted__broad__cp200B__single.9e2ddb068a1c044b31f2285a9009f15d,broad,200B,single,,Prescription,Pr​escription,,
01088.9e2ddb068a1c044b31f2285a9009f15d,01088__salted__broad__cp200C__single.9e2ddb068a1c044b31f2285a9009f15d,broad,200C,single,,Prescription,Pr‌escription,,
01088.9e2ddb068a1c044b31f2285a9009f15d,01088__salted__broad__cp200D__single.9e2ddb068a1c044b31f2285a9009f15d,broad,200D,single,,Prescription,Pr‍escription,,
01088.9e2ddb068a1c044b31f2285a9009f15d,01088__salted__broad__cp00AD__single.9e2ddb068a1c044b31f2285a9009f15d,broad,00AD,single,,Prescription,Pr­escription,,
01091.47ee797e486dba9a3c15536dc379b2e5,01091__salted__broad__cp200B__single.47ee797e486dba9a3c15536dc379b2e5,broad,200B,single,,Prices,Pr​ices,,
01091.47ee797e486dba9a3c15536dc379b2e5,01091__salted__broad__cp200C__single.47ee797e486dba9a3c15536dc379b2e5,broad,200C,single,,Prices,Pr‌ices,,
01091.47ee797e486dba9a3c15536dc379b2e5,01091__salted__broad__cp200D__single.47ee797e486dba9a3c15536dc379b2e5,broad,200D,single,,Prices,Pr‍ices,,
01091.47ee797e486dba9a3c15536dc379b2e5,01091__salted__broad__cp00AD__single.47ee797e486dba9a3c15536dc379b2e5,broad,00AD,single,,Prices,Pr­ices,,
01092.7a97a1db89c8b78df9cb59aa0d0b1fb4,01092__salted__broad__cp200B__single.7a97a1db89c8b78df9cb59aa0d0b1fb4,broad,200B,single,,membership,me​mbership,,
01092.7a97a1db89c8b78df9cb59aa0d0b1fb4,01092__salted__broad__cp200C__single.7a97a1db89c8b78df9cb59aa0d0b1fb4,broad,200C,single,,membership,me‌mbership,,
01092.7a97a1db89c8b78df9cb59aa0d0b1fb4,01092__salted__broad__cp200D__single.7a97a1db89c8b78df9cb59aa0d0b1fb4,broad,200D,single,,membership,me‍mbership,,
01092.7a97a1db89c8b78df9cb59aa0d0b1fb4,01092__salted__broad__cp00AD__single.7a97a1db89c8b78df9cb59aa0d0b1fb4,broad,00AD,single,,membership,me­mbership,,
01094.91779ec04e5e6b27e84297c28fc7369f,01094__salted__broad__cp200B__single.91779ec04e5e6b27e84297c28fc7369f,broad,200B,single,,,,"guarantee, Guaranteed, testimonials","gu​arantee, Gu​aranteed, te​stimonials"
01094.91779ec04e5e6b27e84297c28fc7369f,01094__salted__broad__cp200C__single.91779ec04e5e6b27e84297c28fc7369f,broad,200C,single,,,,"guarantee, Guaranteed, testimonials","gu‌arantee, Gu‌aranteed, te‌stimonials"
01094.91779ec04e5e6b27e84297c28fc7369f,01094__salted__broad__cp200D__single.91779ec04e5e6b27e84297c28fc7369f,broad,200D,single,,,,"guarantee, Guaranteed, testimonials","gu‍arantee, Gu‍aranteed, te‍stimonials"
01094.91779ec04e5e6b27e84297c28fc7369f,01094__salted__broad__cp00AD__single.91779ec04e5e6b27e84297c28fc7369f,broad,00AD,single,,,,"guarantee, Guaranteed, testimonials","gu­arantee, Gu­aranteed, te­stimonials"
01095.520dcad6e0ebb4d30222292f51ee76ab,01095__salted__broad__cp200B__single.520dcad6e0ebb4d30222292f51ee76ab,broad,200B,single,,,,"guarantee, Guaranteed, testimonials","gu​arantee, Gu​aranteed, te​stimonials"
01095.520dcad6e0ebb4d30222292f51ee76ab,01095__salted__broad__cp200C__single.520dcad6e0ebb4d30222292f51ee76ab,broad,200C,single,,,,"guarantee, Guaranteed, testimonials","gu‌arantee, Gu‌aranteed, te‌stimonials"
01095.520dcad6e0ebb4d30222292f51ee76ab,01095__salted__broad__cp200D__single.520dcad6e0ebb4d30222292f51ee76ab,broad,200D,single,,,,"guarantee, Guaranteed, testimonials","gu‍arantee, Gu‍aranteed, te‍stimonials"
01095.520dcad6e0ebb4d30222292f51ee76ab,01095__salted__broad__cp00AD__single.520dcad6e0ebb4d30222292f51ee76ab,broad,00AD,single,,,,"guarantee, Guaranteed, testimonials","gu­arantee, Gu­aranteed, te­stimonials"
01097.98d732b93866d13b0c13589ae2acc383,01097__salted__broad__cp200B__single.98d732b93866d13b0c13589ae2acc383,broad,200B,single,,,,"Purchasing, introduce, contact","Pu​rchasing, in​troduce, co​ntact"
01097.98d732b93866d13b0c13589ae2acc383,01097__salted__broad__cp200C__single.98d732b93866d13b0c13589ae2acc383,broad,200C,single,,,,"Purchasing, introduce, contact","Pu‌rchasing, in‌troduce, co‌ntact"
01097.98d732b93866d13b0c13589ae2acc383,01097__salted__broad__cp200D__single.98d732b93866d13b0c13589ae2acc383,broad,200D,single,,,,"Purchasing, introduce, contact","Pu‍rchasing, in‍troduce, co‍ntact"
01097.98d732b93866d13b0c13589ae2acc383,01097__salted__broad__cp00AD__single.98d732b93866d13b0c13589ae2acc383,broad,00AD,single,,,,"Purchasing, introduce, contact","Pu­rchasing, in­troduce, co­ntact"
01098.4ea844b47fbe9b09a9cb7bbdb96ed3dc,01098__salted__broad__cp200B__single.4ea844b47fbe9b09a9cb7bbdb96ed3dc,broad,200B,single,,CLICK,CL​ICK,,
01098.4ea844b47fbe9b09a9cb7bbdb96ed3dc,01098__salted__broad__cp200C__single.4ea844b47fbe9b09a9cb7bbdb96ed3dc,broad,200C,single,,CLICK,CL‌ICK,,
01098.4ea844b47fbe9b09a9cb7bbdb96ed3dc,01098__salted__broad__cp200D__single.4ea844b47fbe9b09a9cb7bbdb96ed3dc,broad,200D,single,,CLICK,CL‍ICK,,
01098.4ea844b47fbe9b09a9cb7bbdb96ed3dc,01098__salted__broad__cp00AD__single.4ea844b47fbe9b09a9cb7bbdb96ed3dc,broad,00AD,single,,CLICK,CL­ICK,,
01103.1ad34526adee0adab5a8cda98d3f2182,01103__salted__broad__cp200B__single.1ad34526adee0adab5a8cda98d3f2182,broad,200B,single,,Mortgage,Mo​rtgage,"Dear, Rates, lowest","De​ar, Ra​tes, lo​west"
01103.1ad34526adee0adab5a8cda98d3f2182,01103__salted__broad__cp200C__single.1ad34526adee0adab5a8cda98d3f2182,broad,200C,single,,Mortgage,Mo‌rtgage,"Dear, Rates, lowest","De‌ar, Ra‌tes, lo‌west"
01103.1ad34526adee0adab5a8cda98d3f2182,01103__salted__broad__cp200D__single.1ad34526adee0adab5a8cda98d3f2182,broad,200D,single,,Mortgage,Mo‍rtgage,"Dear, Rates, lowest","De‍ar, Ra‍tes, lo‍west"
01103.1ad34526adee0adab5a8cda98d3f2182,01103__salted__broad__cp00AD__single.1ad34526adee0adab5a8cda98d3f2182,broad,00AD,single,,Mortgage,Mo­rtgage,"Dear, Rates, lowest","De­ar, Ra­tes, lo­west"
01107.5b3ad5e88347b08967ec627b815f2fc3,01107__salted__broad__cp200B__single.5b3ad5e88347b08967ec627b815f2fc3,broad,200B,single,,,,"Dear, Sir, Thirty","De​ar, Si​r, Th​irty"
01107.5b3ad5e88347b08967ec627b815f2fc3,01107__salted__broad__cp200C__single.5b3ad5e88347b08967ec627b815f2fc3,broad,200C,single,,,,"Dear, Sir, Thirty","De‌ar, Si‌r, Th‌irty"
01107.5b3ad5e88347b08967ec627b815f2fc3,01107__salted__broad__cp200D__single.5b3ad5e88347b08967ec627b815f2fc3,broad,200D,single,,,,"Dear, Sir, Thirty","De‍ar, Si‍r, Th‍irty"
01107.5b3ad5e88347b08967ec627b815f2fc3,01107__salted__broad__cp00AD__single.5b3ad5e88347b08967ec627b815f2fc3,broad,00AD,single,,,,"Dear, Sir, Thirty","De­ar, Si­r, Th­irty"
01108.0a4bf099b98c488b65e8d6ca685d6867,01108__salted__broad__cp200B__single.0a4bf099b98c488b65e8d6ca685d6867,broad,200B,single,,,,"VISIT, Fortune, confidential","VI​SIT, Fo​rtune, co​nfidential"
01108.0a4bf099b98c488b65e8d6ca685d6867,01108__salted__broad__cp200C__single.0a4bf099b98c488b65e8d6ca685d6867,broad,200C,single,,,,"VISIT, Fortune, confidential","VI‌SIT, Fo‌rtune, co‌nfidential"
01108.0a4bf099b98c488b65e8d6ca685d6867,01108__salted__broad__cp200D__single.0a4bf099b98c488b65e8d6ca685d6867,broad,200D,single,,,,"VISIT, Fortune, confidential","VI‍SIT, Fo‍rtune, co‍nfidential"
01108.0a4bf099b98c488b65e8d6ca685d6867,01108__salted__broad__cp00AD__single.0a4bf099b98c488b65e8d6ca685d6867,broad,00AD,single,,,,"VISIT, Fortune, confidential","VI­SIT, Fo­rtune, co­nfidential"
01109.88a5be2e14a78393b1495d355995a122,01109__salted__broad__cp200B__single.88a5be2e14a78393b1495d355995a122,broad,200B,single,,cartridges,ca​rtridges,,
01109.88a5be2e14a78393b1495d355995a122,01109__salted__broad__cp200C__single.88a5be2e14a78393b1495d355995a122,broad,200C,single,,cartridges,ca‌rtridges,,
01109.88a5be2e14a78393b1495d355995a122,01109__salted__broad__cp200D__single.88a5be2e14a78393b1495d355995a122,broad,200D,single,,cartridges,ca‍rtridges,,
01109.88a5be2e14a78393b1495d355995a122,01109__salted__broad__cp00AD__single.88a5be2e14a78393b1495d355995a122,broad,00AD,single,,cartridges,ca­rtridges,,
01111.75bdbd4d859574b9e095f9f7b81ed106,01111__salted__broad__cp200B__single.75bdbd4d859574b9e095f9f7b81ed106,broad,200B,single,,HGH,HG​H,,
01111.75bdbd4d859574b9e095f9f7b81ed106,01111__salted__broad__cp200C__single.75bdbd4d859574b9e095f9f7b81ed106,broad,200C,single,,HGH,HG‌H,,
01111.75bdbd4d859574b9e095f9f7b81ed106,01111__salted__broad__cp200D__single.75bdbd4d859574b9e095f9f7b81ed106,broad,200D,single,,HGH,HG‍H,,
01111.75bdbd4d859574b9e095f9f7b81ed106,01111__salted__broad__cp00AD__single.75bdbd4d859574b9e095f9f7b81ed106,broad,00AD,single,,HGH,HG­H,,
01112.ded20e59cd4ac9ad9607ce6cfe268ecc,01112__salted__broad__cp200B__single.ded20e59cd4ac9ad9607ce6cfe268ecc,broad,200B,single,,credit,cr​edit,,
01112.ded20e59cd4ac9ad9607ce6cfe268ecc,01112__salted__broad__cp200C__single.ded20e59cd4ac9ad9607ce6cfe268ecc,broad,200C,single,,credit,cr‌edit,,
01112.ded20e59cd4ac9ad9607ce6cfe268ecc,01112__salted__broad__cp200D__single.ded20e59cd4ac9ad9607ce6cfe268ecc,broad,200D,single,,credit,cr‍edit,,
01112.ded20e59cd4ac9ad9607ce6cfe268ecc,01112__salted__broad__cp00AD__single.ded20e59cd4ac9ad9607ce6cfe268ecc,broad,00AD,single,,credit,cr­edit,,
01113.75ded32e6beb52dec1b6007dc86b47bb,01113__salted__broad__cp200B__single.75ded32e6beb52dec1b6007dc86b47bb,broad,200B,single,,monthly,mo​nthly,,
01113.75ded32e6beb52dec1b6007dc86b47bb,01113__salted__broad__cp200C__single.75ded32e6beb52dec1b6007dc86b47bb,broad,200C,single,,monthly,mo‌nthly,,
01113.75ded32e6beb52dec1b6007dc86b47bb,01113__salted__broad__cp200D__single.75ded32e6beb52dec1b6007dc86b47bb,broad,200D,single,,monthly,mo‍nthly,,
01113.75ded32e6beb52dec1b6007dc86b47bb,01113__salted__broad__cp00AD__single.75ded32e6beb52dec1b6007dc86b47bb,broad,00AD,single,,monthly,mo­nthly,,
01114.1499922e828350a4f6076ef4a0de3ec5,01114__salted__broad__cp200B__single.1499922e828350a4f6076ef4a0de3ec5,broad,200B,single,,,,"Guaranteed, herbal, Proven","Gu​aranteed, he​rbal, Pr​oven"
01114.1499922e828350a4f6076ef4a0de3ec5,01114__salted__broad__cp200C__single.1499922e828350a4f6076ef4a0de3ec5,broad,200C,single,,,,"Guaranteed, herbal, Proven","Gu‌aranteed, he‌rbal, Pr‌oven"
01114.1499922e828350a4f6076ef4a0de3ec5,01114__salted__broad__cp200D__single.1499922e828350a4f6076ef4a0de3ec5,broad,200D,single,,,,"Guaranteed, herbal, Proven","Gu‍aranteed, he‍rbal, Pr‍oven"
01114.1499922e828350a4f6076ef4a0de3ec5,01114__salted__broad__cp00AD__single.1499922e828350a4f6076ef4a0de3ec5,broad,00AD,single,,,,"Guaranteed, herbal, Proven","Gu­aranteed, he­rbal, Pr­oven"
01115.bd63b2430d4bebf2a49a6caef0ee3974,01115__salted__broad__cp200B__single.bd63b2430d4bebf2a49a6caef0ee3974,broad,200B,single,,,,"Dear, Sir, credit","De​ar, Si​r, cr​edit"
01115.bd63b2430d4bebf2a49a6caef0ee3974,01115__salted__broad__cp200C__single.bd63b2430d4bebf2a49a6caef0ee3974,broad,200C,single,,,,"Dear, Sir, credit","De‌ar, Si‌r, cr‌edit"
01115.bd63b2430d4bebf2a49a6caef0ee3974,01115__salted__broad__cp200D__single.bd63b2430d4bebf2a49a6caef0ee3974,broad,200D,single,,,,"Dear, Sir, credit","De‍ar, Si‍r, cr‍edit"
01115.bd63b2430d4bebf2a49a6caef0ee3974,01115__salted__broad__cp00AD__single.bd63b2430d4bebf2a49a6caef0ee3974,broad,00AD,single,,,,"Dear, Sir, credit","De­ar, Si­r, cr­edit"
01117.c018f3f0f9df7fe31cce608189589fd6,01117__salted__broad__cp200B__single.c018f3f0f9df7fe31cce608189589fd6,broad,200B,single,,,,"Guaranteed, herbal, Proven","Gu​aranteed, he​rbal, Pr​oven"
01117.c018f3f0f9df7fe31cce608189589fd6,01117__salted__broad__cp200C__single.c018f3f0f9df7fe31cce608189589fd6,broad,200C,single,,,,"Guaranteed, herbal, Proven","Gu‌aranteed, he‌rbal, Pr‌oven"
01117.c018f3f0f9df7fe31cce608189589fd6,01117__salted__broad__cp200D__single.c018f3f0f9df7fe31cce608189589fd6,broad,200D,single,,,,"Guaranteed, herbal, Proven","Gu‍aranteed, he‍rbal, Pr‍oven"
01117.c018f3f0f9df7fe31cce608189589fd6,01117__salted__broad__cp00AD__single.c018f3f0f9df7fe31cce608189589fd6,broad,00AD,single,,,,"Guaranteed, herbal, Proven","Gu­aranteed, he­rbal, Pr­oven"
01118.db60fc08987ac4bdaf96ab4e1c83eafe,01118__salted__broad__cp200B__single.db60fc08987ac4bdaf96ab4e1c83eafe,broad,200B,single,,,,"Sales, Confidential, City","Sa​les, Co​nfidential, Ci​ty"
01118.db60fc08987ac4bdaf96ab4e1c83eafe,01118__salted__broad__cp200C__single.db60fc08987ac4bdaf96ab4e1c83eafe,broad,200C,single,,,,"Sales, Confidential, City","Sa‌les, Co‌nfidential, Ci‌ty"
01118.db60fc08987ac4bdaf96ab4e1c83eafe,01118__salted__broad__cp200D__single.db60fc08987ac4bdaf96ab4e1c83eafe,broad,200D,single,,,,"Sales, Confidential, City","Sa‍les, Co‍nfidential, Ci‍ty"
01118.db60fc08987ac4bdaf96ab4e1c83eafe,01118__salted__broad__cp00AD__single.db60fc08987ac4bdaf96ab4e1c83eafe,broad,00AD,single,,,,"Sales, Confidential, City","Sa­les, Co­nfidential, Ci­ty"
01119.343c5318a6ef39de4aea0f081009f391,01119__salted__broad__cp200B__single.343c5318a6ef39de4aea0f081009f391,broad,200B,single,,cartridges,ca​rtridges,,
01119.343c5318a6ef39de4aea0f081009f391,01119__salted__broad__cp200C__single.343c5318a6ef39de4aea0f081009f391,broad,200C,single,,cartridges,ca‌rtridges,,
01119.343c5318a6ef39de4aea0f081009f391,01119__salted__broad__cp200D__single.343c5318a6ef39de4aea0f081009f391,broad,200D,single,,cartridges,ca‍rtridges,,
01119.343c5318a6ef39de4aea0f081009f391,01119__salted__broad__cp00AD__single.343c5318a6ef39de4aea0f081009f391,broad,00AD,single,,cartridges,ca­rtridges,,
01120.853b87a34ab28efd22d9851702b2f9c5,01120__salted__broad__cp200B__single.853b87a34ab28efd22d9851702b2f9c5,broad,200B,single,,guarantees,gu​arantees,,
01120.853b87a34ab28efd22d9851702b2f9c5,01120__salted__broad__cp200C__single.853b87a34ab28efd22d9851702b2f9c5,broad,200C,single,,guarantees,gu‌arantees,,
01120.853b87a34ab28efd22d9851702b2f9c5,01120__salted__broad__cp200D__single.853b87a34ab28efd22d9851702b2f9c5,broad,200D,single,,guarantees,gu‍arantees,,
01120.853b87a34ab28efd22d9851702b2f9c5,01120__salted__broad__cp00AD__single.853b87a34ab28efd22d9851702b2f9c5,broad,00AD,single,,guarantees,gu­arantees,,
01121.4dda94a3a06563e7f5e3fa659cf5519a,01121__salted__broad__cp200B__single.4dda94a3a06563e7f5e3fa659cf5519a,broad,200B,single,,,,"discount, prices, exciting","di​scount, pr​ices, ex​citing"
01121.4dda94a3a06563e7f5e3fa659cf5519a,01121__salted__broad__cp200C__single.4dda94a3a06563e7f5e3fa659cf5519a,broad,200C,single,,,,"discount, prices, exciting","di‌scount, pr‌ices, ex‌citing"
01121.4dda94a3a06563e7f5e3fa659cf5519a,01121__salted__broad__cp200D__single.4dda94a3a06563e7f5e3fa659cf5519a,broad,200D,single,,,,"discount, prices, exciting","di‍scount, pr‍ices, ex‍citing"
01121.4dda94a3a06563e7f5e3fa659cf5519a,01121__salted__broad__cp00AD__single.4dda94a3a06563e7f5e3fa659cf5519a,broad,00AD,single,,,,"discount, prices, exciting","di­scount, pr­ices, ex­citing"
01122.af6891fafb13c4cc39dab9a4a85449fd,01122__salted__broad__cp200B__single.af6891fafb13c4cc39dab9a4a85449fd,broad,200B,single,,Lowest,Lo​west,,
01122.af6891fafb13c4cc39dab9a4a85449fd,01122__salted__broad__cp200C__single.af6891fafb13c4cc39dab9a4a85449fd,broad,200C,single,,Lowest,Lo‌west,,
01122.af6891fafb13c4cc39dab9a4a85449fd,01122__salted__broad__cp200D__single.af6891fafb13c4cc39dab9a4a85449fd,broad,200D,single,,Lowest,Lo‍west,,
01122.af6891fafb13c4cc39dab9a4a85449fd,01122__salted__broad__cp00AD__single.af6891fafb13c4cc39dab9a4a85449fd,broad,00AD,single,,Lowest,Lo­west,,
01127.5b6f6b674dc0dd99f225bee3d7b32e9e,01127__salted__broad__cp200B__single.5b6f6b674dc0dd99f225bee3d7b32e9e,broad,200B,single,,Credit,Cr​edit,,
01127.5b6f6b674dc0dd99f225bee3d7b32e9e,01127__salted__broad__cp200C__single.5b6f6b674dc0dd99f225bee3d7b32e9e,broad,200C,single,,Credit,Cr‌edit,,
01127.5b6f6b674dc0dd99f225bee3d7b32e9e,01127__salted__broad__cp200D__single.5b6f6b674dc0dd99f225bee3d7b32e9e,broad,200D,single,,Credit,Cr‍edit,,
01127.5b6f6b674dc0dd99f225bee3d7b32e9e,01127__salted__broad__cp00AD__single.5b6f6b674dc0dd99f225bee3d7b32e9e,broad,00AD,single,,Credit,Cr­edit,,
01129.c03bff072108e33b6f5d1c3858c940f4,01129__salted__broad__cp200B__single.c03bff072108e33b6f5d1c3858c940f4,broad,200B,single,,Viagra,Vi​agra,"hours, Click, VIAGRA","ho​urs, Cl​ick, VI​AGRA"
01129.c03bff072108e33b6f5d1c3858c940f4,01129__salted__broad__cp200C__single.c03bff072108e33b6f5d1c3858c940f4,broad,200C,single,,Viagra,Vi‌agra,"hours, Click, VIAGRA","ho‌urs, Cl‌ick, VI‌AGRA"
01129.c03bff072108e33b6f5d1c3858c940f4,01129__salted__broad__cp200D__single.c03bff072108e33b6f5d1c3858c940f4,broad,200D,single,,Viagra,Vi‍agra,"hours, Click, VIAGRA","ho‍urs, Cl‍ick, VI‍AGRA"
01129.c03bff072108e33b6f5d1c3858c940f4,01129__salted__broad__cp00AD__single.c03bff072108e33b6f5d1c3858c940f4,broad,00AD,single,,Viagra,Vi­agra,"hours, Click, VIAGRA","ho­urs, Cl­ick, VI­AGRA"
01133.facfc10e99d36c8da8e62f27aa065aa2,01133__salted__broad__cp200B__single.facfc10e99d36c8da8e62f27aa065aa2,broad,200B,single,,,,"Guaranteed, herbal, Proven","Gu​aranteed, he​rbal, Pr​oven"
01133.facfc10e99d36c8da8e62f27aa065aa2,01133__salted__broad__cp200C__single.facfc10e99d36c8da8e62f27aa065aa2,broad,200C,single,,,,"Guaranteed, herbal, Proven","Gu‌aranteed, he‌rbal, Pr‌oven"
01133.facfc10e99d36c8da8e62f27aa065aa2,01133__salted__broad__cp200D__single.facfc10e99d36c8da8e62f27aa065aa2,broad,200D,single,,,,"Guaranteed, herbal, Proven","Gu‍aranteed, he‍rbal, Pr‍oven"
01133.facfc10e99d36c8da8e62f27aa065aa2,01133__salted__broad__cp00AD__single.facfc10e99d36c8da8e62f27aa065aa2,broad,00AD,single,,,,"Guaranteed, herbal, Proven","Gu­aranteed, he­rbal, Pr­oven"
01134.b81ac3ffcbb28b809a471f521d15f14d,01134__salted__broad__cp200B__single.b81ac3ffcbb28b809a471f521d15f14d,broad,200B,single,,Million,Mi​llion,,
01134.b81ac3ffcbb28b809a471f521d15f14d,01134__salted__broad__cp200C__single.b81ac3ffcbb28b809a471f521d15f14d,broad,200C,single,,Million,Mi‌llion,,
01134.b81ac3ffcbb28b809a471f521d15f14d,01134__salted__broad__cp200D__single.b81ac3ffcbb28b809a471f521d15f14d,broad,200D,single,,Million,Mi‍llion,,
01134.b81ac3ffcbb28b809a471f521d15f14d,01134__salted__broad__cp00AD__single.b81ac3ffcbb28b809a471f521d15f14d,broad,00AD,single,,Million,Mi­llion,,
01135.0a652f28eb7e06830ca75be5d2f41eaa,01135__salted__broad__cp200B__single.0a652f28eb7e06830ca75be5d2f41eaa,broad,200B,single,,Mortgage,Mo​rtgage,"Dear, Rates, lowest","De​ar, Ra​tes, lo​west"
01135.0a652f28eb7e06830ca75be5d2f41eaa,01135__salted__broad__cp200C__single.0a652f28eb7e06830ca75be5d2f41eaa,broad,200C,single,,Mortgage,Mo‌rtgage,"Dear, Rates, lowest","De‌ar, Ra‌tes, lo‌west"
01135.0a652f28eb7e06830ca75be5d2f41eaa,01135__salted__broad__cp200D__single.0a652f28eb7e06830ca75be5d2f41eaa,broad,200D,single,,Mortgage,Mo‍rtgage,"Dear, Rates, lowest","De‍ar, Ra‍tes, lo‍west"
01135.0a652f28eb7e06830ca75be5d2f41eaa,01135__salted__broad__cp00AD__single.0a652f28eb7e06830ca75be5d2f41eaa,broad,00AD,single,,Mortgage,Mo­rtgage,"Dear, Rates, lowest","De­ar, Ra­tes, lo­west"
01142.1d5b741cdc5cb3c026d678a4c8f613d6,01142__salted__broad__cp200B__single.1d5b741cdc5cb3c026d678a4c8f613d6,broad,200B,single,,Mortgage,Mo​rtgage,"mortgage, loan, loan","mo​rtgage, lo​an, lo​an"
01142.1d5b741cdc5cb3c026d678a4c8f613d6,01142__salted__broad__cp200C__single.1d5b741cdc5cb3c026d678a4c8f613d6,broad,200C,single,,Mortgage,Mo‌rtgage,"mortgage, loan, loan","mo‌rtgage, lo‌an, lo‌an"
01142.1d5b741cdc5cb3c026d678a4c8f613d6,01142__salted__broad__cp200D__single.1d5b741cdc5cb3c026d678a4c8f613d6,broad,200D,single,,Mortgage,Mo‍rtgage,"mortgage, loan, loan","mo‍rtgage, lo‍an, lo‍an"
01142.1d5b741cdc5cb3c026d678a4c8f613d6,01142__salted__broad__cp00AD__single.1d5b741cdc5cb3c026d678a4c8f613d6,broad,00AD,single,,Mortgage,Mo­rtgage,"mortgage, loan, loan","mo­rtgage, lo­an, lo­an"
01143.b92dc050e0b748b5e7c9f1cf1b469306,01143__salted__broad__cp200B__single.b92dc050e0b748b5e7c9f1cf1b469306,broad,200B,single,,,,"NBC, CBS, CNN","NB​C, CB​S, CN​N"
01143.b92dc050e0b748b5e7c9f1cf1b469306,01143__salted__broad__cp200C__single.b92dc050e0b748b5e7c9f1cf1b469306,broad,200C,single,,,,"NBC, CBS, CNN","NB‌C, CB‌S, CN‌N"
01143.b92dc050e0b748b5e7c9f1cf1b469306,01143__salted__broad__cp200D__single.b92dc050e0b748b5e7c9f1cf1b469306,broad,200D,single,,,,"NBC, CBS, CNN","NB‍C, CB‍S, CN‍N"
01143.b92dc050e0b748b5e7c9f1cf1b469306,01143__salted__broad__cp00AD__single.b92dc050e0b748b5e7c9f1cf1b469306,broad,00AD,single,,,,"NBC, CBS, CNN","NB­C, CB­S, CN­N"
01146.f8a114b8bf65962ec02a1bcc2241e5d7,01146__salted__broad__cp200B__single.f8a114b8bf65962ec02a1bcc2241e5d7,broad,200B,single,,,,"Investment, million, dollars","In​vestment, mi​llion, do​llars"
01146.f8a114b8bf65962ec02a1bcc2241e5d7,01146__salted__broad__cp200C__single.f8a114b8bf65962ec02a1bcc2241e5d7,broad,200C,single,,,,"Investment, million, dollars","In‌vestment, mi‌llion, do‌llars"
01146.f8a114b8bf65962ec02a1bcc2241e5d7,01146__salted__broad__cp200D__single.f8a114b8bf65962ec02a1bcc2241e5d7,broad,200D,single,,,,"Investment, million, dollars","In‍vestment, mi‍llion, do‍llars"
01146.f8a114b8bf65962ec02a1bcc2241e5d7,01146__salted__broad__cp00AD__single.f8a114b8bf65962ec02a1bcc2241e5d7,broad,00AD,single,,,,"Investment, million, dollars","In­vestment, mi­llion, do­llars"
01150.c429b55e3a5834c74d18f9b0bfc968cd,01150__salted__broad__cp200B__single.c429b55e3a5834c74d18f9b0bfc968cd,broad,200B,single,,,,"fortune, career, opportunity","fo​rtune, ca​reer, op​portunity"
01150.c429b55e3a5834c74d18f9b0bfc968cd,01150__salted__broad__cp200C__single.c429b55e3a5834c74d18f9b0bfc968cd,broad,200C,single,,,,"fortune, career, opportunity","fo‌rtune, ca‌reer, op‌portunity"
01150.c429b55e3a5834c74d18f9b0bfc968cd,01150__salted__broad__cp200D__single.c429b55e3a5834c74d18f9b0bfc968cd,broad,200D,single,,,,"fortune, career, opportunity","fo‍rtune, ca‍reer, op‍portunity"
01150.c429b55e3a5834c74d18f9b0bfc968cd,01150__salted__broad__cp00AD__single.c429b55e3a5834c74d18f9b0bfc968cd,broad,00AD,single,,,,"fortune, career, opportunity","fo­rtune, ca­reer, op­portunity"
01153.423d8f8120ab7fa0946c45a60a44c059,01153__salted__broad__cp200B__single.423d8f8120ab7fa0946c45a60a44c059,broad,200B,single,,Earn,Ea​rn,,
01153.423d8f8120ab7fa0946c45a60a44c059,01153__salted__broad__cp200C__single.423d8f8120ab7fa0946c45a60a44c059,broad,200C,single,,Earn,Ea‌rn,,
01153.423d8f8120ab7fa0946c45a60a44c059,01153__salted__broad__cp200D__single.423d8f8120ab7fa0946c45a60a44c059,broad,200D,single,,Earn,Ea‍rn,,
01153.423d8f8120ab7fa0946c45a60a44c059,01153__salted__broad__cp00AD__single.423d8f8120ab7fa0946c45a60a44c059,broad,00AD,single,,Earn,Ea­rn,,
01155.e8634e51df914973d548076958ed90b2,01155__salted__broad__cp200B__single.e8634e51df914973d548076958ed90b2,broad,200B,single,,,,"Investment, million, dollars","In​vestment, mi​llion, do​llars"
01155.e8634e51df914973d548076958ed90b2,01155__salted__broad__cp200C__single.e8634e51df914973d548076958ed90b2,broad,200C,single,,,,"Investment, million, dollars","In‌vestment, mi‌llion, do‌llars"
01155.e8634e51df914973d548076958ed90b2,01155__salted__broad__cp200D__single.e8634e51df914973d548076958ed90b2,broad,200D,single,,,,"Investment, million, dollars","In‍vestment, mi‍llion, do‍llars"
01155.e8634e51df914973d548076958ed90b2,01155__salted__broad__cp00AD__single.e8634e51df914973d548076958ed90b2,broad,00AD,single,,,,"Investment, million, dollars","In­vestment, mi­llion, do­llars"
01156.5a3a6bdccf5df42348f22cada73a1b12,01156__salted__broad__cp200B__single.5a3a6bdccf5df42348f22cada73a1b12,broad,200B,single,,risk,ri​sk,,
01156.5a3a6bdccf5df42348f22cada73a1b12,01156__salted__broad__cp200C__single.5a3a6bdccf5df42348f22cada73a1b12,broad,200C,single,,risk,ri‌sk,,
01156.5a3a6bdccf5df42348f22cada73a1b12,01156__salted__broad__cp200D__single.5a3a6bdccf5df42348f22cada73a1b12,broad,200D,single,,risk,ri‍sk,,
01156.5a3a6bdccf5df42348f22cada73a1b12,01156__salted__broad__cp00AD__single.5a3a6bdccf5df42348f22cada73a1b12,broad,00AD,single,,risk,ri­sk,,
01157.0b96d63f8b171b5b5f8a872029371480,01157__salted__broad__cp200B__single.0b96d63f8b171b5b5f8a872029371480,broad,200B,single,,,,"RISK, opportunity, OPPORTUNITY","RI​SK, op​portunity, OP​PORTUNITY"
01157.0b96d63f8b171b5b5f8a872029371480,01157__salted__broad__cp200C__single.0b96d63f8b171b5b5f8a872029371480,broad,200C,single,,,,"RISK, opportunity, OPPORTUNITY","RI‌SK, op‌portunity, OP‌PORTUNITY"
01157.0b96d63f8b171b5b5f8a872029371480,01157__salted__broad__cp200D__single.0b96d63f8b171b5b5f8a872029371480,broad,200D,single,,,,"RISK, opportunity, OPPORTUNITY","RI‍SK, op‍portunity, OP‍PORTUNITY"
01157.0b96d63f8b171b5b5f8a872029371480,01157__salted__broad__cp00AD__single.0b96d63f8b171b5b5f8a872029371480,broad,00AD,single,,,,"RISK, opportunity, OPPORTUNITY","RI­SK, op­portunity, OP­PORTUNITY"
01160.13829f56f0b8eb2d461ad8602a94a80e,01160__salted__broad__cp200B__single.13829f56f0b8eb2d461ad8602a94a80e,broad,200B,single,,Leads,Le​ads,"Broker, Leads, Financial","Br​oker, Le​ads, Fi​nancial"
01160.13829f56f0b8eb2d461ad8602a94a80e,01160__salted__broad__cp200C__single.13829f56f0b8eb2d461ad8602a94a80e,broad,200C,single,,Leads,Le‌ads,"Broker, Leads, Financial","Br‌oker, Le‌ads, Fi‌nancial"
01160.13829f56f0b8eb2d461ad8602a94a80e,01160__salted__broad__cp200D__single.13829f56f0b8eb2d461ad8602a94a80e,broad,200D,single,,Leads,Le‍ads,"Broker, Leads, Financial","Br‍oker, Le‍ads, Fi‍nancial"
01160.13829f56f0b8eb2d461ad8602a94a80e,01160__salted__broad__cp00AD__single.13829f56f0b8eb2d461ad8602a94a80e,broad,00AD,single,,Leads,Le­ads,"Broker, Leads, Financial","Br­oker, Le­ads, Fi­nancial"
01163.1c25ecdd147c3f4eef84b13fa6061c9b,01163__salted__broad__cp200B__single.1c25ecdd147c3f4eef84b13fa6061c9b,broad,200B,single,,Herbal,He​rbal,,
01163.1c25ecdd147c3f4eef84b13fa6061c9b,01163__salted__broad__cp200C__single.1c25ecdd147c3f4eef84b13fa6061c9b,broad,200C,single,,Herbal,He‌rbal,,
01163.1c25ecdd147c3f4eef84b13fa6061c9b,01163__salted__broad__cp200D__single.1c25ecdd147c3f4eef84b13fa6061c9b,broad,200D,single,,Herbal,He‍rbal,,
01163.1c25ecdd147c3f4eef84b13fa6061c9b,01163__salted__broad__cp00AD__single.1c25ecdd147c3f4eef84b13fa6061c9b,broad,00AD,single,,Herbal,He­rbal,,
01166.f0c4605d98cf51b7eeb81bb6072fee3d,01166__salted__broad__cp200B__single.f0c4605d98cf51b7eeb81bb6072fee3d,broad,200B,single,,,,"profitable, trading, trading","pr​ofitable, tr​ading, tr​ading"
01166.f0c4605d98cf51b7eeb81bb6072fee3d,01166__salted__broad__cp200C__single.f0c4605d98cf51b7eeb81bb6072fee3d,broad,200C,single,,,,"profitable, trading, trading","pr‌ofitable, tr‌ading, tr‌ading"
01166.f0c4605d98cf51b7eeb81bb6072fee3d,01166__salted__broad__cp200D__single.f0c4605d98cf51b7eeb81bb6072fee3d,broad,200D,single,,,,"profitable, trading, trading","pr‍ofitable, tr‍ading, tr‍ading"
01166.f0c4605d98cf51b7eeb81bb6072fee3d,01166__salted__broad__cp00AD__single.f0c4605d98cf51b7eeb81bb6072fee3d,broad,00AD,single,,,,"profitable, trading, trading","pr­ofitable, tr­ading, tr­ading"
01168.c4a3b7ac6d07798d651af84ea5d9b360,01168__salted__broad__cp200B__single.c4a3b7ac6d07798d651af84ea5d9b360,broad,200B,single,,credit,cr​edit,,
01168.c4a3b7ac6d07798d651af84ea5d9b360,01168__salted__broad__cp200C__single.c4a3b7ac6d07798d651af84ea5d9b360,broad,200C,single,,credit,cr‌edit,,
01168.c4a3b7ac6d07798d651af84ea5d9b360,01168__salted__broad__cp200D__single.c4a3b7ac6d07798d651af84ea5d9b360,broad,200D,single,,credit,cr‍edit,,
01168.c4a3b7ac6d07798d651af84ea5d9b360,01168__salted__broad__cp00AD__single.c4a3b7ac6d07798d651af84ea5d9b360,broad,00AD,single,,credit,cr­edit,,
01170.0f6cbb8149f3e19d1b3054960e2cceb5,01170__salted__broad__cp200B__single.0f6cbb8149f3e19d1b3054960e2cceb5,broad,200B,single,,Weekly,We​ekly,"gambling, gambling, marketing","ga​mbling, ga​mbling, ma​rketing"
01170.0f6cbb8149f3e19d1b3054960e2cceb5,01170__salted__broad__cp200C__single.0f6cbb8149f3e19d1b3054960e2cceb5,broad,200C,single,,Weekly,We‌ekly,"gambling, gambling, marketing","ga‌mbling, ga‌mbling, ma‌rketing"
01170.0f6cbb8149f3e19d1b3054960e2cceb5,01170__salted__broad__cp200D__single.0f6cbb8149f3e19d1b3054960e2cceb5,broad,200D,single,,Weekly,We‍ekly,"gambling, gambling, marketing","ga‍mbling, ga‍mbling, ma‍rketing"
01170.0f6cbb8149f3e19d1b3054960e2cceb5,01170__salted__broad__cp00AD__single.0f6cbb8149f3e19d1b3054960e2cceb5,broad,00AD,single,,Weekly,We­ekly,"gambling, gambling, marketing","ga­mbling, ga­mbling, ma­rketing"
01172.cc7a00858cafd43ad994a3f1a42a5434,01172__salted__broad__cp200B__single.cc7a00858cafd43ad994a3f1a42a5434,broad,200B,single,,Sales,Sa​les,"Sales, sales, Sale","Sa​les, sa​les, Sa​le"
01172.cc7a00858cafd43ad994a3f1a42a5434,01172__salted__broad__cp200C__single.cc7a00858cafd43ad994a3f1a42a5434,broad,200C,single,,Sales,Sa‌les,"Sales, sales, Sale","Sa‌les, sa‌les, Sa‌le"
01172.cc7a00858cafd43ad994a3f1a42a5434,01172__salted__broad__cp200D__single.cc7a00858cafd43ad994a3f1a42a5434,broad,200D,single,,Sales,Sa‍les,"Sales, sales, Sale","Sa‍les, sa‍les, Sa‍le"
01172.cc7a00858cafd43ad994a3f1a42a5434,01172__salted__broad__cp00AD__single.cc7a00858cafd43ad994a3f1a42a5434,broad,00AD,single,,Sales,Sa­les,"Sales, sales, Sale","Sa­les, sa­les, Sa­le"
01174.701ed2374fd181a0a63c8bfbc52a911c,01174__salted__broad__cp200B__single.701ed2374fd181a0a63c8bfbc52a911c,broad,200B,single,,ADV,AD​V,,
01174.701ed2374fd181a0a63c8bfbc52a911c,01174__salted__broad__cp200C__single.701ed2374fd181a0a63c8bfbc52a911c,broad,200C,single,,ADV,AD‌V,,
01174.701ed2374fd181a0a63c8bfbc52a911c,01174__salted__broad__cp200D__single.701ed2374fd181a0a63c8bfbc52a911c,broad,200D,single,,ADV,AD‍V,,
01174.701ed2374fd181a0a63c8bfbc52a911c,01174__salted__broad__cp00AD__single.701ed2374fd181a0a63c8bfbc52a911c,broad,00AD,single,,ADV,AD­V,,
01176.36afa20e4f8dd2246da63c3b23129305,01176__salted__broad__cp200B__single.36afa20e4f8dd2246da63c3b23129305,broad,200B,single,,Guarantee,Gu​arantee,,
01176.36afa20e4f8dd2246da63c3b23129305,01176__salted__broad__cp200C__single.36afa20e4f8dd2246da63c3b23129305,broad,200C,single,,Guarantee,Gu‌arantee,,
01176.36afa20e4f8dd2246da63c3b23129305,01176__salted__broad__cp200D__single.36afa20e4f8dd2246da63c3b23129305,broad,200D,single,,Guarantee,Gu‍arantee,,
01176.36afa20e4f8dd2246da63c3b23129305,01176__salted__broad__cp00AD__single.36afa20e4f8dd2246da63c3b23129305,broad,00AD,single,,Guarantee,Gu­arantee,,
01177.e6db3bae11ac87679c7f241a2c19b4c7,01177__salted__broad__cp200B__single.e6db3bae11ac87679c7f241a2c19b4c7,broad,200B,single,,Guarantee,Gu​arantee,"Approved, GUARANTEED, Guarantee","Ap​proved, GU​ARANTEED, Gu​arantee"
01177.e6db3bae11ac87679c7f241a2c19b4c7,01177__salted__broad__cp200C__single.e6db3bae11ac87679c7f241a2c19b4c7,broad,200C,single,,Guarantee,Gu‌arantee,"Approved, GUARANTEED, Guarantee","Ap‌proved, GU‌ARANTEED, Gu‌arantee"
01177.e6db3bae11ac87679c7f241a2c19b4c7,01177__salted__broad__cp200D__single.e6db3bae11ac87679c7f241a2c19b4c7,broad,200D,single,,Guarantee,Gu‍arantee,"Approved, GUARANTEED, Guarantee","Ap‍proved, GU‍ARANTEED, Gu‍arantee"
01177.e6db3bae11ac87679c7f241a2c19b4c7,01177__salted__broad__cp00AD__single.e6db3bae11ac87679c7f241a2c19b4c7,broad,00AD,single,,Guarantee,Gu­arantee,"Approved, GUARANTEED, Guarantee","Ap­proved, GU­ARANTEED, Gu­arantee"
01181.9f4734afdec4aae228d20e63649253a1,01181__salted__broad__cp200B__single.9f4734afdec4aae228d20e63649253a1,broad,200B,single,,EARN,EA​RN,"click, obligation, removed","cl​ick, ob​ligation, re​moved"
01181.9f4734afdec4aae228d20e63649253a1,01181__salted__broad__cp200C__single.9f4734afdec4aae228d20e63649253a1,broad,200C,single,,EARN,EA‌RN,"click, obligation, removed","cl‌ick, ob‌ligation, re‌moved"
01181.9f4734afdec4aae228d20e63649253a1,01181__salted__broad__cp200D__single.9f4734afdec4aae228d20e63649253a1,broad,200D,single,,EARN,EA‍RN,"click, obligation, removed","cl‍ick, ob‍ligation, re‍moved"
01181.9f4734afdec4aae228d20e63649253a1,01181__salted__broad__cp00AD__single.9f4734afdec4aae228d20e63649253a1,broad,00AD,single,,EARN,EA­RN,"click, obligation, removed","cl­ick, ob­ligation, re­moved"
01183.1686c7ca72908096192dc3ebcde515d9,01183__salted__broad__cp200B__single.1686c7ca72908096192dc3ebcde515d9,broad,200B,single,,,,"Dear, communication, confidential","De​ar, co​mmunication, co​nfidential"
01183.1686c7ca72908096192dc3ebcde515d9,01183__salted__broad__cp200C__single.1686c7ca72908096192dc3ebcde515d9,broad,200C,single,,,,"Dear, communication, confidential","De‌ar, co‌mmunication, co‌nfidential"
01183.1686c7ca72908096192dc3ebcde515d9,01183__salted__broad__cp200D__single.1686c7ca72908096192dc3ebcde515d9,broad,200D,single,,,,"Dear, communication, confidential","De‍ar, co‍mmunication, co‍nfidential"
01183.1686c7ca72908096192dc3ebcde515d9,01183__salted__broad__cp00AD__single.1686c7ca72908096192dc3ebcde515d9,broad,00AD,single,,,,"Dear, communication, confidential","De­ar, co­mmunication, co­nfidential"
01189.5593d25cf7b731b1c9f3e708cd05c96b,01189__salted__broad__cp200B__single.5593d25cf7b731b1c9f3e708cd05c96b,broad,200B,single,,,,"Dear, Sir, Africa","De​ar, Si​r, Af​rica"
01189.5593d25cf7b731b1c9f3e708cd05c96b,01189__salted__broad__cp200C__single.5593d25cf7b731b1c9f3e708cd05c96b,broad,200C,single,,,,"Dear, Sir, Africa","De‌ar, Si‌r, Af‌rica"
01189.5593d25cf7b731b1c9f3e708cd05c96b,01189__salted__broad__cp200D__single.5593d25cf7b731b1c9f3e708cd05c96b,broad,200D,single,,,,"Dear, Sir, Africa","De‍ar, Si‍r, Af‍rica"
01189.5593d25cf7b731b1c9f3e708cd05c96b,01189__salted__broad__cp00AD__single.5593d25cf7b731b1c9f3e708cd05c96b,broad,00AD,single,,,,"Dear, Sir, Africa","De­ar, Si­r, Af­rica"
01192.ae36c1ea662d5daa57777838507cceef,01192__salted__broad__cp200B__single.ae36c1ea662d5daa57777838507cceef,broad,200B,single,,ADV,AD​V,"Sale, purchase, Lenders","Sa​le, pu​rchase, Le​nders"
01192.ae36c1ea662d5daa57777838507cceef,01192__salted__broad__cp200C__single.ae36c1ea662d5daa57777838507cceef,broad,200C,single,,ADV,AD‌V,"Sale, purchase, Lenders","Sa‌le, pu‌rchase, Le‌nders"
01192.ae36c1ea662d5daa57777838507cceef,01192__salted__broad__cp200D__single.ae36c1ea662d5daa57777838507cceef,broad,200D,single,,ADV,AD‍V,"Sale, purchase, Lenders","Sa‍le, pu‍rchase, Le‍nders"
01192.ae36c1ea662d5daa57777838507cceef,01192__salted__broad__cp00AD__single.ae36c1ea662d5daa57777838507cceef,broad,00AD,single,,ADV,AD­V,"Sale, purchase, Lenders","Sa­le, pu­rchase, Le­nders"
01193.7c4b9a0e900fdb7cafb86c1131f79a48,01193__salted__broad__cp200B__single.7c4b9a0e900fdb7cafb86c1131f79a48,broad,200B,single,,ADV,AD​V,"Sale, purchase, Lenders","Sa​le, pu​rchase, Le​nders"
01193.7c4b9a0e900fdb7cafb86c1131f79a48,01193__salted__broad__cp200C__single.7c4b9a0e900fdb7cafb86c1131f79a48,broad,200C,single,,ADV,AD‌V,"Sale, purchase, Lenders","Sa‌le, pu‌rchase, Le‌nders"
01193.7c4b9a0e900fdb7cafb86c1131f79a48,01193__salted__broad__cp200D__single.7c4b9a0e900fdb7cafb86c1131f79a48,broad,200D,single,,ADV,AD‍V,"Sale, purchase, Lenders","Sa‍le, pu‍rchase, Le‍nders"
01193.7c4b9a0e900fdb7cafb86c1131f79a48,01193__salted__broad__cp00AD__single.7c4b9a0e900fdb7cafb86c1131f79a48,broad,00AD,single,,ADV,AD­V,"Sale, purchase, Lenders","Sa­le, pu­rchase, Le­nders"
01195.2e0668d1365c631aa09d21c813ce013f,01195__salted__broad__cp200B__single.2e0668d1365c631aa09d21c813ce013f,broad,200B,single,,,,"fortune, career, opportunity","fo​rtune, ca​reer, op​portunity"
01195.2e0668d1365c631aa09d21c813ce013f,01195__salted__broad__cp200C__single.2e0668d1365c631aa09d21c813ce013f,broad,200C,single,,,,"fortune, career, opportunity","fo‌rtune, ca‌reer, op‌portunity"
01195.2e0668d1365c631aa09d21c813ce013f,01195__salted__broad__cp200D__single.2e0668d1365c631aa09d21c813ce013f,broad,200D,single,,,,"fortune, career, opportunity","fo‍rtune, ca‍reer, op‍portunity"
01195.2e0668d1365c631aa09d21c813ce013f,01195__salted__broad__cp00AD__single.2e0668d1365c631aa09d21c813ce013f,broad,00AD,single,,,,"fortune, career, opportunity","fo­rtune, ca­reer, op­portunity"
01199.5a219c9b3e55a0136d8039fd74675570,01199__salted__broad__cp200B__single.5a219c9b3e55a0136d8039fd74675570,broad,200B,single,,,,"Insurance, Valuable, Medical","In​surance, Va​luable, Me​dical"
01199.5a219c9b3e55a0136d8039fd74675570,01199__salted__broad__cp200C__single.5a219c9b3e55a0136d8039fd74675570,broad,200C,single,,,,"Insurance, Valuable, Medical","In‌surance, Va‌luable, Me‌dical"
01199.5a219c9b3e55a0136d8039fd74675570,01199__salted__broad__cp200D__single.5a219c9b3e55a0136d8039fd74675570,broad,200D,single,,,,"Insurance, Valuable, Medical","In‍surance, Va‍luable, Me‍dical"
01199.5a219c9b3e55a0136d8039fd74675570,01199__salted__broad__cp00AD__single.5a219c9b3e55a0136d8039fd74675570,broad,00AD,single,,,,"Insurance, Valuable, Medical","In­surance, Va­luable, Me­dical"
01200.6d388843b6ffefafaf7b3093ca28a740,01200__salted__broad__cp200B__single.6d388843b6ffefafaf7b3093ca28a740,broad,200B,single,,,,"Membership, consultation, reply","Me​mbership, co​nsultation, re​ply"
01200.6d388843b6ffefafaf7b3093ca28a740,01200__salted__broad__cp200C__single.6d388843b6ffefafaf7b3093ca28a740,broad,200C,single,,,,"Membership, consultation, reply","Me‌mbership, co‌nsultation, re‌ply"
01200.6d388843b6ffefafaf7b3093ca28a740,01200__salted__broad__cp200D__single.6d388843b6ffefafaf7b3093ca28a740,broad,200D,single,,,,"Membership, consultation, reply","Me‍mbership, co‍nsultation, re‍ply"
01200.6d388843b6ffefafaf7b3093ca28a740,01200__salted__broad__cp00AD__single.6d388843b6ffefafaf7b3093ca28a740,broad,00AD,single,,,,"Membership, consultation, reply","Me­mbership, co­nsultation, re­ply"
01202.4ec06d178a19d7972daf54bc3ba958ff,01202__salted__broad__cp200B__single.4ec06d178a19d7972daf54bc3ba958ff,broad,200B,single,,credit,cr​edit,,
01202.4ec06d178a19d7972daf54bc3ba958ff,01202__salted__broad__cp200C__single.4ec06d178a19d7972daf54bc3ba958ff,broad,200C,single,,credit,cr‌edit,,
01202.4ec06d178a19d7972daf54bc3ba958ff,01202__salted__broad__cp200D__single.4ec06d178a19d7972daf54bc3ba958ff,broad,200D,single,,credit,cr‍edit,,
01202.4ec06d178a19d7972daf54bc3ba958ff,01202__salted__broad__cp00AD__single.4ec06d178a19d7972daf54bc3ba958ff,broad,00AD,single,,credit,cr­edit,,
01206.b769233047fc696cc02ece9629190b42,01206__salted__broad__cp200B__single.b769233047fc696cc02ece9629190b42,broad,200B,single,,,,"Membership, consultation, reply","Me​mbership, co​nsultation, re​ply"
01206.b769233047fc696cc02ece9629190b42,01206__salted__broad__cp200C__single.b769233047fc696cc02ece9629190b42,broad,200C,single,,,,"Membership, consultation, reply","Me‌mbership, co‌nsultation, re‌ply"
01206.b769233047fc696cc02ece9629190b42,01206__salted__broad__cp200D__single.b769233047fc696cc02ece9629190b42,broad,200D,single,,,,"Membership, consultation, reply","Me‍mbership, co‍nsultation, re‍ply"
01206.b769233047fc696cc02ece9629190b42,01206__salted__broad__cp00AD__single.b769233047fc696cc02ece9629190b42,broad,00AD,single,,,,"Membership, consultation, reply","Me­mbership, co­nsultation, re­ply"
01209.01df2f8f68a70062085ef787973f9ba0,01209__salted__broad__cp200B__single.01df2f8f68a70062085ef787973f9ba0,broad,200B,single,,Credit,Cr​edit,,
01209.01df2f8f68a70062085ef787973f9ba0,01209__salted__broad__cp200C__single.01df2f8f68a70062085ef787973f9ba0,broad,200C,single,,Credit,Cr‌edit,,
01209.01df2f8f68a70062085ef787973f9ba0,01209__salted__broad__cp200D__single.01df2f8f68a70062085ef787973f9ba0,broad,200D,single,,Credit,Cr‍edit,,
01209.01df2f8f68a70062085ef787973f9ba0,01209__salted__broad__cp00AD__single.01df2f8f68a70062085ef787973f9ba0,broad,00AD,single,,Credit,Cr­edit,,
01210.3315bbc34ab0c51f53ee13e0dc6ccaec,01210__salted__broad__cp200B__single.3315bbc34ab0c51f53ee13e0dc6ccaec,broad,200B,single,,Travel,Tr​avel,,
01210.3315bbc34ab0c51f53ee13e0dc6ccaec,01210__salted__broad__cp200C__single.3315bbc34ab0c51f53ee13e0dc6ccaec,broad,200C,single,,Travel,Tr‌avel,,
01210.3315bbc34ab0c51f53ee13e0dc6ccaec,01210__salted__broad__cp200D__single.3315bbc34ab0c51f53ee13e0dc6ccaec,broad,200D,single,,Travel,Tr‍avel,,
01210.3315bbc34ab0c51f53ee13e0dc6ccaec,01210__salted__broad__cp00AD__single.3315bbc34ab0c51f53ee13e0dc6ccaec,broad,00AD,single,,Travel,Tr­avel,,
01211.e9c2c3b1d544e8618d6f87c1871021e9,01211__salted__broad__cp200B__single.e9c2c3b1d544e8618d6f87c1871021e9,broad,200B,single,,,,"fortune, career, opportunity","fo​rtune, ca​reer, op​portunity"
01211.e9c2c3b1d544e8618d6f87c1871021e9,01211__salted__broad__cp200C__single.e9c2c3b1d544e8618d6f87c1871021e9,broad,200C,single,,,,"fortune, career, opportunity","fo‌rtune, ca‌reer, op‌portunity"
01211.e9c2c3b1d544e8618d6f87c1871021e9,01211__salted__broad__cp200D__single.e9c2c3b1d544e8618d6f87c1871021e9,broad,200D,single,,,,"fortune, career, opportunity","fo‍rtune, ca‍reer, op‍portunity"
01211.e9c2c3b1d544e8618d6f87c1871021e9,01211__salted__broad__cp00AD__single.e9c2c3b1d544e8618d6f87c1871021e9,broad,00AD,single,,,,"fortune, career, opportunity","fo­rtune, ca­reer, op­portunity"
01213.7889eb65b4b7f2cde2a9bd3bb9f230dd,01213__salted__broad__cp200B__single.7889eb65b4b7f2cde2a9bd3bb9f230dd,broad,200B,single,,ADV,AD​V,,
01213.7889eb65b4b7f2cde2a9bd3bb9f230dd,01213__salted__broad__cp200C__single.7889eb65b4b7f2cde2a9bd3bb9f230dd,broad,200C,single,,ADV,AD‌V,,
01213.7889eb65b4b7f2cde2a9bd3bb9f230dd,01213__salted__broad__cp200D__single.7889eb65b4b7f2cde2a9bd3bb9f230dd,broad,200D,single,,ADV,AD‍V,,
01213.7889eb65b4b7f2cde2a9bd3bb9f230dd,01213__salted__broad__cp00AD__single.7889eb65b4b7f2cde2a9bd3bb9f230dd,broad,00AD,single,,ADV,AD­V,,
01215.e879c633ccfba3b6dcf761d8ac0764c0,01215__salted__broad__cp200B__single.e879c633ccfba3b6dcf761d8ac0764c0,broad,200B,single,,SYSTEMWORKS,SY​STEMWORKS,,
01215.e879c633ccfba3b6dcf761d8ac0764c0,01215__salted__broad__cp200C__single.e879c633ccfba3b6dcf761d8ac0764c0,broad,200C,single,,SYSTEMWORKS,SY‌STEMWORKS,,
01215.e879c633ccfba3b6dcf761d8ac0764c0,01215__salted__broad__cp200D__single.e879c633ccfba3b6dcf761d8ac0764c0,broad,200D,single,,SYSTEMWORKS,SY‍STEMWORKS,,
01215.e879c633ccfba3b6dcf761d8ac0764c0,01215__salted__broad__cp00AD__single.e879c633ccfba3b6dcf761d8ac0764c0,broad,00AD,single,,SYSTEMWORKS,SY­STEMWORKS,,
01218.4bb5c5746d9f19d8551437c242bfd79e,01218__salted__broad__cp200B__single.4bb5c5746d9f19d8551437c242bfd79e,broad,200B,single,,,,"Bonus, Commissions, Guaranteed","Bo​nus, Co​mmissions, Gu​aranteed"
01218.4bb5c5746d9f19d8551437c242bfd79e,01218__salted__broad__cp200C__single.4bb5c5746d9f19d8551437c242bfd79e,broad,200C,single,,,,"Bonus, Commissions, Guaranteed","Bo‌nus, Co‌mmissions, Gu‌aranteed"
01218.4bb5c5746d9f19d8551437c242bfd79e,01218__salted__broad__cp200D__single.4bb5c5746d9f19d8551437c242bfd79e,broad,200D,single,,,,"Bonus, Commissions, Guaranteed","Bo‍nus, Co‍mmissions, Gu‍aranteed"
01218.4bb5c5746d9f19d8551437c242bfd79e,01218__salted__broad__cp00AD__single.4bb5c5746d9f19d8551437c242bfd79e,broad,00AD,single,,,,"Bonus, Commissions, Guaranteed","Bo­nus, Co­mmissions, Gu­aranteed"
01220.e399b9acc45a23ec853a9bb1d2a1a859,01220__salted__broad__cp200B__single.e399b9acc45a23ec853a9bb1d2a1a859,broad,200B,single,,,,"PROFESSIONAL, DEBT, Credit","PR​OFESSIONAL, DE​BT, Cr​edit"
01220.e399b9acc45a23ec853a9bb1d2a1a859,01220__salted__broad__cp200C__single.e399b9acc45a23ec853a9bb1d2a1a859,broad,200C,single,,,,"PROFESSIONAL, DEBT, Credit","PR‌OFESSIONAL, DE‌BT, Cr‌edit"
01220.e399b9acc45a23ec853a9bb1d2a1a859,01220__salted__broad__cp200D__single.e399b9acc45a23ec853a9bb1d2a1a859,broad,200D,single,,,,"PROFESSIONAL, DEBT, Credit","PR‍OFESSIONAL, DE‍BT, Cr‍edit"
01220.e399b9acc45a23ec853a9bb1d2a1a859,01220__salted__broad__cp00AD__single.e399b9acc45a23ec853a9bb1d2a1a859,broad,00AD,single,,,,"PROFESSIONAL, DEBT, Credit","PR­OFESSIONAL, DE­BT, Cr­edit"
01223.0321f73febcffd82fcf12b36cce2c6c9,01223__salted__broad__cp200B__single.0321f73febcffd82fcf12b36cce2c6c9,broad,200B,single,,ADV,AD​V,"Dear, colleagues, Investment","De​ar, co​lleagues, In​vestment"
01223.0321f73febcffd82fcf12b36cce2c6c9,01223__salted__broad__cp200C__single.0321f73febcffd82fcf12b36cce2c6c9,broad,200C,single,,ADV,AD‌V,"Dear, colleagues, Investment","De‌ar, co‌lleagues, In‌vestment"
01223.0321f73febcffd82fcf12b36cce2c6c9,01223__salted__broad__cp200D__single.0321f73febcffd82fcf12b36cce2c6c9,broad,200D,single,,ADV,AD‍V,"Dear, colleagues, Investment","De‍ar, co‍lleagues, In‍vestment"
01223.0321f73febcffd82fcf12b36cce2c6c9,01223__salted__broad__cp00AD__single.0321f73febcffd82fcf12b36cce2c6c9,broad,00AD,single,,ADV,AD­V,"Dear, colleagues, Investment","De­ar, co­lleagues, In­vestment"
01225.a07c90bc24b619d5e8b786675dc2d118,01225__salted__broad__cp200B__single.a07c90bc24b619d5e8b786675dc2d118,broad,200B,single,,Mortgage,Mo​rtgage,,
01225.a07c90bc24b619d5e8b786675dc2d118,01225__salted__broad__cp200C__single.a07c90bc24b619d5e8b786675dc2d118,broad,200C,single,,Mortgage,Mo‌rtgage,,
01225.a07c90bc24b619d5e8b786675dc2d118,01225__salted__broad__cp200D__single.a07c90bc24b619d5e8b786675dc2d118,broad,200D,single,,Mortgage,Mo‍rtgage,,
01225.a07c90bc24b619d5e8b786675dc2d118,01225__salted__broad__cp00AD__single.a07c90bc24b619d5e8b786675dc2d118,broad,00AD,single,,Mortgage,Mo­rtgage,,
01226.4aaf4e328bd55191a1c46bc374069048,01226__salted__broad__cp200B__single.4aaf4e328bd55191a1c46bc374069048,broad,200B,single,,,,"offering, marketing, marketing","of​fering, ma​rketing, ma​rketing"
01226.4aaf4e328bd55191a1c46bc374069048,01226__salted__broad__cp200C__single.4aaf4e328bd55191a1c46bc374069048,broad,200C,single,,,,"offering, marketing, marketing","of‌fering, ma‌rketing, ma‌rketing"
01226.4aaf4e328bd55191a1c46bc374069048,01226__salted__broad__cp200D__single.4aaf4e328bd55191a1c46bc374069048,broad,200D,single,,,,"offering, marketing, marketing","of‍fering, ma‍rketing, ma‍rketing"
01226.4aaf4e328bd55191a1c46bc374069048,01226__salted__broad__cp00AD__single.4aaf4e328bd55191a1c46bc374069048,broad,00AD,single,,,,"offering, marketing, marketing","of­fering, ma­rketing, ma­rketing"
01227.04a4f94c7a73b29cb56bf38c7d526116,01227__salted__broad__cp200B__single.04a4f94c7a73b29cb56bf38c7d526116,broad,200B,single,,,,Adult,Ad​ult
01227.04a4f94c7a73b29cb56bf38c7d526116,01227__salted__broad__cp200C__single.04a4f94c7a73b29cb56bf38c7d526116,broad,200C,single,,,,Adult,Ad‌ult
01227.04a4f94c7a73b29cb56bf38c7d526116,01227__salted__broad__cp200D__single.04a4f94c7a73b29cb56bf38c7d526116,broad,200D,single,,,,Adult,Ad‍ult
01227.04a4f94c7a73b29cb56bf38c7d526116,01227__salted__broad__cp00AD__single.04a4f94c7a73b29cb56bf38c7d526116,broad,00AD,single,,,,Adult,Ad­ult
01232.2c1fbf4d9cb31dd039c1bbb078225b5a,01232__salted__broad__cp200B__single.2c1fbf4d9cb31dd039c1bbb078225b5a,broad,200B,single,,Adv,Ad​v,"premium, offer, receive","pr​emium, of​fer, re​ceive"
01232.2c1fbf4d9cb31dd039c1bbb078225b5a,01232__salted__broad__cp200C__single.2c1fbf4d9cb31dd039c1bbb078225b5a,broad,200C,single,,Adv,Ad‌v,"premium, offer, receive","pr‌emium, of‌fer, re‌ceive"
01232.2c1fbf4d9cb31dd039c1bbb078225b5a,01232__salted__broad__cp200D__single.2c1fbf4d9cb31dd039c1bbb078225b5a,broad,200D,single,,Adv,Ad‍v,"premium, offer, receive","pr‍emium, of‍fer, re‍ceive"
01232.2c1fbf4d9cb31dd039c1bbb078225b5a,01232__salted__broad__cp00AD__single.2c1fbf4d9cb31dd039c1bbb078225b5a,broad,00AD,single,,Adv,Ad­v,"premium, offer, receive","pr­emium, of­fer, re­ceive"
01234.0bcd772346e2970c6246f40359cf4de5,01234__salted__broad__cp200B__single.0bcd772346e2970c6246f40359cf4de5,broad,200B,single,,ADV,AD​V,,
01234.0bcd772346e2970c6246f40359cf4de5,01234__salted__broad__cp200C__single.0bcd772346e2970c6246f40359cf4de5,broad,200C,single,,ADV,AD‌V,,
01234.0bcd772346e2970c6246f40359cf4de5,01234__salted__broad__cp200D__single.0bcd772346e2970c6246f40359cf4de5,broad,200D,single,,ADV,AD‍V,,
01234.0bcd772346e2970c6246f40359cf4de5,01234__salted__broad__cp00AD__single.0bcd772346e2970c6246f40359cf4de5,broad,00AD,single,,ADV,AD­V,,
01235.2e8191ab7ddffa2290e04f9ce0422041,01235__salted__broad__cp200B__single.2e8191ab7ddffa2290e04f9ce0422041,broad,200B,single,,netnoteinc,ne​tnoteinc,,
01235.2e8191ab7ddffa2290e04f9ce0422041,01235__salted__broad__cp200C__single.2e8191ab7ddffa2290e04f9ce0422041,broad,200C,single,,netnoteinc,ne‌tnoteinc,,
01235.2e8191ab7ddffa2290e04f9ce0422041,01235__salted__broad__cp200D__single.2e8191ab7ddffa2290e04f9ce0422041,broad,200D,single,,netnoteinc,ne‍tnoteinc,,
01235.2e8191ab7ddffa2290e04f9ce0422041,01235__salted__broad__cp00AD__single.2e8191ab7ddffa2290e04f9ce0422041,broad,00AD,single,,netnoteinc,ne­tnoteinc,,
01237.245ac1766016b756a3ddb3b463cc9645,01237__salted__broad__cp200B__single.245ac1766016b756a3ddb3b463cc9645,broad,200B,single,,,,"fortune, career, opportunity","fo​rtune, ca​reer, op​portunity"
01237.245ac1766016b756a3ddb3b463cc9645,01237__salted__broad__cp200C__single.245ac1766016b756a3ddb3b463cc9645,broad,200C,single,,,,"fortune, career, opportunity","fo‌rtune, ca‌reer, op‌portunity"
01237.245ac1766016b756a3ddb3b463cc9645,01237__salted__broad__cp200D__single.245ac1766016b756a3ddb3b463cc9645,broad,200D,single,,,,"fortune, career, opportunity","fo‍rtune, ca‍reer, op‍portunity"
01237.245ac1766016b756a3ddb3b463cc9645,01237__salted__broad__cp00AD__single.245ac1766016b756a3ddb3b463cc9645,broad,00AD,single,,,,"fortune, career, opportunity","fo­rtune, ca­reer, op­portunity"
01244.9ef966101737a6fc27d8965def288d70,01244__salted__broad__cp200B__single.9ef966101737a6fc27d8965def288d70,broad,200B,single,,Credit,Cr​edit,,
01244.9ef966101737a6fc27d8965def288d70,01244__salted__broad__cp200C__single.9ef966101737a6fc27d8965def288d70,broad,200C,single,,Credit,Cr‌edit,,
01244.9ef966101737a6fc27d8965def288d70,01244__salted__broad__cp200D__single.9ef966101737a6fc27d8965def288d70,broad,200D,single,,Credit,Cr‍edit,,
01244.9ef966101737a6fc27d8965def288d70,01244__salted__broad__cp00AD__single.9ef966101737a6fc27d8965def288d70,broad,00AD,single,,Credit,Cr­edit,,
01245.ce437204a2dfc9109003491e7812fc7f,01245__salted__broad__cp200B__single.ce437204a2dfc9109003491e7812fc7f,broad,200B,single,,REDUCTION,RE​DUCTION,,
01245.ce437204a2dfc9109003491e7812fc7f,01245__salted__broad__cp200C__single.ce437204a2dfc9109003491e7812fc7f,broad,200C,single,,REDUCTION,RE‌DUCTION,,
01245.ce437204a2dfc9109003491e7812fc7f,01245__salted__broad__cp200D__single.ce437204a2dfc9109003491e7812fc7f,broad,200D,single,,REDUCTION,RE‍DUCTION,,
01245.ce437204a2dfc9109003491e7812fc7f,01245__salted__broad__cp00AD__single.ce437204a2dfc9109003491e7812fc7f,broad,00AD,single,,REDUCTION,RE­DUCTION,,
01246.d0ee9c7ebf9d953b21de9414cc96c2f9,01246__salted__broad__cp200B__single.d0ee9c7ebf9d953b21de9414cc96c2f9,broad,200B,single,,,,"contact, remove","co​ntact, re​move"
01246.d0ee9c7ebf9d953b21de9414cc96c2f9,01246__salted__broad__cp200C__single.d0ee9c7ebf9d953b21de9414cc96c2f9,broad,200C,single,,,,"contact, remove","co‌ntact, re‌move"
01246.d0ee9c7ebf9d953b21de9414cc96c2f9,01246__salted__broad__cp200D__single.d0ee9c7ebf9d953b21de9414cc96c2f9,broad,200D,single,,,,"contact, remove","co‍ntact, re‍move"
01246.d0ee9c7ebf9d953b21de9414cc96c2f9,01246__salted__broad__cp00AD__single.d0ee9c7ebf9d953b21de9414cc96c2f9,broad,00AD,single,,,,"contact, remove","co­ntact, re­move"
01248.27ec44a84866375481998caed54df8c0,01248__salted__broad__cp200B__single.27ec44a84866375481998caed54df8c0,broad,200B,single,,,,"Membership, consultation, reply","Me​mbership, co​nsultation, re​ply"
01248.27ec44a84866375481998caed54df8c0,01248__salted__broad__cp200C__single.27ec44a84866375481998caed54df8c0,broad,200C,single,,,,"Membership, consultation, reply","Me‌mbership, co‌nsultation, re‌ply"
01248.27ec44a84866375481998caed54df8c0,01248__salted__broad__cp200D__single.27ec44a84866375481998caed54df8c0,broad,200D,single,,,,"Membership, consultation, reply","Me‍mbership, co‍nsultation, re‍ply"
01248.27ec44a84866375481998caed54df8c0,01248__salted__broad__cp00AD__single.27ec44a84866375481998caed54df8c0,broad,00AD,single,,,,"Membership, consultation, reply","Me­mbership, co­nsultation, re­ply"
01252.85c2b9eb83de6e0447fdf956e9bd499c,01252__salted__broad__cp200B__single.85c2b9eb83de6e0447fdf956e9bd499c,broad,200B,single,,lowest,lo​west,,
01252.85c2b9eb83de6e0447fdf956e9bd499c,01252__salted__broad__cp200C__single.85c2b9eb83de6e0447fdf956e9bd499c,broad,200C,single,,lowest,lo‌west,,
01252.85c2b9eb83de6e0447fdf956e9bd499c,01252__salted__broad__cp200D__single.85c2b9eb83de6e0447fdf956e9bd499c,broad,200D,single,,lowest,lo‍west,,
01252.85c2b9eb83de6e0447fdf956e9bd499c,01252__salted__broad__cp00AD__single.85c2b9eb83de6e0447fdf956e9bd499c,broad,00AD,single,,lowest,lo­west,,
01256.93c359e7a1edb27054778deaa633b72b,01256__salted__broad__cp200B__single.93c359e7a1edb27054778deaa633b72b,broad,200B,single,,,,"Confidentiality, assured, await","Co​nfidentiality, as​sured, aw​ait"
01256.93c359e7a1edb27054778deaa633b72b,01256__salted__broad__cp200C__single.93c359e7a1edb27054778deaa633b72b,broad,200C,single,,,,"Confidentiality, assured, await","Co‌nfidentiality, as‌sured, aw‌ait"
01256.93c359e7a1edb27054778deaa633b72b,01256__salted__broad__cp200D__single.93c359e7a1edb27054778deaa633b72b,broad,200D,single,,,,"Confidentiality, assured, await","Co‍nfidentiality, as‍sured, aw‍ait"
01256.93c359e7a1edb27054778deaa633b72b,01256__salted__broad__cp00AD__single.93c359e7a1edb27054778deaa633b72b,broad,00AD,single,,,,"Confidentiality, assured, await","Co­nfidentiality, as­sured, aw­ait"
01258.209beaa19098071457a3f7259d6883dc,01258__salted__broad__cp200B__single.209beaa19098071457a3f7259d6883dc,broad,200B,single,,netnoteinc,ne​tnoteinc,,
01258.209beaa19098071457a3f7259d6883dc,01258__salted__broad__cp200C__single.209beaa19098071457a3f7259d6883dc,broad,200C,single,,netnoteinc,ne‌tnoteinc,,
01258.209beaa19098071457a3f7259d6883dc,01258__salted__broad__cp200D__single.209beaa19098071457a3f7259d6883dc,broad,200D,single,,netnoteinc,ne‍tnoteinc,,
01258.209beaa19098071457a3f7259d6883dc,01258__salted__broad__cp00AD__single.209beaa19098071457a3f7259d6883dc,broad,00AD,single,,netnoteinc,ne­tnoteinc,,
01260.fae84d2193ed2d65a14e2c8b612fb7fe,01260__salted__broad__cp200B__single.fae84d2193ed2d65a14e2c8b612fb7fe,broad,200B,single,,,,"smoking, products, offering","sm​oking, pr​oducts, of​fering"
01260.fae84d2193ed2d65a14e2c8b612fb7fe,01260__salted__broad__cp200C__single.fae84d2193ed2d65a14e2c8b612fb7fe,broad,200C,single,,,,"smoking, products, offering","sm‌oking, pr‌oducts, of‌fering"
01260.fae84d2193ed2d65a14e2c8b612fb7fe,01260__salted__broad__cp200D__single.fae84d2193ed2d65a14e2c8b612fb7fe,broad,200D,single,,,,"smoking, products, offering","sm‍oking, pr‍oducts, of‍fering"
01260.fae84d2193ed2d65a14e2c8b612fb7fe,01260__salted__broad__cp00AD__single.fae84d2193ed2d65a14e2c8b612fb7fe,broad,00AD,single,,,,"smoking, products, offering","sm­oking, pr­oducts, of­fering"
01263.4e9dc99aae6eafdf9233e60b6d3225f9,01263__salted__broad__cp200B__single.4e9dc99aae6eafdf9233e60b6d3225f9,broad,200B,single,,Attn,At​tn,,
01263.4e9dc99aae6eafdf9233e60b6d3225f9,01263__salted__broad__cp200C__single.4e9dc99aae6eafdf9233e60b6d3225f9,broad,200C,single,,Attn,At‌tn,,
01263.4e9dc99aae6eafdf9233e60b6d3225f9,01263__salted__broad__cp200D__single.4e9dc99aae6eafdf9233e60b6d3225f9,broad,200D,single,,Attn,At‍tn,,
01263.4e9dc99aae6eafdf9233e60b6d3225f9,01263__salted__broad__cp00AD__single.4e9dc99aae6eafdf9233e60b6d3225f9,broad,00AD,single,,Attn,At­tn,,
01265.891c503096bc7f8f3345a40e82f1bf5a,01265__salted__broad__cp200B__single.891c503096bc7f8f3345a40e82f1bf5a,broad,200B,single,,WHOLESALE,WH​OLESALE,,
01265.891c503096bc7f8f3345a40e82f1bf5a,01265__salted__broad__cp200C__single.891c503096bc7f8f3345a40e82f1bf5a,broad,200C,single,,WHOLESALE,WH‌OLESALE,,
01265.891c503096bc7f8f3345a40e82f1bf5a,01265__salted__broad__cp200D__single.891c503096bc7f8f3345a40e82f1bf5a,broad,200D,single,,WHOLESALE,WH‍OLESALE,,
01265.891c503096bc7f8f3345a40e82f1bf5a,01265__salted__broad__cp00AD__single.891c503096bc7f8f3345a40e82f1bf5a,broad,00AD,single,,WHOLESALE,WH­OLESALE,,
01266.78f4e45d9e8699babb2e38f04d4401a5,01266__salted__broad__cp200B__single.78f4e45d9e8699babb2e38f04d4401a5,broad,200B,single,,EARN,EA​RN,"earn, brand, MLM","ea​rn, br​and, ML​M"
01266.78f4e45d9e8699babb2e38f04d4401a5,01266__salted__broad__cp200C__single.78f4e45d9e8699babb2e38f04d4401a5,broad,200C,single,,EARN,EA‌RN,"earn, brand, MLM","ea‌rn, br‌and, ML‌M"
01266.78f4e45d9e8699babb2e38f04d4401a5,01266__salted__broad__cp200D__single.78f4e45d9e8699babb2e38f04d4401a5,broad,200D,single,,EARN,EA‍RN,"earn, brand, MLM","ea‍rn, br‍and, ML‍M"
01266.78f4e45d9e8699babb2e38f04d4401a5,01266__salted__broad__cp00AD__single.78f4e45d9e8699babb2e38f04d4401a5,broad,00AD,single,,EARN,EA­RN,"earn, brand, MLM","ea­rn, br­and, ML­M"
01270.f55f31ae8a3b92cdcddf7257aa9616a0,01270__salted__broad__cp200B__single.f55f31ae8a3b92cdcddf7257aa9616a0,broad,200B,single,,,,"Africa, Dear, confidential","Af​rica, De​ar, co​nfidential"
01270.f55f31ae8a3b92cdcddf7257aa9616a0,01270__salted__broad__cp200C__single.f55f31ae8a3b92cdcddf7257aa9616a0,broad,200C,single,,,,"Africa, Dear, confidential","Af‌rica, De‌ar, co‌nfidential"
01270.f55f31ae8a3b92cdcddf7257aa9616a0,01270__salted__broad__cp200D__single.f55f31ae8a3b92cdcddf7257aa9616a0,broad,200D,single,,,,"Africa, Dear, confidential","Af‍rica, De‍ar, co‍nfidential"
01270.f55f31ae8a3b92cdcddf7257aa9616a0,01270__salted__broad__cp00AD__single.f55f31ae8a3b92cdcddf7257aa9616a0,broad,00AD,single,,,,"Africa, Dear, confidential","Af­rica, De­ar, co­nfidential"
01272.ae29c7d7f5acfc747cf55082aa628a40,01272__salted__broad__cp200B__single.ae29c7d7f5acfc747cf55082aa628a40,broad,200B,single,,,,"currency, currency, visit","cu​rrency, cu​rrency, vi​sit"
01272.ae29c7d7f5acfc747cf55082aa628a40,01272__salted__broad__cp200C__single.ae29c7d7f5acfc747cf55082aa628a40,broad,200C,single,,,,"currency, currency, visit","cu‌rrency, cu‌rrency, vi‌sit"
01272.ae29c7d7f5acfc747cf55082aa628a40,01272__salted__broad__cp200D__single.ae29c7d7f5acfc747cf55082aa628a40,broad,200D,single,,,,"currency, currency, visit","cu‍rrency, cu‍rrency, vi‍sit"
01272.ae29c7d7f5acfc747cf55082aa628a40,01272__salted__broad__cp00AD__single.ae29c7d7f5acfc747cf55082aa628a40,broad,00AD,single,,,,"currency, currency, visit","cu­rrency, cu­rrency, vi­sit"
01273.b738ce23f30ea10c7ad44d949d111199,01273__salted__broad__cp200B__single.b738ce23f30ea10c7ad44d949d111199,broad,200B,single,,Systemworks,Sy​stemworks,,
01273.b738ce23f30ea10c7ad44d949d111199,01273__salted__broad__cp200C__single.b738ce23f30ea10c7ad44d949d111199,broad,200C,single,,Systemworks,Sy‌stemworks,,
01273.b738ce23f30ea10c7ad44d949d111199,01273__salted__broad__cp200D__single.b738ce23f30ea10c7ad44d949d111199,broad,200D,single,,Systemworks,Sy‍stemworks,,
01273.b738ce23f30ea10c7ad44d949d111199,01273__salted__broad__cp00AD__single.b738ce23f30ea10c7ad44d949d111199,broad,00AD,single,,Systemworks,Sy­stemworks,,
01274.6eb8dc0890717ae45385f0393024c30e,01274__salted__broad__cp200B__single.6eb8dc0890717ae45385f0393024c30e,broad,200B,single,,ADV,AD​V,,
01274.6eb8dc0890717ae45385f0393024c30e,01274__salted__broad__cp200C__single.6eb8dc0890717ae45385f0393024c30e,broad,200C,single,,ADV,AD‌V,,
01274.6eb8dc0890717ae45385f0393024c30e,01274__salted__broad__cp200D__single.6eb8dc0890717ae45385f0393024c30e,broad,200D,single,,ADV,AD‍V,,
01274.6eb8dc0890717ae45385f0393024c30e,01274__salted__broad__cp00AD__single.6eb8dc0890717ae45385f0393024c30e,broad,00AD,single,,ADV,AD­V,,
01275.9ce1257b70028a741bd7877f0bc2ba0e,01275__salted__broad__cp200B__single.9ce1257b70028a741bd7877f0bc2ba0e,broad,200B,single,,Mortgage,Mo​rtgage,,
01275.9ce1257b70028a741bd7877f0bc2ba0e,01275__salted__broad__cp200C__single.9ce1257b70028a741bd7877f0bc2ba0e,broad,200C,single,,Mortgage,Mo‌rtgage,,
01275.9ce1257b70028a741bd7877f0bc2ba0e,01275__salted__broad__cp200D__single.9ce1257b70028a741bd7877f0bc2ba0e,broad,200D,single,,Mortgage,Mo‍rtgage,,
01275.9ce1257b70028a741bd7877f0bc2ba0e,01275__salted__broad__cp00AD__single.9ce1257b70028a741bd7877f0bc2ba0e,broad,00AD,single,,Mortgage,Mo­rtgage,,
01277.6763a79fad1f1b39cb7d5b7faf92ea98,01277__salted__broad__cp200B__single.6763a79fad1f1b39cb7d5b7faf92ea98,broad,200B,single,,Mortgage,Mo​rtgage,"mortgage, loan, loan","mo​rtgage, lo​an, lo​an"
01277.6763a79fad1f1b39cb7d5b7faf92ea98,01277__salted__broad__cp200C__single.6763a79fad1f1b39cb7d5b7faf92ea98,broad,200C,single,,Mortgage,Mo‌rtgage,"mortgage, loan, loan","mo‌rtgage, lo‌an, lo‌an"
01277.6763a79fad1f1b39cb7d5b7faf92ea98,01277__salted__broad__cp200D__single.6763a79fad1f1b39cb7d5b7faf92ea98,broad,200D,single,,Mortgage,Mo‍rtgage,"mortgage, loan, loan","mo‍rtgage, lo‍an, lo‍an"
01277.6763a79fad1f1b39cb7d5b7faf92ea98,01277__salted__broad__cp00AD__single.6763a79fad1f1b39cb7d5b7faf92ea98,broad,00AD,single,,Mortgage,Mo­rtgage,"mortgage, loan, loan","mo­rtgage, lo­an, lo­an"
01279.56199c85479893dea5fa233e9598b7c3,01279__salted__broad__cp200B__single.56199c85479893dea5fa233e9598b7c3,broad,200B,single,,Viagra,Vi​agra,"hours, Click, VIAGRA","ho​urs, Cl​ick, VI​AGRA"
01279.56199c85479893dea5fa233e9598b7c3,01279__salted__broad__cp200C__single.56199c85479893dea5fa233e9598b7c3,broad,200C,single,,Viagra,Vi‌agra,"hours, Click, VIAGRA","ho‌urs, Cl‌ick, VI‌AGRA"
01279.56199c85479893dea5fa233e9598b7c3,01279__salted__broad__cp200D__single.56199c85479893dea5fa233e9598b7c3,broad,200D,single,,Viagra,Vi‍agra,"hours, Click, VIAGRA","ho‍urs, Cl‍ick, VI‍AGRA"
01279.56199c85479893dea5fa233e9598b7c3,01279__salted__broad__cp00AD__single.56199c85479893dea5fa233e9598b7c3,broad,00AD,single,,Viagra,Vi­agra,"hours, Click, VIAGRA","ho­urs, Cl­ick, VI­AGRA"
01281.889130eed8c0fabfe29f7ffe62d1afe1,01281__salted__broad__cp200B__single.889130eed8c0fabfe29f7ffe62d1afe1,broad,200B,single,,Annuity,An​nuity,"Annuity, Sales, promotional","An​nuity, Sa​les, pr​omotional"
01281.889130eed8c0fabfe29f7ffe62d1afe1,01281__salted__broad__cp200C__single.889130eed8c0fabfe29f7ffe62d1afe1,broad,200C,single,,Annuity,An‌nuity,"Annuity, Sales, promotional","An‌nuity, Sa‌les, pr‌omotional"
01281.889130eed8c0fabfe29f7ffe62d1afe1,01281__salted__broad__cp200D__single.889130eed8c0fabfe29f7ffe62d1afe1,broad,200D,single,,Annuity,An‍nuity,"Annuity, Sales, promotional","An‍nuity, Sa‍les, pr‍omotional"
01281.889130eed8c0fabfe29f7ffe62d1afe1,01281__salted__broad__cp00AD__single.889130eed8c0fabfe29f7ffe62d1afe1,broad,00AD,single,,Annuity,An­nuity,"Annuity, Sales, promotional","An­nuity, Sa­les, pr­omotional"
01282.9ae018dd0cf3c1f3345eb44074fd5635,01282__salted__broad__cp200B__single.9ae018dd0cf3c1f3345eb44074fd5635,broad,200B,single,,,,"lose, removed, mailings","lo​se, re​moved, ma​ilings"
01282.9ae018dd0cf3c1f3345eb44074fd5635,01282__salted__broad__cp200C__single.9ae018dd0cf3c1f3345eb44074fd5635,broad,200C,single,,,,"lose, removed, mailings","lo‌se, re‌moved, ma‌ilings"
01282.9ae018dd0cf3c1f3345eb44074fd5635,01282__salted__broad__cp200D__single.9ae018dd0cf3c1f3345eb44074fd5635,broad,200D,single,,,,"lose, removed, mailings","lo‍se, re‍moved, ma‍ilings"
01282.9ae018dd0cf3c1f3345eb44074fd5635,01282__salted__broad__cp00AD__single.9ae018dd0cf3c1f3345eb44074fd5635,broad,00AD,single,,,,"lose, removed, mailings","lo­se, re­moved, ma­ilings"
01284.218c046acbc79f6f52c767fcb3fabbbc,01284__salted__broad__cp200B__single.218c046acbc79f6f52c767fcb3fabbbc,broad,200B,single,,ADV,AD​V,,
01284.218c046acbc79f6f52c767fcb3fabbbc,01284__salted__broad__cp200C__single.218c046acbc79f6f52c767fcb3fabbbc,broad,200C,single,,ADV,AD‌V,,
01284.218c046acbc79f6f52c767fcb3fabbbc,01284__salted__broad__cp200D__single.218c046acbc79f6f52c767fcb3fabbbc,broad,200D,single,,ADV,AD‍V,,
01284.218c046acbc79f6f52c767fcb3fabbbc,01284__salted__broad__cp00AD__single.218c046acbc79f6f52c767fcb3fabbbc,broad,00AD,single,,ADV,AD­V,,
01286.80a17353e03cab185cb52237b60359e4,01286__salted__broad__cp200B__single.80a17353e03cab185cb52237b60359e4,broad,200B,single,,,,"earning, Confidentiality, assured","ea​rning, Co​nfidentiality, as​sured"
01286.80a17353e03cab185cb52237b60359e4,01286__salted__broad__cp200C__single.80a17353e03cab185cb52237b60359e4,broad,200C,single,,,,"earning, Confidentiality, assured","ea‌rning, Co‌nfidentiality, as‌sured"
01286.80a17353e03cab185cb52237b60359e4,01286__salted__broad__cp200D__single.80a17353e03cab185cb52237b60359e4,broad,200D,single,,,,"earning, Confidentiality, assured","ea‍rning, Co‍nfidentiality, as‍sured"
01286.80a17353e03cab185cb52237b60359e4,01286__salted__broad__cp00AD__single.80a17353e03cab185cb52237b60359e4,broad,00AD,single,,,,"earning, Confidentiality, assured","ea­rning, Co­nfidentiality, as­sured"
01287.45b0eefc02506c5c82e5ab4ffe2fc625,01287__salted__broad__cp200B__single.45b0eefc02506c5c82e5ab4ffe2fc625,broad,200B,single,,Herbal,He​rbal,,
01287.45b0eefc02506c5c82e5ab4ffe2fc625,01287__salted__broad__cp200C__single.45b0eefc02506c5c82e5ab4ffe2fc625,broad,200C,single,,Herbal,He‌rbal,,
01287.45b0eefc02506c5c82e5ab4ffe2fc625,01287__salted__broad__cp200D__single.45b0eefc02506c5c82e5ab4ffe2fc625,broad,200D,single,,Herbal,He‍rbal,,
01287.45b0eefc02506c5c82e5ab4ffe2fc625,01287__salted__broad__cp00AD__single.45b0eefc02506c5c82e5ab4ffe2fc625,broad,00AD,single,,Herbal,He­rbal,,
01289.2f9168490b8c45e76af4935b4827f702,01289__salted__broad__cp200B__single.2f9168490b8c45e76af4935b4827f702,broad,200B,single,,Proposal,Pr​oposal,,
01289.2f9168490b8c45e76af4935b4827f702,01289__salted__broad__cp200C__single.2f9168490b8c45e76af4935b4827f702,broad,200C,single,,Proposal,Pr‌oposal,,
01289.2f9168490b8c45e76af4935b4827f702,01289__salted__broad__cp200D__single.2f9168490b8c45e76af4935b4827f702,broad,200D,single,,Proposal,Pr‍oposal,,
01289.2f9168490b8c45e76af4935b4827f702,01289__salted__broad__cp00AD__single.2f9168490b8c45e76af4935b4827f702,broad,00AD,single,,Proposal,Pr­oposal,,
01290.cc97aad0960efa7c8b76464b39d54bc9,01290__salted__broad__cp200B__single.cc97aad0960efa7c8b76464b39d54bc9,broad,200B,single,,ADV,AD​V,,
01290.cc97aad0960efa7c8b76464b39d54bc9,01290__salted__broad__cp200C__single.cc97aad0960efa7c8b76464b39d54bc9,broad,200C,single,,ADV,AD‌V,,
01290.cc97aad0960efa7c8b76464b39d54bc9,01290__salted__broad__cp200D__single.cc97aad0960efa7c8b76464b39d54bc9,broad,200D,single,,ADV,AD‍V,,
01290.cc97aad0960efa7c8b76464b39d54bc9,01290__salted__broad__cp00AD__single.cc97aad0960efa7c8b76464b39d54bc9,broad,00AD,single,,ADV,AD­V,,
01291.4fee8a2f5fb6dce4e775b054282b6a71,01291__salted__broad__cp200B__single.4fee8a2f5fb6dce4e775b054282b6a71,broad,200B,single,,,,"Remove, Instructions, receive","Re​move, In​structions, re​ceive"
01291.4fee8a2f5fb6dce4e775b054282b6a71,01291__salted__broad__cp200C__single.4fee8a2f5fb6dce4e775b054282b6a71,broad,200C,single,,,,"Remove, Instructions, receive","Re‌move, In‌structions, re‌ceive"
01291.4fee8a2f5fb6dce4e775b054282b6a71,01291__salted__broad__cp200D__single.4fee8a2f5fb6dce4e775b054282b6a71,broad,200D,single,,,,"Remove, Instructions, receive","Re‍move, In‍structions, re‍ceive"
01291.4fee8a2f5fb6dce4e775b054282b6a71,01291__salted__broad__cp00AD__single.4fee8a2f5fb6dce4e775b054282b6a71,broad,00AD,single,,,,"Remove, Instructions, receive","Re­move, In­structions, re­ceive"
01292.3cfdacd938c6a4a7544581399e28e81c,01292__salted__broad__cp200B__single.3cfdacd938c6a4a7544581399e28e81c,broad,200B,single,,Adv,Ad​v,"debt, rates, credit","de​bt, ra​tes, cr​edit"
01292.3cfdacd938c6a4a7544581399e28e81c,01292__salted__broad__cp200C__single.3cfdacd938c6a4a7544581399e28e81c,broad,200C,single,,Adv,Ad‌v,"debt, rates, credit","de‌bt, ra‌tes, cr‌edit"
01292.3cfdacd938c6a4a7544581399e28e81c,01292__salted__broad__cp200D__single.3cfdacd938c6a4a7544581399e28e81c,broad,200D,single,,Adv,Ad‍v,"debt, rates, credit","de‍bt, ra‍tes, cr‍edit"
01292.3cfdacd938c6a4a7544581399e28e81c,01292__salted__broad__cp00AD__single.3cfdacd938c6a4a7544581399e28e81c,broad,00AD,single,,Adv,Ad­v,"debt, rates, credit","de­bt, ra­tes, cr­edit"
01293.1073233e92a1fb8808e384cbc0d60e58,01293__salted__broad__cp200B__single.1073233e92a1fb8808e384cbc0d60e58,broad,200B,single,,Beneficiary,Be​neficiary,"beneficiary, deposited, fund","be​neficiary, de​posited, fu​nd"
01293.1073233e92a1fb8808e384cbc0d60e58,01293__salted__broad__cp200C__single.1073233e92a1fb8808e384cbc0d60e58,broad,200C,single,,Beneficiary,Be‌neficiary,"beneficiary, deposited, fund","be‌neficiary, de‌posited, fu‌nd"
01293.1073233e92a1fb8808e384cbc0d60e58,01293__salted__broad__cp200D__single.1073233e92a1fb8808e384cbc0d60e58,broad,200D,single,,Beneficiary,Be‍neficiary,"beneficiary, deposited, fund","be‍neficiary, de‍posited, fu‍nd"
01293.1073233e92a1fb8808e384cbc0d60e58,01293__salted__broad__cp00AD__single.1073233e92a1fb8808e384cbc0d60e58,broad,00AD,single,,Beneficiary,Be­neficiary,"beneficiary, deposited, fund","be­neficiary, de­posited, fu­nd"
01294.1b87da1a627d8b8f126839dad1220a1c,01294__salted__broad__cp200B__single.1b87da1a627d8b8f126839dad1220a1c,broad,200B,single,,,,"OFFER, OFFERING, SALES","OF​FER, OF​FERING, SA​LES"
01294.1b87da1a627d8b8f126839dad1220a1c,01294__salted__broad__cp200C__single.1b87da1a627d8b8f126839dad1220a1c,broad,200C,single,,,,"OFFER, OFFERING, SALES","OF‌FER, OF‌FERING, SA‌LES"
01294.1b87da1a627d8b8f126839dad1220a1c,01294__salted__broad__cp200D__single.1b87da1a627d8b8f126839dad1220a1c,broad,200D,single,,,,"OFFER, OFFERING, SALES","OF‍FER, OF‍FERING, SA‍LES"
01294.1b87da1a627d8b8f126839dad1220a1c,01294__salted__broad__cp00AD__single.1b87da1a627d8b8f126839dad1220a1c,broad,00AD,single,,,,"OFFER, OFFERING, SALES","OF­FER, OF­FERING, SA­LES"
01295.7cea2d55caf3dfae98b350e67a431e35,01295__salted__broad__cp200B__single.7cea2d55caf3dfae98b350e67a431e35,broad,200B,single,,payment,pa​yment,,
01295.7cea2d55caf3dfae98b350e67a431e35,01295__salted__broad__cp200C__single.7cea2d55caf3dfae98b350e67a431e35,broad,200C,single,,payment,pa‌yment,,
01295.7cea2d55caf3dfae98b350e67a431e35,01295__salted__broad__cp200D__single.7cea2d55caf3dfae98b350e67a431e35,broad,200D,single,,payment,pa‍yment,,
01295.7cea2d55caf3dfae98b350e67a431e35,01295__salted__broad__cp00AD__single.7cea2d55caf3dfae98b350e67a431e35,broad,00AD,single,,payment,pa­yment,,
01296.34052422109f131a8b1fb59d1d42f899,01296__salted__broad__cp200B__single.34052422109f131a8b1fb59d1d42f899,broad,200B,single,,,,"fortune, career, opportunity","fo​rtune, ca​reer, op​portunity"
01296.34052422109f131a8b1fb59d1d42f899,01296__salted__broad__cp200C__single.34052422109f131a8b1fb59d1d42f899,broad,200C,single,,,,"fortune, career, opportunity","fo‌rtune, ca‌reer, op‌portunity"
01296.34052422109f131a8b1fb59d1d42f899,01296__salted__broad__cp200D__single.34052422109f131a8b1fb59d1d42f899,broad,200D,single,,,,"fortune, career, opportunity","fo‍rtune, ca‍reer, op‍portunity"
01296.34052422109f131a8b1fb59d1d42f899,01296__salted__broad__cp00AD__single.34052422109f131a8b1fb59d1d42f899,broad,00AD,single,,,,"fortune, career, opportunity","fo­rtune, ca­reer, op­portunity"
01297.6899dd73603e94dcefaba9970c3cfb69,01297__salted__broad__cp200B__single.6899dd73603e94dcefaba9970c3cfb69,broad,200B,single,,ADV,AD​V,,
01297.6899dd73603e94dcefaba9970c3cfb69,01297__salted__broad__cp200C__single.6899dd73603e94dcefaba9970c3cfb69,broad,200C,single,,ADV,AD‌V,,
01297.6899dd73603e94dcefaba9970c3cfb69,01297__salted__broad__cp200D__single.6899dd73603e94dcefaba9970c3cfb69,broad,200D,single,,ADV,AD‍V,,
01297.6899dd73603e94dcefaba9970c3cfb69,01297__salted__broad__cp00AD__single.6899dd73603e94dcefaba9970c3cfb69,broad,00AD,single,,ADV,AD­V,,
01298.3e410f64d440f9c883243bcc942b0f41,01298__salted__broad__cp200B__single.3e410f64d440f9c883243bcc942b0f41,broad,200B,single,,,,"account, targeted, prices","ac​count, ta​rgeted, pr​ices"
01298.3e410f64d440f9c883243bcc942b0f41,01298__salted__broad__cp200C__single.3e410f64d440f9c883243bcc942b0f41,broad,200C,single,,,,"account, targeted, prices","ac‌count, ta‌rgeted, pr‌ices"
01298.3e410f64d440f9c883243bcc942b0f41,01298__salted__broad__cp200D__single.3e410f64d440f9c883243bcc942b0f41,broad,200D,single,,,,"account, targeted, prices","ac‍count, ta‍rgeted, pr‍ices"
01298.3e410f64d440f9c883243bcc942b0f41,01298__salted__broad__cp00AD__single.3e410f64d440f9c883243bcc942b0f41,broad,00AD,single,,,,"account, targeted, prices","ac­count, ta­rgeted, pr­ices"
01300.74283a1a03062473904cd6f9965df1d5,01300__salted__broad__cp200B__single.74283a1a03062473904cd6f9965df1d5,broad,200B,single,,,,"Leads, Proven, Toll","Le​ads, Pr​oven, To​ll"
01300.74283a1a03062473904cd6f9965df1d5,01300__salted__broad__cp200C__single.74283a1a03062473904cd6f9965df1d5,broad,200C,single,,,,"Leads, Proven, Toll","Le‌ads, Pr‌oven, To‌ll"
01300.74283a1a03062473904cd6f9965df1d5,01300__salted__broad__cp200D__single.74283a1a03062473904cd6f9965df1d5,broad,200D,single,,,,"Leads, Proven, Toll","Le‍ads, Pr‍oven, To‍ll"
01300.74283a1a03062473904cd6f9965df1d5,01300__salted__broad__cp00AD__single.74283a1a03062473904cd6f9965df1d5,broad,00AD,single,,,,"Leads, Proven, Toll","Le­ads, Pr­oven, To­ll"
01303.59ad6322f5af1c3672849f504ad86fce,01303__salted__broad__cp200B__single.59ad6322f5af1c3672849f504ad86fce,broad,200B,single,,MLM,ML​M,"earn, MLM, brand","ea​rn, ML​M, br​and"
01303.59ad6322f5af1c3672849f504ad86fce,01303__salted__broad__cp200C__single.59ad6322f5af1c3672849f504ad86fce,broad,200C,single,,MLM,ML‌M,"earn, MLM, brand","ea‌rn, ML‌M, br‌and"
01303.59ad6322f5af1c3672849f504ad86fce,01303__salted__broad__cp200D__single.59ad6322f5af1c3672849f504ad86fce,broad,200D,single,,MLM,ML‍M,"earn, MLM, brand","ea‍rn, ML‍M, br‍and"
01303.59ad6322f5af1c3672849f504ad86fce,01303__salted__broad__cp00AD__single.59ad6322f5af1c3672849f504ad86fce,broad,00AD,single,,MLM,ML­M,"earn, MLM, brand","ea­rn, ML­M, br­and"
01304.114140cd4c51e9795559b974964aa043,01304__salted__broad__cp200B__single.114140cd4c51e9795559b974964aa043,broad,200B,single,,Valuable,Va​luable,,
01304.114140cd4c51e9795559b974964aa043,01304__salted__broad__cp200C__single.114140cd4c51e9795559b974964aa043,broad,200C,single,,Valuable,Va‌luable,,
01304.114140cd4c51e9795559b974964aa043,01304__salted__broad__cp200D__single.114140cd4c51e9795559b974964aa043,broad,200D,single,,Valuable,Va‍luable,,
01304.114140cd4c51e9795559b974964aa043,01304__salted__broad__cp00AD__single.114140cd4c51e9795559b974964aa043,broad,00AD,single,,Valuable,Va­luable,,
01305.2456653e0fbd780a77a3d25229109432,01305__salted__broad__cp200B__single.2456653e0fbd780a77a3d25229109432,broad,200B,single,,ADV,AD​V,,
01305.2456653e0fbd780a77a3d25229109432,01305__salted__broad__cp200C__single.2456653e0fbd780a77a3d25229109432,broad,200C,single,,ADV,AD‌V,,
01305.2456653e0fbd780a77a3d25229109432,01305__salted__broad__cp200D__single.2456653e0fbd780a77a3d25229109432,broad,200D,single,,ADV,AD‍V,,
01305.2456653e0fbd780a77a3d25229109432,01305__salted__broad__cp00AD__single.2456653e0fbd780a77a3d25229109432,broad,00AD,single,,ADV,AD­V,,
01306.d37be8871ac501758c6854fbef9cbdd2,01306__salted__broad__cp200B__single.d37be8871ac501758c6854fbef9cbdd2,broad,200B,single,,Brand,Br​and,,
01306.d37be8871ac501758c6854fbef9cbdd2,01306__salted__broad__cp200C__single.d37be8871ac501758c6854fbef9cbdd2,broad,200C,single,,Brand,Br‌and,,
01306.d37be8871ac501758c6854fbef9cbdd2,01306__salted__broad__cp200D__single.d37be8871ac501758c6854fbef9cbdd2,broad,200D,single,,Brand,Br‍and,,
01306.d37be8871ac501758c6854fbef9cbdd2,01306__salted__broad__cp00AD__single.d37be8871ac501758c6854fbef9cbdd2,broad,00AD,single,,Brand,Br­and,,
01310.39e7167813c411d9163ceedcba3b3702,01310__salted__broad__cp200B__single.39e7167813c411d9163ceedcba3b3702,broad,200B,single,,,,"Dear, CLICK","De​ar, CL​ICK"
01310.39e7167813c411d9163ceedcba3b3702,01310__salted__broad__cp200C__single.39e7167813c411d9163ceedcba3b3702,broad,200C,single,,,,"Dear, CLICK","De‌ar, CL‌ICK"
01310.39e7167813c411d9163ceedcba3b3702,01310__salted__broad__cp200D__single.39e7167813c411d9163ceedcba3b3702,broad,200D,single,,,,"Dear, CLICK","De‍ar, CL‍ICK"
01310.39e7167813c411d9163ceedcba3b3702,01310__salted__broad__cp00AD__single.39e7167813c411d9163ceedcba3b3702,broad,00AD,single,,,,"Dear, CLICK","De­ar, CL­ICK"
01314.12c8b5b91bc690f0f0d6fad595150ac6,01314__salted__broad__cp200B__single.12c8b5b91bc690f0f0d6fad595150ac6,broad,200B,single,,,,"SAVINGS, telephone, risk","SA​VINGS, te​lephone, ri​sk"
01314.12c8b5b91bc690f0f0d6fad595150ac6,01314__salted__broad__cp200C__single.12c8b5b91bc690f0f0d6fad595150ac6,broad,200C,single,,,,"SAVINGS, telephone, risk","SA‌VINGS, te‌lephone, ri‌sk"
01314.12c8b5b91bc690f0f0d6fad595150ac6,01314__salted__broad__cp200D__single.12c8b5b91bc690f0f0d6fad595150ac6,broad,200D,single,,,,"SAVINGS, telephone, risk","SA‍VINGS, te‍lephone, ri‍sk"
01314.12c8b5b91bc690f0f0d6fad595150ac6,01314__salted__broad__cp00AD__single.12c8b5b91bc690f0f0d6fad595150ac6,broad,00AD,single,,,,"SAVINGS, telephone, risk","SA­VINGS, te­lephone, ri­sk"
01315.88a113666f60469492624820111ee3be,01315__salted__broad__cp200B__single.88a113666f60469492624820111ee3be,broad,200B,single,,,,"fortune, career, opportunity","fo​rtune, ca​reer, op​portunity"
01315.88a113666f60469492624820111ee3be,01315__salted__broad__cp200C__single.88a113666f60469492624820111ee3be,broad,200C,single,,,,"fortune, career, opportunity","fo‌rtune, ca‌reer, op‌portunity"
01315.88a113666f60469492624820111ee3be,01315__salted__broad__cp200D__single.88a113666f60469492624820111ee3be,broad,200D,single,,,,"fortune, career, opportunity","fo‍rtune, ca‍reer, op‍portunity"
01315.88a113666f60469492624820111ee3be,01315__salted__broad__cp00AD__single.88a113666f60469492624820111ee3be,broad,00AD,single,,,,"fortune, career, opportunity","fo­rtune, ca­reer, op­portunity"
01318.5ceb2b7a8b5780b006500266f5a508ca,01318__salted__broad__cp200B__single.5ceb2b7a8b5780b006500266f5a508ca,broad,200B,single,,Mortgage,Mo​rtgage,,
01318.5ceb2b7a8b5780b006500266f5a508ca,01318__salted__broad__cp200C__single.5ceb2b7a8b5780b006500266f5a508ca,broad,200C,single,,Mortgage,Mo‌rtgage,,
01318.5ceb2b7a8b5780b006500266f5a508ca,01318__salted__broad__cp200D__single.5ceb2b7a8b5780b006500266f5a508ca,broad,200D,single,,Mortgage,Mo‍rtgage,,
01318.5ceb2b7a8b5780b006500266f5a508ca,01318__salted__broad__cp00AD__single.5ceb2b7a8b5780b006500266f5a508ca,broad,00AD,single,,Mortgage,Mo­rtgage,,
01319.ec67d39c89f4a5865b730879685f3092,01319__salted__broad__cp200B__single.ec67d39c89f4a5865b730879685f3092,broad,200B,single,,OFFER,OF​FER,"OFFER, OFFER, OFFER","OF​FER, OF​FER, OF​FER"
01319.ec67d39c89f4a5865b730879685f3092,01319__salted__broad__cp200C__single.ec67d39c89f4a5865b730879685f3092,broad,200C,single,,OFFER,OF‌FER,"OFFER, OFFER, OFFER","OF‌FER, OF‌FER, OF‌FER"
01319.ec67d39c89f4a5865b730879685f3092,01319__salted__broad__cp200D__single.ec67d39c89f4a5865b730879685f3092,broad,200D,single,,OFFER,OF‍FER,"OFFER, OFFER, OFFER","OF‍FER, OF‍FER, OF‍FER"
01319.ec67d39c89f4a5865b730879685f3092,01319__salted__broad__cp00AD__single.ec67d39c89f4a5865b730879685f3092,broad,00AD,single,,OFFER,OF­FER,"OFFER, OFFER, OFFER","OF­FER, OF­FER, OF­FER"
01320.9d28c111c72720b5cd64a025591dbce5,01320__salted__broad__cp200B__single.9d28c111c72720b5cd64a025591dbce5,broad,200B,single,,Attn,At​tn,,
01320.9d28c111c72720b5cd64a025591dbce5,01320__salted__broad__cp200C__single.9d28c111c72720b5cd64a025591dbce5,broad,200C,single,,Attn,At‌tn,,
01320.9d28c111c72720b5cd64a025591dbce5,01320__salted__broad__cp200D__single.9d28c111c72720b5cd64a025591dbce5,broad,200D,single,,Attn,At‍tn,,
01320.9d28c111c72720b5cd64a025591dbce5,01320__salted__broad__cp00AD__single.9d28c111c72720b5cd64a025591dbce5,broad,00AD,single,,Attn,At­tn,,
01321.f32dcf9a564da7e27f9fcad664cb0fe1,01321__salted__broad__cp200B__single.f32dcf9a564da7e27f9fcad664cb0fe1,broad,200B,single,,,,"weekly, apologize, inconvenience","we​ekly, ap​ologize, in​convenience"
01321.f32dcf9a564da7e27f9fcad664cb0fe1,01321__salted__broad__cp200C__single.f32dcf9a564da7e27f9fcad664cb0fe1,broad,200C,single,,,,"weekly, apologize, inconvenience","we‌ekly, ap‌ologize, in‌convenience"
01321.f32dcf9a564da7e27f9fcad664cb0fe1,01321__salted__broad__cp200D__single.f32dcf9a564da7e27f9fcad664cb0fe1,broad,200D,single,,,,"weekly, apologize, inconvenience","we‍ekly, ap‍ologize, in‍convenience"
01321.f32dcf9a564da7e27f9fcad664cb0fe1,01321__salted__broad__cp00AD__single.f32dcf9a564da7e27f9fcad664cb0fe1,broad,00AD,single,,,,"weekly, apologize, inconvenience","we­ekly, ap­ologize, in­convenience"
01322.ff3e699f59f732ca886de5873eef313e,01322__salted__broad__cp200B__single.ff3e699f59f732ca886de5873eef313e,broad,200B,single,,Commission,Co​mmission,"Guaranteed, Guaranteed, Commission","Gu​aranteed, Gu​aranteed, Co​mmission"
01322.ff3e699f59f732ca886de5873eef313e,01322__salted__broad__cp200C__single.ff3e699f59f732ca886de5873eef313e,broad,200C,single,,Commission,Co‌mmission,"Guaranteed, Guaranteed, Commission","Gu‌aranteed, Gu‌aranteed, Co‌mmission"
01322.ff3e699f59f732ca886de5873eef313e,01322__salted__broad__cp200D__single.ff3e699f59f732ca886de5873eef313e,broad,200D,single,,Commission,Co‍mmission,"Guaranteed, Guaranteed, Commission","Gu‍aranteed, Gu‍aranteed, Co‍mmission"
01322.ff3e699f59f732ca886de5873eef313e,01322__salted__broad__cp00AD__single.ff3e699f59f732ca886de5873eef313e,broad,00AD,single,,Commission,Co­mmission,"Guaranteed, Guaranteed, Commission","Gu­aranteed, Gu­aranteed, Co­mmission"
01324.6ae300702ee69538834dccea9b774fef,01324__salted__broad__cp200B__single.6ae300702ee69538834dccea9b774fef,broad,200B,single,,MLM,ML​M,"earn, MLM, brand","ea​rn, ML​M, br​and"
01324.6ae300702ee69538834dccea9b774fef,01324__salted__broad__cp200C__single.6ae300702ee69538834dccea9b774fef,broad,200C,single,,MLM,ML‌M,"earn, MLM, brand","ea‌rn, ML‌M, br‌and"
01324.6ae300702ee69538834dccea9b774fef,01324__salted__broad__cp200D__single.6ae300702ee69538834dccea9b774fef,broad,200D,single,,MLM,ML‍M,"earn, MLM, brand","ea‍rn, ML‍M, br‍and"
01324.6ae300702ee69538834dccea9b774fef,01324__salted__broad__cp00AD__single.6ae300702ee69538834dccea9b774fef,broad,00AD,single,,MLM,ML­M,"earn, MLM, brand","ea­rn, ML­M, br­and"
01326.32e7912cae22a40e7b27f7d020de08fe,01326__salted__broad__cp200B__single.32e7912cae22a40e7b27f7d020de08fe,broad,200B,single,,,,"offer, advertising, weekly","of​fer, ad​vertising, we​ekly"
01326.32e7912cae22a40e7b27f7d020de08fe,01326__salted__broad__cp200C__single.32e7912cae22a40e7b27f7d020de08fe,broad,200C,single,,,,"offer, advertising, weekly","of‌fer, ad‌vertising, we‌ekly"
01326.32e7912cae22a40e7b27f7d020de08fe,01326__salted__broad__cp200D__single.32e7912cae22a40e7b27f7d020de08fe,broad,200D,single,,,,"offer, advertising, weekly","of‍fer, ad‍vertising, we‍ekly"
01326.32e7912cae22a40e7b27f7d020de08fe,01326__salted__broad__cp00AD__single.32e7912cae22a40e7b27f7d020de08fe,broad,00AD,single,,,,"offer, advertising, weekly","of­fer, ad­vertising, we­ekly"
01327.7d7cb2b319318af27a2981701843f358,01327__salted__broad__cp200B__single.7d7cb2b319318af27a2981701843f358,broad,200B,single,,credit,cr​edit,,
01327.7d7cb2b319318af27a2981701843f358,01327__salted__broad__cp200C__single.7d7cb2b319318af27a2981701843f358,broad,200C,single,,credit,cr‌edit,,
01327.7d7cb2b319318af27a2981701843f358,01327__salted__broad__cp200D__single.7d7cb2b319318af27a2981701843f358,broad,200D,single,,credit,cr‍edit,,
01327.7d7cb2b319318af27a2981701843f358,01327__salted__broad__cp00AD__single.7d7cb2b319318af27a2981701843f358,broad,00AD,single,,credit,cr­edit,,
01328.b23902de23cb3ca1f3334517282372b2,01328__salted__broad__cp200B__single.b23902de23cb3ca1f3334517282372b2,broad,200B,single,,,,"satisfied, unlimited, monthly","sa​tisfied, un​limited, mo​nthly"
01328.b23902de23cb3ca1f3334517282372b2,01328__salted__broad__cp200C__single.b23902de23cb3ca1f3334517282372b2,broad,200C,single,,,,"satisfied, unlimited, monthly","sa‌tisfied, un‌limited, mo‌nthly"
01328.b23902de23cb3ca1f3334517282372b2,01328__salted__broad__cp200D__single.b23902de23cb3ca1f3334517282372b2,broad,200D,single,,,,"satisfied, unlimited, monthly","sa‍tisfied, un‍limited, mo‍nthly"
01328.b23902de23cb3ca1f3334517282372b2,01328__salted__broad__cp00AD__single.b23902de23cb3ca1f3334517282372b2,broad,00AD,single,,,,"satisfied, unlimited, monthly","sa­tisfied, un­limited, mo­nthly"
01329.75ca6f174da63761de16480f22089dae,01329__salted__broad__cp200B__single.75ca6f174da63761de16480f22089dae,broad,200B,single,,cartridges,ca​rtridges,,
01329.75ca6f174da63761de16480f22089dae,01329__salted__broad__cp200C__single.75ca6f174da63761de16480f22089dae,broad,200C,single,,cartridges,ca‌rtridges,,
01329.75ca6f174da63761de16480f22089dae,01329__salted__broad__cp200D__single.75ca6f174da63761de16480f22089dae,broad,200D,single,,cartridges,ca‍rtridges,,
01329.75ca6f174da63761de16480f22089dae,01329__salted__broad__cp00AD__single.75ca6f174da63761de16480f22089dae,broad,00AD,single,,cartridges,ca­rtridges,,
01330.dafb0dd3006f86f73f42b4e24266277c,01330__salted__broad__cp200B__single.dafb0dd3006f86f73f42b4e24266277c,broad,200B,single,,fortune,fo​rtune,"fortune, career, opportunity","fo​rtune, ca​reer, op​portunity"
01330.dafb0dd3006f86f73f42b4e24266277c,01330__salted__broad__cp200C__single.dafb0dd3006f86f73f42b4e24266277c,broad,200C,single,,fortune,fo‌rtune,"fortune, career, opportunity","fo‌rtune, ca‌reer, op‌portunity"
01330.dafb0dd3006f86f73f42b4e24266277c,01330__salted__broad__cp200D__single.dafb0dd3006f86f73f42b4e24266277c,broad,200D,single,,fortune,fo‍rtune,"fortune, career, opportunity","fo‍rtune, ca‍reer, op‍portunity"
01330.dafb0dd3006f86f73f42b4e24266277c,01330__salted__broad__cp00AD__single.dafb0dd3006f86f73f42b4e24266277c,broad,00AD,single,,fortune,fo­rtune,"fortune, career, opportunity","fo­rtune, ca­reer, op­portunity"
01331.e35989787f99e9f234da42636eb43f22,01331__salted__broad__cp200B__single.e35989787f99e9f234da42636eb43f22,broad,200B,single,,Teen,Te​en,,
01331.e35989787f99e9f234da42636eb43f22,01331__salted__broad__cp200C__single.e35989787f99e9f234da42636eb43f22,broad,200C,single,,Teen,Te‌en,,
01331.e35989787f99e9f234da42636eb43f22,01331__salted__broad__cp200D__single.e35989787f99e9f234da42636eb43f22,broad,200D,single,,Teen,Te‍en,,
01331.e35989787f99e9f234da42636eb43f22,01331__salted__broad__cp00AD__single.e35989787f99e9f234da42636eb43f22,broad,00AD,single,,Teen,Te­en,,
01333.1e5a572d1c326c109f613a9d2137acc8,01333__salted__broad__cp200B__single.1e5a572d1c326c109f613a9d2137acc8,broad,200B,single,,,,"Brand, brand, click","Br​and, br​and, cl​ick"
01333.1e5a572d1c326c109f613a9d2137acc8,01333__salted__broad__cp200C__single.1e5a572d1c326c109f613a9d2137acc8,broad,200C,single,,,,"Brand, brand, click","Br‌and, br‌and, cl‌ick"
01333.1e5a572d1c326c109f613a9d2137acc8,01333__salted__broad__cp200D__single.1e5a572d1c326c109f613a9d2137acc8,broad,200D,single,,,,"Brand, brand, click","Br‍and, br‍and, cl‍ick"
01333.1e5a572d1c326c109f613a9d2137acc8,01333__salted__broad__cp00AD__single.1e5a572d1c326c109f613a9d2137acc8,broad,00AD,single,,,,"Brand, brand, click","Br­and, br­and, cl­ick"
01337.e490c19d9987a1532dd2e8f1a2e76fdc,01337__salted__broad__cp200B__single.e490c19d9987a1532dd2e8f1a2e76fdc,broad,200B,single,,,,"price, removed, remove","pr​ice, re​moved, re​move"
01337.e490c19d9987a1532dd2e8f1a2e76fdc,01337__salted__broad__cp200C__single.e490c19d9987a1532dd2e8f1a2e76fdc,broad,200C,single,,,,"price, removed, remove","pr‌ice, re‌moved, re‌move"
01337.e490c19d9987a1532dd2e8f1a2e76fdc,01337__salted__broad__cp200D__single.e490c19d9987a1532dd2e8f1a2e76fdc,broad,200D,single,,,,"price, removed, remove","pr‍ice, re‍moved, re‍move"
01337.e490c19d9987a1532dd2e8f1a2e76fdc,01337__salted__broad__cp00AD__single.e490c19d9987a1532dd2e8f1a2e76fdc,broad,00AD,single,,,,"price, removed, remove","pr­ice, re­moved, re­move"
01338.a67c3827402b4610bd2a6814cd8cd907,01338__salted__broad__cp200B__single.a67c3827402b4610bd2a6814cd8cd907,broad,200B,single,,Professional,Pr​ofessional,,
01338.a67c3827402b4610bd2a6814cd8cd907,01338__salted__broad__cp200C__single.a67c3827402b4610bd2a6814cd8cd907,broad,200C,single,,Professional,Pr‌ofessional,,
01338.a67c3827402b4610bd2a6814cd8cd907,01338__salted__broad__cp200D__single.a67c3827402b4610bd2a6814cd8cd907,broad,200D,single,,Professional,Pr‍ofessional,,
01338.a67c3827402b4610bd2a6814cd8cd907,01338__salted__broad__cp00AD__single.a67c3827402b4610bd2a6814cd8cd907,broad,00AD,single,,Professional,Pr­ofessional,,
01340.0b77f53fb084eb948e07dc7ed2ab5c34,01340__salted__broad__cp200B__single.0b77f53fb084eb948e07dc7ed2ab5c34,broad,200B,single,,,,"earning, receive, Confidentiality","ea​rning, re​ceive, Co​nfidentiality"
01340.0b77f53fb084eb948e07dc7ed2ab5c34,01340__salted__broad__cp200C__single.0b77f53fb084eb948e07dc7ed2ab5c34,broad,200C,single,,,,"earning, receive, Confidentiality","ea‌rning, re‌ceive, Co‌nfidentiality"
01340.0b77f53fb084eb948e07dc7ed2ab5c34,01340__salted__broad__cp200D__single.0b77f53fb084eb948e07dc7ed2ab5c34,broad,200D,single,,,,"earning, receive, Confidentiality","ea‍rning, re‍ceive, Co‍nfidentiality"
01340.0b77f53fb084eb948e07dc7ed2ab5c34,01340__salted__broad__cp00AD__single.0b77f53fb084eb948e07dc7ed2ab5c34,broad,00AD,single,,,,"earning, receive, Confidentiality","ea­rning, re­ceive, Co­nfidentiality"
01341.62703c6047c508d1d84bde0b7653b556,01341__salted__broad__cp200B__single.62703c6047c508d1d84bde0b7653b556,broad,200B,single,,ADV,AD​V,,
01341.62703c6047c508d1d84bde0b7653b556,01341__salted__broad__cp200C__single.62703c6047c508d1d84bde0b7653b556,broad,200C,single,,ADV,AD‌V,,
01341.62703c6047c508d1d84bde0b7653b556,01341__salted__broad__cp200D__single.62703c6047c508d1d84bde0b7653b556,broad,200D,single,,ADV,AD‍V,,
01341.62703c6047c508d1d84bde0b7653b556,01341__salted__broad__cp00AD__single.62703c6047c508d1d84bde0b7653b556,broad,00AD,single,,ADV,AD­V,,
01344.43dbbbac0d006790dd696123d455f5b9,01344__salted__broad__cp200B__single.43dbbbac0d006790dd696123d455f5b9,broad,200B,single,,Mortgage,Mo​rtgage,,
01344.43dbbbac0d006790dd696123d455f5b9,01344__salted__broad__cp200C__single.43dbbbac0d006790dd696123d455f5b9,broad,200C,single,,Mortgage,Mo‌rtgage,,
01344.43dbbbac0d006790dd696123d455f5b9,01344__salted__broad__cp200D__single.43dbbbac0d006790dd696123d455f5b9,broad,200D,single,,Mortgage,Mo‍rtgage,,
01344.43dbbbac0d006790dd696123d455f5b9,01344__salted__broad__cp00AD__single.43dbbbac0d006790dd696123d455f5b9,broad,00AD,single,,Mortgage,Mo­rtgage,,
01345.436954c32bbf82773e33853ac26ef881,01345__salted__broad__cp200B__single.436954c32bbf82773e33853ac26ef881,broad,200B,single,,,,"Participation, Guarantee, Cash","Pa​rticipation, Gu​arantee, Ca​sh"
01345.436954c32bbf82773e33853ac26ef881,01345__salted__broad__cp200C__single.436954c32bbf82773e33853ac26ef881,broad,200C,single,,,,"Participation, Guarantee, Cash","Pa‌rticipation, Gu‌arantee, Ca‌sh"
01345.436954c32bbf82773e33853ac26ef881,01345__salted__broad__cp200D__single.436954c32bbf82773e33853ac26ef881,broad,200D,single,,,,"Participation, Guarantee, Cash","Pa‍rticipation, Gu‍arantee, Ca‍sh"
01345.436954c32bbf82773e33853ac26ef881,01345__salted__broad__cp00AD__single.436954c32bbf82773e33853ac26ef881,broad,00AD,single,,,,"Participation, Guarantee, Cash","Pa­rticipation, Gu­arantee, Ca­sh"
01347.e2cd456cd2d58601fec5a5b6323463e1,01347__salted__broad__cp200B__single.e2cd456cd2d58601fec5a5b6323463e1,broad,200B,single,,Herbal,He​rbal,,
01347.e2cd456cd2d58601fec5a5b6323463e1,01347__salted__broad__cp200C__single.e2cd456cd2d58601fec5a5b6323463e1,broad,200C,single,,Herbal,He‌rbal,,
01347.e2cd456cd2d58601fec5a5b6323463e1,01347__salted__broad__cp200D__single.e2cd456cd2d58601fec5a5b6323463e1,broad,200D,single,,Herbal,He‍rbal,,
01347.e2cd456cd2d58601fec5a5b6323463e1,01347__salted__broad__cp00AD__single.e2cd456cd2d58601fec5a5b6323463e1,broad,00AD,single,,Herbal,He­rbal,,
01348.0ed90bb4a1ba1ea2309ffdbbce093753,01348__salted__broad__cp200B__single.0ed90bb4a1ba1ea2309ffdbbce093753,broad,200B,single,,cartridges,ca​rtridges,,
01348.0ed90bb4a1ba1ea2309ffdbbce093753,01348__salted__broad__cp200C__single.0ed90bb4a1ba1ea2309ffdbbce093753,broad,200C,single,,cartridges,ca‌rtridges,,
01348.0ed90bb4a1ba1ea2309ffdbbce093753,01348__salted__broad__cp200D__single.0ed90bb4a1ba1ea2309ffdbbce093753,broad,200D,single,,cartridges,ca‍rtridges,,
01348.0ed90bb4a1ba1ea2309ffdbbce093753,01348__salted__broad__cp00AD__single.0ed90bb4a1ba1ea2309ffdbbce093753,broad,00AD,single,,cartridges,ca­rtridges,,
01349.71c7c224e68df0a19c1834065368c89f,01349__salted__broad__cp200B__single.71c7c224e68df0a19c1834065368c89f,broad,200B,single,,Mortgage,Mo​rtgage,"Dear, Rates, lowest","De​ar, Ra​tes, lo​west"
01349.71c7c224e68df0a19c1834065368c89f,01349__salted__broad__cp200C__single.71c7c224e68df0a19c1834065368c89f,broad,200C,single,,Mortgage,Mo‌rtgage,"Dear, Rates, lowest","De‌ar, Ra‌tes, lo‌west"
01349.71c7c224e68df0a19c1834065368c89f,01349__salted__broad__cp200D__single.71c7c224e68df0a19c1834065368c89f,broad,200D,single,,Mortgage,Mo‍rtgage,"Dear, Rates, lowest","De‍ar, Ra‍tes, lo‍west"
01349.71c7c224e68df0a19c1834065368c89f,01349__salted__broad__cp00AD__single.71c7c224e68df0a19c1834065368c89f,broad,00AD,single,,Mortgage,Mo­rtgage,"Dear, Rates, lowest","De­ar, Ra­tes, lo­west"
01350.31d85a79d8c3b80069316daf56176820,01350__salted__broad__cp200B__single.31d85a79d8c3b80069316daf56176820,broad,200B,single,,Teen,Te​en,,
01350.31d85a79d8c3b80069316daf56176820,01350__salted__broad__cp200C__single.31d85a79d8c3b80069316daf56176820,broad,200C,single,,Teen,Te‌en,,
01350.31d85a79d8c3b80069316daf56176820,01350__salted__broad__cp200D__single.31d85a79d8c3b80069316daf56176820,broad,200D,single,,Teen,Te‍en,,
01350.31d85a79d8c3b80069316daf56176820,01350__salted__broad__cp00AD__single.31d85a79d8c3b80069316daf56176820,broad,00AD,single,,Teen,Te­en,,
01351.e960056da1502c90d40d598cdf37f359,01351__salted__broad__cp200B__single.e960056da1502c90d40d598cdf37f359,broad,200B,single,,Approved,Ap​proved,,
01351.e960056da1502c90d40d598cdf37f359,01351__salted__broad__cp200C__single.e960056da1502c90d40d598cdf37f359,broad,200C,single,,Approved,Ap‌proved,,
01351.e960056da1502c90d40d598cdf37f359,01351__salted__broad__cp200D__single.e960056da1502c90d40d598cdf37f359,broad,200D,single,,Approved,Ap‍proved,,
01351.e960056da1502c90d40d598cdf37f359,01351__salted__broad__cp00AD__single.e960056da1502c90d40d598cdf37f359,broad,00AD,single,,Approved,Ap­proved,,
01352.875dff8a1fd32766be05e136950add70,01352__salted__broad__cp200B__single.875dff8a1fd32766be05e136950add70,broad,200B,single,,ADV,AD​V,,
01352.875dff8a1fd32766be05e136950add70,01352__salted__broad__cp200C__single.875dff8a1fd32766be05e136950add70,broad,200C,single,,ADV,AD‌V,,
01352.875dff8a1fd32766be05e136950add70,01352__salted__broad__cp200D__single.875dff8a1fd32766be05e136950add70,broad,200D,single,,ADV,AD‍V,,
01352.875dff8a1fd32766be05e136950add70,01352__salted__broad__cp00AD__single.875dff8a1fd32766be05e136950add70,broad,00AD,single,,ADV,AD­V,,
01358.eb6c715f631ee3d22b135adb4dc4e67d,01358__salted__broad__cp200B__single.eb6c715f631ee3d22b135adb4dc4e67d,broad,200B,single,,Systemworks,Sy​stemworks,,
01358.eb6c715f631ee3d22b135adb4dc4e67d,01358__salted__broad__cp200C__single.eb6c715f631ee3d22b135adb4dc4e67d,broad,200C,single,,Systemworks,Sy‌stemworks,,
01358.eb6c715f631ee3d22b135adb4dc4e67d,01358__salted__broad__cp200D__single.eb6c715f631ee3d22b135adb4dc4e67d,broad,200D,single,,Systemworks,Sy‍stemworks,,
01358.eb6c715f631ee3d22b135adb4dc4e67d,01358__salted__broad__cp00AD__single.eb6c715f631ee3d22b135adb4dc4e67d,broad,00AD,single,,Systemworks,Sy­stemworks,,
01362.794d3043053407d8e0c075a9a71902bd,01362__salted__broad__cp200B__single.794d3043053407d8e0c075a9a71902bd,broad,200B,single,,,,"Click, requesting, registered","Cl​ick, re​questing, re​gistered"
01362.794d3043053407d8e0c075a9a71902bd,01362__salted__broad__cp200C__single.794d3043053407d8e0c075a9a71902bd,broad,200C,single,,,,"Click, requesting, registered","Cl‌ick, re‌questing, re‌gistered"
01362.794d3043053407d8e0c075a9a71902bd,01362__salted__broad__cp200D__single.794d3043053407d8e0c075a9a71902bd,broad,200D,single,,,,"Click, requesting, registered","Cl‍ick, re‍questing, re‍gistered"
01362.794d3043053407d8e0c075a9a71902bd,01362__salted__broad__cp00AD__single.794d3043053407d8e0c075a9a71902bd,broad,00AD,single,,,,"Click, requesting, registered","Cl­ick, re­questing, re­gistered"
01364.b89de202e8d843d54ab7988af8599571,01364__salted__broad__cp200B__single.b89de202e8d843d54ab7988af8599571,broad,200B,single,,Travel,Tr​avel,,
01364.b89de202e8d843d54ab7988af8599571,01364__salted__broad__cp200C__single.b89de202e8d843d54ab7988af8599571,broad,200C,single,,Travel,Tr‌avel,,
01364.b89de202e8d843d54ab7988af8599571,01364__salted__broad__cp200D__single.b89de202e8d843d54ab7988af8599571,broad,200D,single,,Travel,Tr‍avel,,
01364.b89de202e8d843d54ab7988af8599571,01364__salted__broad__cp00AD__single.b89de202e8d843d54ab7988af8599571,broad,00AD,single,,Travel,Tr­avel,,
01365.d90d27bbb210dbdc63ed704b00161315,01365__salted__broad__cp200B__single.d90d27bbb210dbdc63ed704b00161315,broad,200B,single,,,,"fortune, career, FILLING","fo​rtune, ca​reer, FI​LLING"
01365.d90d27bbb210dbdc63ed704b00161315,01365__salted__broad__cp200C__single.d90d27bbb210dbdc63ed704b00161315,broad,200C,single,,,,"fortune, career, FILLING","fo‌rtune, ca‌reer, FI‌LLING"
01365.d90d27bbb210dbdc63ed704b00161315,01365__salted__broad__cp200D__single.d90d27bbb210dbdc63ed704b00161315,broad,200D,single,,,,"fortune, career, FILLING","fo‍rtune, ca‍reer, FI‍LLING"
01365.d90d27bbb210dbdc63ed704b00161315,01365__salted__broad__cp00AD__single.d90d27bbb210dbdc63ed704b00161315,broad,00AD,single,,,,"fortune, career, FILLING","fo­rtune, ca­reer, FI­LLING"
01367.d681bf8f9823da056b82da169d2d1715,01367__salted__broad__cp200B__single.d681bf8f9823da056b82da169d2d1715,broad,200B,single,,Monthly,Mo​nthly,,
01367.d681bf8f9823da056b82da169d2d1715,01367__salted__broad__cp200C__single.d681bf8f9823da056b82da169d2d1715,broad,200C,single,,Monthly,Mo‌nthly,,
01367.d681bf8f9823da056b82da169d2d1715,01367__salted__broad__cp200D__single.d681bf8f9823da056b82da169d2d1715,broad,200D,single,,Monthly,Mo‍nthly,,
01367.d681bf8f9823da056b82da169d2d1715,01367__salted__broad__cp00AD__single.d681bf8f9823da056b82da169d2d1715,broad,00AD,single,,Monthly,Mo­nthly,,
01369.8ea24235c6c50337d9dcd234e61a5132,01369__salted__broad__cp200B__single.8ea24235c6c50337d9dcd234e61a5132,broad,200B,single,,,,"fortune, career, FILLING","fo​rtune, ca​reer, FI​LLING"
01369.8ea24235c6c50337d9dcd234e61a5132,01369__salted__broad__cp200C__single.8ea24235c6c50337d9dcd234e61a5132,broad,200C,single,,,,"fortune, career, FILLING","fo‌rtune, ca‌reer, FI‌LLING"
01369.8ea24235c6c50337d9dcd234e61a5132,01369__salted__broad__cp200D__single.8ea24235c6c50337d9dcd234e61a5132,broad,200D,single,,,,"fortune, career, FILLING","fo‍rtune, ca‍reer, FI‍LLING"
01369.8ea24235c6c50337d9dcd234e61a5132,01369__salted__broad__cp00AD__single.8ea24235c6c50337d9dcd234e61a5132,broad,00AD,single,,,,"fortune, career, FILLING","fo­rtune, ca­reer, FI­LLING"
01370.38a1c6fbbad5804a9978112005535de1,01370__salted__broad__cp200B__single.38a1c6fbbad5804a9978112005535de1,broad,200B,single,,mortgage,mo​rtgage,"Opportunity, mortgage, rates","Op​portunity, mo​rtgage, ra​tes"
01370.38a1c6fbbad5804a9978112005535de1,01370__salted__broad__cp200C__single.38a1c6fbbad5804a9978112005535de1,broad,200C,single,,mortgage,mo‌rtgage,"Opportunity, mortgage, rates","Op‌portunity, mo‌rtgage, ra‌tes"
01370.38a1c6fbbad5804a9978112005535de1,01370__salted__broad__cp200D__single.38a1c6fbbad5804a9978112005535de1,broad,200D,single,,mortgage,mo‍rtgage,"Opportunity, mortgage, rates","Op‍portunity, mo‍rtgage, ra‍tes"
01370.38a1c6fbbad5804a9978112005535de1,01370__salted__broad__cp00AD__single.38a1c6fbbad5804a9978112005535de1,broad,00AD,single,,mortgage,mo­rtgage,"Opportunity, mortgage, rates","Op­portunity, mo­rtgage, ra­tes"
01376.73e738e4cd8121ce3dfb42d190b193c9,01376__salted__broad__cp200B__single.73e738e4cd8121ce3dfb42d190b193c9,broad,200B,single,,,,"remove, earn, professional","re​move, ea​rn, pr​ofessional"
01376.73e738e4cd8121ce3dfb42d190b193c9,01376__salted__broad__cp200C__single.73e738e4cd8121ce3dfb42d190b193c9,broad,200C,single,,,,"remove, earn, professional","re‌move, ea‌rn, pr‌ofessional"
01376.73e738e4cd8121ce3dfb42d190b193c9,01376__salted__broad__cp200D__single.73e738e4cd8121ce3dfb42d190b193c9,broad,200D,single,,,,"remove, earn, professional","re‍move, ea‍rn, pr‍ofessional"
01376.73e738e4cd8121ce3dfb42d190b193c9,01376__salted__broad__cp00AD__single.73e738e4cd8121ce3dfb42d190b193c9,broad,00AD,single,,,,"remove, earn, professional","re­move, ea­rn, pr­ofessional"
01377.17adb34fc692245ce301d3db0a3e80c8,01377__salted__broad__cp200B__single.17adb34fc692245ce301d3db0a3e80c8,broad,200B,single,,Sale,Sa​le,"thank, wish, offering","th​ank, wi​sh, of​fering"
01377.17adb34fc692245ce301d3db0a3e80c8,01377__salted__broad__cp200C__single.17adb34fc692245ce301d3db0a3e80c8,broad,200C,single,,Sale,Sa‌le,"thank, wish, offering","th‌ank, wi‌sh, of‌fering"
01377.17adb34fc692245ce301d3db0a3e80c8,01377__salted__broad__cp200D__single.17adb34fc692245ce301d3db0a3e80c8,broad,200D,single,,Sale,Sa‍le,"thank, wish, offering","th‍ank, wi‍sh, of‍fering"
01377.17adb34fc692245ce301d3db0a3e80c8,01377__salted__broad__cp00AD__single.17adb34fc692245ce301d3db0a3e80c8,broad,00AD,single,,Sale,Sa­le,"thank, wish, offering","th­ank, wi­sh, of­fering"
01378.73df5252cb71f89c885ad49b6ae5fa82,01378__salted__broad__cp200B__single.73df5252cb71f89c885ad49b6ae5fa82,broad,200B,single,,,,"Purchase, Warranty, Warranty","Pu​rchase, Wa​rranty, Wa​rranty"
01378.73df5252cb71f89c885ad49b6ae5fa82,01378__salted__broad__cp200C__single.73df5252cb71f89c885ad49b6ae5fa82,broad,200C,single,,,,"Purchase, Warranty, Warranty","Pu‌rchase, Wa‌rranty, Wa‌rranty"
01378.73df5252cb71f89c885ad49b6ae5fa82,01378__salted__broad__cp200D__single.73df5252cb71f89c885ad49b6ae5fa82,broad,200D,single,,,,"Purchase, Warranty, Warranty","Pu‍rchase, Wa‍rranty, Wa‍rranty"
01378.73df5252cb71f89c885ad49b6ae5fa82,01378__salted__broad__cp00AD__single.73df5252cb71f89c885ad49b6ae5fa82,broad,00AD,single,,,,"Purchase, Warranty, Warranty","Pu­rchase, Wa­rranty, Wa­rranty"
01379.0d39498608cd170bbbc8cd33ffd18e35,01379__salted__broad__cp200B__single.0d39498608cd170bbbc8cd33ffd18e35,broad,200B,single,,,,"remove, MILLION, million","re​move, MI​LLION, mi​llion"
01379.0d39498608cd170bbbc8cd33ffd18e35,01379__salted__broad__cp200C__single.0d39498608cd170bbbc8cd33ffd18e35,broad,200C,single,,,,"remove, MILLION, million","re‌move, MI‌LLION, mi‌llion"
01379.0d39498608cd170bbbc8cd33ffd18e35,01379__salted__broad__cp200D__single.0d39498608cd170bbbc8cd33ffd18e35,broad,200D,single,,,,"remove, MILLION, million","re‍move, MI‍LLION, mi‍llion"
01379.0d39498608cd170bbbc8cd33ffd18e35,01379__salted__broad__cp00AD__single.0d39498608cd170bbbc8cd33ffd18e35,broad,00AD,single,,,,"remove, MILLION, million","re­move, MI­LLION, mi­llion"
01380.fa9b4e89ba485def2921e01ae9fb7671,01380__salted__broad__cp200B__single.fa9b4e89ba485def2921e01ae9fb7671,broad,200B,single,,Wholesale,Wh​olesale,"products, savings, Wholesale","pr​oducts, sa​vings, Wh​olesale"
01380.fa9b4e89ba485def2921e01ae9fb7671,01380__salted__broad__cp200C__single.fa9b4e89ba485def2921e01ae9fb7671,broad,200C,single,,Wholesale,Wh‌olesale,"products, savings, Wholesale","pr‌oducts, sa‌vings, Wh‌olesale"
01380.fa9b4e89ba485def2921e01ae9fb7671,01380__salted__broad__cp200D__single.fa9b4e89ba485def2921e01ae9fb7671,broad,200D,single,,Wholesale,Wh‍olesale,"products, savings, Wholesale","pr‍oducts, sa‍vings, Wh‍olesale"
01380.fa9b4e89ba485def2921e01ae9fb7671,01380__salted__broad__cp00AD__single.fa9b4e89ba485def2921e01ae9fb7671,broad,00AD,single,,Wholesale,Wh­olesale,"products, savings, Wholesale","pr­oducts, sa­vings, Wh­olesale"
01381.7f1f9f4b8ea24fee6b87dc1172177eaf,01381__salted__broad__cp200B__single.7f1f9f4b8ea24fee6b87dc1172177eaf,broad,200B,single,,Monthly,Mo​nthly,,
01381.7f1f9f4b8ea24fee6b87dc1172177eaf,01381__salted__broad__cp200C__single.7f1f9f4b8ea24fee6b87dc1172177eaf,broad,200C,single,,Monthly,Mo‌nthly,,
01381.7f1f9f4b8ea24fee6b87dc1172177eaf,01381__salted__broad__cp200D__single.7f1f9f4b8ea24fee6b87dc1172177eaf,broad,200D,single,,Monthly,Mo‍nthly,,
01381.7f1f9f4b8ea24fee6b87dc1172177eaf,01381__salted__broad__cp00AD__single.7f1f9f4b8ea24fee6b87dc1172177eaf,broad,00AD,single,,Monthly,Mo­nthly,,
01385.af7a1a172a6cd00ad09dc6adecb14cee,01385__salted__broad__cp200B__single.af7a1a172a6cd00ad09dc6adecb14cee,broad,200B,single,,Teen,Te​en,,
01385.af7a1a172a6cd00ad09dc6adecb14cee,01385__salted__broad__cp200C__single.af7a1a172a6cd00ad09dc6adecb14cee,broad,200C,single,,Teen,Te‌en,,
01385.af7a1a172a6cd00ad09dc6adecb14cee,01385__salted__broad__cp200D__single.af7a1a172a6cd00ad09dc6adecb14cee,broad,200D,single,,Teen,Te‍en,,
01385.af7a1a172a6cd00ad09dc6adecb14cee,01385__salted__broad__cp00AD__single.af7a1a172a6cd00ad09dc6adecb14cee,broad,00AD,single,,Teen,Te­en,,
01387.84a80f5699b026b15455e803a471b88e,01387__salted__broad__cp200B__single.84a80f5699b026b15455e803a471b88e,broad,200B,single,,,,"requesting, offers, promotion","re​questing, of​fers, pr​omotion"
01387.84a80f5699b026b15455e803a471b88e,01387__salted__broad__cp200C__single.84a80f5699b026b15455e803a471b88e,broad,200C,single,,,,"requesting, offers, promotion","re‌questing, of‌fers, pr‌omotion"
01387.84a80f5699b026b15455e803a471b88e,01387__salted__broad__cp200D__single.84a80f5699b026b15455e803a471b88e,broad,200D,single,,,,"requesting, offers, promotion","re‍questing, of‍fers, pr‍omotion"
01387.84a80f5699b026b15455e803a471b88e,01387__salted__broad__cp00AD__single.84a80f5699b026b15455e803a471b88e,broad,00AD,single,,,,"requesting, offers, promotion","re­questing, of­fers, pr­omotion"
01389.35f4d2a5f47c4b434434b3ca8dc5a924,01389__salted__broad__cp200B__single.35f4d2a5f47c4b434434b3ca8dc5a924,broad,200B,single,,,,"motivated, qualified, mlm","mo​tivated, qu​alified, ml​m"
01389.35f4d2a5f47c4b434434b3ca8dc5a924,01389__salted__broad__cp200C__single.35f4d2a5f47c4b434434b3ca8dc5a924,broad,200C,single,,,,"motivated, qualified, mlm","mo‌tivated, qu‌alified, ml‌m"
01389.35f4d2a5f47c4b434434b3ca8dc5a924,01389__salted__broad__cp200D__single.35f4d2a5f47c4b434434b3ca8dc5a924,broad,200D,single,,,,"motivated, qualified, mlm","mo‍tivated, qu‍alified, ml‍m"
01389.35f4d2a5f47c4b434434b3ca8dc5a924,01389__salted__broad__cp00AD__single.35f4d2a5f47c4b434434b3ca8dc5a924,broad,00AD,single,,,,"motivated, qualified, mlm","mo­tivated, qu­alified, ml­m"
01390.271af498812d2f73c8c198fd4fda905e,01390__salted__broad__cp200B__single.271af498812d2f73c8c198fd4fda905e,broad,200B,single,,Price,Pr​ice,,
01390.271af498812d2f73c8c198fd4fda905e,01390__salted__broad__cp200C__single.271af498812d2f73c8c198fd4fda905e,broad,200C,single,,Price,Pr‌ice,,
01390.271af498812d2f73c8c198fd4fda905e,01390__salted__broad__cp200D__single.271af498812d2f73c8c198fd4fda905e,broad,200D,single,,Price,Pr‍ice,,
01390.271af498812d2f73c8c198fd4fda905e,01390__salted__broad__cp00AD__single.271af498812d2f73c8c198fd4fda905e,broad,00AD,single,,Price,Pr­ice,,
01393.e7d7a58f2c561c6f71fe95c64a7f5f35,01393__salted__broad__cp200B__single.e7d7a58f2c561c6f71fe95c64a7f5f35,broad,200B,single,,Aging,Ag​ing,,
01393.e7d7a58f2c561c6f71fe95c64a7f5f35,01393__salted__broad__cp200C__single.e7d7a58f2c561c6f71fe95c64a7f5f35,broad,200C,single,,Aging,Ag‌ing,,
01393.e7d7a58f2c561c6f71fe95c64a7f5f35,01393__salted__broad__cp200D__single.e7d7a58f2c561c6f71fe95c64a7f5f35,broad,200D,single,,Aging,Ag‍ing,,
01393.e7d7a58f2c561c6f71fe95c64a7f5f35,01393__salted__broad__cp00AD__single.e7d7a58f2c561c6f71fe95c64a7f5f35,broad,00AD,single,,Aging,Ag­ing,,
01397.f75f0dd0dd923faefa3e9cc5ecb8c906,01397__salted__broad__cp200B__single.f75f0dd0dd923faefa3e9cc5ecb8c906,broad,200B,single,,Smoker,Sm​oker,"Smoker, Health, Smoker","Sm​oker, He​alth, Sm​oker"
01397.f75f0dd0dd923faefa3e9cc5ecb8c906,01397__salted__broad__cp200C__single.f75f0dd0dd923faefa3e9cc5ecb8c906,broad,200C,single,,Smoker,Sm‌oker,"Smoker, Health, Smoker","Sm‌oker, He‌alth, Sm‌oker"
01397.f75f0dd0dd923faefa3e9cc5ecb8c906,01397__salted__broad__cp200D__single.f75f0dd0dd923faefa3e9cc5ecb8c906,broad,200D,single,,Smoker,Sm‍oker,"Smoker, Health, Smoker","Sm‍oker, He‍alth, Sm‍oker"
01397.f75f0dd0dd923faefa3e9cc5ecb8c906,01397__salted__broad__cp00AD__single.f75f0dd0dd923faefa3e9cc5ecb8c906,broad,00AD,single,,Smoker,Sm­oker,"Smoker, Health, Smoker","Sm­oker, He­alth, Sm­oker"
01398.8ca7045aae4184d56e8509dc5ad6d979,01398__salted__broad__cp200B__single.8ca7045aae4184d56e8509dc5ad6d979,broad,200B,single,,,,"Dear, Subscriber, visitors","De​ar, Su​bscriber, vi​sitors"
01398.8ca7045aae4184d56e8509dc5ad6d979,01398__salted__broad__cp200C__single.8ca7045aae4184d56e8509dc5ad6d979,broad,200C,single,,,,"Dear, Subscriber, visitors","De‌ar, Su‌bscriber, vi‌sitors"
01398.8ca7045aae4184d56e8509dc5ad6d979,01398__salted__broad__cp200D__single.8ca7045aae4184d56e8509dc5ad6d979,broad,200D,single,,,,"Dear, Subscriber, visitors","De‍ar, Su‍bscriber, vi‍sitors"
01398.8ca7045aae4184d56e8509dc5ad6d979,01398__salted__broad__cp00AD__single.8ca7045aae4184d56e8509dc5ad6d979,broad,00AD,single,,,,"Dear, Subscriber, visitors","De­ar, Su­bscriber, vi­sitors"
01399.2319643317e2c5193d574e40a71809c2,01399__salted__broad__cp200B__single.2319643317e2c5193d574e40a71809c2,broad,200B,single,,,,"SALE, offering, products","SA​LE, of​fering, pr​oducts"
01399.2319643317e2c5193d574e40a71809c2,01399__salted__broad__cp200C__single.2319643317e2c5193d574e40a71809c2,broad,200C,single,,,,"SALE, offering, products","SA‌LE, of‌fering, pr‌oducts"
01399.2319643317e2c5193d574e40a71809c2,01399__salted__broad__cp200D__single.2319643317e2c5193d574e40a71809c2,broad,200D,single,,,,"SALE, offering, products","SA‍LE, of‍fering, pr‍oducts"
01399.2319643317e2c5193d574e40a71809c2,01399__salted__broad__cp00AD__single.2319643317e2c5193d574e40a71809c2,broad,00AD,single,,,,"SALE, offering, products","SA­LE, of­fering, pr­oducts"
01400.b444b69845db2fa0a4693ca04e6ac5c5,01400__salted__broad__cp200B__single.b444b69845db2fa0a4693ca04e6ac5c5,broad,200B,single,,,,"ATTN, SIR, CONFIDENTIAL","AT​TN, SI​R, CO​NFIDENTIAL"
01400.b444b69845db2fa0a4693ca04e6ac5c5,01400__salted__broad__cp200C__single.b444b69845db2fa0a4693ca04e6ac5c5,broad,200C,single,,,,"ATTN, SIR, CONFIDENTIAL","AT‌TN, SI‌R, CO‌NFIDENTIAL"
01400.b444b69845db2fa0a4693ca04e6ac5c5,01400__salted__broad__cp200D__single.b444b69845db2fa0a4693ca04e6ac5c5,broad,200D,single,,,,"ATTN, SIR, CONFIDENTIAL","AT‍TN, SI‍R, CO‍NFIDENTIAL"
01400.b444b69845db2fa0a4693ca04e6ac5c5,01400__salted__broad__cp00AD__single.b444b69845db2fa0a4693ca04e6ac5c5,broad,00AD,single,,,,"ATTN, SIR, CONFIDENTIAL","AT­TN, SI­R, CO­NFIDENTIAL"
