message_id,strict_has_trigger,extended_has_trigger,broad_has_trigger,strict_subject_count,strict_body_count,extended_subject_count,extended_body_count,broad_subject_count,broad_body_count,is_candidate_strict,is_candidate_extended,is_candidate_broad
00001.317e78fa8ee2f54cd4890fdc09ba8176,True,True,True,1,11,1,15,1,25,True,True,True
00001.7848dde101aa985090474a91ec93fcf0,False,True,True,0,0,1,0,1,0,False,True,True
00002.9438920e9a55591b18e60d1ed37d992b,False,False,True,0,0,0,0,1,0,False,False,True
00003.590eff932f8704d8b0fcbe69d023b54d,False,False,False,0,0,0,0,0,0,False,False,False
00005.57696a39d7d84318ce497886896bf90d,True,True,True,1,1,1,1,2,5,True,True,True
00005.ed0aba4d386c5e62bc737cf3f0ed9589,False,False,True,0,0,0,0,2,0,False,False,True
00006.3ca1f399ccda5d897fecb8c57669a283,False,False,False,0,0,0,0,0,0,False,False,False
00006.5ab5620d3d7c6c0db76234556a16f6c1,True,True,True,0,1,0,3,2,14,True,True,True
00007.acefeee792b5298f8fee175f9f65c453,True,True,True,0,1,0,2,0,5,True,True,True
00007.d8521faf753ff9ee989122f6816f87d7,False,True,True,0,0,0,1,1,8,False,True,True
00008.dfd941deb10f5eed78b1594b131c9266,False,False,False,0,0,0,0,0,0,False,False,False
00009.027bf6e0b0c4ab34db3ce0ea4bf2edab,True,True,True,0,2,0,6,2,20,True,True,True
00010.2558d935f6439cb40d3acb8b8569aa9b,False,False,False,0,0,0,0,0,0,False,False,False
00010.445affef4c70feec58f9198cfbc22997,False,False,False,0,0,0,0,0,0,False,False,False
00011.61816b9ad167657773a427d890d0468e,True,True,True,0,5,0,6,0,11,True,True,True
00012.381e4f512915109ba1e0853a7a8407b2,False,False,False,0,0,0,0,0,0,False,False,False
00013.372ec9dc663418ca71f7d880a76f117a,False,True,True,0,0,0,5,0,14,False,True,True
00013.d3f0b591a65f116ea5d9d4ad919f83aa,True,True,True,0,1,0,1,0,5,True,True,True
00014.13574737e55e51fe6737a475b88b5052,True,True,True,0,4,0,5,0,10,True,True,True
00014.7d38c46424f24fc8012ac15a95a2ac14,False,False,True,0,0,0,0,1,0,False,False,True
00015.048434ab64c86cf890eda1326a5643f5,False,False,False,0,0,0,0,0,0,False,False,False
00015.206d5a5d1d34272ae32fc286788fdf55,True,True,True,0,2,0,6,1,16,True,True,True
00016.4fb07c8dff1a5a2b4889dc5024c55023,True,True,True,0,2,1,8,2,23,True,True,True
00016.67fb281761ca1051a22ec3f21917e7c0,True,True,True,0,1,0,4,0,15,True,True,True
00017.1a938ecddd047b93cbd7ed92c241e6d1,False,True,True,0,0,0,1,0,8,False,True,True
00017.6430f3b8dedf51ba3c3fcb9304e722e7,True,True,True,0,1,1,4,2,13,True,True,True
00018.336cb9e7b0358594cf002e7bf669eaf5,False,False,True,0,0,0,0,0,5,False,False,True
00018.5b2765c42b7648d41c93b9b27140b23a,True,True,True,0,1,0,6,0,25,True,True,True
00019.86ce6f6c2e9f4ae0415860fecdf055db,True,True,True,0,1,0,6,0,16,True,True,True
00019.bbc97ad616ffd06e93ce0f821ca8c381,True,True,True,1,1,2,3,4,9,True,True,True
00020.29725cf331fc21e18a1809e7d8b27332,True,True,True,0,1,0,1,0,5,True,True,True
00020.7d36d16fd2be07c4f6a5616590cdea07,True,True,True,0,14,0,29,2,52,True,True,True
00021.07d9ab534bbfba9020145659008a3a14,True,True,True,0,1,0,2,0,10,True,True,True
00021.effe1449462a9d7ad7af0f1c94b1a237,True,True,True,0,6,0,7,0,32,True,True,True
00022.8203cdf03888f656dc0381701148f73d,True,True,True,0,7,0,10,0,38,True,True,True
00022.be66c630a142f0d862c2294a2d911ce1,True,True,True,0,1,0,2,1,6,True,True,True
00023.5bec0fc32cfc42c9cc5c941d94258567,True,True,True,1,0,1,0,2,0,True,True,True
00023.b6d27c684f5fc803cfa1060adb2d0805,True,True,True,1,0,1,0,1,0,True,True,True
00024.621bea2c6e0ebb2eb7ac00a38dfe6b00,True,True,True,0,3,0,6,0,27,True,True,True
00025.9054470cb5193db2955a4d4a003698d6,True,True,True,0,3,0,6,1,27,True,True,True
00026.c62c9f08db4ee1b99626dbae575008fe,True,True,True,0,2,0,4,0,24,True,True,True
00026.da18dbed27ae933172f7a70f860c6ad0,True,True,True,0,1,0,6,0,25,True,True,True
00027.b7b61e4624a29097cf55b578089c6110,False,False,False,0,0,0,0,0,0,False,False,False
00027.d1d0f97e096fe08fc80a4939355759e7,True,True,True,0,1,0,1,0,5,True,True,True
00028.60393e49c90f750226bee6381eb3e69d,True,True,True,0,6,0,18,1,53,True,True,True
00028.ace98eff213f4e6314b5571aece625e1,False,False,False,0,0,0,0,0,0,False,False,False
00029.cc0c62b49c1df0ad08ae49a7e1904531,True,True,True,0,1,0,2,0,7,True,True,True
00029.de865ad8d5ad0df985ae2f72388befba,False,True,True,0,0,1,0,1,0,False,True,True
00030.0c9cdd9d4025bd55dac02719ec8d29dc,False,False,False,0,0,0,0,0,0,False,False,False
00030.b360f27c098b3ab5cff96433e7963d4a,False,False,True,0,0,0,0,1,2,False,False,True
00031.a78bb452b3a7376202b5e62a81530449,False,False,True,0,0,0,0,0,18,False,False,True
00032.3b93a3c65e0a2454fc9646ce01363938,True,True,True,0,1,1,9,1,16,True,True,True
00032.7b07a09236ce9feb12d80197144d3206,True,True,True,0,1,0,1,0,5,True,True,True
00033.9babb58d9298daa2963d4f514193d7d6,True,True,True,1,5,1,6,1,10,True,True,True
00034.8e582263070076dfe6000411d9b13ce6,True,True,True,0,10,0,20,0,35,True,True,True
00034.cac95512308c52cfba33258e46feff97,False,True,True,0,0,0,4,0,20,False,True,True
00035.7ce3307b56dd90453027a6630179282e,False,False,False,0,0,0,0,0,0,False,False,False
00036.256602e2cb5a5b373bdd1fb631d9f452,False,False,True,0,0,0,0,2,0,False,False,True
00036.5b5e714c8d5b1050a392e55c42070f2c,False,True,True,0,0,0,1,0,17,False,True,True
00037.21cc985cc36d931916863aed24de8c27,False,False,True,0,0,0,0,2,0,False,False,True
00037.c7f0ce13d4cad8202f3d1a02b5cc5a1d,True,True,True,0,2,0,8,2,33,True,True,True
00038.8d93819b95ff90bf2e2b141c2909bfc9,True,True,True,0,1,0,5,0,9,True,True,True
00038.906d76babc3d78d6294c71b1b52d4d7f,False,False,True,0,0,0,0,0,2,False,False,True
00039.1295593cb1da98e80123f333def0b8dd,True,True,True,0,8,0,30,0,129,True,True,True
00039.889d785885f092c269741b11f2124dce,False,False,False,0,0,0,0,0,0,False,False,False
00040.d9570705b90532c2702859569bf4d01c,True,True,True,0,7,0,15,0,64,True,True,True
00041.1b8dedcc43e75c0f4cd5e0d12c4eea8b,True,True,True,1,4,1,10,1,18,True,True,True
00042.3e934ba4075f82283d755174d2642b76,False,False,False,0,0,0,0,0,0,False,False,False
00042.534ed9af47ca4349d84bc574a4306284,True,True,True,0,3,0,45,0,106,True,True,True
00043.548c447db5d9ba3f5546de96baa9b0e6,False,True,True,0,0,0,1,1,8,False,True,True
00044.9eece8e53a8982c26558b9eb38230bb8,False,False,True,0,0,0,0,1,0,False,False,True
00045.c1a84780700090224ce6ab0014b20183,True,True,True,0,6,0,30,1,115,True,True,True
00046.e0fd04360622dbe9250380447f6465cc,True,True,True,2,0,3,0,4,0,True,True,True
00047.0d7a240951e460b5884a8886ee64a8c3,True,True,True,1,1,1,2,2,8,True,True,True
00047.3c90d41f59137916d6b80e6f8e16ccba,False,False,False,0,0,0,0,0,0,False,False,False
00048.8a64080dbd9d868358a22b655fb1b1cd,False,True,True,0,0,0,1,0,4,False,True,True
00048.91474353d7616d0df44b0fb04e2899ff,False,True,True,0,0,0,4,1,7,False,True,True
00049.09e42d433e0661f264a25c7d4ed6e3ea,False,False,False,0,0,0,0,0,0,False,False,False
00049.83a0ff17486ed3866aeed9f45f5b3389,False,True,True,0,0,0,4,1,7,False,True,True
00050.45de99e8c120fddafe7c89fb3de1c14f,False,True,True,0,0,1,0,2,0,False,True,True
00050.bdb8b228ff67fd4a61f8b0c8e81240c9,True,True,True,0,4,0,10,0,18,True,True,True
00051.8b17ce16ace4d5845e2299c0123e1f14,True,True,True,0,20,0,48,1,358,True,True,True
00051.fd20658f0e586d1f27f9396401f4981c,False,True,True,0,0,0,1,1,8,False,True,True
00052.44ec0206d8bc46f371f73d15709fdeea,True,True,True,0,1,0,6,0,10,True,True,True
00052.edb775ef7470f35cd593d07e5a0466a8,True,True,True,1,0,1,0,2,0,True,True,True
00053.6e5c80e892cad9c9e6b04abe49a9031e,True,True,True,0,1,0,4,1,40,True,True,True
00053.d88d8b162ca1b7108221fb338cd7d0a5,False,False,True,0,0,0,0,1,0,False,False,True
00055.0b668beca14ab545bd39f17dbe20775c,False,True,True,0,0,0,1,0,4,False,True,True
00055.58adfd0c60ebc04370658a76b9352aa1,False,False,True,0,0,0,0,1,0,False,False,True
00056.64a6ee24c0b7bf8bdba8340f0a3aafda,True,True,True,0,1,0,1,0,9,True,True,True
00056.c56d61cadd81b4ade0030c8dee384704,True,True,True,0,2,0,9,0,39,True,True,True
00057.0a2e17bde9485e999ac2259df38528e2,True,True,True,1,1,2,3,4,9,True,True,True
00058.00878d47d9a07c1c6f9c5a8593db7f55,False,False,True,0,0,0,0,0,2,False,False,True
00059.d7351d4fe66fb96d83ffb65b4a60b3cc,True,True,True,0,1,0,3,2,7,True,True,True
00059.dc5b9ea22c6848c97871f0d9576cc931,False,False,True,0,0,0,0,1,0,False,False,True
00060.639a625d0a724d7411e1d5e2e7cb2bc3,True,True,True,1,2,1,8,1,20,True,True,True
00060.ec71d52a6f585ace52f4a2a2be2adfce,True,True,True,0,1,0,2,1,4,True,True,True
00061.4b25d456df484b9f7e01c59983591def,True,True,True,0,2,0,4,0,11,True,True,True
00062.3019eac14dfe3c503c03e25e70e63091,True,True,True,0,1,0,5,0,10,True,True,True
00062.6a56c37b8db0cbfb57a99b32ad60b4d2,False,True,True,0,0,0,1,0,7,False,True,True
00063.2334fb4e465fc61e8406c75918ff72ed,True,True,True,0,1,0,8,0,19,True,True,True
00063.98dc120045d9b6c675c286524bf893ba,True,True,True,0,1,0,3,2,7,True,True,True
00065.6203de135559b319326445aafd68dbca,True,True,True,0,2,0,6,2,15,True,True,True
00065.9c8ae6822b427f2dbee5339d561a2888,False,True,True,0,0,0,5,0,18,False,True,True
00066.6afbb1258bcf3e4d59d53c847a84e469,False,False,False,0,0,0,0,0,0,False,False,False
00066.af6bf70ea68b499585a72bdd7d6dd931,False,True,True,0,0,0,1,0,7,False,True,True
00067.bf32243a9444bba9cba8582fef3d949e,False,True,True,0,0,0,1,0,7,False,True,True
00068.2999b3d00828ac3fbd6a7cd27a6c6321,True,True,True,1,12,1,35,1,92,True,True,True
00068.d10af636a6082d5172ceb34a944486e6,True,True,True,0,5,0,5,0,11,True,True,True
00069.066b1a012235d062a5da73eead4a6b35,True,True,True,0,4,0,15,1,43,True,True,True
00069.27497d5d2f92837805b67e2bf31dfc71,True,True,True,0,1,0,5,0,46,True,True,True
00070.598f33a87fd0df81c691f9109fc2378a,False,False,True,0,0,0,0,0,9,False,False,True
00070.ab34b6c044a55bef3d6c1f64b7521773,False,True,True,0,0,0,4,0,5,False,True,True
00071.11f438a86f442fd5a0772eb3908c12b4,True,True,True,0,2,0,7,1,17,True,True,True
00072.d519a73b92f487519c2bc5ba45f5eb2c,False,True,True,0,0,0,1,0,1,False,True,True
00072.eb147f0714c89bf35a0ab1852890555d,True,True,True,0,5,1,8,1,23,True,True,True
00073.8dcd40346d48c69a9e075e935395e96d,True,True,True,0,1,0,5,1,10,True,True,True
00074.51aab41b27a9ba7736803318a2e4c8de,True,True,True,1,0,1,0,2,0,True,True,True
00075.28a918cd03a0ef5aa2f1e0551a798108,True,True,True,0,1,0,5,1,11,True,True,True
00075.f1c6bf042cf0ed13452e4a15929db8cd,False,True,True,0,0,0,4,0,20,False,True,True
00076.066bf704d9c4a3cf45da5ac7a6b684f8,True,True,True,0,1,1,5,2,11,True,True,True
00077.6e13224e39fae4b94bcbe0f5ae9f4939,True,True,True,0,8,0,26,1,148,True,True,True
00077.c85b7442247d61308f15d86aa125ec28,True,True,True,0,6,0,9,0,24,True,True,True
00078.f318607d8f4699d51f456fea10838c5a,True,True,True,0,6,0,20,0,89,True,True,True
00079.7a1b9cd54acec8774ef833df17206630,True,True,True,0,6,0,20,0,89,True,True,True
00079.cc3fa7d977a44a09d450dde5db161c37,True,True,True,0,1,0,5,1,11,True,True,True
00080.2dda9e4297c6b66bff478c9d2d3756f1,True,True,True,0,3,0,25,0,83,True,True,True
00080.5a7386cb47846dfef68429241ad80354,True,True,True,0,2,0,5,1,17,True,True,True
00081.123b29a781b2e8c83763e5d440e672a3,True,True,True,0,3,0,5,0,10,True,True,True
00081.4c7fbdca38b8def54e276e75ec56682e,True,True,True,0,10,0,20,1,112,True,True,True
00082.0341a767bbaca01fd89b6236ef681257,True,True,True,0,1,0,7,1,18,True,True,True
00082.92b519133440f8e9e972978e7b82e25e,True,True,True,0,5,0,6,0,31,True,True,True
00083.1aead789d4b4c7022c51bc632e4f2445,True,True,True,0,1,0,5,0,31,True,True,True
00084.a9f5b3a9b7feb7070f25ae76320c8ec6,True,True,True,0,3,0,7,1,43,True,True,True
00084.eab3c85ce1b86d404296fc9d490d30dc,True,True,True,0,1,0,4,2,29,True,True,True
00085.ae2bf18f9dd33e3d80d11eda4c0be41d,True,True,True,1,2,1,2,2,19,True,True,True
00085.f63a9484ac582233db057dbb45dc0eaf,True,True,True,2,10,2,36,3,199,True,True,True
00086.5ddcb4859b292c984d1db6aeade5ac04,True,True,True,1,2,1,2,2,19,True,True,True
00086.9c945bb90f76a8b76331599106c28429,False,False,False,0,0,0,0,0,0,False,False,False
00087.c6bf843edd1028fd09bb46d88bf97699,True,True,True,0,6,0,20,2,89,True,True,True
00087.f09438ca6392721e63696f4f753effbb,True,True,True,0,2,0,6,0,15,True,True,True
00088.34ca147ca21f4b3e966fe58bc054aaf6,True,True,True,0,1,0,3,0,9,True,True,True
00089.1235261e1b2063edce03a18d06c11474,True,True,True,0,4,0,6,0,49,True,True,True
00089.7e7baae6ef4a8fb945d7b3fe551329fe,False,False,True,0,0,0,0,1,11,False,False,True
00090.c82f6c8ce0db12e42a24fb2808974628,True,True,True,0,10,0,11,3,41,True,True,True
00091.7b4331237cddd30e9fa27b99af25bf3c,True,True,True,0,1,0,3,0,13,True,True,True
00091.bcaf9648660ba372bc4d542aa06456ad,True,True,True,1,0,2,0,2,0,True,True,True
00092.8ca54ce0c31e6149b5ef05c0108743be,False,False,False,0,0,0,0,0,0,False,False,False
00092.ba043c4ba04c2d06714e43caa42cc078,True,True,True,0,5,0,6,0,31,True,True,True
00093.ca4edc32d2ff8e1dbb5f9c0b15ec435b,True,True,True,0,2,0,3,0,8,True,True,True
00093.f0f5881aff74fafe925b36649298a0aa,False,True,True,0,0,0,2,0,15,False,True,True
00094.7f704c47988221c18cb6a620409442b8,False,False,True,0,0,0,0,1,0,False,False,True
00094.c3a37a3a866ce9583f51293a5e7b6f4e,True,True,True,0,5,0,6,0,31,True,True,True
00095.17594a58d6736a8f6a1990b0b92090cd,False,True,True,0,0,0,1,0,6,False,True,True
00095.bee28d9bf506043611e140c673fe41f4,True,True,True,0,2,0,4,1,48,True,True,True
00096.39bffb55f064f907234c6b3d82fc3b4c,False,True,True,0,0,0,2,0,16,False,True,True
00096.a791864be5f1205bf2cea0adf241b25a,False,True,True,0,0,0,1,0,11,False,True,True
00097.013347cc91e7d0915074dccb0428883f,True,True,True,0,3,0,5,0,10,True,True,True
00097.555911ef896c1f57a6232120685b01e7,False,True,True,0,0,0,2,0,16,False,True,True
00098.f1f1a3bd3ec32d8e967fba2a7a03e1e5,True,True,True,0,1,0,1,0,6,True,True,True
00099.328fbebf5170afdd863e431d90ea90f5,True,True,True,0,2,0,4,2,11,True,True,True
00099.d41a21dc96bb3c3342292f7c9fa4db1e,False,False,False,0,0,0,0,0,0,False,False,False
00100.81611d62ec1f172be947fda4af7caa2c,True,True,True,0,1,0,11,0,44,True,True,True
00100.f18596df33992ee2af3e79f71f092e69,True,True,True,0,1,0,4,1,25,True,True,True
00101.1eefdf65cf34445662c1d308ef78d103,True,True,True,0,1,0,4,1,25,True,True,True
00102.706dc065aaf3946565c4897163a16a33,False,True,True,0,0,0,5,1,25,False,True,True
00102.fb09d2f978a271fba5a3ffc172003ed9,True,True,True,0,6,0,8,1,17,True,True,True
00103.2eef38789b4ecce796e7e8dbe718e3d2,True,True,True,1,2,1,8,1,19,True,True,True
00103.3fb0c1ebdfc0eb5952bf0f57e635c270,False,False,False,0,0,0,0,0,0,False,False,False
00105.00951a21b8464f4eb4e106d6b14c68b6,True,True,True,0,8,0,16,2,39,True,True,True
00106.09988f439b8547dc90efb1530c02329b,False,False,False,0,0,0,0,0,0,False,False,False
00106.f20a99365b7016f8e9dcd8620b472e74,True,True,True,0,2,0,7,0,22,True,True,True
00107.49ebea517b7fe4f1bdf574dc3a125a70,False,True,True,0,0,0,1,0,4,False,True,True
00107.e6cd2d9f49514710dc85db0fef5b8726,False,False,False,0,0,0,0,0,0,False,False,False
00108.813fc6306b631b5c58ecfc26caf3a8dc,False,False,True,0,0,0,0,0,2,False,False,True
00108.ce25a55c6b4cc9bcd32ed090ee20785a,True,True,True,1,1,1,3,3,9,True,True,True
00109.17824b03f1b16c199abc7f4d7c35e4eb,True,True,True,0,1,0,4,1,16,True,True,True
00109.eda1664dd3b3c31b67e5cd04553b6546,False,False,False,0,0,0,0,0,0,False,False,False
00110.6a98310639f4d8f87cabd99ce4155c77,True,True,True,0,1,1,4,1,16,True,True,True
00110.f3c4ebe14b439420b53212332326181f,False,True,True,0,0,0,1,0,1,False,True,True
00111.029924c0533dcbc837512cce0792a18b,True,True,True,0,1,0,2,0,12,True,True,True
00111.ae6aba48f8aa83849be067076eea8ce5,True,True,True,1,0,1,3,2,8,True,True,True
00112.be81f2f6f7940a9403c9809b4a9e243a,True,True,True,0,2,0,5,0,39,True,True,True
00112.e4952a7d270c78cd6bba9d4f6add13f2,True,True,True,0,8,0,12,1,63,True,True,True
00113.eebc11982ccc4730fb8759f94400ce19,True,True,True,0,1,0,7,2,17,True,True,True
00114.68b089e3ca8128bb8d11f4f8bc592764,False,False,True,0,0,0,0,0,2,False,False,True
00114.e337195587d1dbb42e8a2b693e9fc938,False,False,False,0,0,0,0,0,0,False,False,False
00115.ea1a875067c4c0b710f5f4c951335723,True,True,True,0,2,0,7,0,15,True,True,True
00116.8a15129846b680f8539fd703d8743b67,False,True,True,0,0,0,3,0,18,False,True,True
00117.9f0ba9c35b1fe59307e32b7c2c0d4e61,True,True,True,0,1,0,6,1,21,True,True,True
00117.b3ceb6525a1dc935463f3e3080110039,False,True,True,0,0,0,6,1,14,False,True,True
00118.141d803810acd9d4fc23db103dddfcd9,True,True,True,0,2,0,9,1,21,True,True,True
00118.b31615605a37b4878bd1de4f829c89cb,True,True,True,0,4,1,14,2,25,True,True,True
00119.7bd666ac52f079fb3b5ff0be83b55286,False,False,False,0,0,0,0,0,0,False,False,False
00120.b6b2f20782980f83878f075f29d7c517,True,True,True,1,0,1,1,2,4,True,True,True
00121.9fdf867ef2120e98641128801454aa72,True,True,True,0,1,0,6,0,16,True,True,True
00121.bf18a63d6e7d40409f8b722036eadd82,False,False,False,0,0,0,0,0,0,False,False,False
00122.4a2f67839c81141a1075745a66c907bb,True,True,True,0,4,0,18,1,109,True,True,True
00123.18a793261cf7719497e17412345945d6,False,False,False,0,0,0,0,0,0,False,False,False
00124.db848e36f1b4c2705cbc16ef33a302d4,True,True,True,1,1,1,1,2,4,True,True,True
00125.ea96729a0da6d9025d5178f2d6916e42,True,True,True,2,2,2,8,3,20,True,True,True
00126.d6d2197becfb17af452e9117a5f4c947,False,False,False,0,0,0,0,0,0,False,False,False
00126.e98e1ba87a38e0cceeb55f3b86dbd4dd,False,False,True,0,0,0,0,0,2,False,False,True
00127.17d8ae11fb73ed829ae89847f2c1e9e5,True,True,True,0,2,0,8,2,18,True,True,True
00128.102ef1e6b36b8307faecd1f2d04cdbde,False,True,True,0,0,0,3,0,18,False,True,True
00129.1080cea3a532759b015dc071d033749d,True,True,True,1,1,1,4,1,6,True,True,True
00130.c8128e89eff5b0e61aa864ebfd96afba,False,False,False,0,0,0,0,0,0,False,False,False
00131.d955acc659fb151479460f9dd2f87efe,True,True,True,0,6,0,8,1,17,True,True,True
00131.faf572e5916abbdb3d6ee9671339e047,False,True,True,0,0,0,1,1,7,False,True,True
00132.0ead3e293c6c41cbffb69670e8b85ae7,True,True,True,1,10,1,20,1,33,True,True,True
00134.651c69499f4c81f5049c03f9c0c71b44,True,True,True,1,1,1,6,1,22,True,True,True
00134.9f41f4111a33dc1efca04de72e1a105a,False,False,False,0,0,0,0,0,0,False,False,False
00135.00e388e3b23df6278a8845047ca25160,False,False,True,0,0,0,0,1,0,False,False,True
00135.9996d6845094dcec94b55eb1a828c7c4,False,True,True,0,0,0,2,0,12,False,True,True
00136.870132877ae18f6129c09da3a4d077af,False,True,True,0,0,0,2,0,12,False,True,True
00136.faa39d8e816c70f23b4bb8758d8a74f0,False,False,False,0,0,0,0,0,0,False,False,False
00137.09969121c8540730f1020b5a700b4c42,True,True,True,0,2,0,6,0,20,True,True,True
00137.17860a4d8ca9d8d813cc0eb0dfd51e45,False,True,True,0,0,0,1,0,7,False,True,True
00138.acef24ad51f98e3192d5a0348543f02f,False,False,False,0,0,0,0,0,0,False,False,False
00138.c15973a4d40bed4333079296be2522ca,False,True,True,0,0,0,3,0,11,False,True,True
00139.cee7452bc16a8e26ea1ad841321c95ce,True,True,True,0,1,0,5,0,12,True,True,True
00140.eba666846fa0a138a90aeef51a627022,False,True,True,0,0,0,1,0,1,False,True,True
00140.f690cb156c0b1223e763ab3c0b340c57,True,True,True,0,2,0,6,0,26,True,True,True
00141.29b1847b5d4131c536a812cdc88326eb,False,True,True,0,0,0,7,2,32,False,True,True
00141.c30e993ea9a98743b0a98733bdfba8c2,True,True,True,0,2,0,4,1,15,True,True,True
00142.141444128e16c8ae1631c27821debc9b,False,True,True,0,0,0,7,1,32,False,True,True
00142.eddc7114a8566cbf83fa8210bf0d3603,True,True,True,0,1,0,11,0,44,True,True,True
00143.13c0751d4b9f10098bb3ac85a435d884,True,True,True,1,0,1,0,1,0,True,True,True
00143.95e60a4160434f341761931c65844a38,False,True,True,0,0,0,7,2,32,False,True,True
00144.4eeba2f228a8658e0d2e3a64764f4f31,False,True,True,0,0,0,1,0,8,False,True,True
00145.0ec326fee0570953d684e40edd3fa7b8,False,False,False,0,0,0,0,0,0,False,False,False
00145.b6788a48c1eace0b7c34ff7de32766f6,True,True,True,0,1,0,6,1,20,True,True,True
00146.e9b64856c0cd982a64f47c9ab9084287,False,False,True,0,0,0,0,1,0,False,False,True
00147.1782d51354c31ea53db25ea927d5c51d,False,False,False,0,0,0,0,0,0,False,False,False
00147.9d7a9ea1fdef9c2161dba859250d2c19,True,True,True,0,1,0,3,0,15,True,True,True
00148.21c30154aa358d903c10c5d8a3ef6ffd,False,False,False,0,0,0,0,0,0,False,False,False
00148.a645e3b8823445737c97057e59ea0d0c,True,True,True,0,1,0,1,0,9,True,True,True
00149.1589b074a69ebc09012d1f6d7ba4c75f,False,False,False,0,0,0,0,0,0,False,False,False
00150.f97c73fa56460a6afc6d9418ad76b5b5,True,True,True,0,1,0,11,0,22,True,True,True
00151.34bbdbf089edc6f58080753a166a3cfc,False,False,True,0,0,0,0,0,1,False,False,True
00151.6abbf42bc1bfb6c36b749372da0cffae,False,False,False,0,0,0,0,0,0,False,False,False
00152.8ed8aaed94054e507af5b9c760dd7be6,False,True,True,0,0,1,3,1,6,False,True,True
00153.d20d157c684520f1c3aa8f270f753785,False,False,False,0,0,0,0,0,0,False,False,False
00155.1c37ce73590cc67186717a491ed0db5f,True,True,True,0,4,0,9,0,43,True,True,True
00156.0b541afe96820e3bb8f900b565608269,True,True,True,2,0,3,0,4,0,True,True,True
00156.ccb4ccdec1949b9510ab71d05122de3f,False,False,False,0,0,0,0,0,0,False,False,False
00157.52b0a260de7c64f539b0e5d16198b5bf,True,True,True,0,6,0,8,0,37,True,True,True
00157.eab255ce291e88fbee46f3f0c564ddf3,False,False,False,0,0,0,0,0,0,False,False,False
00158.58aea46256aaaa23787ec2acdcd31073,False,False,False,0,0,0,0,0,0,False,False,False
00158.9c8bf53ed738031b4bfab819c4b3ef13,False,False,True,0,0,0,0,0,1,False,False,True
00159.b16f070a576c2eb1533aa9e2cf8e6b77,True,True,True,0,6,0,19,1,86,True,True,True
00160.66e11a17d619ce33d5a455a87015ee25,False,True,True,0,0,0,2,0,4,False,True,True
00161.ae33257753c9bdaaadc9221347868496,True,True,True,1,0,1,0,2,0,True,True,True
00162.6d0397cc491b214db1e84e19bb49177a,False,False,False,0,0,0,0,0,0,False,False,False
00162.b5ae5521352c9bba7bf635c1766d4a75,True,True,True,0,1,0,3,2,37,True,True,True
00163.244a217b150d2129cbdc52b96d992382,True,True,True,0,4,0,5,0,9,True,True,True
00164.272880ebd1f1f93cf0cd9800842a24bd,True,True,True,0,1,0,3,1,15,True,True,True
00164.8536500ed9cadc8397a63b697d043c0b,False,False,True,0,0,0,0,1,0,False,False,True
00165.3a37220d69b5b8332ee4270f0121dfe9,False,True,True,0,0,0,2,0,4,False,True,True
00165.45db168e8e1a78a66972b9f50c47b6dc,False,False,False,0,0,0,0,0,0,False,False,False
00166.1b7ca83ece36a955e80c7f32efe5fd3d,False,False,False,0,0,0,0,0,0,False,False,False
00166.806d5398d7a37c080641a2d62e2d2b94,True,True,True,1,0,1,0,1,0,True,True,True
00167.af33a21e8b279ee28d5e70a6ef1dc86a,False,False,False,0,0,0,0,0,0,False,False,False
00167.c37f166df54b89ce15059415cfbe12c3,False,False,True,0,0,0,0,1,0,False,False,True
00168.7422ce438a3d745e2cafb7430e5ddb0f,False,False,False,0,0,0,0,0,0,False,False,False
00168.a9dd80bb0934b67fd00b4f0a99966369,False,True,True,0,0,0,3,0,9,False,True,True
00169.86721d6b50e889ed39c7d302adb2a5ab,True,True,True,1,3,1,5,2,43,True,True,True
00170.33a973aa9bb7d122bdfbd96d44332996,True,True,True,1,1,1,2,2,8,True,True,True
00170.5e4c7668564952d8bfbf106d32fa9e5e,False,True,True,0,0,0,8,0,34,False,True,True
00171.08c5c55e9c2b4062344655e9ee32b979,True,True,True,1,1,2,3,4,9,True,True,True
00171.8d972e393ba7c05bfcbf55b3591ce5f3,False,False,False,0,0,0,0,0,0,False,False,False
00172.7fe063c5f90c46934dc79a83d9fdabfe,True,True,True,2,0,2,0,2,0,True,True,True
00173.6f5baeeaeb9b1c1ac4b9527e948828db,True,True,True,0,2,0,3,1,11,True,True,True
00174.94a8f3a8826ff937c38640422784ce86,False,False,True,0,0,0,0,0,1,False,False,True
00175.931897f329f7ed0aee7df9f5d0626359,True,True,True,0,1,0,6,1,21,True,True,True
00175.e672ac062c93c15915d4d264c4282b47,False,False,False,0,0,0,0,0,0,False,False,False
00176.644d65f0ab0d19f706a493bd5c3dc5df,True,True,True,0,4,0,9,0,15,True,True,True
00176.79f82496c612ea28f45f13ca5c47f8c2,True,True,True,1,0,1,0,3,0,True,True,True
00177.56ed33af0cb1d0f700cc2d26a866870b,True,True,True,1,0,2,0,3,0,True,True,True
00177.581a22999fd636e541e4e4864baf947f,False,True,True,0,0,0,1,0,5,False,True,True
00178.2dbe6aa90dc38758c946170ff92ec8e8,True,True,True,1,0,2,6,2,12,True,True,True
00178.cdecf0f56ddc0bf61e922a131dc806c2,True,True,True,1,2,1,8,1,19,True,True,True
00179.2174c80cb3eff623dfc991e51a53eb99,True,True,True,1,0,1,0,2,0,True,True,True
00181.8f8c7074d957952981b3d7bc188eb1a0,True,True,True,0,1,0,4,0,10,True,True,True
00181.a9ce64eb710cb3f00a7d7db7911291ab,False,False,False,0,0,0,0,0,0,False,False,False
00182.5561cb1b6f968e83afabe21d7a28bb37,False,False,True,0,0,0,0,0,7,False,False,True
00183.38d9e73b56e7a59ca1472e08076a9b71,True,True,True,2,0,3,0,4,0,True,True,True
00183.47b495fc7ebd7807affa6425de6419b3,True,True,True,0,2,0,5,0,18,True,True,True
00184.b4c342594f571eeb609a47b313ac35fe,True,True,True,0,2,0,5,0,18,True,True,True
00184.ead42d7ed872c504c79928a5f0a2b2eb,False,True,True,0,0,0,3,0,11,False,True,True
00185.3bc6159431883bb008a8cf973facadb3,True,True,True,0,2,0,5,0,18,True,True,True
00186.614733215984b78299813313394a4ed3,False,False,True,0,0,0,0,1,8,False,False,True
00188.3d145a97a4ccf05a36a1f2795b4c331d,False,False,True,0,0,0,0,1,0,False,False,True
00189.074fe7fad584aa9243fadc6d16f8c186,True,True,True,0,2,0,5,0,16,True,True,True
00190.dbaebac8c91d57cf7c9b9a431606ce54,False,False,True,0,0,0,0,2,0,False,False,True
00191.514dbda1bd10302e5c1d269837df0c66,False,False,True,0,0,0,0,0,6,False,False,True
00192.e5a6bb15ae1e965f3b823c75e435651a,True,True,True,0,6,1,12,1,25,True,True,True
00192.f2c49e0edfc9d9c861da1e6368cb7d12,True,True,True,1,6,1,12,1,34,True,True,True
00193.c04ef77bc3dbaa5762760a6ea138df0e,True,True,True,1,11,1,14,1,23,True,True,True
00193.d68a324fdbe164f166b58e7852903065,True,True,True,1,4,1,9,1,32,True,True,True
00194.91b4c441362e802a64154349c6451b7c,True,True,True,1,4,1,9,1,32,True,True,True
00195.0a543c2780491168160570bb6708af86,False,False,False,0,0,0,0,0,0,False,False,False
00195.aeb47d08c2d537c24ada260804b7a171,False,False,False,0,0,0,0,0,0,False,False,False
00196.2e07e36c1285ba9187f8168c77d813f7,True,True,True,0,1,0,8,1,21,True,True,True
00197.5a921df53d215a60d557c68754559e93,True,True,True,0,9,0,37,0,145,True,True,True
00197.d77321043295f3683060dcb2bdb8b822,True,True,True,0,1,0,8,1,21,True,True,True
00198.aad7df5b8be674a0ce09c8040ef53f1e,False,False,True,0,0,0,0,1,0,False,False,True
00199.3536ffa9d7e1b912f6fc649d779cfe5d,False,True,True,0,0,0,1,0,9,False,True,True
00199.9be6cec49c53210152780926cdeb59ff,True,True,True,1,0,1,0,1,0,True,True,True
00200.2fcabc2b58baa0ebc051e3ea3dfafd8f,True,True,True,0,1,0,1,0,1,True,True,True
00200.bacd4b2168049778b480367ca670254f,True,True,True,1,0,1,0,1,0,True,True,True
00201.00020fc9911604f6cae7ae0f598ad29d,False,False,True,0,0,0,0,1,0,False,False,True
00201.e74734c7cd89b7c55989d585f72b358a,True,True,True,0,2,0,10,2,21,True,True,True
00202.d5b52386f66bd36cd1508319c82cf671,False,False,False,0,0,0,0,0,0,False,False,False
00202.e57a96cc553ecba5064d023695a0f385,True,True,True,0,2,0,8,0,17,True,True,True
00203.3956f8506171ffd90a0060cafad4fdea,True,True,True,0,2,0,5,0,17,True,True,True
00203.5d5cdf03bd9362584adaf6be372d0ba1,True,True,True,0,2,0,8,0,17,True,True,True
00204.4cf15f97b8ea08bfafab7d5091b8fbe7,False,False,False,0,0,0,0,0,0,False,False,False
00204.a008813ddeb2d5febd1fc676c07e9760,False,False,False,0,0,0,0,0,0,False,False,False
00205.312e72065386636132fa6c4a1fde871e,False,False,False,0,0,0,0,0,0,False,False,False
00206.434bca9a9918edbdb04b93f6618adf90,True,True,True,0,1,0,6,1,12,True,True,True
00207.47d129a97b8ce8572c9efb4c18a74192,False,False,False,0,0,0,0,0,0,False,False,False
00208.369921416af87a0b70f133632131b184,True,True,True,1,3,1,4,2,14,True,True,True
00208.c9e30fc9044cdc50682c2e2d2be4c466,True,True,True,2,2,2,9,2,23,True,True,True
00209.983df148f8b7d7e5d678f1ea6297cad1,False,True,True,0,0,0,1,0,4,False,True,True
00210.050ffd105bd4e006771ee63cabc59978,True,True,True,0,2,0,6,0,15,True,True,True
00210.2942a339c3792a1010d024e6d6ba032e,True,True,True,1,0,1,0,2,0,True,True,True
00211.d976c6049e8448e7c407c124b580e0ba,False,False,True,0,0,0,0,1,0,False,False,True
00212.87d0c89c4f341d1580908678bf916213,True,True,True,1,1,1,2,2,4,True,True,True
00212.a9947ad74a529a35d11538e1df60cd73,False,False,False,0,0,0,0,0,0,False,False,False
00213.b85553a858843eabb7752c6d15aaba5a,False,False,False,0,0,0,0,0,0,False,False,False
00214.39bd955c9db013255c326dbcbb4f2f86,False,True,True,0,0,1,0,1,0,False,True,True
00215.0378888fa9823523e61a6b922a4e3b55,False,False,False,0,0,0,0,0,0,False,False,False
00215.f571ecd203e8d39296419bffc47e4a6a,False,False,True,0,0,0,0,1,0,False,False,True
00216.89c1ede0b81fb09f7334f47a5183410a,True,True,True,0,5,0,8,1,23,True,True,True
00216.c07de35b7e7f659e3c0c071b30053afa,False,False,False,0,0,0,0,0,0,False,False,False
00217.f56a722e95d0b6ea580f1b4e9e2e013a,False,False,False,0,0,0,0,0,0,False,False,False
00218.917ed95f5c90c1d9d15d2528b0bd1e79,True,True,True,0,5,0,9,0,54,True,True,True
00218.e921fa1953a3abd17be5099b06444522,False,False,False,0,0,0,0,0,0,False,False,False
00219.b1e53bdc90b763f8073f3270e3f6e811,False,False,False,0,0,0,0,0,0,False,False,False
00219.eaf6c0ff67706c784f67f5c1225028a1,False,False,False,0,0,0,0,0,0,False,False,False
00220.b599bb1ef610ba40d9becc965c0c0da3,False,False,False,0,0,0,0,0,0,False,False,False
00220.cf7d03e161582887dc589229e2896e26,True,True,True,1,4,1,7,1,23,True,True,True
00221.c4dfeecf0cacc9469540337f5baf69db,True,True,True,1,0,1,0,2,0,True,True,True
00222.3ac65af6304056a15115076b1bcc8f69,False,False,False,0,0,0,0,0,0,False,False,False
00222.77293b7002c5749b9d31a99b2f4e0366,False,False,False,0,0,0,0,0,0,False,False,False
00223.349b9b0748ee72bad60729ffaae2cc00,False,True,True,0,0,0,4,0,16,False,True,True
00223.b2ab59fb979b4e3d266f15a580d86619,False,False,False,0,0,0,0,0,0,False,False,False
00224.1b3430b101a8a8b22493c4948fcbe9cc,False,False,False,0,0,0,0,0,0,False,False,False
00225.b1ca16fa2be1be1d68f5e3bf2603f3cb,False,True,True,0,0,0,1,1,8,False,True,True
00226.bd5d6adde04612587537df13d7f81196,False,True,True,0,0,0,1,0,1,False,True,True
00226.e0e2704cde3bbd561a98042f4a3baf5f,True,True,True,0,2,0,4,1,15,True,True,True
00227.1171cc6d8c586141b4110a2abdccba00,True,True,True,0,2,0,8,1,25,True,True,True
00228.238a0547cbbd70a024d7d4376707f201,False,False,False,0,0,0,0,0,0,False,False,False
00229.4c37dd3d98b8d6fb2694b6f83061ca5a,True,True,True,0,2,0,5,0,16,True,True,True
00230.214f8d9a756aee75e292056c1f65a005,True,True,True,1,0,1,0,2,8,True,True,True
00230.681e0e97f93d59676937c4223c93da93,False,False,False,0,0,0,0,0,0,False,False,False
00231.77a5d20da55f185c1bb7a3949332d364,False,False,False,0,0,0,0,0,0,False,False,False
00232.2d55046b9cf0b192ad6332545ef2a334,True,True,True,0,1,0,5,0,23,True,True,True
00232.b5eb658434a4099746a0977a0e6cd084,True,True,True,0,1,0,1,1,13,True,True,True
00233.a268478ca6f03604012ffff8dd3de396,False,False,False,0,0,0,0,0,0,False,False,False
00234.6b386bd178f4ae52c67b6c6d15ece489,True,True,True,0,2,1,5,1,36,True,True,True
00235.45b5f386cf62b5865d9d4440d8b78aab,True,True,True,0,6,0,7,1,32,True,True,True
00236.2772a068fff32e2f8d7f8a94bd9280cd,False,True,True,0,0,0,3,0,15,False,True,True
00237.0faf46ae2bfab24f0464c4a1a0425659,True,True,True,0,2,0,6,0,16,True,True,True
00237.9cee6fd8bdd653d21d92158e702adf50,False,False,False,0,0,0,0,0,0,False,False,False
00238.1bc0944812aa14bc789ff565710dc0b5,True,True,True,1,6,1,11,2,35,True,True,True
00238.e3e16467d10137fa9a99b1701d76ae94,True,True,True,0,1,1,8,1,19,True,True,True
00239.2f1370f9cba5ab21297eadb2af40b051,False,False,False,0,0,0,0,0,0,False,False,False
00239.91d2d5c0e8827c4a42cb24733a0859fa,True,True,True,0,13,0,17,0,79,True,True,True
00240.2ff7f745285653a238214d975859406b,True,True,True,0,5,1,11,2,18,True,True,True
00240.48e29876af05d3b43e0b6a510a8fc837,False,False,True,0,0,0,0,1,0,False,False,True
00241.490af8faa6e4b94e0affed327e670dae,True,True,True,1,0,1,0,1,0,True,True,True
00241.c28ade5771085a8fddd054a219566b7c,True,True,True,0,2,0,6,0,15,True,True,True
00242.745749df8cd0da174fd64afc55db4222,True,True,True,1,7,1,14,3,32,True,True,True
00242.e030c8b1f053037aeffb062f3a34b523,True,True,True,0,5,1,11,2,18,True,True,True
00243.2fa7ea5c308d2d572c7e8efc679bb6a9,False,False,False,0,0,0,0,0,0,False,False,False
00243.c6e70273fe1cf9e56e26bb6bbeef415d,False,False,False,0,0,0,0,0,0,False,False,False
00244.5cac9708afd7f9f00e9bf64eeb127f0a,False,False,False,0,0,0,0,0,0,False,False,False
00244.934aa46481d9503c1fd02a964e19de24,False,False,False,0,0,0,0,0,0,False,False,False
00245.9d608575062cc3d6368078006d20f61b,True,True,True,0,3,0,6,0,37,True,True,True
00245.f129d5e7df2eebd03948bb4f33fa7107,True,True,True,0,5,0,16,0,100,True,True,True
00246.d314e68151f961425104dbe6a4e3bc9a,False,False,False,0,0,0,0,0,0,False,False,False
00247.4f7c67c9792706fa90fe218d4b092b7a,True,True,True,1,4,1,14,2,58,True,True,True
00247.df14a81cd82cf37e4a125dba41ca21e1,True,True,True,1,0,1,4,2,15,True,True,True
00249.b6cad7860d56d8265155580a7c80457d,False,True,True,0,0,0,1,0,1,False,True,True
00250.32279787338af8a5de4cfbc0b837718e,True,True,True,0,1,0,6,1,104,True,True,True
00250.ae302eda2386979f6ac6bfff9e9f7137,False,False,True,0,0,0,0,1,0,False,False,True
00251.2ca1d22841d472917231911f63572dfd,False,False,True,0,0,0,0,1,0,False,False,True
00252.3b352c8a7266026be4f1c1ba89690cfc,True,True,True,0,9,0,24,0,103,True,True,True
00252.7e355e0c5fd1de609684544262435579,False,False,False,0,0,0,0,0,0,False,False,False
00253.83b95b05e275286eddcf557ea581e754,True,True,True,0,3,0,6,2,39,True,True,True
00253.bd8e0dd85f0f848be89aadbf6d6364dc,False,True,True,0,0,1,0,1,0,False,True,True
00254.9810c685fa8fd2953b0c07ba7900605f,False,False,False,0,0,0,0,0,0,False,False,False
00254.e3e30f2b37ef8db36aa652bb3e563b61,True,True,True,0,1,0,6,0,104,True,True,True
00255.aeff2fdf2ba6b8b49686df3575859a48,True,True,True,1,1,1,6,1,104,True,True,True
00255.f66ad62d19d3e76217eff77eff4eeea2,False,False,True,0,0,0,0,1,0,False,False,True
00256.ea7bc226396ae0cc08004265b5c2eb02,True,True,True,0,2,0,15,0,26,True,True,True
00256.edd9bfb44729edf3c4f177814fd8c9e1,False,False,False,0,0,0,0,0,0,False,False,False
00257.5c8ef87f8b11d2515df71a7fe46a70b6,True,True,True,0,1,1,19,1,31,True,True,True
00257.96e9617c812f9d9a8ec77c9008e1e960,True,True,True,0,2,0,5,1,19,True,True,True
00258.4af5bde7fabd4e797b85cf95bcbbb45a,True,True,True,0,1,1,19,1,31,True,True,True
00258.eb914ca569df16b9e969cc1ff646033f,False,False,False,0,0,0,0,0,0,False,False,False
00259.7b838a90b63541213eff9099e1a1aa3c,False,False,False,0,0,0,0,0,0,False,False,False
00259.c5dcbd525138d61d828298225a61aeab,False,False,False,0,0,0,0,0,0,False,False,False
00260.49cb520f5d726da6f1ec32d0e4d2e38f,False,False,False,0,0,0,0,0,0,False,False,False
00260.c75ce8b8d8bfc55723426979d260bf61,False,False,False,0,0,0,0,0,0,False,False,False
00261.e679a9947bd481d47fb1a3d83b482fd5,False,False,False,0,0,0,0,0,0,False,False,False
00262.12fb50ad3782b7b356672a246f4902a6,False,False,False,0,0,0,0,0,0,False,False,False
00262.678598cbe253f19239da03b65dac7392,True,True,True,0,1,0,3,1,13,True,True,True
00263.13fc73e09ae15e0023bdb13d0a010f2d,False,False,False,0,0,0,0,0,0,False,False,False
00264.8fae38cbbed6a43b40e83aa8496018e4,True,True,True,1,4,1,4,2,8,True,True,True
00265.2b8a59870ad8576be65a7654da7fe1bb,False,False,False,0,0,0,0,0,0,False,False,False
00265.d2acd28cf29d90c9b7a1297b219187b3,True,True,True,0,1,1,8,1,19,True,True,True
00266.3cf1dcf8df07100b1530493e11f80a25,False,False,True,0,0,0,0,1,0,False,False,True
00267.15fd4bd56e4a0466d3031f8f16803c8e,False,False,False,0,0,0,0,0,0,False,False,False
00267.ef433fb350170f28a1567cbc24900e53,True,True,True,1,4,1,7,2,25,True,True,True
00268.a9bc047709bc6362328d3b72998956f2,False,True,True,0,0,1,0,1,0,False,True,True
00269.456d57b46b4c84fe5057b5cc63620057,False,False,True,0,0,0,0,1,0,False,False,True
00269.e85c3ef79a5cf21ee1ef7b8df17760e1,False,True,True,0,0,0,2,0,3,False,True,True
00270.1ee4eb635731c5a022fb060bc8cd26e0,False,False,False,0,0,0,0,0,0,False,False,False
00270.5dcd9ce3be2992222b9038d7bf75a23a,True,True,True,0,5,0,9,0,54,True,True,True
00271.85110ef4815c81ccea879857b0b062ed,False,False,False,0,0,0,0,0,0,False,False,False
00272.8353b9140b08dab4be0e8ce53f09172b,True,True,True,1,2,1,2,1,8,True,True,True
00272.ff93eff2b9f05ba28efa69d72d78ede2,True,True,True,1,0,1,3,2,10,True,True,True
00273.0c7d73771d79e84e2aab8c909c5bb210,True,True,True,0,8,0,25,0,57,True,True,True
00273.c832f32bbe447980ad0095b772343563,True,True,True,1,1,1,4,1,7,True,True,True
00274.192bd3848a65302344dff2d7c0d3f08a,True,True,True,0,1,0,4,1,19,True,True,True
00275.4675c4cce2bf27adaafeef693d562f8b,True,True,True,1,1,2,2,3,11,True,True,True
00276.a6e447390e371ddba7cee092bb0ec98f,False,False,False,0,0,0,0,0,0,False,False,False
00276.a8792b1d4591c269b9234f3a39f846d8,False,False,False,0,0,0,0,0,0,False,False,False
00277.64128ce1653bc4e1bde9ffe2f83db557,False,True,True,0,0,1,14,1,32,False,True,True
00277.feeedd0a9e052b05e350e93ff7889f0a,True,True,True,0,1,0,1,1,13,True,True,True
00278.72994f6280bfb4ecaad81592dc31f0d3,True,True,True,0,6,0,29,0,125,True,True,True
00278.b62c5fc23a2f87760696cb9fa51f073c,True,True,True,1,4,1,9,2,25,True,True,True
00279.d3516102dd7d49480923c6cf3252a216,True,True,True,0,1,0,1,1,13,True,True,True
00280.3432009813aa8a8683c72ad31ce7e0e0,False,False,True,0,0,0,0,0,4,False,False,True
00281.d5147756d766fba6dbc649f786e38bc2,False,False,False,0,0,0,0,0,0,False,False,False
00281.db28f3aab77ff478279d8de20d572b42,False,False,False,0,0,0,0,0,0,False,False,False
00282.262dbcdc9fb22384ac5b6fc159aba4cb,False,False,False,0,0,0,0,0,0,False,False,False
00283.8654c24a39f2557b8d4b1aa35b95482d,False,False,False,0,0,0,0,0,0,False,False,False
00283.e8e42ee52f919afd2a453983f1256b1d,True,True,True,0,2,0,13,0,43,True,True,True
00284.4cdf4c9e9404c79c85ab5ac12ce39e85,False,False,True,0,0,0,0,1,0,False,False,True
00285.8a06c91fcdf4a1ae8ca928f3ef3feecb,False,False,False,0,0,0,0,0,0,False,False,False
00286.bb7afce31a747b70cf516e4ef174fd8f,True,True,True,0,10,0,20,0,35,True,True,True
00286.efd0b8f0c9c779b7a0ad93505c9b0bae,False,False,True,0,0,0,0,1,0,False,False,True
00287.0d310db88577f69e8c345671d9a8416c,True,True,True,0,4,0,7,1,45,True,True,True
00288.8c8bc71976c3b67d900ebd8eeab8a0f5,False,False,False,0,0,0,0,0,0,False,False,False
00288.e1f7256dd7c447815e6693fd8efea6c9,False,True,True,0,0,0,1,3,6,False,True,True
00289.ce923605b55bfa316d567763565e6bc9,False,False,False,0,0,0,0,0,0,False,False,False
00290.010f9e1b74276ee0a2414699df272efe,True,True,True,1,0,1,4,2,15,True,True,True
00290.eb053a191b7509a9399aa16717630414,False,False,True,0,0,0,0,1,0,False,False,True
00291.5dba829583f0af4826b27f24f2d1d150,True,True,True,0,6,0,10,2,21,True,True,True
00292.b90f1e0d4436fdbf91d909812648900d,False,True,True,0,0,1,1,3,7,False,True,True
00293.2503973d5b437aa173b6dd97e6f14202,False,False,False,0,0,0,0,0,0,False,False,False
00293.f4e9fd5549f9063ad5559c094edf08f2,False,False,False,0,0,0,0,0,0,False,False,False
00294.497c7a26968a921c6345a525a2c87496,True,True,True,0,2,0,3,0,21,True,True,True
00294.df27a988d82cc82296e33e6d727ac47e,True,True,True,0,2,0,3,0,8,True,True,True
00295.567c57d64a8f338d16d5047e533a1155,False,True,True,0,0,1,0,1,0,False,True,True
00295.b028688ce4ea3693f4ed591b8ca3f72e,False,False,False,0,0,0,0,0,0,False,False,False
00296.0087354f4bb7c4e756124632a4a7e80a,False,False,False,0,0,0,0,0,0,False,False,False
00297.3350c2dbbb0272c27b2c7773d7012356,False,False,False,0,0,0,0,0,0,False,False,False
00297.6278795e285879c8623bf7ec329b966e,False,False,False,0,0,0,0,0,0,False,False,False
00298.792592957289d30448ca3c68b301c896,True,True,True,0,2,0,4,0,12,True,True,True
00298.90b548a0816ca0783f012bb9c69166cc,True,True,True,1,8,1,12,1,26,True,True,True
00299.ec4bd0c57a7bf6a5616beb2897aaed7b,False,False,False,0,0,0,0,0,0,False,False,False
00299.f786faed64bef7134e52fafa17ea861f,False,False,False,0,0,0,0,0,0,False,False,False
00300.6ca4fee75f6afbd00581ceec6cf14fac,False,False,False,0,0,0,0,0,0,False,False,False
00300.834f370a21ca4f1774d5724b5443411c,False,True,True,0,0,1,0,1,0,False,True,True
00301.3b6fa92db458408d9468360fc034d280,True,True,True,0,3,0,4,0,8,True,True,True
00301.68fe7955b96d085360ca916289e8e716,True,True,True,0,2,0,4,1,15,True,True,True
00302.544366fa4cd0f5d210dd8443a1c2c95a,False,False,False,0,0,0,0,0,0,False,False,False
00303.7d749e4a46ceb169ea1af5b9e5ab39a9,True,True,True,1,0,2,6,2,12,True,True,True
00304.fedb2050801439ca46d1d82d10e8e9e2,False,False,False,0,0,0,0,0,0,False,False,False
00306.729a42414b91e9b2bddf273c514c50d7,False,False,False,0,0,0,0,0,0,False,False,False
00306.9e12acdecaf3825733a1aadc2455b166,True,True,True,1,1,1,2,1,4,True,True,True
00307.79b64580c5c605583aec7b7a4f8679c0,True,True,True,1,3,1,3,2,9,True,True,True
00307.7ed50c6d80c6e37c8cc1b132f4a19e4d,False,False,False,0,0,0,0,0,0,False,False,False
00308.c80d7cb2a6981efac408b429d42d2b89,False,False,True,0,0,0,0,0,10,False,False,True
00309.d9efb4713f45f4e1237d3f9b757d0916,False,True,True,0,0,0,6,0,15,False,True,True
00310.3f652995aadb0bf696dd10c89ce30afc,False,False,False,0,0,0,0,0,0,False,False,False
00310.dd799961317914374088b04cc0fb1b85,False,False,True,0,0,0,0,1,0,False,False,True
00311.9797029f3ee441b00f3b7521e573cb96,False,False,False,0,0,0,0,0,0,False,False,False
00312.75c839d7d4f6da9e860a11b617904fb5,True,True,True,0,2,0,9,0,27,True,True,True
00313.4363902393c0037670bc9483d19dc551,False,False,True,0,0,0,0,1,0,False,False,True
00313.fab744bfd5a128fca39b69df9811c086,False,False,False,0,0,0,0,0,0,False,False,False
00314.8f7993db02bde4d724e1eff9d2d35db1,False,False,False,0,0,0,0,0,0,False,False,False
00314.ce1926a9815415807e51b80930bffdb8,False,False,False,0,0,0,0,0,0,False,False,False
00315.0ee82a2e087ffcf6efbd30b36499ead6,True,True,True,0,6,0,10,2,26,True,True,True
00315.81905f8867f52179286a6a5bdd1483fa,False,True,True,0,0,1,0,2,0,False,True,True
00316.311d11f764c6e452b2f0208b53b94ea2,True,True,True,0,11,0,13,1,74,True,True,True
00316.6127940652124130611907ee0c20ab5e,False,True,True,0,0,0,8,0,22,False,True,True
00317.22fe43af6f4c707c4f1bdc56af959a8e,False,True,True,0,0,1,1,2,4,False,True,True
00317.902b19a36e88cd3ad096e736ff8c81a5,False,False,True,0,0,0,0,1,0,False,False,True
00318.7ce7e3cbbf4fa9c30a67b7ecdda2342e,False,False,True,0,0,0,0,0,1,False,False,True
00318.8487006b2a3599ba69edefe8b9cc98d5,True,True,True,1,3,1,8,2,21,True,True,True
00319.2702ee4100f722328afc52a1a6f1dc26,False,False,True,0,0,0,0,1,0,False,False,True
00320.20dcbb5b047b8e2f212ee78267ee27ad,False,False,False,0,0,0,0,0,0,False,False,False
00320.a4e760741d537aef50c4c0b950329225,False,False,False,0,0,0,0,0,0,False,False,False
00321.22ec127de780c31da00ae5e1c1aa32e4,False,False,False,0,0,0,0,0,0,False,False,False
00322.7d39d31fb7aad32c15dff84c14019b8c,False,False,False,0,0,0,0,0,0,False,False,False
00322.9c67ae5dc3348e9a0b9a61a408c3f44e,False,False,False,0,0,0,0,0,0,False,False,False
00323.ca6d475963aec4ab799b22805c4b0282,False,False,False,0,0,0,0,0,0,False,False,False
00324.272b1fb3642d24e21dac949444b21e65,False,False,True,0,0,0,0,2,0,False,False,True
00324.6f320a8c6b5f8e4bc47d475b3d4e86ef,False,False,False,0,0,0,0,0,0,False,False,False
00325.58d1a52f435030dc38568bc12a3d76a2,False,False,False,0,0,0,0,0,0,False,False,False
00325.7e5ac4e91fba8111cce0e8dcc721912c,True,True,True,2,5,2,9,3,16,True,True,True
00326.1e5d428b26e2e648a7560a38380cab1f,True,True,True,1,0,1,0,1,0,True,True,True
00326.5ec68244bb085cb140deb79563abd7b3,False,False,False,0,0,0,0,0,0,False,False,False
00327.1f6320c5ad43180ccad57610c646c6a3,False,False,True,0,0,0,0,1,0,False,False,True
00328.47ba83d868220761b2ff71ce39d91a37,True,True,True,1,0,1,0,1,0,True,True,True
00328.73c1a9f83d3b1247522c26eb6d74c215,False,False,True,0,0,0,0,0,1,False,False,True
00329.af4af411fb1268d1461b29fa2d2145a3,False,False,False,0,0,0,0,0,0,False,False,False
00330.97460a01c80eb8ef3958118baf379c93,True,True,True,0,1,1,4,1,6,True,True,True
00330.c5f7346dec1e6fe6ed324d8e78a2b46e,False,False,False,0,0,0,0,0,0,False,False,False
00331.263b0f2df840360cb4b1ee9016c79d84,False,True,True,0,0,0,76,1,81,False,True,True
00331.a61788d316e7393c8bbf8ee19b24c713,False,False,False,0,0,0,0,0,0,False,False,False
00332.2b6d5012de45ae27edbda7f94c54636e,False,False,False,0,0,0,0,0,0,False,False,False
00332.580b62752adefb845db173e375271cb5,False,False,False,0,0,0,0,0,0,False,False,False
00333.4bb36a535cb3d738f30f985f1e10a786,False,False,False,0,0,0,0,0,0,False,False,False
00334.a1038f98abb76b403d068afb57bfb290,False,False,False,0,0,0,0,0,0,False,False,False
00334.f487a87d551c524250c3eccbda6020da,False,True,True,0,0,0,2,0,16,False,True,True
00335.52db5097040b2b36c0d19047c5617621,True,True,True,0,1,0,8,1,19,True,True,True
00335.f71c6e9b23487811a44e6aeaa50e73a5,False,False,False,0,0,0,0,0,0,False,False,False
00336.92409253178027f58e2c072a7e82791e,False,False,False,0,0,0,0,0,0,False,False,False
00336.b937e6ad1deae309e248580a6fec85d8,True,True,True,0,1,0,2,0,3,True,True,True
00337.dfbe7fc9aaf905bd538635d72cbba975,True,True,True,0,1,0,5,0,22,True,True,True
00338.5f65cc2aed42a1472d2c279f925da35a,False,True,True,0,0,1,0,1,0,False,True,True
00338.a595ffbb6cbcf3a5058293051ebaabf4,False,False,False,0,0,0,0,0,0,False,False,False
00339.16bd110d8aa11e7d9398287c27b1b389,True,True,True,1,1,2,2,3,11,True,True,True
00339.5982235f90972c2cf5ecaaf775dace46,True,True,True,0,1,0,1,0,2,True,True,True
00340.520783fd73bb73df88d6effd04e1f55d,False,True,True,0,0,0,3,0,11,False,True,True
00340.582105f82cc7d1d35e09aacc413853c1,True,True,True,0,1,0,1,0,2,True,True,True
00341.523b18faf8eb7b835457f2a0797e034f,True,True,True,0,1,0,1,0,2,True,True,True
00341.99b463b92346291f5848137f4a253966,True,True,True,0,1,0,4,0,28,True,True,True
00342.0dab365fab3be83284b08ac5783335da,False,True,True,0,0,0,2,0,6,False,True,True
00342.847c675d7a39e5e6ecce8387350790ae,True,True,True,0,1,0,1,0,2,True,True,True
00343.37d895b3a54847548875136ad6b0192d,True,True,True,0,4,0,6,0,15,True,True,True
00343.c84d94ad804925c271bb15b979e11dc7,True,True,True,0,1,0,1,0,2,True,True,True
00345.53eb1900901ea7c0b512d555e919b881,False,False,True,0,0,0,0,1,0,False,False,True
00346.1ae83883f566cdf6ff18958a33a215b3,True,True,True,1,8,1,17,1,44,True,True,True
00347.0958e79c14164f0f902d863f41156c0b,True,True,True,0,2,0,6,1,18,True,True,True
00347.fd43a734c2e77abee0ca8c508afce993,True,True,True,1,0,1,0,1,0,True,True,True
00348.1948d1e6b724e8abf4b8f0fc024ac627,False,False,False,0,0,0,0,0,0,False,False,False
00348.eca7fae585d64d16cbb1f6f512d0c761,True,True,True,0,1,0,1,0,4,True,True,True
00349.742d50a3bcbd3a3a60a0bd42cc2b97be,True,True,True,1,1,1,5,1,12,True,True,True
00349.dd7982f40576ff4897c18efc813e38bf,True,True,True,0,3,0,7,1,14,True,True,True
00350.7a772c64c6a4131bcff6e19336b28b77,False,True,True,0,0,1,0,1,0,False,True,True
00350.c2658f17a328efdf045b38ab38db472f,False,False,False,0,0,0,0,0,0,False,False,False
00351.44bc5f6d0afcb67a469191ef2a38fea7,True,True,True,1,5,1,8,2,18,True,True,True
00351.fd1b8a6cd42e81125fb38c2660cd9317,True,True,True,1,0,2,0,3,0,True,True,True
00352.19a8ba03f566612e0b9e124609d9dbd0,True,True,True,0,1,0,15,0,26,True,True,True
00352.206639789c6ba89977375c62856f20fc,False,False,True,0,0,0,0,1,0,False,False,True
00353.464ef65be6651440e15675faeb15a7ca,False,False,False,0,0,0,0,0,0,False,False,False
00353.8d9f21930310041d8a0e17b0494e3a4a,False,False,True,0,0,0,0,1,0,False,False,True
00354.c1b5e9322256bc530d08aa0c232abcef,False,True,True,0,0,0,3,1,11,False,True,True
00355.ada725cd0b7f67b279b6d616045d7e84,True,True,True,0,1,0,1,0,2,True,True,True
00355.e10c2eba9316a09e612e6675ce339d5e,True,True,True,1,0,1,0,1,0,True,True,True
00356.6420c49ea8ad1c5e4120606f97b60e1e,True,True,True,0,4,0,15,1,40,True,True,True
00357.049b1dd678979ce56f10dfa9632127a3,True,True,True,0,2,0,5,1,35,True,True,True
00358.2cf55d91739f3530d1f4bc8bc9bc0b12,True,True,True,0,2,0,3,0,8,True,True,True
00358.ccfcaa5984dc5db979ba41e0fcee87c3,False,False,False,0,0,0,0,0,0,False,False,False
00359.4ab70de20a198b736ed01940c9745384,True,True,True,0,9,0,10,0,40,True,True,True
00361.59907896afb539ce9bc9c6e74c439206,True,True,True,0,2,0,4,0,16,True,True,True
00362.73409498731cffe86816918aae62cbbb,False,False,True,0,0,0,0,1,0,False,False,True
00362.be7a346be8746732d4dc27bc549d7441,True,True,True,0,2,0,3,0,17,True,True,True
00363.e6935b8f87c5984a5c6f6656afa1afb4,True,True,True,0,8,0,31,0,138,True,True,True
00363.ed86759dd8ad582066e4db3af6a99fc1,False,False,False,0,0,0,0,0,0,False,False,False
00364.48aa56553a1b8c2e4b638e0f46a7fc1f,False,False,False,0,0,0,0,0,0,False,False,False
00365.b95733057a51e3571746739a620c0e14,True,True,True,0,1,0,1,0,4,True,True,True
00365.da6795d02b44e4d5e168d62718f3e7c9,False,True,True,0,0,0,3,0,8,False,True,True
00366.d0ae92900c398d9adf1dd68d35350a21,True,True,True,1,0,1,0,1,0,True,True,True
00366.f0bfcc3c84da11ae1154c6c593362f69,True,True,True,0,2,0,5,1,17,True,True,True
00367.61bd750eb4ea17d10cc4aaeef1885fcf,False,True,True,0,0,0,2,0,16,False,True,True
00367.9688cdee9dfe720c297672c8f60d998f,True,True,True,0,7,0,15,0,30,True,True,True
00368.2c1ab4bc7f408e0fcb22dca9b2d5a113,True,True,True,1,0,2,0,3,0,True,True,True
00368.64d7f78532bf9b4cd41c8f5bc526af6a,False,True,True,0,0,0,1,0,12,False,True,True
00369.ea45bbb3d5cc26da35f7980fcc5ef49a,False,False,False,0,0,0,0,0,0,False,False,False
00370.549e569ab1b84fb13a4ea7d61f98f86d,False,True,True,0,0,0,3,0,9,False,True,True
00370.abd27ca9728627f8f0f83934ea7520d0,False,False,False,0,0,0,0,0,0,False,False,False
00371.3bc80f63aa7c64a56eb77fc82ce22e7f,True,True,True,1,2,1,8,1,19,True,True,True
00371.a1bca8c3fae1f6cbcebd205bf5db6ada,False,True,True,0,0,0,10,0,21,False,True,True
00372.4ebcb6306af1946c3ff1b2bc933e1203,True,True,True,0,6,1,15,1,64,True,True,True
00372.859cab3c4ee323a06adcd41f8c604fa7,False,True,True,0,0,0,5,0,10,False,True,True
00373.a2e4ba80486fdff8084086d447e01d17,True,True,True,0,1,0,10,1,29,True,True,True
00374.8942e17f10389fe620e1e96cba52c9aa,True,True,True,1,0,1,0,2,0,True,True,True
00375.1130c29a255fa277c5acbee4d08edacd,False,False,True,0,0,0,0,1,0,False,False,True
00375.687dc7464b4c4fa822ee453b9ef352df,False,False,True,0,0,0,0,1,0,False,False,True
00376.8d9a34535bac5fbccdbb8ea5392c82d8,True,True,True,1,0,1,0,1,0,True,True,True
00376.f4ed5f002f9b6b320a67f1da9cacbe72,True,True,True,1,0,1,0,1,0,True,True,True
00377.8568faed5f5f8cd3fb0956786da98a1a,False,False,False,0,0,0,0,0,0,False,False,False
00377.e30c013b7392bf14f132258aa82b1b25,True,True,True,0,7,0,15,0,30,True,True,True
00378.143069173c8ee0047916f124032367d1,False,False,False,0,0,0,0,0,0,False,False,False
00378.958f8c0f9d486c1e18f835ab65664b4d,True,True,True,0,1,0,5,0,22,True,True,True
00379.b2ab58d60315cdc423cd8640466092ed,False,False,False,0,0,0,0,0,0,False,False,False
00379.f04dedf09dce65a80fbe1fd831abefd0,True,True,True,0,1,0,5,1,7,True,True,True
00380.717154ebf88ae594956736cc50bdeaf4,False,True,True,0,0,1,0,1,0,False,True,True
00380.a262abe251ca7cc3026e4e146d9cf817,False,False,False,0,0,0,0,0,0,False,False,False
00381.004cefb51e415fe5c45a3a97091bf978,False,True,True,0,0,0,1,0,4,False,True,True
00381.7d436777379ad18167e4614190b206cf,True,True,True,0,2,0,5,0,20,True,True,True
00382.2e6245e7b689da67dc8cf1a600d804fa,True,True,True,0,1,0,3,1,9,True,True,True
00382.98464d934c8402ef42e6dbdb07b18a65,True,True,True,0,7,0,15,0,30,True,True,True
00383.14f8e467cb84b977c33f422d7d1691e6,True,True,True,1,3,2,3,4,9,True,True,True
00383.1aa9a8211d1de540d6e3852e230e5a9d,False,False,False,0,0,0,0,0,0,False,False,False
00384.ffe5f36fc3c40673d4313db5e579e33d,False,False,False,0,0,0,0,0,0,False,False,False
00385.2017c0f15243b44ef7d52ca0a5f1ecaa,True,True,True,0,10,0,20,0,35,True,True,True
00385.51089b24dee5a89d38ee1b505b470c68,False,False,False,0,0,0,0,0,0,False,False,False
00386.c5a6044254345320c345761dadbea419,False,False,False,0,0,0,0,0,0,False,False,False
00387.557966123e4eca02241d2865d521b987,False,False,True,0,0,0,0,1,0,False,False,True
00387.8562ea27520ea0fa6030679792f2fb72,False,False,True,0,0,0,0,1,0,False,False,True
00388.53eae0055e66fcb7194f9cca080fdefe,False,False,True,0,0,0,0,0,17,False,False,True
00389.6222f886a2658f890c49f1853beea193,True,True,True,0,6,0,10,2,26,True,True,True
00389.a4504d4c023b095c4907db14c65ea28f,True,True,True,1,0,2,6,3,12,True,True,True
00390.ccb6ba541b35f5e9e443a53049cd70d3,False,False,False,0,0,0,0,0,0,False,False,False
00390.ce19abc8034db9e6b435d494a91db87a,True,True,True,0,6,0,10,2,26,True,True,True
00391.e2c76e9dc5ef65b90275138f73eb475b,False,False,False,0,0,0,0,0,0,False,False,False
00392.f494d12cb0d5daaead0e7f10f8afaef1,False,False,False,0,0,0,0,0,0,False,False,False
00392.ffefdd973d6b1bf1243937030e3bd07f,False,True,True,0,0,0,3,1,4,False,True,True
00393.13d4d84cb98ea19954f895c629520bf8,True,True,True,0,2,1,4,2,13,True,True,True
00393.85c9cd10122736d443e69db6fce3ad3f,True,True,True,1,0,1,4,2,14,True,True,True
00394.0e95ef1fe71d6bbf6867df86c862d15a,True,True,True,1,0,3,6,3,12,True,True,True
00394.cca39f925676ecca947eaed2b600fe70,False,False,False,0,0,0,0,0,0,False,False,False
00395.f9df5b3574ef5ba6143c08a1fa301886,True,True,True,2,0,2,0,2,0,True,True,True
00396.6fc0d31374c02ec5614f503a09a37211,False,False,True,0,0,0,0,1,0,False,False,True
00396.bb9671c94f0061c7f2a74cde8a507c1f,True,True,True,0,2,0,8,1,19,True,True,True
00397.1a99f98a5b996f99f3661e9609782932,False,False,False,0,0,0,0,0,0,False,False,False
00397.dc85d97361fbed3637f8db56d4c9c92d,False,True,True,0,0,1,0,1,0,False,True,True
00398.1939605e3c713ff2ef852b1fbf10b0bb,False,False,False,0,0,0,0,0,0,False,False,False
00398.64f68a9650595170b0e10cc493020a0a,True,True,True,0,1,1,5,1,11,True,True,True
00399.b5a16f11e0f6bc8898caef8d9ba3e9a8,False,True,True,0,0,0,2,1,6,False,True,True
00399.cd1239166aa4d43f7c3127c3b48b3f18,True,True,True,0,8,0,16,2,39,True,True,True
00400.9360c6d3f34caf75a4c5439852153b71,True,True,True,0,1,0,5,0,19,True,True,True
00400.cc74b7994a7282f32ee2a3b7e3634d31,False,True,True,0,0,0,6,0,14,False,True,True
00401.309e29417819ce39d8599047d50933cc,False,True,True,0,0,0,4,0,9,False,True,True
00401.31d8ded049967dc48ebb564288733e81,True,True,True,0,1,0,3,0,12,True,True,True
00402.3cb789dea6bc3f321cc15730f3048ff2,True,True,True,0,1,0,5,0,19,True,True,True
00402.9fd8762dd436ec868d4c22a17d8ccc3d,True,True,True,1,0,1,0,1,0,True,True,True
00403.46d0face754b6bb7dce8b3ea560f75fb,True,True,True,0,3,0,8,0,35,True,True,True
00403.90a79abcb32065d5381a74a84da2e6bd,True,True,True,0,4,0,27,0,116,True,True,True
00404.b4bbecbee92f735a845f589582e7695d,False,False,True,0,0,0,0,0,1,False,False,True
00404.deea51c7b46665faf98fe6c5b5f88810,True,True,True,0,5,0,8,1,31,True,True,True
00405.39099b2d9fc7da44f0bd7c5d68c06ca6,False,False,True,0,0,0,0,1,0,False,False,True
00406.3d607f39292bdf8e71094426cc02a90d,False,False,True,0,0,0,0,0,1,False,False,True
00407.7a447442b07fa08de0b69e907ce3ca53,False,False,False,0,0,0,0,0,0,False,False,False
00407.7dcebe4c50bb22e0719a05ac6cc0e574,False,False,False,0,0,0,0,0,0,False,False,False
00408.22230b84aee00e439ae1938e025d5005,False,False,False,0,0,0,0,0,0,False,False,False
00408.78e871a38b048989b9949716e3fc7575,False,True,True,0,0,0,2,0,27,False,True,True
00410.b3134c2bf520f95f9b90d4aef4fdd683,True,True,True,0,5,1,11,2,18,True,True,True
00410.fb7b31cdd9d053f8b446da7ce89383fa,False,False,False,0,0,0,0,0,0,False,False,False
00411.e606c6408dbcda1a60be16896197bace,False,False,False,0,0,0,0,0,0,False,False,False
00411.fae7b15cc1f966d92c2cedc872893268,True,True,True,0,5,0,8,0,20,True,True,True
00412.2498d35d4ac806f77e31a17839d5c4c2,False,False,True,0,0,0,0,1,6,False,False,True
00412.700e6d74e5f886eb75017714a6aeb735,False,False,False,0,0,0,0,0,0,False,False,False
00413.11d008b916ea6fd996dee9a08670655e,False,True,True,0,0,0,1,0,3,False,True,True
00414.b2312673ca5358901c801eb44c00e310,False,False,False,0,0,0,0,0,0,False,False,False
00415.6faccf48ec514344fc850e8b3c154528,True,True,True,0,5,0,7,0,20,True,True,True
00416.7fa9ccac275fe2d97517554ecde57fbe,True,True,True,0,2,0,6,0,16,True,True,True
00417.715ee099f76e69edbeb5604a82a532b4,True,True,True,0,9,0,21,0,78,True,True,True
00417.7b196fd20fd308e0afa9032ccb02474b,True,True,True,2,0,2,0,2,0,True,True,True
00418.16b11d584531ea6f8e334bf92e5560ec,False,True,True,0,0,1,0,1,0,False,True,True
00418.6321175c76411371c109eafc99563d2c,False,False,False,0,0,0,0,0,0,False,False,False
00419.141092086514a246ff2ff8d4bc523400,True,True,True,1,0,1,2,1,9,True,True,True
00419.ed8fc5e3278d344ba897c8e9614acb38,False,True,True,0,0,0,1,0,4,False,True,True
00420.cf4550c21f1afd532c171e6e3e10f135,False,False,True,0,0,0,0,1,0,False,False,True
00420.e208f7d65551c01efaa3b4ee4bc4df3c,True,True,True,0,2,0,5,0,14,True,True,True
00422.7d5baf3fe64de8647b41aeb820ada876,True,True,True,1,8,1,31,1,138,True,True,True
00422.bdbc5ccdcc5058dcb4808fbdbaceffeb,True,True,True,0,10,0,20,0,35,True,True,True
00423.41a02b6bb464b0bd04ac8a40e6001c3e,False,False,False,0,0,0,0,0,0,False,False,False
00423.bee32224fd8c9c8c06e2099d9c2adccd,True,True,True,1,8,1,31,1,138,True,True,True
00424.762694cd4e29f39d544e03cd3c974a25,True,True,True,1,0,1,5,1,19,True,True,True
00424.9acca894169b3162d76ebddb69097f3c,True,True,True,2,0,2,0,2,0,True,True,True
00425.1434e0ab4e5235b64825b4c2a0999d76,False,False,False,0,0,0,0,0,0,False,False,False
00425.529f44cda59588d37959083c93a79764,False,False,False,0,0,0,0,0,0,False,False,False
00427.fa1252c91a3b89bb64bc2bc217725e26,True,True,True,0,6,0,15,1,64,True,True,True
00428.a7bbcb15affd49a93d516d5ed5700d66,False,True,True,0,0,0,1,1,8,False,True,True
00429.0061e48e64f9ce93ffae69bba9151357,False,True,True,0,0,0,6,0,14,False,True,True
00429.8f4c7360f2629f5017e7a485e74b3862,False,True,True,0,0,0,2,0,9,False,True,True
00430.d3915a3e7a9cbd8f9a7e6221eb40253d,False,False,False,0,0,0,0,0,0,False,False,False
00431.12b2043fed99f1202eb0677969d1a61e,True,True,True,1,2,1,8,1,19,True,True,True
00431.c6a126091c0bcbc44e58e238ca4d02c6,True,True,True,1,0,2,6,3,12,True,True,True
00432.40ceb2dcb26e292ea6fd8669dfc9b4c5,True,True,True,0,3,0,7,0,29,True,True,True
00432.d0728a14791872b0fdbba5d730bb1426,False,False,True,0,0,0,0,1,0,False,False,True
00433.8ac2ba68fca4bccc0856abe31002a8e9,False,False,False,0,0,0,0,0,0,False,False,False
00433.e23d484b63694062d857aa6fc4fd6276,False,False,False,0,0,0,0,0,0,False,False,False
00434.73574ecf7afcf2aef7fe6c3ff5158596,False,False,False,0,0,0,0,0,0,False,False,False
00434.8507c67a652e01636df9b92a0a397193,True,True,True,1,6,1,11,2,22,True,True,True
00435.5fcb8673ad1922e806a0505769985c69,False,False,True,0,0,0,0,1,0,False,False,True
00435.69467ebbdbdd2d891624bf8fccda579f,False,True,True,0,0,0,1,0,6,False,True,True
00436.4ef1bd17d9202e4229485da7a47afd6c,True,True,True,0,1,0,6,0,13,True,True,True
00436.9fc1d953c6a282c5b66e4ed1cf1b866f,True,True,True,1,2,1,8,2,18,True,True,True
00437.a88b8673cb52537e09bc37a163c1635f,False,False,True,0,0,0,0,1,0,False,False,True
00437.defdb75139dbe5cdd027cbab9f704a27,False,False,True,0,0,0,0,1,0,False,False,True
00438.41295e1df4b651b7611316331b8468e4,True,True,True,2,4,2,6,3,13,True,True,True
00438.cf76c0c71830d5e8ddec01a597f149a5,False,False,True,0,0,0,0,1,5,False,False,True
00439.6f4246a5e3336b6ecb5624e209e0b59f,False,True,True,0,0,0,4,0,5,False,True,True
00440.cefb7176fea7baf69c5e9d8b2f1a2b54,False,True,True,0,0,0,5,0,10,False,True,True
00441.3b9c3055e08bda4c0f7eea43749e324c,True,True,True,1,0,1,0,2,0,True,True,True
00442.0b77138b3a011a8bbaa1f7b915bfee9b,False,False,False,0,0,0,0,0,0,False,False,False
00442.6a4db031f5561b90c04bb3d3aee31e85,True,True,True,0,1,0,5,1,9,True,True,True
00443.70c948096c848777e165daacad17ce78,True,True,True,0,1,0,1,0,4,True,True,True
00443.cac50573829d4df1111b6ead28212e73,False,False,False,0,0,0,0,0,0,False,False,False
00444.2657e8ab181a4ba04b6515d5c379b9f0,False,True,True,0,0,1,0,2,0,False,True,True
00444.33afc8c1f9cea3100ca8502e8a785259,False,True,True,0,0,0,5,0,22,False,True,True
00445.94d3ccfafc541255ff46625091d333e4,True,True,True,0,1,0,3,1,22,True,True,True
00446.a54877313142d56c24d499d761c48fb1,False,False,False,0,0,0,0,0,0,False,False,False
00446.dbbe3d81a19420ba8c135ac7f044319c,False,True,True,0,0,0,1,1,9,False,True,True
00447.bd5eb01e94f6d127465bf325513b2516,True,True,True,0,4,0,5,0,9,True,True,True
00448.65d06c45ea553e3fddf51645ae6b07f0,True,True,True,1,0,2,6,2,12,True,True,True
00448.a6ac96e93ef03ec1a638c577c6940f5e,False,False,False,0,0,0,0,0,0,False,False,False
00450.acfa2d7f64e43ef04600e30fdecff8ec,False,False,True,0,0,0,0,1,0,False,False,True
00451.5af88ff99e71a8984ac293c250b37d34,False,False,False,0,0,0,0,0,0,False,False,False
00451.bbff6de62f0340d64a044870dbedafba,True,True,True,1,0,1,0,1,0,True,True,True
00452.ed43fc952c31c82aa29646edfbecb03f,True,True,True,0,2,0,5,0,14,True,True,True
00452.f13574a4582c94daf2bd6668c1683eed,False,False,False,0,0,0,0,0,0,False,False,False
00453.7ff1db57e1e39cb658661ef45b83a715,True,True,True,1,9,1,19,2,32,True,True,True
00454.1bb460b3ade9801644e4eb60e18d1f8d,True,True,True,0,4,0,9,1,16,True,True,True
00454.ca6a81a702d62c23bc184a37a1cdb926,False,True,True,0,0,1,0,1,0,False,True,True
00455.c48d026b0aae9a1a14e9ab1193a2a5f3,False,False,False,0,0,0,0,0,0,False,False,False
00456.c680a0c7d8d8d91bf3fb9f77ce6541b0,True,True,True,0,10,0,20,0,35,True,True,True
00457.f4325a4aa30dce61bf6c442b887733dd,False,False,False,0,0,0,0,0,0,False,False,False
00457.f8db516c753eff2c82cfb89b33bd2620,False,False,False,0,0,0,0,0,0,False,False,False
00458.49467dba97d6ac2825c533df9a7a5017,False,False,True,0,0,0,0,1,0,False,False,True
00459.2c2341d0342bfedc94464025126bedc6,False,True,True,0,0,0,4,0,10,False,True,True
00459.e71f7a769d6b09c6d75bfbe8711dbbbe,False,True,True,0,0,0,1,0,8,False,True,True
00460.407cd7d4ce577b1474eba6dd35a15081,False,False,True,0,0,0,0,2,0,False,False,True
00460.8996dc28ab56dd7b6f35b956deceaf22,True,True,True,0,1,0,3,1,22,True,True,True
00461.1a27d007492d1c665d07db820b7dc3b8,False,False,True,0,0,0,0,1,0,False,False,True
00461.57e0fe5d31215393d7cf4e377e330082,False,False,False,0,0,0,0,0,0,False,False,False
00462.868771c8074e480f540a1d2e6a5ac7cb,True,True,True,0,4,0,11,1,44,True,True,True
00462.d0ca75a85184ca9843d1dffdc8c98855,False,False,True,0,0,0,0,1,0,False,False,True
00463.0bc4e08af0529dd773d9f10f922547db,True,True,True,1,0,1,0,3,0,True,True,True
00463.45bff4629688e8031231a8b64a4eef06,True,True,True,0,1,0,3,2,14,True,True,True
00464.8240aba24840864cb7439fc03f94ef6e,True,True,True,1,2,1,8,1,19,True,True,True
00464.d2f719c667d192af860572b1c858cc11,False,False,False,0,0,0,0,0,0,False,False,False
00465.81b738fc646c03b1db38a456cd087ad7,True,True,True,0,2,0,6,0,15,True,True,True
00465.ca5d79d0e5dadee322c117789196ebb4,True,True,True,0,8,0,12,2,43,True,True,True
00466.936900f20aa2c6aa724d2f6d6af53b9b,True,True,True,1,1,1,1,2,7,True,True,True
00466.ecb11c98ec4511b5422b20476d935bd1,True,True,True,0,2,0,8,0,33,True,True,True
00467.5b733c506b7165424a0d4a298e67970f,True,True,True,1,0,1,0,1,0,True,True,True
00468.77534696791a755fb0fb8be8c2704ed8,True,True,True,1,0,1,0,1,0,True,True,True
00468.fb2222cc49228bd3dac5481e670f208f,False,False,True,0,0,0,0,1,0,False,False,True
00469.d2c0c55b686454f38eee312c5e190816,False,False,False,0,0,0,0,0,0,False,False,False
00469.ee3b2f31459cc2ec43ae7cae00d40cf6,True,True,True,1,1,2,3,2,9,True,True,True
00470.32f31d3d1598f840a6471fa25332336d,False,False,False,0,0,0,0,0,0,False,False,False
00470.68eed3d237f85b225b1ad31bceac203a,True,True,True,0,1,0,6,0,17,True,True,True
00471.df77fa930951f79466c195052ff56816,False,False,False,0,0,0,0,0,0,False,False,False
00471.fc87286572c99b7a554dc8c86f34506c,True,True,True,1,0,1,0,1,0,True,True,True
00472.3c51cf86307bc98c54d856887a81e9ac,True,True,True,0,9,0,24,0,103,True,True,True
00472.713268dfca421e165c1ac59bab045e00,False,False,True,0,0,0,0,1,1,False,False,True
00473.594d47d74b993e949b2b472af3430aed,True,True,True,2,0,2,0,2,0,True,True,True
00473.7086ec944a1245a002b04547a433c887,False,False,False,0,0,0,0,0,0,False,False,False
00474.30772a1ac9e824976fc6676844d68b76,False,False,False,0,0,0,0,0,0,False,False,False
00474.c1835a35419f2bbdccbabfd8547faf4a,True,True,True,1,1,1,3,2,7,True,True,True
00475.3d497c7d96c51986316db566756ff35a,False,False,False,0,0,0,0,0,0,False,False,False
00476.38e32c20c334317781e90c3e6754fbe9,False,False,False,0,0,0,0,0,0,False,False,False
00476.af3a29817853a5c56bae5257c2d4b742,False,False,False,0,0,0,0,0,0,False,False,False
00477.3691f298683e5b8687bc05a891512864,False,False,False,0,0,0,0,0,0,False,False,False
00478.6c50ff18ef92c52a3342f1c9f090740b,True,True,True,1,6,1,7,1,12,True,True,True
00478.a4d1f3bcbb571f1c3809bf47cb5ee57f,False,False,True,0,0,0,0,1,0,False,False,True
00480.682829ef5c1f1639f0a060190c5d4b33,False,False,True,0,0,0,0,2,0,False,False,True
00480.a5931465ca6f5b22eff24943b5c8b17d,True,True,True,1,7,2,15,2,44,True,True,True
00481.5c95b526e965fa325044123c4ce29c1f,True,True,True,0,1,0,5,0,7,True,True,True
00481.b6fbd76bcc24999350ae6a3188f3809f,True,True,True,0,1,0,7,0,23,True,True,True
00482.980c7ceb9333bc5027cd8d1d360a8c6f,True,True,True,0,2,0,6,0,16,True,True,True
00483.50c5dda7dd4710798c15a85ade6e9f93,False,False,False,0,0,0,0,0,0,False,False,False
00484.602c7afb217663a43dd5fa24d97d1ca4,False,False,False,0,0,0,0,0,0,False,False,False
00484.a34bda1ad8a88b5b21b13b8ad05d0dd3,True,True,True,0,3,0,6,1,40,True,True,True
00485.94b2cb3aa454e6f6701c42cb1fd35ffe,False,True,True,0,0,1,0,1,0,False,True,True
00486.7f5cde6ad9f34dcbe56a1fd73138b351,False,False,False,0,0,0,0,0,0,False,False,False
00486.c0a2036a3da75d6d5ac6d19ab4b3d6ec,True,True,True,0,2,0,10,0,30,True,True,True
00487.139a2f4e8edbbdd64441536308169d74,False,False,False,0,0,0,0,0,0,False,False,False
00487.edd96ac74c081d65c2106cf51daab9d7,True,True,True,1,0,1,0,1,0,True,True,True
00488.e88c2c87a3b72ab47b6420b61279242e,False,True,True,0,0,0,2,0,28,False,True,True
00489.023c1d77de9365cad956a4c9118aee4b,True,True,True,0,18,0,30,0,134,True,True,True
00490.09cc8eacfd07338802c3ea0e7f07fe26,False,False,True,0,0,0,0,1,0,False,False,True
00490.f0020a3ea5546c122f688b39f4380c95,False,True,True,0,0,0,1,0,14,False,True,True
00491.008606ae6538b605f82b61913814d3dd,True,True,True,0,1,0,2,0,27,True,True,True
00491.28cb63173ed4740180e45e6248db5584,False,False,False,0,0,0,0,0,0,False,False,False
00492.3052cad36d423e60195ce706c7bc0e6f,False,True,True,0,0,0,3,0,22,False,True,True
00492.73db79fb9ad03aff1e08deb73b83203c,False,False,False,0,0,0,0,0,0,False,False,False
00493.1c5f59825f7a246187c137614fb1ea82,True,True,True,1,0,1,0,1,0,True,True,True
00493.a80f4bf204e9111b0dd1d14bf393b754,False,False,True,0,0,0,0,2,0,False,False,True
00495.88a3a957082447d2e6cad8c9cb18b3b7,True,True,True,0,1,0,2,0,5,True,True,True
00495.e22a609b7dc412c120d09e11544c67fb,True,True,True,0,3,1,8,1,35,True,True,True
00496.1a37de098f6c8847c3c7839d73cc7106,False,False,False,0,0,0,0,0,0,False,False,False
00496.acf53035be6cb4c667fd342551c5d467,True,True,True,0,2,0,4,1,5,True,True,True
00497.353a61b265f11dd0bae116c0149abbe1,True,True,True,0,2,0,7,0,19,True,True,True
00497.ebf699da617b11135f3aa9173b9781b9,True,True,True,1,0,1,0,1,0,True,True,True
00498.48c3098854d339353f1a28a13b196017,False,False,False,0,0,0,0,0,0,False,False,False
00498.7f293b818e2e46d3a8bad44eda672947,True,True,True,0,1,0,1,1,9,True,True,True
00499.988506a852cf86b396771a8bdc8cf839,True,True,True,1,0,1,0,2,0,True,True,True
00500.85b72f09f6778a085dc8b6821965a76f,False,False,False,0,0,0,0,0,0,False,False,False
00500.87320162ab5b79f67978406cf909c3d1,True,True,True,1,4,1,4,1,8,True,True,True
00501.32679091b0520132ad888ef3b134ce48,False,True,True,0,0,0,2,0,10,False,True,True
00502.0a4d33a87be5e0ac475c75e1ea9962be,False,True,True,0,0,0,2,0,10,False,True,True
00503.4b7a98571703ac6770713c31b431b274,False,False,True,0,0,0,0,1,0,False,False,True
00504.0a250a54cc14771c55105d9cfdf39151,False,True,True,0,0,0,1,0,9,False,True,True
00505.d4fa302630b3e58461b644f7b3e11d82,False,True,True,0,0,1,0,1,0,False,True,True
00507.f60aebf11f7c66427490b14ff65f4c90,False,False,False,0,0,0,0,0,0,False,False,False
00508.a5b222ad6078c7242f6c73333e009d98,True,True,True,0,3,0,4,0,30,True,True,True
00511.7a9009733666ca7ab0325e44e17bf584,False,False,True,0,0,0,0,1,0,False,False,True
00512.8a8d03da14819f83a8936f224cd9c9cc,False,True,True,0,0,0,5,1,15,False,True,True
00513.08c05933ceb2092de8a4866b91d6f274,False,True,True,0,0,0,4,2,15,False,True,True
00514.5c15464cb782de5ddab0408af5888805,False,False,True,0,0,0,0,1,0,False,False,True
00515.89787cdc87d6fe15af713a5e960c1e05,False,False,True,0,0,0,0,1,0,False,False,True
00516.36cd648f23e91a831256f8ef32823573,True,True,True,0,10,0,20,0,35,True,True,True
00517.08bde5f35a9480cf76111e2e3ed57cca,True,True,True,0,2,0,6,2,18,True,True,True
00519.f189e2f1541968e48de6ebd9db23b35d,False,False,False,0,0,0,0,0,0,False,False,False
00520.892a859ed7b0c96d56ae83e4f6ee6b11,False,True,True,0,0,0,3,0,20,False,True,True
00521.70417de823222858b4100b6030a64168,False,False,True,0,0,0,0,1,6,False,False,True
00522.3c781aa53f7de37cf33e2205faac7143,True,True,True,0,1,0,3,1,11,True,True,True
00524.640f4413fd9d75339aba617157a43d5e,False,False,False,0,0,0,0,0,0,False,False,False
00525.979fd0c4cc9c0f2495c564c5501a46ed,True,True,True,2,2,2,7,2,20,True,True,True
00526.9a55d84e77b13b309a15ccce04901f94,True,True,True,1,0,1,0,1,0,True,True,True
00527.692952717b3f63cd2964ff2ff73ed91d,True,True,True,0,2,0,10,2,21,True,True,True
00528.a7b02c9abd9fb303615a956bbc4af548,False,True,True,0,0,0,6,3,16,False,True,True
00530.7495e8bd02e1dccfea08502d0e406e5d,False,False,False,0,0,0,0,0,0,False,False,False
00532.f9e75080635b69a666e530fb8aa46a57,False,False,False,0,0,0,0,0,0,False,False,False
00533.4bf72df6acf3c08c213584469484b0ed,False,True,True,0,0,0,2,1,12,False,True,True
00534.d17efd4b5f7baa6cf83684fef7cee08a,False,True,True,0,0,1,0,1,0,False,True,True
00535.6f0720362e104f169c08308d82a8c804,True,True,True,0,1,0,3,1,6,True,True,True
00536.196dbf0abb48ceeeedb3a9172823702c,True,True,True,0,8,0,14,0,56,True,True,True
00537.c61f1e424853d045bd87415405cf8cfe,False,True,True,0,0,0,2,0,7,False,True,True
00539.6e6f7b032b644f9b1355f46d20944350,True,True,True,0,6,0,19,1,86,True,True,True
00540.d66cdfb53617f2192367e7f327a018c7,True,True,True,1,4,1,4,1,8,True,True,True
00541.b3145925dccfa163547afa1299e61807,True,True,True,1,0,1,0,1,0,True,True,True
00542.0cfed7997e72ff1084860d1d04dd9126,False,True,True,0,0,0,1,0,4,False,True,True
00543.e69bd0a0effd4a12537fb358d79ea337,True,True,True,0,1,0,17,0,30,True,True,True
00544.b40f8f2923fe96b02cd7c46fef0adea0,True,True,True,1,0,2,6,3,12,True,True,True
00545.296b31ed5391f5e3674c734171643f45,True,True,True,1,0,1,0,1,0,True,True,True
00546.86d0c1b7a2080d8b2068935ab83cab03,True,True,True,0,10,0,20,0,35,True,True,True
00547.8519a982bb78c6994959d9a4b3d4c9a3,True,True,True,1,0,1,0,1,0,True,True,True
00548.f4dde895ab6df412dbd309ebe3cf1533,False,False,True,0,0,0,0,1,0,False,False,True
00549.7520259c1001cefa09ddd6aaef814287,False,False,False,0,0,0,0,0,0,False,False,False
00550.f7e75438e70eb4222c1a93fd190c8ce1,False,False,False,0,0,0,0,0,0,False,False,False
00551.26fe48f617edc23fa5053460d6bc7196,False,False,False,0,0,0,0,0,0,False,False,False
00552.877d8dbff829787aa8349b433a8421f0,True,True,True,1,0,1,0,1,0,True,True,True
00553.4e22bb923ee41a61d04f8b275157366b,True,True,True,1,0,1,3,2,10,True,True,True
00555.75544646fbe1fd3cb3717fb02a72e824,False,False,False,0,0,0,0,0,0,False,False,False
00556.098b57f5108ba34d21825f176e492786,False,False,False,0,0,0,0,0,0,False,False,False
00557.01f1bd4d6e5236e78268f10a498c4aba,False,False,False,0,0,0,0,0,0,False,False,False
00558.dcb747a55d9b7d4f9ca6c66717bd36c7,True,True,True,1,0,1,0,3,0,True,True,True
00559.f134a8ef403b9c3cc92f44a808a97403,False,False,True,0,0,0,0,1,0,False,False,True
00560.dfc4142bdb51d4ac3f9a3460c9254a18,True,True,True,0,1,0,4,0,8,True,True,True
00561.c1919574614e88fbabbfb266153560f2,True,True,True,0,10,0,20,0,35,True,True,True
00562.09f8bb89193c2c5b8e8722ea0aa170a9,True,True,True,0,2,0,6,0,15,True,True,True
00564.f041f313512dbafd79a80c565452c0ee,False,False,True,0,0,0,0,0,3,False,False,True
00565.a1a4b8367b5c7f5e865df0539b52969a,True,True,True,2,3,2,6,2,12,True,True,True
00566.9b3e6f0ed54a232fcf6533c75d5c218e,False,True,True,0,0,0,3,0,3,False,True,True
00567.9a792928197fff7a7a38aee412bf4a07,False,True,True,0,0,0,3,0,3,False,True,True
00569.369bb86b7ae4572b2eba48e0b8daf0ea,False,False,False,0,0,0,0,0,0,False,False,False
00570.cc1a4d6cf41350cf10e2b588dacb2dff,True,True,True,0,1,0,2,0,12,True,True,True
00571.55308502c471ca21f3ce1aa0782fdba6,False,False,False,0,0,0,0,0,0,False,False,False
00572.4657e353354321dfd7c39c6a07a90452,False,False,True,0,0,0,0,1,0,False,False,True
00573.f33cc9f9253eda8eceaa7ace8f1a0f50,True,True,True,0,7,0,32,0,116,True,True,True
00574.66c2cbfe0151a4a658cec4e67d6cab14,False,False,True,0,0,0,0,1,0,False,False,True
00575.cbefce767b904bb435fd9162d7165e9e,True,True,True,1,11,1,14,1,28,True,True,True
00576.0debec20687a7f7f2b58995db7604023,False,False,False,0,0,0,0,0,0,False,False,False
00577.0b1933615cd59d8348c899158d25f252,False,False,False,0,0,0,0,0,0,False,False,False
00578.c65d716f2fe3db8abc5deb3cbc35029c,False,False,True,0,0,0,0,3,0,False,False,True
00579.d94454f0e596c00bf22ce1f315427143,False,False,False,0,0,0,0,0,0,False,False,False
00583.b780ea187746d4722e9a684fe34f0cc9,True,True,True,0,2,0,10,0,21,True,True,True
00584.0f2dbef1c4238beb69443e0273484d76,True,True,True,0,9,1,19,2,32,True,True,True
00585.0cc56d33bcfde91ab75bf202e4684c4a,False,False,False,0,0,0,0,0,0,False,False,False
00586.6ffe1b192d01dc82c33e866ddabd2a79,False,False,False,0,0,0,0,0,0,False,False,False
00587.582e355efbb36f9a0d55997e093626ba,False,False,True,0,0,0,0,1,0,False,False,True
00590.7a27fe75bf73486c1c1913f87aaddb4d,False,False,False,0,0,0,0,0,0,False,False,False
00591.962cc31322a42abd7ca205b62c56438e,False,True,True,0,0,1,0,2,0,False,True,True
00592.8da31ade2e259569f9741cca3d98d952,True,True,True,0,7,0,11,1,23,True,True,True
00593.b0c2ee36cf966faf1b5239df81ec1f8d,False,False,True,0,0,0,0,1,0,False,False,True
00594.3381bb07fec959ae2285b219cc18eb62,False,False,False,0,0,0,0,0,0,False,False,False
00595.11ff52fbcc4dfc5ddd499c27746b2c8b,True,True,True,1,0,1,0,1,0,True,True,True
00597.77c914c24bd38a4cfa7ef06aae438d17,True,True,True,1,1,1,2,1,4,True,True,True
00598.55751466eb0cbc307da570a603daa3d6,True,True,True,1,3,1,9,1,25,True,True,True
00599.d6d6a2edd58fa7dd6b18787e9867984b,False,False,False,0,0,0,0,0,0,False,False,False
00600.d113e8e0ac2d8d42f500f4faef61061b,True,True,True,0,8,0,14,0,56,True,True,True
00603.c76054a8ff1b75fb722602e567d2e7e1,False,False,False,0,0,0,0,0,0,False,False,False
00604.3dcf5f835dacff5d4a32a24eba31cbd2,False,False,False,0,0,0,0,0,0,False,False,False
00605.8a2e83e442d0052a2b2e9cff1ef0793c,True,True,True,1,1,1,2,2,4,True,True,True
00606.f078f6f48ae2e41f553882449f2aa613,True,True,True,1,0,1,0,2,0,True,True,True
00607.b5726a2ac74956ab9af0901379cdca5c,False,False,True,0,0,0,0,1,0,False,False,True
00608.bf7d77ef4f28552278f78a5aef71f0cf,False,False,False,0,0,0,0,0,0,False,False,False
00609.4dfe7912017772587dc62fecc3cf6553,True,True,True,0,5,0,10,0,30,True,True,True
00610.d78eda68ed03fa6890077bd4b805e16d,False,False,True,0,0,0,0,0,7,False,False,True
00611.58f9a1db64c83da2bfd3b1acf8d38338,True,True,True,0,6,0,10,0,28,True,True,True
00612.cd362b97ee34d41e72a66ed5199dd62e,True,True,True,0,3,0,11,1,15,True,True,True
00613.047cf0bcc74950bd9e1eaf8d336c385c,True,True,True,0,4,0,10,0,23,True,True,True
00614.974cdf353242f9286fbcc34673d9f28a,False,True,True,0,0,0,3,0,6,False,True,True
00616.1e86f2d3478f10a3a413844bba74f450,True,True,True,0,5,0,6,0,15,True,True,True
00617.f2097d6448725c371fd5f4154184ad3c,False,False,True,0,0,0,0,1,0,False,False,True
00619.8b327d9ed6741fb05ac4a180a5f776c6,False,False,False,0,0,0,0,0,0,False,False,False
00621.170007c3357c44b6a794ea3f6ee0ac73,False,True,True,0,0,0,1,0,5,False,True,True
00622.7c8edc50203f6a2dc87e97e9eefddce7,False,False,True,0,0,0,0,1,0,False,False,True
00623.f80874598b1a22fbaa5d979d14d8ca2e,True,True,True,1,2,1,2,1,6,True,True,True
00624.ac49070506c194c1fad5953ccd32731b,False,True,True,0,0,0,1,0,2,False,True,True
00625.e5b3f8bf55addb5884293af0826a7b33,False,True,True,0,0,1,0,1,0,False,True,True
00626.68be744b78b4378b5cbe8eb68f8a76e3,False,False,True,0,0,0,0,2,0,False,False,True
00627.4e9619c454da17a27d4a66c87583dd49,True,True,True,1,0,1,0,1,0,True,True,True
00628.c8b4109860178c05436e1e855ba2e9bf,True,True,True,1,0,2,6,2,12,True,True,True
00629.5feadfcb7530c08a54c98178600b2f70,True,True,True,0,2,0,6,0,16,True,True,True
00630.ece73cd5ba46bf19ac2ceb9d7e21cea1,True,True,True,1,0,1,3,1,10,True,True,True
00633.60e6bd78b497893f8b33650bd1c2c0b0,True,True,True,1,2,1,6,2,17,True,True,True
00634.c37efb809c3c54c2d9661063e7b72f5b,True,True,True,1,0,1,4,2,14,True,True,True
00635.f144125beb9621e7a73d1a2eadce7e06,True,True,True,0,1,0,1,0,4,True,True,True
00636.ebef15c1828cb8d8bfc0e8b0ae5505c8,False,False,False,0,0,0,0,0,0,False,False,False
00637.29a22c81a2a36a70c4a9d9ec2c1a2844,True,True,True,0,2,0,3,0,14,True,True,True
00638.ae5006a001e88e8cd956b7a142e41984,True,True,True,0,4,0,6,1,16,True,True,True
00639.d528429f61fab2c81e093851be84a31d,True,True,True,0,2,0,5,1,19,True,True,True
00640.564b03520087bb4595384ae024ceb929,True,True,True,0,7,0,14,0,48,True,True,True
00641.b3c1c440f7940c86ab5d1e4f9fa3518b,True,True,True,0,7,0,14,0,48,True,True,True
00642.f213f657ab630999a8d34c26060d79fc,False,False,True,0,0,0,0,1,0,False,False,True
00644.0f0a6c387d64887571426d7e28367947,False,False,False,0,0,0,0,0,0,False,False,False
00645.dd7d8ec1eb687c5966c516b720fcc3d5,True,True,True,0,9,0,33,0,140,True,True,True
00646.c04903867557fb7a1fefb25c08cdc112,True,True,True,0,9,0,19,1,32,True,True,True
00647.b0b1e3fce3450265e0e307a459ec4da6,False,False,False,0,0,0,0,0,0,False,False,False
00648.fa4e260a3fadd4ddb60a9ce8c3d7dd36,False,False,False,0,0,0,0,0,0,False,False,False
00649.f2906445faa39d4fa49b944a6729eef9,True,True,True,0,4,0,5,0,9,True,True,True
00650.f2fae77b8a66055149c5b899e9815c2a,False,False,False,0,0,0,0,0,0,False,False,False
00651.91e7858a180e7fa136c544c56e525b60,False,False,False,0,0,0,0,0,0,False,False,False
00652.b8c5d053737017caa4c2d29c4e690573,True,True,True,0,2,0,3,0,5,True,True,True
00653.dcb006e0c0aaa7aa3e5bd7cb3d444f23,True,True,True,1,9,1,19,2,32,True,True,True
00654.65f25e01ad743dc13b1aaa366ffc6868,False,False,True,0,0,0,0,2,0,False,False,True
00656.01241a0a9af570787841694e9781a5b6,True,True,True,1,0,1,0,2,0,True,True,True
00657.7e326e955029c898a6ddf27e3c79cdf0,True,True,True,0,1,0,6,0,28,True,True,True
00660.549ceaa9ca634dcdd5b6b86af193d3f1,False,False,False,0,0,0,0,0,0,False,False,False
00661.770f57d3856c84420410ee98751340f2,False,False,True,0,0,0,0,2,0,False,False,True
00662.58b714e07ae476b3d66fc7ff828a066e,False,False,True,0,0,0,0,1,0,False,False,True
00664.c4f198903588cdc4af385772bb580d90,True,True,True,1,0,1,0,1,0,True,True,True
00665.86f20f73c5ac6205b5b79f3877638ee5,False,False,True,0,0,0,0,1,0,False,False,True
00666.5461a90607998eba2c7d16b38b873ec1,False,False,False,0,0,0,0,0,0,False,False,False
00668.a28b3329f4c8fe4b0761a214362ed3f9,True,True,True,0,16,0,20,2,93,True,True,True
00669.790cde659c7d18535eb46cfa4398458d,True,True,True,0,2,0,6,0,15,True,True,True
00670.a3175dd0b4a1e1a26822c5fee6d6837b,False,True,True,0,0,0,3,1,33,False,True,True
00671.2f0813fb11358b8355a6202a8e7082e8,False,False,True,0,0,0,0,1,0,False,False,True
00672.d6ee6301b06bfa5afedd54a1bdd08abe,False,False,False,0,0,0,0,0,0,False,False,False
00673.89b0df1a8a6e1a95c48f1f63e48648f4,True,True,True,2,6,2,9,4,24,True,True,True
00674.e67bea8d6a30cd45e1efc5bc5dbf8b57,False,False,False,0,0,0,0,0,0,False,False,False
00675.233738762477d382d3954e043f866842,True,True,True,0,8,0,32,1,137,True,True,True
00676.db7b2b22e127c1a69e369bc62f7fcedb,True,True,True,0,2,0,6,0,16,True,True,True
00677.e0d5d8da6dcaeba7ba6e2cff4569c72f,True,True,True,0,1,0,6,0,9,True,True,True
00679.a0ad2b887acad77749720b6004a17f13,True,True,True,0,3,0,6,0,9,True,True,True
00681.7a1b4ce11890cd701aaa16b22fc9bb38,False,False,False,0,0,0,0,0,0,False,False,False
00682.0160e510bf19faa60f78d415d4b9a3ee,False,True,True,0,0,1,0,1,2,False,True,True
00683.41038a20d4763e8042a811a03612bae4,True,True,True,1,0,1,0,2,0,True,True,True
00685.1371a47585f33a9b808d68b024c7101b,True,True,True,0,1,0,1,0,10,True,True,True
00686.6dfe6229007c1215d41277fa66f80e66,False,False,False,0,0,0,0,0,0,False,False,False
00687.52860b94e6aec19d0286673d705facfe,False,False,False,0,0,0,0,0,0,False,False,False
00688.9a0a9490593c7e2c9500d06bb9386819,True,True,True,1,0,1,0,1,0,True,True,True
00689.bc5bea61b7d13a69aba26169afe99d1e,False,False,False,0,0,0,0,0,0,False,False,False
00690.5dd358321ab2f5139ccf636223251d1f,True,True,True,0,3,0,8,0,15,True,True,True
00691.3fc62f976ac2502a426d132d165dde1c,True,True,True,0,9,0,19,1,32,True,True,True
00692.e886bd6ece727e1c1fdbae4dc4b60bb5,False,False,False,0,0,0,0,0,0,False,False,False
00693.6afadd2f5d9b7fd80f4e710589b4187c,False,False,False,0,0,0,0,0,0,False,False,False
00695.f79afe1f94217d0a2e6f983caf011b49,False,True,True,0,0,0,2,0,10,False,True,True
00696.91e6adc3241e8ea45f9d9670ad74df0e,False,False,False,0,0,0,0,0,0,False,False,False
00698.d754f7a62c2f8ce3f331e59ee0978205,False,False,True,0,0,0,0,1,0,False,False,True
00699.46c52d8e3b9db13ea2e9816f1c919961,False,False,True,0,0,0,0,1,0,False,False,True
00700.e9dbef7f0ce0dadccc9050b5e3a5709b,False,False,True,0,0,0,0,1,0,False,False,True
00703.9fd09a1270c8dab92ec5802e917178aa,True,True,True,1,0,1,0,1,0,True,True,True
00704.30306e2e506ca198fe8dea2b3c11346a,False,False,False,0,0,0,0,0,0,False,False,False
00707.c863801ca5be49e90ee68ab449ba5a84,True,True,True,1,0,1,0,1,0,True,True,True
00708.89f1f9108884517148fdbd744e18ec1e,False,True,True,0,0,0,2,0,2,False,True,True
00709.59ca382f87c5eacb934430e28cd98d98,True,True,True,1,0,1,0,2,0,True,True,True
00710.64d9eb4c4a7b8c33ebcdb279e0c96d05,True,True,True,0,6,1,16,1,76,True,True,True
00712.8c3eca8af0dc686116aa7ea07fe3fa8f,False,True,True,0,0,0,4,0,11,False,True,True
00713.8d1b1c5afc226377ec951564ad402b9c,True,True,True,0,8,0,25,0,57,True,True,True
00714.cd13d8db12cc1f661d6b2eb6fcbb5156,False,True,True,0,0,0,2,0,11,False,True,True
00715.ba1f144e98b423e35e3a61d464274732,False,False,True,0,0,0,0,1,0,False,False,True
00719.bf9933750646983c4ae5f98b6f06ec41,False,False,False,0,0,0,0,0,0,False,False,False
00720.da36f270fb9706505280338d9c22e80f,False,False,False,0,0,0,0,0,0,False,False,False
00721.09d243c9c4da88c5f517003d26196aaa,True,True,True,1,0,1,0,1,0,True,True,True
00722.1ec5e1f05520ad5119de960f77f965d1,False,True,True,0,0,0,4,0,4,False,True,True
00723.7d2f1e26ae8cbab862459e33db405be1,False,True,True,0,0,0,1,0,10,False,True,True
00724.edc5a3ce2ea91fedbf00aa0c30459a87,True,True,True,0,2,0,4,0,25,True,True,True
00725.260c7aa4ae8ce594c0c671b2611d313d,True,True,True,1,2,1,13,2,28,True,True,True
00726.26fb8f2aeedad636c461a560247d4f46,True,True,True,1,0,1,0,3,0,True,True,True
00728.6337ac1dd7bf9fa481c30c7cd01b496c,True,True,True,1,11,1,14,1,23,True,True,True
00729.b4b709ee7cb85908bdec0b050a11e518,False,True,True,0,0,1,5,1,14,False,True,True
00730.0082840b49157df044b094b1a0461063,True,True,True,0,1,0,1,1,5,True,True,True
00731.f62550b637d55a42158889ef47fcab7e,True,True,True,1,2,2,13,3,28,True,True,True
00732.bc344aaabb0aae7f3e1600f2d72c2232,True,True,True,1,2,1,7,2,22,True,True,True
00733.095d8b33e938efa091f1771c622986c9,True,True,True,1,2,1,7,2,22,True,True,True
00734.0c1975b8c2b17fd6c665827706f89eaf,False,True,True,0,0,0,4,1,8,False,True,True
00735.474fd4bc103225c72fd82d88bba48e56,False,False,True,0,0,0,0,2,0,False,False,True
00736.5bbe6ad663aa598a1b4a6d2d5f3ff0cc,True,True,True,1,0,1,0,2,0,True,True,True
00739.150e80f7508e247fa15d43697e80ed30,True,True,True,0,2,0,6,0,15,True,True,True
00741.00c61b5577b6fa232434c2ae62d52394,True,True,True,0,9,0,24,0,103,True,True,True
00742.2700b00dc2dcc121ee0a1322040de188,True,True,True,0,9,0,24,0,103,True,True,True
00743.7889a6b188891a33c088f3d29d48251a,True,True,True,0,7,0,10,0,30,True,True,True
00744.87dbfd6aeffb9dac274a89aa3df7e768,False,False,False,0,0,0,0,0,0,False,False,False
00745.a0f2c78f1a75fe880532f0c432aa12d2,True,True,True,1,0,2,0,2,0,True,True,True
00746.f0fce8c4c17e53a0fe837a8c6cfe03c6,False,True,True,0,0,0,3,0,3,False,True,True
00747.801e88bae96047fb00593129ad02fdca,False,False,True,0,0,0,0,0,1,False,False,True
00748.2b1fcd8621caf857e9ec0b08555ae5db,True,True,True,0,5,0,6,2,44,True,True,True
00749.9887b1d7cb21083c777b0623cfdb02af,False,False,False,0,0,0,0,0,0,False,False,False
00750.dfc392478300e11189d61d29bed9cecc,True,True,True,0,1,0,2,0,11,True,True,True
00751.3158a29a29997cc16a69497399d90ca2,False,False,False,0,0,0,0,0,0,False,False,False
00752.c0892cd4ffff618e689dec28f2f4695e,True,True,True,0,2,0,6,0,9,True,True,True
00753.c3032ff8329006ec6b39b6c821185b1c,False,False,False,0,0,0,0,0,0,False,False,False
00754.9922dfbaee98abc6e1a3a00909a8d24e,True,True,True,1,4,1,4,1,8,True,True,True
00755.4280e5603d66801661cbd0fe0b33eec8,True,True,True,0,2,0,6,0,11,True,True,True
00756.b68f9bcfd782a01a2ece132eccdcbbe9,False,False,False,0,0,0,0,0,0,False,False,False
00758.13f37fcfbc515a7f7de269852fb7b842,False,False,True,0,0,0,0,1,0,False,False,True
00759.23e678ecd735ad618ad151d311c81070,True,True,True,0,4,0,10,2,35,True,True,True
00760.254b8986f3d7b6cbda1cc7ce16860e6c,True,True,True,0,1,0,3,0,8,True,True,True
00763.868a503063713b62fd5325513ba29761,False,False,False,0,0,0,0,0,0,False,False,False
00764.d81e084a6940b58fa3deabed038a7b9e,False,False,False,0,0,0,0,0,0,False,False,False
00765.cfd85d27a812054ddd5ee1fc7d881557,False,False,False,0,0,0,0,0,0,False,False,False
00766.ff1f266127aebe1fd285b9a211f34723,False,False,True,0,0,0,0,1,0,False,False,True
00767.6dc9c38495942ab7a08e9317d14eb77e,False,False,True,0,0,0,0,1,0,False,False,True
00769.b4477686a6ab2b52370e3f671ce9a016,False,False,False,0,0,0,0,0,0,False,False,False
00770.d68f06d3996c8876e17a45b3ec3a89b5,False,False,False,0,0,0,0,0,0,False,False,False
00771.e33fd0de6b6c763a697a4fba307091d0,False,True,True,0,0,0,4,1,14,False,True,True
00772.deb64399accba9b54b5f10ae57c7bbb5,True,True,True,2,0,2,0,3,0,True,True,True
00774.bb00990ae11efeabd677cc2935f2281f,False,True,True,0,0,0,7,0,20,False,True,True
00775.f83fab6722ac0be1f4231f8fb3845007,False,False,True,0,0,0,0,0,9,False,False,True
00776.22f3f3942932c3d3b6e254bcab9673d1,True,True,True,1,0,1,0,2,0,True,True,True
00777.284d3dc66b4f1bdedb5a5eba41d18d14,False,True,True,0,0,0,2,0,4,False,True,True
00778.90e72cda6e62435fc03e4d91bbf78ca9,False,False,False,0,0,0,0,0,0,False,False,False
00779.cfeedd9839de273525bae85b56ebf146,True,True,True,1,0,1,0,2,0,True,True,True
00780.9bba1736be4e930c0cb2dbc9e6cd1222,False,True,True,0,0,1,0,1,0,False,True,True
00781.8657bfadc87dd7fbcb174982f2c9d34e,True,True,True,1,0,1,0,1,0,True,True,True
00782.1a0cff70694be0ab6f02dbee8b5b482e,True,True,True,1,0,1,0,1,0,True,True,True
00783.a1d194b912e784ca6c4068b14791180f,False,False,False,0,0,0,0,0,0,False,False,False
00784.daac746f35f3bc27817777fa48673781,True,True,True,0,5,0,8,0,22,True,True,True
00785.262ba178488e58bbea695befb45b05e2,False,True,True,0,0,0,1,1,11,False,True,True
00786.9b3de440d6969c3b911fc3ece3e155d2,False,False,False,0,0,0,0,0,0,False,False,False
00787.6ac0d6fe5aa9e89ee18e98ed8a556895,False,False,True,0,0,0,0,0,2,False,False,True
00788.b98a23c07d59156d172683fc29b80661,False,False,False,0,0,0,0,0,0,False,False,False
00789.ffe4e3c5dc50f5a9ac33a653b5f8b566,False,False,False,0,0,0,0,0,0,False,False,False
00790.365798c56fbfc98b2c8e4cbce0417999,True,True,True,0,1,0,8,0,29,True,True,True
00791.68d57323ce71a6f706248a709363e9a8,True,True,True,0,2,0,2,0,8,True,True,True
00792.7889a6082d13a885efadbd5c3576e15a,False,False,True,0,0,0,0,1,0,False,False,True
00793.f081690dc64c0e3bbe8c7198e9caaffc,False,False,False,0,0,0,0,0,0,False,False,False
00794.5e45ec5eb133c2c960f54bf7e4822f77,True,True,True,1,2,1,4,1,9,True,True,True
00797.de032e70954eb1194f15870abc0f01a4,False,False,True,0,0,0,0,2,0,False,False,True
00798.f4f637b8f59ad0e9f154f137b64dd5bf,True,True,True,1,0,1,0,1,0,True,True,True
00799.23a850930770d537479280490fa6a412,False,False,False,0,0,0,0,0,0,False,False,False
00800.770c5025e1f05a52d805d04cbc74252f,True,True,True,1,1,1,2,2,8,True,True,True
00801.00fc164b0d3eabfded6c0dc24050dbb1,False,False,False,0,0,0,0,0,0,False,False,False
00802.0812cab595172a326e8808357b98fcc5,True,True,True,0,10,0,20,0,35,True,True,True
00803.2090e821380533ec5541d61fdbdac8e8,False,False,True,0,0,0,0,1,0,False,False,True
00804.57b0c0216c40c2b3bb2743a8cb05f2d6,False,False,True,0,0,0,0,1,0,False,False,True
00805.af972b92b6ba79eb4d44ff76835ebd89,True,True,True,0,1,0,3,1,11,True,True,True
00806.0595ba2c9bfae214645880fe39e17f4e,False,False,False,0,0,0,0,0,0,False,False,False
00808.c072069806eb82f9aaf8d21d39789ea6,False,False,False,0,0,0,0,0,0,False,False,False
00809.b657c1ead5a2b2307e3a887b19b9ce91,False,True,True,0,0,0,1,0,4,False,True,True
00811.1a510ce29a20ec57048d6b29d0056d57,True,True,True,1,0,1,0,1,0,True,True,True
00812.275141f8033735b80bdca7c9dcabc8ad,True,True,True,0,2,0,6,0,15,True,True,True
00815.a94675622ac65f9a21ab1b83cc869ee6,True,True,True,1,0,1,0,1,0,True,True,True
00816.a4d225bcdd61ba45407b9617397c82c0,True,True,True,1,0,1,0,1,0,True,True,True
00817.446795af3e79a13e7c3aa784573bcaa0,True,True,True,1,0,1,0,1,0,True,True,True
00818.3939063d91d49a0c8e7d01efb2fb95a1,True,True,True,1,0,1,0,1,0,True,True,True
00819.00de24076c1599b80c13f1e028094b6c,True,True,True,0,7,0,11,3,54,True,True,True
00820.bc04797ff065e0ddf83cf6f61697f4fe,True,True,True,1,0,1,0,1,0,True,True,True
00822.582f541f39bb9e92cb1262875d3a9fca,False,True,True,0,0,0,1,0,15,False,True,True
00823.3d9f1b6009bf0700ee956641cc6077a4,False,False,False,0,0,0,0,0,0,False,False,False
00824.eec96f74d95afedbe574498808d29395,True,True,True,0,1,0,9,1,25,True,True,True
00826.01ebf3d0e89c1cec3528f9c0950b63d1,False,True,True,0,0,0,2,0,15,False,True,True
00828.530a94ab225feb3c5e5a559f51f6eea2,True,True,True,0,1,0,3,0,3,True,True,True
00829.afe2abb0aa5184c633944ac2859f10c9,True,True,True,0,3,0,8,2,32,True,True,True
00831.630c53b642a54592bd4fb097ba4e88b0,True,True,True,0,1,0,5,0,13,True,True,True
00832.0d3ac1ac07d86394e068a3b84782ca4c,False,False,False,0,0,0,0,0,0,False,False,False
00833.7af1bc506099884c6171be0d846cc292,True,True,True,0,1,0,5,0,7,True,True,True
00835.a6e29a3e3680377daea929a8ce0b0814,False,False,False,0,0,0,0,0,0,False,False,False
00836.2de57b8c930cb4970fbc646ed4c857e8,False,False,True,0,0,0,0,1,0,False,False,True
00837.cd8b2390b71566631221ad3660b835e9,False,False,False,0,0,0,0,0,0,False,False,False
00838.a9f6a5bc71c83bd73764f3945b5b9074,False,True,True,0,0,0,7,0,18,False,True,True
00839.35a9240a97695fd8ef777c6a1ccd3b18,False,False,False,0,0,0,0,0,0,False,False,False
00840.819e7f38c3eced79f5e956fd95103957,True,True,True,0,10,0,13,0,32,True,True,True
00841.1daced0eafff035e9fb8aa9f58e6bcce,True,True,True,0,4,0,8,0,18,True,True,True
00842.bd26298437dec2f1d09fd757afbcb13f,True,True,True,0,3,0,7,0,21,True,True,True
00843.92ef4b70e051724249f825731dfc456a,True,True,True,2,0,2,0,3,1,True,True,True
00844.83d47c6cf6ac8af6fbb171cf4fa6b109,False,False,False,0,0,0,0,0,0,False,False,False
00845.50e08b3f38d440f61b858415e012a9bb,True,True,True,0,4,0,8,1,29,True,True,True
00846.ed1959ae9b519ac6b944875b47497731,False,False,False,0,0,0,0,0,0,False,False,False
00847.66519123491302ba0e634d5c69644e3d,False,True,True,0,0,0,3,1,6,False,True,True
00848.1fe2e3c6535ebd22e457a3de8e5508b9,False,False,False,0,0,0,0,0,0,False,False,False
00849.a1bd18d80b0531de33b9e83cd14f79f2,False,False,True,0,0,0,0,0,2,False,False,True
00852.82d02cfb0bf0d41ac2884dcf11efd224,False,False,True,0,0,0,0,1,0,False,False,True
00853.ee1fe2f2d16e8b27be79a670b8597252,False,False,False,0,0,0,0,0,0,False,False,False
00854.67c918e6654e70a0ed955afdf1ad81ed,False,True,True,0,0,0,1,0,9,False,True,True
00855.0d1b1b55419a3c35f19b7c35ea9a46b7,False,True,True,0,0,0,3,0,6,False,True,True
00856.fae2faa8ad9dffc157f5f17e5be0f057,False,False,True,0,0,0,0,1,0,False,False,True
00857.fa8ec422479af911a9a9f69c39b7a96f,False,False,False,0,0,0,0,0,0,False,False,False
00858.86651f55da5fa60fa633876354e0aead,True,True,True,0,2,0,19,1,52,True,True,True
00859.9d4f4626b7bcd9d24e20667bf0f22b24,True,True,True,1,2,2,13,3,24,True,True,True
00860.f1651a6a5f33bafe34e23afeacf85eb1,False,False,False,0,0,0,0,0,0,False,False,False
00862.d930739c4303f999fe161ddb0e14f4a5,False,False,True,0,0,0,0,1,0,False,False,True
00863.21d7abedcd9baef5741247adc3b50717,True,True,True,0,4,0,8,1,29,True,True,True
00864.26b74488b46463e16a5fa0f521786a48,True,True,True,0,3,0,9,0,19,True,True,True
00865.5021e39ed3259477237997ff88595997,True,True,True,1,0,1,0,2,0,True,True,True
00866.75636e43a97c4a778325383ae5bb3e6e,False,False,False,0,0,0,0,0,0,False,False,False
00867.837631a8172cf448af7e15d4bedba95e,False,False,False,0,0,0,0,0,0,False,False,False
00869.f81e5e18fca8debeb53ec8581e902987,False,False,False,0,0,0,0,0,0,False,False,False
00870.ecbb85c7b91446c971762de0b9735b4d,False,True,True,0,0,0,2,0,4,False,True,True
00871.48d32184662134852f20566c47c217f2,True,True,True,2,0,2,0,2,0,True,True,True
00872.f50d5fd1a37e535e0a0adb223ef40f36,False,False,False,0,0,0,0,0,0,False,False,False
00873.9aafc086e6f619ccaaed6b3ddb68b013,True,True,True,1,0,1,0,3,0,True,True,True
00874.5a8822c0bc7366b22f3c99c0e6dd058a,True,True,True,0,1,0,4,0,11,True,True,True
00875.535ae4621326594a8c9edbc33c06b408,True,True,True,0,7,0,11,1,20,True,True,True
00876.f61ec69c2872eb398ba3860a13a17b15,False,False,False,0,0,0,0,0,0,False,False,False
00878.47676ab279418e3e1ef3f5948eda4f66,False,False,False,0,0,0,0,0,0,False,False,False
00879.ef1461ca38091f6d494c58d09b0627f0,False,True,True,0,0,0,7,1,22,False,True,True
00880.f1a18307c9d2a5ccf7a7a2318bdb0509,False,False,False,0,0,0,0,0,0,False,False,False
00881.ec61388b6f9f09b285950e2f11aec158,True,True,True,1,2,1,4,1,8,True,True,True
00882.28bbc4ccfb80f32d4fe7df3ab77afb41,False,True,True,0,0,0,7,1,22,False,True,True
00883.a154f7c7619d620a00deb7da892ca4ce,True,True,True,1,4,1,8,2,18,True,True,True
00884.2fef7c7ca7dc3fadaa84d7bbfddd6324,False,True,True,0,0,0,2,0,4,False,True,True
00885.6f8bc5aec58114e2d8ae91f3d1b464fc,True,True,True,0,2,0,5,1,10,True,True,True
00886.9bd2063c3d984a66958a6195ffb97849,True,True,True,1,1,1,4,1,20,True,True,True
00887.7a8cc64a563c42af29184459e6c1a97f,True,True,True,0,1,0,4,1,10,True,True,True
00888.6219edfbe560d4320b9d2e87fe92b639,False,False,False,0,0,0,0,0,0,False,False,False
00889.272969152a8ce2d6ece155571e862683,True,True,True,1,0,1,0,1,0,True,True,True
00890.3996b985f81cb29cba9dfda9844c47e2,True,True,True,1,2,1,13,2,24,True,True,True
00892.98aff9f92339cedef0ce0b9bade2765f,True,True,True,1,0,1,0,1,0,True,True,True
00893.89d5fc38f24e7e2241888c19ec260994,True,True,True,1,1,2,5,3,19,True,True,True
00894.f54f07418fc8e677fe0fe5ac60a251ab,True,True,True,0,1,1,5,2,10,True,True,True
00895.d7895e10504f34149655062fe20d5174,True,True,True,1,6,1,9,1,21,True,True,True
00896.c6f6a4e29a114b9d7d5751e4292520de,True,True,True,1,6,1,9,1,21,True,True,True
00897.b95ab214fa940540786f7bb4284b275d,True,True,True,1,0,1,0,3,0,True,True,True
00898.8b3fe8deaa79f08133be78fc63e726c9,True,True,True,1,5,1,6,1,18,True,True,True
00899.957a4f3be27468470183f978db53c753,True,True,True,1,5,1,6,1,18,True,True,True
00900.a5f6355af8a1891e683898c5b549e565,False,False,False,0,0,0,0,0,0,False,False,False
00901.95250e8c5c190d1b0320b9e6fe0f5a82,True,True,True,0,3,0,7,0,21,True,True,True
00902.5cf0d5b3c8c28418fd5aac308db88a47,True,True,True,1,10,1,20,1,33,True,True,True
00903.1b151e48aafed20229a1880c1d558992,True,True,True,0,2,0,14,0,37,True,True,True
00905.8dcb590481d3e3c04d03506100c59497,False,False,False,0,0,0,0,0,0,False,False,False
00906.bd0b0986deaf717b1f1a689fd950b97c,False,False,False,0,0,0,0,0,0,False,False,False
00907.74983d9d0d6ee3c681a48cf893f123b5,True,True,True,0,12,0,53,1,212,True,True,True
00908.718f913e615b66df1c33cfb0af8e8885,True,True,True,0,6,0,11,0,16,True,True,True
00909.be44baf9966a96b2154b207cc56fe558,False,False,False,0,0,0,0,0,0,False,False,False
00911.4332049ae6031c5a39ecefdc807961a4,False,False,False,0,0,0,0,0,0,False,False,False
00912.8432b3cd988d1ee656321730ce7ca056,True,True,True,0,2,0,6,0,26,True,True,True
00913.2c4aa5dfdd0ecb0331c674b73f40e924,False,False,False,0,0,0,0,0,0,False,False,False
00914.b4f1e9f517f85e68f8326f3a1525ebc2,False,True,True,0,0,0,5,0,22,False,True,True
00916.018fdcfbee3a549dc675f169a1243e16,True,True,True,0,5,1,9,1,21,True,True,True
00917.8b2f6c25f3f70a6ef94d5f7f9a505c90,False,False,True,0,0,0,0,1,0,False,False,True
00918.5674181d00a5130b030a6621ccec0819,False,True,True,0,0,1,0,2,0,False,True,True
00919.0b677a6b8d8bff153989d1708850f985,True,True,True,0,9,0,10,0,41,True,True,True
00920.1534b1c21a196693709357a2a93cacdd,False,False,True,0,0,0,0,1,0,False,False,True
00921.548fb6dd2244c2fe87079df9652ddc2c,False,False,False,0,0,0,0,0,0,False,False,False
00922.06a743f9aa0c1d27703342dac65a308b,True,True,True,0,2,0,5,2,20,True,True,True
00923.5b3a8bf0da33c8902281667d57657cb3,False,False,False,0,0,0,0,0,0,False,False,False
00926.c6a5ef577e62317b785c4511b7f5c94e,False,False,False,0,0,0,0,0,0,False,False,False
00927.9505a4791424d2a96af8d75baeaa7f58,False,False,False,0,0,0,0,0,0,False,False,False
00928.eb16be370343cac1476fcde9bf0a1f32,False,False,True,0,0,0,0,1,0,False,False,True
00929.008a60368b7623f11c7bb95826eb7366,False,False,False,0,0,0,0,0,0,False,False,False
00930.4e807b43e671cf853ff61ec4bef6233d,False,False,False,0,0,0,0,0,0,False,False,False
00931.7b2a622b02577c92587db22228e6e180,False,False,False,0,0,0,0,0,0,False,False,False
00934.b37514ad4dc0c555779c813c1ce49e21,True,True,True,0,1,0,5,0,47,True,True,True
00935.64a85d481bc17b3b61da7861f9a4d0a3,False,False,False,0,0,0,0,0,0,False,False,False
00936.1f06517cffff4360820ff6012b392b93,True,True,True,0,13,0,22,0,62,True,True,True
00937.ab1a356a481bf9a59d00fd39d309e33f,True,True,True,0,13,0,22,0,62,True,True,True
00938.cdac5333fc78f7128fd8f2905fe4b89b,False,True,True,0,0,1,0,1,0,False,True,True
00941.3ad67a2e6c3bc19d2187dd5a98e05c9d,True,True,True,0,3,0,9,1,83,True,True,True
00943.41b19a950ac03c2df9e33ab75ad595d1,False,False,False,0,0,0,0,0,0,False,False,False
00944.fbc64dd9cbcbc201d82256821978f318,False,False,False,0,0,0,0,0,0,False,False,False
00946.b2d8cc12ec881dc3ad32998e292ad772,True,True,True,1,1,1,5,1,6,True,True,True
00949.690398fb3aa163317614dc81757c23ef,False,False,False,0,0,0,0,0,0,False,False,False
00950.e81e3e0c71ce03c260550662a5e740c3,False,False,False,0,0,0,0,0,0,False,False,False
00951.f7044a1b178dc3dcff44932f840b8805,False,True,True,0,0,0,7,0,30,False,True,True
00952.1a3c371c56be9de3bfb258b93af71649,True,True,True,0,1,0,3,1,3,True,True,True
00954.f92e3e1383d3882a4287fb8d6a1b1eb0,True,True,True,0,6,0,10,1,42,True,True,True
00955.0e418cf2dca0e0ac90fcaf35f5cedbc3,False,False,False,0,0,0,0,0,0,False,False,False
00957.ffe295aaf7f9759344cc8736461cf238,False,False,False,0,0,0,0,0,0,False,False,False
00958.c624269d8005dce3d754defab3a3d691,True,True,True,1,0,1,0,1,0,True,True,True
00959.016c91a5c76f15d7f67b01a24645b624,False,False,False,0,0,0,0,0,0,False,False,False
00960.ae114c0b717c866b821efe032780a8e5,False,False,False,0,0,0,0,0,0,False,False,False
00963.fa300a7faa192b0315a2b2122a97953d,True,True,True,1,1,1,6,2,16,True,True,True
00964.59eef46bf356dffc1102aba1dc34f4ca,False,False,False,0,0,0,0,0,0,False,False,False
00966.570877c2104eb9779a27bec3f18c7ee3,False,False,False,0,0,0,0,0,0,False,False,False
00967.8098170f3b629df0fc0b8324445929c2,False,False,True,0,0,0,0,1,0,False,False,True
00968.d86fe0eb3bc78b724306380b63f82073,False,True,True,0,0,0,8,0,18,False,True,True
00969.636d340655d05418edc2d1cd2ca05b72,False,False,False,0,0,0,0,0,0,False,False,False
00970.4166b8fab10bbf38aa782c311a70ee6b,True,True,True,0,2,0,6,0,16,True,True,True
00971.6d8acd89e1b2e699acc6a3443c6d2d6d,True,True,True,0,4,0,7,1,13,True,True,True
00972.5290463cd76d76c7dc9e2d2fb88cb8d1,True,True,True,1,0,1,0,2,0,True,True,True
00974.307336f4e396d31c49a3d19a56029420,False,False,True,0,0,0,0,1,0,False,False,True
00975.5e2e7c9d8b2c04929ff41e010163e5e8,True,True,True,0,2,0,5,0,31,True,True,True
00976.82ecfa404e2e597e113dc0278c5861c2,True,True,True,1,9,1,19,2,32,True,True,True
00977.6b7587a392363b73c8312b72b4972c24,False,False,False,0,0,0,0,0,0,False,False,False
00978.707d7b7ae170aebe3d5b0fd28c55114e,True,True,True,0,8,1,13,1,41,True,True,True
00979.1ddb1d789492c2b6d6a5f1257d927088,True,True,True,0,8,1,13,1,41,True,True,True
00980.39382e3a94065f3f8c709e874d8f3827,False,False,False,0,0,0,0,0,0,False,False,False
00981.341055ba05d9538a59e3533422bfd212,False,False,False,0,0,0,0,0,0,False,False,False
00982.2bd2b529b2df97e4e6c47edc6a272115,False,False,False,0,0,0,0,0,0,False,False,False
00983.753f8ed9cf897cce13c3d5358f2d77d4,False,False,True,0,0,0,0,1,0,False,False,True
00984.9521bd4c46b37f795efb665266cf5ab5,True,True,True,1,3,1,10,1,18,True,True,True
00985.13d06699ecd95078655fa3d24e3b6d03,False,False,False,0,0,0,0,0,0,False,False,False
00986.d5cdaddf809832f37d3d0ecd2ea781ff,False,False,False,0,0,0,0,0,0,False,False,False
00987.8484b70619c4be1cc4afed570490de26,False,False,False,0,0,0,0,0,0,False,False,False
00989.fc0fb4f524ee3a0879d74b0034cd7398,False,False,False,0,0,0,0,0,0,False,False,False
00990.e0282a91be0479aeadc4ee580bf21ded,False,False,False,0,0,0,0,0,0,False,False,False
00991.640530b39770c84b4f79c4b26bb47cbd,False,False,True,0,0,0,0,0,1,False,False,True
00992.7ea3c8959f6bc59e6f64fa7822aae1b5,False,False,False,0,0,0,0,0,0,False,False,False
00993.32d00ccd0a831830838667fed1371d5f,True,True,True,0,11,0,50,0,210,True,True,True
00995.694aa424a2433d32b9e4997edeeed9b2,False,True,True,0,0,0,5,0,22,False,True,True
00996.cf51353ead421aa3c419ad3d42eb9f7f,False,True,True,0,0,0,1,0,15,False,True,True
00999.f46c3f4b40ebbd0cf2752066c9372ecc,True,True,True,1,0,1,0,2,0,True,True,True
01000.a6f26937625654510b0e5442d24f0e46,False,False,True,0,0,0,0,2,4,False,False,True
01001.742869a142437dc82db21228edcaff32,True,True,True,0,7,1,19,1,78,True,True,True
01002.406c1c709e49cb740f0ce36ebf2d5c78,False,False,False,0,0,0,0,0,0,False,False,False
01003.d15cfb579697f595c4aff7197433cd72,False,False,False,0,0,0,0,0,0,False,False,False
01005.57464e29367579f95dd487c9b15eb196,False,False,False,0,0,0,0,0,0,False,False,False
01006.51548cae04a891d900aa5be21c121548,False,True,True,0,0,0,5,0,29,False,True,True
01007.255b826a1098e8b7d603c7dcf79f3fba,True,True,True,0,1,0,3,0,3,True,True,True
01009.546dc7364ebc4365ba70ee9d9618ad8e,True,True,True,1,0,1,0,1,0,True,True,True
01010.584ca28025d60d58521b4dd453125431,True,True,True,0,6,0,10,0,35,True,True,True
01012.47b3508146cb115f6e00802d03c8df81,False,True,True,0,0,1,0,1,0,False,True,True
01013.c6cf4f54eda63230389baccc02702034,False,True,True,0,0,1,0,1,0,False,True,True
01015.814d23a39e0a68a8706ef9b1ce2c7791,False,False,False,0,0,0,0,0,0,False,False,False
01017.11a80131a2ae31ad0a9969189de3c2bb,False,False,False,0,0,0,0,0,0,False,False,False
01018.3954fb1ddf16896826a0c03270587195,True,True,True,0,1,0,3,0,4,True,True,True
01019.994b153571324a2adad60a129c65546a,True,True,True,2,0,2,0,2,0,True,True,True
01020.291c3b0685eedf6178cc323bb8e2ce55,False,False,False,0,0,0,0,0,0,False,False,False
01021.8e30e6b936bfbdc8528c50d4a3ca378c,False,True,True,0,0,0,3,0,10,False,True,True
01022.55c9eda45ef3de55b8c27c214a1fc305,False,True,True,0,0,0,1,0,2,False,True,True
01023.1f96236c94e92482c058e950ccd7a590,True,True,True,0,6,0,9,2,47,True,True,True
01024.5b32720b2ad57ee16bd959a5cf58f575,False,False,False,0,0,0,0,0,0,False,False,False
01025.936514974d8ee8794cf80e3effea92c7,True,True,True,0,6,0,9,1,47,True,True,True
01026.dffc6a0b029914be9fc6ef23570dad14,False,False,True,0,0,0,0,1,0,False,False,True
01027.e7f8a2bbbe9c2dd13e142c49cc87a6c9,False,False,False,0,0,0,0,0,0,False,False,False
01028.e52964252ea2dd1e08251f83c76db32e,False,False,True,0,0,0,0,1,0,False,False,True
01029.d08161f9c60d767804dd9b5148a82025,True,True,True,0,2,0,12,1,22,True,True,True
01030.2f9d18088877f028b4ebcb3961e76354,False,True,True,0,0,1,0,1,0,False,True,True
01032.99fb105a98e0192bfc987bd3c31f6672,False,False,True,0,0,0,0,1,0,False,False,True
01033.2af876341f85de2a7f501b8dd0248cd6,False,False,False,0,0,0,0,0,0,False,False,False
01034.925db77dafa8bdaae1cb31e2ed3b05a4,False,False,False,0,0,0,0,0,0,False,False,False
01035.9fc118cfb7ee6b9d5fc08fa324f57827,True,True,True,0,6,0,11,0,16,True,True,True
01038.95ce9be665025f2ab826870d509337c6,False,False,False,0,0,0,0,0,0,False,False,False
01039.40b21f41dcf48f380729c22cd2a62122,True,True,True,1,0,1,0,2,0,True,True,True
01040.24856bbcaedd4d7b28eae47d8f89a62f,True,True,True,1,0,2,0,3,0,True,True,True
01041.1ece6e061e80e648c8156d52decd0610,True,True,True,0,1,0,4,0,11,True,True,True
01042.7b53680639a0b4ec9e333ce3046b6af4,False,True,True,0,0,1,0,1,0,False,True,True
01043.0c5ba977fb678deeff6b841772e76c86,True,True,True,0,2,0,6,0,11,True,True,True
01044.dfd13c2800168c897a2c7056f6e6e2ce,True,True,True,0,1,0,3,0,3,True,True,True
01045.21a9ee890753696f026212b3d25f28e6,True,True,True,0,1,0,3,0,3,True,True,True
01046.00df3a73895dd0f6a8f22434141257f6,True,True,True,0,7,0,17,0,34,True,True,True
01047.2e01ca2cd13baa8ba6fe1429f39f85de,True,True,True,0,1,0,3,0,3,True,True,True
01048.a8581a98e46532472fe74772b6e3477a,False,False,False,0,0,0,0,0,0,False,False,False
01049.621d66148b023203d9010ee5df12ddd1,False,False,False,0,0,0,0,0,0,False,False,False
01050.f18a04fd3f7cf3e60483c3420bff5417,False,False,False,0,0,0,0,0,0,False,False,False
01051.a87f28b7d023a840cb54ed7aa5f4e19b,True,True,True,0,1,0,3,0,6,True,True,True
01052.223738f00502f5dd7f86dd559af8f795,False,False,False,0,0,0,0,0,0,False,False,False
01053.2ec9e69df620c85e3c7c6f61ce199a3c,False,True,True,0,0,2,0,4,0,False,True,True
01054.3b393992b2d9b3c2209719e6ac83da11,True,True,True,1,0,1,0,1,0,True,True,True
01055.6235123a9b08a94a2262000419edd68a,True,True,True,0,1,0,5,0,8,True,True,True
01056.c7e5574c3a036313b160b31234e7d81e,True,True,True,0,2,0,29,1,53,True,True,True
01057.b3913dec24f1b61e2ff45e30cdbb8fcd,False,False,False,0,0,0,0,0,0,False,False,False
01058.c5bf6182a887f342973383823dd22d0c,False,False,False,0,0,0,0,0,0,False,False,False
01060.d72413ea3af9e1c5530a3570e0bb517e,True,True,True,0,5,0,6,2,44,True,True,True
01061.6200efa97d5fecf255e3849dde7a3701,True,True,True,0,1,0,3,0,3,True,True,True
01062.c35ba7728139dda6e85342e9e8cb2eaa,True,True,True,0,6,0,15,2,27,True,True,True
01063.e0318e91412291f881f315287050abe4,False,True,True,0,0,0,1,0,1,False,True,True
01064.50715ffeb13446500895836b77fcee09,False,False,False,0,0,0,0,0,0,False,False,False
01065.9ecef01b01ca912fa35453196b4dae4c,False,False,False,0,0,0,0,0,0,False,False,False
01066.478a604e348bea75b5eaaf3ef47ab526,False,False,False,0,0,0,0,0,0,False,False,False
01067.cbfadba14efd2125f98bf8ae03c68f68,True,True,True,1,0,1,0,1,0,True,True,True
01068.c9e00ffce33545a1d87512a1a854e104,False,False,False,0,0,0,0,0,0,False,False,False
01070.a291bc8d0cf917e3139a9caca2759cdc,False,False,False,0,0,0,0,0,0,False,False,False
01071.d9be48eb5a3359dd72dd7d0e9627fff3,True,True,True,0,3,0,10,1,30,True,True,True
01072.ac604802c74de2ebc445efc827299b96,False,False,False,0,0,0,0,0,0,False,False,False
01073.bfc8a301fd274efde213c0249d5a85b7,True,True,True,0,2,0,5,0,16,True,True,True
01074.d22922a762aea4d5a5aa2615e144585a,False,True,True,0,0,0,1,0,3,False,True,True
01076.7f524e1d3f1523e22d754ce5d4a27ae6,False,True,True,0,0,0,1,0,4,False,True,True
01077.526ad4ce12f3ef73a4b4eae0f211e2c9,False,True,True,0,0,0,1,1,2,False,True,True
01078.58e6f465de71680b96d9d750b7200a59,False,False,False,0,0,0,0,0,0,False,False,False
01080.d8ed30c7817d6b4b3b6ce947f31cc8d4,False,True,True,0,0,0,1,0,6,False,True,True
01081.1107d4183b8f5e41d7a31ac4ef4435ca,False,False,False,0,0,0,0,0,0,False,False,False
01083.a6b3c50be5abf782b585995d2c11176b,True,True,True,0,7,0,20,0,107,True,True,True
01084.c0005822ea0294c6eb9143276b93eb41,True,True,True,0,5,0,10,0,16,True,True,True
01085.0deb0d9335e8db6cbf1021ae3c62198c,False,False,True,0,0,0,0,1,1,False,False,True
01086.158c29f51d36d79ababf4377b5b3f1d2,False,True,True,0,0,0,3,0,10,False,True,True
01087.1e2be9287da9292b2553aaceaab8900b,False,False,False,0,0,0,0,0,0,False,False,False
01088.9e2ddb068a1c044b31f2285a9009f15d,False,True,True,0,0,1,0,1,0,False,True,True
01089.b5c513eca6f77a1dcd75d69d5974c583,False,False,False,0,0,0,0,0,0,False,False,False
01091.47ee797e486dba9a3c15536dc379b2e5,False,False,True,0,0,0,0,1,0,False,False,True
01092.7a97a1db89c8b78df9cb59aa0d0b1fb4,False,False,True,0,0,0,0,1,0,False,False,True
01093.58b9c5035d2291301ff2d0e9c36b0670,False,False,False,0,0,0,0,0,0,False,False,False
01094.91779ec04e5e6b27e84297c28fc7369f,True,True,True,0,9,0,11,0,24,True,True,True
01095.520dcad6e0ebb4d30222292f51ee76ab,True,True,True,0,9,0,11,0,24,True,True,True
01096.ccf870cba7e6618b610f8a2f2c2f08f6,False,False,False,0,0,0,0,0,0,False,False,False
01097.98d732b93866d13b0c13589ae2acc383,False,False,True,0,0,0,0,0,7,False,False,True
01098.4ea844b47fbe9b09a9cb7bbdb96ed3dc,False,True,True,0,0,1,0,1,0,False,True,True
01100.3db9aa127f49e790a5f2765a8f9724f2,False,False,False,0,0,0,0,0,0,False,False,False
01101.6be2b8888ba7eda6f05de43c4c2cf152,False,False,False,0,0,0,0,0,0,False,False,False
01103.1ad34526adee0adab5a8cda98d3f2182,True,True,True,1,4,1,7,2,14,True,True,True
01107.5b3ad5e88347b08967ec627b815f2fc3,False,True,True,0,0,0,7,0,13,False,True,True
01108.0a4bf099b98c488b65e8d6ca685d6867,False,True,True,0,0,0,1,0,6,False,True,True
01109.88a5be2e14a78393b1495d355995a122,True,True,True,1,0,1,0,1,0,True,True,True
01110.0ca5bbd9e775a3c44ff965f301feaae2,False,False,False,0,0,0,0,0,0,False,False,False
01111.75bdbd4d859574b9e095f9f7b81ed106,True,True,True,1,0,3,0,5,0,True,True,True
01112.ded20e59cd4ac9ad9607ce6cfe268ecc,False,False,True,0,0,0,0,1,0,False,False,True
01113.75ded32e6beb52dec1b6007dc86b47bb,False,True,True,0,0,1,4,1,11,False,True,True
01114.1499922e828350a4f6076ef4a0de3ec5,True,True,True,0,3,0,5,0,10,True,True,True
01115.bd63b2430d4bebf2a49a6caef0ee3974,True,True,True,0,1,0,8,0,21,True,True,True
01116.3aab7bf5532577432137e263d3674a9a,False,False,False,0,0,0,0,0,0,False,False,False
01117.c018f3f0f9df7fe31cce608189589fd6,True,True,True,0,3,0,5,0,10,True,True,True
01118.db60fc08987ac4bdaf96ab4e1c83eafe,False,True,True,0,0,0,4,0,13,False,True,True
01119.343c5318a6ef39de4aea0f081009f391,True,True,True,1,0,1,0,1,0,True,True,True
01120.853b87a34ab28efd22d9851702b2f9c5,False,True,True,0,0,0,2,1,5,False,True,True
01121.4dda94a3a06563e7f5e3fa659cf5519a,True,True,True,0,2,0,6,0,15,True,True,True
01122.af6891fafb13c4cc39dab9a4a85449fd,True,True,True,0,5,0,12,2,24,True,True,True
01124.978b767962c91cc5c173cc4044b4658a,False,False,False,0,0,0,0,0,0,False,False,False
01126.885594cda2fc4ae620bea1ea8ceee585,False,False,False,0,0,0,0,0,0,False,False,False
01127.5b6f6b674dc0dd99f225bee3d7b32e9e,False,False,True,0,0,0,0,1,0,False,False,True
01128.b5c07ad0588fd8c87443755fba93d71b,False,False,False,0,0,0,0,0,0,False,False,False
01129.c03bff072108e33b6f5d1c3858c940f4,False,True,True,0,0,0,2,1,14,False,True,True
01133.facfc10e99d36c8da8e62f27aa065aa2,True,True,True,0,3,0,5,0,10,True,True,True
01134.b81ac3ffcbb28b809a471f521d15f14d,False,False,True,0,0,0,0,1,0,False,False,True
01135.0a652f28eb7e06830ca75be5d2f41eaa,True,True,True,2,4,2,7,2,14,True,True,True
01136.c83cd4b22c068706900cdf339553caff,False,False,False,0,0,0,0,0,0,False,False,False
01139.ff436c8a190e4424c602ef5c78402c06,False,False,False,0,0,0,0,0,0,False,False,False
01141.9771b6eb9a19ad26816825c9d190831d,False,False,False,0,0,0,0,0,0,False,False,False
01142.1d5b741cdc5cb3c026d678a4c8f613d6,True,True,True,1,6,1,11,2,16,True,True,True
01143.b92dc050e0b748b5e7c9f1cf1b469306,True,True,True,0,10,0,20,0,35,True,True,True
01144.94d2d4f5dfefab34c1370aec38d470eb,False,False,False,0,0,0,0,0,0,False,False,False
01146.f8a114b8bf65962ec02a1bcc2241e5d7,True,True,True,0,8,0,30,0,131,True,True,True
01148.895a24adac0c121c15735c34fed5c7c4,False,False,False,0,0,0,0,0,0,False,False,False
01149.9d2ea1122caa150f5c5c98ac98fd9408,False,False,False,0,0,0,0,0,0,False,False,False
01150.c429b55e3a5834c74d18f9b0bfc968cd,True,True,True,0,1,0,2,0,7,True,True,True
01152.3cd924b7f65e2085150c613cfe2b8c42,False,True,True,0,0,0,1,0,3,False,True,True
01153.423d8f8120ab7fa0946c45a60a44c059,True,True,True,1,0,1,0,2,0,True,True,True
01154.dc96d527593e053228ad2b9111e8ad36,False,True,True,0,0,0,1,0,3,False,True,True
01155.e8634e51df914973d548076958ed90b2,True,True,True,0,8,0,30,0,131,True,True,True
01156.5a3a6bdccf5df42348f22cada73a1b12,False,False,True,0,0,0,0,1,0,False,False,True
01157.0b96d63f8b171b5b5f8a872029371480,True,True,True,0,2,0,4,0,21,True,True,True
01159.ff9629cf51f03cb35075a51950e73a4d,False,False,False,0,0,0,0,0,0,False,False,False
01160.13829f56f0b8eb2d461ad8602a94a80e,False,True,True,0,0,0,9,2,35,False,True,True
01163.1c25ecdd147c3f4eef84b13fa6061c9b,True,True,True,1,0,1,0,3,0,True,True,True
01164.55202a4234914b20004dc7f9264313e5,False,False,False,0,0,0,0,0,0,False,False,False
01166.f0c4605d98cf51b7eeb81bb6072fee3d,False,True,True,0,0,0,3,0,25,False,True,True
01168.c4a3b7ac6d07798d651af84ea5d9b360,False,False,True,0,0,0,0,1,0,False,False,True
01170.0f6cbb8149f3e19d1b3054960e2cceb5,False,True,True,0,0,0,2,1,13,False,True,True
01171.c91e65355a41f43a34bd39be31bd1626,False,False,False,0,0,0,0,0,0,False,False,False
01172.cc7a00858cafd43ad994a3f1a42a5434,False,True,True,0,0,0,4,1,20,False,True,True
01174.701ed2374fd181a0a63c8bfbc52a911c,True,True,True,1,2,1,8,1,18,True,True,True
01175.345310fe11adb25711a3f95d1c88aa5c,False,False,False,0,0,0,0,0,0,False,False,False
01176.36afa20e4f8dd2246da63c3b23129305,True,True,True,0,1,0,2,1,7,True,True,True
01177.e6db3bae11ac87679c7f241a2c19b4c7,True,True,True,0,1,0,1,1,3,True,True,True
01178.3a000edf71d5d6d61c31e94e12cbd21e,False,False,False,0,0,0,0,0,0,False,False,False
01180.e8f2a113a0c6e413929162543819aa11,False,False,False,0,0,0,0,0,0,False,False,False
01181.9f4734afdec4aae228d20e63649253a1,True,True,True,1,0,1,2,1,3,True,True,True
01183.1686c7ca72908096192dc3ebcde515d9,False,True,True,0,0,0,3,0,10,False,True,True
01186.a323fbbb1fbb04737201f2eb73b7e663,False,False,False,0,0,0,0,0,0,False,False,False
01188.67d69a8d6e5c899914556488c8cbd2c9,False,False,False,0,0,0,0,0,0,False,False,False
01189.5593d25cf7b731b1c9f3e708cd05c96b,True,True,True,0,2,0,4,0,22,True,True,True
01190.04029d5cadc5b15d91cfed47a7a2e94d,False,False,False,0,0,0,0,0,0,False,False,False
01192.ae36c1ea662d5daa57777838507cceef,True,True,True,2,0,2,0,3,1,True,True,True
01193.7c4b9a0e900fdb7cafb86c1131f79a48,True,True,True,2,0,2,0,3,1,True,True,True
01194.856467d118d99f873794faaf151a524b,False,False,False,0,0,0,0,0,0,False,False,False
01195.2e0668d1365c631aa09d21c813ce013f,True,True,True,0,1,0,2,0,7,True,True,True
01196.b4567843ec0343475dfcb5da7bd9c41f,False,False,False,0,0,0,0,0,0,False,False,False
01198.da6821edae608ba753c85e1a7436219b,False,False,False,0,0,0,0,0,0,False,False,False
01199.5a219c9b3e55a0136d8039fd74675570,True,True,True,0,2,0,6,0,20,True,True,True
01200.6d388843b6ffefafaf7b3093ca28a740,True,True,True,0,1,0,2,0,9,True,True,True
01201.471d379a63806032b2c3978838b83e61,False,False,False,0,0,0,0,0,0,False,False,False
01202.4ec06d178a19d7972daf54bc3ba958ff,False,False,True,0,0,0,0,1,0,False,False,True
01204.75323a3e0d38fe7a107bd0102daf6f26,False,False,False,0,0,0,0,0,0,False,False,False
01206.b769233047fc696cc02ece9629190b42,True,True,True,0,1,0,2,0,9,True,True,True
01207.c24e5ee957e060ad511b5d2b875ff222,False,False,False,0,0,0,0,0,0,False,False,False
01209.01df2f8f68a70062085ef787973f9ba0,False,False,True,0,0,0,0,1,0,False,False,True
01210.3315bbc34ab0c51f53ee13e0dc6ccaec,False,False,True,0,0,0,0,1,0,False,False,True
01211.e9c2c3b1d544e8618d6f87c1871021e9,True,True,True,0,1,0,2,0,7,True,True,True
01212.216774fff566f005d1ef404eda7925e2,False,False,False,0,0,0,0,0,0,False,False,False
01213.7889eb65b4b7f2cde2a9bd3bb9f230dd,True,True,True,1,1,1,2,2,8,True,True,True
01214.973b4598b630a989967ff69b19f95d4a,False,False,False,0,0,0,0,0,0,False,False,False
01215.e879c633ccfba3b6dcf761d8ac0764c0,True,True,True,1,0,1,0,1,0,True,True,True
01218.4bb5c5746d9f19d8551437c242bfd79e,True,True,True,0,4,0,14,0,28,True,True,True
01219.db22b96619e848e2c9825ebb710897fe,False,False,False,0,0,0,0,0,0,False,False,False
01220.e399b9acc45a23ec853a9bb1d2a1a859,True,True,True,0,1,0,1,0,18,True,True,True
01221.baf498fd213b8bc77b9dbfb13c1a6968,False,False,False,0,0,0,0,0,0,False,False,False
01222.86831c8b346812d6526d6ddc7d3eb185,False,False,False,0,0,0,0,0,0,False,False,False
01223.0321f73febcffd82fcf12b36cce2c6c9,True,True,True,1,0,1,2,1,10,True,True,True
01224.5ec7daa5c1c540ce6be17e1afbef2a86,False,False,False,0,0,0,0,0,0,False,False,False
01225.a07c90bc24b619d5e8b786675dc2d118,True,True,True,1,0,1,0,1,0,True,True,True
01226.4aaf4e328bd55191a1c46bc374069048,False,False,True,0,0,0,0,0,3,False,False,True
01227.04a4f94c7a73b29cb56bf38c7d526116,False,False,True,0,0,0,0,0,1,False,False,True
01228.620009080894d11703ee91367628d633,False,False,False,0,0,0,0,0,0,False,False,False
01232.2c1fbf4d9cb31dd039c1bbb078225b5a,True,True,True,1,0,1,5,1,10,True,True,True
01233.010677fced50f4aecb67fba70701bcf5,False,False,False,0,0,0,0,0,0,False,False,False
01234.0bcd772346e2970c6246f40359cf4de5,True,True,True,1,1,2,3,4,8,True,True,True
01235.2e8191ab7ddffa2290e04f9ce0422041,True,True,True,1,0,1,0,1,0,True,True,True
01237.245ac1766016b756a3ddb3b463cc9645,True,True,True,0,1,0,2,0,7,True,True,True
01238.32c2cef2a001f81d237017d243bad8e4,False,False,False,0,0,0,0,0,0,False,False,False
01239.5b4a6a500921ae2a53da84bc99d91414,False,False,False,0,0,0,0,0,0,False,False,False
01241.0ea43b4457c3a0b85f7ab4d1bb4ac17e,False,False,False,0,0,0,0,0,0,False,False,False
01244.9ef966101737a6fc27d8965def288d70,False,False,True,0,0,0,0,1,0,False,False,True
01245.ce437204a2dfc9109003491e7812fc7f,False,False,True,0,0,0,0,1,0,False,False,True
01246.d0ee9c7ebf9d953b21de9414cc96c2f9,False,False,True,0,0,0,0,0,1,False,False,True
01248.27ec44a84866375481998caed54df8c0,True,True,True,0,1,0,2,0,9,True,True,True
01249.5dc5d720da4495b0606f3a19722ea6b1,False,False,False,0,0,0,0,0,0,False,False,False
01251.732693934f4ae61749224eaf9f19c973,False,False,False,0,0,0,0,0,0,False,False,False
01252.85c2b9eb83de6e0447fdf956e9bd499c,True,True,True,1,0,1,0,2,0,True,True,True
01254.2c2055d2ef2995122c3babea81fe54b9,False,False,False,0,0,0,0,0,0,False,False,False
01256.93c359e7a1edb27054778deaa633b72b,True,True,True,0,1,0,1,0,4,True,True,True
01258.209beaa19098071457a3f7259d6883dc,True,True,True,1,0,1,0,1,0,True,True,True
01260.fae84d2193ed2d65a14e2c8b612fb7fe,True,True,True,0,10,0,21,0,91,True,True,True
01261.0d7a6fa74b73f80f62fe11267eeaa956,False,False,False,0,0,0,0,0,0,False,False,False
01262.24bce3d7a8a92bc6d970cf80f0d21660,False,False,False,0,0,0,0,0,0,False,False,False
01263.4e9dc99aae6eafdf9233e60b6d3225f9,True,True,True,1,0,1,0,1,0,True,True,True
01264.52c303d4e65ae6c83bedb1dc8db0d0c7,False,False,False,0,0,0,0,0,0,False,False,False
01265.891c503096bc7f8f3345a40e82f1bf5a,True,True,True,1,0,1,0,1,0,True,True,True
01266.78f4e45d9e8699babb2e38f04d4401a5,True,True,True,1,3,1,6,1,18,True,True,True
01268.626ef5e5fa30314816e0f049ea03bd9f,False,False,False,0,0,0,0,0,0,False,False,False
01269.aa905c10b8358328fb77d2f900e4491f,False,False,False,0,0,0,0,0,0,False,False,False
01270.f55f31ae8a3b92cdcddf7257aa9616a0,True,True,True,0,2,0,9,0,27,True,True,True
01271.c74d2888efc2f1897ee890001abf05e7,False,False,False,0,0,0,0,0,0,False,False,False
01272.ae29c7d7f5acfc747cf55082aa628a40,False,True,True,0,0,0,2,0,15,False,True,True
01273.b738ce23f30ea10c7ad44d949d111199,True,True,True,1,0,2,0,2,0,True,True,True
01274.6eb8dc0890717ae45385f0393024c30e,True,True,True,1,2,1,7,1,16,True,True,True
01275.9ce1257b70028a741bd7877f0bc2ba0e,True,True,True,1,5,1,7,2,14,True,True,True
01276.9e932f3e2497f91aec7f1a8b0aabe200,False,False,False,0,0,0,0,0,0,False,False,False
01277.6763a79fad1f1b39cb7d5b7faf92ea98,True,True,True,1,6,1,11,2,16,True,True,True
01278.bdafbd6059108bbd9973fe8ea0aee62e,False,False,False,0,0,0,0,0,0,False,False,False
01279.56199c85479893dea5fa233e9598b7c3,False,True,True,0,0,0,2,1,14,False,True,True
01281.889130eed8c0fabfe29f7ffe62d1afe1,True,True,True,1,4,1,10,2,23,True,True,True
01282.9ae018dd0cf3c1f3345eb44074fd5635,True,True,True,0,1,0,1,0,4,True,True,True
01283.e120df13e515b3cd7f0a14e21c9bf158,False,False,False,0,0,0,0,0,0,False,False,False
01284.218c046acbc79f6f52c767fcb3fabbbc,True,True,True,1,2,1,8,1,18,True,True,True
01285.4bc4cabd8d963b1e33bb56aaaf191328,False,False,False,0,0,0,0,0,0,False,False,False
01286.80a17353e03cab185cb52237b60359e4,True,True,True,0,2,0,3,0,5,True,True,True
01287.45b0eefc02506c5c82e5ab4ffe2fc625,True,True,True,1,0,1,0,3,0,True,True,True
01289.2f9168490b8c45e76af4935b4827f702,False,False,True,0,0,0,0,1,0,False,False,True
01290.cc97aad0960efa7c8b76464b39d54bc9,True,True,True,1,0,1,0,1,0,True,True,True
01291.4fee8a2f5fb6dce4e775b054282b6a71,False,True,True,0,0,0,1,0,6,False,True,True
01292.3cfdacd938c6a4a7544581399e28e81c,True,True,True,1,0,1,1,2,17,True,True,True
01293.1073233e92a1fb8808e384cbc0d60e58,True,True,True,1,2,1,2,1,9,True,True,True
01294.1b87da1a627d8b8f126839dad1220a1c,False,False,True,0,0,0,0,0,7,False,False,True
01295.7cea2d55caf3dfae98b350e67a431e35,False,True,True,0,0,1,0,2,0,False,True,True
01296.34052422109f131a8b1fb59d1d42f899,True,True,True,0,1,0,2,0,7,True,True,True
01297.6899dd73603e94dcefaba9970c3cfb69,True,True,True,1,0,1,0,1,0,True,True,True
01298.3e410f64d440f9c883243bcc942b0f41,True,True,True,0,1,0,5,0,17,True,True,True
01299.0eab794ad20a8b32dfa3d6e3fedc1b31,False,False,False,0,0,0,0,0,0,False,False,False
01300.74283a1a03062473904cd6f9965df1d5,True,True,True,0,4,0,11,0,24,True,True,True
01301.91269fd2b14a1fa0f183ca60953b99af,False,False,False,0,0,0,0,0,0,False,False,False
01302.6e23012bc215fef128943c14c7d2c83f,False,False,False,0,0,0,0,0,0,False,False,False
01303.59ad6322f5af1c3672849f504ad86fce,True,True,True,1,4,1,5,1,9,True,True,True
01304.114140cd4c51e9795559b974964aa043,False,False,True,0,0,0,0,1,0,False,False,True
01305.2456653e0fbd780a77a3d25229109432,True,True,True,1,1,1,2,2,8,True,True,True
01306.d37be8871ac501758c6854fbef9cbdd2,True,True,True,1,0,2,0,3,0,True,True,True
01307.270e0fd3d0f0a14a592fcc47f3696e05,False,False,False,0,0,0,0,0,0,False,False,False
01309.4da3e5f7445fe71bdb9a145b3c704cc3,False,False,False,0,0,0,0,0,0,False,False,False
01310.39e7167813c411d9163ceedcba3b3702,False,True,True,0,0,0,2,0,2,False,True,True
01312.c19bb76293853f6c10871018cebbe8ca,False,False,False,0,0,0,0,0,0,False,False,False
01314.12c8b5b91bc690f0f0d6fad595150ac6,False,False,True,0,0,0,0,0,6,False,False,True
01315.88a113666f60469492624820111ee3be,True,True,True,0,1,0,2,0,7,True,True,True
01316.80287bffff0da77d7b22a538aefdbd01,False,False,False,0,0,0,0,0,0,False,False,False
01317.2fb1c15091162a0a83cb7020e45e8de6,False,False,False,0,0,0,0,0,0,False,False,False
01318.5ceb2b7a8b5780b006500266f5a508ca,True,True,True,1,0,1,0,2,0,True,True,True
01319.ec67d39c89f4a5865b730879685f3092,True,True,True,0,1,0,2,1,22,True,True,True
01320.9d28c111c72720b5cd64a025591dbce5,True,True,True,2,0,2,0,2,0,True,True,True
01321.f32dcf9a564da7e27f9fcad664cb0fe1,False,False,True,0,0,0,0,0,4,False,False,True
01322.ff3e699f59f732ca886de5873eef313e,True,True,True,0,4,0,7,1,13,True,True,True
01323.043a9a503f711ebb76897fa1c352d7cd,False,False,False,0,0,0,0,0,0,False,False,False
01324.6ae300702ee69538834dccea9b774fef,True,True,True,1,4,1,5,1,9,True,True,True
01325.cf45b154c74e16a83def9f17383b5756,False,False,False,0,0,0,0,0,0,False,False,False
01326.32e7912cae22a40e7b27f7d020de08fe,True,True,True,0,1,0,3,0,26,True,True,True
01327.7d7cb2b319318af27a2981701843f358,False,False,True,0,0,0,0,1,0,False,False,True
01328.b23902de23cb3ca1f3334517282372b2,True,True,True,0,1,0,2,0,7,True,True,True
01329.75ca6f174da63761de16480f22089dae,True,True,True,1,0,1,0,1,0,True,True,True
01330.dafb0dd3006f86f73f42b4e24266277c,True,True,True,0,1,0,2,1,7,True,True,True
01331.e35989787f99e9f234da42636eb43f22,False,False,True,0,0,0,0,1,0,False,False,True
01332.f794e2c48ef6535153adde00b521ef6d,False,False,False,0,0,0,0,0,0,False,False,False
01333.1e5a572d1c326c109f613a9d2137acc8,False,True,True,0,0,0,5,0,22,False,True,True
01334.24b7f4702e0da7e9d7a5f4d284adfc96,False,False,False,0,0,0,0,0,0,False,False,False
01336.cce700d418ddce6f5081cdcda625074f,False,False,False,0,0,0,0,0,0,False,False,False
01337.e490c19d9987a1532dd2e8f1a2e76fdc,False,False,True,0,0,0,0,0,4,False,False,True
01338.a67c3827402b4610bd2a6814cd8cd907,False,False,True,0,0,0,0,1,0,False,False,True
01340.0b77f53fb084eb948e07dc7ed2ab5c34,True,True,True,0,2,0,4,0,6,True,True,True
01341.62703c6047c508d1d84bde0b7653b556,True,True,True,1,0,1,0,1,0,True,True,True
01344.43dbbbac0d006790dd696123d455f5b9,True,True,True,1,5,1,7,2,14,True,True,True
01345.436954c32bbf82773e33853ac26ef881,True,True,True,0,2,0,8,0,19,True,True,True
01346.fb942e99ad6211fe374675bc9ac639d5,False,False,False,0,0,0,0,0,0,False,False,False
01347.e2cd456cd2d58601fec5a5b6323463e1,True,True,True,1,0,1,0,2,0,True,True,True
01348.0ed90bb4a1ba1ea2309ffdbbce093753,True,True,True,1,0,1,0,1,0,True,True,True
01349.71c7c224e68df0a19c1834065368c89f,True,True,True,2,4,2,7,2,14,True,True,True
01350.31d85a79d8c3b80069316daf56176820,False,False,True,0,0,0,0,1,0,False,False,True
01351.e960056da1502c90d40d598cdf37f359,False,False,True,0,0,0,0,1,0,False,False,True
01352.875dff8a1fd32766be05e136950add70,True,True,True,1,1,2,3,4,8,True,True,True
01353.369f79f8f31f3b18bdb5d1006207b52e,False,False,False,0,0,0,0,0,0,False,False,False
01357.531b966b657f95f04a9037ea7100aa9f,False,False,False,0,0,0,0,0,0,False,False,False
01358.eb6c715f631ee3d22b135adb4dc4e67d,True,True,True,1,0,1,0,1,0,True,True,True
01360.5bf908ff3e674f31061afcb8a6c17a8d,False,False,False,0,0,0,0,0,0,False,False,False
01362.794d3043053407d8e0c075a9a71902bd,True,True,True,0,1,0,3,0,7,True,True,True
01364.b89de202e8d843d54ab7988af8599571,False,False,True,0,0,0,0,1,0,False,False,True
01365.d90d27bbb210dbdc63ed704b00161315,True,True,True,0,1,0,2,0,7,True,True,True
01366.35ed342f7df33799c8ba619098b174c6,False,False,False,0,0,0,0,0,0,False,False,False
01367.d681bf8f9823da056b82da169d2d1715,False,True,True,0,0,2,0,2,0,False,True,True
01368.0fcb4c25d287618ec7cdf84822d3d405,False,False,False,0,0,0,0,0,0,False,False,False
01369.8ea24235c6c50337d9dcd234e61a5132,True,True,True,0,1,0,2,0,7,True,True,True
01370.38a1c6fbbad5804a9978112005535de1,True,True,True,1,2,1,6,1,19,True,True,True
01371.fd75cda79a01e9b7d11af36936463c0d,False,False,False,0,0,0,0,0,0,False,False,False
01373.c8c124454ee4d1b775ef7a436cede7c1,False,False,False,0,0,0,0,0,0,False,False,False
01375.b1a9c15e903adbc27bd2b5c033e1d29c,False,False,False,0,0,0,0,0,0,False,False,False
01376.73e738e4cd8121ce3dfb42d190b193c9,True,True,True,0,3,0,5,0,18,True,True,True
01377.17adb34fc692245ce301d3db0a3e80c8,True,True,True,0,3,0,4,1,14,True,True,True
01378.73df5252cb71f89c885ad49b6ae5fa82,True,True,True,0,2,0,7,0,21,True,True,True
01379.0d39498608cd170bbbc8cd33ffd18e35,True,True,True,0,2,0,8,0,46,True,True,True
01380.fa9b4e89ba485def2921e01ae9fb7671,True,True,True,1,2,1,8,4,27,True,True,True
01381.7f1f9f4b8ea24fee6b87dc1172177eaf,False,True,True,0,0,2,0,2,0,False,True,True
01383.a4e83a74006864de20f76d0193908a56,False,False,False,0,0,0,0,0,0,False,False,False
01385.af7a1a172a6cd00ad09dc6adecb14cee,False,False,True,0,0,0,0,1,2,False,False,True
01386.9398d616dfc3d67fb10e95d911768b39,False,False,False,0,0,0,0,0,0,False,False,False
01387.84a80f5699b026b15455e803a471b88e,True,True,True,0,2,0,3,0,6,True,True,True
01389.35f4d2a5f47c4b434434b3ca8dc5a924,True,True,True,0,1,0,3,0,5,True,True,True
01390.271af498812d2f73c8c198fd4fda905e,False,False,True,0,0,0,0,1,0,False,False,True
01391.d84700fa88ef00525b05a2d9c64fa654,False,False,False,0,0,0,0,0,0,False,False,False
01392.891b7eeda19704fc8a990e56e0b52f89,False,False,False,0,0,0,0,0,0,False,False,False
01393.e7d7a58f2c561c6f71fe95c64a7f5f35,False,True,True,0,0,1,0,1,0,False,True,True
01396.e80a10644810bc2ae3c1b58c5fd38dfa,False,False,False,0,0,0,0,0,0,False,False,False
01397.f75f0dd0dd923faefa3e9cc5ecb8c906,True,True,True,2,7,2,13,3,21,True,True,True
01398.8ca7045aae4184d56e8509dc5ad6d979,True,True,True,0,1,0,7,0,18,True,True,True
01399.2319643317e2c5193d574e40a71809c2,True,True,True,0,9,0,19,0,116,True,True,True
01400.b444b69845db2fa0a4693ca04e6ac5c5,True,True,True,0,4,0,6,0,33,True,True,True
