message_id,variant_filename,vocab_type,codepoint,salt_mode,fragment_max_positions,subject_original_tokens,subject_salted_tokens,body_original_tokens,body_salted_tokens
00001.317e78fa8ee2f54cd4890fdc09ba8176,00001__salted__extended__cp200B__single.317e78fa8ee2f54cd4890fdc09ba8176,extended,200B,single,,MLM,ML​M,"removal, MLM, MLM","re​moval, ML​M, ML​M"
00001.317e78fa8ee2f54cd4890fdc09ba8176,00001__salted__extended__cp200C__single.317e78fa8ee2f54cd4890fdc09ba8176,extended,200C,single,,MLM,ML‌M,"removal, MLM, MLM","re‌moval, ML‌M, ML‌M"
00001.317e78fa8ee2f54cd4890fdc09ba8176,00001__salted__extended__cp200D__single.317e78fa8ee2f54cd4890fdc09ba8176,extended,200D,single,,MLM,ML‍M,"removal, MLM, MLM","re‍moval, ML‍M, ML‍M"
00001.317e78fa8ee2f54cd4890fdc09ba8176,00001__salted__extended__cp00AD__single.317e78fa8ee2f54cd4890fdc09ba8176,extended,00AD,single,,MLM,ML­M,"removal, MLM, MLM","re­moval, ML­M, ML­M"
00001.7848dde101aa985090474a91ec93fcf0,00001__salted__extended__cp200B__single.7848dde101aa985090474a91ec93fcf0,extended,200B,single,,Insurance,In​surance,,
00001.7848dde101aa985090474a91ec93fcf0,00001__salted__extended__cp200C__single.7848dde101aa985090474a91ec93fcf0,extended,200C,single,,Insurance,In‌surance,,
00001.7848dde101aa985090474a91ec93fcf0,00001__salted__extended__cp200D__single.7848dde101aa985090474a91ec93fcf0,extended,200D,single,,Insurance,In‍surance,,
00001.7848dde101aa985090474a91ec93fcf0,00001__salted__extended__cp00AD__single.7848dde101aa985090474a91ec93fcf0,extended,00AD,single,,Insurance,In­surance,,
00002.d94f1b97e48ed3b553b3508d116e6a09,00002__salted__extended__cp200B__single.d94f1b97e48ed3b553b3508d116e6a09,extended,200B,single,,Guaranteed,Gu​aranteed,Guaranteed,Gu​aranteed
00002.d94f1b97e48ed3b553b3508d116e6a09,00002__salted__extended__cp200C__single.d94f1b97e48ed3b553b3508d116e6a09,extended,200C,single,,Guaranteed,Gu‌aranteed,Guaranteed,Gu‌aranteed
00002.d94f1b97e48ed3b553b3508d116e6a09,00002__salted__extended__cp200D__single.d94f1b97e48ed3b553b3508d116e6a09,extended,200D,single,,Guaranteed,Gu‍aranteed,Guaranteed,Gu‍aranteed
00002.d94f1b97e48ed3b553b3508d116e6a09,00002__salted__extended__cp00AD__single.d94f1b97e48ed3b553b3508d116e6a09,extended,00AD,single,,Guaranteed,Gu­aranteed,Guaranteed,Gu­aranteed
00003.2ee33bc6eacdb11f38d052c44819ba6c,00003__salted__extended__cp200B__single.2ee33bc6eacdb11f38d052c44819ba6c,extended,200B,single,,Guaranteed,Gu​aranteed,"Guaranteed, zzzz","Gu​aranteed, zz​zz"
00003.2ee33bc6eacdb11f38d052c44819ba6c,00003__salted__extended__cp200C__single.2ee33bc6eacdb11f38d052c44819ba6c,extended,200C,single,,Guaranteed,Gu‌aranteed,"Guaranteed, zzzz","Gu‌aranteed, zz‌zz"
00003.2ee33bc6eacdb11f38d052c44819ba6c,00003__salted__extended__cp200D__single.2ee33bc6eacdb11f38d052c44819ba6c,extended,200D,single,,Guaranteed,Gu‍aranteed,"Guaranteed, zzzz","Gu‍aranteed, zz‍zz"
00003.2ee33bc6eacdb11f38d052c44819ba6c,00003__salted__extended__cp00AD__single.2ee33bc6eacdb11f38d052c44819ba6c,extended,00AD,single,,Guaranteed,Gu­aranteed,"Guaranteed, zzzz","Gu­aranteed, zz­zz"
00004.eac8de8d759b7e74154f142194282724,00004__salted__extended__cp200B__single.eac8de8d759b7e74154f142194282724,extended,200B,single,,zzzz,zz​zz,"zzzz, Click, Removal","zz​zz, Cl​ick, Re​moval"
00004.eac8de8d759b7e74154f142194282724,00004__salted__extended__cp200C__single.eac8de8d759b7e74154f142194282724,extended,200C,single,,zzzz,zz‌zz,"zzzz, Click, Removal","zz‌zz, Cl‌ick, Re‌moval"
00004.eac8de8d759b7e74154f142194282724,00004__salted__extended__cp200D__single.eac8de8d759b7e74154f142194282724,extended,200D,single,,zzzz,zz‍zz,"zzzz, Click, Removal","zz‍zz, Cl‍ick, Re‍moval"
00004.eac8de8d759b7e74154f142194282724,00004__salted__extended__cp00AD__single.eac8de8d759b7e74154f142194282724,extended,00AD,single,,zzzz,zz­zz,"zzzz, Click, Removal","zz­zz, Cl­ick, Re­moval"
00005.57696a39d7d84318ce497886896bf90d,00005__salted__extended__cp200B__single.57696a39d7d84318ce497886896bf90d,extended,200B,single,,Guaranteed,Gu​aranteed,Guaranteed,Gu​aranteed
00005.57696a39d7d84318ce497886896bf90d,00005__salted__extended__cp200C__single.57696a39d7d84318ce497886896bf90d,extended,200C,single,,Guaranteed,Gu‌aranteed,Guaranteed,Gu‌aranteed
00005.57696a39d7d84318ce497886896bf90d,00005__salted__extended__cp200D__single.57696a39d7d84318ce497886896bf90d,extended,200D,single,,Guaranteed,Gu‍aranteed,Guaranteed,Gu‍aranteed
00005.57696a39d7d84318ce497886896bf90d,00005__salted__extended__cp00AD__single.57696a39d7d84318ce497886896bf90d,extended,00AD,single,,Guaranteed,Gu­aranteed,Guaranteed,Gu­aranteed
00006.5ab5620d3d7c6c0db76234556a16f6c1,00006__salted__extended__cp200B__single.5ab5620d3d7c6c0db76234556a16f6c1,extended,200B,single,,,,"Testimonials, compliance, receive","Te​stimonials, co​mpliance, re​ceive"
00006.5ab5620d3d7c6c0db76234556a16f6c1,00006__salted__extended__cp200C__single.5ab5620d3d7c6c0db76234556a16f6c1,extended,200C,single,,,,"Testimonials, compliance, receive","Te‌stimonials, co‌mpliance, re‌ceive"
00006.5ab5620d3d7c6c0db76234556a16f6c1,00006__salted__extended__cp200D__single.5ab5620d3d7c6c0db76234556a16f6c1,extended,200D,single,,,,"Testimonials, compliance, receive","Te‍stimonials, co‍mpliance, re‍ceive"
00006.5ab5620d3d7c6c0db76234556a16f6c1,00006__salted__extended__cp00AD__single.5ab5620d3d7c6c0db76234556a16f6c1,extended,00AD,single,,,,"Testimonials, compliance, receive","Te­stimonials, co­mpliance, re­ceive"
00007.acefeee792b5298f8fee175f9f65c453,00007__salted__extended__cp200B__single.acefeee792b5298f8fee175f9f65c453,extended,200B,single,,,,"Sir, Madam","Si​r, Ma​dam"
00007.acefeee792b5298f8fee175f9f65c453,00007__salted__extended__cp200C__single.acefeee792b5298f8fee175f9f65c453,extended,200C,single,,,,"Sir, Madam","Si‌r, Ma‌dam"
00007.acefeee792b5298f8fee175f9f65c453,00007__salted__extended__cp200D__single.acefeee792b5298f8fee175f9f65c453,extended,200D,single,,,,"Sir, Madam","Si‍r, Ma‍dam"
00007.acefeee792b5298f8fee175f9f65c453,00007__salted__extended__cp00AD__single.acefeee792b5298f8fee175f9f65c453,extended,00AD,single,,,,"Sir, Madam","Si­r, Ma­dam"
00007.d8521faf753ff9ee989122f6816f87d7,00007__salted__extended__cp200B__single.d8521faf753ff9ee989122f6816f87d7,extended,200B,single,,,,click,cl​ick
00007.d8521faf753ff9ee989122f6816f87d7,00007__salted__extended__cp200C__single.d8521faf753ff9ee989122f6816f87d7,extended,200C,single,,,,click,cl‌ick
00007.d8521faf753ff9ee989122f6816f87d7,00007__salted__extended__cp200D__single.d8521faf753ff9ee989122f6816f87d7,extended,200D,single,,,,click,cl‍ick
00007.d8521faf753ff9ee989122f6816f87d7,00007__salted__extended__cp00AD__single.d8521faf753ff9ee989122f6816f87d7,extended,00AD,single,,,,click,cl­ick
00009.027bf6e0b0c4ab34db3ce0ea4bf2edab,00009__salted__extended__cp200B__single.027bf6e0b0c4ab34db3ce0ea4bf2edab,extended,200B,single,,,,"RECEIVE, Testimonials, requesting","RE​CEIVE, Te​stimonials, re​questing"
00009.027bf6e0b0c4ab34db3ce0ea4bf2edab,00009__salted__extended__cp200C__single.027bf6e0b0c4ab34db3ce0ea4bf2edab,extended,200C,single,,,,"RECEIVE, Testimonials, requesting","RE‌CEIVE, Te‌stimonials, re‌questing"
00009.027bf6e0b0c4ab34db3ce0ea4bf2edab,00009__salted__extended__cp200D__single.027bf6e0b0c4ab34db3ce0ea4bf2edab,extended,200D,single,,,,"RECEIVE, Testimonials, requesting","RE‍CEIVE, Te‍stimonials, re‍questing"
00009.027bf6e0b0c4ab34db3ce0ea4bf2edab,00009__salted__extended__cp00AD__single.027bf6e0b0c4ab34db3ce0ea4bf2edab,extended,00AD,single,,,,"RECEIVE, Testimonials, requesting","RE­CEIVE, Te­stimonials, re­questing"
00009.1e1a8cb4b57532ab38aa23287523659d,00009__salted__extended__cp200B__single.1e1a8cb4b57532ab38aa23287523659d,extended,200B,single,,,,"SIR, USD, RECEIVE","SI​R, US​D, RE​CEIVE"
00009.1e1a8cb4b57532ab38aa23287523659d,00009__salted__extended__cp200C__single.1e1a8cb4b57532ab38aa23287523659d,extended,200C,single,,,,"SIR, USD, RECEIVE","SI‌R, US‌D, RE‌CEIVE"
00009.1e1a8cb4b57532ab38aa23287523659d,00009__salted__extended__cp200D__single.1e1a8cb4b57532ab38aa23287523659d,extended,200D,single,,,,"SIR, USD, RECEIVE","SI‍R, US‍D, RE‍CEIVE"
00009.1e1a8cb4b57532ab38aa23287523659d,00009__salted__extended__cp00AD__single.1e1a8cb4b57532ab38aa23287523659d,extended,00AD,single,,,,"SIR, USD, RECEIVE","SI­R, US­D, RE­CEIVE"
00011.61816b9ad167657773a427d890d0468e,00011__salted__extended__cp200B__single.61816b9ad167657773a427d890d0468e,extended,200B,single,,,,"Click, Assistance, mailings","Cl​ick, As​sistance, ma​ilings"
00011.61816b9ad167657773a427d890d0468e,00011__salted__extended__cp200C__single.61816b9ad167657773a427d890d0468e,extended,200C,single,,,,"Click, Assistance, mailings","Cl‌ick, As‌sistance, ma‌ilings"
00011.61816b9ad167657773a427d890d0468e,00011__salted__extended__cp200D__single.61816b9ad167657773a427d890d0468e,extended,200D,single,,,,"Click, Assistance, mailings","Cl‍ick, As‍sistance, ma‍ilings"
00011.61816b9ad167657773a427d890d0468e,00011__salted__extended__cp00AD__single.61816b9ad167657773a427d890d0468e,extended,00AD,single,,,,"Click, Assistance, mailings","Cl­ick, As­sistance, ma­ilings"
00013.d3f0b591a65f116ea5d9d4ad919f83aa,00013__salted__extended__cp200B__single.d3f0b591a65f116ea5d9d4ad919f83aa,extended,200B,single,,,,"Guaranteed, zzzz","Gu​aranteed, zz​zz"
00013.d3f0b591a65f116ea5d9d4ad919f83aa,00013__salted__extended__cp200C__single.d3f0b591a65f116ea5d9d4ad919f83aa,extended,200C,single,,,,"Guaranteed, zzzz","Gu‌aranteed, zz‌zz"
00013.d3f0b591a65f116ea5d9d4ad919f83aa,00013__salted__extended__cp200D__single.d3f0b591a65f116ea5d9d4ad919f83aa,extended,200D,single,,,,"Guaranteed, zzzz","Gu‍aranteed, zz‍zz"
00013.d3f0b591a65f116ea5d9d4ad919f83aa,00013__salted__extended__cp00AD__single.d3f0b591a65f116ea5d9d4ad919f83aa,extended,00AD,single,,,,"Guaranteed, zzzz","Gu­aranteed, zz­zz"
00014.13574737e55e51fe6737a475b88b5052,00014__salted__extended__cp200B__single.13574737e55e51fe6737a475b88b5052,extended,200B,single,,,,"Click, Assistance, mailings","Cl​ick, As​sistance, ma​ilings"
00014.13574737e55e51fe6737a475b88b5052,00014__salted__extended__cp200C__single.13574737e55e51fe6737a475b88b5052,extended,200C,single,,,,"Click, Assistance, mailings","Cl‌ick, As‌sistance, ma‌ilings"
00014.13574737e55e51fe6737a475b88b5052,00014__salted__extended__cp200D__single.13574737e55e51fe6737a475b88b5052,extended,200D,single,,,,"Click, Assistance, mailings","Cl‍ick, As‍sistance, ma‍ilings"
00014.13574737e55e51fe6737a475b88b5052,00014__salted__extended__cp00AD__single.13574737e55e51fe6737a475b88b5052,extended,00AD,single,,,,"Click, Assistance, mailings","Cl­ick, As­sistance, ma­ilings"
00016.4fb07c8dff1a5a2b4889dc5024c55023,00016__salted__extended__cp200B__single.4fb07c8dff1a5a2b4889dc5024c55023,extended,200B,single,,Secrets,Se​crets,,
00016.4fb07c8dff1a5a2b4889dc5024c55023,00016__salted__extended__cp200C__single.4fb07c8dff1a5a2b4889dc5024c55023,extended,200C,single,,Secrets,Se‌crets,,
00016.4fb07c8dff1a5a2b4889dc5024c55023,00016__salted__extended__cp200D__single.4fb07c8dff1a5a2b4889dc5024c55023,extended,200D,single,,Secrets,Se‍crets,,
00016.4fb07c8dff1a5a2b4889dc5024c55023,00016__salted__extended__cp00AD__single.4fb07c8dff1a5a2b4889dc5024c55023,extended,00AD,single,,Secrets,Se­crets,,
00017.1a938ecddd047b93cbd7ed92c241e6d1,00017__salted__extended__cp200B__single.1a938ecddd047b93cbd7ed92c241e6d1,extended,200B,single,,,,click,cl​ick
00017.1a938ecddd047b93cbd7ed92c241e6d1,00017__salted__extended__cp200C__single.1a938ecddd047b93cbd7ed92c241e6d1,extended,200C,single,,,,click,cl‌ick
00017.1a938ecddd047b93cbd7ed92c241e6d1,00017__salted__extended__cp200D__single.1a938ecddd047b93cbd7ed92c241e6d1,extended,200D,single,,,,click,cl‍ick
00017.1a938ecddd047b93cbd7ed92c241e6d1,00017__salted__extended__cp00AD__single.1a938ecddd047b93cbd7ed92c241e6d1,extended,00AD,single,,,,click,cl­ick
00017.6430f3b8dedf51ba3c3fcb9304e722e7,00017__salted__extended__cp200B__single.6430f3b8dedf51ba3c3fcb9304e722e7,extended,200B,single,,Monthly,Mo​nthly,,
00017.6430f3b8dedf51ba3c3fcb9304e722e7,00017__salted__extended__cp200C__single.6430f3b8dedf51ba3c3fcb9304e722e7,extended,200C,single,,Monthly,Mo‌nthly,,
00017.6430f3b8dedf51ba3c3fcb9304e722e7,00017__salted__extended__cp200D__single.6430f3b8dedf51ba3c3fcb9304e722e7,extended,200D,single,,Monthly,Mo‍nthly,,
00017.6430f3b8dedf51ba3c3fcb9304e722e7,00017__salted__extended__cp00AD__single.6430f3b8dedf51ba3c3fcb9304e722e7,extended,00AD,single,,Monthly,Mo­nthly,,
00018.5b2765c42b7648d41c93b9b27140b23a,00018__salted__extended__cp200B__single.5b2765c42b7648d41c93b9b27140b23a,extended,200B,single,,,,"ASSIST, ASSIST, CONFIDENTIALITY","AS​SIST, AS​SIST, CO​NFIDENTIALITY"
00018.5b2765c42b7648d41c93b9b27140b23a,00018__salted__extended__cp200C__single.5b2765c42b7648d41c93b9b27140b23a,extended,200C,single,,,,"ASSIST, ASSIST, CONFIDENTIALITY","AS‌SIST, AS‌SIST, CO‌NFIDENTIALITY"
00018.5b2765c42b7648d41c93b9b27140b23a,00018__salted__extended__cp200D__single.5b2765c42b7648d41c93b9b27140b23a,extended,200D,single,,,,"ASSIST, ASSIST, CONFIDENTIALITY","AS‍SIST, AS‍SIST, CO‍NFIDENTIALITY"
00018.5b2765c42b7648d41c93b9b27140b23a,00018__salted__extended__cp00AD__single.5b2765c42b7648d41c93b9b27140b23a,extended,00AD,single,,,,"ASSIST, ASSIST, CONFIDENTIALITY","AS­SIST, AS­SIST, CO­NFIDENTIALITY"
00019.bbc97ad616ffd06e93ce0f821ca8c381,00019__salted__extended__cp200B__single.bbc97ad616ffd06e93ce0f821ca8c381,extended,200B,single,,ADV,AD​V,,
00019.bbc97ad616ffd06e93ce0f821ca8c381,00019__salted__extended__cp200C__single.bbc97ad616ffd06e93ce0f821ca8c381,extended,200C,single,,ADV,AD‌V,,
00019.bbc97ad616ffd06e93ce0f821ca8c381,00019__salted__extended__cp200D__single.bbc97ad616ffd06e93ce0f821ca8c381,extended,200D,single,,ADV,AD‍V,,
00019.bbc97ad616ffd06e93ce0f821ca8c381,00019__salted__extended__cp00AD__single.bbc97ad616ffd06e93ce0f821ca8c381,extended,00AD,single,,ADV,AD­V,,
00020.29725cf331fc21e18a1809e7d8b27332,00020__salted__extended__cp200B__single.29725cf331fc21e18a1809e7d8b27332,extended,200B,single,,,,Guaranteed,Gu​aranteed
00020.29725cf331fc21e18a1809e7d8b27332,00020__salted__extended__cp200C__single.29725cf331fc21e18a1809e7d8b27332,extended,200C,single,,,,Guaranteed,Gu‌aranteed
00020.29725cf331fc21e18a1809e7d8b27332,00020__salted__extended__cp200D__single.29725cf331fc21e18a1809e7d8b27332,extended,200D,single,,,,Guaranteed,Gu‍aranteed
00020.29725cf331fc21e18a1809e7d8b27332,00020__salted__extended__cp00AD__single.29725cf331fc21e18a1809e7d8b27332,extended,00AD,single,,,,Guaranteed,Gu­aranteed
00021.effe1449462a9d7ad7af0f1c94b1a237,00021__salted__extended__cp200B__single.effe1449462a9d7ad7af0f1c94b1a237,extended,200B,single,,,,"NIGERIA, LAGOS, NIGERIA","NI​GERIA, LA​GOS, NI​GERIA"
00021.effe1449462a9d7ad7af0f1c94b1a237,00021__salted__extended__cp200C__single.effe1449462a9d7ad7af0f1c94b1a237,extended,200C,single,,,,"NIGERIA, LAGOS, NIGERIA","NI‌GERIA, LA‌GOS, NI‌GERIA"
00021.effe1449462a9d7ad7af0f1c94b1a237,00021__salted__extended__cp200D__single.effe1449462a9d7ad7af0f1c94b1a237,extended,200D,single,,,,"NIGERIA, LAGOS, NIGERIA","NI‍GERIA, LA‍GOS, NI‍GERIA"
00021.effe1449462a9d7ad7af0f1c94b1a237,00021__salted__extended__cp00AD__single.effe1449462a9d7ad7af0f1c94b1a237,extended,00AD,single,,,,"NIGERIA, LAGOS, NIGERIA","NI­GERIA, LA­GOS, NI­GERIA"
00022.8203cdf03888f656dc0381701148f73d,00022__salted__extended__cp200B__single.8203cdf03888f656dc0381701148f73d,extended,200B,single,,,,"utmost, assistance, Beneficiary","ut​most, as​sistance, Be​neficiary"
00022.8203cdf03888f656dc0381701148f73d,00022__salted__extended__cp200C__single.8203cdf03888f656dc0381701148f73d,extended,200C,single,,,,"utmost, assistance, Beneficiary","ut‌most, as‌sistance, Be‌neficiary"
00022.8203cdf03888f656dc0381701148f73d,00022__salted__extended__cp200D__single.8203cdf03888f656dc0381701148f73d,extended,200D,single,,,,"utmost, assistance, Beneficiary","ut‍most, as‍sistance, Be‍neficiary"
00022.8203cdf03888f656dc0381701148f73d,00022__salted__extended__cp00AD__single.8203cdf03888f656dc0381701148f73d,extended,00AD,single,,,,"utmost, assistance, Beneficiary","ut­most, as­sistance, Be­neficiary"
00023.5bec0fc32cfc42c9cc5c941d94258567,00023__salted__extended__cp200B__single.5bec0fc32cfc42c9cc5c941d94258567,extended,200B,single,,mortgage,mo​rtgage,,
00023.5bec0fc32cfc42c9cc5c941d94258567,00023__salted__extended__cp200C__single.5bec0fc32cfc42c9cc5c941d94258567,extended,200C,single,,mortgage,mo‌rtgage,,
00023.5bec0fc32cfc42c9cc5c941d94258567,00023__salted__extended__cp200D__single.5bec0fc32cfc42c9cc5c941d94258567,extended,200D,single,,mortgage,mo‍rtgage,,
00023.5bec0fc32cfc42c9cc5c941d94258567,00023__salted__extended__cp00AD__single.5bec0fc32cfc42c9cc5c941d94258567,extended,00AD,single,,mortgage,mo­rtgage,,
00023.b6d27c684f5fc803cfa1060adb2d0805,00023__salted__extended__cp200B__single.b6d27c684f5fc803cfa1060adb2d0805,extended,200B,single,,guaranteed,gu​aranteed,,
00023.b6d27c684f5fc803cfa1060adb2d0805,00023__salted__extended__cp200C__single.b6d27c684f5fc803cfa1060adb2d0805,extended,200C,single,,guaranteed,gu‌aranteed,,
00023.b6d27c684f5fc803cfa1060adb2d0805,00023__salted__extended__cp200D__single.b6d27c684f5fc803cfa1060adb2d0805,extended,200D,single,,guaranteed,gu‍aranteed,,
00023.b6d27c684f5fc803cfa1060adb2d0805,00023__salted__extended__cp00AD__single.b6d27c684f5fc803cfa1060adb2d0805,extended,00AD,single,,guaranteed,gu­aranteed,,
00024.6b5437b14d403176c3f046c871b5b52f,00024__salted__extended__cp200B__single.6b5437b14d403176c3f046c871b5b52f,extended,200B,single,,,,"Unlimited, Fees, Unlimited","Un​limited, Fe​es, Un​limited"
00024.6b5437b14d403176c3f046c871b5b52f,00024__salted__extended__cp200C__single.6b5437b14d403176c3f046c871b5b52f,extended,200C,single,,,,"Unlimited, Fees, Unlimited","Un‌limited, Fe‌es, Un‌limited"
00024.6b5437b14d403176c3f046c871b5b52f,00024__salted__extended__cp200D__single.6b5437b14d403176c3f046c871b5b52f,extended,200D,single,,,,"Unlimited, Fees, Unlimited","Un‍limited, Fe‍es, Un‍limited"
00024.6b5437b14d403176c3f046c871b5b52f,00024__salted__extended__cp00AD__single.6b5437b14d403176c3f046c871b5b52f,extended,00AD,single,,,,"Unlimited, Fees, Unlimited","Un­limited, Fe­es, Un­limited"
00026.da18dbed27ae933172f7a70f860c6ad0,00026__salted__extended__cp200B__single.da18dbed27ae933172f7a70f860c6ad0,extended,200B,single,,,,"ASSIST, ASSIST, CONFIDENTIALITY","AS​SIST, AS​SIST, CO​NFIDENTIALITY"
00026.da18dbed27ae933172f7a70f860c6ad0,00026__salted__extended__cp200C__single.da18dbed27ae933172f7a70f860c6ad0,extended,200C,single,,,,"ASSIST, ASSIST, CONFIDENTIALITY","AS‌SIST, AS‌SIST, CO‌NFIDENTIALITY"
00026.da18dbed27ae933172f7a70f860c6ad0,00026__salted__extended__cp200D__single.da18dbed27ae933172f7a70f860c6ad0,extended,200D,single,,,,"ASSIST, ASSIST, CONFIDENTIALITY","AS‍SIST, AS‍SIST, CO‍NFIDENTIALITY"
00026.da18dbed27ae933172f7a70f860c6ad0,00026__salted__extended__cp00AD__single.da18dbed27ae933172f7a70f860c6ad0,extended,00AD,single,,,,"ASSIST, ASSIST, CONFIDENTIALITY","AS­SIST, AS­SIST, CO­NFIDENTIALITY"
00027.d1d0f97e096fe08fc80a4939355759e7,00027__salted__extended__cp200B__single.d1d0f97e096fe08fc80a4939355759e7,extended,200B,single,,,,"Guaranteed, zzzz","Gu​aranteed, zz​zz"
00027.d1d0f97e096fe08fc80a4939355759e7,00027__salted__extended__cp200C__single.d1d0f97e096fe08fc80a4939355759e7,extended,200C,single,,,,"Guaranteed, zzzz","Gu‌aranteed, zz‌zz"
00027.d1d0f97e096fe08fc80a4939355759e7,00027__salted__extended__cp200D__single.d1d0f97e096fe08fc80a4939355759e7,extended,200D,single,,,,"Guaranteed, zzzz","Gu‍aranteed, zz‍zz"
00027.d1d0f97e096fe08fc80a4939355759e7,00027__salted__extended__cp00AD__single.d1d0f97e096fe08fc80a4939355759e7,extended,00AD,single,,,,"Guaranteed, zzzz","Gu­aranteed, zz­zz"
00029.de865ad8d5ad0df985ae2f72388befba,00029__salted__extended__cp200B__single.de865ad8d5ad0df985ae2f72388befba,extended,200B,single,,Insurance,In​surance,,
00029.de865ad8d5ad0df985ae2f72388befba,00029__salted__extended__cp200C__single.de865ad8d5ad0df985ae2f72388befba,extended,200C,single,,Insurance,In‌surance,,
00029.de865ad8d5ad0df985ae2f72388befba,00029__salted__extended__cp200D__single.de865ad8d5ad0df985ae2f72388befba,extended,200D,single,,Insurance,In‍surance,,
00029.de865ad8d5ad0df985ae2f72388befba,00029__salted__extended__cp00AD__single.de865ad8d5ad0df985ae2f72388befba,extended,00AD,single,,Insurance,In­surance,,
00032.3b93a3c65e0a2454fc9646ce01363938,00032__salted__extended__cp200B__single.3b93a3c65e0a2454fc9646ce01363938,extended,200B,single,,Insurance,In​surance,,
00032.3b93a3c65e0a2454fc9646ce01363938,00032__salted__extended__cp200C__single.3b93a3c65e0a2454fc9646ce01363938,extended,200C,single,,Insurance,In‌surance,,
00032.3b93a3c65e0a2454fc9646ce01363938,00032__salted__extended__cp200D__single.3b93a3c65e0a2454fc9646ce01363938,extended,200D,single,,Insurance,In‍surance,,
00032.3b93a3c65e0a2454fc9646ce01363938,00032__salted__extended__cp00AD__single.3b93a3c65e0a2454fc9646ce01363938,extended,00AD,single,,Insurance,In­surance,,
00032.7b07a09236ce9feb12d80197144d3206,00032__salted__extended__cp200B__single.7b07a09236ce9feb12d80197144d3206,extended,200B,single,,,,Guaranteed,Gu​aranteed
00032.7b07a09236ce9feb12d80197144d3206,00032__salted__extended__cp200C__single.7b07a09236ce9feb12d80197144d3206,extended,200C,single,,,,Guaranteed,Gu‌aranteed
00032.7b07a09236ce9feb12d80197144d3206,00032__salted__extended__cp200D__single.7b07a09236ce9feb12d80197144d3206,extended,200D,single,,,,Guaranteed,Gu‍aranteed
00032.7b07a09236ce9feb12d80197144d3206,00032__salted__extended__cp00AD__single.7b07a09236ce9feb12d80197144d3206,extended,00AD,single,,,,Guaranteed,Gu­aranteed
00033.9babb58d9298daa2963d4f514193d7d6,00033__salted__extended__cp200B__single.9babb58d9298daa2963d4f514193d7d6,extended,200B,single,,Earn,Ea​rn,"earn, Postal, excite","ea​rn, Po​stal, ex​cite"
00033.9babb58d9298daa2963d4f514193d7d6,00033__salted__extended__cp200C__single.9babb58d9298daa2963d4f514193d7d6,extended,200C,single,,Earn,Ea‌rn,"earn, Postal, excite","ea‌rn, Po‌stal, ex‌cite"
00033.9babb58d9298daa2963d4f514193d7d6,00033__salted__extended__cp200D__single.9babb58d9298daa2963d4f514193d7d6,extended,200D,single,,Earn,Ea‍rn,"earn, Postal, excite","ea‍rn, Po‍stal, ex‍cite"
00033.9babb58d9298daa2963d4f514193d7d6,00033__salted__extended__cp00AD__single.9babb58d9298daa2963d4f514193d7d6,extended,00AD,single,,Earn,Ea­rn,"earn, Postal, excite","ea­rn, Po­stal, ex­cite"
00034.8e582263070076dfe6000411d9b13ce6,00034__salted__extended__cp200B__single.8e582263070076dfe6000411d9b13ce6,extended,200B,single,,,,"NBC, CBS, Oprah","NB​C, CB​S, Op​rah"
00034.8e582263070076dfe6000411d9b13ce6,00034__salted__extended__cp200C__single.8e582263070076dfe6000411d9b13ce6,extended,200C,single,,,,"NBC, CBS, Oprah","NB‌C, CB‌S, Op‌rah"
00034.8e582263070076dfe6000411d9b13ce6,00034__salted__extended__cp200D__single.8e582263070076dfe6000411d9b13ce6,extended,200D,single,,,,"NBC, CBS, Oprah","NB‍C, CB‍S, Op‍rah"
00034.8e582263070076dfe6000411d9b13ce6,00034__salted__extended__cp00AD__single.8e582263070076dfe6000411d9b13ce6,extended,00AD,single,,,,"NBC, CBS, Oprah","NB­C, CB­S, Op­rah"
00037.21cc985cc36d931916863aed24de8c27,00037__salted__extended__cp200B__single.21cc985cc36d931916863aed24de8c27,extended,200B,single,,Viagra,Vi​agra,,
00037.21cc985cc36d931916863aed24de8c27,00037__salted__extended__cp200C__single.21cc985cc36d931916863aed24de8c27,extended,200C,single,,Viagra,Vi‌agra,,
00037.21cc985cc36d931916863aed24de8c27,00037__salted__extended__cp200D__single.21cc985cc36d931916863aed24de8c27,extended,200D,single,,Viagra,Vi‍agra,,
00037.21cc985cc36d931916863aed24de8c27,00037__salted__extended__cp00AD__single.21cc985cc36d931916863aed24de8c27,extended,00AD,single,,Viagra,Vi­agra,,
00037.c7f0ce13d4cad8202f3d1a02b5cc5a1d,00037__salted__extended__cp200B__single.c7f0ce13d4cad8202f3d1a02b5cc5a1d,extended,200B,single,,,,"ATTN, assist, assistance","AT​TN, as​sist, as​sistance"
00037.c7f0ce13d4cad8202f3d1a02b5cc5a1d,00037__salted__extended__cp200C__single.c7f0ce13d4cad8202f3d1a02b5cc5a1d,extended,200C,single,,,,"ATTN, assist, assistance","AT‌TN, as‌sist, as‌sistance"
00037.c7f0ce13d4cad8202f3d1a02b5cc5a1d,00037__salted__extended__cp200D__single.c7f0ce13d4cad8202f3d1a02b5cc5a1d,extended,200D,single,,,,"ATTN, assist, assistance","AT‍TN, as‍sist, as‍sistance"
00037.c7f0ce13d4cad8202f3d1a02b5cc5a1d,00037__salted__extended__cp00AD__single.c7f0ce13d4cad8202f3d1a02b5cc5a1d,extended,00AD,single,,,,"ATTN, assist, assistance","AT­TN, as­sist, as­sistance"
00038.8d93819b95ff90bf2e2b141c2909bfc9,00038__salted__extended__cp200B__single.8d93819b95ff90bf2e2b141c2909bfc9,extended,200B,single,,,,"click, click, Click","cl​ick, cl​ick, Cl​ick"
00038.8d93819b95ff90bf2e2b141c2909bfc9,00038__salted__extended__cp200C__single.8d93819b95ff90bf2e2b141c2909bfc9,extended,200C,single,,,,"click, click, Click","cl‌ick, cl‌ick, Cl‌ick"
00038.8d93819b95ff90bf2e2b141c2909bfc9,00038__salted__extended__cp200D__single.8d93819b95ff90bf2e2b141c2909bfc9,extended,200D,single,,,,"click, click, Click","cl‍ick, cl‍ick, Cl‍ick"
00038.8d93819b95ff90bf2e2b141c2909bfc9,00038__salted__extended__cp00AD__single.8d93819b95ff90bf2e2b141c2909bfc9,extended,00AD,single,,,,"click, click, Click","cl­ick, cl­ick, Cl­ick"
00040.949a3d300eadb91d8745f1c1dab51133,00040__salted__extended__cp200B__single.949a3d300eadb91d8745f1c1dab51133,extended,200B,single,,,,"Sir, Madam, Promotion","Si​r, Ma​dam, Pr​omotion"
00040.949a3d300eadb91d8745f1c1dab51133,00040__salted__extended__cp200C__single.949a3d300eadb91d8745f1c1dab51133,extended,200C,single,,,,"Sir, Madam, Promotion","Si‌r, Ma‌dam, Pr‌omotion"
00040.949a3d300eadb91d8745f1c1dab51133,00040__salted__extended__cp200D__single.949a3d300eadb91d8745f1c1dab51133,extended,200D,single,,,,"Sir, Madam, Promotion","Si‍r, Ma‍dam, Pr‍omotion"
00040.949a3d300eadb91d8745f1c1dab51133,00040__salted__extended__cp00AD__single.949a3d300eadb91d8745f1c1dab51133,extended,00AD,single,,,,"Sir, Madam, Promotion","Si­r, Ma­dam, Pr­omotion"
00041.1b8dedcc43e75c0f4cd5e0d12c4eea8b,00041__salted__extended__cp200B__single.1b8dedcc43e75c0f4cd5e0d12c4eea8b,extended,200B,single,,loans,lo​ans,,
00041.1b8dedcc43e75c0f4cd5e0d12c4eea8b,00041__salted__extended__cp200C__single.1b8dedcc43e75c0f4cd5e0d12c4eea8b,extended,200C,single,,loans,lo‌ans,,
00041.1b8dedcc43e75c0f4cd5e0d12c4eea8b,00041__salted__extended__cp200D__single.1b8dedcc43e75c0f4cd5e0d12c4eea8b,extended,200D,single,,loans,lo‍ans,,
00041.1b8dedcc43e75c0f4cd5e0d12c4eea8b,00041__salted__extended__cp00AD__single.1b8dedcc43e75c0f4cd5e0d12c4eea8b,extended,00AD,single,,loans,lo­ans,,
00041.f1b3402799046db3c1f143a911dc085d,00041__salted__extended__cp200B__single.f1b3402799046db3c1f143a911dc085d,extended,200B,single,,,,"Sir, Madam, Promotion","Si​r, Ma​dam, Pr​omotion"
00041.f1b3402799046db3c1f143a911dc085d,00041__salted__extended__cp200C__single.f1b3402799046db3c1f143a911dc085d,extended,200C,single,,,,"Sir, Madam, Promotion","Si‌r, Ma‌dam, Pr‌omotion"
00041.f1b3402799046db3c1f143a911dc085d,00041__salted__extended__cp200D__single.f1b3402799046db3c1f143a911dc085d,extended,200D,single,,,,"Sir, Madam, Promotion","Si‍r, Ma‍dam, Pr‍omotion"
00041.f1b3402799046db3c1f143a911dc085d,00041__salted__extended__cp00AD__single.f1b3402799046db3c1f143a911dc085d,extended,00AD,single,,,,"Sir, Madam, Promotion","Si­r, Ma­dam, Pr­omotion"
00043.548c447db5d9ba3f5546de96baa9b0e6,00043__salted__extended__cp200B__single.548c447db5d9ba3f5546de96baa9b0e6,extended,200B,single,,,,click,cl​ick
00043.548c447db5d9ba3f5546de96baa9b0e6,00043__salted__extended__cp200C__single.548c447db5d9ba3f5546de96baa9b0e6,extended,200C,single,,,,click,cl‌ick
00043.548c447db5d9ba3f5546de96baa9b0e6,00043__salted__extended__cp200D__single.548c447db5d9ba3f5546de96baa9b0e6,extended,200D,single,,,,click,cl‍ick
00043.548c447db5d9ba3f5546de96baa9b0e6,00043__salted__extended__cp00AD__single.548c447db5d9ba3f5546de96baa9b0e6,extended,00AD,single,,,,click,cl­ick
00045.7282c2c4e009744f2f3450d370009235,00045__salted__extended__cp200B__single.7282c2c4e009744f2f3450d370009235,extended,200B,single,,,,"Guaranteed, zzzz","Gu​aranteed, zz​zz"
00045.7282c2c4e009744f2f3450d370009235,00045__salted__extended__cp200C__single.7282c2c4e009744f2f3450d370009235,extended,200C,single,,,,"Guaranteed, zzzz","Gu‌aranteed, zz‌zz"
00045.7282c2c4e009744f2f3450d370009235,00045__salted__extended__cp200D__single.7282c2c4e009744f2f3450d370009235,extended,200D,single,,,,"Guaranteed, zzzz","Gu‍aranteed, zz‍zz"
00045.7282c2c4e009744f2f3450d370009235,00045__salted__extended__cp00AD__single.7282c2c4e009744f2f3450d370009235,extended,00AD,single,,,,"Guaranteed, zzzz","Gu­aranteed, zz­zz"
00046.e0fd04360622dbe9250380447f6465cc,00046__salted__extended__cp200B__single.e0fd04360622dbe9250380447f6465cc,extended,200B,single,,Attn,At​tn,,
00046.e0fd04360622dbe9250380447f6465cc,00046__salted__extended__cp200C__single.e0fd04360622dbe9250380447f6465cc,extended,200C,single,,Attn,At‌tn,,
00046.e0fd04360622dbe9250380447f6465cc,00046__salted__extended__cp200D__single.e0fd04360622dbe9250380447f6465cc,extended,200D,single,,Attn,At‍tn,,
00046.e0fd04360622dbe9250380447f6465cc,00046__salted__extended__cp00AD__single.e0fd04360622dbe9250380447f6465cc,extended,00AD,single,,Attn,At­tn,,
00047.0d7a240951e460b5884a8886ee64a8c3,00047__salted__extended__cp200B__single.0d7a240951e460b5884a8886ee64a8c3,extended,200B,single,,ADV,AD​V,,
00047.0d7a240951e460b5884a8886ee64a8c3,00047__salted__extended__cp200C__single.0d7a240951e460b5884a8886ee64a8c3,extended,200C,single,,ADV,AD‌V,,
00047.0d7a240951e460b5884a8886ee64a8c3,00047__salted__extended__cp200D__single.0d7a240951e460b5884a8886ee64a8c3,extended,200D,single,,ADV,AD‍V,,
00047.0d7a240951e460b5884a8886ee64a8c3,00047__salted__extended__cp00AD__single.0d7a240951e460b5884a8886ee64a8c3,extended,00AD,single,,ADV,AD­V,,
00050.45de99e8c120fddafe7c89fb3de1c14f,00050__salted__extended__cp200B__single.45de99e8c120fddafe7c89fb3de1c14f,extended,200B,single,,Insurance,In​surance,,
00050.45de99e8c120fddafe7c89fb3de1c14f,00050__salted__extended__cp200C__single.45de99e8c120fddafe7c89fb3de1c14f,extended,200C,single,,Insurance,In‌surance,,
00050.45de99e8c120fddafe7c89fb3de1c14f,00050__salted__extended__cp200D__single.45de99e8c120fddafe7c89fb3de1c14f,extended,200D,single,,Insurance,In‍surance,,
00050.45de99e8c120fddafe7c89fb3de1c14f,00050__salted__extended__cp00AD__single.45de99e8c120fddafe7c89fb3de1c14f,extended,00AD,single,,Insurance,In­surance,,
00051.fd20658f0e586d1f27f9396401f4981c,00051__salted__extended__cp200B__single.fd20658f0e586d1f27f9396401f4981c,extended,200B,single,,,,click,cl​ick
00051.fd20658f0e586d1f27f9396401f4981c,00051__salted__extended__cp200C__single.fd20658f0e586d1f27f9396401f4981c,extended,200C,single,,,,click,cl‌ick
00051.fd20658f0e586d1f27f9396401f4981c,00051__salted__extended__cp200D__single.fd20658f0e586d1f27f9396401f4981c,extended,200D,single,,,,click,cl‍ick
00051.fd20658f0e586d1f27f9396401f4981c,00051__salted__extended__cp00AD__single.fd20658f0e586d1f27f9396401f4981c,extended,00AD,single,,,,click,cl­ick
00052.edb775ef7470f35cd593d07e5a0466a8,00052__salted__extended__cp200B__single.edb775ef7470f35cd593d07e5a0466a8,extended,200B,single,,Mortgage,Mo​rtgage,,
00052.edb775ef7470f35cd593d07e5a0466a8,00052__salted__extended__cp200C__single.edb775ef7470f35cd593d07e5a0466a8,extended,200C,single,,Mortgage,Mo‌rtgage,,
00052.edb775ef7470f35cd593d07e5a0466a8,00052__salted__extended__cp200D__single.edb775ef7470f35cd593d07e5a0466a8,extended,200D,single,,Mortgage,Mo‍rtgage,,
00052.edb775ef7470f35cd593d07e5a0466a8,00052__salted__extended__cp00AD__single.edb775ef7470f35cd593d07e5a0466a8,extended,00AD,single,,Mortgage,Mo­rtgage,,
00054.62863160db27f89df8c73275b6dae134,00054__salted__extended__cp200B__single.62863160db27f89df8c73275b6dae134,extended,200B,single,,ADV,AD​V,,
00054.62863160db27f89df8c73275b6dae134,00054__salted__extended__cp200C__single.62863160db27f89df8c73275b6dae134,extended,200C,single,,ADV,AD‌V,,
00054.62863160db27f89df8c73275b6dae134,00054__salted__extended__cp200D__single.62863160db27f89df8c73275b6dae134,extended,200D,single,,ADV,AD‍V,,
00054.62863160db27f89df8c73275b6dae134,00054__salted__extended__cp00AD__single.62863160db27f89df8c73275b6dae134,extended,00AD,single,,ADV,AD­V,,
00056.c56d61cadd81b4ade0030c8dee384704,00056__salted__extended__cp200B__single.c56d61cadd81b4ade0030c8dee384704,extended,200B,single,,,,"receive, click, Testimonials","re​ceive, cl​ick, Te​stimonials"
00056.c56d61cadd81b4ade0030c8dee384704,00056__salted__extended__cp200C__single.c56d61cadd81b4ade0030c8dee384704,extended,200C,single,,,,"receive, click, Testimonials","re‌ceive, cl‌ick, Te‌stimonials"
00056.c56d61cadd81b4ade0030c8dee384704,00056__salted__extended__cp200D__single.c56d61cadd81b4ade0030c8dee384704,extended,200D,single,,,,"receive, click, Testimonials","re‍ceive, cl‍ick, Te‍stimonials"
00056.c56d61cadd81b4ade0030c8dee384704,00056__salted__extended__cp00AD__single.c56d61cadd81b4ade0030c8dee384704,extended,00AD,single,,,,"receive, click, Testimonials","re­ceive, cl­ick, Te­stimonials"
00057.0a2e17bde9485e999ac2259df38528e2,00057__salted__extended__cp200B__single.0a2e17bde9485e999ac2259df38528e2,extended,200B,single,,ADV,AD​V,,
00057.0a2e17bde9485e999ac2259df38528e2,00057__salted__extended__cp200C__single.0a2e17bde9485e999ac2259df38528e2,extended,200C,single,,ADV,AD‌V,,
00057.0a2e17bde9485e999ac2259df38528e2,00057__salted__extended__cp200D__single.0a2e17bde9485e999ac2259df38528e2,extended,200D,single,,ADV,AD‍V,,
00057.0a2e17bde9485e999ac2259df38528e2,00057__salted__extended__cp00AD__single.0a2e17bde9485e999ac2259df38528e2,extended,00AD,single,,ADV,AD­V,,
00058.64bb1902c4e561fb3e521a6dbf8625be,00058__salted__extended__cp200B__single.64bb1902c4e561fb3e521a6dbf8625be,extended,200B,single,,Insurance,In​surance,,
00058.64bb1902c4e561fb3e521a6dbf8625be,00058__salted__extended__cp200C__single.64bb1902c4e561fb3e521a6dbf8625be,extended,200C,single,,Insurance,In‌surance,,
00058.64bb1902c4e561fb3e521a6dbf8625be,00058__salted__extended__cp200D__single.64bb1902c4e561fb3e521a6dbf8625be,extended,200D,single,,Insurance,In‍surance,,
00058.64bb1902c4e561fb3e521a6dbf8625be,00058__salted__extended__cp00AD__single.64bb1902c4e561fb3e521a6dbf8625be,extended,00AD,single,,Insurance,In­surance,,
00060.639a625d0a724d7411e1d5e2e7cb2bc3,00060__salted__extended__cp200B__single.639a625d0a724d7411e1d5e2e7cb2bc3,extended,200B,single,,Guaranteed,Gu​aranteed,,
00060.639a625d0a724d7411e1d5e2e7cb2bc3,00060__salted__extended__cp200C__single.639a625d0a724d7411e1d5e2e7cb2bc3,extended,200C,single,,Guaranteed,Gu‌aranteed,,
00060.639a625d0a724d7411e1d5e2e7cb2bc3,00060__salted__extended__cp200D__single.639a625d0a724d7411e1d5e2e7cb2bc3,extended,200D,single,,Guaranteed,Gu‍aranteed,,
00060.639a625d0a724d7411e1d5e2e7cb2bc3,00060__salted__extended__cp00AD__single.639a625d0a724d7411e1d5e2e7cb2bc3,extended,00AD,single,,Guaranteed,Gu­aranteed,,
00060.ec71d52a6f585ace52f4a2a2be2adfce,00060__salted__extended__cp200B__single.ec71d52a6f585ace52f4a2a2be2adfce,extended,200B,single,,,,"Premium, Earn","Pr​emium, Ea​rn"
00060.ec71d52a6f585ace52f4a2a2be2adfce,00060__salted__extended__cp200C__single.ec71d52a6f585ace52f4a2a2be2adfce,extended,200C,single,,,,"Premium, Earn","Pr‌emium, Ea‌rn"
00060.ec71d52a6f585ace52f4a2a2be2adfce,00060__salted__extended__cp200D__single.ec71d52a6f585ace52f4a2a2be2adfce,extended,200D,single,,,,"Premium, Earn","Pr‍emium, Ea‍rn"
00060.ec71d52a6f585ace52f4a2a2be2adfce,00060__salted__extended__cp00AD__single.ec71d52a6f585ace52f4a2a2be2adfce,extended,00AD,single,,,,"Premium, Earn","Pr­emium, Ea­rn"
00063.2334fb4e465fc61e8406c75918ff72ed,00063__salted__extended__cp200B__single.2334fb4e465fc61e8406c75918ff72ed,extended,200B,single,,zzzz,zz​zz,"Consultation, Fees, Fees","Co​nsultation, Fe​es, Fe​es"
00063.2334fb4e465fc61e8406c75918ff72ed,00063__salted__extended__cp200C__single.2334fb4e465fc61e8406c75918ff72ed,extended,200C,single,,zzzz,zz‌zz,"Consultation, Fees, Fees","Co‌nsultation, Fe‌es, Fe‌es"
00063.2334fb4e465fc61e8406c75918ff72ed,00063__salted__extended__cp200D__single.2334fb4e465fc61e8406c75918ff72ed,extended,200D,single,,zzzz,zz‍zz,"Consultation, Fees, Fees","Co‍nsultation, Fe‍es, Fe‍es"
00063.2334fb4e465fc61e8406c75918ff72ed,00063__salted__extended__cp00AD__single.2334fb4e465fc61e8406c75918ff72ed,extended,00AD,single,,zzzz,zz­zz,"Consultation, Fees, Fees","Co­nsultation, Fe­es, Fe­es"
00064.65b95365450ebe5eef61e7f1c60edc5e,00064__salted__extended__cp200B__single.65b95365450ebe5eef61e7f1c60edc5e,extended,200B,single,,,,"Premium, Earn","Pr​emium, Ea​rn"
00064.65b95365450ebe5eef61e7f1c60edc5e,00064__salted__extended__cp200C__single.65b95365450ebe5eef61e7f1c60edc5e,extended,200C,single,,,,"Premium, Earn","Pr‌emium, Ea‌rn"
00064.65b95365450ebe5eef61e7f1c60edc5e,00064__salted__extended__cp200D__single.65b95365450ebe5eef61e7f1c60edc5e,extended,200D,single,,,,"Premium, Earn","Pr‍emium, Ea‍rn"
00064.65b95365450ebe5eef61e7f1c60edc5e,00064__salted__extended__cp00AD__single.65b95365450ebe5eef61e7f1c60edc5e,extended,00AD,single,,,,"Premium, Earn","Pr­emium, Ea­rn"
00065.6203de135559b319326445aafd68dbca,00065__salted__extended__cp200B__single.6203de135559b319326445aafd68dbca,extended,200B,single,,,,"affordable, affordable, fees","af​fordable, af​fordable, fe​es"
00065.6203de135559b319326445aafd68dbca,00065__salted__extended__cp200C__single.6203de135559b319326445aafd68dbca,extended,200C,single,,,,"affordable, affordable, fees","af‌fordable, af‌fordable, fe‌es"
00065.6203de135559b319326445aafd68dbca,00065__salted__extended__cp200D__single.6203de135559b319326445aafd68dbca,extended,200D,single,,,,"affordable, affordable, fees","af‍fordable, af‍fordable, fe‍es"
00065.6203de135559b319326445aafd68dbca,00065__salted__extended__cp00AD__single.6203de135559b319326445aafd68dbca,extended,00AD,single,,,,"affordable, affordable, fees","af­fordable, af­fordable, fe­es"
00067.ec108870b01dc3ccb8fabc5def869ca5,00067__salted__extended__cp200B__single.ec108870b01dc3ccb8fabc5def869ca5,extended,200B,single,,SYSTEMWORKS,SY​STEMWORKS,,
00067.ec108870b01dc3ccb8fabc5def869ca5,00067__salted__extended__cp200C__single.ec108870b01dc3ccb8fabc5def869ca5,extended,200C,single,,SYSTEMWORKS,SY‌STEMWORKS,,
00067.ec108870b01dc3ccb8fabc5def869ca5,00067__salted__extended__cp200D__single.ec108870b01dc3ccb8fabc5def869ca5,extended,200D,single,,SYSTEMWORKS,SY‍STEMWORKS,,
00067.ec108870b01dc3ccb8fabc5def869ca5,00067__salted__extended__cp00AD__single.ec108870b01dc3ccb8fabc5def869ca5,extended,00AD,single,,SYSTEMWORKS,SY­STEMWORKS,,
00068.2999b3d00828ac3fbd6a7cd27a6c6321,00068__salted__extended__cp200B__single.2999b3d00828ac3fbd6a7cd27a6c6321,extended,200B,single,,Earn,Ea​rn,,
00068.2999b3d00828ac3fbd6a7cd27a6c6321,00068__salted__extended__cp200C__single.2999b3d00828ac3fbd6a7cd27a6c6321,extended,200C,single,,Earn,Ea‌rn,,
00068.2999b3d00828ac3fbd6a7cd27a6c6321,00068__salted__extended__cp200D__single.2999b3d00828ac3fbd6a7cd27a6c6321,extended,200D,single,,Earn,Ea‍rn,,
00068.2999b3d00828ac3fbd6a7cd27a6c6321,00068__salted__extended__cp00AD__single.2999b3d00828ac3fbd6a7cd27a6c6321,extended,00AD,single,,Earn,Ea­rn,,
00068.d10af636a6082d5172ceb34a944486e6,00068__salted__extended__cp200B__single.d10af636a6082d5172ceb34a944486e6,extended,200B,single,,,,"refinance, mortgage, refinance","re​finance, mo​rtgage, re​finance"
00068.d10af636a6082d5172ceb34a944486e6,00068__salted__extended__cp200C__single.d10af636a6082d5172ceb34a944486e6,extended,200C,single,,,,"refinance, mortgage, refinance","re‌finance, mo‌rtgage, re‌finance"
00068.d10af636a6082d5172ceb34a944486e6,00068__salted__extended__cp200D__single.d10af636a6082d5172ceb34a944486e6,extended,200D,single,,,,"refinance, mortgage, refinance","re‍finance, mo‍rtgage, re‍finance"
00068.d10af636a6082d5172ceb34a944486e6,00068__salted__extended__cp00AD__single.d10af636a6082d5172ceb34a944486e6,extended,00AD,single,,,,"refinance, mortgage, refinance","re­finance, mo­rtgage, re­finance"
00069.066b1a012235d062a5da73eead4a6b35,00069__salted__extended__cp200B__single.066b1a012235d062a5da73eead4a6b35,extended,200B,single,,zzzz,zz​zz,"zzzz, Click, Click","zz​zz, Cl​ick, Cl​ick"
00069.066b1a012235d062a5da73eead4a6b35,00069__salted__extended__cp200C__single.066b1a012235d062a5da73eead4a6b35,extended,200C,single,,zzzz,zz‌zz,"zzzz, Click, Click","zz‌zz, Cl‌ick, Cl‌ick"
00069.066b1a012235d062a5da73eead4a6b35,00069__salted__extended__cp200D__single.066b1a012235d062a5da73eead4a6b35,extended,200D,single,,zzzz,zz‍zz,"zzzz, Click, Click","zz‍zz, Cl‍ick, Cl‍ick"
00069.066b1a012235d062a5da73eead4a6b35,00069__salted__extended__cp00AD__single.066b1a012235d062a5da73eead4a6b35,extended,00AD,single,,zzzz,zz­zz,"zzzz, Click, Click","zz­zz, Cl­ick, Cl­ick"
00072.d519a73b92f487519c2bc5ba45f5eb2c,00072__salted__extended__cp200B__single.d519a73b92f487519c2bc5ba45f5eb2c,extended,200B,single,,,,CLICK,CL​ICK
00072.d519a73b92f487519c2bc5ba45f5eb2c,00072__salted__extended__cp200C__single.d519a73b92f487519c2bc5ba45f5eb2c,extended,200C,single,,,,CLICK,CL‌ICK
00072.d519a73b92f487519c2bc5ba45f5eb2c,00072__salted__extended__cp200D__single.d519a73b92f487519c2bc5ba45f5eb2c,extended,200D,single,,,,CLICK,CL‍ICK
00072.d519a73b92f487519c2bc5ba45f5eb2c,00072__salted__extended__cp00AD__single.d519a73b92f487519c2bc5ba45f5eb2c,extended,00AD,single,,,,CLICK,CL­ICK
00072.eb147f0714c89bf35a0ab1852890555d,00072__salted__extended__cp200B__single.eb147f0714c89bf35a0ab1852890555d,extended,200B,single,,Loan,Lo​an,,
00072.eb147f0714c89bf35a0ab1852890555d,00072__salted__extended__cp200C__single.eb147f0714c89bf35a0ab1852890555d,extended,200C,single,,Loan,Lo‌an,,
00072.eb147f0714c89bf35a0ab1852890555d,00072__salted__extended__cp200D__single.eb147f0714c89bf35a0ab1852890555d,extended,200D,single,,Loan,Lo‍an,,
00072.eb147f0714c89bf35a0ab1852890555d,00072__salted__extended__cp00AD__single.eb147f0714c89bf35a0ab1852890555d,extended,00AD,single,,Loan,Lo­an,,
00074.f7cfc6a5142e788004e0cff70e3a36c0,00074__salted__extended__cp200B__single.f7cfc6a5142e788004e0cff70e3a36c0,extended,200B,single,,VIAGRA,VI​AGRA,,
00074.f7cfc6a5142e788004e0cff70e3a36c0,00074__salted__extended__cp200C__single.f7cfc6a5142e788004e0cff70e3a36c0,extended,200C,single,,VIAGRA,VI‌AGRA,,
00074.f7cfc6a5142e788004e0cff70e3a36c0,00074__salted__extended__cp200D__single.f7cfc6a5142e788004e0cff70e3a36c0,extended,200D,single,,VIAGRA,VI‍AGRA,,
00074.f7cfc6a5142e788004e0cff70e3a36c0,00074__salted__extended__cp00AD__single.f7cfc6a5142e788004e0cff70e3a36c0,extended,00AD,single,,VIAGRA,VI­AGRA,,
00076.066bf704d9c4a3cf45da5ac7a6b684f8,00076__salted__extended__cp200B__single.066bf704d9c4a3cf45da5ac7a6b684f8,extended,200B,single,,Tobacco,To​bacco,,
00076.066bf704d9c4a3cf45da5ac7a6b684f8,00076__salted__extended__cp200C__single.066bf704d9c4a3cf45da5ac7a6b684f8,extended,200C,single,,Tobacco,To‌bacco,,
00076.066bf704d9c4a3cf45da5ac7a6b684f8,00076__salted__extended__cp200D__single.066bf704d9c4a3cf45da5ac7a6b684f8,extended,200D,single,,Tobacco,To‍bacco,,
00076.066bf704d9c4a3cf45da5ac7a6b684f8,00076__salted__extended__cp00AD__single.066bf704d9c4a3cf45da5ac7a6b684f8,extended,00AD,single,,Tobacco,To­bacco,,
00077.c85b7442247d61308f15d86aa125ec28,00077__salted__extended__cp200B__single.c85b7442247d61308f15d86aa125ec28,extended,200B,single,,,,"LAGOS, NIGERIA, ATTN","LA​GOS, NI​GERIA, AT​TN"
00077.c85b7442247d61308f15d86aa125ec28,00077__salted__extended__cp200C__single.c85b7442247d61308f15d86aa125ec28,extended,200C,single,,,,"LAGOS, NIGERIA, ATTN","LA‌GOS, NI‌GERIA, AT‌TN"
00077.c85b7442247d61308f15d86aa125ec28,00077__salted__extended__cp200D__single.c85b7442247d61308f15d86aa125ec28,extended,200D,single,,,,"LAGOS, NIGERIA, ATTN","LA‍GOS, NI‍GERIA, AT‍TN"
00077.c85b7442247d61308f15d86aa125ec28,00077__salted__extended__cp00AD__single.c85b7442247d61308f15d86aa125ec28,extended,00AD,single,,,,"LAGOS, NIGERIA, ATTN","LA­GOS, NI­GERIA, AT­TN"
00080.5a7386cb47846dfef68429241ad80354,00080__salted__extended__cp200B__single.5a7386cb47846dfef68429241ad80354,extended,200B,single,,,,"receive, mailings, communication","re​ceive, ma​ilings, co​mmunication"
00080.5a7386cb47846dfef68429241ad80354,00080__salted__extended__cp200C__single.5a7386cb47846dfef68429241ad80354,extended,200C,single,,,,"receive, mailings, communication","re‌ceive, ma‌ilings, co‌mmunication"
00080.5a7386cb47846dfef68429241ad80354,00080__salted__extended__cp200D__single.5a7386cb47846dfef68429241ad80354,extended,200D,single,,,,"receive, mailings, communication","re‍ceive, ma‍ilings, co‍mmunication"
00080.5a7386cb47846dfef68429241ad80354,00080__salted__extended__cp00AD__single.5a7386cb47846dfef68429241ad80354,extended,00AD,single,,,,"receive, mailings, communication","re­ceive, ma­ilings, co­mmunication"
00081.123b29a781b2e8c83763e5d440e672a3,00081__salted__extended__cp200B__single.123b29a781b2e8c83763e5d440e672a3,extended,200B,single,,,,"Guaranteed, herbal, Click","Gu​aranteed, he​rbal, Cl​ick"
00081.123b29a781b2e8c83763e5d440e672a3,00081__salted__extended__cp200C__single.123b29a781b2e8c83763e5d440e672a3,extended,200C,single,,,,"Guaranteed, herbal, Click","Gu‌aranteed, he‌rbal, Cl‌ick"
00081.123b29a781b2e8c83763e5d440e672a3,00081__salted__extended__cp200D__single.123b29a781b2e8c83763e5d440e672a3,extended,200D,single,,,,"Guaranteed, herbal, Click","Gu‍aranteed, he‍rbal, Cl‍ick"
00081.123b29a781b2e8c83763e5d440e672a3,00081__salted__extended__cp00AD__single.123b29a781b2e8c83763e5d440e672a3,extended,00AD,single,,,,"Guaranteed, herbal, Click","Gu­aranteed, he­rbal, Cl­ick"
00082.0341a767bbaca01fd89b6236ef681257,00082__salted__extended__cp200B__single.0341a767bbaca01fd89b6236ef681257,extended,200B,single,,,,"ATTN, assist, assist","AT​TN, as​sist, as​sist"
00082.0341a767bbaca01fd89b6236ef681257,00082__salted__extended__cp200C__single.0341a767bbaca01fd89b6236ef681257,extended,200C,single,,,,"ATTN, assist, assist","AT‌TN, as‌sist, as‌sist"
00082.0341a767bbaca01fd89b6236ef681257,00082__salted__extended__cp200D__single.0341a767bbaca01fd89b6236ef681257,extended,200D,single,,,,"ATTN, assist, assist","AT‍TN, as‍sist, as‍sist"
00082.0341a767bbaca01fd89b6236ef681257,00082__salted__extended__cp00AD__single.0341a767bbaca01fd89b6236ef681257,extended,00AD,single,,,,"ATTN, assist, assist","AT­TN, as­sist, as­sist"
00084.a9f5b3a9b7feb7070f25ae76320c8ec6,00084__salted__extended__cp200B__single.a9f5b3a9b7feb7070f25ae76320c8ec6,extended,200B,single,,,,"Sir, Nigeria, Nigeria","Si​r, Ni​geria, Ni​geria"
00084.a9f5b3a9b7feb7070f25ae76320c8ec6,00084__salted__extended__cp200C__single.a9f5b3a9b7feb7070f25ae76320c8ec6,extended,200C,single,,,,"Sir, Nigeria, Nigeria","Si‌r, Ni‌geria, Ni‌geria"
00084.a9f5b3a9b7feb7070f25ae76320c8ec6,00084__salted__extended__cp200D__single.a9f5b3a9b7feb7070f25ae76320c8ec6,extended,200D,single,,,,"Sir, Nigeria, Nigeria","Si‍r, Ni‍geria, Ni‍geria"
00084.a9f5b3a9b7feb7070f25ae76320c8ec6,00084__salted__extended__cp00AD__single.a9f5b3a9b7feb7070f25ae76320c8ec6,extended,00AD,single,,,,"Sir, Nigeria, Nigeria","Si­r, Ni­geria, Ni­geria"
00085.ae2bf18f9dd33e3d80d11eda4c0be41d,00085__salted__extended__cp200B__single.ae2bf18f9dd33e3d80d11eda4c0be41d,extended,200B,single,,MasterCard,Ma​sterCard,,
00085.ae2bf18f9dd33e3d80d11eda4c0be41d,00085__salted__extended__cp200C__single.ae2bf18f9dd33e3d80d11eda4c0be41d,extended,200C,single,,MasterCard,Ma‌sterCard,,
00085.ae2bf18f9dd33e3d80d11eda4c0be41d,00085__salted__extended__cp200D__single.ae2bf18f9dd33e3d80d11eda4c0be41d,extended,200D,single,,MasterCard,Ma‍sterCard,,
00085.ae2bf18f9dd33e3d80d11eda4c0be41d,00085__salted__extended__cp00AD__single.ae2bf18f9dd33e3d80d11eda4c0be41d,extended,00AD,single,,MasterCard,Ma­sterCard,,
00085.f63a9484ac582233db057dbb45dc0eaf,00085__salted__extended__cp200B__single.f63a9484ac582233db057dbb45dc0eaf,extended,200B,single,,ADV,AD​V,"communication, earn, earning","co​mmunication, ea​rn, ea​rning"
00085.f63a9484ac582233db057dbb45dc0eaf,00085__salted__extended__cp200C__single.f63a9484ac582233db057dbb45dc0eaf,extended,200C,single,,ADV,AD‌V,"communication, earn, earning","co‌mmunication, ea‌rn, ea‌rning"
00085.f63a9484ac582233db057dbb45dc0eaf,00085__salted__extended__cp200D__single.f63a9484ac582233db057dbb45dc0eaf,extended,200D,single,,ADV,AD‍V,"communication, earn, earning","co‍mmunication, ea‍rn, ea‍rning"
00085.f63a9484ac582233db057dbb45dc0eaf,00085__salted__extended__cp00AD__single.f63a9484ac582233db057dbb45dc0eaf,extended,00AD,single,,ADV,AD­V,"communication, earn, earning","co­mmunication, ea­rn, ea­rning"
00086.5ddcb4859b292c984d1db6aeade5ac04,00086__salted__extended__cp200B__single.5ddcb4859b292c984d1db6aeade5ac04,extended,200B,single,,MasterCard,Ma​sterCard,,
00086.5ddcb4859b292c984d1db6aeade5ac04,00086__salted__extended__cp200C__single.5ddcb4859b292c984d1db6aeade5ac04,extended,200C,single,,MasterCard,Ma‌sterCard,,
00086.5ddcb4859b292c984d1db6aeade5ac04,00086__salted__extended__cp200D__single.5ddcb4859b292c984d1db6aeade5ac04,extended,200D,single,,MasterCard,Ma‍sterCard,,
00086.5ddcb4859b292c984d1db6aeade5ac04,00086__salted__extended__cp00AD__single.5ddcb4859b292c984d1db6aeade5ac04,extended,00AD,single,,MasterCard,Ma­sterCard,,
00087.f09438ca6392721e63696f4f753effbb,00087__salted__extended__cp200B__single.f09438ca6392721e63696f4f753effbb,extended,200B,single,,,,"affordable, affordable, fees","af​fordable, af​fordable, fe​es"
00087.f09438ca6392721e63696f4f753effbb,00087__salted__extended__cp200C__single.f09438ca6392721e63696f4f753effbb,extended,200C,single,,,,"affordable, affordable, fees","af‌fordable, af‌fordable, fe‌es"
00087.f09438ca6392721e63696f4f753effbb,00087__salted__extended__cp200D__single.f09438ca6392721e63696f4f753effbb,extended,200D,single,,,,"affordable, affordable, fees","af‍fordable, af‍fordable, fe‍es"
00087.f09438ca6392721e63696f4f753effbb,00087__salted__extended__cp00AD__single.f09438ca6392721e63696f4f753effbb,extended,00AD,single,,,,"affordable, affordable, fees","af­fordable, af­fordable, fe­es"
00089.7e7baae6ef4a8fb945d7b3fe551329fe,00089__salted__extended__cp200B__single.7e7baae6ef4a8fb945d7b3fe551329fe,extended,200B,single,,,,Buyers,Bu​yers
00089.7e7baae6ef4a8fb945d7b3fe551329fe,00089__salted__extended__cp200C__single.7e7baae6ef4a8fb945d7b3fe551329fe,extended,200C,single,,,,Buyers,Bu‌yers
00089.7e7baae6ef4a8fb945d7b3fe551329fe,00089__salted__extended__cp200D__single.7e7baae6ef4a8fb945d7b3fe551329fe,extended,200D,single,,,,Buyers,Bu‍yers
00089.7e7baae6ef4a8fb945d7b3fe551329fe,00089__salted__extended__cp00AD__single.7e7baae6ef4a8fb945d7b3fe551329fe,extended,00AD,single,,,,Buyers,Bu­yers
00090.52630c4c07cd069c7bc7658c1a7a7253,00090__salted__extended__cp200B__single.52630c4c07cd069c7bc7658c1a7a7253,extended,200B,single,,,,"annuity, Earn, annuity","an​nuity, Ea​rn, an​nuity"
00090.52630c4c07cd069c7bc7658c1a7a7253,00090__salted__extended__cp200C__single.52630c4c07cd069c7bc7658c1a7a7253,extended,200C,single,,,,"annuity, Earn, annuity","an‌nuity, Ea‌rn, an‌nuity"
00090.52630c4c07cd069c7bc7658c1a7a7253,00090__salted__extended__cp200D__single.52630c4c07cd069c7bc7658c1a7a7253,extended,200D,single,,,,"annuity, Earn, annuity","an‍nuity, Ea‍rn, an‍nuity"
00090.52630c4c07cd069c7bc7658c1a7a7253,00090__salted__extended__cp00AD__single.52630c4c07cd069c7bc7658c1a7a7253,extended,00AD,single,,,,"annuity, Earn, annuity","an­nuity, Ea­rn, an­nuity"
00091.bcaf9648660ba372bc4d542aa06456ad,00091__salted__extended__cp200B__single.bcaf9648660ba372bc4d542aa06456ad,extended,200B,single,,loan,lo​an,,
00091.bcaf9648660ba372bc4d542aa06456ad,00091__salted__extended__cp200C__single.bcaf9648660ba372bc4d542aa06456ad,extended,200C,single,,loan,lo‌an,,
00091.bcaf9648660ba372bc4d542aa06456ad,00091__salted__extended__cp200D__single.bcaf9648660ba372bc4d542aa06456ad,extended,200D,single,,loan,lo‍an,,
00091.bcaf9648660ba372bc4d542aa06456ad,00091__salted__extended__cp00AD__single.bcaf9648660ba372bc4d542aa06456ad,extended,00AD,single,,loan,lo­an,,
00093.ca4edc32d2ff8e1dbb5f9c0b15ec435b,00093__salted__extended__cp200B__single.ca4edc32d2ff8e1dbb5f9c0b15ec435b,extended,200B,single,,,,"Promotion, Deposit, click","Pr​omotion, De​posit, cl​ick"
00093.ca4edc32d2ff8e1dbb5f9c0b15ec435b,00093__salted__extended__cp200C__single.ca4edc32d2ff8e1dbb5f9c0b15ec435b,extended,200C,single,,,,"Promotion, Deposit, click","Pr‌omotion, De‌posit, cl‌ick"
00093.ca4edc32d2ff8e1dbb5f9c0b15ec435b,00093__salted__extended__cp200D__single.ca4edc32d2ff8e1dbb5f9c0b15ec435b,extended,200D,single,,,,"Promotion, Deposit, click","Pr‍omotion, De‍posit, cl‍ick"
00093.ca4edc32d2ff8e1dbb5f9c0b15ec435b,00093__salted__extended__cp00AD__single.ca4edc32d2ff8e1dbb5f9c0b15ec435b,extended,00AD,single,,,,"Promotion, Deposit, click","Pr­omotion, De­posit, cl­ick"
00095.17594a58d6736a8f6a1990b0b92090cd,00095__salted__extended__cp200B__single.17594a58d6736a8f6a1990b0b92090cd,extended,200B,single,,,,"click, compliance, click","cl​ick, co​mpliance, cl​ick"
00095.17594a58d6736a8f6a1990b0b92090cd,00095__salted__extended__cp200C__single.17594a58d6736a8f6a1990b0b92090cd,extended,200C,single,,,,"click, compliance, click","cl‌ick, co‌mpliance, cl‌ick"
00095.17594a58d6736a8f6a1990b0b92090cd,00095__salted__extended__cp200D__single.17594a58d6736a8f6a1990b0b92090cd,extended,200D,single,,,,"click, compliance, click","cl‍ick, co‍mpliance, cl‍ick"
00095.17594a58d6736a8f6a1990b0b92090cd,00095__salted__extended__cp00AD__single.17594a58d6736a8f6a1990b0b92090cd,extended,00AD,single,,,,"click, compliance, click","cl­ick, co­mpliance, cl­ick"
00096.a791864be5f1205bf2cea0adf241b25a,00096__salted__extended__cp200B__single.a791864be5f1205bf2cea0adf241b25a,extended,200B,single,,,,receive,re​ceive
00096.a791864be5f1205bf2cea0adf241b25a,00096__salted__extended__cp200C__single.a791864be5f1205bf2cea0adf241b25a,extended,200C,single,,,,receive,re‌ceive
00096.a791864be5f1205bf2cea0adf241b25a,00096__salted__extended__cp200D__single.a791864be5f1205bf2cea0adf241b25a,extended,200D,single,,,,receive,re‍ceive
00096.a791864be5f1205bf2cea0adf241b25a,00096__salted__extended__cp00AD__single.a791864be5f1205bf2cea0adf241b25a,extended,00AD,single,,,,receive,re­ceive
00097.013347cc91e7d0915074dccb0428883f,00097__salted__extended__cp200B__single.013347cc91e7d0915074dccb0428883f,extended,200B,single,,zzzz,zz​zz,"Guaranteed, herbal, Click","Gu​aranteed, he​rbal, Cl​ick"
00097.013347cc91e7d0915074dccb0428883f,00097__salted__extended__cp200C__single.013347cc91e7d0915074dccb0428883f,extended,200C,single,,zzzz,zz‌zz,"Guaranteed, herbal, Click","Gu‌aranteed, he‌rbal, Cl‌ick"
00097.013347cc91e7d0915074dccb0428883f,00097__salted__extended__cp200D__single.013347cc91e7d0915074dccb0428883f,extended,200D,single,,zzzz,zz‍zz,"Guaranteed, herbal, Click","Gu‍aranteed, he‍rbal, Cl‍ick"
00097.013347cc91e7d0915074dccb0428883f,00097__salted__extended__cp00AD__single.013347cc91e7d0915074dccb0428883f,extended,00AD,single,,zzzz,zz­zz,"Guaranteed, herbal, Click","Gu­aranteed, he­rbal, Cl­ick"
00098.f1f1a3bd3ec32d8e967fba2a7a03e1e5,00098__salted__extended__cp200B__single.f1f1a3bd3ec32d8e967fba2a7a03e1e5,extended,200B,single,,,,"Guaranteed, zzzz","Gu​aranteed, zz​zz"
00098.f1f1a3bd3ec32d8e967fba2a7a03e1e5,00098__salted__extended__cp200C__single.f1f1a3bd3ec32d8e967fba2a7a03e1e5,extended,200C,single,,,,"Guaranteed, zzzz","Gu‌aranteed, zz‌zz"
00098.f1f1a3bd3ec32d8e967fba2a7a03e1e5,00098__salted__extended__cp200D__single.f1f1a3bd3ec32d8e967fba2a7a03e1e5,extended,200D,single,,,,"Guaranteed, zzzz","Gu‍aranteed, zz‍zz"
00098.f1f1a3bd3ec32d8e967fba2a7a03e1e5,00098__salted__extended__cp00AD__single.f1f1a3bd3ec32d8e967fba2a7a03e1e5,extended,00AD,single,,,,"Guaranteed, zzzz","Gu­aranteed, zz­zz"
00099.d41a21dc96bb3c3342292f7c9fa4db1e,00099__salted__extended__cp200B__single.d41a21dc96bb3c3342292f7c9fa4db1e,extended,200B,single,,zzzz,zz​zz,,
00099.d41a21dc96bb3c3342292f7c9fa4db1e,00099__salted__extended__cp200C__single.d41a21dc96bb3c3342292f7c9fa4db1e,extended,200C,single,,zzzz,zz‌zz,,
00099.d41a21dc96bb3c3342292f7c9fa4db1e,00099__salted__extended__cp200D__single.d41a21dc96bb3c3342292f7c9fa4db1e,extended,200D,single,,zzzz,zz‍zz,,
00099.d41a21dc96bb3c3342292f7c9fa4db1e,00099__salted__extended__cp00AD__single.d41a21dc96bb3c3342292f7c9fa4db1e,extended,00AD,single,,zzzz,zz­zz,,
00100.81611d62ec1f172be947fda4af7caa2c,00100__salted__extended__cp200B__single.81611d62ec1f172be947fda4af7caa2c,extended,200B,single,,,,"zzzz, Click, Removal","zz​zz, Cl​ick, Re​moval"
00100.81611d62ec1f172be947fda4af7caa2c,00100__salted__extended__cp200C__single.81611d62ec1f172be947fda4af7caa2c,extended,200C,single,,,,"zzzz, Click, Removal","zz‌zz, Cl‌ick, Re‌moval"
00100.81611d62ec1f172be947fda4af7caa2c,00100__salted__extended__cp200D__single.81611d62ec1f172be947fda4af7caa2c,extended,200D,single,,,,"zzzz, Click, Removal","zz‍zz, Cl‍ick, Re‍moval"
00100.81611d62ec1f172be947fda4af7caa2c,00100__salted__extended__cp00AD__single.81611d62ec1f172be947fda4af7caa2c,extended,00AD,single,,,,"zzzz, Click, Removal","zz­zz, Cl­ick, Re­moval"
00102.fb09d2f978a271fba5a3ffc172003ed9,00102__salted__extended__cp200B__single.fb09d2f978a271fba5a3ffc172003ed9,extended,200B,single,,,,"lenders, loan, Loans","le​nders, lo​an, Lo​ans"
00102.fb09d2f978a271fba5a3ffc172003ed9,00102__salted__extended__cp200C__single.fb09d2f978a271fba5a3ffc172003ed9,extended,200C,single,,,,"lenders, loan, Loans","le‌nders, lo‌an, Lo‌ans"
00102.fb09d2f978a271fba5a3ffc172003ed9,00102__salted__extended__cp200D__single.fb09d2f978a271fba5a3ffc172003ed9,extended,200D,single,,,,"lenders, loan, Loans","le‍nders, lo‍an, Lo‍ans"
00102.fb09d2f978a271fba5a3ffc172003ed9,00102__salted__extended__cp00AD__single.fb09d2f978a271fba5a3ffc172003ed9,extended,00AD,single,,,,"lenders, loan, Loans","le­nders, lo­an, Lo­ans"
00103.2eef38789b4ecce796e7e8dbe718e3d2,00103__salted__extended__cp200B__single.2eef38789b4ecce796e7e8dbe718e3d2,extended,200B,single,,ADV,AD​V,,
00103.2eef38789b4ecce796e7e8dbe718e3d2,00103__salted__extended__cp200C__single.2eef38789b4ecce796e7e8dbe718e3d2,extended,200C,single,,ADV,AD‌V,,
00103.2eef38789b4ecce796e7e8dbe718e3d2,00103__salted__extended__cp200D__single.2eef38789b4ecce796e7e8dbe718e3d2,extended,200D,single,,ADV,AD‍V,,
00103.2eef38789b4ecce796e7e8dbe718e3d2,00103__salted__extended__cp00AD__single.2eef38789b4ecce796e7e8dbe718e3d2,extended,00AD,single,,ADV,AD­V,,
00105.00951a21b8464f4eb4e106d6b14c68b6,00105__salted__extended__cp200B__single.00951a21b8464f4eb4e106d6b14c68b6,extended,200B,single,,,,"premium, earn, commissions","pr​emium, ea​rn, co​mmissions"
00105.00951a21b8464f4eb4e106d6b14c68b6,00105__salted__extended__cp200C__single.00951a21b8464f4eb4e106d6b14c68b6,extended,200C,single,,,,"premium, earn, commissions","pr‌emium, ea‌rn, co‌mmissions"
00105.00951a21b8464f4eb4e106d6b14c68b6,00105__salted__extended__cp200D__single.00951a21b8464f4eb4e106d6b14c68b6,extended,200D,single,,,,"premium, earn, commissions","pr‍emium, ea‍rn, co‍mmissions"
00105.00951a21b8464f4eb4e106d6b14c68b6,00105__salted__extended__cp00AD__single.00951a21b8464f4eb4e106d6b14c68b6,extended,00AD,single,,,,"premium, earn, commissions","pr­emium, ea­rn, co­mmissions"
00105.d8f25617befc5289aa4ed9602457050b,00105__salted__extended__cp200B__single.d8f25617befc5289aa4ed9602457050b,extended,200B,single,,Loans,Lo​ans,,
00105.d8f25617befc5289aa4ed9602457050b,00105__salted__extended__cp200C__single.d8f25617befc5289aa4ed9602457050b,extended,200C,single,,Loans,Lo‌ans,,
00105.d8f25617befc5289aa4ed9602457050b,00105__salted__extended__cp200D__single.d8f25617befc5289aa4ed9602457050b,extended,200D,single,,Loans,Lo‍ans,,
00105.d8f25617befc5289aa4ed9602457050b,00105__salted__extended__cp00AD__single.d8f25617befc5289aa4ed9602457050b,extended,00AD,single,,Loans,Lo­ans,,
00106.f20a99365b7016f8e9dcd8620b472e74,00106__salted__extended__cp200B__single.f20a99365b7016f8e9dcd8620b472e74,extended,200B,single,,,,"guaranteed, ORDERING, RECEIVE","gu​aranteed, OR​DERING, RE​CEIVE"
00106.f20a99365b7016f8e9dcd8620b472e74,00106__salted__extended__cp200C__single.f20a99365b7016f8e9dcd8620b472e74,extended,200C,single,,,,"guaranteed, ORDERING, RECEIVE","gu‌aranteed, OR‌DERING, RE‌CEIVE"
00106.f20a99365b7016f8e9dcd8620b472e74,00106__salted__extended__cp200D__single.f20a99365b7016f8e9dcd8620b472e74,extended,200D,single,,,,"guaranteed, ORDERING, RECEIVE","gu‍aranteed, OR‍DERING, RE‍CEIVE"
00106.f20a99365b7016f8e9dcd8620b472e74,00106__salted__extended__cp00AD__single.f20a99365b7016f8e9dcd8620b472e74,extended,00AD,single,,,,"guaranteed, ORDERING, RECEIVE","gu­aranteed, OR­DERING, RE­CEIVE"
00108.ce25a55c6b4cc9bcd32ed090ee20785a,00108__salted__extended__cp200B__single.ce25a55c6b4cc9bcd32ed090ee20785a,extended,200B,single,,ADV,AD​V,,
00108.ce25a55c6b4cc9bcd32ed090ee20785a,00108__salted__extended__cp200C__single.ce25a55c6b4cc9bcd32ed090ee20785a,extended,200C,single,,ADV,AD‌V,,
00108.ce25a55c6b4cc9bcd32ed090ee20785a,00108__salted__extended__cp200D__single.ce25a55c6b4cc9bcd32ed090ee20785a,extended,200D,single,,ADV,AD‍V,,
00108.ce25a55c6b4cc9bcd32ed090ee20785a,00108__salted__extended__cp00AD__single.ce25a55c6b4cc9bcd32ed090ee20785a,extended,00AD,single,,ADV,AD­V,,
00110.6a98310639f4d8f87cabd99ce4155c77,00110__salted__extended__cp200B__single.6a98310639f4d8f87cabd99ce4155c77,extended,200B,single,,bills,bi​lls,,
00110.6a98310639f4d8f87cabd99ce4155c77,00110__salted__extended__cp200C__single.6a98310639f4d8f87cabd99ce4155c77,extended,200C,single,,bills,bi‌lls,,
00110.6a98310639f4d8f87cabd99ce4155c77,00110__salted__extended__cp200D__single.6a98310639f4d8f87cabd99ce4155c77,extended,200D,single,,bills,bi‍lls,,
00110.6a98310639f4d8f87cabd99ce4155c77,00110__salted__extended__cp00AD__single.6a98310639f4d8f87cabd99ce4155c77,extended,00AD,single,,bills,bi­lls,,
00110.f3c4ebe14b439420b53212332326181f,00110__salted__extended__cp200B__single.f3c4ebe14b439420b53212332326181f,extended,200B,single,,,,click,cl​ick
00110.f3c4ebe14b439420b53212332326181f,00110__salted__extended__cp200C__single.f3c4ebe14b439420b53212332326181f,extended,200C,single,,,,click,cl‌ick
00110.f3c4ebe14b439420b53212332326181f,00110__salted__extended__cp200D__single.f3c4ebe14b439420b53212332326181f,extended,200D,single,,,,click,cl‍ick
00110.f3c4ebe14b439420b53212332326181f,00110__salted__extended__cp00AD__single.f3c4ebe14b439420b53212332326181f,extended,00AD,single,,,,click,cl­ick
00111.ae6aba48f8aa83849be067076eea8ce5,00111__salted__extended__cp200B__single.ae6aba48f8aa83849be067076eea8ce5,extended,200B,single,,ADV,AD​V,,
00111.ae6aba48f8aa83849be067076eea8ce5,00111__salted__extended__cp200C__single.ae6aba48f8aa83849be067076eea8ce5,extended,200C,single,,ADV,AD‌V,,
00111.ae6aba48f8aa83849be067076eea8ce5,00111__salted__extended__cp200D__single.ae6aba48f8aa83849be067076eea8ce5,extended,200D,single,,ADV,AD‍V,,
00111.ae6aba48f8aa83849be067076eea8ce5,00111__salted__extended__cp00AD__single.ae6aba48f8aa83849be067076eea8ce5,extended,00AD,single,,ADV,AD­V,,
00112.be81f2f6f7940a9403c9809b4a9e243a,00112__salted__extended__cp200B__single.be81f2f6f7940a9403c9809b4a9e243a,extended,200B,single,,,,"buyers, bills, buyers","bu​yers, bi​lls, bu​yers"
00112.be81f2f6f7940a9403c9809b4a9e243a,00112__salted__extended__cp200C__single.be81f2f6f7940a9403c9809b4a9e243a,extended,200C,single,,,,"buyers, bills, buyers","bu‌yers, bi‌lls, bu‌yers"
00112.be81f2f6f7940a9403c9809b4a9e243a,00112__salted__extended__cp200D__single.be81f2f6f7940a9403c9809b4a9e243a,extended,200D,single,,,,"buyers, bills, buyers","bu‍yers, bi‍lls, bu‍yers"
00112.be81f2f6f7940a9403c9809b4a9e243a,00112__salted__extended__cp00AD__single.be81f2f6f7940a9403c9809b4a9e243a,extended,00AD,single,,,,"buyers, bills, buyers","bu­yers, bi­lls, bu­yers"
00113.0449844c534e41730bb7a0ab513580e9,00113__salted__extended__cp200B__single.0449844c534e41730bb7a0ab513580e9,extended,200B,single,,Viagra,Vi​agra,,
00113.0449844c534e41730bb7a0ab513580e9,00113__salted__extended__cp200C__single.0449844c534e41730bb7a0ab513580e9,extended,200C,single,,Viagra,Vi‌agra,,
00113.0449844c534e41730bb7a0ab513580e9,00113__salted__extended__cp200D__single.0449844c534e41730bb7a0ab513580e9,extended,200D,single,,Viagra,Vi‍agra,,
00113.0449844c534e41730bb7a0ab513580e9,00113__salted__extended__cp00AD__single.0449844c534e41730bb7a0ab513580e9,extended,00AD,single,,Viagra,Vi­agra,,
00113.eebc11982ccc4730fb8759f94400ce19,00113__salted__extended__cp200B__single.eebc11982ccc4730fb8759f94400ce19,extended,200B,single,,,,"Consultation, Fees, Fees","Co​nsultation, Fe​es, Fe​es"
00113.eebc11982ccc4730fb8759f94400ce19,00113__salted__extended__cp200C__single.eebc11982ccc4730fb8759f94400ce19,extended,200C,single,,,,"Consultation, Fees, Fees","Co‌nsultation, Fe‌es, Fe‌es"
00113.eebc11982ccc4730fb8759f94400ce19,00113__salted__extended__cp200D__single.eebc11982ccc4730fb8759f94400ce19,extended,200D,single,,,,"Consultation, Fees, Fees","Co‍nsultation, Fe‍es, Fe‍es"
00113.eebc11982ccc4730fb8759f94400ce19,00113__salted__extended__cp00AD__single.eebc11982ccc4730fb8759f94400ce19,extended,00AD,single,,,,"Consultation, Fees, Fees","Co­nsultation, Fe­es, Fe­es"
00115.c97af50ef7ccd816f95bbdc6f4d226b2,00115__salted__extended__cp200B__single.c97af50ef7ccd816f95bbdc6f4d226b2,extended,200B,single,,,,click,cl​ick
00115.c97af50ef7ccd816f95bbdc6f4d226b2,00115__salted__extended__cp200C__single.c97af50ef7ccd816f95bbdc6f4d226b2,extended,200C,single,,,,click,cl‌ick
00115.c97af50ef7ccd816f95bbdc6f4d226b2,00115__salted__extended__cp200D__single.c97af50ef7ccd816f95bbdc6f4d226b2,extended,200D,single,,,,click,cl‍ick
00115.c97af50ef7ccd816f95bbdc6f4d226b2,00115__salted__extended__cp00AD__single.c97af50ef7ccd816f95bbdc6f4d226b2,extended,00AD,single,,,,click,cl­ick
00117.9f0ba9c35b1fe59307e32b7c2c0d4e61,00117__salted__extended__cp200B__single.9f0ba9c35b1fe59307e32b7c2c0d4e61,extended,200B,single,,,,"Removal, receive, guaranteed","Re​moval, re​ceive, gu​aranteed"
00117.9f0ba9c35b1fe59307e32b7c2c0d4e61,00117__salted__extended__cp200C__single.9f0ba9c35b1fe59307e32b7c2c0d4e61,extended,200C,single,,,,"Removal, receive, guaranteed","Re‌moval, re‌ceive, gu‌aranteed"
00117.9f0ba9c35b1fe59307e32b7c2c0d4e61,00117__salted__extended__cp200D__single.9f0ba9c35b1fe59307e32b7c2c0d4e61,extended,200D,single,,,,"Removal, receive, guaranteed","Re‍moval, re‍ceive, gu‍aranteed"
00117.9f0ba9c35b1fe59307e32b7c2c0d4e61,00117__salted__extended__cp00AD__single.9f0ba9c35b1fe59307e32b7c2c0d4e61,extended,00AD,single,,,,"Removal, receive, guaranteed","Re­moval, re­ceive, gu­aranteed"
00117.b3ceb6525a1dc935463f3e3080110039,00117__salted__extended__cp200B__single.b3ceb6525a1dc935463f3e3080110039,extended,200B,single,,,,"MONTHLY, receive, receive","MO​NTHLY, re​ceive, re​ceive"
00117.b3ceb6525a1dc935463f3e3080110039,00117__salted__extended__cp200C__single.b3ceb6525a1dc935463f3e3080110039,extended,200C,single,,,,"MONTHLY, receive, receive","MO‌NTHLY, re‌ceive, re‌ceive"
00117.b3ceb6525a1dc935463f3e3080110039,00117__salted__extended__cp200D__single.b3ceb6525a1dc935463f3e3080110039,extended,200D,single,,,,"MONTHLY, receive, receive","MO‍NTHLY, re‍ceive, re‍ceive"
00117.b3ceb6525a1dc935463f3e3080110039,00117__salted__extended__cp00AD__single.b3ceb6525a1dc935463f3e3080110039,extended,00AD,single,,,,"MONTHLY, receive, receive","MO­NTHLY, re­ceive, re­ceive"
00118.141d803810acd9d4fc23db103dddfcd9,00118__salted__extended__cp200B__single.141d803810acd9d4fc23db103dddfcd9,extended,200B,single,,Viagra,Vi​agra,,
00118.141d803810acd9d4fc23db103dddfcd9,00118__salted__extended__cp200C__single.141d803810acd9d4fc23db103dddfcd9,extended,200C,single,,Viagra,Vi‌agra,,
00118.141d803810acd9d4fc23db103dddfcd9,00118__salted__extended__cp200D__single.141d803810acd9d4fc23db103dddfcd9,extended,200D,single,,Viagra,Vi‍agra,,
00118.141d803810acd9d4fc23db103dddfcd9,00118__salted__extended__cp00AD__single.141d803810acd9d4fc23db103dddfcd9,extended,00AD,single,,Viagra,Vi­agra,,
00118.b31615605a37b4878bd1de4f829c89cb,00118__salted__extended__cp200B__single.b31615605a37b4878bd1de4f829c89cb,extended,200B,single,,Viagra,Vi​agra,"VIAGRA, prescription, PRESCRIPTION","VI​AGRA, pr​escription, PR​ESCRIPTION"
00118.b31615605a37b4878bd1de4f829c89cb,00118__salted__extended__cp200C__single.b31615605a37b4878bd1de4f829c89cb,extended,200C,single,,Viagra,Vi‌agra,"VIAGRA, prescription, PRESCRIPTION","VI‌AGRA, pr‌escription, PR‌ESCRIPTION"
00118.b31615605a37b4878bd1de4f829c89cb,00118__salted__extended__cp200D__single.b31615605a37b4878bd1de4f829c89cb,extended,200D,single,,Viagra,Vi‍agra,"VIAGRA, prescription, PRESCRIPTION","VI‍AGRA, pr‍escription, PR‍ESCRIPTION"
00118.b31615605a37b4878bd1de4f829c89cb,00118__salted__extended__cp00AD__single.b31615605a37b4878bd1de4f829c89cb,extended,00AD,single,,Viagra,Vi­agra,"VIAGRA, prescription, PRESCRIPTION","VI­AGRA, pr­escription, PR­ESCRIPTION"
00120.58579af867ff9a702cff23e7b8818a59,00120__salted__extended__cp200B__single.58579af867ff9a702cff23e7b8818a59,extended,200B,single,,,,"Guaranteed, zzzz","Gu​aranteed, zz​zz"
00120.58579af867ff9a702cff23e7b8818a59,00120__salted__extended__cp200C__single.58579af867ff9a702cff23e7b8818a59,extended,200C,single,,,,"Guaranteed, zzzz","Gu‌aranteed, zz‌zz"
00120.58579af867ff9a702cff23e7b8818a59,00120__salted__extended__cp200D__single.58579af867ff9a702cff23e7b8818a59,extended,200D,single,,,,"Guaranteed, zzzz","Gu‍aranteed, zz‍zz"
00120.58579af867ff9a702cff23e7b8818a59,00120__salted__extended__cp00AD__single.58579af867ff9a702cff23e7b8818a59,extended,00AD,single,,,,"Guaranteed, zzzz","Gu­aranteed, zz­zz"
00120.b6b2f20782980f83878f075f29d7c517,00120__salted__extended__cp200B__single.b6b2f20782980f83878f075f29d7c517,extended,200B,single,,Mortgage,Mo​rtgage,,
00120.b6b2f20782980f83878f075f29d7c517,00120__salted__extended__cp200C__single.b6b2f20782980f83878f075f29d7c517,extended,200C,single,,Mortgage,Mo‌rtgage,,
00120.b6b2f20782980f83878f075f29d7c517,00120__salted__extended__cp200D__single.b6b2f20782980f83878f075f29d7c517,extended,200D,single,,Mortgage,Mo‍rtgage,,
00120.b6b2f20782980f83878f075f29d7c517,00120__salted__extended__cp00AD__single.b6b2f20782980f83878f075f29d7c517,extended,00AD,single,,Mortgage,Mo­rtgage,,
00124.db848e36f1b4c2705cbc16ef33a302d4,00124__salted__extended__cp200B__single.db848e36f1b4c2705cbc16ef33a302d4,extended,200B,single,,Guaranteed,Gu​aranteed,"Guaranteed, zzzz","Gu​aranteed, zz​zz"
00124.db848e36f1b4c2705cbc16ef33a302d4,00124__salted__extended__cp200C__single.db848e36f1b4c2705cbc16ef33a302d4,extended,200C,single,,Guaranteed,Gu‌aranteed,"Guaranteed, zzzz","Gu‌aranteed, zz‌zz"
00124.db848e36f1b4c2705cbc16ef33a302d4,00124__salted__extended__cp200D__single.db848e36f1b4c2705cbc16ef33a302d4,extended,200D,single,,Guaranteed,Gu‍aranteed,"Guaranteed, zzzz","Gu‍aranteed, zz‍zz"
00124.db848e36f1b4c2705cbc16ef33a302d4,00124__salted__extended__cp00AD__single.db848e36f1b4c2705cbc16ef33a302d4,extended,00AD,single,,Guaranteed,Gu­aranteed,"Guaranteed, zzzz","Gu­aranteed, zz­zz"
00125.ea96729a0da6d9025d5178f2d6916e42,00125__salted__extended__cp200B__single.ea96729a0da6d9025d5178f2d6916e42,extended,200B,single,,ADV,AD​V,,
00125.ea96729a0da6d9025d5178f2d6916e42,00125__salted__extended__cp200C__single.ea96729a0da6d9025d5178f2d6916e42,extended,200C,single,,ADV,AD‌V,,
00125.ea96729a0da6d9025d5178f2d6916e42,00125__salted__extended__cp200D__single.ea96729a0da6d9025d5178f2d6916e42,extended,200D,single,,ADV,AD‍V,,
00125.ea96729a0da6d9025d5178f2d6916e42,00125__salted__extended__cp00AD__single.ea96729a0da6d9025d5178f2d6916e42,extended,00AD,single,,ADV,AD­V,,
00127.3500d109361b544b0937523adb763588,00127__salted__extended__cp200B__single.3500d109361b544b0937523adb763588,extended,200B,single,,zzzz,zz​zz,"Guaranteed, herbal, Click","Gu​aranteed, he​rbal, Cl​ick"
00127.3500d109361b544b0937523adb763588,00127__salted__extended__cp200C__single.3500d109361b544b0937523adb763588,extended,200C,single,,zzzz,zz‌zz,"Guaranteed, herbal, Click","Gu‌aranteed, he‌rbal, Cl‌ick"
00127.3500d109361b544b0937523adb763588,00127__salted__extended__cp200D__single.3500d109361b544b0937523adb763588,extended,200D,single,,zzzz,zz‍zz,"Guaranteed, herbal, Click","Gu‍aranteed, he‍rbal, Cl‍ick"
00127.3500d109361b544b0937523adb763588,00127__salted__extended__cp00AD__single.3500d109361b544b0937523adb763588,extended,00AD,single,,zzzz,zz­zz,"Guaranteed, herbal, Click","Gu­aranteed, he­rbal, Cl­ick"
00128.721b6b20d5834d490662e2ae8c5c0684,00128__salted__extended__cp200B__single.721b6b20d5834d490662e2ae8c5c0684,extended,200B,single,,,,click,cl​ick
00128.721b6b20d5834d490662e2ae8c5c0684,00128__salted__extended__cp200C__single.721b6b20d5834d490662e2ae8c5c0684,extended,200C,single,,,,click,cl‌ick
00128.721b6b20d5834d490662e2ae8c5c0684,00128__salted__extended__cp200D__single.721b6b20d5834d490662e2ae8c5c0684,extended,200D,single,,,,click,cl‍ick
00128.721b6b20d5834d490662e2ae8c5c0684,00128__salted__extended__cp00AD__single.721b6b20d5834d490662e2ae8c5c0684,extended,00AD,single,,,,click,cl­ick
00129.1080cea3a532759b015dc071d033749d,00129__salted__extended__cp200B__single.1080cea3a532759b015dc071d033749d,extended,200B,single,,ADV,AD​V,"Removal, receive, toll","Re​moval, re​ceive, to​ll"
00129.1080cea3a532759b015dc071d033749d,00129__salted__extended__cp200C__single.1080cea3a532759b015dc071d033749d,extended,200C,single,,ADV,AD‌V,"Removal, receive, toll","Re‌moval, re‌ceive, to‌ll"
00129.1080cea3a532759b015dc071d033749d,00129__salted__extended__cp200D__single.1080cea3a532759b015dc071d033749d,extended,200D,single,,ADV,AD‍V,"Removal, receive, toll","Re‍moval, re‍ceive, to‍ll"
00129.1080cea3a532759b015dc071d033749d,00129__salted__extended__cp00AD__single.1080cea3a532759b015dc071d033749d,extended,00AD,single,,ADV,AD­V,"Removal, receive, toll","Re­moval, re­ceive, to­ll"
00130.c8128e89eff5b0e61aa864ebfd96afba,00130__salted__extended__cp200B__single.c8128e89eff5b0e61aa864ebfd96afba,extended,200B,single,,zzzz,zz​zz,,
00130.c8128e89eff5b0e61aa864ebfd96afba,00130__salted__extended__cp200C__single.c8128e89eff5b0e61aa864ebfd96afba,extended,200C,single,,zzzz,zz‌zz,,
00130.c8128e89eff5b0e61aa864ebfd96afba,00130__salted__extended__cp200D__single.c8128e89eff5b0e61aa864ebfd96afba,extended,200D,single,,zzzz,zz‍zz,,
00130.c8128e89eff5b0e61aa864ebfd96afba,00130__salted__extended__cp00AD__single.c8128e89eff5b0e61aa864ebfd96afba,extended,00AD,single,,zzzz,zz­zz,,
00131.d955acc659fb151479460f9dd2f87efe,00131__salted__extended__cp200B__single.d955acc659fb151479460f9dd2f87efe,extended,200B,single,,,,"lenders, loan, Loans","le​nders, lo​an, Lo​ans"
00131.d955acc659fb151479460f9dd2f87efe,00131__salted__extended__cp200C__single.d955acc659fb151479460f9dd2f87efe,extended,200C,single,,,,"lenders, loan, Loans","le‌nders, lo‌an, Lo‌ans"
00131.d955acc659fb151479460f9dd2f87efe,00131__salted__extended__cp200D__single.d955acc659fb151479460f9dd2f87efe,extended,200D,single,,,,"lenders, loan, Loans","le‍nders, lo‍an, Lo‍ans"
00131.d955acc659fb151479460f9dd2f87efe,00131__salted__extended__cp00AD__single.d955acc659fb151479460f9dd2f87efe,extended,00AD,single,,,,"lenders, loan, Loans","le­nders, lo­an, Lo­ans"
00132.0ead3e293c6c41cbffb69670e8b85ae7,00132__salted__extended__cp200B__single.0ead3e293c6c41cbffb69670e8b85ae7,extended,200B,single,,HGH,HG​H,"NBC, CBS, Oprah","NB​C, CB​S, Op​rah"
00132.0ead3e293c6c41cbffb69670e8b85ae7,00132__salted__extended__cp200C__single.0ead3e293c6c41cbffb69670e8b85ae7,extended,200C,single,,HGH,HG‌H,"NBC, CBS, Oprah","NB‌C, CB‌S, Op‌rah"
00132.0ead3e293c6c41cbffb69670e8b85ae7,00132__salted__extended__cp200D__single.0ead3e293c6c41cbffb69670e8b85ae7,extended,200D,single,,HGH,HG‍H,"NBC, CBS, Oprah","NB‍C, CB‍S, Op‍rah"
00132.0ead3e293c6c41cbffb69670e8b85ae7,00132__salted__extended__cp00AD__single.0ead3e293c6c41cbffb69670e8b85ae7,extended,00AD,single,,HGH,HG­H,"NBC, CBS, Oprah","NB­C, CB­S, Op­rah"
00134.651c69499f4c81f5049c03f9c0c71b44,00134__salted__extended__cp200B__single.651c69499f4c81f5049c03f9c0c71b44,extended,200B,single,,ADV,AD​V,,
00134.651c69499f4c81f5049c03f9c0c71b44,00134__salted__extended__cp200C__single.651c69499f4c81f5049c03f9c0c71b44,extended,200C,single,,ADV,AD‌V,,
00134.651c69499f4c81f5049c03f9c0c71b44,00134__salted__extended__cp200D__single.651c69499f4c81f5049c03f9c0c71b44,extended,200D,single,,ADV,AD‍V,,
00134.651c69499f4c81f5049c03f9c0c71b44,00134__salted__extended__cp00AD__single.651c69499f4c81f5049c03f9c0c71b44,extended,00AD,single,,ADV,AD­V,,
00137.09969121c8540730f1020b5a700b4c42,00137__salted__extended__cp200B__single.09969121c8540730f1020b5a700b4c42,extended,200B,single,,,,"Insurance, Guaranteed, Unlimited","In​surance, Gu​aranteed, Un​limited"
00137.09969121c8540730f1020b5a700b4c42,00137__salted__extended__cp200C__single.09969121c8540730f1020b5a700b4c42,extended,200C,single,,,,"Insurance, Guaranteed, Unlimited","In‌surance, Gu‌aranteed, Un‌limited"
00137.09969121c8540730f1020b5a700b4c42,00137__salted__extended__cp200D__single.09969121c8540730f1020b5a700b4c42,extended,200D,single,,,,"Insurance, Guaranteed, Unlimited","In‍surance, Gu‍aranteed, Un‍limited"
00137.09969121c8540730f1020b5a700b4c42,00137__salted__extended__cp00AD__single.09969121c8540730f1020b5a700b4c42,extended,00AD,single,,,,"Insurance, Guaranteed, Unlimited","In­surance, Gu­aranteed, Un­limited"
00138.c15973a4d40bed4333079296be2522ca,00138__salted__extended__cp200B__single.c15973a4d40bed4333079296be2522ca,extended,200B,single,,,,"qualified, qualified, qualified","qu​alified, qu​alified, qu​alified"
00138.c15973a4d40bed4333079296be2522ca,00138__salted__extended__cp200C__single.c15973a4d40bed4333079296be2522ca,extended,200C,single,,,,"qualified, qualified, qualified","qu‌alified, qu‌alified, qu‌alified"
00138.c15973a4d40bed4333079296be2522ca,00138__salted__extended__cp200D__single.c15973a4d40bed4333079296be2522ca,extended,200D,single,,,,"qualified, qualified, qualified","qu‍alified, qu‍alified, qu‍alified"
00138.c15973a4d40bed4333079296be2522ca,00138__salted__extended__cp00AD__single.c15973a4d40bed4333079296be2522ca,extended,00AD,single,,,,"qualified, qualified, qualified","qu­alified, qu­alified, qu­alified"
00140.eba666846fa0a138a90aeef51a627022,00140__salted__extended__cp200B__single.eba666846fa0a138a90aeef51a627022,extended,200B,single,,,,click,cl​ick
00140.eba666846fa0a138a90aeef51a627022,00140__salted__extended__cp200C__single.eba666846fa0a138a90aeef51a627022,extended,200C,single,,,,click,cl‌ick
00140.eba666846fa0a138a90aeef51a627022,00140__salted__extended__cp200D__single.eba666846fa0a138a90aeef51a627022,extended,200D,single,,,,click,cl‍ick
00140.eba666846fa0a138a90aeef51a627022,00140__salted__extended__cp00AD__single.eba666846fa0a138a90aeef51a627022,extended,00AD,single,,,,click,cl­ick
00141.29b1847b5d4131c536a812cdc88326eb,00141__salted__extended__cp200B__single.29b1847b5d4131c536a812cdc88326eb,extended,200B,single,,Currency,Cu​rrency,,
00141.29b1847b5d4131c536a812cdc88326eb,00141__salted__extended__cp200C__single.29b1847b5d4131c536a812cdc88326eb,extended,200C,single,,Currency,Cu‌rrency,,
00141.29b1847b5d4131c536a812cdc88326eb,00141__salted__extended__cp200D__single.29b1847b5d4131c536a812cdc88326eb,extended,200D,single,,Currency,Cu‍rrency,,
00141.29b1847b5d4131c536a812cdc88326eb,00141__salted__extended__cp00AD__single.29b1847b5d4131c536a812cdc88326eb,extended,00AD,single,,Currency,Cu­rrency,,
00142.141444128e16c8ae1631c27821debc9b,00142__salted__extended__cp200B__single.141444128e16c8ae1631c27821debc9b,extended,200B,single,,Currency,Cu​rrency,,
00142.141444128e16c8ae1631c27821debc9b,00142__salted__extended__cp200C__single.141444128e16c8ae1631c27821debc9b,extended,200C,single,,Currency,Cu‌rrency,,
00142.141444128e16c8ae1631c27821debc9b,00142__salted__extended__cp200D__single.141444128e16c8ae1631c27821debc9b,extended,200D,single,,Currency,Cu‍rrency,,
00142.141444128e16c8ae1631c27821debc9b,00142__salted__extended__cp00AD__single.141444128e16c8ae1631c27821debc9b,extended,00AD,single,,Currency,Cu­rrency,,
00142.eddc7114a8566cbf83fa8210bf0d3603,00142__salted__extended__cp200B__single.eddc7114a8566cbf83fa8210bf0d3603,extended,200B,single,,,,"zzzz, Click, Removal","zz​zz, Cl​ick, Re​moval"
00142.eddc7114a8566cbf83fa8210bf0d3603,00142__salted__extended__cp200C__single.eddc7114a8566cbf83fa8210bf0d3603,extended,200C,single,,,,"zzzz, Click, Removal","zz‌zz, Cl‌ick, Re‌moval"
00142.eddc7114a8566cbf83fa8210bf0d3603,00142__salted__extended__cp200D__single.eddc7114a8566cbf83fa8210bf0d3603,extended,200D,single,,,,"zzzz, Click, Removal","zz‍zz, Cl‍ick, Re‍moval"
00142.eddc7114a8566cbf83fa8210bf0d3603,00142__salted__extended__cp00AD__single.eddc7114a8566cbf83fa8210bf0d3603,extended,00AD,single,,,,"zzzz, Click, Removal","zz­zz, Cl­ick, Re­moval"
00143.13c0751d4b9f10098bb3ac85a435d884,00143__salted__extended__cp200B__single.13c0751d4b9f10098bb3ac85a435d884,extended,200B,single,,inkjet,in​kjet,,
00143.13c0751d4b9f10098bb3ac85a435d884,00143__salted__extended__cp200C__single.13c0751d4b9f10098bb3ac85a435d884,extended,200C,single,,inkjet,in‌kjet,,
00143.13c0751d4b9f10098bb3ac85a435d884,00143__salted__extended__cp200D__single.13c0751d4b9f10098bb3ac85a435d884,extended,200D,single,,inkjet,in‍kjet,,
00143.13c0751d4b9f10098bb3ac85a435d884,00143__salted__extended__cp00AD__single.13c0751d4b9f10098bb3ac85a435d884,extended,00AD,single,,inkjet,in­kjet,,
00143.95e60a4160434f341761931c65844a38,00143__salted__extended__cp200B__single.95e60a4160434f341761931c65844a38,extended,200B,single,,Currency,Cu​rrency,,
00143.95e60a4160434f341761931c65844a38,00143__salted__extended__cp200C__single.95e60a4160434f341761931c65844a38,extended,200C,single,,Currency,Cu‌rrency,,
00143.95e60a4160434f341761931c65844a38,00143__salted__extended__cp200D__single.95e60a4160434f341761931c65844a38,extended,200D,single,,Currency,Cu‍rrency,,
00143.95e60a4160434f341761931c65844a38,00143__salted__extended__cp00AD__single.95e60a4160434f341761931c65844a38,extended,00AD,single,,Currency,Cu­rrency,,
00144.4eeba2f228a8658e0d2e3a64764f4f31,00144__salted__extended__cp200B__single.4eeba2f228a8658e0d2e3a64764f4f31,extended,200B,single,,,,click,cl​ick
00144.4eeba2f228a8658e0d2e3a64764f4f31,00144__salted__extended__cp200C__single.4eeba2f228a8658e0d2e3a64764f4f31,extended,200C,single,,,,click,cl‌ick
00144.4eeba2f228a8658e0d2e3a64764f4f31,00144__salted__extended__cp200D__single.4eeba2f228a8658e0d2e3a64764f4f31,extended,200D,single,,,,click,cl‍ick
00144.4eeba2f228a8658e0d2e3a64764f4f31,00144__salted__extended__cp00AD__single.4eeba2f228a8658e0d2e3a64764f4f31,extended,00AD,single,,,,click,cl­ick
00145.b6788a48c1eace0b7c34ff7de32766f6,00145__salted__extended__cp200B__single.b6788a48c1eace0b7c34ff7de32766f6,extended,200B,single,,,,"Removal, receive, mlm","Re​moval, re​ceive, ml​m"
00145.b6788a48c1eace0b7c34ff7de32766f6,00145__salted__extended__cp200C__single.b6788a48c1eace0b7c34ff7de32766f6,extended,200C,single,,,,"Removal, receive, mlm","Re‌moval, re‌ceive, ml‌m"
00145.b6788a48c1eace0b7c34ff7de32766f6,00145__salted__extended__cp200D__single.b6788a48c1eace0b7c34ff7de32766f6,extended,200D,single,,,,"Removal, receive, mlm","Re‍moval, re‍ceive, ml‍m"
00145.b6788a48c1eace0b7c34ff7de32766f6,00145__salted__extended__cp00AD__single.b6788a48c1eace0b7c34ff7de32766f6,extended,00AD,single,,,,"Removal, receive, mlm","Re­moval, re­ceive, ml­m"
00150.f97c73fa56460a6afc6d9418ad76b5b5,00150__salted__extended__cp200B__single.f97c73fa56460a6afc6d9418ad76b5b5,extended,200B,single,,,,"insurance, earn, Commissions","in​surance, ea​rn, Co​mmissions"
00150.f97c73fa56460a6afc6d9418ad76b5b5,00150__salted__extended__cp200C__single.f97c73fa56460a6afc6d9418ad76b5b5,extended,200C,single,,,,"insurance, earn, Commissions","in‌surance, ea‌rn, Co‌mmissions"
00150.f97c73fa56460a6afc6d9418ad76b5b5,00150__salted__extended__cp200D__single.f97c73fa56460a6afc6d9418ad76b5b5,extended,200D,single,,,,"insurance, earn, Commissions","in‍surance, ea‍rn, Co‍mmissions"
00150.f97c73fa56460a6afc6d9418ad76b5b5,00150__salted__extended__cp00AD__single.f97c73fa56460a6afc6d9418ad76b5b5,extended,00AD,single,,,,"insurance, earn, Commissions","in­surance, ea­rn, Co­mmissions"
00152.8ed8aaed94054e507af5b9c760dd7be6,00152__salted__extended__cp200B__single.8ed8aaed94054e507af5b9c760dd7be6,extended,200B,single,,,,"Click, click","Cl​ick, cl​ick"
00152.8ed8aaed94054e507af5b9c760dd7be6,00152__salted__extended__cp200C__single.8ed8aaed94054e507af5b9c760dd7be6,extended,200C,single,,,,"Click, click","Cl‌ick, cl‌ick"
00152.8ed8aaed94054e507af5b9c760dd7be6,00152__salted__extended__cp200D__single.8ed8aaed94054e507af5b9c760dd7be6,extended,200D,single,,,,"Click, click","Cl‍ick, cl‍ick"
00152.8ed8aaed94054e507af5b9c760dd7be6,00152__salted__extended__cp00AD__single.8ed8aaed94054e507af5b9c760dd7be6,extended,00AD,single,,,,"Click, click","Cl­ick, cl­ick"
00153.6a5ffe584834ea334041ab958cadcadb,00153__salted__extended__cp200B__single.6a5ffe584834ea334041ab958cadcadb,extended,200B,single,,,,"Click, click","Cl​ick, cl​ick"
00153.6a5ffe584834ea334041ab958cadcadb,00153__salted__extended__cp200C__single.6a5ffe584834ea334041ab958cadcadb,extended,200C,single,,,,"Click, click","Cl‌ick, cl‌ick"
00153.6a5ffe584834ea334041ab958cadcadb,00153__salted__extended__cp200D__single.6a5ffe584834ea334041ab958cadcadb,extended,200D,single,,,,"Click, click","Cl‍ick, cl‍ick"
00153.6a5ffe584834ea334041ab958cadcadb,00153__salted__extended__cp00AD__single.6a5ffe584834ea334041ab958cadcadb,extended,00AD,single,,,,"Click, click","Cl­ick, cl­ick"
00154.b6c448ccff434e2dbe2c7c200a36aa31,00154__salted__extended__cp200B__single.b6c448ccff434e2dbe2c7c200a36aa31,extended,200B,single,,,,"currency, currency, currency","cu​rrency, cu​rrency, cu​rrency"
00154.b6c448ccff434e2dbe2c7c200a36aa31,00154__salted__extended__cp200C__single.b6c448ccff434e2dbe2c7c200a36aa31,extended,200C,single,,,,"currency, currency, currency","cu‌rrency, cu‌rrency, cu‌rrency"
00154.b6c448ccff434e2dbe2c7c200a36aa31,00154__salted__extended__cp200D__single.b6c448ccff434e2dbe2c7c200a36aa31,extended,200D,single,,,,"currency, currency, currency","cu‍rrency, cu‍rrency, cu‍rrency"
00154.b6c448ccff434e2dbe2c7c200a36aa31,00154__salted__extended__cp00AD__single.b6c448ccff434e2dbe2c7c200a36aa31,extended,00AD,single,,,,"currency, currency, currency","cu­rrency, cu­rrency, cu­rrency"
00155.1c37ce73590cc67186717a491ed0db5f,00155__salted__extended__cp200B__single.1c37ce73590cc67186717a491ed0db5f,extended,200B,single,,,,"Lagos, Nigeria, Sir","La​gos, Ni​geria, Si​r"
00155.1c37ce73590cc67186717a491ed0db5f,00155__salted__extended__cp200C__single.1c37ce73590cc67186717a491ed0db5f,extended,200C,single,,,,"Lagos, Nigeria, Sir","La‌gos, Ni‌geria, Si‌r"
00155.1c37ce73590cc67186717a491ed0db5f,00155__salted__extended__cp200D__single.1c37ce73590cc67186717a491ed0db5f,extended,200D,single,,,,"Lagos, Nigeria, Sir","La‍gos, Ni‍geria, Si‍r"
00155.1c37ce73590cc67186717a491ed0db5f,00155__salted__extended__cp00AD__single.1c37ce73590cc67186717a491ed0db5f,extended,00AD,single,,,,"Lagos, Nigeria, Sir","La­gos, Ni­geria, Si­r"
00156.0b541afe96820e3bb8f900b565608269,00156__salted__extended__cp200B__single.0b541afe96820e3bb8f900b565608269,extended,200B,single,,Attn,At​tn,,
00156.0b541afe96820e3bb8f900b565608269,00156__salted__extended__cp200C__single.0b541afe96820e3bb8f900b565608269,extended,200C,single,,Attn,At‌tn,,
00156.0b541afe96820e3bb8f900b565608269,00156__salted__extended__cp200D__single.0b541afe96820e3bb8f900b565608269,extended,200D,single,,Attn,At‍tn,,
00156.0b541afe96820e3bb8f900b565608269,00156__salted__extended__cp00AD__single.0b541afe96820e3bb8f900b565608269,extended,00AD,single,,Attn,At­tn,,
00157.52b0a260de7c64f539b0e5d16198b5bf,00157__salted__extended__cp200B__single.52b0a260de7c64f539b0e5d16198b5bf,extended,200B,single,,,,"Nigeria, Lagos, Deposit","Ni​geria, La​gos, De​posit"
00157.52b0a260de7c64f539b0e5d16198b5bf,00157__salted__extended__cp200C__single.52b0a260de7c64f539b0e5d16198b5bf,extended,200C,single,,,,"Nigeria, Lagos, Deposit","Ni‌geria, La‌gos, De‌posit"
00157.52b0a260de7c64f539b0e5d16198b5bf,00157__salted__extended__cp200D__single.52b0a260de7c64f539b0e5d16198b5bf,extended,200D,single,,,,"Nigeria, Lagos, Deposit","Ni‍geria, La‍gos, De‍posit"
00157.52b0a260de7c64f539b0e5d16198b5bf,00157__salted__extended__cp00AD__single.52b0a260de7c64f539b0e5d16198b5bf,extended,00AD,single,,,,"Nigeria, Lagos, Deposit","Ni­geria, La­gos, De­posit"
00159.6b641c70d79fd5a69b84a94b4e88150a,00159__salted__extended__cp200B__single.6b641c70d79fd5a69b84a94b4e88150a,extended,200B,single,,,,"receive, receive","re​ceive, re​ceive"
00159.6b641c70d79fd5a69b84a94b4e88150a,00159__salted__extended__cp200C__single.6b641c70d79fd5a69b84a94b4e88150a,extended,200C,single,,,,"receive, receive","re‌ceive, re‌ceive"
00159.6b641c70d79fd5a69b84a94b4e88150a,00159__salted__extended__cp200D__single.6b641c70d79fd5a69b84a94b4e88150a,extended,200D,single,,,,"receive, receive","re‍ceive, re‍ceive"
00159.6b641c70d79fd5a69b84a94b4e88150a,00159__salted__extended__cp00AD__single.6b641c70d79fd5a69b84a94b4e88150a,extended,00AD,single,,,,"receive, receive","re­ceive, re­ceive"
00159.b16f070a576c2eb1533aa9e2cf8e6b77,00159__salted__extended__cp200B__single.b16f070a576c2eb1533aa9e2cf8e6b77,extended,200B,single,,,,"buyers, Receive, Receive","bu​yers, Re​ceive, Re​ceive"
00159.b16f070a576c2eb1533aa9e2cf8e6b77,00159__salted__extended__cp200C__single.b16f070a576c2eb1533aa9e2cf8e6b77,extended,200C,single,,,,"buyers, Receive, Receive","bu‌yers, Re‌ceive, Re‌ceive"
00159.b16f070a576c2eb1533aa9e2cf8e6b77,00159__salted__extended__cp200D__single.b16f070a576c2eb1533aa9e2cf8e6b77,extended,200D,single,,,,"buyers, Receive, Receive","bu‍yers, Re‍ceive, Re‍ceive"
00159.b16f070a576c2eb1533aa9e2cf8e6b77,00159__salted__extended__cp00AD__single.b16f070a576c2eb1533aa9e2cf8e6b77,extended,00AD,single,,,,"buyers, Receive, Receive","bu­yers, Re­ceive, Re­ceive"
00160.66e11a17d619ce33d5a455a87015ee25,00160__salted__extended__cp200B__single.66e11a17d619ce33d5a455a87015ee25,extended,200B,single,,,,"receive, receive","re​ceive, re​ceive"
00160.66e11a17d619ce33d5a455a87015ee25,00160__salted__extended__cp200C__single.66e11a17d619ce33d5a455a87015ee25,extended,200C,single,,,,"receive, receive","re‌ceive, re‌ceive"
00160.66e11a17d619ce33d5a455a87015ee25,00160__salted__extended__cp200D__single.66e11a17d619ce33d5a455a87015ee25,extended,200D,single,,,,"receive, receive","re‍ceive, re‍ceive"
00160.66e11a17d619ce33d5a455a87015ee25,00160__salted__extended__cp00AD__single.66e11a17d619ce33d5a455a87015ee25,extended,00AD,single,,,,"receive, receive","re­ceive, re­ceive"
00160.cec5f611ae665ff0add6c4928d47f2be,00160__salted__extended__cp200B__single.cec5f611ae665ff0add6c4928d47f2be,extended,200B,single,,HGH,HG​H,"HGH, NBC, CBS","HG​H, NB​C, CB​S"
00160.cec5f611ae665ff0add6c4928d47f2be,00160__salted__extended__cp200C__single.cec5f611ae665ff0add6c4928d47f2be,extended,200C,single,,HGH,HG‌H,"HGH, NBC, CBS","HG‌H, NB‌C, CB‌S"
00160.cec5f611ae665ff0add6c4928d47f2be,00160__salted__extended__cp200D__single.cec5f611ae665ff0add6c4928d47f2be,extended,200D,single,,HGH,HG‍H,"HGH, NBC, CBS","HG‍H, NB‍C, CB‍S"
00160.cec5f611ae665ff0add6c4928d47f2be,00160__salted__extended__cp00AD__single.cec5f611ae665ff0add6c4928d47f2be,extended,00AD,single,,HGH,HG­H,"HGH, NBC, CBS","HG­H, NB­C, CB­S"
00161.ae33257753c9bdaaadc9221347868496,00161__salted__extended__cp200B__single.ae33257753c9bdaaadc9221347868496,extended,200B,single,,inkjet,in​kjet,,
00161.ae33257753c9bdaaadc9221347868496,00161__salted__extended__cp200C__single.ae33257753c9bdaaadc9221347868496,extended,200C,single,,inkjet,in‌kjet,,
00161.ae33257753c9bdaaadc9221347868496,00161__salted__extended__cp200D__single.ae33257753c9bdaaadc9221347868496,extended,200D,single,,inkjet,in‍kjet,,
00161.ae33257753c9bdaaadc9221347868496,00161__salted__extended__cp00AD__single.ae33257753c9bdaaadc9221347868496,extended,00AD,single,,inkjet,in­kjet,,
00162.b5ae5521352c9bba7bf635c1766d4a75,00162__salted__extended__cp200B__single.b5ae5521352c9bba7bf635c1766d4a75,extended,200B,single,,,,"promotion, click","pr​omotion, cl​ick"
00162.b5ae5521352c9bba7bf635c1766d4a75,00162__salted__extended__cp200C__single.b5ae5521352c9bba7bf635c1766d4a75,extended,200C,single,,,,"promotion, click","pr‌omotion, cl‌ick"
00162.b5ae5521352c9bba7bf635c1766d4a75,00162__salted__extended__cp200D__single.b5ae5521352c9bba7bf635c1766d4a75,extended,200D,single,,,,"promotion, click","pr‍omotion, cl‍ick"
00162.b5ae5521352c9bba7bf635c1766d4a75,00162__salted__extended__cp00AD__single.b5ae5521352c9bba7bf635c1766d4a75,extended,00AD,single,,,,"promotion, click","pr­omotion, cl­ick"
00163.244a217b150d2129cbdc52b96d992382,00163__salted__extended__cp200B__single.244a217b150d2129cbdc52b96d992382,extended,200B,single,,,,"btamail, btamail, guaranteed","bt​amail, bt​amail, gu​aranteed"
00163.244a217b150d2129cbdc52b96d992382,00163__salted__extended__cp200C__single.244a217b150d2129cbdc52b96d992382,extended,200C,single,,,,"btamail, btamail, guaranteed","bt‌amail, bt‌amail, gu‌aranteed"
00163.244a217b150d2129cbdc52b96d992382,00163__salted__extended__cp200D__single.244a217b150d2129cbdc52b96d992382,extended,200D,single,,,,"btamail, btamail, guaranteed","bt‍amail, bt‍amail, gu‍aranteed"
00163.244a217b150d2129cbdc52b96d992382,00163__salted__extended__cp00AD__single.244a217b150d2129cbdc52b96d992382,extended,00AD,single,,,,"btamail, btamail, guaranteed","bt­amail, bt­amail, gu­aranteed"
00163.2ceade6f8b0c1c342f5f95d57ac551f5,00163__salted__extended__cp200B__single.2ceade6f8b0c1c342f5f95d57ac551f5,extended,200B,single,,,,"receive, receive","re​ceive, re​ceive"
00163.2ceade6f8b0c1c342f5f95d57ac551f5,00163__salted__extended__cp200C__single.2ceade6f8b0c1c342f5f95d57ac551f5,extended,200C,single,,,,"receive, receive","re‌ceive, re‌ceive"
00163.2ceade6f8b0c1c342f5f95d57ac551f5,00163__salted__extended__cp200D__single.2ceade6f8b0c1c342f5f95d57ac551f5,extended,200D,single,,,,"receive, receive","re‍ceive, re‍ceive"
00163.2ceade6f8b0c1c342f5f95d57ac551f5,00163__salted__extended__cp00AD__single.2ceade6f8b0c1c342f5f95d57ac551f5,extended,00AD,single,,,,"receive, receive","re­ceive, re­ceive"
00164.272880ebd1f1f93cf0cd9800842a24bd,00164__salted__extended__cp200B__single.272880ebd1f1f93cf0cd9800842a24bd,extended,200B,single,,,,"Toll, receive","To​ll, re​ceive"
00164.272880ebd1f1f93cf0cd9800842a24bd,00164__salted__extended__cp200C__single.272880ebd1f1f93cf0cd9800842a24bd,extended,200C,single,,,,"Toll, receive","To‌ll, re‌ceive"
00164.272880ebd1f1f93cf0cd9800842a24bd,00164__salted__extended__cp200D__single.272880ebd1f1f93cf0cd9800842a24bd,extended,200D,single,,,,"Toll, receive","To‍ll, re‍ceive"
00164.272880ebd1f1f93cf0cd9800842a24bd,00164__salted__extended__cp00AD__single.272880ebd1f1f93cf0cd9800842a24bd,extended,00AD,single,,,,"Toll, receive","To­ll, re­ceive"
00165.3a37220d69b5b8332ee4270f0121dfe9,00165__salted__extended__cp200B__single.3a37220d69b5b8332ee4270f0121dfe9,extended,200B,single,,,,"receive, receive","re​ceive, re​ceive"
00165.3a37220d69b5b8332ee4270f0121dfe9,00165__salted__extended__cp200C__single.3a37220d69b5b8332ee4270f0121dfe9,extended,200C,single,,,,"receive, receive","re‌ceive, re‌ceive"
00165.3a37220d69b5b8332ee4270f0121dfe9,00165__salted__extended__cp200D__single.3a37220d69b5b8332ee4270f0121dfe9,extended,200D,single,,,,"receive, receive","re‍ceive, re‍ceive"
00165.3a37220d69b5b8332ee4270f0121dfe9,00165__salted__extended__cp00AD__single.3a37220d69b5b8332ee4270f0121dfe9,extended,00AD,single,,,,"receive, receive","re­ceive, re­ceive"
00166.806d5398d7a37c080641a2d62e2d2b94,00166__salted__extended__cp200B__single.806d5398d7a37c080641a2d62e2d2b94,extended,200B,single,,earn,ea​rn,,
00166.806d5398d7a37c080641a2d62e2d2b94,00166__salted__extended__cp200C__single.806d5398d7a37c080641a2d62e2d2b94,extended,200C,single,,earn,ea‌rn,,
00166.806d5398d7a37c080641a2d62e2d2b94,00166__salted__extended__cp200D__single.806d5398d7a37c080641a2d62e2d2b94,extended,200D,single,,earn,ea‍rn,,
00166.806d5398d7a37c080641a2d62e2d2b94,00166__salted__extended__cp00AD__single.806d5398d7a37c080641a2d62e2d2b94,extended,00AD,single,,earn,ea­rn,,
00168.a9dd80bb0934b67fd00b4f0a99966369,00168__salted__extended__cp200B__single.a9dd80bb0934b67fd00b4f0a99966369,extended,200B,single,,,,"Click, click, click","Cl​ick, cl​ick, cl​ick"
00168.a9dd80bb0934b67fd00b4f0a99966369,00168__salted__extended__cp200C__single.a9dd80bb0934b67fd00b4f0a99966369,extended,200C,single,,,,"Click, click, click","Cl‌ick, cl‌ick, cl‌ick"
00168.a9dd80bb0934b67fd00b4f0a99966369,00168__salted__extended__cp200D__single.a9dd80bb0934b67fd00b4f0a99966369,extended,200D,single,,,,"Click, click, click","Cl‍ick, cl‍ick, cl‍ick"
00168.a9dd80bb0934b67fd00b4f0a99966369,00168__salted__extended__cp00AD__single.a9dd80bb0934b67fd00b4f0a99966369,extended,00AD,single,,,,"Click, click, click","Cl­ick, cl­ick, cl­ick"
00169.86268e75abd1bd4bda4d6c129681df34,00169__salted__extended__cp200B__single.86268e75abd1bd4bda4d6c129681df34,extended,200B,single,,,,"earn, Removal, mailings","ea​rn, Re​moval, ma​ilings"
00169.86268e75abd1bd4bda4d6c129681df34,00169__salted__extended__cp200C__single.86268e75abd1bd4bda4d6c129681df34,extended,200C,single,,,,"earn, Removal, mailings","ea‌rn, Re‌moval, ma‌ilings"
00169.86268e75abd1bd4bda4d6c129681df34,00169__salted__extended__cp200D__single.86268e75abd1bd4bda4d6c129681df34,extended,200D,single,,,,"earn, Removal, mailings","ea‍rn, Re‍moval, ma‍ilings"
00169.86268e75abd1bd4bda4d6c129681df34,00169__salted__extended__cp00AD__single.86268e75abd1bd4bda4d6c129681df34,extended,00AD,single,,,,"earn, Removal, mailings","ea­rn, Re­moval, ma­ilings"
00169.86721d6b50e889ed39c7d302adb2a5ab,00169__salted__extended__cp200B__single.86721d6b50e889ed39c7d302adb2a5ab,extended,200B,single,,Attn,At​tn,"resell, GUARANTEED, GUARANTEED","re​sell, GU​ARANTEED, GU​ARANTEED"
00169.86721d6b50e889ed39c7d302adb2a5ab,00169__salted__extended__cp200C__single.86721d6b50e889ed39c7d302adb2a5ab,extended,200C,single,,Attn,At‌tn,"resell, GUARANTEED, GUARANTEED","re‌sell, GU‌ARANTEED, GU‌ARANTEED"
00169.86721d6b50e889ed39c7d302adb2a5ab,00169__salted__extended__cp200D__single.86721d6b50e889ed39c7d302adb2a5ab,extended,200D,single,,Attn,At‍tn,"resell, GUARANTEED, GUARANTEED","re‍sell, GU‍ARANTEED, GU‍ARANTEED"
00169.86721d6b50e889ed39c7d302adb2a5ab,00169__salted__extended__cp00AD__single.86721d6b50e889ed39c7d302adb2a5ab,extended,00AD,single,,Attn,At­tn,"resell, GUARANTEED, GUARANTEED","re­sell, GU­ARANTEED, GU­ARANTEED"
00170.33a973aa9bb7d122bdfbd96d44332996,00170__salted__extended__cp200B__single.33a973aa9bb7d122bdfbd96d44332996,extended,200B,single,,ADV,AD​V,,
00170.33a973aa9bb7d122bdfbd96d44332996,00170__salted__extended__cp200C__single.33a973aa9bb7d122bdfbd96d44332996,extended,200C,single,,ADV,AD‌V,,
00170.33a973aa9bb7d122bdfbd96d44332996,00170__salted__extended__cp200D__single.33a973aa9bb7d122bdfbd96d44332996,extended,200D,single,,ADV,AD‍V,,
00170.33a973aa9bb7d122bdfbd96d44332996,00170__salted__extended__cp00AD__single.33a973aa9bb7d122bdfbd96d44332996,extended,00AD,single,,ADV,AD­V,,
00170.5e4c7668564952d8bfbf106d32fa9e5e,00170__salted__extended__cp200B__single.5e4c7668564952d8bfbf106d32fa9e5e,extended,200B,single,,,,"affordable, monthly, receive","af​fordable, mo​nthly, re​ceive"
00170.5e4c7668564952d8bfbf106d32fa9e5e,00170__salted__extended__cp200C__single.5e4c7668564952d8bfbf106d32fa9e5e,extended,200C,single,,,,"affordable, monthly, receive","af‌fordable, mo‌nthly, re‌ceive"
00170.5e4c7668564952d8bfbf106d32fa9e5e,00170__salted__extended__cp200D__single.5e4c7668564952d8bfbf106d32fa9e5e,extended,200D,single,,,,"affordable, monthly, receive","af‍fordable, mo‍nthly, re‍ceive"
00170.5e4c7668564952d8bfbf106d32fa9e5e,00170__salted__extended__cp00AD__single.5e4c7668564952d8bfbf106d32fa9e5e,extended,00AD,single,,,,"affordable, monthly, receive","af­fordable, mo­nthly, re­ceive"
00171.08c5c55e9c2b4062344655e9ee32b979,00171__salted__extended__cp200B__single.08c5c55e9c2b4062344655e9ee32b979,extended,200B,single,,ADV,AD​V,,
00171.08c5c55e9c2b4062344655e9ee32b979,00171__salted__extended__cp200C__single.08c5c55e9c2b4062344655e9ee32b979,extended,200C,single,,ADV,AD‌V,,
00171.08c5c55e9c2b4062344655e9ee32b979,00171__salted__extended__cp200D__single.08c5c55e9c2b4062344655e9ee32b979,extended,200D,single,,ADV,AD‍V,,
00171.08c5c55e9c2b4062344655e9ee32b979,00171__salted__extended__cp00AD__single.08c5c55e9c2b4062344655e9ee32b979,extended,00AD,single,,ADV,AD­V,,
00172.0935a6d0aef9a3d6d64e07e3f6c453ec,00172__salted__extended__cp200B__single.0935a6d0aef9a3d6d64e07e3f6c453ec,extended,200B,single,,,,communication,co​mmunication
00172.0935a6d0aef9a3d6d64e07e3f6c453ec,00172__salted__extended__cp200C__single.0935a6d0aef9a3d6d64e07e3f6c453ec,extended,200C,single,,,,communication,co‌mmunication
00172.0935a6d0aef9a3d6d64e07e3f6c453ec,00172__salted__extended__cp200D__single.0935a6d0aef9a3d6d64e07e3f6c453ec,extended,200D,single,,,,communication,co‍mmunication
00172.0935a6d0aef9a3d6d64e07e3f6c453ec,00172__salted__extended__cp00AD__single.0935a6d0aef9a3d6d64e07e3f6c453ec,extended,00AD,single,,,,communication,co­mmunication
00172.7fe063c5f90c46934dc79a83d9fdabfe,00172__salted__extended__cp200B__single.7fe063c5f90c46934dc79a83d9fdabfe,extended,200B,single,,Attn,At​tn,,
00172.7fe063c5f90c46934dc79a83d9fdabfe,00172__salted__extended__cp200C__single.7fe063c5f90c46934dc79a83d9fdabfe,extended,200C,single,,Attn,At‌tn,,
00172.7fe063c5f90c46934dc79a83d9fdabfe,00172__salted__extended__cp200D__single.7fe063c5f90c46934dc79a83d9fdabfe,extended,200D,single,,Attn,At‍tn,,
00172.7fe063c5f90c46934dc79a83d9fdabfe,00172__salted__extended__cp00AD__single.7fe063c5f90c46934dc79a83d9fdabfe,extended,00AD,single,,Attn,At­tn,,
00173.6f5baeeaeb9b1c1ac4b9527e948828db,00173__salted__extended__cp200B__single.6f5baeeaeb9b1c1ac4b9527e948828db,extended,200B,single,,,,"Earn, mortgage, receive","Ea​rn, mo​rtgage, re​ceive"
00173.6f5baeeaeb9b1c1ac4b9527e948828db,00173__salted__extended__cp200C__single.6f5baeeaeb9b1c1ac4b9527e948828db,extended,200C,single,,,,"Earn, mortgage, receive","Ea‌rn, mo‌rtgage, re‌ceive"
00173.6f5baeeaeb9b1c1ac4b9527e948828db,00173__salted__extended__cp200D__single.6f5baeeaeb9b1c1ac4b9527e948828db,extended,200D,single,,,,"Earn, mortgage, receive","Ea‍rn, mo‍rtgage, re‍ceive"
00173.6f5baeeaeb9b1c1ac4b9527e948828db,00173__salted__extended__cp00AD__single.6f5baeeaeb9b1c1ac4b9527e948828db,extended,00AD,single,,,,"Earn, mortgage, receive","Ea­rn, mo­rtgage, re­ceive"
00173.e10eb62e2c7808674c43d6a5e9e08a1c,00173__salted__extended__cp200B__single.e10eb62e2c7808674c43d6a5e9e08a1c,extended,200B,single,,zzzz,zz​zz,,
00173.e10eb62e2c7808674c43d6a5e9e08a1c,00173__salted__extended__cp200C__single.e10eb62e2c7808674c43d6a5e9e08a1c,extended,200C,single,,zzzz,zz‌zz,,
00173.e10eb62e2c7808674c43d6a5e9e08a1c,00173__salted__extended__cp200D__single.e10eb62e2c7808674c43d6a5e9e08a1c,extended,200D,single,,zzzz,zz‍zz,,
00173.e10eb62e2c7808674c43d6a5e9e08a1c,00173__salted__extended__cp00AD__single.e10eb62e2c7808674c43d6a5e9e08a1c,extended,00AD,single,,zzzz,zz­zz,,
00175.931897f329f7ed0aee7df9f5d0626359,00175__salted__extended__cp200B__single.931897f329f7ed0aee7df9f5d0626359,extended,200B,single,,,,"Sir, Madam, USD","Si​r, Ma​dam, US​D"
00175.931897f329f7ed0aee7df9f5d0626359,00175__salted__extended__cp200C__single.931897f329f7ed0aee7df9f5d0626359,extended,200C,single,,,,"Sir, Madam, USD","Si‌r, Ma‌dam, US‌D"
00175.931897f329f7ed0aee7df9f5d0626359,00175__salted__extended__cp200D__single.931897f329f7ed0aee7df9f5d0626359,extended,200D,single,,,,"Sir, Madam, USD","Si‍r, Ma‍dam, US‍D"
00175.931897f329f7ed0aee7df9f5d0626359,00175__salted__extended__cp00AD__single.931897f329f7ed0aee7df9f5d0626359,extended,00AD,single,,,,"Sir, Madam, USD","Si­r, Ma­dam, US­D"
00176.644d65f0ab0d19f706a493bd5c3dc5df,00176__salted__extended__cp200B__single.644d65f0ab0d19f706a493bd5c3dc5df,extended,200B,single,,,,"Tobacco, receive, mailings","To​bacco, re​ceive, ma​ilings"
00176.644d65f0ab0d19f706a493bd5c3dc5df,00176__salted__extended__cp200C__single.644d65f0ab0d19f706a493bd5c3dc5df,extended,200C,single,,,,"Tobacco, receive, mailings","To‌bacco, re‌ceive, ma‌ilings"
00176.644d65f0ab0d19f706a493bd5c3dc5df,00176__salted__extended__cp200D__single.644d65f0ab0d19f706a493bd5c3dc5df,extended,200D,single,,,,"Tobacco, receive, mailings","To‍bacco, re‍ceive, ma‍ilings"
00176.644d65f0ab0d19f706a493bd5c3dc5df,00176__salted__extended__cp00AD__single.644d65f0ab0d19f706a493bd5c3dc5df,extended,00AD,single,,,,"Tobacco, receive, mailings","To­bacco, re­ceive, ma­ilings"
00176.79f82496c612ea28f45f13ca5c47f8c2,00176__salted__extended__cp200B__single.79f82496c612ea28f45f13ca5c47f8c2,extended,200B,single,,Herbal,He​rbal,,
00176.79f82496c612ea28f45f13ca5c47f8c2,00176__salted__extended__cp200C__single.79f82496c612ea28f45f13ca5c47f8c2,extended,200C,single,,Herbal,He‌rbal,,
00176.79f82496c612ea28f45f13ca5c47f8c2,00176__salted__extended__cp200D__single.79f82496c612ea28f45f13ca5c47f8c2,extended,200D,single,,Herbal,He‍rbal,,
00176.79f82496c612ea28f45f13ca5c47f8c2,00176__salted__extended__cp00AD__single.79f82496c612ea28f45f13ca5c47f8c2,extended,00AD,single,,Herbal,He­rbal,,
00177.56ed33af0cb1d0f700cc2d26a866870b,00177__salted__extended__cp200B__single.56ed33af0cb1d0f700cc2d26a866870b,extended,200B,single,,SYSTEMWORKS,SY​STEMWORKS,,
00177.56ed33af0cb1d0f700cc2d26a866870b,00177__salted__extended__cp200C__single.56ed33af0cb1d0f700cc2d26a866870b,extended,200C,single,,SYSTEMWORKS,SY‌STEMWORKS,,
00177.56ed33af0cb1d0f700cc2d26a866870b,00177__salted__extended__cp200D__single.56ed33af0cb1d0f700cc2d26a866870b,extended,200D,single,,SYSTEMWORKS,SY‍STEMWORKS,,
00177.56ed33af0cb1d0f700cc2d26a866870b,00177__salted__extended__cp00AD__single.56ed33af0cb1d0f700cc2d26a866870b,extended,00AD,single,,SYSTEMWORKS,SY­STEMWORKS,,
00177.581a22999fd636e541e4e4864baf947f,00177__salted__extended__cp200B__single.581a22999fd636e541e4e4864baf947f,extended,200B,single,,,,MONTHLY,MO​NTHLY
00177.581a22999fd636e541e4e4864baf947f,00177__salted__extended__cp200C__single.581a22999fd636e541e4e4864baf947f,extended,200C,single,,,,MONTHLY,MO‌NTHLY
00177.581a22999fd636e541e4e4864baf947f,00177__salted__extended__cp200D__single.581a22999fd636e541e4e4864baf947f,extended,200D,single,,,,MONTHLY,MO‍NTHLY
00177.581a22999fd636e541e4e4864baf947f,00177__salted__extended__cp00AD__single.581a22999fd636e541e4e4864baf947f,extended,00AD,single,,,,MONTHLY,MO­NTHLY
00178.2dbe6aa90dc38758c946170ff92ec8e8,00178__salted__extended__cp200B__single.2dbe6aa90dc38758c946170ff92ec8e8,extended,200B,single,,ADV,AD​V,,
00178.2dbe6aa90dc38758c946170ff92ec8e8,00178__salted__extended__cp200C__single.2dbe6aa90dc38758c946170ff92ec8e8,extended,200C,single,,ADV,AD‌V,,
00178.2dbe6aa90dc38758c946170ff92ec8e8,00178__salted__extended__cp200D__single.2dbe6aa90dc38758c946170ff92ec8e8,extended,200D,single,,ADV,AD‍V,,
00178.2dbe6aa90dc38758c946170ff92ec8e8,00178__salted__extended__cp00AD__single.2dbe6aa90dc38758c946170ff92ec8e8,extended,00AD,single,,ADV,AD­V,,
00178.cdecf0f56ddc0bf61e922a131dc806c2,00178__salted__extended__cp200B__single.cdecf0f56ddc0bf61e922a131dc806c2,extended,200B,single,,ADV,AD​V,,
00178.cdecf0f56ddc0bf61e922a131dc806c2,00178__salted__extended__cp200C__single.cdecf0f56ddc0bf61e922a131dc806c2,extended,200C,single,,ADV,AD‌V,,
00178.cdecf0f56ddc0bf61e922a131dc806c2,00178__salted__extended__cp200D__single.cdecf0f56ddc0bf61e922a131dc806c2,extended,200D,single,,ADV,AD‍V,,
00178.cdecf0f56ddc0bf61e922a131dc806c2,00178__salted__extended__cp00AD__single.cdecf0f56ddc0bf61e922a131dc806c2,extended,00AD,single,,ADV,AD­V,,
00179.2174c80cb3eff623dfc991e51a53eb99,00179__salted__extended__cp200B__single.2174c80cb3eff623dfc991e51a53eb99,extended,200B,single,,mortgage,mo​rtgage,,
00179.2174c80cb3eff623dfc991e51a53eb99,00179__salted__extended__cp200C__single.2174c80cb3eff623dfc991e51a53eb99,extended,200C,single,,mortgage,mo‌rtgage,,
00179.2174c80cb3eff623dfc991e51a53eb99,00179__salted__extended__cp200D__single.2174c80cb3eff623dfc991e51a53eb99,extended,200D,single,,mortgage,mo‍rtgage,,
00179.2174c80cb3eff623dfc991e51a53eb99,00179__salted__extended__cp00AD__single.2174c80cb3eff623dfc991e51a53eb99,extended,00AD,single,,mortgage,mo­rtgage,,
00179.ef2f7cf60806a96b59f4477b025580ee,00179__salted__extended__cp200B__single.ef2f7cf60806a96b59f4477b025580ee,extended,200B,single,,,,"pains, NIGERIA, NIGERIA","pa​ins, NI​GERIA, NI​GERIA"
00179.ef2f7cf60806a96b59f4477b025580ee,00179__salted__extended__cp200C__single.ef2f7cf60806a96b59f4477b025580ee,extended,200C,single,,,,"pains, NIGERIA, NIGERIA","pa‌ins, NI‌GERIA, NI‌GERIA"
00179.ef2f7cf60806a96b59f4477b025580ee,00179__salted__extended__cp200D__single.ef2f7cf60806a96b59f4477b025580ee,extended,200D,single,,,,"pains, NIGERIA, NIGERIA","pa‍ins, NI‍GERIA, NI‍GERIA"
00179.ef2f7cf60806a96b59f4477b025580ee,00179__salted__extended__cp00AD__single.ef2f7cf60806a96b59f4477b025580ee,extended,00AD,single,,,,"pains, NIGERIA, NIGERIA","pa­ins, NI­GERIA, NI­GERIA"
00180.751cb63992e172566b3a296d970c425d,00180__salted__extended__cp200B__single.751cb63992e172566b3a296d970c425d,extended,200B,single,,,,"qualified, promotion, receive","qu​alified, pr​omotion, re​ceive"
00180.751cb63992e172566b3a296d970c425d,00180__salted__extended__cp200C__single.751cb63992e172566b3a296d970c425d,extended,200C,single,,,,"qualified, promotion, receive","qu‌alified, pr‌omotion, re‌ceive"
00180.751cb63992e172566b3a296d970c425d,00180__salted__extended__cp200D__single.751cb63992e172566b3a296d970c425d,extended,200D,single,,,,"qualified, promotion, receive","qu‍alified, pr‍omotion, re‍ceive"
00180.751cb63992e172566b3a296d970c425d,00180__salted__extended__cp00AD__single.751cb63992e172566b3a296d970c425d,extended,00AD,single,,,,"qualified, promotion, receive","qu­alified, pr­omotion, re­ceive"
00181.8f8c7074d957952981b3d7bc188eb1a0,00181__salted__extended__cp200B__single.8f8c7074d957952981b3d7bc188eb1a0,extended,200B,single,,,,"qualified, promotion, receive","qu​alified, pr​omotion, re​ceive"
00181.8f8c7074d957952981b3d7bc188eb1a0,00181__salted__extended__cp200C__single.8f8c7074d957952981b3d7bc188eb1a0,extended,200C,single,,,,"qualified, promotion, receive","qu‌alified, pr‌omotion, re‌ceive"
00181.8f8c7074d957952981b3d7bc188eb1a0,00181__salted__extended__cp200D__single.8f8c7074d957952981b3d7bc188eb1a0,extended,200D,single,,,,"qualified, promotion, receive","qu‍alified, pr‍omotion, re‍ceive"
00181.8f8c7074d957952981b3d7bc188eb1a0,00181__salted__extended__cp00AD__single.8f8c7074d957952981b3d7bc188eb1a0,extended,00AD,single,,,,"qualified, promotion, receive","qu­alified, pr­omotion, re­ceive"
00182.1b9ba0f95506a6f2bf256f40fad0687d,00182__salted__extended__cp200B__single.1b9ba0f95506a6f2bf256f40fad0687d,extended,200B,single,,,,"mailings, removal, bills","ma​ilings, re​moval, bi​lls"
00182.1b9ba0f95506a6f2bf256f40fad0687d,00182__salted__extended__cp200C__single.1b9ba0f95506a6f2bf256f40fad0687d,extended,200C,single,,,,"mailings, removal, bills","ma‌ilings, re‌moval, bi‌lls"
00182.1b9ba0f95506a6f2bf256f40fad0687d,00182__salted__extended__cp200D__single.1b9ba0f95506a6f2bf256f40fad0687d,extended,200D,single,,,,"mailings, removal, bills","ma‍ilings, re‍moval, bi‍lls"
00182.1b9ba0f95506a6f2bf256f40fad0687d,00182__salted__extended__cp00AD__single.1b9ba0f95506a6f2bf256f40fad0687d,extended,00AD,single,,,,"mailings, removal, bills","ma­ilings, re­moval, bi­lls"
00183.38d9e73b56e7a59ca1472e08076a9b71,00183__salted__extended__cp200B__single.38d9e73b56e7a59ca1472e08076a9b71,extended,200B,single,,Attn,At​tn,,
00183.38d9e73b56e7a59ca1472e08076a9b71,00183__salted__extended__cp200C__single.38d9e73b56e7a59ca1472e08076a9b71,extended,200C,single,,Attn,At‌tn,,
00183.38d9e73b56e7a59ca1472e08076a9b71,00183__salted__extended__cp200D__single.38d9e73b56e7a59ca1472e08076a9b71,extended,200D,single,,Attn,At‍tn,,
00183.38d9e73b56e7a59ca1472e08076a9b71,00183__salted__extended__cp00AD__single.38d9e73b56e7a59ca1472e08076a9b71,extended,00AD,single,,Attn,At­tn,,
00183.47b495fc7ebd7807affa6425de6419b3,00183__salted__extended__cp200B__single.47b495fc7ebd7807affa6425de6419b3,extended,200B,single,,,,"Unlimited, toll, monthly","Un​limited, to​ll, mo​nthly"
00183.47b495fc7ebd7807affa6425de6419b3,00183__salted__extended__cp200C__single.47b495fc7ebd7807affa6425de6419b3,extended,200C,single,,,,"Unlimited, toll, monthly","Un‌limited, to‌ll, mo‌nthly"
00183.47b495fc7ebd7807affa6425de6419b3,00183__salted__extended__cp200D__single.47b495fc7ebd7807affa6425de6419b3,extended,200D,single,,,,"Unlimited, toll, monthly","Un‍limited, to‍ll, mo‍nthly"
00183.47b495fc7ebd7807affa6425de6419b3,00183__salted__extended__cp00AD__single.47b495fc7ebd7807affa6425de6419b3,extended,00AD,single,,,,"Unlimited, toll, monthly","Un­limited, to­ll, mo­nthly"
00184.b4c342594f571eeb609a47b313ac35fe,00184__salted__extended__cp200B__single.b4c342594f571eeb609a47b313ac35fe,extended,200B,single,,,,"Unlimited, toll, monthly","Un​limited, to​ll, mo​nthly"
00184.b4c342594f571eeb609a47b313ac35fe,00184__salted__extended__cp200C__single.b4c342594f571eeb609a47b313ac35fe,extended,200C,single,,,,"Unlimited, toll, monthly","Un‌limited, to‌ll, mo‌nthly"
00184.b4c342594f571eeb609a47b313ac35fe,00184__salted__extended__cp200D__single.b4c342594f571eeb609a47b313ac35fe,extended,200D,single,,,,"Unlimited, toll, monthly","Un‍limited, to‍ll, mo‍nthly"
00184.b4c342594f571eeb609a47b313ac35fe,00184__salted__extended__cp00AD__single.b4c342594f571eeb609a47b313ac35fe,extended,00AD,single,,,,"Unlimited, toll, monthly","Un­limited, to­ll, mo­nthly"
00184.ead42d7ed872c504c79928a5f0a2b2eb,00184__salted__extended__cp200B__single.ead42d7ed872c504c79928a5f0a2b2eb,extended,200B,single,,,,"qualified, qualified, qualified","qu​alified, qu​alified, qu​alified"
00184.ead42d7ed872c504c79928a5f0a2b2eb,00184__salted__extended__cp200C__single.ead42d7ed872c504c79928a5f0a2b2eb,extended,200C,single,,,,"qualified, qualified, qualified","qu‌alified, qu‌alified, qu‌alified"
00184.ead42d7ed872c504c79928a5f0a2b2eb,00184__salted__extended__cp200D__single.ead42d7ed872c504c79928a5f0a2b2eb,extended,200D,single,,,,"qualified, qualified, qualified","qu‍alified, qu‍alified, qu‍alified"
00184.ead42d7ed872c504c79928a5f0a2b2eb,00184__salted__extended__cp00AD__single.ead42d7ed872c504c79928a5f0a2b2eb,extended,00AD,single,,,,"qualified, qualified, qualified","qu­alified, qu­alified, qu­alified"
00185.3bc6159431883bb008a8cf973facadb3,00185__salted__extended__cp200B__single.3bc6159431883bb008a8cf973facadb3,extended,200B,single,,,,"Unlimited, toll, monthly","Un​limited, to​ll, mo​nthly"
00185.3bc6159431883bb008a8cf973facadb3,00185__salted__extended__cp200C__single.3bc6159431883bb008a8cf973facadb3,extended,200C,single,,,,"Unlimited, toll, monthly","Un‌limited, to‌ll, mo‌nthly"
00185.3bc6159431883bb008a8cf973facadb3,00185__salted__extended__cp200D__single.3bc6159431883bb008a8cf973facadb3,extended,200D,single,,,,"Unlimited, toll, monthly","Un‍limited, to‍ll, mo‍nthly"
00185.3bc6159431883bb008a8cf973facadb3,00185__salted__extended__cp00AD__single.3bc6159431883bb008a8cf973facadb3,extended,00AD,single,,,,"Unlimited, toll, monthly","Un­limited, to­ll, mo­nthly"
00185.8ca19012fa3f2a906f23c3b41f11ffed,00185__salted__extended__cp200B__single.8ca19012fa3f2a906f23c3b41f11ffed,extended,200B,single,,,,click,cl​ick
00185.8ca19012fa3f2a906f23c3b41f11ffed,00185__salted__extended__cp200C__single.8ca19012fa3f2a906f23c3b41f11ffed,extended,200C,single,,,,click,cl‌ick
00185.8ca19012fa3f2a906f23c3b41f11ffed,00185__salted__extended__cp200D__single.8ca19012fa3f2a906f23c3b41f11ffed,extended,200D,single,,,,click,cl‍ick
00185.8ca19012fa3f2a906f23c3b41f11ffed,00185__salted__extended__cp00AD__single.8ca19012fa3f2a906f23c3b41f11ffed,extended,00AD,single,,,,click,cl­ick
00186.a66b4fc4ab114c9cb37e1a31d1ea1aeb,00186__salted__extended__cp200B__single.a66b4fc4ab114c9cb37e1a31d1ea1aeb,extended,200B,single,,,,"Click, receive, mailings","Cl​ick, re​ceive, ma​ilings"
00186.a66b4fc4ab114c9cb37e1a31d1ea1aeb,00186__salted__extended__cp200C__single.a66b4fc4ab114c9cb37e1a31d1ea1aeb,extended,200C,single,,,,"Click, receive, mailings","Cl‌ick, re‌ceive, ma‌ilings"
00186.a66b4fc4ab114c9cb37e1a31d1ea1aeb,00186__salted__extended__cp200D__single.a66b4fc4ab114c9cb37e1a31d1ea1aeb,extended,200D,single,,,,"Click, receive, mailings","Cl‍ick, re‍ceive, ma‍ilings"
00186.a66b4fc4ab114c9cb37e1a31d1ea1aeb,00186__salted__extended__cp00AD__single.a66b4fc4ab114c9cb37e1a31d1ea1aeb,extended,00AD,single,,,,"Click, receive, mailings","Cl­ick, re­ceive, ma­ilings"
00187.efd97ab2034b3384606e21db00014ecb,00187__salted__extended__cp200B__single.efd97ab2034b3384606e21db00014ecb,extended,200B,single,,,,compliance,co​mpliance
00187.efd97ab2034b3384606e21db00014ecb,00187__salted__extended__cp200C__single.efd97ab2034b3384606e21db00014ecb,extended,200C,single,,,,compliance,co‌mpliance
00187.efd97ab2034b3384606e21db00014ecb,00187__salted__extended__cp200D__single.efd97ab2034b3384606e21db00014ecb,extended,200D,single,,,,compliance,co‍mpliance
00187.efd97ab2034b3384606e21db00014ecb,00187__salted__extended__cp00AD__single.efd97ab2034b3384606e21db00014ecb,extended,00AD,single,,,,compliance,co­mpliance
00188.b12197b37ceb97fa0cd802566c1e08db,00188__salted__extended__cp200B__single.b12197b37ceb97fa0cd802566c1e08db,extended,200B,single,,,,"toll, monthly, promotion","to​ll, mo​nthly, pr​omotion"
00188.b12197b37ceb97fa0cd802566c1e08db,00188__salted__extended__cp200C__single.b12197b37ceb97fa0cd802566c1e08db,extended,200C,single,,,,"toll, monthly, promotion","to‌ll, mo‌nthly, pr‌omotion"
00188.b12197b37ceb97fa0cd802566c1e08db,00188__salted__extended__cp200D__single.b12197b37ceb97fa0cd802566c1e08db,extended,200D,single,,,,"toll, monthly, promotion","to‍ll, mo‍nthly, pr‍omotion"
00188.b12197b37ceb97fa0cd802566c1e08db,00188__salted__extended__cp00AD__single.b12197b37ceb97fa0cd802566c1e08db,extended,00AD,single,,,,"toll, monthly, promotion","to­ll, mo­nthly, pr­omotion"
00189.074fe7fad584aa9243fadc6d16f8c186,00189__salted__extended__cp200B__single.074fe7fad584aa9243fadc6d16f8c186,extended,200B,single,,,,"toll, monthly, promotion","to​ll, mo​nthly, pr​omotion"
00189.074fe7fad584aa9243fadc6d16f8c186,00189__salted__extended__cp200C__single.074fe7fad584aa9243fadc6d16f8c186,extended,200C,single,,,,"toll, monthly, promotion","to‌ll, mo‌nthly, pr‌omotion"
00189.074fe7fad584aa9243fadc6d16f8c186,00189__salted__extended__cp200D__single.074fe7fad584aa9243fadc6d16f8c186,extended,200D,single,,,,"toll, monthly, promotion","to‍ll, mo‍nthly, pr‍omotion"
00189.074fe7fad584aa9243fadc6d16f8c186,00189__salted__extended__cp00AD__single.074fe7fad584aa9243fadc6d16f8c186,extended,00AD,single,,,,"toll, monthly, promotion","to­ll, mo­nthly, pr­omotion"
00190.dbaebac8c91d57cf7c9b9a431606ce54,00190__salted__extended__cp200B__single.dbaebac8c91d57cf7c9b9a431606ce54,extended,200B,single,,Viagra,Vi​agra,,
00190.dbaebac8c91d57cf7c9b9a431606ce54,00190__salted__extended__cp200C__single.dbaebac8c91d57cf7c9b9a431606ce54,extended,200C,single,,Viagra,Vi‌agra,,
00190.dbaebac8c91d57cf7c9b9a431606ce54,00190__salted__extended__cp200D__single.dbaebac8c91d57cf7c9b9a431606ce54,extended,200D,single,,Viagra,Vi‍agra,,
00190.dbaebac8c91d57cf7c9b9a431606ce54,00190__salted__extended__cp00AD__single.dbaebac8c91d57cf7c9b9a431606ce54,extended,00AD,single,,Viagra,Vi­agra,,
00190.ee2ea200e7efa602221c6492f9d9d8c0,00190__salted__extended__cp200B__single.ee2ea200e7efa602221c6492f9d9d8c0,extended,200B,single,,,,"toll, monthly, promotion","to​ll, mo​nthly, pr​omotion"
00190.ee2ea200e7efa602221c6492f9d9d8c0,00190__salted__extended__cp200C__single.ee2ea200e7efa602221c6492f9d9d8c0,extended,200C,single,,,,"toll, monthly, promotion","to‌ll, mo‌nthly, pr‌omotion"
00190.ee2ea200e7efa602221c6492f9d9d8c0,00190__salted__extended__cp200D__single.ee2ea200e7efa602221c6492f9d9d8c0,extended,200D,single,,,,"toll, monthly, promotion","to‍ll, mo‍nthly, pr‍omotion"
00190.ee2ea200e7efa602221c6492f9d9d8c0,00190__salted__extended__cp00AD__single.ee2ea200e7efa602221c6492f9d9d8c0,extended,00AD,single,,,,"toll, monthly, promotion","to­ll, mo­nthly, pr­omotion"
00191.9ff80a41f015b7a6c409732e41c0df07,00191__salted__extended__cp200B__single.9ff80a41f015b7a6c409732e41c0df07,extended,200B,single,,,,"promotion, zzzz, receive","pr​omotion, zz​zz, re​ceive"
00191.9ff80a41f015b7a6c409732e41c0df07,00191__salted__extended__cp200C__single.9ff80a41f015b7a6c409732e41c0df07,extended,200C,single,,,,"promotion, zzzz, receive","pr‌omotion, zz‌zz, re‌ceive"
00191.9ff80a41f015b7a6c409732e41c0df07,00191__salted__extended__cp200D__single.9ff80a41f015b7a6c409732e41c0df07,extended,200D,single,,,,"promotion, zzzz, receive","pr‍omotion, zz‍zz, re‍ceive"
00191.9ff80a41f015b7a6c409732e41c0df07,00191__salted__extended__cp00AD__single.9ff80a41f015b7a6c409732e41c0df07,extended,00AD,single,,,,"promotion, zzzz, receive","pr­omotion, zz­zz, re­ceive"
00192.e5a6bb15ae1e965f3b823c75e435651a,00192__salted__extended__cp200B__single.e5a6bb15ae1e965f3b823c75e435651a,extended,200B,single,,Insurance,In​surance,"Mortgage, Fees, Commissions","Mo​rtgage, Fe​es, Co​mmissions"
00192.e5a6bb15ae1e965f3b823c75e435651a,00192__salted__extended__cp200C__single.e5a6bb15ae1e965f3b823c75e435651a,extended,200C,single,,Insurance,In‌surance,"Mortgage, Fees, Commissions","Mo‌rtgage, Fe‌es, Co‌mmissions"
00192.e5a6bb15ae1e965f3b823c75e435651a,00192__salted__extended__cp200D__single.e5a6bb15ae1e965f3b823c75e435651a,extended,200D,single,,Insurance,In‍surance,"Mortgage, Fees, Commissions","Mo‍rtgage, Fe‍es, Co‍mmissions"
00192.e5a6bb15ae1e965f3b823c75e435651a,00192__salted__extended__cp00AD__single.e5a6bb15ae1e965f3b823c75e435651a,extended,00AD,single,,Insurance,In­surance,"Mortgage, Fees, Commissions","Mo­rtgage, Fe­es, Co­mmissions"
00192.f2c49e0edfc9d9c861da1e6368cb7d12,00192__salted__extended__cp200B__single.f2c49e0edfc9d9c861da1e6368cb7d12,extended,200B,single,,ASSISTANCE,AS​SISTANCE,"assist, honesty, assistance","as​sist, ho​nesty, as​sistance"
00192.f2c49e0edfc9d9c861da1e6368cb7d12,00192__salted__extended__cp200C__single.f2c49e0edfc9d9c861da1e6368cb7d12,extended,200C,single,,ASSISTANCE,AS‌SISTANCE,"assist, honesty, assistance","as‌sist, ho‌nesty, as‌sistance"
00192.f2c49e0edfc9d9c861da1e6368cb7d12,00192__salted__extended__cp200D__single.f2c49e0edfc9d9c861da1e6368cb7d12,extended,200D,single,,ASSISTANCE,AS‍SISTANCE,"assist, honesty, assistance","as‍sist, ho‍nesty, as‍sistance"
00192.f2c49e0edfc9d9c861da1e6368cb7d12,00192__salted__extended__cp00AD__single.f2c49e0edfc9d9c861da1e6368cb7d12,extended,00AD,single,,ASSISTANCE,AS­SISTANCE,"assist, honesty, assistance","as­sist, ho­nesty, as­sistance"
00193.c04ef77bc3dbaa5762760a6ea138df0e,00193__salted__extended__cp200B__single.c04ef77bc3dbaa5762760a6ea138df0e,extended,200B,single,,MLM,ML​M,"removal, MLM, MLM","re​moval, ML​M, ML​M"
00193.c04ef77bc3dbaa5762760a6ea138df0e,00193__salted__extended__cp200C__single.c04ef77bc3dbaa5762760a6ea138df0e,extended,200C,single,,MLM,ML‌M,"removal, MLM, MLM","re‌moval, ML‌M, ML‌M"
00193.c04ef77bc3dbaa5762760a6ea138df0e,00193__salted__extended__cp200D__single.c04ef77bc3dbaa5762760a6ea138df0e,extended,200D,single,,MLM,ML‍M,"removal, MLM, MLM","re‍moval, ML‍M, ML‍M"
00193.c04ef77bc3dbaa5762760a6ea138df0e,00193__salted__extended__cp00AD__single.c04ef77bc3dbaa5762760a6ea138df0e,extended,00AD,single,,MLM,ML­M,"removal, MLM, MLM","re­moval, ML­M, ML­M"
00193.d68a324fdbe164f166b58e7852903065,00193__salted__extended__cp200B__single.d68a324fdbe164f166b58e7852903065,extended,200B,single,,ASSISTANCE,AS​SISTANCE,"Sir, Bills, NIgeria","Si​r, Bi​lls, NI​geria"
00193.d68a324fdbe164f166b58e7852903065,00193__salted__extended__cp200C__single.d68a324fdbe164f166b58e7852903065,extended,200C,single,,ASSISTANCE,AS‌SISTANCE,"Sir, Bills, NIgeria","Si‌r, Bi‌lls, NI‌geria"
00193.d68a324fdbe164f166b58e7852903065,00193__salted__extended__cp200D__single.d68a324fdbe164f166b58e7852903065,extended,200D,single,,ASSISTANCE,AS‍SISTANCE,"Sir, Bills, NIgeria","Si‍r, Bi‍lls, NI‍geria"
00193.d68a324fdbe164f166b58e7852903065,00193__salted__extended__cp00AD__single.d68a324fdbe164f166b58e7852903065,extended,00AD,single,,ASSISTANCE,AS­SISTANCE,"Sir, Bills, NIgeria","Si­r, Bi­lls, NI­geria"
00194.767c323b4ae7a4909397e42cbd0c56a4,00194__salted__extended__cp200B__single.767c323b4ae7a4909397e42cbd0c56a4,extended,200B,single,,,,receive,re​ceive
00194.767c323b4ae7a4909397e42cbd0c56a4,00194__salted__extended__cp200C__single.767c323b4ae7a4909397e42cbd0c56a4,extended,200C,single,,,,receive,re‌ceive
00194.767c323b4ae7a4909397e42cbd0c56a4,00194__salted__extended__cp200D__single.767c323b4ae7a4909397e42cbd0c56a4,extended,200D,single,,,,receive,re‍ceive
00194.767c323b4ae7a4909397e42cbd0c56a4,00194__salted__extended__cp00AD__single.767c323b4ae7a4909397e42cbd0c56a4,extended,00AD,single,,,,receive,re­ceive
00194.91b4c441362e802a64154349c6451b7c,00194__salted__extended__cp200B__single.91b4c441362e802a64154349c6451b7c,extended,200B,single,,ASSISTANCE,AS​SISTANCE,"Sir, Bills, NIgeria","Si​r, Bi​lls, NI​geria"
00194.91b4c441362e802a64154349c6451b7c,00194__salted__extended__cp200C__single.91b4c441362e802a64154349c6451b7c,extended,200C,single,,ASSISTANCE,AS‌SISTANCE,"Sir, Bills, NIgeria","Si‌r, Bi‌lls, NI‌geria"
00194.91b4c441362e802a64154349c6451b7c,00194__salted__extended__cp200D__single.91b4c441362e802a64154349c6451b7c,extended,200D,single,,ASSISTANCE,AS‍SISTANCE,"Sir, Bills, NIgeria","Si‍r, Bi‍lls, NI‍geria"
00194.91b4c441362e802a64154349c6451b7c,00194__salted__extended__cp00AD__single.91b4c441362e802a64154349c6451b7c,extended,00AD,single,,ASSISTANCE,AS­SISTANCE,"Sir, Bills, NIgeria","Si­r, Bi­lls, NI­geria"
00196.2e07e36c1285ba9187f8168c77d813f7,00196__salted__extended__cp200B__single.2e07e36c1285ba9187f8168c77d813f7,extended,200B,single,,Unlimited,Un​limited,"Unlimited, communication, toll","Un​limited, co​mmunication, to​ll"
00196.2e07e36c1285ba9187f8168c77d813f7,00196__salted__extended__cp200C__single.2e07e36c1285ba9187f8168c77d813f7,extended,200C,single,,Unlimited,Un‌limited,"Unlimited, communication, toll","Un‌limited, co‌mmunication, to‌ll"
00196.2e07e36c1285ba9187f8168c77d813f7,00196__salted__extended__cp200D__single.2e07e36c1285ba9187f8168c77d813f7,extended,200D,single,,Unlimited,Un‍limited,"Unlimited, communication, toll","Un‍limited, co‍mmunication, to‍ll"
00196.2e07e36c1285ba9187f8168c77d813f7,00196__salted__extended__cp00AD__single.2e07e36c1285ba9187f8168c77d813f7,extended,00AD,single,,Unlimited,Un­limited,"Unlimited, communication, toll","Un­limited, co­mmunication, to­ll"
00196.dd21040c7757d477c967ae71b537810e,00196__salted__extended__cp200B__single.dd21040c7757d477c967ae71b537810e,extended,200B,single,,SYSTEMWORKS,SY​STEMWORKS,,
00196.dd21040c7757d477c967ae71b537810e,00196__salted__extended__cp200C__single.dd21040c7757d477c967ae71b537810e,extended,200C,single,,SYSTEMWORKS,SY‌STEMWORKS,,
00196.dd21040c7757d477c967ae71b537810e,00196__salted__extended__cp200D__single.dd21040c7757d477c967ae71b537810e,extended,200D,single,,SYSTEMWORKS,SY‍STEMWORKS,,
00196.dd21040c7757d477c967ae71b537810e,00196__salted__extended__cp00AD__single.dd21040c7757d477c967ae71b537810e,extended,00AD,single,,SYSTEMWORKS,SY­STEMWORKS,,
00197.5a921df53d215a60d557c68754559e93,00197__salted__extended__cp200B__single.5a921df53d215a60d557c68754559e93,extended,200B,single,,,,"bills, receive, bills","bi​lls, re​ceive, bi​lls"
00197.5a921df53d215a60d557c68754559e93,00197__salted__extended__cp200C__single.5a921df53d215a60d557c68754559e93,extended,200C,single,,,,"bills, receive, bills","bi‌lls, re‌ceive, bi‌lls"
00197.5a921df53d215a60d557c68754559e93,00197__salted__extended__cp200D__single.5a921df53d215a60d557c68754559e93,extended,200D,single,,,,"bills, receive, bills","bi‍lls, re‍ceive, bi‍lls"
00197.5a921df53d215a60d557c68754559e93,00197__salted__extended__cp00AD__single.5a921df53d215a60d557c68754559e93,extended,00AD,single,,,,"bills, receive, bills","bi­lls, re­ceive, bi­lls"
00197.d77321043295f3683060dcb2bdb8b822,00197__salted__extended__cp200B__single.d77321043295f3683060dcb2bdb8b822,extended,200B,single,,Unlimited,Un​limited,"Unlimited, communication, toll","Un​limited, co​mmunication, to​ll"
00197.d77321043295f3683060dcb2bdb8b822,00197__salted__extended__cp200C__single.d77321043295f3683060dcb2bdb8b822,extended,200C,single,,Unlimited,Un‌limited,"Unlimited, communication, toll","Un‌limited, co‌mmunication, to‌ll"
00197.d77321043295f3683060dcb2bdb8b822,00197__salted__extended__cp200D__single.d77321043295f3683060dcb2bdb8b822,extended,200D,single,,Unlimited,Un‍limited,"Unlimited, communication, toll","Un‍limited, co‍mmunication, to‍ll"
00197.d77321043295f3683060dcb2bdb8b822,00197__salted__extended__cp00AD__single.d77321043295f3683060dcb2bdb8b822,extended,00AD,single,,Unlimited,Un­limited,"Unlimited, communication, toll","Un­limited, co­mmunication, to­ll"
00198.150ad975a44e356b479b88d8b57edc40,00198__salted__extended__cp200B__single.150ad975a44e356b479b88d8b57edc40,extended,200B,single,,Unlimited,Un​limited,"Unlimited, communication, toll","Un​limited, co​mmunication, to​ll"
00198.150ad975a44e356b479b88d8b57edc40,00198__salted__extended__cp200C__single.150ad975a44e356b479b88d8b57edc40,extended,200C,single,,Unlimited,Un‌limited,"Unlimited, communication, toll","Un‌limited, co‌mmunication, to‌ll"
00198.150ad975a44e356b479b88d8b57edc40,00198__salted__extended__cp200D__single.150ad975a44e356b479b88d8b57edc40,extended,200D,single,,Unlimited,Un‍limited,"Unlimited, communication, toll","Un‍limited, co‍mmunication, to‍ll"
00198.150ad975a44e356b479b88d8b57edc40,00198__salted__extended__cp00AD__single.150ad975a44e356b479b88d8b57edc40,extended,00AD,single,,Unlimited,Un­limited,"Unlimited, communication, toll","Un­limited, co­mmunication, to­ll"
00199.3536ffa9d7e1b912f6fc649d779cfe5d,00199__salted__extended__cp200B__single.3536ffa9d7e1b912f6fc649d779cfe5d,extended,200B,single,,,,sincerely,si​ncerely
00199.3536ffa9d7e1b912f6fc649d779cfe5d,00199__salted__extended__cp200C__single.3536ffa9d7e1b912f6fc649d779cfe5d,extended,200C,single,,,,sincerely,si‌ncerely
00199.3536ffa9d7e1b912f6fc649d779cfe5d,00199__salted__extended__cp200D__single.3536ffa9d7e1b912f6fc649d779cfe5d,extended,200D,single,,,,sincerely,si‍ncerely
00199.3536ffa9d7e1b912f6fc649d779cfe5d,00199__salted__extended__cp00AD__single.3536ffa9d7e1b912f6fc649d779cfe5d,extended,00AD,single,,,,sincerely,si­ncerely
00199.9be6cec49c53210152780926cdeb59ff,00199__salted__extended__cp200B__single.9be6cec49c53210152780926cdeb59ff,extended,200B,single,,SYSTEMWORKS,SY​STEMWORKS,,
00199.9be6cec49c53210152780926cdeb59ff,00199__salted__extended__cp200C__single.9be6cec49c53210152780926cdeb59ff,extended,200C,single,,SYSTEMWORKS,SY‌STEMWORKS,,
00199.9be6cec49c53210152780926cdeb59ff,00199__salted__extended__cp200D__single.9be6cec49c53210152780926cdeb59ff,extended,200D,single,,SYSTEMWORKS,SY‍STEMWORKS,,
00199.9be6cec49c53210152780926cdeb59ff,00199__salted__extended__cp00AD__single.9be6cec49c53210152780926cdeb59ff,extended,00AD,single,,SYSTEMWORKS,SY­STEMWORKS,,
00200.2fcabc2b58baa0ebc051e3ea3dfafd8f,00200__salted__extended__cp200B__single.2fcabc2b58baa0ebc051e3ea3dfafd8f,extended,200B,single,,,,assistance,as​sistance
00200.2fcabc2b58baa0ebc051e3ea3dfafd8f,00200__salted__extended__cp200C__single.2fcabc2b58baa0ebc051e3ea3dfafd8f,extended,200C,single,,,,assistance,as‌sistance
00200.2fcabc2b58baa0ebc051e3ea3dfafd8f,00200__salted__extended__cp200D__single.2fcabc2b58baa0ebc051e3ea3dfafd8f,extended,200D,single,,,,assistance,as‍sistance
00200.2fcabc2b58baa0ebc051e3ea3dfafd8f,00200__salted__extended__cp00AD__single.2fcabc2b58baa0ebc051e3ea3dfafd8f,extended,00AD,single,,,,assistance,as­sistance
00200.bacd4b2168049778b480367ca670254f,00200__salted__extended__cp200B__single.bacd4b2168049778b480367ca670254f,extended,200B,single,,ADV,AD​V,,
00200.bacd4b2168049778b480367ca670254f,00200__salted__extended__cp200C__single.bacd4b2168049778b480367ca670254f,extended,200C,single,,ADV,AD‌V,,
00200.bacd4b2168049778b480367ca670254f,00200__salted__extended__cp200D__single.bacd4b2168049778b480367ca670254f,extended,200D,single,,ADV,AD‍V,,
00200.bacd4b2168049778b480367ca670254f,00200__salted__extended__cp00AD__single.bacd4b2168049778b480367ca670254f,extended,00AD,single,,ADV,AD­V,,
00201.e74734c7cd89b7c55989d585f72b358a,00201__salted__extended__cp200B__single.e74734c7cd89b7c55989d585f72b358a,extended,200B,single,,,,"Insurance, insurance, Earn","In​surance, in​surance, Ea​rn"
00201.e74734c7cd89b7c55989d585f72b358a,00201__salted__extended__cp200C__single.e74734c7cd89b7c55989d585f72b358a,extended,200C,single,,,,"Insurance, insurance, Earn","In‌surance, in‌surance, Ea‌rn"
00201.e74734c7cd89b7c55989d585f72b358a,00201__salted__extended__cp200D__single.e74734c7cd89b7c55989d585f72b358a,extended,200D,single,,,,"Insurance, insurance, Earn","In‍surance, in‍surance, Ea‍rn"
00201.e74734c7cd89b7c55989d585f72b358a,00201__salted__extended__cp00AD__single.e74734c7cd89b7c55989d585f72b358a,extended,00AD,single,,,,"Insurance, insurance, Earn","In­surance, in­surance, Ea­rn"
00202.e57a96cc553ecba5064d023695a0f385,00202__salted__extended__cp200B__single.e57a96cc553ecba5064d023695a0f385,extended,200B,single,,,,"receive, mailings, click","re​ceive, ma​ilings, cl​ick"
00202.e57a96cc553ecba5064d023695a0f385,00202__salted__extended__cp200C__single.e57a96cc553ecba5064d023695a0f385,extended,200C,single,,,,"receive, mailings, click","re‌ceive, ma‌ilings, cl‌ick"
00202.e57a96cc553ecba5064d023695a0f385,00202__salted__extended__cp200D__single.e57a96cc553ecba5064d023695a0f385,extended,200D,single,,,,"receive, mailings, click","re‍ceive, ma‍ilings, cl‍ick"
00202.e57a96cc553ecba5064d023695a0f385,00202__salted__extended__cp00AD__single.e57a96cc553ecba5064d023695a0f385,extended,00AD,single,,,,"receive, mailings, click","re­ceive, ma­ilings, cl­ick"
00203.3956f8506171ffd90a0060cafad4fdea,00203__salted__extended__cp200B__single.3956f8506171ffd90a0060cafad4fdea,extended,200B,single,,,,"guaranteed, receive, mailings","gu​aranteed, re​ceive, ma​ilings"
00203.3956f8506171ffd90a0060cafad4fdea,00203__salted__extended__cp200C__single.3956f8506171ffd90a0060cafad4fdea,extended,200C,single,,,,"guaranteed, receive, mailings","gu‌aranteed, re‌ceive, ma‌ilings"
00203.3956f8506171ffd90a0060cafad4fdea,00203__salted__extended__cp200D__single.3956f8506171ffd90a0060cafad4fdea,extended,200D,single,,,,"guaranteed, receive, mailings","gu‍aranteed, re‍ceive, ma‍ilings"
00203.3956f8506171ffd90a0060cafad4fdea,00203__salted__extended__cp00AD__single.3956f8506171ffd90a0060cafad4fdea,extended,00AD,single,,,,"guaranteed, receive, mailings","gu­aranteed, re­ceive, ma­ilings"
00203.5d5cdf03bd9362584adaf6be372d0ba1,00203__salted__extended__cp200B__single.5d5cdf03bd9362584adaf6be372d0ba1,extended,200B,single,,,,"receive, mailings, click","re​ceive, ma​ilings, cl​ick"
00203.5d5cdf03bd9362584adaf6be372d0ba1,00203__salted__extended__cp200C__single.5d5cdf03bd9362584adaf6be372d0ba1,extended,200C,single,,,,"receive, mailings, click","re‌ceive, ma‌ilings, cl‌ick"
00203.5d5cdf03bd9362584adaf6be372d0ba1,00203__salted__extended__cp200D__single.5d5cdf03bd9362584adaf6be372d0ba1,extended,200D,single,,,,"receive, mailings, click","re‍ceive, ma‍ilings, cl‍ick"
00203.5d5cdf03bd9362584adaf6be372d0ba1,00203__salted__extended__cp00AD__single.5d5cdf03bd9362584adaf6be372d0ba1,extended,00AD,single,,,,"receive, mailings, click","re­ceive, ma­ilings, cl­ick"
00206.434bca9a9918edbdb04b93f6618adf90,00206__salted__extended__cp200B__single.434bca9a9918edbdb04b93f6618adf90,extended,200B,single,,,,"Madam, Sir, click","Ma​dam, Si​r, cl​ick"
00206.434bca9a9918edbdb04b93f6618adf90,00206__salted__extended__cp200C__single.434bca9a9918edbdb04b93f6618adf90,extended,200C,single,,,,"Madam, Sir, click","Ma‌dam, Si‌r, cl‌ick"
00206.434bca9a9918edbdb04b93f6618adf90,00206__salted__extended__cp200D__single.434bca9a9918edbdb04b93f6618adf90,extended,200D,single,,,,"Madam, Sir, click","Ma‍dam, Si‍r, cl‍ick"
00206.434bca9a9918edbdb04b93f6618adf90,00206__salted__extended__cp00AD__single.434bca9a9918edbdb04b93f6618adf90,extended,00AD,single,,,,"Madam, Sir, click","Ma­dam, Si­r, cl­ick"
00207.0b71ac81a360455c1514f5872564b1e1,00207__salted__extended__cp200B__single.0b71ac81a360455c1514f5872564b1e1,extended,200B,single,,,,"Mailings, Removal","Ma​ilings, Re​moval"
00207.0b71ac81a360455c1514f5872564b1e1,00207__salted__extended__cp200C__single.0b71ac81a360455c1514f5872564b1e1,extended,200C,single,,,,"Mailings, Removal","Ma‌ilings, Re‌moval"
00207.0b71ac81a360455c1514f5872564b1e1,00207__salted__extended__cp200D__single.0b71ac81a360455c1514f5872564b1e1,extended,200D,single,,,,"Mailings, Removal","Ma‍ilings, Re‍moval"
00207.0b71ac81a360455c1514f5872564b1e1,00207__salted__extended__cp00AD__single.0b71ac81a360455c1514f5872564b1e1,extended,00AD,single,,,,"Mailings, Removal","Ma­ilings, Re­moval"
00208.369921416af87a0b70f133632131b184,00208__salted__extended__cp200B__single.369921416af87a0b70f133632131b184,extended,200B,single,,ASSISTANCE,AS​SISTANCE,"assistance, assistance, confidentiality","as​sistance, as​sistance, co​nfidentiality"
00208.369921416af87a0b70f133632131b184,00208__salted__extended__cp200C__single.369921416af87a0b70f133632131b184,extended,200C,single,,ASSISTANCE,AS‌SISTANCE,"assistance, assistance, confidentiality","as‌sistance, as‌sistance, co‌nfidentiality"
00208.369921416af87a0b70f133632131b184,00208__salted__extended__cp200D__single.369921416af87a0b70f133632131b184,extended,200D,single,,ASSISTANCE,AS‍SISTANCE,"assistance, assistance, confidentiality","as‍sistance, as‍sistance, co‍nfidentiality"
00208.369921416af87a0b70f133632131b184,00208__salted__extended__cp00AD__single.369921416af87a0b70f133632131b184,extended,00AD,single,,ASSISTANCE,AS­SISTANCE,"assistance, assistance, confidentiality","as­sistance, as­sistance, co­nfidentiality"
00208.c9e30fc9044cdc50682c2e2d2be4c466,00208__salted__extended__cp200B__single.c9e30fc9044cdc50682c2e2d2be4c466,extended,200B,single,,cartridges,ca​rtridges,"Inkjet, cartridges, Inkjet","In​kjet, ca​rtridges, In​kjet"
00208.c9e30fc9044cdc50682c2e2d2be4c466,00208__salted__extended__cp200C__single.c9e30fc9044cdc50682c2e2d2be4c466,extended,200C,single,,cartridges,ca‌rtridges,"Inkjet, cartridges, Inkjet","In‌kjet, ca‌rtridges, In‌kjet"
00208.c9e30fc9044cdc50682c2e2d2be4c466,00208__salted__extended__cp200D__single.c9e30fc9044cdc50682c2e2d2be4c466,extended,200D,single,,cartridges,ca‍rtridges,"Inkjet, cartridges, Inkjet","In‍kjet, ca‍rtridges, In‍kjet"
00208.c9e30fc9044cdc50682c2e2d2be4c466,00208__salted__extended__cp00AD__single.c9e30fc9044cdc50682c2e2d2be4c466,extended,00AD,single,,cartridges,ca­rtridges,"Inkjet, cartridges, Inkjet","In­kjet, ca­rtridges, In­kjet"
00209.5276f967533f2ce0209c1eff631a86ff,00209__salted__extended__cp200B__single.5276f967533f2ce0209c1eff631a86ff,extended,200B,single,,,,"receive, mailings, communication","re​ceive, ma​ilings, co​mmunication"
00209.5276f967533f2ce0209c1eff631a86ff,00209__salted__extended__cp200C__single.5276f967533f2ce0209c1eff631a86ff,extended,200C,single,,,,"receive, mailings, communication","re‌ceive, ma‌ilings, co‌mmunication"
00209.5276f967533f2ce0209c1eff631a86ff,00209__salted__extended__cp200D__single.5276f967533f2ce0209c1eff631a86ff,extended,200D,single,,,,"receive, mailings, communication","re‍ceive, ma‍ilings, co‍mmunication"
00209.5276f967533f2ce0209c1eff631a86ff,00209__salted__extended__cp00AD__single.5276f967533f2ce0209c1eff631a86ff,extended,00AD,single,,,,"receive, mailings, communication","re­ceive, ma­ilings, co­mmunication"
00209.983df148f8b7d7e5d678f1ea6297cad1,00209__salted__extended__cp200B__single.983df148f8b7d7e5d678f1ea6297cad1,extended,200B,single,,,,receive,re​ceive
00209.983df148f8b7d7e5d678f1ea6297cad1,00209__salted__extended__cp200C__single.983df148f8b7d7e5d678f1ea6297cad1,extended,200C,single,,,,receive,re‌ceive
00209.983df148f8b7d7e5d678f1ea6297cad1,00209__salted__extended__cp200D__single.983df148f8b7d7e5d678f1ea6297cad1,extended,200D,single,,,,receive,re‍ceive
00209.983df148f8b7d7e5d678f1ea6297cad1,00209__salted__extended__cp00AD__single.983df148f8b7d7e5d678f1ea6297cad1,extended,00AD,single,,,,receive,re­ceive
00210.050ffd105bd4e006771ee63cabc59978,00210__salted__extended__cp200B__single.050ffd105bd4e006771ee63cabc59978,extended,200B,single,,,,"affordable, affordable, fees","af​fordable, af​fordable, fe​es"
00210.050ffd105bd4e006771ee63cabc59978,00210__salted__extended__cp200C__single.050ffd105bd4e006771ee63cabc59978,extended,200C,single,,,,"affordable, affordable, fees","af‌fordable, af‌fordable, fe‌es"
00210.050ffd105bd4e006771ee63cabc59978,00210__salted__extended__cp200D__single.050ffd105bd4e006771ee63cabc59978,extended,200D,single,,,,"affordable, affordable, fees","af‍fordable, af‍fordable, fe‍es"
00210.050ffd105bd4e006771ee63cabc59978,00210__salted__extended__cp00AD__single.050ffd105bd4e006771ee63cabc59978,extended,00AD,single,,,,"affordable, affordable, fees","af­fordable, af­fordable, fe­es"
00210.2942a339c3792a1010d024e6d6ba032e,00210__salted__extended__cp200B__single.2942a339c3792a1010d024e6d6ba032e,extended,200B,single,,ADV,AD​V,,
00210.2942a339c3792a1010d024e6d6ba032e,00210__salted__extended__cp200C__single.2942a339c3792a1010d024e6d6ba032e,extended,200C,single,,ADV,AD‌V,,
00210.2942a339c3792a1010d024e6d6ba032e,00210__salted__extended__cp200D__single.2942a339c3792a1010d024e6d6ba032e,extended,200D,single,,ADV,AD‍V,,
00210.2942a339c3792a1010d024e6d6ba032e,00210__salted__extended__cp00AD__single.2942a339c3792a1010d024e6d6ba032e,extended,00AD,single,,ADV,AD­V,,
00211.4a52fb081c7087c4a82402342751e755,00211__salted__extended__cp200B__single.4a52fb081c7087c4a82402342751e755,extended,200B,single,,ADV,AD​V,"toll, Sincerely","to​ll, Si​ncerely"
00211.4a52fb081c7087c4a82402342751e755,00211__salted__extended__cp200C__single.4a52fb081c7087c4a82402342751e755,extended,200C,single,,ADV,AD‌V,"toll, Sincerely","to‌ll, Si‌ncerely"
00211.4a52fb081c7087c4a82402342751e755,00211__salted__extended__cp200D__single.4a52fb081c7087c4a82402342751e755,extended,200D,single,,ADV,AD‍V,"toll, Sincerely","to‍ll, Si‍ncerely"
00211.4a52fb081c7087c4a82402342751e755,00211__salted__extended__cp00AD__single.4a52fb081c7087c4a82402342751e755,extended,00AD,single,,ADV,AD­V,"toll, Sincerely","to­ll, Si­ncerely"
00212.87d0c89c4f341d1580908678bf916213,00212__salted__extended__cp200B__single.87d0c89c4f341d1580908678bf916213,extended,200B,single,,ADV,AD​V,"toll, Sincerely","to​ll, Si​ncerely"
00212.87d0c89c4f341d1580908678bf916213,00212__salted__extended__cp200C__single.87d0c89c4f341d1580908678bf916213,extended,200C,single,,ADV,AD‌V,"toll, Sincerely","to‌ll, Si‌ncerely"
00212.87d0c89c4f341d1580908678bf916213,00212__salted__extended__cp200D__single.87d0c89c4f341d1580908678bf916213,extended,200D,single,,ADV,AD‍V,"toll, Sincerely","to‍ll, Si‍ncerely"
00212.87d0c89c4f341d1580908678bf916213,00212__salted__extended__cp00AD__single.87d0c89c4f341d1580908678bf916213,extended,00AD,single,,ADV,AD­V,"toll, Sincerely","to­ll, Si­ncerely"
00214.1367039e50dc6b7adb0f2aa8aba83216,00214__salted__extended__cp200B__single.1367039e50dc6b7adb0f2aa8aba83216,extended,200B,single,,Dare,Da​re,"dare, annuity, Guaranteed","da​re, an​nuity, Gu​aranteed"
00214.1367039e50dc6b7adb0f2aa8aba83216,00214__salted__extended__cp200C__single.1367039e50dc6b7adb0f2aa8aba83216,extended,200C,single,,Dare,Da‌re,"dare, annuity, Guaranteed","da‌re, an‌nuity, Gu‌aranteed"
00214.1367039e50dc6b7adb0f2aa8aba83216,00214__salted__extended__cp200D__single.1367039e50dc6b7adb0f2aa8aba83216,extended,200D,single,,Dare,Da‍re,"dare, annuity, Guaranteed","da‍re, an‍nuity, Gu‍aranteed"
00214.1367039e50dc6b7adb0f2aa8aba83216,00214__salted__extended__cp00AD__single.1367039e50dc6b7adb0f2aa8aba83216,extended,00AD,single,,Dare,Da­re,"dare, annuity, Guaranteed","da­re, an­nuity, Gu­aranteed"
00214.39bd955c9db013255c326dbcbb4f2f86,00214__salted__extended__cp200B__single.39bd955c9db013255c326dbcbb4f2f86,extended,200B,single,,bills,bi​lls,,
00214.39bd955c9db013255c326dbcbb4f2f86,00214__salted__extended__cp200C__single.39bd955c9db013255c326dbcbb4f2f86,extended,200C,single,,bills,bi‌lls,,
00214.39bd955c9db013255c326dbcbb4f2f86,00214__salted__extended__cp200D__single.39bd955c9db013255c326dbcbb4f2f86,extended,200D,single,,bills,bi‍lls,,
00214.39bd955c9db013255c326dbcbb4f2f86,00214__salted__extended__cp00AD__single.39bd955c9db013255c326dbcbb4f2f86,extended,00AD,single,,bills,bi­lls,,
00216.89c1ede0b81fb09f7334f47a5183410a,00216__salted__extended__cp200B__single.89c1ede0b81fb09f7334f47a5183410a,extended,200B,single,,,,"LAGOS, NIGERIA, apologize","LA​GOS, NI​GERIA, ap​ologize"
00216.89c1ede0b81fb09f7334f47a5183410a,00216__salted__extended__cp200C__single.89c1ede0b81fb09f7334f47a5183410a,extended,200C,single,,,,"LAGOS, NIGERIA, apologize","LA‌GOS, NI‌GERIA, ap‌ologize"
00216.89c1ede0b81fb09f7334f47a5183410a,00216__salted__extended__cp200D__single.89c1ede0b81fb09f7334f47a5183410a,extended,200D,single,,,,"LAGOS, NIGERIA, apologize","LA‍GOS, NI‍GERIA, ap‍ologize"
00216.89c1ede0b81fb09f7334f47a5183410a,00216__salted__extended__cp00AD__single.89c1ede0b81fb09f7334f47a5183410a,extended,00AD,single,,,,"LAGOS, NIGERIA, apologize","LA­GOS, NI­GERIA, ap­ologize"
00217.43b4ef3d9c56cf42be9c37b546a19e78,00217__salted__extended__cp200B__single.43b4ef3d9c56cf42be9c37b546a19e78,extended,200B,single,,MLM,ML​M,,
00217.43b4ef3d9c56cf42be9c37b546a19e78,00217__salted__extended__cp200C__single.43b4ef3d9c56cf42be9c37b546a19e78,extended,200C,single,,MLM,ML‌M,,
00217.43b4ef3d9c56cf42be9c37b546a19e78,00217__salted__extended__cp200D__single.43b4ef3d9c56cf42be9c37b546a19e78,extended,200D,single,,MLM,ML‍M,,
00217.43b4ef3d9c56cf42be9c37b546a19e78,00217__salted__extended__cp00AD__single.43b4ef3d9c56cf42be9c37b546a19e78,extended,00AD,single,,MLM,ML­M,,
00218.917ed95f5c90c1d9d15d2528b0bd1e79,00218__salted__extended__cp200B__single.917ed95f5c90c1d9d15d2528b0bd1e79,extended,200B,single,,,,"Nigeria, monthly, presently","Ni​geria, mo​nthly, pr​esently"
00218.917ed95f5c90c1d9d15d2528b0bd1e79,00218__salted__extended__cp200C__single.917ed95f5c90c1d9d15d2528b0bd1e79,extended,200C,single,,,,"Nigeria, monthly, presently","Ni‌geria, mo‌nthly, pr‌esently"
00218.917ed95f5c90c1d9d15d2528b0bd1e79,00218__salted__extended__cp200D__single.917ed95f5c90c1d9d15d2528b0bd1e79,extended,200D,single,,,,"Nigeria, monthly, presently","Ni‍geria, mo‍nthly, pr‍esently"
00218.917ed95f5c90c1d9d15d2528b0bd1e79,00218__salted__extended__cp00AD__single.917ed95f5c90c1d9d15d2528b0bd1e79,extended,00AD,single,,,,"Nigeria, monthly, presently","Ni­geria, mo­nthly, pr­esently"
00220.cf7d03e161582887dc589229e2896e26,00220__salted__extended__cp200B__single.cf7d03e161582887dc589229e2896e26,extended,200B,single,,assistance,as​sistance,"ATTN, deposit, deposit","AT​TN, de​posit, de​posit"
00220.cf7d03e161582887dc589229e2896e26,00220__salted__extended__cp200C__single.cf7d03e161582887dc589229e2896e26,extended,200C,single,,assistance,as‌sistance,"ATTN, deposit, deposit","AT‌TN, de‌posit, de‌posit"
00220.cf7d03e161582887dc589229e2896e26,00220__salted__extended__cp200D__single.cf7d03e161582887dc589229e2896e26,extended,200D,single,,assistance,as‍sistance,"ATTN, deposit, deposit","AT‍TN, de‍posit, de‍posit"
00220.cf7d03e161582887dc589229e2896e26,00220__salted__extended__cp00AD__single.cf7d03e161582887dc589229e2896e26,extended,00AD,single,,assistance,as­sistance,"ATTN, deposit, deposit","AT­TN, de­posit, de­posit"
00221.c4dfeecf0cacc9469540337f5baf69db,00221__salted__extended__cp200B__single.c4dfeecf0cacc9469540337f5baf69db,extended,200B,single,,lenders,le​nders,,
00221.c4dfeecf0cacc9469540337f5baf69db,00221__salted__extended__cp200C__single.c4dfeecf0cacc9469540337f5baf69db,extended,200C,single,,lenders,le‌nders,,
00221.c4dfeecf0cacc9469540337f5baf69db,00221__salted__extended__cp200D__single.c4dfeecf0cacc9469540337f5baf69db,extended,200D,single,,lenders,le‍nders,,
00221.c4dfeecf0cacc9469540337f5baf69db,00221__salted__extended__cp00AD__single.c4dfeecf0cacc9469540337f5baf69db,extended,00AD,single,,lenders,le­nders,,
00223.349b9b0748ee72bad60729ffaae2cc00,00223__salted__extended__cp200B__single.349b9b0748ee72bad60729ffaae2cc00,extended,200B,single,,,,"receive, receive, communication","re​ceive, re​ceive, co​mmunication"
00223.349b9b0748ee72bad60729ffaae2cc00,00223__salted__extended__cp200C__single.349b9b0748ee72bad60729ffaae2cc00,extended,200C,single,,,,"receive, receive, communication","re‌ceive, re‌ceive, co‌mmunication"
00223.349b9b0748ee72bad60729ffaae2cc00,00223__salted__extended__cp200D__single.349b9b0748ee72bad60729ffaae2cc00,extended,200D,single,,,,"receive, receive, communication","re‍ceive, re‍ceive, co‍mmunication"
00223.349b9b0748ee72bad60729ffaae2cc00,00223__salted__extended__cp00AD__single.349b9b0748ee72bad60729ffaae2cc00,extended,00AD,single,,,,"receive, receive, communication","re­ceive, re­ceive, co­mmunication"
00224.0654fe0af51e1dcefa0eb66eb932f55f,00224__salted__extended__cp200B__single.0654fe0af51e1dcefa0eb66eb932f55f,extended,200B,single,,ASSISTANCE,AS​SISTANCE,"sir, presently, Presently","si​r, pr​esently, Pr​esently"
00224.0654fe0af51e1dcefa0eb66eb932f55f,00224__salted__extended__cp200C__single.0654fe0af51e1dcefa0eb66eb932f55f,extended,200C,single,,ASSISTANCE,AS‌SISTANCE,"sir, presently, Presently","si‌r, pr‌esently, Pr‌esently"
00224.0654fe0af51e1dcefa0eb66eb932f55f,00224__salted__extended__cp200D__single.0654fe0af51e1dcefa0eb66eb932f55f,extended,200D,single,,ASSISTANCE,AS‍SISTANCE,"sir, presently, Presently","si‍r, pr‍esently, Pr‍esently"
00224.0654fe0af51e1dcefa0eb66eb932f55f,00224__salted__extended__cp00AD__single.0654fe0af51e1dcefa0eb66eb932f55f,extended,00AD,single,,ASSISTANCE,AS­SISTANCE,"sir, presently, Presently","si­r, pr­esently, Pr­esently"
00226.bd5d6adde04612587537df13d7f81196,00226__salted__extended__cp200B__single.bd5d6adde04612587537df13d7f81196,extended,200B,single,,,,click,cl​ick
00226.bd5d6adde04612587537df13d7f81196,00226__salted__extended__cp200C__single.bd5d6adde04612587537df13d7f81196,extended,200C,single,,,,click,cl‌ick
00226.bd5d6adde04612587537df13d7f81196,00226__salted__extended__cp200D__single.bd5d6adde04612587537df13d7f81196,extended,200D,single,,,,click,cl‍ick
00226.bd5d6adde04612587537df13d7f81196,00226__salted__extended__cp00AD__single.bd5d6adde04612587537df13d7f81196,extended,00AD,single,,,,click,cl­ick
00227.1171cc6d8c586141b4110a2abdccba00,00227__salted__extended__cp200B__single.1171cc6d8c586141b4110a2abdccba00,extended,200B,single,,,,"assist, assist, confidentiality","as​sist, as​sist, co​nfidentiality"
00227.1171cc6d8c586141b4110a2abdccba00,00227__salted__extended__cp200C__single.1171cc6d8c586141b4110a2abdccba00,extended,200C,single,,,,"assist, assist, confidentiality","as‌sist, as‌sist, co‌nfidentiality"
00227.1171cc6d8c586141b4110a2abdccba00,00227__salted__extended__cp200D__single.1171cc6d8c586141b4110a2abdccba00,extended,200D,single,,,,"assist, assist, confidentiality","as‍sist, as‍sist, co‍nfidentiality"
00227.1171cc6d8c586141b4110a2abdccba00,00227__salted__extended__cp00AD__single.1171cc6d8c586141b4110a2abdccba00,extended,00AD,single,,,,"assist, assist, confidentiality","as­sist, as­sist, co­nfidentiality"
00228.cf58326ab05a757c7e759acc8d6b360d,00228__salted__extended__cp200B__single.cf58326ab05a757c7e759acc8d6b360d,extended,200B,single,,kindly,ki​ndly,"ASSISTANCE, assistance, receive","AS​SISTANCE, as​sistance, re​ceive"
00228.cf58326ab05a757c7e759acc8d6b360d,00228__salted__extended__cp200C__single.cf58326ab05a757c7e759acc8d6b360d,extended,200C,single,,kindly,ki‌ndly,"ASSISTANCE, assistance, receive","AS‌SISTANCE, as‌sistance, re‌ceive"
00228.cf58326ab05a757c7e759acc8d6b360d,00228__salted__extended__cp200D__single.cf58326ab05a757c7e759acc8d6b360d,extended,200D,single,,kindly,ki‍ndly,"ASSISTANCE, assistance, receive","AS‍SISTANCE, as‍sistance, re‍ceive"
00228.cf58326ab05a757c7e759acc8d6b360d,00228__salted__extended__cp00AD__single.cf58326ab05a757c7e759acc8d6b360d,extended,00AD,single,,kindly,ki­ndly,"ASSISTANCE, assistance, receive","AS­SISTANCE, as­sistance, re­ceive"
00230.214f8d9a756aee75e292056c1f65a005,00230__salted__extended__cp200B__single.214f8d9a756aee75e292056c1f65a005,extended,200B,single,,Attn,At​tn,,
00230.214f8d9a756aee75e292056c1f65a005,00230__salted__extended__cp200C__single.214f8d9a756aee75e292056c1f65a005,extended,200C,single,,Attn,At‌tn,,
00230.214f8d9a756aee75e292056c1f65a005,00230__salted__extended__cp200D__single.214f8d9a756aee75e292056c1f65a005,extended,200D,single,,Attn,At‍tn,,
00230.214f8d9a756aee75e292056c1f65a005,00230__salted__extended__cp00AD__single.214f8d9a756aee75e292056c1f65a005,extended,00AD,single,,Attn,At­tn,,
00231.8c72952de376293bc38d30834c0bb580,00231__salted__extended__cp200B__single.8c72952de376293bc38d30834c0bb580,extended,200B,single,,HGH,HG​H,,
00231.8c72952de376293bc38d30834c0bb580,00231__salted__extended__cp200C__single.8c72952de376293bc38d30834c0bb580,extended,200C,single,,HGH,HG‌H,,
00231.8c72952de376293bc38d30834c0bb580,00231__salted__extended__cp200D__single.8c72952de376293bc38d30834c0bb580,extended,200D,single,,HGH,HG‍H,,
00231.8c72952de376293bc38d30834c0bb580,00231__salted__extended__cp00AD__single.8c72952de376293bc38d30834c0bb580,extended,00AD,single,,HGH,HG­H,,
00232.2d55046b9cf0b192ad6332545ef2a334,00232__salted__extended__cp200B__single.2d55046b9cf0b192ad6332545ef2a334,extended,200B,single,,,,"receive, mailings, receive","re​ceive, ma​ilings, re​ceive"
00232.2d55046b9cf0b192ad6332545ef2a334,00232__salted__extended__cp200C__single.2d55046b9cf0b192ad6332545ef2a334,extended,200C,single,,,,"receive, mailings, receive","re‌ceive, ma‌ilings, re‌ceive"
00232.2d55046b9cf0b192ad6332545ef2a334,00232__salted__extended__cp200D__single.2d55046b9cf0b192ad6332545ef2a334,extended,200D,single,,,,"receive, mailings, receive","re‍ceive, ma‍ilings, re‍ceive"
00232.2d55046b9cf0b192ad6332545ef2a334,00232__salted__extended__cp00AD__single.2d55046b9cf0b192ad6332545ef2a334,extended,00AD,single,,,,"receive, mailings, receive","re­ceive, ma­ilings, re­ceive"
00232.b5eb658434a4099746a0977a0e6cd084,00232__salted__extended__cp200B__single.b5eb658434a4099746a0977a0e6cd084,extended,200B,single,,,,assistance,as​sistance
00232.b5eb658434a4099746a0977a0e6cd084,00232__salted__extended__cp200C__single.b5eb658434a4099746a0977a0e6cd084,extended,200C,single,,,,assistance,as‌sistance
00232.b5eb658434a4099746a0977a0e6cd084,00232__salted__extended__cp200D__single.b5eb658434a4099746a0977a0e6cd084,extended,200D,single,,,,assistance,as‍sistance
00232.b5eb658434a4099746a0977a0e6cd084,00232__salted__extended__cp00AD__single.b5eb658434a4099746a0977a0e6cd084,extended,00AD,single,,,,assistance,as­sistance
00233.3c32285387ebc0675adb029b9e20e581,00233__salted__extended__cp200B__single.3c32285387ebc0675adb029b9e20e581,extended,200B,single,,Guaranteed,Gu​aranteed,"receive, mailings, communication","re​ceive, ma​ilings, co​mmunication"
00233.3c32285387ebc0675adb029b9e20e581,00233__salted__extended__cp200C__single.3c32285387ebc0675adb029b9e20e581,extended,200C,single,,Guaranteed,Gu‌aranteed,"receive, mailings, communication","re‌ceive, ma‌ilings, co‌mmunication"
00233.3c32285387ebc0675adb029b9e20e581,00233__salted__extended__cp200D__single.3c32285387ebc0675adb029b9e20e581,extended,200D,single,,Guaranteed,Gu‍aranteed,"receive, mailings, communication","re‍ceive, ma‍ilings, co‍mmunication"
00233.3c32285387ebc0675adb029b9e20e581,00233__salted__extended__cp00AD__single.3c32285387ebc0675adb029b9e20e581,extended,00AD,single,,Guaranteed,Gu­aranteed,"receive, mailings, communication","re­ceive, ma­ilings, co­mmunication"
00234.6b386bd178f4ae52c67b6c6d15ece489,00234__salted__extended__cp200B__single.6b386bd178f4ae52c67b6c6d15ece489,extended,200B,single,,kindly,ki​ndly,"ASSISTANCE, assistance, receive","AS​SISTANCE, as​sistance, re​ceive"
00234.6b386bd178f4ae52c67b6c6d15ece489,00234__salted__extended__cp200C__single.6b386bd178f4ae52c67b6c6d15ece489,extended,200C,single,,kindly,ki‌ndly,"ASSISTANCE, assistance, receive","AS‌SISTANCE, as‌sistance, re‌ceive"
00234.6b386bd178f4ae52c67b6c6d15ece489,00234__salted__extended__cp200D__single.6b386bd178f4ae52c67b6c6d15ece489,extended,200D,single,,kindly,ki‍ndly,"ASSISTANCE, assistance, receive","AS‍SISTANCE, as‍sistance, re‍ceive"
00234.6b386bd178f4ae52c67b6c6d15ece489,00234__salted__extended__cp00AD__single.6b386bd178f4ae52c67b6c6d15ece489,extended,00AD,single,,kindly,ki­ndly,"ASSISTANCE, assistance, receive","AS­SISTANCE, as­sistance, re­ceive"
00235.45b5f386cf62b5865d9d4440d8b78aab,00235__salted__extended__cp200B__single.45b5f386cf62b5865d9d4440d8b78aab,extended,200B,single,,,,"NIGERIA, LAGOS, assistance","NI​GERIA, LA​GOS, as​sistance"
00235.45b5f386cf62b5865d9d4440d8b78aab,00235__salted__extended__cp200C__single.45b5f386cf62b5865d9d4440d8b78aab,extended,200C,single,,,,"NIGERIA, LAGOS, assistance","NI‌GERIA, LA‌GOS, as‌sistance"
00235.45b5f386cf62b5865d9d4440d8b78aab,00235__salted__extended__cp200D__single.45b5f386cf62b5865d9d4440d8b78aab,extended,200D,single,,,,"NIGERIA, LAGOS, assistance","NI‍GERIA, LA‍GOS, as‍sistance"
00235.45b5f386cf62b5865d9d4440d8b78aab,00235__salted__extended__cp00AD__single.45b5f386cf62b5865d9d4440d8b78aab,extended,00AD,single,,,,"NIGERIA, LAGOS, assistance","NI­GERIA, LA­GOS, as­sistance"
00236.2772a068fff32e2f8d7f8a94bd9280cd,00236__salted__extended__cp200B__single.2772a068fff32e2f8d7f8a94bd9280cd,extended,200B,single,,,,"bills, bills","bi​lls, bi​lls"
00236.2772a068fff32e2f8d7f8a94bd9280cd,00236__salted__extended__cp200C__single.2772a068fff32e2f8d7f8a94bd9280cd,extended,200C,single,,,,"bills, bills","bi‌lls, bi‌lls"
00236.2772a068fff32e2f8d7f8a94bd9280cd,00236__salted__extended__cp200D__single.2772a068fff32e2f8d7f8a94bd9280cd,extended,200D,single,,,,"bills, bills","bi‍lls, bi‍lls"
00236.2772a068fff32e2f8d7f8a94bd9280cd,00236__salted__extended__cp00AD__single.2772a068fff32e2f8d7f8a94bd9280cd,extended,00AD,single,,,,"bills, bills","bi­lls, bi­lls"
00236.a46588c69d43e80c618038b95eff2893,00236__salted__extended__cp200B__single.a46588c69d43e80c618038b95eff2893,extended,200B,single,,,,"MASTERCARD, payable, Postal","MA​STERCARD, pa​yable, Po​stal"
00236.a46588c69d43e80c618038b95eff2893,00236__salted__extended__cp200C__single.a46588c69d43e80c618038b95eff2893,extended,200C,single,,,,"MASTERCARD, payable, Postal","MA‌STERCARD, pa‌yable, Po‌stal"
00236.a46588c69d43e80c618038b95eff2893,00236__salted__extended__cp200D__single.a46588c69d43e80c618038b95eff2893,extended,200D,single,,,,"MASTERCARD, payable, Postal","MA‍STERCARD, pa‍yable, Po‍stal"
00236.a46588c69d43e80c618038b95eff2893,00236__salted__extended__cp00AD__single.a46588c69d43e80c618038b95eff2893,extended,00AD,single,,,,"MASTERCARD, payable, Postal","MA­STERCARD, pa­yable, Po­stal"
00237.0faf46ae2bfab24f0464c4a1a0425659,00237__salted__extended__cp200B__single.0faf46ae2bfab24f0464c4a1a0425659,extended,200B,single,,,,"promotion, Click, receive","pr​omotion, Cl​ick, re​ceive"
00237.0faf46ae2bfab24f0464c4a1a0425659,00237__salted__extended__cp200C__single.0faf46ae2bfab24f0464c4a1a0425659,extended,200C,single,,,,"promotion, Click, receive","pr‌omotion, Cl‌ick, re‌ceive"
00237.0faf46ae2bfab24f0464c4a1a0425659,00237__salted__extended__cp200D__single.0faf46ae2bfab24f0464c4a1a0425659,extended,200D,single,,,,"promotion, Click, receive","pr‍omotion, Cl‍ick, re‍ceive"
00237.0faf46ae2bfab24f0464c4a1a0425659,00237__salted__extended__cp00AD__single.0faf46ae2bfab24f0464c4a1a0425659,extended,00AD,single,,,,"promotion, Click, receive","pr­omotion, Cl­ick, re­ceive"
00238.1bc0944812aa14bc789ff565710dc0b5,00238__salted__extended__cp200B__single.1bc0944812aa14bc789ff565710dc0b5,extended,200B,single,,ASSISTANCE,AS​SISTANCE,"LAGOS, Sir, Bills","LA​GOS, Si​r, Bi​lls"
00238.1bc0944812aa14bc789ff565710dc0b5,00238__salted__extended__cp200C__single.1bc0944812aa14bc789ff565710dc0b5,extended,200C,single,,ASSISTANCE,AS‌SISTANCE,"LAGOS, Sir, Bills","LA‌GOS, Si‌r, Bi‌lls"
00238.1bc0944812aa14bc789ff565710dc0b5,00238__salted__extended__cp200D__single.1bc0944812aa14bc789ff565710dc0b5,extended,200D,single,,ASSISTANCE,AS‍SISTANCE,"LAGOS, Sir, Bills","LA‍GOS, Si‍r, Bi‍lls"
00238.1bc0944812aa14bc789ff565710dc0b5,00238__salted__extended__cp00AD__single.1bc0944812aa14bc789ff565710dc0b5,extended,00AD,single,,ASSISTANCE,AS­SISTANCE,"LAGOS, Sir, Bills","LA­GOS, Si­r, Bi­lls"
00238.e3e16467d10137fa9a99b1701d76ae94,00238__salted__extended__cp200B__single.e3e16467d10137fa9a99b1701d76ae94,extended,200B,single,,Commissions,Co​mmissions,"commissions, commissions, commissions","co​mmissions, co​mmissions, co​mmissions"
00238.e3e16467d10137fa9a99b1701d76ae94,00238__salted__extended__cp200C__single.e3e16467d10137fa9a99b1701d76ae94,extended,200C,single,,Commissions,Co‌mmissions,"commissions, commissions, commissions","co‌mmissions, co‌mmissions, co‌mmissions"
00238.e3e16467d10137fa9a99b1701d76ae94,00238__salted__extended__cp200D__single.e3e16467d10137fa9a99b1701d76ae94,extended,200D,single,,Commissions,Co‍mmissions,"commissions, commissions, commissions","co‍mmissions, co‍mmissions, co‍mmissions"
00238.e3e16467d10137fa9a99b1701d76ae94,00238__salted__extended__cp00AD__single.e3e16467d10137fa9a99b1701d76ae94,extended,00AD,single,,Commissions,Co­mmissions,"commissions, commissions, commissions","co­mmissions, co­mmissions, co­mmissions"
00239.91d2d5c0e8827c4a42cb24733a0859fa,00239__salted__extended__cp200B__single.91d2d5c0e8827c4a42cb24733a0859fa,extended,200B,single,,,,"Sir, confidentiality, Nigeria","Si​r, co​nfidentiality, Ni​geria"
00239.91d2d5c0e8827c4a42cb24733a0859fa,00239__salted__extended__cp200C__single.91d2d5c0e8827c4a42cb24733a0859fa,extended,200C,single,,,,"Sir, confidentiality, Nigeria","Si‌r, co‌nfidentiality, Ni‌geria"
00239.91d2d5c0e8827c4a42cb24733a0859fa,00239__salted__extended__cp200D__single.91d2d5c0e8827c4a42cb24733a0859fa,extended,200D,single,,,,"Sir, confidentiality, Nigeria","Si‍r, co‍nfidentiality, Ni‍geria"
00239.91d2d5c0e8827c4a42cb24733a0859fa,00239__salted__extended__cp00AD__single.91d2d5c0e8827c4a42cb24733a0859fa,extended,00AD,single,,,,"Sir, confidentiality, Nigeria","Si­r, co­nfidentiality, Ni­geria"
00240.2ff7f745285653a238214d975859406b,00240__salted__extended__cp200B__single.2ff7f745285653a238214d975859406b,extended,200B,single,,Tobacco,To​bacco,,
00240.2ff7f745285653a238214d975859406b,00240__salted__extended__cp200C__single.2ff7f745285653a238214d975859406b,extended,200C,single,,Tobacco,To‌bacco,,
00240.2ff7f745285653a238214d975859406b,00240__salted__extended__cp200D__single.2ff7f745285653a238214d975859406b,extended,200D,single,,Tobacco,To‍bacco,,
00240.2ff7f745285653a238214d975859406b,00240__salted__extended__cp00AD__single.2ff7f745285653a238214d975859406b,extended,00AD,single,,Tobacco,To­bacco,,
00241.490af8faa6e4b94e0affed327e670dae,00241__salted__extended__cp200B__single.490af8faa6e4b94e0affed327e670dae,extended,200B,single,,HGH,HG​H,,
00241.490af8faa6e4b94e0affed327e670dae,00241__salted__extended__cp200C__single.490af8faa6e4b94e0affed327e670dae,extended,200C,single,,HGH,HG‌H,,
00241.490af8faa6e4b94e0affed327e670dae,00241__salted__extended__cp200D__single.490af8faa6e4b94e0affed327e670dae,extended,200D,single,,HGH,HG‍H,,
00241.490af8faa6e4b94e0affed327e670dae,00241__salted__extended__cp00AD__single.490af8faa6e4b94e0affed327e670dae,extended,00AD,single,,HGH,HG­H,,
00241.c28ade5771085a8fddd054a219566b7c,00241__salted__extended__cp200B__single.c28ade5771085a8fddd054a219566b7c,extended,200B,single,,,,"affordable, affordable, fees","af​fordable, af​fordable, fe​es"
00241.c28ade5771085a8fddd054a219566b7c,00241__salted__extended__cp200C__single.c28ade5771085a8fddd054a219566b7c,extended,200C,single,,,,"affordable, affordable, fees","af‌fordable, af‌fordable, fe‌es"
00241.c28ade5771085a8fddd054a219566b7c,00241__salted__extended__cp200D__single.c28ade5771085a8fddd054a219566b7c,extended,200D,single,,,,"affordable, affordable, fees","af‍fordable, af‍fordable, fe‍es"
00241.c28ade5771085a8fddd054a219566b7c,00241__salted__extended__cp00AD__single.c28ade5771085a8fddd054a219566b7c,extended,00AD,single,,,,"affordable, affordable, fees","af­fordable, af­fordable, fe­es"
00242.745749df8cd0da174fd64afc55db4222,00242__salted__extended__cp200B__single.745749df8cd0da174fd64afc55db4222,extended,200B,single,,Annuity,An​nuity,"Guaranteed, GUARANTEED, ANNUITY","Gu​aranteed, GU​ARANTEED, AN​NUITY"
00242.745749df8cd0da174fd64afc55db4222,00242__salted__extended__cp200C__single.745749df8cd0da174fd64afc55db4222,extended,200C,single,,Annuity,An‌nuity,"Guaranteed, GUARANTEED, ANNUITY","Gu‌aranteed, GU‌ARANTEED, AN‌NUITY"
00242.745749df8cd0da174fd64afc55db4222,00242__salted__extended__cp200D__single.745749df8cd0da174fd64afc55db4222,extended,200D,single,,Annuity,An‍nuity,"Guaranteed, GUARANTEED, ANNUITY","Gu‍aranteed, GU‍ARANTEED, AN‍NUITY"
00242.745749df8cd0da174fd64afc55db4222,00242__salted__extended__cp00AD__single.745749df8cd0da174fd64afc55db4222,extended,00AD,single,,Annuity,An­nuity,"Guaranteed, GUARANTEED, ANNUITY","Gu­aranteed, GU­ARANTEED, AN­NUITY"
00242.e030c8b1f053037aeffb062f3a34b523,00242__salted__extended__cp200B__single.e030c8b1f053037aeffb062f3a34b523,extended,200B,single,,Tobacco,To​bacco,,
00242.e030c8b1f053037aeffb062f3a34b523,00242__salted__extended__cp200C__single.e030c8b1f053037aeffb062f3a34b523,extended,200C,single,,Tobacco,To‌bacco,,
00242.e030c8b1f053037aeffb062f3a34b523,00242__salted__extended__cp200D__single.e030c8b1f053037aeffb062f3a34b523,extended,200D,single,,Tobacco,To‍bacco,,
00242.e030c8b1f053037aeffb062f3a34b523,00242__salted__extended__cp00AD__single.e030c8b1f053037aeffb062f3a34b523,extended,00AD,single,,Tobacco,To­bacco,,
00245.9d608575062cc3d6368078006d20f61b,00245__salted__extended__cp200B__single.9d608575062cc3d6368078006d20f61b,extended,200B,single,,,,"ASSISTANCE, confidentiality, assistance","AS​SISTANCE, co​nfidentiality, as​sistance"
00245.9d608575062cc3d6368078006d20f61b,00245__salted__extended__cp200C__single.9d608575062cc3d6368078006d20f61b,extended,200C,single,,,,"ASSISTANCE, confidentiality, assistance","AS‌SISTANCE, co‌nfidentiality, as‌sistance"
00245.9d608575062cc3d6368078006d20f61b,00245__salted__extended__cp200D__single.9d608575062cc3d6368078006d20f61b,extended,200D,single,,,,"ASSISTANCE, confidentiality, assistance","AS‍SISTANCE, co‍nfidentiality, as‍sistance"
00245.9d608575062cc3d6368078006d20f61b,00245__salted__extended__cp00AD__single.9d608575062cc3d6368078006d20f61b,extended,00AD,single,,,,"ASSISTANCE, confidentiality, assistance","AS­SISTANCE, co­nfidentiality, as­sistance"
00247.4f7c67c9792706fa90fe218d4b092b7a,00247__salted__extended__cp200B__single.4f7c67c9792706fa90fe218d4b092b7a,extended,200B,single,,ASSISTANCE,AS​SISTANCE,"ATTN, beneficiary, beneficiary","AT​TN, be​neficiary, be​neficiary"
00247.4f7c67c9792706fa90fe218d4b092b7a,00247__salted__extended__cp200C__single.4f7c67c9792706fa90fe218d4b092b7a,extended,200C,single,,ASSISTANCE,AS‌SISTANCE,"ATTN, beneficiary, beneficiary","AT‌TN, be‌neficiary, be‌neficiary"
00247.4f7c67c9792706fa90fe218d4b092b7a,00247__salted__extended__cp200D__single.4f7c67c9792706fa90fe218d4b092b7a,extended,200D,single,,ASSISTANCE,AS‍SISTANCE,"ATTN, beneficiary, beneficiary","AT‍TN, be‍neficiary, be‍neficiary"
00247.4f7c67c9792706fa90fe218d4b092b7a,00247__salted__extended__cp00AD__single.4f7c67c9792706fa90fe218d4b092b7a,extended,00AD,single,,ASSISTANCE,AS­SISTANCE,"ATTN, beneficiary, beneficiary","AT­TN, be­neficiary, be­neficiary"
00247.df14a81cd82cf37e4a125dba41ca21e1,00247__salted__extended__cp200B__single.df14a81cd82cf37e4a125dba41ca21e1,extended,200B,single,,ADV,AD​V,,
00247.df14a81cd82cf37e4a125dba41ca21e1,00247__salted__extended__cp200C__single.df14a81cd82cf37e4a125dba41ca21e1,extended,200C,single,,ADV,AD‌V,,
00247.df14a81cd82cf37e4a125dba41ca21e1,00247__salted__extended__cp200D__single.df14a81cd82cf37e4a125dba41ca21e1,extended,200D,single,,ADV,AD‍V,,
00247.df14a81cd82cf37e4a125dba41ca21e1,00247__salted__extended__cp00AD__single.df14a81cd82cf37e4a125dba41ca21e1,extended,00AD,single,,ADV,AD­V,,
00248.b243bca51ee69d6e428ca2f45f0fe41b,00248__salted__extended__cp200B__single.b243bca51ee69d6e428ca2f45f0fe41b,extended,200B,single,,,,"Qualified, receive, mailings","Qu​alified, re​ceive, ma​ilings"
00248.b243bca51ee69d6e428ca2f45f0fe41b,00248__salted__extended__cp200C__single.b243bca51ee69d6e428ca2f45f0fe41b,extended,200C,single,,,,"Qualified, receive, mailings","Qu‌alified, re‌ceive, ma‌ilings"
00248.b243bca51ee69d6e428ca2f45f0fe41b,00248__salted__extended__cp200D__single.b243bca51ee69d6e428ca2f45f0fe41b,extended,200D,single,,,,"Qualified, receive, mailings","Qu‍alified, re‍ceive, ma‍ilings"
00248.b243bca51ee69d6e428ca2f45f0fe41b,00248__salted__extended__cp00AD__single.b243bca51ee69d6e428ca2f45f0fe41b,extended,00AD,single,,,,"Qualified, receive, mailings","Qu­alified, re­ceive, ma­ilings"
00249.5f45607c1bffe89f60ba1ec9f878039a,00249__salted__extended__cp200B__single.5f45607c1bffe89f60ba1ec9f878039a,extended,200B,single,,mortgage,mo​rtgage,"lenders, Refinance, Mortgage","le​nders, Re​finance, Mo​rtgage"
00249.5f45607c1bffe89f60ba1ec9f878039a,00249__salted__extended__cp200C__single.5f45607c1bffe89f60ba1ec9f878039a,extended,200C,single,,mortgage,mo‌rtgage,"lenders, Refinance, Mortgage","le‌nders, Re‌finance, Mo‌rtgage"
00249.5f45607c1bffe89f60ba1ec9f878039a,00249__salted__extended__cp200D__single.5f45607c1bffe89f60ba1ec9f878039a,extended,200D,single,,mortgage,mo‍rtgage,"lenders, Refinance, Mortgage","le‍nders, Re‍finance, Mo‍rtgage"
00249.5f45607c1bffe89f60ba1ec9f878039a,00249__salted__extended__cp00AD__single.5f45607c1bffe89f60ba1ec9f878039a,extended,00AD,single,,mortgage,mo­rtgage,"lenders, Refinance, Mortgage","le­nders, Re­finance, Mo­rtgage"
00249.b6cad7860d56d8265155580a7c80457d,00249__salted__extended__cp200B__single.b6cad7860d56d8265155580a7c80457d,extended,200B,single,,,,Click,Cl​ick
00249.b6cad7860d56d8265155580a7c80457d,00249__salted__extended__cp200C__single.b6cad7860d56d8265155580a7c80457d,extended,200C,single,,,,Click,Cl‌ick
00249.b6cad7860d56d8265155580a7c80457d,00249__salted__extended__cp200D__single.b6cad7860d56d8265155580a7c80457d,extended,200D,single,,,,Click,Cl‍ick
00249.b6cad7860d56d8265155580a7c80457d,00249__salted__extended__cp00AD__single.b6cad7860d56d8265155580a7c80457d,extended,00AD,single,,,,Click,Cl­ick
00250.32279787338af8a5de4cfbc0b837718e,00250__salted__extended__cp200B__single.32279787338af8a5de4cfbc0b837718e,extended,200B,single,,,,"secrets, profitable, earn","se​crets, pr​ofitable, ea​rn"
00250.32279787338af8a5de4cfbc0b837718e,00250__salted__extended__cp200C__single.32279787338af8a5de4cfbc0b837718e,extended,200C,single,,,,"secrets, profitable, earn","se‌crets, pr‌ofitable, ea‌rn"
00250.32279787338af8a5de4cfbc0b837718e,00250__salted__extended__cp200D__single.32279787338af8a5de4cfbc0b837718e,extended,200D,single,,,,"secrets, profitable, earn","se‍crets, pr‍ofitable, ea‍rn"
00250.32279787338af8a5de4cfbc0b837718e,00250__salted__extended__cp00AD__single.32279787338af8a5de4cfbc0b837718e,extended,00AD,single,,,,"secrets, profitable, earn","se­crets, pr­ofitable, ea­rn"
00250.ae302eda2386979f6ac6bfff9e9f7137,00250__salted__extended__cp200B__single.ae302eda2386979f6ac6bfff9e9f7137,extended,200B,single,,Viagra,Vi​agra,,
00250.ae302eda2386979f6ac6bfff9e9f7137,00250__salted__extended__cp200C__single.ae302eda2386979f6ac6bfff9e9f7137,extended,200C,single,,Viagra,Vi‌agra,,
00250.ae302eda2386979f6ac6bfff9e9f7137,00250__salted__extended__cp200D__single.ae302eda2386979f6ac6bfff9e9f7137,extended,200D,single,,Viagra,Vi‍agra,,
00250.ae302eda2386979f6ac6bfff9e9f7137,00250__salted__extended__cp00AD__single.ae302eda2386979f6ac6bfff9e9f7137,extended,00AD,single,,Viagra,Vi­agra,,
00251.6b4b7e79e1706156839a00817d774e37,00251__salted__extended__cp200B__single.6b4b7e79e1706156839a00817d774e37,extended,200B,single,,SYSTEMWORKS,SY​STEMWORKS,,
00251.6b4b7e79e1706156839a00817d774e37,00251__salted__extended__cp200C__single.6b4b7e79e1706156839a00817d774e37,extended,200C,single,,SYSTEMWORKS,SY‌STEMWORKS,,
00251.6b4b7e79e1706156839a00817d774e37,00251__salted__extended__cp200D__single.6b4b7e79e1706156839a00817d774e37,extended,200D,single,,SYSTEMWORKS,SY‍STEMWORKS,,
00251.6b4b7e79e1706156839a00817d774e37,00251__salted__extended__cp00AD__single.6b4b7e79e1706156839a00817d774e37,extended,00AD,single,,SYSTEMWORKS,SY­STEMWORKS,,
00252.3b352c8a7266026be4f1c1ba89690cfc,00252__salted__extended__cp200B__single.3b352c8a7266026be4f1c1ba89690cfc,extended,200B,single,,,,"tobacco, attained, ordering","to​bacco, at​tained, or​dering"
00252.3b352c8a7266026be4f1c1ba89690cfc,00252__salted__extended__cp200C__single.3b352c8a7266026be4f1c1ba89690cfc,extended,200C,single,,,,"tobacco, attained, ordering","to‌bacco, at‌tained, or‌dering"
00252.3b352c8a7266026be4f1c1ba89690cfc,00252__salted__extended__cp200D__single.3b352c8a7266026be4f1c1ba89690cfc,extended,200D,single,,,,"tobacco, attained, ordering","to‍bacco, at‍tained, or‍dering"
00252.3b352c8a7266026be4f1c1ba89690cfc,00252__salted__extended__cp00AD__single.3b352c8a7266026be4f1c1ba89690cfc,extended,00AD,single,,,,"tobacco, attained, ordering","to­bacco, at­tained, or­dering"
00253.83b95b05e275286eddcf557ea581e754,00253__salted__extended__cp200B__single.83b95b05e275286eddcf557ea581e754,extended,200B,single,,,,"MLM, promotion, affordable","ML​M, pr​omotion, af​fordable"
00253.83b95b05e275286eddcf557ea581e754,00253__salted__extended__cp200C__single.83b95b05e275286eddcf557ea581e754,extended,200C,single,,,,"MLM, promotion, affordable","ML‌M, pr‌omotion, af‌fordable"
00253.83b95b05e275286eddcf557ea581e754,00253__salted__extended__cp200D__single.83b95b05e275286eddcf557ea581e754,extended,200D,single,,,,"MLM, promotion, affordable","ML‍M, pr‍omotion, af‍fordable"
00253.83b95b05e275286eddcf557ea581e754,00253__salted__extended__cp00AD__single.83b95b05e275286eddcf557ea581e754,extended,00AD,single,,,,"MLM, promotion, affordable","ML­M, pr­omotion, af­fordable"
00253.bd8e0dd85f0f848be89aadbf6d6364dc,00253__salted__extended__cp200B__single.bd8e0dd85f0f848be89aadbf6d6364dc,extended,200B,single,,bills,bi​lls,,
00253.bd8e0dd85f0f848be89aadbf6d6364dc,00253__salted__extended__cp200C__single.bd8e0dd85f0f848be89aadbf6d6364dc,extended,200C,single,,bills,bi‌lls,,
00253.bd8e0dd85f0f848be89aadbf6d6364dc,00253__salted__extended__cp200D__single.bd8e0dd85f0f848be89aadbf6d6364dc,extended,200D,single,,bills,bi‍lls,,
00253.bd8e0dd85f0f848be89aadbf6d6364dc,00253__salted__extended__cp00AD__single.bd8e0dd85f0f848be89aadbf6d6364dc,extended,00AD,single,,bills,bi­lls,,
00254.e3e30f2b37ef8db36aa652bb3e563b61,00254__salted__extended__cp200B__single.e3e30f2b37ef8db36aa652bb3e563b61,extended,200B,single,,,,"secrets, profitable, earn","se​crets, pr​ofitable, ea​rn"
00254.e3e30f2b37ef8db36aa652bb3e563b61,00254__salted__extended__cp200C__single.e3e30f2b37ef8db36aa652bb3e563b61,extended,200C,single,,,,"secrets, profitable, earn","se‌crets, pr‌ofitable, ea‌rn"
00254.e3e30f2b37ef8db36aa652bb3e563b61,00254__salted__extended__cp200D__single.e3e30f2b37ef8db36aa652bb3e563b61,extended,200D,single,,,,"secrets, profitable, earn","se‍crets, pr‍ofitable, ea‍rn"
00254.e3e30f2b37ef8db36aa652bb3e563b61,00254__salted__extended__cp00AD__single.e3e30f2b37ef8db36aa652bb3e563b61,extended,00AD,single,,,,"secrets, profitable, earn","se­crets, pr­ofitable, ea­rn"
00255.aeff2fdf2ba6b8b49686df3575859a48,00255__salted__extended__cp200B__single.aeff2fdf2ba6b8b49686df3575859a48,extended,200B,single,,Earn,Ea​rn,"secrets, profitable, earn","se​crets, pr​ofitable, ea​rn"
00255.aeff2fdf2ba6b8b49686df3575859a48,00255__salted__extended__cp200C__single.aeff2fdf2ba6b8b49686df3575859a48,extended,200C,single,,Earn,Ea‌rn,"secrets, profitable, earn","se‌crets, pr‌ofitable, ea‌rn"
00255.aeff2fdf2ba6b8b49686df3575859a48,00255__salted__extended__cp200D__single.aeff2fdf2ba6b8b49686df3575859a48,extended,200D,single,,Earn,Ea‍rn,"secrets, profitable, earn","se‍crets, pr‍ofitable, ea‍rn"
00255.aeff2fdf2ba6b8b49686df3575859a48,00255__salted__extended__cp00AD__single.aeff2fdf2ba6b8b49686df3575859a48,extended,00AD,single,,Earn,Ea­rn,"secrets, profitable, earn","se­crets, pr­ofitable, ea­rn"
00256.ea7bc226396ae0cc08004265b5c2eb02,00256__salted__extended__cp200B__single.ea7bc226396ae0cc08004265b5c2eb02,extended,200B,single,,,,"Insurance, Insurance, Insurance","In​surance, In​surance, In​surance"
00256.ea7bc226396ae0cc08004265b5c2eb02,00256__salted__extended__cp200C__single.ea7bc226396ae0cc08004265b5c2eb02,extended,200C,single,,,,"Insurance, Insurance, Insurance","In‌surance, In‌surance, In‌surance"
00256.ea7bc226396ae0cc08004265b5c2eb02,00256__salted__extended__cp200D__single.ea7bc226396ae0cc08004265b5c2eb02,extended,200D,single,,,,"Insurance, Insurance, Insurance","In‍surance, In‍surance, In‍surance"
00256.ea7bc226396ae0cc08004265b5c2eb02,00256__salted__extended__cp00AD__single.ea7bc226396ae0cc08004265b5c2eb02,extended,00AD,single,,,,"Insurance, Insurance, Insurance","In­surance, In­surance, In­surance"
00257.5c8ef87f8b11d2515df71a7fe46a70b6,00257__salted__extended__cp200B__single.5c8ef87f8b11d2515df71a7fe46a70b6,extended,200B,single,,,,"Sir, Sir, Sir","Si​r, Si​r, Si​r"
00257.5c8ef87f8b11d2515df71a7fe46a70b6,00257__salted__extended__cp200C__single.5c8ef87f8b11d2515df71a7fe46a70b6,extended,200C,single,,,,"Sir, Sir, Sir","Si‌r, Si‌r, Si‌r"
00257.5c8ef87f8b11d2515df71a7fe46a70b6,00257__salted__extended__cp200D__single.5c8ef87f8b11d2515df71a7fe46a70b6,extended,200D,single,,,,"Sir, Sir, Sir","Si‍r, Si‍r, Si‍r"
00257.5c8ef87f8b11d2515df71a7fe46a70b6,00257__salted__extended__cp00AD__single.5c8ef87f8b11d2515df71a7fe46a70b6,extended,00AD,single,,,,"Sir, Sir, Sir","Si­r, Si­r, Si­r"
00257.96e9617c812f9d9a8ec77c9008e1e960,00257__salted__extended__cp200B__single.96e9617c812f9d9a8ec77c9008e1e960,extended,200B,single,,,,"Click, Click, mailings","Cl​ick, Cl​ick, ma​ilings"
00257.96e9617c812f9d9a8ec77c9008e1e960,00257__salted__extended__cp200C__single.96e9617c812f9d9a8ec77c9008e1e960,extended,200C,single,,,,"Click, Click, mailings","Cl‌ick, Cl‌ick, ma‌ilings"
00257.96e9617c812f9d9a8ec77c9008e1e960,00257__salted__extended__cp200D__single.96e9617c812f9d9a8ec77c9008e1e960,extended,200D,single,,,,"Click, Click, mailings","Cl‍ick, Cl‍ick, ma‍ilings"
00257.96e9617c812f9d9a8ec77c9008e1e960,00257__salted__extended__cp00AD__single.96e9617c812f9d9a8ec77c9008e1e960,extended,00AD,single,,,,"Click, Click, mailings","Cl­ick, Cl­ick, ma­ilings"
00258.4af5bde7fabd4e797b85cf95bcbbb45a,00258__salted__extended__cp200B__single.4af5bde7fabd4e797b85cf95bcbbb45a,extended,200B,single,,,,"Sir, Sir, Sir","Si​r, Si​r, Si​r"
00258.4af5bde7fabd4e797b85cf95bcbbb45a,00258__salted__extended__cp200C__single.4af5bde7fabd4e797b85cf95bcbbb45a,extended,200C,single,,,,"Sir, Sir, Sir","Si‌r, Si‌r, Si‌r"
00258.4af5bde7fabd4e797b85cf95bcbbb45a,00258__salted__extended__cp200D__single.4af5bde7fabd4e797b85cf95bcbbb45a,extended,200D,single,,,,"Sir, Sir, Sir","Si‍r, Si‍r, Si‍r"
00258.4af5bde7fabd4e797b85cf95bcbbb45a,00258__salted__extended__cp00AD__single.4af5bde7fabd4e797b85cf95bcbbb45a,extended,00AD,single,,,,"Sir, Sir, Sir","Si­r, Si­r, Si­r"
00261.12b64e557e52daf5fc5a52e47df2f4e3,00261__salted__extended__cp200B__single.12b64e557e52daf5fc5a52e47df2f4e3,extended,200B,single,,,,"Mastercard, receive","Ma​stercard, re​ceive"
00261.12b64e557e52daf5fc5a52e47df2f4e3,00261__salted__extended__cp200C__single.12b64e557e52daf5fc5a52e47df2f4e3,extended,200C,single,,,,"Mastercard, receive","Ma‌stercard, re‌ceive"
00261.12b64e557e52daf5fc5a52e47df2f4e3,00261__salted__extended__cp200D__single.12b64e557e52daf5fc5a52e47df2f4e3,extended,200D,single,,,,"Mastercard, receive","Ma‍stercard, re‍ceive"
00261.12b64e557e52daf5fc5a52e47df2f4e3,00261__salted__extended__cp00AD__single.12b64e557e52daf5fc5a52e47df2f4e3,extended,00AD,single,,,,"Mastercard, receive","Ma­stercard, re­ceive"
00262.678598cbe253f19239da03b65dac7392,00262__salted__extended__cp200B__single.678598cbe253f19239da03b65dac7392,extended,200B,single,,,,"Mastercard, receive","Ma​stercard, re​ceive"
00262.678598cbe253f19239da03b65dac7392,00262__salted__extended__cp200C__single.678598cbe253f19239da03b65dac7392,extended,200C,single,,,,"Mastercard, receive","Ma‌stercard, re‌ceive"
00262.678598cbe253f19239da03b65dac7392,00262__salted__extended__cp200D__single.678598cbe253f19239da03b65dac7392,extended,200D,single,,,,"Mastercard, receive","Ma‍stercard, re‍ceive"
00262.678598cbe253f19239da03b65dac7392,00262__salted__extended__cp00AD__single.678598cbe253f19239da03b65dac7392,extended,00AD,single,,,,"Mastercard, receive","Ma­stercard, re­ceive"
00263.32b258c4cc08d235b2ca36fc16074f08,00263__salted__extended__cp200B__single.32b258c4cc08d235b2ca36fc16074f08,extended,200B,single,,,,"Click, click, Click","Cl​ick, cl​ick, Cl​ick"
00263.32b258c4cc08d235b2ca36fc16074f08,00263__salted__extended__cp200C__single.32b258c4cc08d235b2ca36fc16074f08,extended,200C,single,,,,"Click, click, Click","Cl‌ick, cl‌ick, Cl‌ick"
00263.32b258c4cc08d235b2ca36fc16074f08,00263__salted__extended__cp200D__single.32b258c4cc08d235b2ca36fc16074f08,extended,200D,single,,,,"Click, click, Click","Cl‍ick, cl‍ick, Cl‍ick"
00263.32b258c4cc08d235b2ca36fc16074f08,00263__salted__extended__cp00AD__single.32b258c4cc08d235b2ca36fc16074f08,extended,00AD,single,,,,"Click, click, Click","Cl­ick, cl­ick, Cl­ick"
00264.02b614f34aa0d5970959123b9386b285,00264__salted__extended__cp200B__single.02b614f34aa0d5970959123b9386b285,extended,200B,single,,,,"promotion, zzzz, receive","pr​omotion, zz​zz, re​ceive"
00264.02b614f34aa0d5970959123b9386b285,00264__salted__extended__cp200C__single.02b614f34aa0d5970959123b9386b285,extended,200C,single,,,,"promotion, zzzz, receive","pr‌omotion, zz‌zz, re‌ceive"
00264.02b614f34aa0d5970959123b9386b285,00264__salted__extended__cp200D__single.02b614f34aa0d5970959123b9386b285,extended,200D,single,,,,"promotion, zzzz, receive","pr‍omotion, zz‍zz, re‍ceive"
00264.02b614f34aa0d5970959123b9386b285,00264__salted__extended__cp00AD__single.02b614f34aa0d5970959123b9386b285,extended,00AD,single,,,,"promotion, zzzz, receive","pr­omotion, zz­zz, re­ceive"
00264.8fae38cbbed6a43b40e83aa8496018e4,00264__salted__extended__cp200B__single.8fae38cbbed6a43b40e83aa8496018e4,extended,200B,single,,Mortgage,Mo​rtgage,"refinance, mortgage, refinance","re​finance, mo​rtgage, re​finance"
00264.8fae38cbbed6a43b40e83aa8496018e4,00264__salted__extended__cp200C__single.8fae38cbbed6a43b40e83aa8496018e4,extended,200C,single,,Mortgage,Mo‌rtgage,"refinance, mortgage, refinance","re‌finance, mo‌rtgage, re‌finance"
00264.8fae38cbbed6a43b40e83aa8496018e4,00264__salted__extended__cp200D__single.8fae38cbbed6a43b40e83aa8496018e4,extended,200D,single,,Mortgage,Mo‍rtgage,"refinance, mortgage, refinance","re‍finance, mo‍rtgage, re‍finance"
00264.8fae38cbbed6a43b40e83aa8496018e4,00264__salted__extended__cp00AD__single.8fae38cbbed6a43b40e83aa8496018e4,extended,00AD,single,,Mortgage,Mo­rtgage,"refinance, mortgage, refinance","re­finance, mo­rtgage, re­finance"
00265.d2acd28cf29d90c9b7a1297b219187b3,00265__salted__extended__cp200B__single.d2acd28cf29d90c9b7a1297b219187b3,extended,200B,single,,Insurance,In​surance,"Insurance, Insurance, commissions","In​surance, In​surance, co​mmissions"
00265.d2acd28cf29d90c9b7a1297b219187b3,00265__salted__extended__cp200C__single.d2acd28cf29d90c9b7a1297b219187b3,extended,200C,single,,Insurance,In‌surance,"Insurance, Insurance, commissions","In‌surance, In‌surance, co‌mmissions"
00265.d2acd28cf29d90c9b7a1297b219187b3,00265__salted__extended__cp200D__single.d2acd28cf29d90c9b7a1297b219187b3,extended,200D,single,,Insurance,In‍surance,"Insurance, Insurance, commissions","In‍surance, In‍surance, co‍mmissions"
00265.d2acd28cf29d90c9b7a1297b219187b3,00265__salted__extended__cp00AD__single.d2acd28cf29d90c9b7a1297b219187b3,extended,00AD,single,,Insurance,In­surance,"Insurance, Insurance, commissions","In­surance, In­surance, co­mmissions"
00267.ef433fb350170f28a1567cbc24900e53,00267__salted__extended__cp200B__single.ef433fb350170f28a1567cbc24900e53,extended,200B,single,,assistance,as​sistance,"ATTN, deposit, deposit","AT​TN, de​posit, de​posit"
00267.ef433fb350170f28a1567cbc24900e53,00267__salted__extended__cp200C__single.ef433fb350170f28a1567cbc24900e53,extended,200C,single,,assistance,as‌sistance,"ATTN, deposit, deposit","AT‌TN, de‌posit, de‌posit"
00267.ef433fb350170f28a1567cbc24900e53,00267__salted__extended__cp200D__single.ef433fb350170f28a1567cbc24900e53,extended,200D,single,,assistance,as‍sistance,"ATTN, deposit, deposit","AT‍TN, de‍posit, de‍posit"
00267.ef433fb350170f28a1567cbc24900e53,00267__salted__extended__cp00AD__single.ef433fb350170f28a1567cbc24900e53,extended,00AD,single,,assistance,as­sistance,"ATTN, deposit, deposit","AT­TN, de­posit, de­posit"
00268.a9bc047709bc6362328d3b72998956f2,00268__salted__extended__cp200B__single.a9bc047709bc6362328d3b72998956f2,extended,200B,single,,Insurance,In​surance,,
00268.a9bc047709bc6362328d3b72998956f2,00268__salted__extended__cp200C__single.a9bc047709bc6362328d3b72998956f2,extended,200C,single,,Insurance,In‌surance,,
00268.a9bc047709bc6362328d3b72998956f2,00268__salted__extended__cp200D__single.a9bc047709bc6362328d3b72998956f2,extended,200D,single,,Insurance,In‍surance,,
00268.a9bc047709bc6362328d3b72998956f2,00268__salted__extended__cp00AD__single.a9bc047709bc6362328d3b72998956f2,extended,00AD,single,,Insurance,In­surance,,
00269.e85c3ef79a5cf21ee1ef7b8df17760e1,00269__salted__extended__cp200B__single.e85c3ef79a5cf21ee1ef7b8df17760e1,extended,200B,single,,,,"CLICK, CLICK","CL​ICK, CL​ICK"
00269.e85c3ef79a5cf21ee1ef7b8df17760e1,00269__salted__extended__cp200C__single.e85c3ef79a5cf21ee1ef7b8df17760e1,extended,200C,single,,,,"CLICK, CLICK","CL‌ICK, CL‌ICK"
00269.e85c3ef79a5cf21ee1ef7b8df17760e1,00269__salted__extended__cp200D__single.e85c3ef79a5cf21ee1ef7b8df17760e1,extended,200D,single,,,,"CLICK, CLICK","CL‍ICK, CL‍ICK"
00269.e85c3ef79a5cf21ee1ef7b8df17760e1,00269__salted__extended__cp00AD__single.e85c3ef79a5cf21ee1ef7b8df17760e1,extended,00AD,single,,,,"CLICK, CLICK","CL­ICK, CL­ICK"
00270.5dcd9ce3be2992222b9038d7bf75a23a,00270__salted__extended__cp200B__single.5dcd9ce3be2992222b9038d7bf75a23a,extended,200B,single,,,,"Nigeria, monthly, presently","Ni​geria, mo​nthly, pr​esently"
00270.5dcd9ce3be2992222b9038d7bf75a23a,00270__salted__extended__cp200C__single.5dcd9ce3be2992222b9038d7bf75a23a,extended,200C,single,,,,"Nigeria, monthly, presently","Ni‌geria, mo‌nthly, pr‌esently"
00270.5dcd9ce3be2992222b9038d7bf75a23a,00270__salted__extended__cp200D__single.5dcd9ce3be2992222b9038d7bf75a23a,extended,200D,single,,,,"Nigeria, monthly, presently","Ni‍geria, mo‍nthly, pr‍esently"
00270.5dcd9ce3be2992222b9038d7bf75a23a,00270__salted__extended__cp00AD__single.5dcd9ce3be2992222b9038d7bf75a23a,extended,00AD,single,,,,"Nigeria, monthly, presently","Ni­geria, mo­nthly, pr­esently"
00272.8353b9140b08dab4be0e8ce53f09172b,00272__salted__extended__cp200B__single.8353b9140b08dab4be0e8ce53f09172b,extended,200B,single,,,,"Click, mailings","Cl​ick, ma​ilings"
00272.8353b9140b08dab4be0e8ce53f09172b,00272__salted__extended__cp200C__single.8353b9140b08dab4be0e8ce53f09172b,extended,200C,single,,,,"Click, mailings","Cl‌ick, ma‌ilings"
00272.8353b9140b08dab4be0e8ce53f09172b,00272__salted__extended__cp200D__single.8353b9140b08dab4be0e8ce53f09172b,extended,200D,single,,,,"Click, mailings","Cl‍ick, ma‍ilings"
00272.8353b9140b08dab4be0e8ce53f09172b,00272__salted__extended__cp00AD__single.8353b9140b08dab4be0e8ce53f09172b,extended,00AD,single,,,,"Click, mailings","Cl­ick, ma­ilings"
00272.ff93eff2b9f05ba28efa69d72d78ede2,00272__salted__extended__cp200B__single.ff93eff2b9f05ba28efa69d72d78ede2,extended,200B,single,,ADV,AD​V,,
00272.ff93eff2b9f05ba28efa69d72d78ede2,00272__salted__extended__cp200C__single.ff93eff2b9f05ba28efa69d72d78ede2,extended,200C,single,,ADV,AD‌V,,
00272.ff93eff2b9f05ba28efa69d72d78ede2,00272__salted__extended__cp200D__single.ff93eff2b9f05ba28efa69d72d78ede2,extended,200D,single,,ADV,AD‍V,,
00272.ff93eff2b9f05ba28efa69d72d78ede2,00272__salted__extended__cp00AD__single.ff93eff2b9f05ba28efa69d72d78ede2,extended,00AD,single,,ADV,AD­V,,
00273.0c7d73771d79e84e2aab8c909c5bb210,00273__salted__extended__cp200B__single.0c7d73771d79e84e2aab8c909c5bb210,extended,200B,single,,,,"Insurance, Affordable, commissions","In​surance, Af​fordable, co​mmissions"
00273.0c7d73771d79e84e2aab8c909c5bb210,00273__salted__extended__cp200C__single.0c7d73771d79e84e2aab8c909c5bb210,extended,200C,single,,,,"Insurance, Affordable, commissions","In‌surance, Af‌fordable, co‌mmissions"
00273.0c7d73771d79e84e2aab8c909c5bb210,00273__salted__extended__cp200D__single.0c7d73771d79e84e2aab8c909c5bb210,extended,200D,single,,,,"Insurance, Affordable, commissions","In‍surance, Af‍fordable, co‍mmissions"
00273.0c7d73771d79e84e2aab8c909c5bb210,00273__salted__extended__cp00AD__single.0c7d73771d79e84e2aab8c909c5bb210,extended,00AD,single,,,,"Insurance, Affordable, commissions","In­surance, Af­fordable, co­mmissions"
00273.c832f32bbe447980ad0095b772343563,00273__salted__extended__cp200B__single.c832f32bbe447980ad0095b772343563,extended,200B,single,,ADV,AD​V,,
00273.c832f32bbe447980ad0095b772343563,00273__salted__extended__cp200C__single.c832f32bbe447980ad0095b772343563,extended,200C,single,,ADV,AD‌V,,
00273.c832f32bbe447980ad0095b772343563,00273__salted__extended__cp200D__single.c832f32bbe447980ad0095b772343563,extended,200D,single,,ADV,AD‍V,,
00273.c832f32bbe447980ad0095b772343563,00273__salted__extended__cp00AD__single.c832f32bbe447980ad0095b772343563,extended,00AD,single,,ADV,AD­V,,
00274.192bd3848a65302344dff2d7c0d3f08a,00274__salted__extended__cp200B__single.192bd3848a65302344dff2d7c0d3f08a,extended,200B,single,,,,"prescription, aging, prescription","pr​escription, ag​ing, pr​escription"
00274.192bd3848a65302344dff2d7c0d3f08a,00274__salted__extended__cp200C__single.192bd3848a65302344dff2d7c0d3f08a,extended,200C,single,,,,"prescription, aging, prescription","pr‌escription, ag‌ing, pr‌escription"
00274.192bd3848a65302344dff2d7c0d3f08a,00274__salted__extended__cp200D__single.192bd3848a65302344dff2d7c0d3f08a,extended,200D,single,,,,"prescription, aging, prescription","pr‍escription, ag‍ing, pr‍escription"
00274.192bd3848a65302344dff2d7c0d3f08a,00274__salted__extended__cp00AD__single.192bd3848a65302344dff2d7c0d3f08a,extended,00AD,single,,,,"prescription, aging, prescription","pr­escription, ag­ing, pr­escription"
00275.4675c4cce2bf27adaafeef693d562f8b,00275__salted__extended__cp200B__single.4675c4cce2bf27adaafeef693d562f8b,extended,200B,single,,SYSTEMWORKS,SY​STEMWORKS,"SystemWorks, compliance","Sy​stemWorks, co​mpliance"
00275.4675c4cce2bf27adaafeef693d562f8b,00275__salted__extended__cp200C__single.4675c4cce2bf27adaafeef693d562f8b,extended,200C,single,,SYSTEMWORKS,SY‌STEMWORKS,"SystemWorks, compliance","Sy‌stemWorks, co‌mpliance"
00275.4675c4cce2bf27adaafeef693d562f8b,00275__salted__extended__cp200D__single.4675c4cce2bf27adaafeef693d562f8b,extended,200D,single,,SYSTEMWORKS,SY‍STEMWORKS,"SystemWorks, compliance","Sy‍stemWorks, co‍mpliance"
00275.4675c4cce2bf27adaafeef693d562f8b,00275__salted__extended__cp00AD__single.4675c4cce2bf27adaafeef693d562f8b,extended,00AD,single,,SYSTEMWORKS,SY­STEMWORKS,"SystemWorks, compliance","Sy­stemWorks, co­mpliance"
00277.64128ce1653bc4e1bde9ffe2f83db557,00277__salted__extended__cp200B__single.64128ce1653bc4e1bde9ffe2f83db557,extended,200B,single,,Insurance,In​surance,"insurance, insurance, insurance","in​surance, in​surance, in​surance"
00277.64128ce1653bc4e1bde9ffe2f83db557,00277__salted__extended__cp200C__single.64128ce1653bc4e1bde9ffe2f83db557,extended,200C,single,,Insurance,In‌surance,"insurance, insurance, insurance","in‌surance, in‌surance, in‌surance"
00277.64128ce1653bc4e1bde9ffe2f83db557,00277__salted__extended__cp200D__single.64128ce1653bc4e1bde9ffe2f83db557,extended,200D,single,,Insurance,In‍surance,"insurance, insurance, insurance","in‍surance, in‍surance, in‍surance"
00277.64128ce1653bc4e1bde9ffe2f83db557,00277__salted__extended__cp00AD__single.64128ce1653bc4e1bde9ffe2f83db557,extended,00AD,single,,Insurance,In­surance,"insurance, insurance, insurance","in­surance, in­surance, in­surance"
00277.feeedd0a9e052b05e350e93ff7889f0a,00277__salted__extended__cp200B__single.feeedd0a9e052b05e350e93ff7889f0a,extended,200B,single,,,,assistance,as​sistance
00277.feeedd0a9e052b05e350e93ff7889f0a,00277__salted__extended__cp200C__single.feeedd0a9e052b05e350e93ff7889f0a,extended,200C,single,,,,assistance,as‌sistance
00277.feeedd0a9e052b05e350e93ff7889f0a,00277__salted__extended__cp200D__single.feeedd0a9e052b05e350e93ff7889f0a,extended,200D,single,,,,assistance,as‍sistance
00277.feeedd0a9e052b05e350e93ff7889f0a,00277__salted__extended__cp00AD__single.feeedd0a9e052b05e350e93ff7889f0a,extended,00AD,single,,,,assistance,as­sistance
00278.72994f6280bfb4ecaad81592dc31f0d3,00278__salted__extended__cp200B__single.72994f6280bfb4ecaad81592dc31f0d3,extended,200B,single,,,,"profitable, testimonials, ORDERING","pr​ofitable, te​stimonials, OR​DERING"
00278.72994f6280bfb4ecaad81592dc31f0d3,00278__salted__extended__cp200C__single.72994f6280bfb4ecaad81592dc31f0d3,extended,200C,single,,,,"profitable, testimonials, ORDERING","pr‌ofitable, te‌stimonials, OR‌DERING"
00278.72994f6280bfb4ecaad81592dc31f0d3,00278__salted__extended__cp200D__single.72994f6280bfb4ecaad81592dc31f0d3,extended,200D,single,,,,"profitable, testimonials, ORDERING","pr‍ofitable, te‍stimonials, OR‍DERING"
00278.72994f6280bfb4ecaad81592dc31f0d3,00278__salted__extended__cp00AD__single.72994f6280bfb4ecaad81592dc31f0d3,extended,00AD,single,,,,"profitable, testimonials, ORDERING","pr­ofitable, te­stimonials, OR­DERING"
00278.b62c5fc23a2f87760696cb9fa51f073c,00278__salted__extended__cp200B__single.b62c5fc23a2f87760696cb9fa51f073c,extended,200B,single,,assistance,as​sistance,"SIR, presently, deposit","SI​R, pr​esently, de​posit"
00278.b62c5fc23a2f87760696cb9fa51f073c,00278__salted__extended__cp200C__single.b62c5fc23a2f87760696cb9fa51f073c,extended,200C,single,,assistance,as‌sistance,"SIR, presently, deposit","SI‌R, pr‌esently, de‌posit"
00278.b62c5fc23a2f87760696cb9fa51f073c,00278__salted__extended__cp200D__single.b62c5fc23a2f87760696cb9fa51f073c,extended,200D,single,,assistance,as‍sistance,"SIR, presently, deposit","SI‍R, pr‍esently, de‍posit"
00278.b62c5fc23a2f87760696cb9fa51f073c,00278__salted__extended__cp00AD__single.b62c5fc23a2f87760696cb9fa51f073c,extended,00AD,single,,assistance,as­sistance,"SIR, presently, deposit","SI­R, pr­esently, de­posit"
00279.1d58a13e343c1e53aca2ed2121a3f815,00279__salted__extended__cp200B__single.1d58a13e343c1e53aca2ed2121a3f815,extended,200B,single,,assistance,as​sistance,"SIR, presently, deposit","SI​R, pr​esently, de​posit"
00279.1d58a13e343c1e53aca2ed2121a3f815,00279__salted__extended__cp200C__single.1d58a13e343c1e53aca2ed2121a3f815,extended,200C,single,,assistance,as‌sistance,"SIR, presently, deposit","SI‌R, pr‌esently, de‌posit"
00279.1d58a13e343c1e53aca2ed2121a3f815,00279__salted__extended__cp200D__single.1d58a13e343c1e53aca2ed2121a3f815,extended,200D,single,,assistance,as‍sistance,"SIR, presently, deposit","SI‍R, pr‍esently, de‍posit"
00279.1d58a13e343c1e53aca2ed2121a3f815,00279__salted__extended__cp00AD__single.1d58a13e343c1e53aca2ed2121a3f815,extended,00AD,single,,assistance,as­sistance,"SIR, presently, deposit","SI­R, pr­esently, de­posit"
00279.d3516102dd7d49480923c6cf3252a216,00279__salted__extended__cp200B__single.d3516102dd7d49480923c6cf3252a216,extended,200B,single,,,,assistance,as​sistance
00279.d3516102dd7d49480923c6cf3252a216,00279__salted__extended__cp200C__single.d3516102dd7d49480923c6cf3252a216,extended,200C,single,,,,assistance,as‌sistance
00279.d3516102dd7d49480923c6cf3252a216,00279__salted__extended__cp200D__single.d3516102dd7d49480923c6cf3252a216,extended,200D,single,,,,assistance,as‍sistance
00279.d3516102dd7d49480923c6cf3252a216,00279__salted__extended__cp00AD__single.d3516102dd7d49480923c6cf3252a216,extended,00AD,single,,,,assistance,as­sistance
00280.026da2bd191f11081b8d8428134b0c66,00280__salted__extended__cp200B__single.026da2bd191f11081b8d8428134b0c66,extended,200B,single,,,,"Promotion, Deposit, click","Pr​omotion, De​posit, cl​ick"
00280.026da2bd191f11081b8d8428134b0c66,00280__salted__extended__cp200C__single.026da2bd191f11081b8d8428134b0c66,extended,200C,single,,,,"Promotion, Deposit, click","Pr‌omotion, De‌posit, cl‌ick"
00280.026da2bd191f11081b8d8428134b0c66,00280__salted__extended__cp200D__single.026da2bd191f11081b8d8428134b0c66,extended,200D,single,,,,"Promotion, Deposit, click","Pr‍omotion, De‍posit, cl‍ick"
00280.026da2bd191f11081b8d8428134b0c66,00280__salted__extended__cp00AD__single.026da2bd191f11081b8d8428134b0c66,extended,00AD,single,,,,"Promotion, Deposit, click","Pr­omotion, De­posit, cl­ick"
00283.e8e42ee52f919afd2a453983f1256b1d,00283__salted__extended__cp200B__single.e8e42ee52f919afd2a453983f1256b1d,extended,200B,single,,,,"qualified, insurance, Insurance","qu​alified, in​surance, In​surance"
00283.e8e42ee52f919afd2a453983f1256b1d,00283__salted__extended__cp200C__single.e8e42ee52f919afd2a453983f1256b1d,extended,200C,single,,,,"qualified, insurance, Insurance","qu‌alified, in‌surance, In‌surance"
00283.e8e42ee52f919afd2a453983f1256b1d,00283__salted__extended__cp200D__single.e8e42ee52f919afd2a453983f1256b1d,extended,200D,single,,,,"qualified, insurance, Insurance","qu‍alified, in‍surance, In‍surance"
00283.e8e42ee52f919afd2a453983f1256b1d,00283__salted__extended__cp00AD__single.e8e42ee52f919afd2a453983f1256b1d,extended,00AD,single,,,,"qualified, insurance, Insurance","qu­alified, in­surance, In­surance"
00284.227c1ebb961320cd2086d904d698c49b,00284__salted__extended__cp200B__single.227c1ebb961320cd2086d904d698c49b,extended,200B,single,,,,"Premium, Tobacco, insurance","Pr​emium, To​bacco, in​surance"
00284.227c1ebb961320cd2086d904d698c49b,00284__salted__extended__cp200C__single.227c1ebb961320cd2086d904d698c49b,extended,200C,single,,,,"Premium, Tobacco, insurance","Pr‌emium, To‌bacco, in‌surance"
00284.227c1ebb961320cd2086d904d698c49b,00284__salted__extended__cp200D__single.227c1ebb961320cd2086d904d698c49b,extended,200D,single,,,,"Premium, Tobacco, insurance","Pr‍emium, To‍bacco, in‍surance"
00284.227c1ebb961320cd2086d904d698c49b,00284__salted__extended__cp00AD__single.227c1ebb961320cd2086d904d698c49b,extended,00AD,single,,,,"Premium, Tobacco, insurance","Pr­emium, To­bacco, in­surance"
00286.bb7afce31a747b70cf516e4ef174fd8f,00286__salted__extended__cp200B__single.bb7afce31a747b70cf516e4ef174fd8f,extended,200B,single,,,,"NBC, CBS, Oprah","NB​C, CB​S, Op​rah"
00286.bb7afce31a747b70cf516e4ef174fd8f,00286__salted__extended__cp200C__single.bb7afce31a747b70cf516e4ef174fd8f,extended,200C,single,,,,"NBC, CBS, Oprah","NB‌C, CB‌S, Op‌rah"
00286.bb7afce31a747b70cf516e4ef174fd8f,00286__salted__extended__cp200D__single.bb7afce31a747b70cf516e4ef174fd8f,extended,200D,single,,,,"NBC, CBS, Oprah","NB‍C, CB‍S, Op‍rah"
00286.bb7afce31a747b70cf516e4ef174fd8f,00286__salted__extended__cp00AD__single.bb7afce31a747b70cf516e4ef174fd8f,extended,00AD,single,,,,"NBC, CBS, Oprah","NB­C, CB­S, Op­rah"
00287.0d310db88577f69e8c345671d9a8416c,00287__salted__extended__cp200B__single.0d310db88577f69e8c345671d9a8416c,extended,200B,single,,,,"EARN, unlimited, Ordering","EA​RN, un​limited, Or​dering"
00287.0d310db88577f69e8c345671d9a8416c,00287__salted__extended__cp200C__single.0d310db88577f69e8c345671d9a8416c,extended,200C,single,,,,"EARN, unlimited, Ordering","EA‌RN, un‌limited, Or‌dering"
00287.0d310db88577f69e8c345671d9a8416c,00287__salted__extended__cp200D__single.0d310db88577f69e8c345671d9a8416c,extended,200D,single,,,,"EARN, unlimited, Ordering","EA‍RN, un‍limited, Or‍dering"
00287.0d310db88577f69e8c345671d9a8416c,00287__salted__extended__cp00AD__single.0d310db88577f69e8c345671d9a8416c,extended,00AD,single,,,,"EARN, unlimited, Ordering","EA­RN, un­limited, Or­dering"
00287.b0495a4dbdff36654c3b3ee2f92bdbf3,00287__salted__extended__cp200B__single.b0495a4dbdff36654c3b3ee2f92bdbf3,extended,200B,single,,,,receive,re​ceive
00287.b0495a4dbdff36654c3b3ee2f92bdbf3,00287__salted__extended__cp200C__single.b0495a4dbdff36654c3b3ee2f92bdbf3,extended,200C,single,,,,receive,re‌ceive
00287.b0495a4dbdff36654c3b3ee2f92bdbf3,00287__salted__extended__cp200D__single.b0495a4dbdff36654c3b3ee2f92bdbf3,extended,200D,single,,,,receive,re‍ceive
00287.b0495a4dbdff36654c3b3ee2f92bdbf3,00287__salted__extended__cp00AD__single.b0495a4dbdff36654c3b3ee2f92bdbf3,extended,00AD,single,,,,receive,re­ceive
00288.e1f7256dd7c447815e6693fd8efea6c9,00288__salted__extended__cp200B__single.e1f7256dd7c447815e6693fd8efea6c9,extended,200B,single,,,,ordering,or​dering
00288.e1f7256dd7c447815e6693fd8efea6c9,00288__salted__extended__cp200C__single.e1f7256dd7c447815e6693fd8efea6c9,extended,200C,single,,,,ordering,or‌dering
00288.e1f7256dd7c447815e6693fd8efea6c9,00288__salted__extended__cp200D__single.e1f7256dd7c447815e6693fd8efea6c9,extended,200D,single,,,,ordering,or‍dering
00288.e1f7256dd7c447815e6693fd8efea6c9,00288__salted__extended__cp00AD__single.e1f7256dd7c447815e6693fd8efea6c9,extended,00AD,single,,,,ordering,or­dering
00290.010f9e1b74276ee0a2414699df272efe,00290__salted__extended__cp200B__single.010f9e1b74276ee0a2414699df272efe,extended,200B,single,,ADV,AD​V,,
00290.010f9e1b74276ee0a2414699df272efe,00290__salted__extended__cp200C__single.010f9e1b74276ee0a2414699df272efe,extended,200C,single,,ADV,AD‌V,,
00290.010f9e1b74276ee0a2414699df272efe,00290__salted__extended__cp200D__single.010f9e1b74276ee0a2414699df272efe,extended,200D,single,,ADV,AD‍V,,
00290.010f9e1b74276ee0a2414699df272efe,00290__salted__extended__cp00AD__single.010f9e1b74276ee0a2414699df272efe,extended,00AD,single,,ADV,AD­V,,
00291.7aa227e74e89bdd529a3875459d0d5a2,00291__salted__extended__cp200B__single.7aa227e74e89bdd529a3875459d0d5a2,extended,200B,single,,,,"Click, receive, mailings","Cl​ick, re​ceive, ma​ilings"
00291.7aa227e74e89bdd529a3875459d0d5a2,00291__salted__extended__cp200C__single.7aa227e74e89bdd529a3875459d0d5a2,extended,200C,single,,,,"Click, receive, mailings","Cl‌ick, re‌ceive, ma‌ilings"
00291.7aa227e74e89bdd529a3875459d0d5a2,00291__salted__extended__cp200D__single.7aa227e74e89bdd529a3875459d0d5a2,extended,200D,single,,,,"Click, receive, mailings","Cl‍ick, re‍ceive, ma‍ilings"
00291.7aa227e74e89bdd529a3875459d0d5a2,00291__salted__extended__cp00AD__single.7aa227e74e89bdd529a3875459d0d5a2,extended,00AD,single,,,,"Click, receive, mailings","Cl­ick, re­ceive, ma­ilings"
00292.b90f1e0d4436fdbf91d909812648900d,00292__salted__extended__cp200B__single.b90f1e0d4436fdbf91d909812648900d,extended,200B,single,,Prescription,Pr​escription,"Viagra, Click","Vi​agra, Cl​ick"
00292.b90f1e0d4436fdbf91d909812648900d,00292__salted__extended__cp200C__single.b90f1e0d4436fdbf91d909812648900d,extended,200C,single,,Prescription,Pr‌escription,"Viagra, Click","Vi‌agra, Cl‌ick"
00292.b90f1e0d4436fdbf91d909812648900d,00292__salted__extended__cp200D__single.b90f1e0d4436fdbf91d909812648900d,extended,200D,single,,Prescription,Pr‍escription,"Viagra, Click","Vi‍agra, Cl‍ick"
00292.b90f1e0d4436fdbf91d909812648900d,00292__salted__extended__cp00AD__single.b90f1e0d4436fdbf91d909812648900d,extended,00AD,single,,Prescription,Pr­escription,"Viagra, Click","Vi­agra, Cl­ick"
00292.dbf78a2aaa230d288eb80ab843804252,00292__salted__extended__cp200B__single.dbf78a2aaa230d288eb80ab843804252,extended,200B,single,,,,"fees, Sincerely, promotional","fe​es, Si​ncerely, pr​omotional"
00292.dbf78a2aaa230d288eb80ab843804252,00292__salted__extended__cp200C__single.dbf78a2aaa230d288eb80ab843804252,extended,200C,single,,,,"fees, Sincerely, promotional","fe‌es, Si‌ncerely, pr‌omotional"
00292.dbf78a2aaa230d288eb80ab843804252,00292__salted__extended__cp200D__single.dbf78a2aaa230d288eb80ab843804252,extended,200D,single,,,,"fees, Sincerely, promotional","fe‍es, Si‍ncerely, pr‍omotional"
00292.dbf78a2aaa230d288eb80ab843804252,00292__salted__extended__cp00AD__single.dbf78a2aaa230d288eb80ab843804252,extended,00AD,single,,,,"fees, Sincerely, promotional","fe­es, Si­ncerely, pr­omotional"
00294.497c7a26968a921c6345a525a2c87496,00294__salted__extended__cp200B__single.497c7a26968a921c6345a525a2c87496,extended,200B,single,,,,"ATTN, KINDLY, FAITHFULLY","AT​TN, KI​NDLY, FA​ITHFULLY"
00294.497c7a26968a921c6345a525a2c87496,00294__salted__extended__cp200C__single.497c7a26968a921c6345a525a2c87496,extended,200C,single,,,,"ATTN, KINDLY, FAITHFULLY","AT‌TN, KI‌NDLY, FA‌ITHFULLY"
00294.497c7a26968a921c6345a525a2c87496,00294__salted__extended__cp200D__single.497c7a26968a921c6345a525a2c87496,extended,200D,single,,,,"ATTN, KINDLY, FAITHFULLY","AT‍TN, KI‍NDLY, FA‍ITHFULLY"
00294.497c7a26968a921c6345a525a2c87496,00294__salted__extended__cp00AD__single.497c7a26968a921c6345a525a2c87496,extended,00AD,single,,,,"ATTN, KINDLY, FAITHFULLY","AT­TN, KI­NDLY, FA­ITHFULLY"
00294.df27a988d82cc82296e33e6d727ac47e,00294__salted__extended__cp200B__single.df27a988d82cc82296e33e6d727ac47e,extended,200B,single,,,,"Promotion, Deposit, click","Pr​omotion, De​posit, cl​ick"
00294.df27a988d82cc82296e33e6d727ac47e,00294__salted__extended__cp200C__single.df27a988d82cc82296e33e6d727ac47e,extended,200C,single,,,,"Promotion, Deposit, click","Pr‌omotion, De‌posit, cl‌ick"
00294.df27a988d82cc82296e33e6d727ac47e,00294__salted__extended__cp200D__single.df27a988d82cc82296e33e6d727ac47e,extended,200D,single,,,,"Promotion, Deposit, click","Pr‍omotion, De‍posit, cl‍ick"
00294.df27a988d82cc82296e33e6d727ac47e,00294__salted__extended__cp00AD__single.df27a988d82cc82296e33e6d727ac47e,extended,00AD,single,,,,"Promotion, Deposit, click","Pr­omotion, De­posit, cl­ick"
00295.567c57d64a8f338d16d5047e533a1155,00295__salted__extended__cp200B__single.567c57d64a8f338d16d5047e533a1155,extended,200B,single,,monthly,mo​nthly,,
00295.567c57d64a8f338d16d5047e533a1155,00295__salted__extended__cp200C__single.567c57d64a8f338d16d5047e533a1155,extended,200C,single,,monthly,mo‌nthly,,
00295.567c57d64a8f338d16d5047e533a1155,00295__salted__extended__cp200D__single.567c57d64a8f338d16d5047e533a1155,extended,200D,single,,monthly,mo‍nthly,,
00295.567c57d64a8f338d16d5047e533a1155,00295__salted__extended__cp00AD__single.567c57d64a8f338d16d5047e533a1155,extended,00AD,single,,monthly,mo­nthly,,
00296.85aa16f800e0aaf8755cdf23d7e035ff,00296__salted__extended__cp200B__single.85aa16f800e0aaf8755cdf23d7e035ff,extended,200B,single,,Annuity,An​nuity,"annuity, Guaranteed, Buyers","an​nuity, Gu​aranteed, Bu​yers"
00296.85aa16f800e0aaf8755cdf23d7e035ff,00296__salted__extended__cp200C__single.85aa16f800e0aaf8755cdf23d7e035ff,extended,200C,single,,Annuity,An‌nuity,"annuity, Guaranteed, Buyers","an‌nuity, Gu‌aranteed, Bu‌yers"
00296.85aa16f800e0aaf8755cdf23d7e035ff,00296__salted__extended__cp200D__single.85aa16f800e0aaf8755cdf23d7e035ff,extended,200D,single,,Annuity,An‍nuity,"annuity, Guaranteed, Buyers","an‍nuity, Gu‍aranteed, Bu‍yers"
00296.85aa16f800e0aaf8755cdf23d7e035ff,00296__salted__extended__cp00AD__single.85aa16f800e0aaf8755cdf23d7e035ff,extended,00AD,single,,Annuity,An­nuity,"annuity, Guaranteed, Buyers","an­nuity, Gu­aranteed, Bu­yers"
00298.792592957289d30448ca3c68b301c896,00298__salted__extended__cp200B__single.792592957289d30448ca3c68b301c896,extended,200B,single,,,,"MLM, Receive, Commissions","ML​M, Re​ceive, Co​mmissions"
00298.792592957289d30448ca3c68b301c896,00298__salted__extended__cp200C__single.792592957289d30448ca3c68b301c896,extended,200C,single,,,,"MLM, Receive, Commissions","ML‌M, Re‌ceive, Co‌mmissions"
00298.792592957289d30448ca3c68b301c896,00298__salted__extended__cp200D__single.792592957289d30448ca3c68b301c896,extended,200D,single,,,,"MLM, Receive, Commissions","ML‍M, Re‍ceive, Co‍mmissions"
00298.792592957289d30448ca3c68b301c896,00298__salted__extended__cp00AD__single.792592957289d30448ca3c68b301c896,extended,00AD,single,,,,"MLM, Receive, Commissions","ML­M, Re­ceive, Co­mmissions"
00298.90b548a0816ca0783f012bb9c69166cc,00298__salted__extended__cp200B__single.90b548a0816ca0783f012bb9c69166cc,extended,200B,single,,Annuity,An​nuity,"annuity, annuity, annuity","an​nuity, an​nuity, an​nuity"
00298.90b548a0816ca0783f012bb9c69166cc,00298__salted__extended__cp200C__single.90b548a0816ca0783f012bb9c69166cc,extended,200C,single,,Annuity,An‌nuity,"annuity, annuity, annuity","an‌nuity, an‌nuity, an‌nuity"
00298.90b548a0816ca0783f012bb9c69166cc,00298__salted__extended__cp200D__single.90b548a0816ca0783f012bb9c69166cc,extended,200D,single,,Annuity,An‍nuity,"annuity, annuity, annuity","an‍nuity, an‍nuity, an‍nuity"
00298.90b548a0816ca0783f012bb9c69166cc,00298__salted__extended__cp00AD__single.90b548a0816ca0783f012bb9c69166cc,extended,00AD,single,,Annuity,An­nuity,"annuity, annuity, annuity","an­nuity, an­nuity, an­nuity"
00300.834f370a21ca4f1774d5724b5443411c,00300__salted__extended__cp200B__single.834f370a21ca4f1774d5724b5443411c,extended,200B,single,,Secrets,Se​crets,,
00300.834f370a21ca4f1774d5724b5443411c,00300__salted__extended__cp200C__single.834f370a21ca4f1774d5724b5443411c,extended,200C,single,,Secrets,Se‌crets,,
00300.834f370a21ca4f1774d5724b5443411c,00300__salted__extended__cp200D__single.834f370a21ca4f1774d5724b5443411c,extended,200D,single,,Secrets,Se‍crets,,
00300.834f370a21ca4f1774d5724b5443411c,00300__salted__extended__cp00AD__single.834f370a21ca4f1774d5724b5443411c,extended,00AD,single,,Secrets,Se­crets,,
00301.3b6fa92db458408d9468360fc034d280,00301__salted__extended__cp200B__single.3b6fa92db458408d9468360fc034d280,extended,200B,single,,,,"Click, Assistance, mailings","Cl​ick, As​sistance, ma​ilings"
00301.3b6fa92db458408d9468360fc034d280,00301__salted__extended__cp200C__single.3b6fa92db458408d9468360fc034d280,extended,200C,single,,,,"Click, Assistance, mailings","Cl‌ick, As‌sistance, ma‌ilings"
00301.3b6fa92db458408d9468360fc034d280,00301__salted__extended__cp200D__single.3b6fa92db458408d9468360fc034d280,extended,200D,single,,,,"Click, Assistance, mailings","Cl‍ick, As‍sistance, ma‍ilings"
00301.3b6fa92db458408d9468360fc034d280,00301__salted__extended__cp00AD__single.3b6fa92db458408d9468360fc034d280,extended,00AD,single,,,,"Click, Assistance, mailings","Cl­ick, As­sistance, ma­ilings"
00301.68fe7955b96d085360ca916289e8e716,00301__salted__extended__cp200B__single.68fe7955b96d085360ca916289e8e716,extended,200B,single,,,,"guaranteed, receive, receive","gu​aranteed, re​ceive, re​ceive"
00301.68fe7955b96d085360ca916289e8e716,00301__salted__extended__cp200C__single.68fe7955b96d085360ca916289e8e716,extended,200C,single,,,,"guaranteed, receive, receive","gu‌aranteed, re‌ceive, re‌ceive"
00301.68fe7955b96d085360ca916289e8e716,00301__salted__extended__cp200D__single.68fe7955b96d085360ca916289e8e716,extended,200D,single,,,,"guaranteed, receive, receive","gu‍aranteed, re‍ceive, re‍ceive"
00301.68fe7955b96d085360ca916289e8e716,00301__salted__extended__cp00AD__single.68fe7955b96d085360ca916289e8e716,extended,00AD,single,,,,"guaranteed, receive, receive","gu­aranteed, re­ceive, re­ceive"
00302.7f695c69d4cbe06e91cddd2ca7cddf33,00302__salted__extended__cp200B__single.7f695c69d4cbe06e91cddd2ca7cddf33,extended,200B,single,,,,"Guaranteed, herbal, Click","Gu​aranteed, he​rbal, Cl​ick"
00302.7f695c69d4cbe06e91cddd2ca7cddf33,00302__salted__extended__cp200C__single.7f695c69d4cbe06e91cddd2ca7cddf33,extended,200C,single,,,,"Guaranteed, herbal, Click","Gu‌aranteed, he‌rbal, Cl‌ick"
00302.7f695c69d4cbe06e91cddd2ca7cddf33,00302__salted__extended__cp200D__single.7f695c69d4cbe06e91cddd2ca7cddf33,extended,200D,single,,,,"Guaranteed, herbal, Click","Gu‍aranteed, he‍rbal, Cl‍ick"
00302.7f695c69d4cbe06e91cddd2ca7cddf33,00302__salted__extended__cp00AD__single.7f695c69d4cbe06e91cddd2ca7cddf33,extended,00AD,single,,,,"Guaranteed, herbal, Click","Gu­aranteed, he­rbal, Cl­ick"
00303.22239f1393297a691eb5df3dfe7a5001,00303__salted__extended__cp200B__single.22239f1393297a691eb5df3dfe7a5001,extended,200B,single,,,,compliance,co​mpliance
00303.22239f1393297a691eb5df3dfe7a5001,00303__salted__extended__cp200C__single.22239f1393297a691eb5df3dfe7a5001,extended,200C,single,,,,compliance,co‌mpliance
00303.22239f1393297a691eb5df3dfe7a5001,00303__salted__extended__cp200D__single.22239f1393297a691eb5df3dfe7a5001,extended,200D,single,,,,compliance,co‍mpliance
00303.22239f1393297a691eb5df3dfe7a5001,00303__salted__extended__cp00AD__single.22239f1393297a691eb5df3dfe7a5001,extended,00AD,single,,,,compliance,co­mpliance
00303.7d749e4a46ceb169ea1af5b9e5ab39a9,00303__salted__extended__cp200B__single.7d749e4a46ceb169ea1af5b9e5ab39a9,extended,200B,single,,ADV,AD​V,,
00303.7d749e4a46ceb169ea1af5b9e5ab39a9,00303__salted__extended__cp200C__single.7d749e4a46ceb169ea1af5b9e5ab39a9,extended,200C,single,,ADV,AD‌V,,
00303.7d749e4a46ceb169ea1af5b9e5ab39a9,00303__salted__extended__cp200D__single.7d749e4a46ceb169ea1af5b9e5ab39a9,extended,200D,single,,ADV,AD‍V,,
00303.7d749e4a46ceb169ea1af5b9e5ab39a9,00303__salted__extended__cp00AD__single.7d749e4a46ceb169ea1af5b9e5ab39a9,extended,00AD,single,,ADV,AD­V,,
00305.1f2a712e25638b0a4868155b37022cf1,00305__salted__extended__cp200B__single.1f2a712e25638b0a4868155b37022cf1,extended,200B,single,,HGH,HG​H,,
00305.1f2a712e25638b0a4868155b37022cf1,00305__salted__extended__cp200C__single.1f2a712e25638b0a4868155b37022cf1,extended,200C,single,,HGH,HG‌H,,
00305.1f2a712e25638b0a4868155b37022cf1,00305__salted__extended__cp200D__single.1f2a712e25638b0a4868155b37022cf1,extended,200D,single,,HGH,HG‍H,,
00305.1f2a712e25638b0a4868155b37022cf1,00305__salted__extended__cp00AD__single.1f2a712e25638b0a4868155b37022cf1,extended,00AD,single,,HGH,HG­H,,
00305.f80c21904d6d4f6facd036450a588b0d,00305__salted__extended__cp200B__single.f80c21904d6d4f6facd036450a588b0d,extended,200B,single,,,,"guaranteed, receive, receive","gu​aranteed, re​ceive, re​ceive"
00305.f80c21904d6d4f6facd036450a588b0d,00305__salted__extended__cp200C__single.f80c21904d6d4f6facd036450a588b0d,extended,200C,single,,,,"guaranteed, receive, receive","gu‌aranteed, re‌ceive, re‌ceive"
00305.f80c21904d6d4f6facd036450a588b0d,00305__salted__extended__cp200D__single.f80c21904d6d4f6facd036450a588b0d,extended,200D,single,,,,"guaranteed, receive, receive","gu‍aranteed, re‍ceive, re‍ceive"
00305.f80c21904d6d4f6facd036450a588b0d,00305__salted__extended__cp00AD__single.f80c21904d6d4f6facd036450a588b0d,extended,00AD,single,,,,"guaranteed, receive, receive","gu­aranteed, re­ceive, re­ceive"
00306.9e12acdecaf3825733a1aadc2455b166,00306__salted__extended__cp200B__single.9e12acdecaf3825733a1aadc2455b166,extended,200B,single,,ADV,AD​V,"toll, Sincerely","to​ll, Si​ncerely"
00306.9e12acdecaf3825733a1aadc2455b166,00306__salted__extended__cp200C__single.9e12acdecaf3825733a1aadc2455b166,extended,200C,single,,ADV,AD‌V,"toll, Sincerely","to‌ll, Si‌ncerely"
00306.9e12acdecaf3825733a1aadc2455b166,00306__salted__extended__cp200D__single.9e12acdecaf3825733a1aadc2455b166,extended,200D,single,,ADV,AD‍V,"toll, Sincerely","to‍ll, Si‍ncerely"
00306.9e12acdecaf3825733a1aadc2455b166,00306__salted__extended__cp00AD__single.9e12acdecaf3825733a1aadc2455b166,extended,00AD,single,,ADV,AD­V,"toll, Sincerely","to­ll, Si­ncerely"
00307.79b64580c5c605583aec7b7a4f8679c0,00307__salted__extended__cp200B__single.79b64580c5c605583aec7b7a4f8679c0,extended,200B,single,,Mortgage,Mo​rtgage,"refinance, mortgage, refinance","re​finance, mo​rtgage, re​finance"
00307.79b64580c5c605583aec7b7a4f8679c0,00307__salted__extended__cp200C__single.79b64580c5c605583aec7b7a4f8679c0,extended,200C,single,,Mortgage,Mo‌rtgage,"refinance, mortgage, refinance","re‌finance, mo‌rtgage, re‌finance"
00307.79b64580c5c605583aec7b7a4f8679c0,00307__salted__extended__cp200D__single.79b64580c5c605583aec7b7a4f8679c0,extended,200D,single,,Mortgage,Mo‍rtgage,"refinance, mortgage, refinance","re‍finance, mo‍rtgage, re‍finance"
00307.79b64580c5c605583aec7b7a4f8679c0,00307__salted__extended__cp00AD__single.79b64580c5c605583aec7b7a4f8679c0,extended,00AD,single,,Mortgage,Mo­rtgage,"refinance, mortgage, refinance","re­finance, mo­rtgage, re­finance"
00308.fc90f8aab51648329b9e705c9021b204,00308__salted__extended__cp200B__single.fc90f8aab51648329b9e705c9021b204,extended,200B,single,,,,"premium, receive, mailings","pr​emium, re​ceive, ma​ilings"
00308.fc90f8aab51648329b9e705c9021b204,00308__salted__extended__cp200C__single.fc90f8aab51648329b9e705c9021b204,extended,200C,single,,,,"premium, receive, mailings","pr‌emium, re‌ceive, ma‌ilings"
00308.fc90f8aab51648329b9e705c9021b204,00308__salted__extended__cp200D__single.fc90f8aab51648329b9e705c9021b204,extended,200D,single,,,,"premium, receive, mailings","pr‍emium, re‍ceive, ma‍ilings"
00308.fc90f8aab51648329b9e705c9021b204,00308__salted__extended__cp00AD__single.fc90f8aab51648329b9e705c9021b204,extended,00AD,single,,,,"premium, receive, mailings","pr­emium, re­ceive, ma­ilings"
00309.d9efb4713f45f4e1237d3f9b757d0916,00309__salted__extended__cp200B__single.d9efb4713f45f4e1237d3f9b757d0916,extended,200B,single,,,,"Receive, receive, receive","Re​ceive, re​ceive, re​ceive"
00309.d9efb4713f45f4e1237d3f9b757d0916,00309__salted__extended__cp200C__single.d9efb4713f45f4e1237d3f9b757d0916,extended,200C,single,,,,"Receive, receive, receive","Re‌ceive, re‌ceive, re‌ceive"
00309.d9efb4713f45f4e1237d3f9b757d0916,00309__salted__extended__cp200D__single.d9efb4713f45f4e1237d3f9b757d0916,extended,200D,single,,,,"Receive, receive, receive","Re‍ceive, re‍ceive, re‍ceive"
00309.d9efb4713f45f4e1237d3f9b757d0916,00309__salted__extended__cp00AD__single.d9efb4713f45f4e1237d3f9b757d0916,extended,00AD,single,,,,"Receive, receive, receive","Re­ceive, re­ceive, re­ceive"
00312.5034fee7d265abd7a4194e9300de24bf,00312__salted__extended__cp200B__single.5034fee7d265abd7a4194e9300de24bf,extended,200B,single,,HGH,HG​H,,
00312.5034fee7d265abd7a4194e9300de24bf,00312__salted__extended__cp200C__single.5034fee7d265abd7a4194e9300de24bf,extended,200C,single,,HGH,HG‌H,,
00312.5034fee7d265abd7a4194e9300de24bf,00312__salted__extended__cp200D__single.5034fee7d265abd7a4194e9300de24bf,extended,200D,single,,HGH,HG‍H,,
00312.5034fee7d265abd7a4194e9300de24bf,00312__salted__extended__cp00AD__single.5034fee7d265abd7a4194e9300de24bf,extended,00AD,single,,HGH,HG­H,,
00312.75c839d7d4f6da9e860a11b617904fb5,00312__salted__extended__cp200B__single.75c839d7d4f6da9e860a11b617904fb5,extended,200B,single,,,,"assist, presently, presently","as​sist, pr​esently, pr​esently"
00312.75c839d7d4f6da9e860a11b617904fb5,00312__salted__extended__cp200C__single.75c839d7d4f6da9e860a11b617904fb5,extended,200C,single,,,,"assist, presently, presently","as‌sist, pr‌esently, pr‌esently"
00312.75c839d7d4f6da9e860a11b617904fb5,00312__salted__extended__cp200D__single.75c839d7d4f6da9e860a11b617904fb5,extended,200D,single,,,,"assist, presently, presently","as‍sist, pr‍esently, pr‍esently"
00312.75c839d7d4f6da9e860a11b617904fb5,00312__salted__extended__cp00AD__single.75c839d7d4f6da9e860a11b617904fb5,extended,00AD,single,,,,"assist, presently, presently","as­sist, pr­esently, pr­esently"
00315.0ee82a2e087ffcf6efbd30b36499ead6,00315__salted__extended__cp200B__single.0ee82a2e087ffcf6efbd30b36499ead6,extended,200B,single,,,,"NIGERIA, Sir, Nigeria","NI​GERIA, Si​r, Ni​geria"
00315.0ee82a2e087ffcf6efbd30b36499ead6,00315__salted__extended__cp200C__single.0ee82a2e087ffcf6efbd30b36499ead6,extended,200C,single,,,,"NIGERIA, Sir, Nigeria","NI‌GERIA, Si‌r, Ni‌geria"
00315.0ee82a2e087ffcf6efbd30b36499ead6,00315__salted__extended__cp200D__single.0ee82a2e087ffcf6efbd30b36499ead6,extended,200D,single,,,,"NIGERIA, Sir, Nigeria","NI‍GERIA, Si‍r, Ni‍geria"
00315.0ee82a2e087ffcf6efbd30b36499ead6,00315__salted__extended__cp00AD__single.0ee82a2e087ffcf6efbd30b36499ead6,extended,00AD,single,,,,"NIGERIA, Sir, Nigeria","NI­GERIA, Si­r, Ni­geria"
00315.81905f8867f52179286a6a5bdd1483fa,00315__salted__extended__cp200B__single.81905f8867f52179286a6a5bdd1483fa,extended,200B,single,,bills,bi​lls,,
00315.81905f8867f52179286a6a5bdd1483fa,00315__salted__extended__cp200C__single.81905f8867f52179286a6a5bdd1483fa,extended,200C,single,,bills,bi‌lls,,
00315.81905f8867f52179286a6a5bdd1483fa,00315__salted__extended__cp200D__single.81905f8867f52179286a6a5bdd1483fa,extended,200D,single,,bills,bi‍lls,,
00315.81905f8867f52179286a6a5bdd1483fa,00315__salted__extended__cp00AD__single.81905f8867f52179286a6a5bdd1483fa,extended,00AD,single,,bills,bi­lls,,
00316.311d11f764c6e452b2f0208b53b94ea2,00316__salted__extended__cp200B__single.311d11f764c6e452b2f0208b53b94ea2,extended,200B,single,,,,"mortgage, earning, MASTERCARD","mo​rtgage, ea​rning, MA​STERCARD"
00316.311d11f764c6e452b2f0208b53b94ea2,00316__salted__extended__cp200C__single.311d11f764c6e452b2f0208b53b94ea2,extended,200C,single,,,,"mortgage, earning, MASTERCARD","mo‌rtgage, ea‌rning, MA‌STERCARD"
00316.311d11f764c6e452b2f0208b53b94ea2,00316__salted__extended__cp200D__single.311d11f764c6e452b2f0208b53b94ea2,extended,200D,single,,,,"mortgage, earning, MASTERCARD","mo‍rtgage, ea‍rning, MA‍STERCARD"
00316.311d11f764c6e452b2f0208b53b94ea2,00316__salted__extended__cp00AD__single.311d11f764c6e452b2f0208b53b94ea2,extended,00AD,single,,,,"mortgage, earning, MASTERCARD","mo­rtgage, ea­rning, MA­STERCARD"
00316.6127940652124130611907ee0c20ab5e,00316__salted__extended__cp200B__single.6127940652124130611907ee0c20ab5e,extended,200B,single,,,,"Click, Click, receive","Cl​ick, Cl​ick, re​ceive"
00316.6127940652124130611907ee0c20ab5e,00316__salted__extended__cp200C__single.6127940652124130611907ee0c20ab5e,extended,200C,single,,,,"Click, Click, receive","Cl‌ick, Cl‌ick, re‌ceive"
00316.6127940652124130611907ee0c20ab5e,00316__salted__extended__cp200D__single.6127940652124130611907ee0c20ab5e,extended,200D,single,,,,"Click, Click, receive","Cl‍ick, Cl‍ick, re‍ceive"
00316.6127940652124130611907ee0c20ab5e,00316__salted__extended__cp00AD__single.6127940652124130611907ee0c20ab5e,extended,00AD,single,,,,"Click, Click, receive","Cl­ick, Cl­ick, re­ceive"
00317.22fe43af6f4c707c4f1bdc56af959a8e,00317__salted__extended__cp200B__single.22fe43af6f4c707c4f1bdc56af959a8e,extended,200B,single,,Affiliate,Af​filiate,,
00317.22fe43af6f4c707c4f1bdc56af959a8e,00317__salted__extended__cp200C__single.22fe43af6f4c707c4f1bdc56af959a8e,extended,200C,single,,Affiliate,Af‌filiate,,
00317.22fe43af6f4c707c4f1bdc56af959a8e,00317__salted__extended__cp200D__single.22fe43af6f4c707c4f1bdc56af959a8e,extended,200D,single,,Affiliate,Af‍filiate,,
00317.22fe43af6f4c707c4f1bdc56af959a8e,00317__salted__extended__cp00AD__single.22fe43af6f4c707c4f1bdc56af959a8e,extended,00AD,single,,Affiliate,Af­filiate,,
00318.8487006b2a3599ba69edefe8b9cc98d5,00318__salted__extended__cp200B__single.8487006b2a3599ba69edefe8b9cc98d5,extended,200B,single,,GUARANTEED,GU​ARANTEED,"mortgage, loan, mortgage","mo​rtgage, lo​an, mo​rtgage"
00318.8487006b2a3599ba69edefe8b9cc98d5,00318__salted__extended__cp200C__single.8487006b2a3599ba69edefe8b9cc98d5,extended,200C,single,,GUARANTEED,GU‌ARANTEED,"mortgage, loan, mortgage","mo‌rtgage, lo‌an, mo‌rtgage"
00318.8487006b2a3599ba69edefe8b9cc98d5,00318__salted__extended__cp200D__single.8487006b2a3599ba69edefe8b9cc98d5,extended,200D,single,,GUARANTEED,GU‍ARANTEED,"mortgage, loan, mortgage","mo‍rtgage, lo‍an, mo‍rtgage"
00318.8487006b2a3599ba69edefe8b9cc98d5,00318__salted__extended__cp00AD__single.8487006b2a3599ba69edefe8b9cc98d5,extended,00AD,single,,GUARANTEED,GU­ARANTEED,"mortgage, loan, mortgage","mo­rtgage, lo­an, mo­rtgage"
00319.a99dff9c010e00ec182ed5701556d330,00319__salted__extended__cp200B__single.a99dff9c010e00ec182ed5701556d330,extended,200B,single,,,,dare,da​re
00319.a99dff9c010e00ec182ed5701556d330,00319__salted__extended__cp200C__single.a99dff9c010e00ec182ed5701556d330,extended,200C,single,,,,dare,da‌re
00319.a99dff9c010e00ec182ed5701556d330,00319__salted__extended__cp200D__single.a99dff9c010e00ec182ed5701556d330,extended,200D,single,,,,dare,da‍re
00319.a99dff9c010e00ec182ed5701556d330,00319__salted__extended__cp00AD__single.a99dff9c010e00ec182ed5701556d330,extended,00AD,single,,,,dare,da­re
00325.7e5ac4e91fba8111cce0e8dcc721912c,00325__salted__extended__cp200B__single.7e5ac4e91fba8111cce0e8dcc721912c,extended,200B,single,,Guaranteed,Gu​aranteed,"Annuity, Annuity, guaranteed","An​nuity, An​nuity, gu​aranteed"
00325.7e5ac4e91fba8111cce0e8dcc721912c,00325__salted__extended__cp200C__single.7e5ac4e91fba8111cce0e8dcc721912c,extended,200C,single,,Guaranteed,Gu‌aranteed,"Annuity, Annuity, guaranteed","An‌nuity, An‌nuity, gu‌aranteed"
00325.7e5ac4e91fba8111cce0e8dcc721912c,00325__salted__extended__cp200D__single.7e5ac4e91fba8111cce0e8dcc721912c,extended,200D,single,,Guaranteed,Gu‍aranteed,"Annuity, Annuity, guaranteed","An‍nuity, An‍nuity, gu‍aranteed"
00325.7e5ac4e91fba8111cce0e8dcc721912c,00325__salted__extended__cp00AD__single.7e5ac4e91fba8111cce0e8dcc721912c,extended,00AD,single,,Guaranteed,Gu­aranteed,"Annuity, Annuity, guaranteed","An­nuity, An­nuity, gu­aranteed"
00326.1e5d428b26e2e648a7560a38380cab1f,00326__salted__extended__cp200B__single.1e5d428b26e2e648a7560a38380cab1f,extended,200B,single,,HGH,HG​H,,
00326.1e5d428b26e2e648a7560a38380cab1f,00326__salted__extended__cp200C__single.1e5d428b26e2e648a7560a38380cab1f,extended,200C,single,,HGH,HG‌H,,
00326.1e5d428b26e2e648a7560a38380cab1f,00326__salted__extended__cp200D__single.1e5d428b26e2e648a7560a38380cab1f,extended,200D,single,,HGH,HG‍H,,
00326.1e5d428b26e2e648a7560a38380cab1f,00326__salted__extended__cp00AD__single.1e5d428b26e2e648a7560a38380cab1f,extended,00AD,single,,HGH,HG­H,,
00328.47ba83d868220761b2ff71ce39d91a37,00328__salted__extended__cp200B__single.47ba83d868220761b2ff71ce39d91a37,extended,200B,single,,Mortgage,Mo​rtgage,,
00328.47ba83d868220761b2ff71ce39d91a37,00328__salted__extended__cp200C__single.47ba83d868220761b2ff71ce39d91a37,extended,200C,single,,Mortgage,Mo‌rtgage,,
00328.47ba83d868220761b2ff71ce39d91a37,00328__salted__extended__cp200D__single.47ba83d868220761b2ff71ce39d91a37,extended,200D,single,,Mortgage,Mo‍rtgage,,
00328.47ba83d868220761b2ff71ce39d91a37,00328__salted__extended__cp00AD__single.47ba83d868220761b2ff71ce39d91a37,extended,00AD,single,,Mortgage,Mo­rtgage,,
00330.97460a01c80eb8ef3958118baf379c93,00330__salted__extended__cp200B__single.97460a01c80eb8ef3958118baf379c93,extended,200B,single,,affordable,af​fordable,"sir, madam, Sincerely","si​r, ma​dam, Si​ncerely"
00330.97460a01c80eb8ef3958118baf379c93,00330__salted__extended__cp200C__single.97460a01c80eb8ef3958118baf379c93,extended,200C,single,,affordable,af‌fordable,"sir, madam, Sincerely","si‌r, ma‌dam, Si‌ncerely"
00330.97460a01c80eb8ef3958118baf379c93,00330__salted__extended__cp200D__single.97460a01c80eb8ef3958118baf379c93,extended,200D,single,,affordable,af‍fordable,"sir, madam, Sincerely","si‍r, ma‍dam, Si‍ncerely"
00330.97460a01c80eb8ef3958118baf379c93,00330__salted__extended__cp00AD__single.97460a01c80eb8ef3958118baf379c93,extended,00AD,single,,affordable,af­fordable,"sir, madam, Sincerely","si­r, ma­dam, Si­ncerely"
00331.263b0f2df840360cb4b1ee9016c79d84,00331__salted__extended__cp200B__single.263b0f2df840360cb4b1ee9016c79d84,extended,200B,single,,,,"USD, USD, USD","US​D, US​D, US​D"
00331.263b0f2df840360cb4b1ee9016c79d84,00331__salted__extended__cp200C__single.263b0f2df840360cb4b1ee9016c79d84,extended,200C,single,,,,"USD, USD, USD","US‌D, US‌D, US‌D"
00331.263b0f2df840360cb4b1ee9016c79d84,00331__salted__extended__cp200D__single.263b0f2df840360cb4b1ee9016c79d84,extended,200D,single,,,,"USD, USD, USD","US‍D, US‍D, US‍D"
00331.263b0f2df840360cb4b1ee9016c79d84,00331__salted__extended__cp00AD__single.263b0f2df840360cb4b1ee9016c79d84,extended,00AD,single,,,,"USD, USD, USD","US­D, US­D, US­D"
00334.f487a87d551c524250c3eccbda6020da,00334__salted__extended__cp200B__single.f487a87d551c524250c3eccbda6020da,extended,200B,single,,,,"currency, currency, currency","cu​rrency, cu​rrency, cu​rrency"
00334.f487a87d551c524250c3eccbda6020da,00334__salted__extended__cp200C__single.f487a87d551c524250c3eccbda6020da,extended,200C,single,,,,"currency, currency, currency","cu‌rrency, cu‌rrency, cu‌rrency"
00334.f487a87d551c524250c3eccbda6020da,00334__salted__extended__cp200D__single.f487a87d551c524250c3eccbda6020da,extended,200D,single,,,,"currency, currency, currency","cu‍rrency, cu‍rrency, cu‍rrency"
00334.f487a87d551c524250c3eccbda6020da,00334__salted__extended__cp00AD__single.f487a87d551c524250c3eccbda6020da,extended,00AD,single,,,,"currency, currency, currency","cu­rrency, cu­rrency, cu­rrency"
00335.52db5097040b2b36c0d19047c5617621,00335__salted__extended__cp200B__single.52db5097040b2b36c0d19047c5617621,extended,200B,single,,,,"annuity, receive, insurance","an​nuity, re​ceive, in​surance"
00335.52db5097040b2b36c0d19047c5617621,00335__salted__extended__cp200C__single.52db5097040b2b36c0d19047c5617621,extended,200C,single,,,,"annuity, receive, insurance","an‌nuity, re‌ceive, in‌surance"
00335.52db5097040b2b36c0d19047c5617621,00335__salted__extended__cp200D__single.52db5097040b2b36c0d19047c5617621,extended,200D,single,,,,"annuity, receive, insurance","an‍nuity, re‍ceive, in‍surance"
00335.52db5097040b2b36c0d19047c5617621,00335__salted__extended__cp00AD__single.52db5097040b2b36c0d19047c5617621,extended,00AD,single,,,,"annuity, receive, insurance","an­nuity, re­ceive, in­surance"
00336.b937e6ad1deae309e248580a6fec85d8,00336__salted__extended__cp200B__single.b937e6ad1deae309e248580a6fec85d8,extended,200B,single,,,,mailings,ma​ilings
00336.b937e6ad1deae309e248580a6fec85d8,00336__salted__extended__cp200C__single.b937e6ad1deae309e248580a6fec85d8,extended,200C,single,,,,mailings,ma‌ilings
00336.b937e6ad1deae309e248580a6fec85d8,00336__salted__extended__cp200D__single.b937e6ad1deae309e248580a6fec85d8,extended,200D,single,,,,mailings,ma‍ilings
00336.b937e6ad1deae309e248580a6fec85d8,00336__salted__extended__cp00AD__single.b937e6ad1deae309e248580a6fec85d8,extended,00AD,single,,,,mailings,ma­ilings
00337.813498483bc80a24c002e6e7e8e0f2cb,00337__salted__extended__cp200B__single.813498483bc80a24c002e6e7e8e0f2cb,extended,200B,single,,,,"loan, qualified, mortgage","lo​an, qu​alified, mo​rtgage"
00337.813498483bc80a24c002e6e7e8e0f2cb,00337__salted__extended__cp200C__single.813498483bc80a24c002e6e7e8e0f2cb,extended,200C,single,,,,"loan, qualified, mortgage","lo‌an, qu‌alified, mo‌rtgage"
00337.813498483bc80a24c002e6e7e8e0f2cb,00337__salted__extended__cp200D__single.813498483bc80a24c002e6e7e8e0f2cb,extended,200D,single,,,,"loan, qualified, mortgage","lo‍an, qu‍alified, mo‍rtgage"
00337.813498483bc80a24c002e6e7e8e0f2cb,00337__salted__extended__cp00AD__single.813498483bc80a24c002e6e7e8e0f2cb,extended,00AD,single,,,,"loan, qualified, mortgage","lo­an, qu­alified, mo­rtgage"
00338.5f65cc2aed42a1472d2c279f925da35a,00338__salted__extended__cp200B__single.5f65cc2aed42a1472d2c279f925da35a,extended,200B,single,,bills,bi​lls,,
00338.5f65cc2aed42a1472d2c279f925da35a,00338__salted__extended__cp200C__single.5f65cc2aed42a1472d2c279f925da35a,extended,200C,single,,bills,bi‌lls,,
00338.5f65cc2aed42a1472d2c279f925da35a,00338__salted__extended__cp200D__single.5f65cc2aed42a1472d2c279f925da35a,extended,200D,single,,bills,bi‍lls,,
00338.5f65cc2aed42a1472d2c279f925da35a,00338__salted__extended__cp00AD__single.5f65cc2aed42a1472d2c279f925da35a,extended,00AD,single,,bills,bi­lls,,
00339.16bd110d8aa11e7d9398287c27b1b389,00339__salted__extended__cp200B__single.16bd110d8aa11e7d9398287c27b1b389,extended,200B,single,,SYSTEMWORKS,SY​STEMWORKS,"SystemWorks, compliance","Sy​stemWorks, co​mpliance"
00339.16bd110d8aa11e7d9398287c27b1b389,00339__salted__extended__cp200C__single.16bd110d8aa11e7d9398287c27b1b389,extended,200C,single,,SYSTEMWORKS,SY‌STEMWORKS,"SystemWorks, compliance","Sy‌stemWorks, co‌mpliance"
00339.16bd110d8aa11e7d9398287c27b1b389,00339__salted__extended__cp200D__single.16bd110d8aa11e7d9398287c27b1b389,extended,200D,single,,SYSTEMWORKS,SY‍STEMWORKS,"SystemWorks, compliance","Sy‍stemWorks, co‍mpliance"
00339.16bd110d8aa11e7d9398287c27b1b389,00339__salted__extended__cp00AD__single.16bd110d8aa11e7d9398287c27b1b389,extended,00AD,single,,SYSTEMWORKS,SY­STEMWORKS,"SystemWorks, compliance","Sy­stemWorks, co­mpliance"
00339.5982235f90972c2cf5ecaaf775dace46,00339__salted__extended__cp200B__single.5982235f90972c2cf5ecaaf775dace46,extended,200B,single,,,,"TOLL, billing","TO​LL, bi​lling"
00339.5982235f90972c2cf5ecaaf775dace46,00339__salted__extended__cp200C__single.5982235f90972c2cf5ecaaf775dace46,extended,200C,single,,,,"TOLL, billing","TO‌LL, bi‌lling"
00339.5982235f90972c2cf5ecaaf775dace46,00339__salted__extended__cp200D__single.5982235f90972c2cf5ecaaf775dace46,extended,200D,single,,,,"TOLL, billing","TO‍LL, bi‍lling"
00339.5982235f90972c2cf5ecaaf775dace46,00339__salted__extended__cp00AD__single.5982235f90972c2cf5ecaaf775dace46,extended,00AD,single,,,,"TOLL, billing","TO­LL, bi­lling"
00340.520783fd73bb73df88d6effd04e1f55d,00340__salted__extended__cp200B__single.520783fd73bb73df88d6effd04e1f55d,extended,200B,single,,,,"qualified, qualified, qualified","qu​alified, qu​alified, qu​alified"
00340.520783fd73bb73df88d6effd04e1f55d,00340__salted__extended__cp200C__single.520783fd73bb73df88d6effd04e1f55d,extended,200C,single,,,,"qualified, qualified, qualified","qu‌alified, qu‌alified, qu‌alified"
00340.520783fd73bb73df88d6effd04e1f55d,00340__salted__extended__cp200D__single.520783fd73bb73df88d6effd04e1f55d,extended,200D,single,,,,"qualified, qualified, qualified","qu‍alified, qu‍alified, qu‍alified"
00340.520783fd73bb73df88d6effd04e1f55d,00340__salted__extended__cp00AD__single.520783fd73bb73df88d6effd04e1f55d,extended,00AD,single,,,,"qualified, qualified, qualified","qu­alified, qu­alified, qu­alified"
00340.582105f82cc7d1d35e09aacc413853c1,00340__salted__extended__cp200B__single.582105f82cc7d1d35e09aacc413853c1,extended,200B,single,,,,"TOLL, billing","TO​LL, bi​lling"
00340.582105f82cc7d1d35e09aacc413853c1,00340__salted__extended__cp200C__single.582105f82cc7d1d35e09aacc413853c1,extended,200C,single,,,,"TOLL, billing","TO‌LL, bi‌lling"
00340.582105f82cc7d1d35e09aacc413853c1,00340__salted__extended__cp200D__single.582105f82cc7d1d35e09aacc413853c1,extended,200D,single,,,,"TOLL, billing","TO‍LL, bi‍lling"
00340.582105f82cc7d1d35e09aacc413853c1,00340__salted__extended__cp00AD__single.582105f82cc7d1d35e09aacc413853c1,extended,00AD,single,,,,"TOLL, billing","TO­LL, bi­lling"
00341.523b18faf8eb7b835457f2a0797e034f,00341__salted__extended__cp200B__single.523b18faf8eb7b835457f2a0797e034f,extended,200B,single,,,,"TOLL, billing","TO​LL, bi​lling"
00341.523b18faf8eb7b835457f2a0797e034f,00341__salted__extended__cp200C__single.523b18faf8eb7b835457f2a0797e034f,extended,200C,single,,,,"TOLL, billing","TO‌LL, bi‌lling"
00341.523b18faf8eb7b835457f2a0797e034f,00341__salted__extended__cp200D__single.523b18faf8eb7b835457f2a0797e034f,extended,200D,single,,,,"TOLL, billing","TO‍LL, bi‍lling"
00341.523b18faf8eb7b835457f2a0797e034f,00341__salted__extended__cp00AD__single.523b18faf8eb7b835457f2a0797e034f,extended,00AD,single,,,,"TOLL, billing","TO­LL, bi­lling"
00341.99b463b92346291f5848137f4a253966,00341__salted__extended__cp200B__single.99b463b92346291f5848137f4a253966,extended,200B,single,,,,"Sir, Madam, Sincerely","Si​r, Ma​dam, Si​ncerely"
00341.99b463b92346291f5848137f4a253966,00341__salted__extended__cp200C__single.99b463b92346291f5848137f4a253966,extended,200C,single,,,,"Sir, Madam, Sincerely","Si‌r, Ma‌dam, Si‌ncerely"
00341.99b463b92346291f5848137f4a253966,00341__salted__extended__cp200D__single.99b463b92346291f5848137f4a253966,extended,200D,single,,,,"Sir, Madam, Sincerely","Si‍r, Ma‍dam, Si‍ncerely"
00341.99b463b92346291f5848137f4a253966,00341__salted__extended__cp00AD__single.99b463b92346291f5848137f4a253966,extended,00AD,single,,,,"Sir, Madam, Sincerely","Si­r, Ma­dam, Si­ncerely"
00342.0dab365fab3be83284b08ac5783335da,00342__salted__extended__cp200B__single.0dab365fab3be83284b08ac5783335da,extended,200B,single,,,,"receive, Click","re​ceive, Cl​ick"
00342.0dab365fab3be83284b08ac5783335da,00342__salted__extended__cp200C__single.0dab365fab3be83284b08ac5783335da,extended,200C,single,,,,"receive, Click","re‌ceive, Cl‌ick"
00342.0dab365fab3be83284b08ac5783335da,00342__salted__extended__cp200D__single.0dab365fab3be83284b08ac5783335da,extended,200D,single,,,,"receive, Click","re‍ceive, Cl‍ick"
00342.0dab365fab3be83284b08ac5783335da,00342__salted__extended__cp00AD__single.0dab365fab3be83284b08ac5783335da,extended,00AD,single,,,,"receive, Click","re­ceive, Cl­ick"
00342.847c675d7a39e5e6ecce8387350790ae,00342__salted__extended__cp200B__single.847c675d7a39e5e6ecce8387350790ae,extended,200B,single,,,,"TOLL, billing","TO​LL, bi​lling"
00342.847c675d7a39e5e6ecce8387350790ae,00342__salted__extended__cp200C__single.847c675d7a39e5e6ecce8387350790ae,extended,200C,single,,,,"TOLL, billing","TO‌LL, bi‌lling"
00342.847c675d7a39e5e6ecce8387350790ae,00342__salted__extended__cp200D__single.847c675d7a39e5e6ecce8387350790ae,extended,200D,single,,,,"TOLL, billing","TO‍LL, bi‍lling"
00342.847c675d7a39e5e6ecce8387350790ae,00342__salted__extended__cp00AD__single.847c675d7a39e5e6ecce8387350790ae,extended,00AD,single,,,,"TOLL, billing","TO­LL, bi­lling"
00343.37d895b3a54847548875136ad6b0192d,00343__salted__extended__cp200B__single.37d895b3a54847548875136ad6b0192d,extended,200B,single,,zzzz,zz​zz,"cartridges, cartridges, CARTRIDGES","ca​rtridges, ca​rtridges, CA​RTRIDGES"
00343.37d895b3a54847548875136ad6b0192d,00343__salted__extended__cp200C__single.37d895b3a54847548875136ad6b0192d,extended,200C,single,,zzzz,zz‌zz,"cartridges, cartridges, CARTRIDGES","ca‌rtridges, ca‌rtridges, CA‌RTRIDGES"
00343.37d895b3a54847548875136ad6b0192d,00343__salted__extended__cp200D__single.37d895b3a54847548875136ad6b0192d,extended,200D,single,,zzzz,zz‍zz,"cartridges, cartridges, CARTRIDGES","ca‍rtridges, ca‍rtridges, CA‍RTRIDGES"
00343.37d895b3a54847548875136ad6b0192d,00343__salted__extended__cp00AD__single.37d895b3a54847548875136ad6b0192d,extended,00AD,single,,zzzz,zz­zz,"cartridges, cartridges, CARTRIDGES","ca­rtridges, ca­rtridges, CA­RTRIDGES"
00343.c84d94ad804925c271bb15b979e11dc7,00343__salted__extended__cp200B__single.c84d94ad804925c271bb15b979e11dc7,extended,200B,single,,,,"TOLL, billing","TO​LL, bi​lling"
00343.c84d94ad804925c271bb15b979e11dc7,00343__salted__extended__cp200C__single.c84d94ad804925c271bb15b979e11dc7,extended,200C,single,,,,"TOLL, billing","TO‌LL, bi‌lling"
00343.c84d94ad804925c271bb15b979e11dc7,00343__salted__extended__cp200D__single.c84d94ad804925c271bb15b979e11dc7,extended,200D,single,,,,"TOLL, billing","TO‍LL, bi‍lling"
00343.c84d94ad804925c271bb15b979e11dc7,00343__salted__extended__cp00AD__single.c84d94ad804925c271bb15b979e11dc7,extended,00AD,single,,,,"TOLL, billing","TO­LL, bi­lling"
00344.17882edad13c2c761e6d8d99eef5a346,00344__salted__extended__cp200B__single.17882edad13c2c761e6d8d99eef5a346,extended,200B,single,,,,"Click, receive, zzzz","Cl​ick, re​ceive, zz​zz"
00344.17882edad13c2c761e6d8d99eef5a346,00344__salted__extended__cp200C__single.17882edad13c2c761e6d8d99eef5a346,extended,200C,single,,,,"Click, receive, zzzz","Cl‌ick, re‌ceive, zz‌zz"
00344.17882edad13c2c761e6d8d99eef5a346,00344__salted__extended__cp200D__single.17882edad13c2c761e6d8d99eef5a346,extended,200D,single,,,,"Click, receive, zzzz","Cl‍ick, re‍ceive, zz‍zz"
00344.17882edad13c2c761e6d8d99eef5a346,00344__salted__extended__cp00AD__single.17882edad13c2c761e6d8d99eef5a346,extended,00AD,single,,,,"Click, receive, zzzz","Cl­ick, re­ceive, zz­zz"
00344.e6463530b23a12554d2e6f0e08ae10a7,00344__salted__extended__cp200B__single.e6463530b23a12554d2e6f0e08ae10a7,extended,200B,single,,,,"TOLL, billing","TO​LL, bi​lling"
00344.e6463530b23a12554d2e6f0e08ae10a7,00344__salted__extended__cp200C__single.e6463530b23a12554d2e6f0e08ae10a7,extended,200C,single,,,,"TOLL, billing","TO‌LL, bi‌lling"
00344.e6463530b23a12554d2e6f0e08ae10a7,00344__salted__extended__cp200D__single.e6463530b23a12554d2e6f0e08ae10a7,extended,200D,single,,,,"TOLL, billing","TO‍LL, bi‍lling"
00344.e6463530b23a12554d2e6f0e08ae10a7,00344__salted__extended__cp00AD__single.e6463530b23a12554d2e6f0e08ae10a7,extended,00AD,single,,,,"TOLL, billing","TO­LL, bi­lling"
00345.613b3c2aeac033eebb379c91b8ce9fba,00345__salted__extended__cp200B__single.613b3c2aeac033eebb379c91b8ce9fba,extended,200B,single,,Monthly,Mo​nthly,,
00345.613b3c2aeac033eebb379c91b8ce9fba,00345__salted__extended__cp200C__single.613b3c2aeac033eebb379c91b8ce9fba,extended,200C,single,,Monthly,Mo‌nthly,,
00345.613b3c2aeac033eebb379c91b8ce9fba,00345__salted__extended__cp200D__single.613b3c2aeac033eebb379c91b8ce9fba,extended,200D,single,,Monthly,Mo‍nthly,,
00345.613b3c2aeac033eebb379c91b8ce9fba,00345__salted__extended__cp00AD__single.613b3c2aeac033eebb379c91b8ce9fba,extended,00AD,single,,Monthly,Mo­nthly,,
00346.1ae83883f566cdf6ff18958a33a215b3,00346__salted__extended__cp200B__single.1ae83883f566cdf6ff18958a33a215b3,extended,200B,single,,ASSISTANCE,AS​SISTANCE,"Sir, Madam, ASSISTANCE","Si​r, Ma​dam, AS​SISTANCE"
00346.1ae83883f566cdf6ff18958a33a215b3,00346__salted__extended__cp200C__single.1ae83883f566cdf6ff18958a33a215b3,extended,200C,single,,ASSISTANCE,AS‌SISTANCE,"Sir, Madam, ASSISTANCE","Si‌r, Ma‌dam, AS‌SISTANCE"
00346.1ae83883f566cdf6ff18958a33a215b3,00346__salted__extended__cp200D__single.1ae83883f566cdf6ff18958a33a215b3,extended,200D,single,,ASSISTANCE,AS‍SISTANCE,"Sir, Madam, ASSISTANCE","Si‍r, Ma‍dam, AS‍SISTANCE"
00346.1ae83883f566cdf6ff18958a33a215b3,00346__salted__extended__cp00AD__single.1ae83883f566cdf6ff18958a33a215b3,extended,00AD,single,,ASSISTANCE,AS­SISTANCE,"Sir, Madam, ASSISTANCE","Si­r, Ma­dam, AS­SISTANCE"
00346.d93a823fb3350a5da8f0c612ce1156cd,00346__salted__extended__cp200B__single.d93a823fb3350a5da8f0c612ce1156cd,extended,200B,single,,,,"Sir, deposit, USD","Si​r, de​posit, US​D"
00346.d93a823fb3350a5da8f0c612ce1156cd,00346__salted__extended__cp200C__single.d93a823fb3350a5da8f0c612ce1156cd,extended,200C,single,,,,"Sir, deposit, USD","Si‌r, de‌posit, US‌D"
00346.d93a823fb3350a5da8f0c612ce1156cd,00346__salted__extended__cp200D__single.d93a823fb3350a5da8f0c612ce1156cd,extended,200D,single,,,,"Sir, deposit, USD","Si‍r, de‍posit, US‍D"
00346.d93a823fb3350a5da8f0c612ce1156cd,00346__salted__extended__cp00AD__single.d93a823fb3350a5da8f0c612ce1156cd,extended,00AD,single,,,,"Sir, deposit, USD","Si­r, de­posit, US­D"
00347.0958e79c14164f0f902d863f41156c0b,00347__salted__extended__cp200B__single.0958e79c14164f0f902d863f41156c0b,extended,200B,single,,,,"mortgage, loan, fees","mo​rtgage, lo​an, fe​es"
00347.0958e79c14164f0f902d863f41156c0b,00347__salted__extended__cp200C__single.0958e79c14164f0f902d863f41156c0b,extended,200C,single,,,,"mortgage, loan, fees","mo‌rtgage, lo‌an, fe‌es"
00347.0958e79c14164f0f902d863f41156c0b,00347__salted__extended__cp200D__single.0958e79c14164f0f902d863f41156c0b,extended,200D,single,,,,"mortgage, loan, fees","mo‍rtgage, lo‍an, fe‍es"
00347.0958e79c14164f0f902d863f41156c0b,00347__salted__extended__cp00AD__single.0958e79c14164f0f902d863f41156c0b,extended,00AD,single,,,,"mortgage, loan, fees","mo­rtgage, lo­an, fe­es"
00347.fd43a734c2e77abee0ca8c508afce993,00347__salted__extended__cp200B__single.fd43a734c2e77abee0ca8c508afce993,extended,200B,single,,MORTGAGE,MO​RTGAGE,,
00347.fd43a734c2e77abee0ca8c508afce993,00347__salted__extended__cp200C__single.fd43a734c2e77abee0ca8c508afce993,extended,200C,single,,MORTGAGE,MO‌RTGAGE,,
00347.fd43a734c2e77abee0ca8c508afce993,00347__salted__extended__cp200D__single.fd43a734c2e77abee0ca8c508afce993,extended,200D,single,,MORTGAGE,MO‍RTGAGE,,
00347.fd43a734c2e77abee0ca8c508afce993,00347__salted__extended__cp00AD__single.fd43a734c2e77abee0ca8c508afce993,extended,00AD,single,,MORTGAGE,MO­RTGAGE,,
00348.eca7fae585d64d16cbb1f6f512d0c761,00348__salted__extended__cp200B__single.eca7fae585d64d16cbb1f6f512d0c761,extended,200B,single,,,,excite,ex​cite
00348.eca7fae585d64d16cbb1f6f512d0c761,00348__salted__extended__cp200C__single.eca7fae585d64d16cbb1f6f512d0c761,extended,200C,single,,,,excite,ex‌cite
00348.eca7fae585d64d16cbb1f6f512d0c761,00348__salted__extended__cp200D__single.eca7fae585d64d16cbb1f6f512d0c761,extended,200D,single,,,,excite,ex‍cite
00348.eca7fae585d64d16cbb1f6f512d0c761,00348__salted__extended__cp00AD__single.eca7fae585d64d16cbb1f6f512d0c761,extended,00AD,single,,,,excite,ex­cite
00349.742d50a3bcbd3a3a60a0bd42cc2b97be,00349__salted__extended__cp200B__single.742d50a3bcbd3a3a60a0bd42cc2b97be,extended,200B,single,,Earn,Ea​rn,"commissions, Qualified, compliance","co​mmissions, Qu​alified, co​mpliance"
00349.742d50a3bcbd3a3a60a0bd42cc2b97be,00349__salted__extended__cp200C__single.742d50a3bcbd3a3a60a0bd42cc2b97be,extended,200C,single,,Earn,Ea‌rn,"commissions, Qualified, compliance","co‌mmissions, Qu‌alified, co‌mpliance"
00349.742d50a3bcbd3a3a60a0bd42cc2b97be,00349__salted__extended__cp200D__single.742d50a3bcbd3a3a60a0bd42cc2b97be,extended,200D,single,,Earn,Ea‍rn,"commissions, Qualified, compliance","co‍mmissions, Qu‍alified, co‍mpliance"
00349.742d50a3bcbd3a3a60a0bd42cc2b97be,00349__salted__extended__cp00AD__single.742d50a3bcbd3a3a60a0bd42cc2b97be,extended,00AD,single,,Earn,Ea­rn,"commissions, Qualified, compliance","co­mmissions, Qu­alified, co­mpliance"
00349.dd7982f40576ff4897c18efc813e38bf,00349__salted__extended__cp200B__single.dd7982f40576ff4897c18efc813e38bf,extended,200B,single,,,,"commissions, btamail, receive","co​mmissions, bt​amail, re​ceive"
00349.dd7982f40576ff4897c18efc813e38bf,00349__salted__extended__cp200C__single.dd7982f40576ff4897c18efc813e38bf,extended,200C,single,,,,"commissions, btamail, receive","co‌mmissions, bt‌amail, re‌ceive"
00349.dd7982f40576ff4897c18efc813e38bf,00349__salted__extended__cp200D__single.dd7982f40576ff4897c18efc813e38bf,extended,200D,single,,,,"commissions, btamail, receive","co‍mmissions, bt‍amail, re‍ceive"
00349.dd7982f40576ff4897c18efc813e38bf,00349__salted__extended__cp00AD__single.dd7982f40576ff4897c18efc813e38bf,extended,00AD,single,,,,"commissions, btamail, receive","co­mmissions, bt­amail, re­ceive"
00350.7a772c64c6a4131bcff6e19336b28b77,00350__salted__extended__cp200B__single.7a772c64c6a4131bcff6e19336b28b77,extended,200B,single,,Loan,Lo​an,,
00350.7a772c64c6a4131bcff6e19336b28b77,00350__salted__extended__cp200C__single.7a772c64c6a4131bcff6e19336b28b77,extended,200C,single,,Loan,Lo‌an,,
00350.7a772c64c6a4131bcff6e19336b28b77,00350__salted__extended__cp200D__single.7a772c64c6a4131bcff6e19336b28b77,extended,200D,single,,Loan,Lo‍an,,
00350.7a772c64c6a4131bcff6e19336b28b77,00350__salted__extended__cp00AD__single.7a772c64c6a4131bcff6e19336b28b77,extended,00AD,single,,Loan,Lo­an,,
00351.44bc5f6d0afcb67a469191ef2a38fea7,00351__salted__extended__cp200B__single.44bc5f6d0afcb67a469191ef2a38fea7,extended,200B,single,,Annuity,An​nuity,"Annuity, Annuity, Guaranteed","An​nuity, An​nuity, Gu​aranteed"
00351.44bc5f6d0afcb67a469191ef2a38fea7,00351__salted__extended__cp200C__single.44bc5f6d0afcb67a469191ef2a38fea7,extended,200C,single,,Annuity,An‌nuity,"Annuity, Annuity, Guaranteed","An‌nuity, An‌nuity, Gu‌aranteed"
00351.44bc5f6d0afcb67a469191ef2a38fea7,00351__salted__extended__cp200D__single.44bc5f6d0afcb67a469191ef2a38fea7,extended,200D,single,,Annuity,An‍nuity,"Annuity, Annuity, Guaranteed","An‍nuity, An‍nuity, Gu‍aranteed"
00351.44bc5f6d0afcb67a469191ef2a38fea7,00351__salted__extended__cp00AD__single.44bc5f6d0afcb67a469191ef2a38fea7,extended,00AD,single,,Annuity,An­nuity,"Annuity, Annuity, Guaranteed","An­nuity, An­nuity, Gu­aranteed"
00351.fd1b8a6cd42e81125fb38c2660cd9317,00351__salted__extended__cp200B__single.fd1b8a6cd42e81125fb38c2660cd9317,extended,200B,single,,SYSTEMWORKS,SY​STEMWORKS,,
00351.fd1b8a6cd42e81125fb38c2660cd9317,00351__salted__extended__cp200C__single.fd1b8a6cd42e81125fb38c2660cd9317,extended,200C,single,,SYSTEMWORKS,SY‌STEMWORKS,,
00351.fd1b8a6cd42e81125fb38c2660cd9317,00351__salted__extended__cp200D__single.fd1b8a6cd42e81125fb38c2660cd9317,extended,200D,single,,SYSTEMWORKS,SY‍STEMWORKS,,
00351.fd1b8a6cd42e81125fb38c2660cd9317,00351__salted__extended__cp00AD__single.fd1b8a6cd42e81125fb38c2660cd9317,extended,00AD,single,,SYSTEMWORKS,SY­STEMWORKS,,
00352.19a8ba03f566612e0b9e124609d9dbd0,00352__salted__extended__cp200B__single.19a8ba03f566612e0b9e124609d9dbd0,extended,200B,single,,,,"Insurance, insurance, Premium","In​surance, in​surance, Pr​emium"
00352.19a8ba03f566612e0b9e124609d9dbd0,00352__salted__extended__cp200C__single.19a8ba03f566612e0b9e124609d9dbd0,extended,200C,single,,,,"Insurance, insurance, Premium","In‌surance, in‌surance, Pr‌emium"
00352.19a8ba03f566612e0b9e124609d9dbd0,00352__salted__extended__cp200D__single.19a8ba03f566612e0b9e124609d9dbd0,extended,200D,single,,,,"Insurance, insurance, Premium","In‍surance, in‍surance, Pr‍emium"
00352.19a8ba03f566612e0b9e124609d9dbd0,00352__salted__extended__cp00AD__single.19a8ba03f566612e0b9e124609d9dbd0,extended,00AD,single,,,,"Insurance, insurance, Premium","In­surance, in­surance, Pr­emium"
00354.c1b5e9322256bc530d08aa0c232abcef,00354__salted__extended__cp200B__single.c1b5e9322256bc530d08aa0c232abcef,extended,200B,single,,,,"receive, receive","re​ceive, re​ceive"
00354.c1b5e9322256bc530d08aa0c232abcef,00354__salted__extended__cp200C__single.c1b5e9322256bc530d08aa0c232abcef,extended,200C,single,,,,"receive, receive","re‌ceive, re‌ceive"
00354.c1b5e9322256bc530d08aa0c232abcef,00354__salted__extended__cp200D__single.c1b5e9322256bc530d08aa0c232abcef,extended,200D,single,,,,"receive, receive","re‍ceive, re‍ceive"
00354.c1b5e9322256bc530d08aa0c232abcef,00354__salted__extended__cp00AD__single.c1b5e9322256bc530d08aa0c232abcef,extended,00AD,single,,,,"receive, receive","re­ceive, re­ceive"
00354.dca4b8984863a76ffd01a33888498288,00354__salted__extended__cp200B__single.dca4b8984863a76ffd01a33888498288,extended,200B,single,,zzzz,zz​zz,"zzzz, zzzz, Click","zz​zz, zz​zz, Cl​ick"
00354.dca4b8984863a76ffd01a33888498288,00354__salted__extended__cp200C__single.dca4b8984863a76ffd01a33888498288,extended,200C,single,,zzzz,zz‌zz,"zzzz, zzzz, Click","zz‌zz, zz‌zz, Cl‌ick"
00354.dca4b8984863a76ffd01a33888498288,00354__salted__extended__cp200D__single.dca4b8984863a76ffd01a33888498288,extended,200D,single,,zzzz,zz‍zz,"zzzz, zzzz, Click","zz‍zz, zz‍zz, Cl‍ick"
00354.dca4b8984863a76ffd01a33888498288,00354__salted__extended__cp00AD__single.dca4b8984863a76ffd01a33888498288,extended,00AD,single,,zzzz,zz­zz,"zzzz, zzzz, Click","zz­zz, zz­zz, Cl­ick"
00355.ada725cd0b7f67b279b6d616045d7e84,00355__salted__extended__cp200B__single.ada725cd0b7f67b279b6d616045d7e84,extended,200B,single,,,,"TOLL, billing","TO​LL, bi​lling"
00355.ada725cd0b7f67b279b6d616045d7e84,00355__salted__extended__cp200C__single.ada725cd0b7f67b279b6d616045d7e84,extended,200C,single,,,,"TOLL, billing","TO‌LL, bi‌lling"
00355.ada725cd0b7f67b279b6d616045d7e84,00355__salted__extended__cp200D__single.ada725cd0b7f67b279b6d616045d7e84,extended,200D,single,,,,"TOLL, billing","TO‍LL, bi‍lling"
00355.ada725cd0b7f67b279b6d616045d7e84,00355__salted__extended__cp00AD__single.ada725cd0b7f67b279b6d616045d7e84,extended,00AD,single,,,,"TOLL, billing","TO­LL, bi­lling"
00355.e10c2eba9316a09e612e6675ce339d5e,00355__salted__extended__cp200B__single.e10c2eba9316a09e612e6675ce339d5e,extended,200B,single,,HGH,HG​H,,
00355.e10c2eba9316a09e612e6675ce339d5e,00355__salted__extended__cp200C__single.e10c2eba9316a09e612e6675ce339d5e,extended,200C,single,,HGH,HG‌H,,
00355.e10c2eba9316a09e612e6675ce339d5e,00355__salted__extended__cp200D__single.e10c2eba9316a09e612e6675ce339d5e,extended,200D,single,,HGH,HG‍H,,
00355.e10c2eba9316a09e612e6675ce339d5e,00355__salted__extended__cp00AD__single.e10c2eba9316a09e612e6675ce339d5e,extended,00AD,single,,HGH,HG­H,,
00356.6420c49ea8ad1c5e4120606f97b60e1e,00356__salted__extended__cp200B__single.6420c49ea8ad1c5e4120606f97b60e1e,extended,200B,single,,,,"Aging, NBC, NBC","Ag​ing, NB​C, NB​C"
00356.6420c49ea8ad1c5e4120606f97b60e1e,00356__salted__extended__cp200C__single.6420c49ea8ad1c5e4120606f97b60e1e,extended,200C,single,,,,"Aging, NBC, NBC","Ag‌ing, NB‌C, NB‌C"
00356.6420c49ea8ad1c5e4120606f97b60e1e,00356__salted__extended__cp200D__single.6420c49ea8ad1c5e4120606f97b60e1e,extended,200D,single,,,,"Aging, NBC, NBC","Ag‍ing, NB‍C, NB‍C"
00356.6420c49ea8ad1c5e4120606f97b60e1e,00356__salted__extended__cp00AD__single.6420c49ea8ad1c5e4120606f97b60e1e,extended,00AD,single,,,,"Aging, NBC, NBC","Ag­ing, NB­C, NB­C"
00356.ea7eb32330fa6bf65270023c0d99e2c5,00356__salted__extended__cp200B__single.ea7eb32330fa6bf65270023c0d99e2c5,extended,200B,single,,,,"SystemWorks, CLICK, TOLL","Sy​stemWorks, CL​ICK, TO​LL"
00356.ea7eb32330fa6bf65270023c0d99e2c5,00356__salted__extended__cp200C__single.ea7eb32330fa6bf65270023c0d99e2c5,extended,200C,single,,,,"SystemWorks, CLICK, TOLL","Sy‌stemWorks, CL‌ICK, TO‌LL"
00356.ea7eb32330fa6bf65270023c0d99e2c5,00356__salted__extended__cp200D__single.ea7eb32330fa6bf65270023c0d99e2c5,extended,200D,single,,,,"SystemWorks, CLICK, TOLL","Sy‍stemWorks, CL‍ICK, TO‍LL"
00356.ea7eb32330fa6bf65270023c0d99e2c5,00356__salted__extended__cp00AD__single.ea7eb32330fa6bf65270023c0d99e2c5,extended,00AD,single,,,,"SystemWorks, CLICK, TOLL","Sy­stemWorks, CL­ICK, TO­LL"
00358.2cf55d91739f3530d1f4bc8bc9bc0b12,00358__salted__extended__cp200B__single.2cf55d91739f3530d1f4bc8bc9bc0b12,extended,200B,single,,,,"Promotion, Deposit, click","Pr​omotion, De​posit, cl​ick"
00358.2cf55d91739f3530d1f4bc8bc9bc0b12,00358__salted__extended__cp200C__single.2cf55d91739f3530d1f4bc8bc9bc0b12,extended,200C,single,,,,"Promotion, Deposit, click","Pr‌omotion, De‌posit, cl‌ick"
00358.2cf55d91739f3530d1f4bc8bc9bc0b12,00358__salted__extended__cp200D__single.2cf55d91739f3530d1f4bc8bc9bc0b12,extended,200D,single,,,,"Promotion, Deposit, click","Pr‍omotion, De‍posit, cl‍ick"
00358.2cf55d91739f3530d1f4bc8bc9bc0b12,00358__salted__extended__cp00AD__single.2cf55d91739f3530d1f4bc8bc9bc0b12,extended,00AD,single,,,,"Promotion, Deposit, click","Pr­omotion, De­posit, cl­ick"
00359.4ab70de20a198b736ed01940c9745384,00359__salted__extended__cp200B__single.4ab70de20a198b736ed01940c9745384,extended,200B,single,,,,"LAGOS, ATTN, Nigeria","LA​GOS, AT​TN, Ni​geria"
00359.4ab70de20a198b736ed01940c9745384,00359__salted__extended__cp200C__single.4ab70de20a198b736ed01940c9745384,extended,200C,single,,,,"LAGOS, ATTN, Nigeria","LA‌GOS, AT‌TN, Ni‌geria"
00359.4ab70de20a198b736ed01940c9745384,00359__salted__extended__cp200D__single.4ab70de20a198b736ed01940c9745384,extended,200D,single,,,,"LAGOS, ATTN, Nigeria","LA‍GOS, AT‍TN, Ni‍geria"
00359.4ab70de20a198b736ed01940c9745384,00359__salted__extended__cp00AD__single.4ab70de20a198b736ed01940c9745384,extended,00AD,single,,,,"LAGOS, ATTN, Nigeria","LA­GOS, AT­TN, Ni­geria"
00359.90bec90ebeaf05f024f48594e7d7b0d5,00359__salted__extended__cp200B__single.90bec90ebeaf05f024f48594e7d7b0d5,extended,200B,single,,,,"SIR, confidentiality, Nigeria","SI​R, co​nfidentiality, Ni​geria"
00359.90bec90ebeaf05f024f48594e7d7b0d5,00359__salted__extended__cp200C__single.90bec90ebeaf05f024f48594e7d7b0d5,extended,200C,single,,,,"SIR, confidentiality, Nigeria","SI‌R, co‌nfidentiality, Ni‌geria"
00359.90bec90ebeaf05f024f48594e7d7b0d5,00359__salted__extended__cp200D__single.90bec90ebeaf05f024f48594e7d7b0d5,extended,200D,single,,,,"SIR, confidentiality, Nigeria","SI‍R, co‍nfidentiality, Ni‍geria"
00359.90bec90ebeaf05f024f48594e7d7b0d5,00359__salted__extended__cp00AD__single.90bec90ebeaf05f024f48594e7d7b0d5,extended,00AD,single,,,,"SIR, confidentiality, Nigeria","SI­R, co­nfidentiality, Ni­geria"
00361.e91ac048b0ede961d3f51009eee1c620,00361__salted__extended__cp200B__single.e91ac048b0ede961d3f51009eee1c620,extended,200B,single,,,,"LAGOS, ATTN, Nigeria","LA​GOS, AT​TN, Ni​geria"
00361.e91ac048b0ede961d3f51009eee1c620,00361__salted__extended__cp200C__single.e91ac048b0ede961d3f51009eee1c620,extended,200C,single,,,,"LAGOS, ATTN, Nigeria","LA‌GOS, AT‌TN, Ni‌geria"
00361.e91ac048b0ede961d3f51009eee1c620,00361__salted__extended__cp200D__single.e91ac048b0ede961d3f51009eee1c620,extended,200D,single,,,,"LAGOS, ATTN, Nigeria","LA‍GOS, AT‍TN, Ni‍geria"
00361.e91ac048b0ede961d3f51009eee1c620,00361__salted__extended__cp00AD__single.e91ac048b0ede961d3f51009eee1c620,extended,00AD,single,,,,"LAGOS, ATTN, Nigeria","LA­GOS, AT­TN, Ni­geria"
00362.be7a346be8746732d4dc27bc549d7441,00362__salted__extended__cp200B__single.be7a346be8746732d4dc27bc549d7441,extended,200B,single,,,,"ATTN, Sincerely, confidentiality","AT​TN, Si​ncerely, co​nfidentiality"
00362.be7a346be8746732d4dc27bc549d7441,00362__salted__extended__cp200C__single.be7a346be8746732d4dc27bc549d7441,extended,200C,single,,,,"ATTN, Sincerely, confidentiality","AT‌TN, Si‌ncerely, co‌nfidentiality"
00362.be7a346be8746732d4dc27bc549d7441,00362__salted__extended__cp200D__single.be7a346be8746732d4dc27bc549d7441,extended,200D,single,,,,"ATTN, Sincerely, confidentiality","AT‍TN, Si‍ncerely, co‍nfidentiality"
00362.be7a346be8746732d4dc27bc549d7441,00362__salted__extended__cp00AD__single.be7a346be8746732d4dc27bc549d7441,extended,00AD,single,,,,"ATTN, Sincerely, confidentiality","AT­TN, Si­ncerely, co­nfidentiality"
00363.e6935b8f87c5984a5c6f6656afa1afb4,00363__salted__extended__cp200B__single.e6935b8f87c5984a5c6f6656afa1afb4,extended,200B,single,,,,"ATTAINED, profitable, testimonials","AT​TAINED, pr​ofitable, te​stimonials"
00363.e6935b8f87c5984a5c6f6656afa1afb4,00363__salted__extended__cp200C__single.e6935b8f87c5984a5c6f6656afa1afb4,extended,200C,single,,,,"ATTAINED, profitable, testimonials","AT‌TAINED, pr‌ofitable, te‌stimonials"
00363.e6935b8f87c5984a5c6f6656afa1afb4,00363__salted__extended__cp200D__single.e6935b8f87c5984a5c6f6656afa1afb4,extended,200D,single,,,,"ATTAINED, profitable, testimonials","AT‍TAINED, pr‍ofitable, te‍stimonials"
00363.e6935b8f87c5984a5c6f6656afa1afb4,00363__salted__extended__cp00AD__single.e6935b8f87c5984a5c6f6656afa1afb4,extended,00AD,single,,,,"ATTAINED, profitable, testimonials","AT­TAINED, pr­ofitable, te­stimonials"
00365.b95733057a51e3571746739a620c0e14,00365__salted__extended__cp200B__single.b95733057a51e3571746739a620c0e14,extended,200B,single,,,,"Guaranteed, herbal","Gu​aranteed, he​rbal"
00365.b95733057a51e3571746739a620c0e14,00365__salted__extended__cp200C__single.b95733057a51e3571746739a620c0e14,extended,200C,single,,,,"Guaranteed, herbal","Gu‌aranteed, he‌rbal"
00365.b95733057a51e3571746739a620c0e14,00365__salted__extended__cp200D__single.b95733057a51e3571746739a620c0e14,extended,200D,single,,,,"Guaranteed, herbal","Gu‍aranteed, he‍rbal"
00365.b95733057a51e3571746739a620c0e14,00365__salted__extended__cp00AD__single.b95733057a51e3571746739a620c0e14,extended,00AD,single,,,,"Guaranteed, herbal","Gu­aranteed, he­rbal"
00365.da6795d02b44e4d5e168d62718f3e7c9,00365__salted__extended__cp200B__single.da6795d02b44e4d5e168d62718f3e7c9,extended,200B,single,,,,"Click, receive, zzzz","Cl​ick, re​ceive, zz​zz"
00365.da6795d02b44e4d5e168d62718f3e7c9,00365__salted__extended__cp200C__single.da6795d02b44e4d5e168d62718f3e7c9,extended,200C,single,,,,"Click, receive, zzzz","Cl‌ick, re‌ceive, zz‌zz"
00365.da6795d02b44e4d5e168d62718f3e7c9,00365__salted__extended__cp200D__single.da6795d02b44e4d5e168d62718f3e7c9,extended,200D,single,,,,"Click, receive, zzzz","Cl‍ick, re‍ceive, zz‍zz"
00365.da6795d02b44e4d5e168d62718f3e7c9,00365__salted__extended__cp00AD__single.da6795d02b44e4d5e168d62718f3e7c9,extended,00AD,single,,,,"Click, receive, zzzz","Cl­ick, re­ceive, zz­zz"
00366.d0ae92900c398d9adf1dd68d35350a21,00366__salted__extended__cp200B__single.d0ae92900c398d9adf1dd68d35350a21,extended,200B,single,,Mortgage,Mo​rtgage,,
00366.d0ae92900c398d9adf1dd68d35350a21,00366__salted__extended__cp200C__single.d0ae92900c398d9adf1dd68d35350a21,extended,200C,single,,Mortgage,Mo‌rtgage,,
00366.d0ae92900c398d9adf1dd68d35350a21,00366__salted__extended__cp200D__single.d0ae92900c398d9adf1dd68d35350a21,extended,200D,single,,Mortgage,Mo‍rtgage,,
00366.d0ae92900c398d9adf1dd68d35350a21,00366__salted__extended__cp00AD__single.d0ae92900c398d9adf1dd68d35350a21,extended,00AD,single,,Mortgage,Mo­rtgage,,
00366.f0bfcc3c84da11ae1154c6c593362f69,00366__salted__extended__cp200B__single.f0bfcc3c84da11ae1154c6c593362f69,extended,200B,single,,,,"receive, mailings, communication","re​ceive, ma​ilings, co​mmunication"
00366.f0bfcc3c84da11ae1154c6c593362f69,00366__salted__extended__cp200C__single.f0bfcc3c84da11ae1154c6c593362f69,extended,200C,single,,,,"receive, mailings, communication","re‌ceive, ma‌ilings, co‌mmunication"
00366.f0bfcc3c84da11ae1154c6c593362f69,00366__salted__extended__cp200D__single.f0bfcc3c84da11ae1154c6c593362f69,extended,200D,single,,,,"receive, mailings, communication","re‍ceive, ma‍ilings, co‍mmunication"
00366.f0bfcc3c84da11ae1154c6c593362f69,00366__salted__extended__cp00AD__single.f0bfcc3c84da11ae1154c6c593362f69,extended,00AD,single,,,,"receive, mailings, communication","re­ceive, ma­ilings, co­mmunication"
00367.61bd750eb4ea17d10cc4aaeef1885fcf,00367__salted__extended__cp200B__single.61bd750eb4ea17d10cc4aaeef1885fcf,extended,200B,single,,,,"currency, currency, currency","cu​rrency, cu​rrency, cu​rrency"
00367.61bd750eb4ea17d10cc4aaeef1885fcf,00367__salted__extended__cp200C__single.61bd750eb4ea17d10cc4aaeef1885fcf,extended,200C,single,,,,"currency, currency, currency","cu‌rrency, cu‌rrency, cu‌rrency"
00367.61bd750eb4ea17d10cc4aaeef1885fcf,00367__salted__extended__cp200D__single.61bd750eb4ea17d10cc4aaeef1885fcf,extended,200D,single,,,,"currency, currency, currency","cu‍rrency, cu‍rrency, cu‍rrency"
00367.61bd750eb4ea17d10cc4aaeef1885fcf,00367__salted__extended__cp00AD__single.61bd750eb4ea17d10cc4aaeef1885fcf,extended,00AD,single,,,,"currency, currency, currency","cu­rrency, cu­rrency, cu­rrency"
00367.9688cdee9dfe720c297672c8f60d998f,00367__salted__extended__cp200B__single.9688cdee9dfe720c297672c8f60d998f,extended,200B,single,,,,"SystemWorks, CLICK, TOLL","Sy​stemWorks, CL​ICK, TO​LL"
00367.9688cdee9dfe720c297672c8f60d998f,00367__salted__extended__cp200C__single.9688cdee9dfe720c297672c8f60d998f,extended,200C,single,,,,"SystemWorks, CLICK, TOLL","Sy‌stemWorks, CL‌ICK, TO‌LL"
00367.9688cdee9dfe720c297672c8f60d998f,00367__salted__extended__cp200D__single.9688cdee9dfe720c297672c8f60d998f,extended,200D,single,,,,"SystemWorks, CLICK, TOLL","Sy‍stemWorks, CL‍ICK, TO‍LL"
00367.9688cdee9dfe720c297672c8f60d998f,00367__salted__extended__cp00AD__single.9688cdee9dfe720c297672c8f60d998f,extended,00AD,single,,,,"SystemWorks, CLICK, TOLL","Sy­stemWorks, CL­ICK, TO­LL"
00368.2c1ab4bc7f408e0fcb22dca9b2d5a113,00368__salted__extended__cp200B__single.2c1ab4bc7f408e0fcb22dca9b2d5a113,extended,200B,single,,SYSTEMWORKS,SY​STEMWORKS,,
00368.2c1ab4bc7f408e0fcb22dca9b2d5a113,00368__salted__extended__cp200C__single.2c1ab4bc7f408e0fcb22dca9b2d5a113,extended,200C,single,,SYSTEMWORKS,SY‌STEMWORKS,,
00368.2c1ab4bc7f408e0fcb22dca9b2d5a113,00368__salted__extended__cp200D__single.2c1ab4bc7f408e0fcb22dca9b2d5a113,extended,200D,single,,SYSTEMWORKS,SY‍STEMWORKS,,
00368.2c1ab4bc7f408e0fcb22dca9b2d5a113,00368__salted__extended__cp00AD__single.2c1ab4bc7f408e0fcb22dca9b2d5a113,extended,00AD,single,,SYSTEMWORKS,SY­STEMWORKS,,
00368.64d7f78532bf9b4cd41c8f5bc526af6a,00368__salted__extended__cp200B__single.64d7f78532bf9b4cd41c8f5bc526af6a,extended,200B,single,,,,Insurance,In​surance
00368.64d7f78532bf9b4cd41c8f5bc526af6a,00368__salted__extended__cp200C__single.64d7f78532bf9b4cd41c8f5bc526af6a,extended,200C,single,,,,Insurance,In‌surance
00368.64d7f78532bf9b4cd41c8f5bc526af6a,00368__salted__extended__cp200D__single.64d7f78532bf9b4cd41c8f5bc526af6a,extended,200D,single,,,,Insurance,In‍surance
00368.64d7f78532bf9b4cd41c8f5bc526af6a,00368__salted__extended__cp00AD__single.64d7f78532bf9b4cd41c8f5bc526af6a,extended,00AD,single,,,,Insurance,In­surance
00369.845eeb9573484bd88a6a6224c7068d81,00369__salted__extended__cp200B__single.845eeb9573484bd88a6a6224c7068d81,extended,200B,single,,inkjet,in​kjet,,
00369.845eeb9573484bd88a6a6224c7068d81,00369__salted__extended__cp200C__single.845eeb9573484bd88a6a6224c7068d81,extended,200C,single,,inkjet,in‌kjet,,
00369.845eeb9573484bd88a6a6224c7068d81,00369__salted__extended__cp200D__single.845eeb9573484bd88a6a6224c7068d81,extended,200D,single,,inkjet,in‍kjet,,
00369.845eeb9573484bd88a6a6224c7068d81,00369__salted__extended__cp00AD__single.845eeb9573484bd88a6a6224c7068d81,extended,00AD,single,,inkjet,in­kjet,,
00370.549e569ab1b84fb13a4ea7d61f98f86d,00370__salted__extended__cp200B__single.549e569ab1b84fb13a4ea7d61f98f86d,extended,200B,single,,,,"click, affiliate","cl​ick, af​filiate"
00370.549e569ab1b84fb13a4ea7d61f98f86d,00370__salted__extended__cp200C__single.549e569ab1b84fb13a4ea7d61f98f86d,extended,200C,single,,,,"click, affiliate","cl‌ick, af‌filiate"
00370.549e569ab1b84fb13a4ea7d61f98f86d,00370__salted__extended__cp200D__single.549e569ab1b84fb13a4ea7d61f98f86d,extended,200D,single,,,,"click, affiliate","cl‍ick, af‍filiate"
00370.549e569ab1b84fb13a4ea7d61f98f86d,00370__salted__extended__cp00AD__single.549e569ab1b84fb13a4ea7d61f98f86d,extended,00AD,single,,,,"click, affiliate","cl­ick, af­filiate"
00371.3bc80f63aa7c64a56eb77fc82ce22e7f,00371__salted__extended__cp200B__single.3bc80f63aa7c64a56eb77fc82ce22e7f,extended,200B,single,,ADV,AD​V,,
00371.3bc80f63aa7c64a56eb77fc82ce22e7f,00371__salted__extended__cp200C__single.3bc80f63aa7c64a56eb77fc82ce22e7f,extended,200C,single,,ADV,AD‌V,,
00371.3bc80f63aa7c64a56eb77fc82ce22e7f,00371__salted__extended__cp200D__single.3bc80f63aa7c64a56eb77fc82ce22e7f,extended,200D,single,,ADV,AD‍V,,
00371.3bc80f63aa7c64a56eb77fc82ce22e7f,00371__salted__extended__cp00AD__single.3bc80f63aa7c64a56eb77fc82ce22e7f,extended,00AD,single,,ADV,AD­V,,
00371.a1bca8c3fae1f6cbcebd205bf5db6ada,00371__salted__extended__cp200B__single.a1bca8c3fae1f6cbcebd205bf5db6ada,extended,200B,single,,,,"COMPLIANCE, removal","CO​MPLIANCE, re​moval"
00371.a1bca8c3fae1f6cbcebd205bf5db6ada,00371__salted__extended__cp200C__single.a1bca8c3fae1f6cbcebd205bf5db6ada,extended,200C,single,,,,"COMPLIANCE, removal","CO‌MPLIANCE, re‌moval"
00371.a1bca8c3fae1f6cbcebd205bf5db6ada,00371__salted__extended__cp200D__single.a1bca8c3fae1f6cbcebd205bf5db6ada,extended,200D,single,,,,"COMPLIANCE, removal","CO‍MPLIANCE, re‍moval"
00371.a1bca8c3fae1f6cbcebd205bf5db6ada,00371__salted__extended__cp00AD__single.a1bca8c3fae1f6cbcebd205bf5db6ada,extended,00AD,single,,,,"COMPLIANCE, removal","CO­MPLIANCE, re­moval"
00372.4ebcb6306af1946c3ff1b2bc933e1203,00372__salted__extended__cp200B__single.4ebcb6306af1946c3ff1b2bc933e1203,extended,200B,single,,fees,fe​es,"profitable, advertisement, click","pr​ofitable, ad​vertisement, cl​ick"
00372.4ebcb6306af1946c3ff1b2bc933e1203,00372__salted__extended__cp200C__single.4ebcb6306af1946c3ff1b2bc933e1203,extended,200C,single,,fees,fe‌es,"profitable, advertisement, click","pr‌ofitable, ad‌vertisement, cl‌ick"
00372.4ebcb6306af1946c3ff1b2bc933e1203,00372__salted__extended__cp200D__single.4ebcb6306af1946c3ff1b2bc933e1203,extended,200D,single,,fees,fe‍es,"profitable, advertisement, click","pr‍ofitable, ad‍vertisement, cl‍ick"
00372.4ebcb6306af1946c3ff1b2bc933e1203,00372__salted__extended__cp00AD__single.4ebcb6306af1946c3ff1b2bc933e1203,extended,00AD,single,,fees,fe­es,"profitable, advertisement, click","pr­ofitable, ad­vertisement, cl­ick"
00373.a2e4ba80486fdff8084086d447e01d17,00373__salted__extended__cp200B__single.a2e4ba80486fdff8084086d447e01d17,extended,200B,single,,,,"insurance, assistance, insurance","in​surance, as​sistance, in​surance"
00373.a2e4ba80486fdff8084086d447e01d17,00373__salted__extended__cp200C__single.a2e4ba80486fdff8084086d447e01d17,extended,200C,single,,,,"insurance, assistance, insurance","in‌surance, as‌sistance, in‌surance"
00373.a2e4ba80486fdff8084086d447e01d17,00373__salted__extended__cp200D__single.a2e4ba80486fdff8084086d447e01d17,extended,200D,single,,,,"insurance, assistance, insurance","in‍surance, as‍sistance, in‍surance"
00373.a2e4ba80486fdff8084086d447e01d17,00373__salted__extended__cp00AD__single.a2e4ba80486fdff8084086d447e01d17,extended,00AD,single,,,,"insurance, assistance, insurance","in­surance, as­sistance, in­surance"
00373.ebe8670ac56b04125c25100a36ab0510,00373__salted__extended__cp200B__single.ebe8670ac56b04125c25100a36ab0510,extended,200B,single,,,,"SystemWorks, compliance","Sy​stemWorks, co​mpliance"
00373.ebe8670ac56b04125c25100a36ab0510,00373__salted__extended__cp200C__single.ebe8670ac56b04125c25100a36ab0510,extended,200C,single,,,,"SystemWorks, compliance","Sy‌stemWorks, co‌mpliance"
00373.ebe8670ac56b04125c25100a36ab0510,00373__salted__extended__cp200D__single.ebe8670ac56b04125c25100a36ab0510,extended,200D,single,,,,"SystemWorks, compliance","Sy‍stemWorks, co‍mpliance"
00373.ebe8670ac56b04125c25100a36ab0510,00373__salted__extended__cp00AD__single.ebe8670ac56b04125c25100a36ab0510,extended,00AD,single,,,,"SystemWorks, compliance","Sy­stemWorks, co­mpliance"
00374.8942e17f10389fe620e1e96cba52c9aa,00374__salted__extended__cp200B__single.8942e17f10389fe620e1e96cba52c9aa,extended,200B,single,,ADV,AD​V,,
00374.8942e17f10389fe620e1e96cba52c9aa,00374__salted__extended__cp200C__single.8942e17f10389fe620e1e96cba52c9aa,extended,200C,single,,ADV,AD‌V,,
00374.8942e17f10389fe620e1e96cba52c9aa,00374__salted__extended__cp200D__single.8942e17f10389fe620e1e96cba52c9aa,extended,200D,single,,ADV,AD‍V,,
00374.8942e17f10389fe620e1e96cba52c9aa,00374__salted__extended__cp00AD__single.8942e17f10389fe620e1e96cba52c9aa,extended,00AD,single,,ADV,AD­V,,
00376.8d9a34535bac5fbccdbb8ea5392c82d8,00376__salted__extended__cp200B__single.8d9a34535bac5fbccdbb8ea5392c82d8,extended,200B,single,,Refinance,Re​finance,,
00376.8d9a34535bac5fbccdbb8ea5392c82d8,00376__salted__extended__cp200C__single.8d9a34535bac5fbccdbb8ea5392c82d8,extended,200C,single,,Refinance,Re‌finance,,
00376.8d9a34535bac5fbccdbb8ea5392c82d8,00376__salted__extended__cp200D__single.8d9a34535bac5fbccdbb8ea5392c82d8,extended,200D,single,,Refinance,Re‍finance,,
00376.8d9a34535bac5fbccdbb8ea5392c82d8,00376__salted__extended__cp00AD__single.8d9a34535bac5fbccdbb8ea5392c82d8,extended,00AD,single,,Refinance,Re­finance,,
00376.f4ed5f002f9b6b320a67f1da9cacbe72,00376__salted__extended__cp200B__single.f4ed5f002f9b6b320a67f1da9cacbe72,extended,200B,single,,Hgh,Hg​h,,
00376.f4ed5f002f9b6b320a67f1da9cacbe72,00376__salted__extended__cp200C__single.f4ed5f002f9b6b320a67f1da9cacbe72,extended,200C,single,,Hgh,Hg‌h,,
00376.f4ed5f002f9b6b320a67f1da9cacbe72,00376__salted__extended__cp200D__single.f4ed5f002f9b6b320a67f1da9cacbe72,extended,200D,single,,Hgh,Hg‍h,,
00376.f4ed5f002f9b6b320a67f1da9cacbe72,00376__salted__extended__cp00AD__single.f4ed5f002f9b6b320a67f1da9cacbe72,extended,00AD,single,,Hgh,Hg­h,,
00377.e30c013b7392bf14f132258aa82b1b25,00377__salted__extended__cp200B__single.e30c013b7392bf14f132258aa82b1b25,extended,200B,single,,,,"SystemWorks, CLICK, TOLL","Sy​stemWorks, CL​ICK, TO​LL"
00377.e30c013b7392bf14f132258aa82b1b25,00377__salted__extended__cp200C__single.e30c013b7392bf14f132258aa82b1b25,extended,200C,single,,,,"SystemWorks, CLICK, TOLL","Sy‌stemWorks, CL‌ICK, TO‌LL"
00377.e30c013b7392bf14f132258aa82b1b25,00377__salted__extended__cp200D__single.e30c013b7392bf14f132258aa82b1b25,extended,200D,single,,,,"SystemWorks, CLICK, TOLL","Sy‍stemWorks, CL‍ICK, TO‍LL"
00377.e30c013b7392bf14f132258aa82b1b25,00377__salted__extended__cp00AD__single.e30c013b7392bf14f132258aa82b1b25,extended,00AD,single,,,,"SystemWorks, CLICK, TOLL","Sy­stemWorks, CL­ICK, TO­LL"
00379.f04dedf09dce65a80fbe1fd831abefd0,00379__salted__extended__cp200B__single.f04dedf09dce65a80fbe1fd831abefd0,extended,200B,single,,,,"Loans, Insurance, receive","Lo​ans, In​surance, re​ceive"
00379.f04dedf09dce65a80fbe1fd831abefd0,00379__salted__extended__cp200C__single.f04dedf09dce65a80fbe1fd831abefd0,extended,200C,single,,,,"Loans, Insurance, receive","Lo‌ans, In‌surance, re‌ceive"
00379.f04dedf09dce65a80fbe1fd831abefd0,00379__salted__extended__cp200D__single.f04dedf09dce65a80fbe1fd831abefd0,extended,200D,single,,,,"Loans, Insurance, receive","Lo‍ans, In‍surance, re‍ceive"
00379.f04dedf09dce65a80fbe1fd831abefd0,00379__salted__extended__cp00AD__single.f04dedf09dce65a80fbe1fd831abefd0,extended,00AD,single,,,,"Loans, Insurance, receive","Lo­ans, In­surance, re­ceive"
00380.717154ebf88ae594956736cc50bdeaf4,00380__salted__extended__cp200B__single.717154ebf88ae594956736cc50bdeaf4,extended,200B,single,,Commissions,Co​mmissions,,
00380.717154ebf88ae594956736cc50bdeaf4,00380__salted__extended__cp200C__single.717154ebf88ae594956736cc50bdeaf4,extended,200C,single,,Commissions,Co‌mmissions,,
00380.717154ebf88ae594956736cc50bdeaf4,00380__salted__extended__cp200D__single.717154ebf88ae594956736cc50bdeaf4,extended,200D,single,,Commissions,Co‍mmissions,,
00380.717154ebf88ae594956736cc50bdeaf4,00380__salted__extended__cp00AD__single.717154ebf88ae594956736cc50bdeaf4,extended,00AD,single,,Commissions,Co­mmissions,,
00381.004cefb51e415fe5c45a3a97091bf978,00381__salted__extended__cp200B__single.004cefb51e415fe5c45a3a97091bf978,extended,200B,single,,,,Click,Cl​ick
00381.004cefb51e415fe5c45a3a97091bf978,00381__salted__extended__cp200C__single.004cefb51e415fe5c45a3a97091bf978,extended,200C,single,,,,Click,Cl‌ick
00381.004cefb51e415fe5c45a3a97091bf978,00381__salted__extended__cp200D__single.004cefb51e415fe5c45a3a97091bf978,extended,200D,single,,,,Click,Cl‍ick
00381.004cefb51e415fe5c45a3a97091bf978,00381__salted__extended__cp00AD__single.004cefb51e415fe5c45a3a97091bf978,extended,00AD,single,,,,Click,Cl­ick
00381.7d436777379ad18167e4614190b206cf,00381__salted__extended__cp200B__single.7d436777379ad18167e4614190b206cf,extended,200B,single,,,,"MLM, guaranteed, receive","ML​M, gu​aranteed, re​ceive"
00381.7d436777379ad18167e4614190b206cf,00381__salted__extended__cp200C__single.7d436777379ad18167e4614190b206cf,extended,200C,single,,,,"MLM, guaranteed, receive","ML‌M, gu‌aranteed, re‌ceive"
00381.7d436777379ad18167e4614190b206cf,00381__salted__extended__cp200D__single.7d436777379ad18167e4614190b206cf,extended,200D,single,,,,"MLM, guaranteed, receive","ML‍M, gu‍aranteed, re‍ceive"
00381.7d436777379ad18167e4614190b206cf,00381__salted__extended__cp00AD__single.7d436777379ad18167e4614190b206cf,extended,00AD,single,,,,"MLM, guaranteed, receive","ML­M, gu­aranteed, re­ceive"
00382.98464d934c8402ef42e6dbdb07b18a65,00382__salted__extended__cp200B__single.98464d934c8402ef42e6dbdb07b18a65,extended,200B,single,,,,"SystemWorks, CLICK, TOLL","Sy​stemWorks, CL​ICK, TO​LL"
00382.98464d934c8402ef42e6dbdb07b18a65,00382__salted__extended__cp200C__single.98464d934c8402ef42e6dbdb07b18a65,extended,200C,single,,,,"SystemWorks, CLICK, TOLL","Sy‌stemWorks, CL‌ICK, TO‌LL"
00382.98464d934c8402ef42e6dbdb07b18a65,00382__salted__extended__cp200D__single.98464d934c8402ef42e6dbdb07b18a65,extended,200D,single,,,,"SystemWorks, CLICK, TOLL","Sy‍stemWorks, CL‍ICK, TO‍LL"
00382.98464d934c8402ef42e6dbdb07b18a65,00382__salted__extended__cp00AD__single.98464d934c8402ef42e6dbdb07b18a65,extended,00AD,single,,,,"SystemWorks, CLICK, TOLL","Sy­stemWorks, CL­ICK, TO­LL"
00383.14f8e467cb84b977c33f422d7d1691e6,00383__salted__extended__cp200B__single.14f8e467cb84b977c33f422d7d1691e6,extended,200B,single,,mortgage,mo​rtgage,"refinance, mortgage, refinance","re​finance, mo​rtgage, re​finance"
00383.14f8e467cb84b977c33f422d7d1691e6,00383__salted__extended__cp200C__single.14f8e467cb84b977c33f422d7d1691e6,extended,200C,single,,mortgage,mo‌rtgage,"refinance, mortgage, refinance","re‌finance, mo‌rtgage, re‌finance"
00383.14f8e467cb84b977c33f422d7d1691e6,00383__salted__extended__cp200D__single.14f8e467cb84b977c33f422d7d1691e6,extended,200D,single,,mortgage,mo‍rtgage,"refinance, mortgage, refinance","re‍finance, mo‍rtgage, re‍finance"
00383.14f8e467cb84b977c33f422d7d1691e6,00383__salted__extended__cp00AD__single.14f8e467cb84b977c33f422d7d1691e6,extended,00AD,single,,mortgage,mo­rtgage,"refinance, mortgage, refinance","re­finance, mo­rtgage, re­finance"
00384.2054d62f06fd10e4018a43e156b32acf,00384__salted__extended__cp200B__single.2054d62f06fd10e4018a43e156b32acf,extended,200B,single,,Guaranteed,Gu​aranteed,"annuity, annuity, Guaranteed","an​nuity, an​nuity, Gu​aranteed"
00384.2054d62f06fd10e4018a43e156b32acf,00384__salted__extended__cp200C__single.2054d62f06fd10e4018a43e156b32acf,extended,200C,single,,Guaranteed,Gu‌aranteed,"annuity, annuity, Guaranteed","an‌nuity, an‌nuity, Gu‌aranteed"
00384.2054d62f06fd10e4018a43e156b32acf,00384__salted__extended__cp200D__single.2054d62f06fd10e4018a43e156b32acf,extended,200D,single,,Guaranteed,Gu‍aranteed,"annuity, annuity, Guaranteed","an‍nuity, an‍nuity, Gu‍aranteed"
00384.2054d62f06fd10e4018a43e156b32acf,00384__salted__extended__cp00AD__single.2054d62f06fd10e4018a43e156b32acf,extended,00AD,single,,Guaranteed,Gu­aranteed,"annuity, annuity, Guaranteed","an­nuity, an­nuity, Gu­aranteed"
00385.2017c0f15243b44ef7d52ca0a5f1ecaa,00385__salted__extended__cp200B__single.2017c0f15243b44ef7d52ca0a5f1ecaa,extended,200B,single,,,,"NBC, CBS, Oprah","NB​C, CB​S, Op​rah"
00385.2017c0f15243b44ef7d52ca0a5f1ecaa,00385__salted__extended__cp200C__single.2017c0f15243b44ef7d52ca0a5f1ecaa,extended,200C,single,,,,"NBC, CBS, Oprah","NB‌C, CB‌S, Op‌rah"
00385.2017c0f15243b44ef7d52ca0a5f1ecaa,00385__salted__extended__cp200D__single.2017c0f15243b44ef7d52ca0a5f1ecaa,extended,200D,single,,,,"NBC, CBS, Oprah","NB‍C, CB‍S, Op‍rah"
00385.2017c0f15243b44ef7d52ca0a5f1ecaa,00385__salted__extended__cp00AD__single.2017c0f15243b44ef7d52ca0a5f1ecaa,extended,00AD,single,,,,"NBC, CBS, Oprah","NB­C, CB­S, Op­rah"
00385.51089b24dee5a89d38ee1b505b470c68,00385__salted__extended__cp200B__single.51089b24dee5a89d38ee1b505b470c68,extended,200B,single,,zzzz,zz​zz,,
00385.51089b24dee5a89d38ee1b505b470c68,00385__salted__extended__cp200C__single.51089b24dee5a89d38ee1b505b470c68,extended,200C,single,,zzzz,zz‌zz,,
00385.51089b24dee5a89d38ee1b505b470c68,00385__salted__extended__cp200D__single.51089b24dee5a89d38ee1b505b470c68,extended,200D,single,,zzzz,zz‍zz,,
00385.51089b24dee5a89d38ee1b505b470c68,00385__salted__extended__cp00AD__single.51089b24dee5a89d38ee1b505b470c68,extended,00AD,single,,zzzz,zz­zz,,
00386.6074f269f0bd1aec1546f9e654e8fcfe,00386__salted__extended__cp200B__single.6074f269f0bd1aec1546f9e654e8fcfe,extended,200B,single,,,,"earn, click, click","ea​rn, cl​ick, cl​ick"
00386.6074f269f0bd1aec1546f9e654e8fcfe,00386__salted__extended__cp200C__single.6074f269f0bd1aec1546f9e654e8fcfe,extended,200C,single,,,,"earn, click, click","ea‌rn, cl‌ick, cl‌ick"
00386.6074f269f0bd1aec1546f9e654e8fcfe,00386__salted__extended__cp200D__single.6074f269f0bd1aec1546f9e654e8fcfe,extended,200D,single,,,,"earn, click, click","ea‍rn, cl‍ick, cl‍ick"
00386.6074f269f0bd1aec1546f9e654e8fcfe,00386__salted__extended__cp00AD__single.6074f269f0bd1aec1546f9e654e8fcfe,extended,00AD,single,,,,"earn, click, click","ea­rn, cl­ick, cl­ick"
00388.a884c42d4423d7e4718db0145b3b9d9b,00388__salted__extended__cp200B__single.a884c42d4423d7e4718db0145b3b9d9b,extended,200B,single,,,,GUARANTEED,GU​ARANTEED
00388.a884c42d4423d7e4718db0145b3b9d9b,00388__salted__extended__cp200C__single.a884c42d4423d7e4718db0145b3b9d9b,extended,200C,single,,,,GUARANTEED,GU‌ARANTEED
00388.a884c42d4423d7e4718db0145b3b9d9b,00388__salted__extended__cp200D__single.a884c42d4423d7e4718db0145b3b9d9b,extended,200D,single,,,,GUARANTEED,GU‍ARANTEED
00388.a884c42d4423d7e4718db0145b3b9d9b,00388__salted__extended__cp00AD__single.a884c42d4423d7e4718db0145b3b9d9b,extended,00AD,single,,,,GUARANTEED,GU­ARANTEED
00389.6222f886a2658f890c49f1853beea193,00389__salted__extended__cp200B__single.6222f886a2658f890c49f1853beea193,extended,200B,single,,,,"NIGERIA, Sir, Nigeria","NI​GERIA, Si​r, Ni​geria"
00389.6222f886a2658f890c49f1853beea193,00389__salted__extended__cp200C__single.6222f886a2658f890c49f1853beea193,extended,200C,single,,,,"NIGERIA, Sir, Nigeria","NI‌GERIA, Si‌r, Ni‌geria"
00389.6222f886a2658f890c49f1853beea193,00389__salted__extended__cp200D__single.6222f886a2658f890c49f1853beea193,extended,200D,single,,,,"NIGERIA, Sir, Nigeria","NI‍GERIA, Si‍r, Ni‍geria"
00389.6222f886a2658f890c49f1853beea193,00389__salted__extended__cp00AD__single.6222f886a2658f890c49f1853beea193,extended,00AD,single,,,,"NIGERIA, Sir, Nigeria","NI­GERIA, Si­r, Ni­geria"
00389.a4504d4c023b095c4907db14c65ea28f,00389__salted__extended__cp200B__single.a4504d4c023b095c4907db14c65ea28f,extended,200B,single,,ADV,AD​V,,
00389.a4504d4c023b095c4907db14c65ea28f,00389__salted__extended__cp200C__single.a4504d4c023b095c4907db14c65ea28f,extended,200C,single,,ADV,AD‌V,,
00389.a4504d4c023b095c4907db14c65ea28f,00389__salted__extended__cp200D__single.a4504d4c023b095c4907db14c65ea28f,extended,200D,single,,ADV,AD‍V,,
00389.a4504d4c023b095c4907db14c65ea28f,00389__salted__extended__cp00AD__single.a4504d4c023b095c4907db14c65ea28f,extended,00AD,single,,ADV,AD­V,,
00390.ce19abc8034db9e6b435d494a91db87a,00390__salted__extended__cp200B__single.ce19abc8034db9e6b435d494a91db87a,extended,200B,single,,,,"NIGERIA, Sir, Nigeria","NI​GERIA, Si​r, Ni​geria"
00390.ce19abc8034db9e6b435d494a91db87a,00390__salted__extended__cp200C__single.ce19abc8034db9e6b435d494a91db87a,extended,200C,single,,,,"NIGERIA, Sir, Nigeria","NI‌GERIA, Si‌r, Ni‌geria"
00390.ce19abc8034db9e6b435d494a91db87a,00390__salted__extended__cp200D__single.ce19abc8034db9e6b435d494a91db87a,extended,200D,single,,,,"NIGERIA, Sir, Nigeria","NI‍GERIA, Si‍r, Ni‍geria"
00390.ce19abc8034db9e6b435d494a91db87a,00390__salted__extended__cp00AD__single.ce19abc8034db9e6b435d494a91db87a,extended,00AD,single,,,,"NIGERIA, Sir, Nigeria","NI­GERIA, Si­r, Ni­geria"
00392.ffefdd973d6b1bf1243937030e3bd07f,00392__salted__extended__cp200B__single.ffefdd973d6b1bf1243937030e3bd07f,extended,200B,single,,,,"receive, click","re​ceive, cl​ick"
00392.ffefdd973d6b1bf1243937030e3bd07f,00392__salted__extended__cp200C__single.ffefdd973d6b1bf1243937030e3bd07f,extended,200C,single,,,,"receive, click","re‌ceive, cl‌ick"
00392.ffefdd973d6b1bf1243937030e3bd07f,00392__salted__extended__cp200D__single.ffefdd973d6b1bf1243937030e3bd07f,extended,200D,single,,,,"receive, click","re‍ceive, cl‍ick"
00392.ffefdd973d6b1bf1243937030e3bd07f,00392__salted__extended__cp00AD__single.ffefdd973d6b1bf1243937030e3bd07f,extended,00AD,single,,,,"receive, click","re­ceive, cl­ick"
00393.13d4d84cb98ea19954f895c629520bf8,00393__salted__extended__cp200B__single.13d4d84cb98ea19954f895c629520bf8,extended,200B,single,,Insurance,In​surance,"Insurance, btamail, insurance","In​surance, bt​amail, in​surance"
00393.13d4d84cb98ea19954f895c629520bf8,00393__salted__extended__cp200C__single.13d4d84cb98ea19954f895c629520bf8,extended,200C,single,,Insurance,In‌surance,"Insurance, btamail, insurance","In‌surance, bt‌amail, in‌surance"
00393.13d4d84cb98ea19954f895c629520bf8,00393__salted__extended__cp200D__single.13d4d84cb98ea19954f895c629520bf8,extended,200D,single,,Insurance,In‍surance,"Insurance, btamail, insurance","In‍surance, bt‍amail, in‍surance"
00393.13d4d84cb98ea19954f895c629520bf8,00393__salted__extended__cp00AD__single.13d4d84cb98ea19954f895c629520bf8,extended,00AD,single,,Insurance,In­surance,"Insurance, btamail, insurance","In­surance, bt­amail, in­surance"
00393.85c9cd10122736d443e69db6fce3ad3f,00393__salted__extended__cp200B__single.85c9cd10122736d443e69db6fce3ad3f,extended,200B,single,,ADV,AD​V,,
00393.85c9cd10122736d443e69db6fce3ad3f,00393__salted__extended__cp200C__single.85c9cd10122736d443e69db6fce3ad3f,extended,200C,single,,ADV,AD‌V,,
00393.85c9cd10122736d443e69db6fce3ad3f,00393__salted__extended__cp200D__single.85c9cd10122736d443e69db6fce3ad3f,extended,200D,single,,ADV,AD‍V,,
00393.85c9cd10122736d443e69db6fce3ad3f,00393__salted__extended__cp00AD__single.85c9cd10122736d443e69db6fce3ad3f,extended,00AD,single,,ADV,AD­V,,
00394.0e95ef1fe71d6bbf6867df86c862d15a,00394__salted__extended__cp200B__single.0e95ef1fe71d6bbf6867df86c862d15a,extended,200B,single,,ADV,AD​V,,
00394.0e95ef1fe71d6bbf6867df86c862d15a,00394__salted__extended__cp200C__single.0e95ef1fe71d6bbf6867df86c862d15a,extended,200C,single,,ADV,AD‌V,,
00394.0e95ef1fe71d6bbf6867df86c862d15a,00394__salted__extended__cp200D__single.0e95ef1fe71d6bbf6867df86c862d15a,extended,200D,single,,ADV,AD‍V,,
00394.0e95ef1fe71d6bbf6867df86c862d15a,00394__salted__extended__cp00AD__single.0e95ef1fe71d6bbf6867df86c862d15a,extended,00AD,single,,ADV,AD­V,,
00395.74aee42fac915ca758047506ec59a21f,00395__salted__extended__cp200B__single.74aee42fac915ca758047506ec59a21f,extended,200B,single,,ADV,AD​V,,
00395.74aee42fac915ca758047506ec59a21f,00395__salted__extended__cp200C__single.74aee42fac915ca758047506ec59a21f,extended,200C,single,,ADV,AD‌V,,
00395.74aee42fac915ca758047506ec59a21f,00395__salted__extended__cp200D__single.74aee42fac915ca758047506ec59a21f,extended,200D,single,,ADV,AD‍V,,
00395.74aee42fac915ca758047506ec59a21f,00395__salted__extended__cp00AD__single.74aee42fac915ca758047506ec59a21f,extended,00AD,single,,ADV,AD­V,,
00395.f9df5b3574ef5ba6143c08a1fa301886,00395__salted__extended__cp200B__single.f9df5b3574ef5ba6143c08a1fa301886,extended,200B,single,,Adv,Ad​v,,
00395.f9df5b3574ef5ba6143c08a1fa301886,00395__salted__extended__cp200C__single.f9df5b3574ef5ba6143c08a1fa301886,extended,200C,single,,Adv,Ad‌v,,
00395.f9df5b3574ef5ba6143c08a1fa301886,00395__salted__extended__cp200D__single.f9df5b3574ef5ba6143c08a1fa301886,extended,200D,single,,Adv,Ad‍v,,
00395.f9df5b3574ef5ba6143c08a1fa301886,00395__salted__extended__cp00AD__single.f9df5b3574ef5ba6143c08a1fa301886,extended,00AD,single,,Adv,Ad­v,,
00396.bb9671c94f0061c7f2a74cde8a507c1f,00396__salted__extended__cp200B__single.bb9671c94f0061c7f2a74cde8a507c1f,extended,200B,single,,,,"Insurance, Insurance, Annuity","In​surance, In​surance, An​nuity"
00396.bb9671c94f0061c7f2a74cde8a507c1f,00396__salted__extended__cp200C__single.bb9671c94f0061c7f2a74cde8a507c1f,extended,200C,single,,,,"Insurance, Insurance, Annuity","In‌surance, In‌surance, An‌nuity"
00396.bb9671c94f0061c7f2a74cde8a507c1f,00396__salted__extended__cp200D__single.bb9671c94f0061c7f2a74cde8a507c1f,extended,200D,single,,,,"Insurance, Insurance, Annuity","In‍surance, In‍surance, An‍nuity"
00396.bb9671c94f0061c7f2a74cde8a507c1f,00396__salted__extended__cp00AD__single.bb9671c94f0061c7f2a74cde8a507c1f,extended,00AD,single,,,,"Insurance, Insurance, Annuity","In­surance, In­surance, An­nuity"
00397.dc85d97361fbed3637f8db56d4c9c92d,00397__salted__extended__cp200B__single.dc85d97361fbed3637f8db56d4c9c92d,extended,200B,single,,bills,bi​lls,,
00397.dc85d97361fbed3637f8db56d4c9c92d,00397__salted__extended__cp200C__single.dc85d97361fbed3637f8db56d4c9c92d,extended,200C,single,,bills,bi‌lls,,
00397.dc85d97361fbed3637f8db56d4c9c92d,00397__salted__extended__cp200D__single.dc85d97361fbed3637f8db56d4c9c92d,extended,200D,single,,bills,bi‍lls,,
00397.dc85d97361fbed3637f8db56d4c9c92d,00397__salted__extended__cp00AD__single.dc85d97361fbed3637f8db56d4c9c92d,extended,00AD,single,,bills,bi­lls,,
00398.64f68a9650595170b0e10cc493020a0a,00398__salted__extended__cp200B__single.64f68a9650595170b0e10cc493020a0a,extended,200B,single,,prescription,pr​escription,"VIAGRA, CLICK, prescription","VI​AGRA, CL​ICK, pr​escription"
00398.64f68a9650595170b0e10cc493020a0a,00398__salted__extended__cp200C__single.64f68a9650595170b0e10cc493020a0a,extended,200C,single,,prescription,pr‌escription,"VIAGRA, CLICK, prescription","VI‌AGRA, CL‌ICK, pr‌escription"
00398.64f68a9650595170b0e10cc493020a0a,00398__salted__extended__cp200D__single.64f68a9650595170b0e10cc493020a0a,extended,200D,single,,prescription,pr‍escription,"VIAGRA, CLICK, prescription","VI‍AGRA, CL‍ICK, pr‍escription"
00398.64f68a9650595170b0e10cc493020a0a,00398__salted__extended__cp00AD__single.64f68a9650595170b0e10cc493020a0a,extended,00AD,single,,prescription,pr­escription,"VIAGRA, CLICK, prescription","VI­AGRA, CL­ICK, pr­escription"
00399.b5a16f11e0f6bc8898caef8d9ba3e9a8,00399__salted__extended__cp200B__single.b5a16f11e0f6bc8898caef8d9ba3e9a8,extended,200B,single,,,,"COMPLIANCE, removal","CO​MPLIANCE, re​moval"
00399.b5a16f11e0f6bc8898caef8d9ba3e9a8,00399__salted__extended__cp200C__single.b5a16f11e0f6bc8898caef8d9ba3e9a8,extended,200C,single,,,,"COMPLIANCE, removal","CO‌MPLIANCE, re‌moval"
00399.b5a16f11e0f6bc8898caef8d9ba3e9a8,00399__salted__extended__cp200D__single.b5a16f11e0f6bc8898caef8d9ba3e9a8,extended,200D,single,,,,"COMPLIANCE, removal","CO‍MPLIANCE, re‍moval"
00399.b5a16f11e0f6bc8898caef8d9ba3e9a8,00399__salted__extended__cp00AD__single.b5a16f11e0f6bc8898caef8d9ba3e9a8,extended,00AD,single,,,,"COMPLIANCE, removal","CO­MPLIANCE, re­moval"
00399.cd1239166aa4d43f7c3127c3b48b3f18,00399__salted__extended__cp200B__single.cd1239166aa4d43f7c3127c3b48b3f18,extended,200B,single,,,,"premium, earn, commissions","pr​emium, ea​rn, co​mmissions"
00399.cd1239166aa4d43f7c3127c3b48b3f18,00399__salted__extended__cp200C__single.cd1239166aa4d43f7c3127c3b48b3f18,extended,200C,single,,,,"premium, earn, commissions","pr‌emium, ea‌rn, co‌mmissions"
00399.cd1239166aa4d43f7c3127c3b48b3f18,00399__salted__extended__cp200D__single.cd1239166aa4d43f7c3127c3b48b3f18,extended,200D,single,,,,"premium, earn, commissions","pr‍emium, ea‍rn, co‍mmissions"
00399.cd1239166aa4d43f7c3127c3b48b3f18,00399__salted__extended__cp00AD__single.cd1239166aa4d43f7c3127c3b48b3f18,extended,00AD,single,,,,"premium, earn, commissions","pr­emium, ea­rn, co­mmissions"
00400.9360c6d3f34caf75a4c5439852153b71,00400__salted__extended__cp200B__single.9360c6d3f34caf75a4c5439852153b71,extended,200B,single,,,,"presently, Nigeria, communication","pr​esently, Ni​geria, co​mmunication"
00400.9360c6d3f34caf75a4c5439852153b71,00400__salted__extended__cp200C__single.9360c6d3f34caf75a4c5439852153b71,extended,200C,single,,,,"presently, Nigeria, communication","pr‌esently, Ni‌geria, co‌mmunication"
00400.9360c6d3f34caf75a4c5439852153b71,00400__salted__extended__cp200D__single.9360c6d3f34caf75a4c5439852153b71,extended,200D,single,,,,"presently, Nigeria, communication","pr‍esently, Ni‍geria, co‍mmunication"
00400.9360c6d3f34caf75a4c5439852153b71,00400__salted__extended__cp00AD__single.9360c6d3f34caf75a4c5439852153b71,extended,00AD,single,,,,"presently, Nigeria, communication","pr­esently, Ni­geria, co­mmunication"
00400.cc74b7994a7282f32ee2a3b7e3634d31,00400__salted__extended__cp200B__single.cc74b7994a7282f32ee2a3b7e3634d31,extended,200B,single,,,,"adv, Sincerely, communication","ad​v, Si​ncerely, co​mmunication"
00400.cc74b7994a7282f32ee2a3b7e3634d31,00400__salted__extended__cp200C__single.cc74b7994a7282f32ee2a3b7e3634d31,extended,200C,single,,,,"adv, Sincerely, communication","ad‌v, Si‌ncerely, co‌mmunication"
00400.cc74b7994a7282f32ee2a3b7e3634d31,00400__salted__extended__cp200D__single.cc74b7994a7282f32ee2a3b7e3634d31,extended,200D,single,,,,"adv, Sincerely, communication","ad‍v, Si‍ncerely, co‍mmunication"
00400.cc74b7994a7282f32ee2a3b7e3634d31,00400__salted__extended__cp00AD__single.cc74b7994a7282f32ee2a3b7e3634d31,extended,00AD,single,,,,"adv, Sincerely, communication","ad­v, Si­ncerely, co­mmunication"
00401.309e29417819ce39d8599047d50933cc,00401__salted__extended__cp200B__single.309e29417819ce39d8599047d50933cc,extended,200B,single,,,,"click, click","cl​ick, cl​ick"
00401.309e29417819ce39d8599047d50933cc,00401__salted__extended__cp200C__single.309e29417819ce39d8599047d50933cc,extended,200C,single,,,,"click, click","cl‌ick, cl‌ick"
00401.309e29417819ce39d8599047d50933cc,00401__salted__extended__cp200D__single.309e29417819ce39d8599047d50933cc,extended,200D,single,,,,"click, click","cl‍ick, cl‍ick"
00401.309e29417819ce39d8599047d50933cc,00401__salted__extended__cp00AD__single.309e29417819ce39d8599047d50933cc,extended,00AD,single,,,,"click, click","cl­ick, cl­ick"
00401.31d8ded049967dc48ebb564288733e81,00401__salted__extended__cp200B__single.31d8ded049967dc48ebb564288733e81,extended,200B,single,,,,"Sir, Madam","Si​r, Ma​dam"
00401.31d8ded049967dc48ebb564288733e81,00401__salted__extended__cp200C__single.31d8ded049967dc48ebb564288733e81,extended,200C,single,,,,"Sir, Madam","Si‌r, Ma‌dam"
00401.31d8ded049967dc48ebb564288733e81,00401__salted__extended__cp200D__single.31d8ded049967dc48ebb564288733e81,extended,200D,single,,,,"Sir, Madam","Si‍r, Ma‍dam"
00401.31d8ded049967dc48ebb564288733e81,00401__salted__extended__cp00AD__single.31d8ded049967dc48ebb564288733e81,extended,00AD,single,,,,"Sir, Madam","Si­r, Ma­dam"
00402.3cb789dea6bc3f321cc15730f3048ff2,00402__salted__extended__cp200B__single.3cb789dea6bc3f321cc15730f3048ff2,extended,200B,single,,,,"presently, Nigeria, communication","pr​esently, Ni​geria, co​mmunication"
00402.3cb789dea6bc3f321cc15730f3048ff2,00402__salted__extended__cp200C__single.3cb789dea6bc3f321cc15730f3048ff2,extended,200C,single,,,,"presently, Nigeria, communication","pr‌esently, Ni‌geria, co‌mmunication"
00402.3cb789dea6bc3f321cc15730f3048ff2,00402__salted__extended__cp200D__single.3cb789dea6bc3f321cc15730f3048ff2,extended,200D,single,,,,"presently, Nigeria, communication","pr‍esently, Ni‍geria, co‍mmunication"
00402.3cb789dea6bc3f321cc15730f3048ff2,00402__salted__extended__cp00AD__single.3cb789dea6bc3f321cc15730f3048ff2,extended,00AD,single,,,,"presently, Nigeria, communication","pr­esently, Ni­geria, co­mmunication"
00402.9fd8762dd436ec868d4c22a17d8ccc3d,00402__salted__extended__cp200B__single.9fd8762dd436ec868d4c22a17d8ccc3d,extended,200B,single,,SYSTEMWORKS,SY​STEMWORKS,,
00402.9fd8762dd436ec868d4c22a17d8ccc3d,00402__salted__extended__cp200C__single.9fd8762dd436ec868d4c22a17d8ccc3d,extended,200C,single,,SYSTEMWORKS,SY‌STEMWORKS,,
00402.9fd8762dd436ec868d4c22a17d8ccc3d,00402__salted__extended__cp200D__single.9fd8762dd436ec868d4c22a17d8ccc3d,extended,200D,single,,SYSTEMWORKS,SY‍STEMWORKS,,
00402.9fd8762dd436ec868d4c22a17d8ccc3d,00402__salted__extended__cp00AD__single.9fd8762dd436ec868d4c22a17d8ccc3d,extended,00AD,single,,SYSTEMWORKS,SY­STEMWORKS,,
00403.46d0face754b6bb7dce8b3ea560f75fb,00403__salted__extended__cp200B__single.46d0face754b6bb7dce8b3ea560f75fb,extended,200B,single,,,,"sir, madam, presently","si​r, ma​dam, pr​esently"
00403.46d0face754b6bb7dce8b3ea560f75fb,00403__salted__extended__cp200C__single.46d0face754b6bb7dce8b3ea560f75fb,extended,200C,single,,,,"sir, madam, presently","si‌r, ma‌dam, pr‌esently"
00403.46d0face754b6bb7dce8b3ea560f75fb,00403__salted__extended__cp200D__single.46d0face754b6bb7dce8b3ea560f75fb,extended,200D,single,,,,"sir, madam, presently","si‍r, ma‍dam, pr‍esently"
00403.46d0face754b6bb7dce8b3ea560f75fb,00403__salted__extended__cp00AD__single.46d0face754b6bb7dce8b3ea560f75fb,extended,00AD,single,,,,"sir, madam, presently","si­r, ma­dam, pr­esently"
00403.90a79abcb32065d5381a74a84da2e6bd,00403__salted__extended__cp200B__single.90a79abcb32065d5381a74a84da2e6bd,extended,200B,single,,,,"ATTAINED, bills, ordering","AT​TAINED, bi​lls, or​dering"
00403.90a79abcb32065d5381a74a84da2e6bd,00403__salted__extended__cp200C__single.90a79abcb32065d5381a74a84da2e6bd,extended,200C,single,,,,"ATTAINED, bills, ordering","AT‌TAINED, bi‌lls, or‌dering"
00403.90a79abcb32065d5381a74a84da2e6bd,00403__salted__extended__cp200D__single.90a79abcb32065d5381a74a84da2e6bd,extended,200D,single,,,,"ATTAINED, bills, ordering","AT‍TAINED, bi‍lls, or‍dering"
00403.90a79abcb32065d5381a74a84da2e6bd,00403__salted__extended__cp00AD__single.90a79abcb32065d5381a74a84da2e6bd,extended,00AD,single,,,,"ATTAINED, bills, ordering","AT­TAINED, bi­lls, or­dering"
00404.deea51c7b46665faf98fe6c5b5f88810,00404__salted__extended__cp200B__single.deea51c7b46665faf98fe6c5b5f88810,extended,200B,single,,,,"USD, USD, USD","US​D, US​D, US​D"
00404.deea51c7b46665faf98fe6c5b5f88810,00404__salted__extended__cp200C__single.deea51c7b46665faf98fe6c5b5f88810,extended,200C,single,,,,"USD, USD, USD","US‌D, US‌D, US‌D"
00404.deea51c7b46665faf98fe6c5b5f88810,00404__salted__extended__cp200D__single.deea51c7b46665faf98fe6c5b5f88810,extended,200D,single,,,,"USD, USD, USD","US‍D, US‍D, US‍D"
00404.deea51c7b46665faf98fe6c5b5f88810,00404__salted__extended__cp00AD__single.deea51c7b46665faf98fe6c5b5f88810,extended,00AD,single,,,,"USD, USD, USD","US­D, US­D, US­D"
00408.22230b84aee00e439ae1938e025d5005,00408__salted__extended__cp200B__single.22230b84aee00e439ae1938e025d5005,extended,200B,single,,zzzz,zz​zz,,
00408.22230b84aee00e439ae1938e025d5005,00408__salted__extended__cp200C__single.22230b84aee00e439ae1938e025d5005,extended,200C,single,,zzzz,zz‌zz,,
00408.22230b84aee00e439ae1938e025d5005,00408__salted__extended__cp200D__single.22230b84aee00e439ae1938e025d5005,extended,200D,single,,zzzz,zz‍zz,,
00408.22230b84aee00e439ae1938e025d5005,00408__salted__extended__cp00AD__single.22230b84aee00e439ae1938e025d5005,extended,00AD,single,,zzzz,zz­zz,,
00408.78e871a38b048989b9949716e3fc7575,00408__salted__extended__cp200B__single.78e871a38b048989b9949716e3fc7575,extended,200B,single,,,,receive,re​ceive
00408.78e871a38b048989b9949716e3fc7575,00408__salted__extended__cp200C__single.78e871a38b048989b9949716e3fc7575,extended,200C,single,,,,receive,re‌ceive
00408.78e871a38b048989b9949716e3fc7575,00408__salted__extended__cp200D__single.78e871a38b048989b9949716e3fc7575,extended,200D,single,,,,receive,re‍ceive
00408.78e871a38b048989b9949716e3fc7575,00408__salted__extended__cp00AD__single.78e871a38b048989b9949716e3fc7575,extended,00AD,single,,,,receive,re­ceive
00409.e59f63e813b6766a9a4ddf0790634ca3,00409__salted__extended__cp200B__single.e59f63e813b6766a9a4ddf0790634ca3,extended,200B,single,,,,"guaranteed, profitable, Receive","gu​aranteed, pr​ofitable, Re​ceive"
00409.e59f63e813b6766a9a4ddf0790634ca3,00409__salted__extended__cp200C__single.e59f63e813b6766a9a4ddf0790634ca3,extended,200C,single,,,,"guaranteed, profitable, Receive","gu‌aranteed, pr‌ofitable, Re‌ceive"
00409.e59f63e813b6766a9a4ddf0790634ca3,00409__salted__extended__cp200D__single.e59f63e813b6766a9a4ddf0790634ca3,extended,200D,single,,,,"guaranteed, profitable, Receive","gu‍aranteed, pr‍ofitable, Re‍ceive"
00409.e59f63e813b6766a9a4ddf0790634ca3,00409__salted__extended__cp00AD__single.e59f63e813b6766a9a4ddf0790634ca3,extended,00AD,single,,,,"guaranteed, profitable, Receive","gu­aranteed, pr­ofitable, Re­ceive"
00410.b3134c2bf520f95f9b90d4aef4fdd683,00410__salted__extended__cp200B__single.b3134c2bf520f95f9b90d4aef4fdd683,extended,200B,single,,Tobacco,To​bacco,,
00410.b3134c2bf520f95f9b90d4aef4fdd683,00410__salted__extended__cp200C__single.b3134c2bf520f95f9b90d4aef4fdd683,extended,200C,single,,Tobacco,To‌bacco,,
00410.b3134c2bf520f95f9b90d4aef4fdd683,00410__salted__extended__cp200D__single.b3134c2bf520f95f9b90d4aef4fdd683,extended,200D,single,,Tobacco,To‍bacco,,
00410.b3134c2bf520f95f9b90d4aef4fdd683,00410__salted__extended__cp00AD__single.b3134c2bf520f95f9b90d4aef4fdd683,extended,00AD,single,,Tobacco,To­bacco,,
00411.fae7b15cc1f966d92c2cedc872893268,00411__salted__extended__cp200B__single.fae7b15cc1f966d92c2cedc872893268,extended,200B,single,,,,"USD, USD, GUARANTEED","US​D, US​D, GU​ARANTEED"
00411.fae7b15cc1f966d92c2cedc872893268,00411__salted__extended__cp200C__single.fae7b15cc1f966d92c2cedc872893268,extended,200C,single,,,,"USD, USD, GUARANTEED","US‌D, US‌D, GU‌ARANTEED"
00411.fae7b15cc1f966d92c2cedc872893268,00411__salted__extended__cp200D__single.fae7b15cc1f966d92c2cedc872893268,extended,200D,single,,,,"USD, USD, GUARANTEED","US‍D, US‍D, GU‍ARANTEED"
00411.fae7b15cc1f966d92c2cedc872893268,00411__salted__extended__cp00AD__single.fae7b15cc1f966d92c2cedc872893268,extended,00AD,single,,,,"USD, USD, GUARANTEED","US­D, US­D, GU­ARANTEED"
00413.11d008b916ea6fd996dee9a08670655e,00413__salted__extended__cp200B__single.11d008b916ea6fd996dee9a08670655e,extended,200B,single,,,,click,cl​ick
00413.11d008b916ea6fd996dee9a08670655e,00413__salted__extended__cp200C__single.11d008b916ea6fd996dee9a08670655e,extended,200C,single,,,,click,cl‌ick
00413.11d008b916ea6fd996dee9a08670655e,00413__salted__extended__cp200D__single.11d008b916ea6fd996dee9a08670655e,extended,200D,single,,,,click,cl‍ick
00413.11d008b916ea6fd996dee9a08670655e,00413__salted__extended__cp00AD__single.11d008b916ea6fd996dee9a08670655e,extended,00AD,single,,,,click,cl­ick
00415.4af357c0282481dba8f1765f0bf09c09,00415__salted__extended__cp200B__single.4af357c0282481dba8f1765f0bf09c09,extended,200B,single,,,,"Annuity, Premium, receive","An​nuity, Pr​emium, re​ceive"
00415.4af357c0282481dba8f1765f0bf09c09,00415__salted__extended__cp200C__single.4af357c0282481dba8f1765f0bf09c09,extended,200C,single,,,,"Annuity, Premium, receive","An‌nuity, Pr‌emium, re‌ceive"
00415.4af357c0282481dba8f1765f0bf09c09,00415__salted__extended__cp200D__single.4af357c0282481dba8f1765f0bf09c09,extended,200D,single,,,,"Annuity, Premium, receive","An‍nuity, Pr‍emium, re‍ceive"
00415.4af357c0282481dba8f1765f0bf09c09,00415__salted__extended__cp00AD__single.4af357c0282481dba8f1765f0bf09c09,extended,00AD,single,,,,"Annuity, Premium, receive","An­nuity, Pr­emium, re­ceive"
00415.6faccf48ec514344fc850e8b3c154528,00415__salted__extended__cp200B__single.6faccf48ec514344fc850e8b3c154528,extended,200B,single,,,,"Earn, earn, earn","Ea​rn, ea​rn, ea​rn"
00415.6faccf48ec514344fc850e8b3c154528,00415__salted__extended__cp200C__single.6faccf48ec514344fc850e8b3c154528,extended,200C,single,,,,"Earn, earn, earn","Ea‌rn, ea‌rn, ea‌rn"
00415.6faccf48ec514344fc850e8b3c154528,00415__salted__extended__cp200D__single.6faccf48ec514344fc850e8b3c154528,extended,200D,single,,,,"Earn, earn, earn","Ea‍rn, ea‍rn, ea‍rn"
00415.6faccf48ec514344fc850e8b3c154528,00415__salted__extended__cp00AD__single.6faccf48ec514344fc850e8b3c154528,extended,00AD,single,,,,"Earn, earn, earn","Ea­rn, ea­rn, ea­rn"
00416.7fa9ccac275fe2d97517554ecde57fbe,00416__salted__extended__cp200B__single.7fa9ccac275fe2d97517554ecde57fbe,extended,200B,single,,,,"affordable, affordable, fees","af​fordable, af​fordable, fe​es"
00416.7fa9ccac275fe2d97517554ecde57fbe,00416__salted__extended__cp200C__single.7fa9ccac275fe2d97517554ecde57fbe,extended,200C,single,,,,"affordable, affordable, fees","af‌fordable, af‌fordable, fe‌es"
00416.7fa9ccac275fe2d97517554ecde57fbe,00416__salted__extended__cp200D__single.7fa9ccac275fe2d97517554ecde57fbe,extended,200D,single,,,,"affordable, affordable, fees","af‍fordable, af‍fordable, fe‍es"
00416.7fa9ccac275fe2d97517554ecde57fbe,00416__salted__extended__cp00AD__single.7fa9ccac275fe2d97517554ecde57fbe,extended,00AD,single,,,,"affordable, affordable, fees","af­fordable, af­fordable, fe­es"
00416.bff1badad869f205fdb54f311f060734,00416__salted__extended__cp200B__single.bff1badad869f205fdb54f311f060734,extended,200B,single,,Guaranteed,Gu​aranteed,,
00416.bff1badad869f205fdb54f311f060734,00416__salted__extended__cp200C__single.bff1badad869f205fdb54f311f060734,extended,200C,single,,Guaranteed,Gu‌aranteed,,
00416.bff1badad869f205fdb54f311f060734,00416__salted__extended__cp200D__single.bff1badad869f205fdb54f311f060734,extended,200D,single,,Guaranteed,Gu‍aranteed,,
00416.bff1badad869f205fdb54f311f060734,00416__salted__extended__cp00AD__single.bff1badad869f205fdb54f311f060734,extended,00AD,single,,Guaranteed,Gu­aranteed,,
00417.715ee099f76e69edbeb5604a82a532b4,00417__salted__extended__cp200B__single.715ee099f76e69edbeb5604a82a532b4,extended,200B,single,,,,"COMPLIANCE, removal, OPRAH","CO​MPLIANCE, re​moval, OP​RAH"
00417.715ee099f76e69edbeb5604a82a532b4,00417__salted__extended__cp200C__single.715ee099f76e69edbeb5604a82a532b4,extended,200C,single,,,,"COMPLIANCE, removal, OPRAH","CO‌MPLIANCE, re‌moval, OP‌RAH"
00417.715ee099f76e69edbeb5604a82a532b4,00417__salted__extended__cp200D__single.715ee099f76e69edbeb5604a82a532b4,extended,200D,single,,,,"COMPLIANCE, removal, OPRAH","CO‍MPLIANCE, re‍moval, OP‍RAH"
00417.715ee099f76e69edbeb5604a82a532b4,00417__salted__extended__cp00AD__single.715ee099f76e69edbeb5604a82a532b4,extended,00AD,single,,,,"COMPLIANCE, removal, OPRAH","CO­MPLIANCE, re­moval, OP­RAH"
00417.7b196fd20fd308e0afa9032ccb02474b,00417__salted__extended__cp200B__single.7b196fd20fd308e0afa9032ccb02474b,extended,200B,single,,Adv,Ad​v,,
00417.7b196fd20fd308e0afa9032ccb02474b,00417__salted__extended__cp200C__single.7b196fd20fd308e0afa9032ccb02474b,extended,200C,single,,Adv,Ad‌v,,
00417.7b196fd20fd308e0afa9032ccb02474b,00417__salted__extended__cp200D__single.7b196fd20fd308e0afa9032ccb02474b,extended,200D,single,,Adv,Ad‍v,,
00417.7b196fd20fd308e0afa9032ccb02474b,00417__salted__extended__cp00AD__single.7b196fd20fd308e0afa9032ccb02474b,extended,00AD,single,,Adv,Ad­v,,
00418.16b11d584531ea6f8e334bf92e5560ec,00418__salted__extended__cp200B__single.16b11d584531ea6f8e334bf92e5560ec,extended,200B,single,,Fees,Fe​es,,
00418.16b11d584531ea6f8e334bf92e5560ec,00418__salted__extended__cp200C__single.16b11d584531ea6f8e334bf92e5560ec,extended,200C,single,,Fees,Fe‌es,,
00418.16b11d584531ea6f8e334bf92e5560ec,00418__salted__extended__cp200D__single.16b11d584531ea6f8e334bf92e5560ec,extended,200D,single,,Fees,Fe‍es,,
00418.16b11d584531ea6f8e334bf92e5560ec,00418__salted__extended__cp00AD__single.16b11d584531ea6f8e334bf92e5560ec,extended,00AD,single,,Fees,Fe­es,,
00419.141092086514a246ff2ff8d4bc523400,00419__salted__extended__cp200B__single.141092086514a246ff2ff8d4bc523400,extended,200B,single,,Earning,Ea​rning,"qualified, qualified","qu​alified, qu​alified"
00419.141092086514a246ff2ff8d4bc523400,00419__salted__extended__cp200C__single.141092086514a246ff2ff8d4bc523400,extended,200C,single,,Earning,Ea‌rning,"qualified, qualified","qu‌alified, qu‌alified"
00419.141092086514a246ff2ff8d4bc523400,00419__salted__extended__cp200D__single.141092086514a246ff2ff8d4bc523400,extended,200D,single,,Earning,Ea‍rning,"qualified, qualified","qu‍alified, qu‍alified"
00419.141092086514a246ff2ff8d4bc523400,00419__salted__extended__cp00AD__single.141092086514a246ff2ff8d4bc523400,extended,00AD,single,,Earning,Ea­rning,"qualified, qualified","qu­alified, qu­alified"
00419.ed8fc5e3278d344ba897c8e9614acb38,00419__salted__extended__cp200B__single.ed8fc5e3278d344ba897c8e9614acb38,extended,200B,single,,,,Click,Cl​ick
00419.ed8fc5e3278d344ba897c8e9614acb38,00419__salted__extended__cp200C__single.ed8fc5e3278d344ba897c8e9614acb38,extended,200C,single,,,,Click,Cl‌ick
00419.ed8fc5e3278d344ba897c8e9614acb38,00419__salted__extended__cp200D__single.ed8fc5e3278d344ba897c8e9614acb38,extended,200D,single,,,,Click,Cl‍ick
00419.ed8fc5e3278d344ba897c8e9614acb38,00419__salted__extended__cp00AD__single.ed8fc5e3278d344ba897c8e9614acb38,extended,00AD,single,,,,Click,Cl­ick
00420.e208f7d65551c01efaa3b4ee4bc4df3c,00420__salted__extended__cp200B__single.e208f7d65551c01efaa3b4ee4bc4df3c,extended,200B,single,,,,"fees, Sincerely, promotional","fe​es, Si​ncerely, pr​omotional"
00420.e208f7d65551c01efaa3b4ee4bc4df3c,00420__salted__extended__cp200C__single.e208f7d65551c01efaa3b4ee4bc4df3c,extended,200C,single,,,,"fees, Sincerely, promotional","fe‌es, Si‌ncerely, pr‌omotional"
00420.e208f7d65551c01efaa3b4ee4bc4df3c,00420__salted__extended__cp200D__single.e208f7d65551c01efaa3b4ee4bc4df3c,extended,200D,single,,,,"fees, Sincerely, promotional","fe‍es, Si‍ncerely, pr‍omotional"
00420.e208f7d65551c01efaa3b4ee4bc4df3c,00420__salted__extended__cp00AD__single.e208f7d65551c01efaa3b4ee4bc4df3c,extended,00AD,single,,,,"fees, Sincerely, promotional","fe­es, Si­ncerely, pr­omotional"
00422.7d5baf3fe64de8647b41aeb820ada876,00422__salted__extended__cp200B__single.7d5baf3fe64de8647b41aeb820ada876,extended,200B,single,,Earn,Ea​rn,"ATTAINED, profitable, testimonials","AT​TAINED, pr​ofitable, te​stimonials"
00422.7d5baf3fe64de8647b41aeb820ada876,00422__salted__extended__cp200C__single.7d5baf3fe64de8647b41aeb820ada876,extended,200C,single,,Earn,Ea‌rn,"ATTAINED, profitable, testimonials","AT‌TAINED, pr‌ofitable, te‌stimonials"
00422.7d5baf3fe64de8647b41aeb820ada876,00422__salted__extended__cp200D__single.7d5baf3fe64de8647b41aeb820ada876,extended,200D,single,,Earn,Ea‍rn,"ATTAINED, profitable, testimonials","AT‍TAINED, pr‍ofitable, te‍stimonials"
00422.7d5baf3fe64de8647b41aeb820ada876,00422__salted__extended__cp00AD__single.7d5baf3fe64de8647b41aeb820ada876,extended,00AD,single,,Earn,Ea­rn,"ATTAINED, profitable, testimonials","AT­TAINED, pr­ofitable, te­stimonials"
00422.bdbc5ccdcc5058dcb4808fbdbaceffeb,00422__salted__extended__cp200B__single.bdbc5ccdcc5058dcb4808fbdbaceffeb,extended,200B,single,,,,"NBC, CBS, Oprah","NB​C, CB​S, Op​rah"
00422.bdbc5ccdcc5058dcb4808fbdbaceffeb,00422__salted__extended__cp200C__single.bdbc5ccdcc5058dcb4808fbdbaceffeb,extended,200C,single,,,,"NBC, CBS, Oprah","NB‌C, CB‌S, Op‌rah"
00422.bdbc5ccdcc5058dcb4808fbdbaceffeb,00422__salted__extended__cp200D__single.bdbc5ccdcc5058dcb4808fbdbaceffeb,extended,200D,single,,,,"NBC, CBS, Oprah","NB‍C, CB‍S, Op‍rah"
00422.bdbc5ccdcc5058dcb4808fbdbaceffeb,00422__salted__extended__cp00AD__single.bdbc5ccdcc5058dcb4808fbdbaceffeb,extended,00AD,single,,,,"NBC, CBS, Oprah","NB­C, CB­S, Op­rah"
00423.bee32224fd8c9c8c06e2099d9c2adccd,00423__salted__extended__cp200B__single.bee32224fd8c9c8c06e2099d9c2adccd,extended,200B,single,,Earn,Ea​rn,"ATTAINED, profitable, testimonials","AT​TAINED, pr​ofitable, te​stimonials"
00423.bee32224fd8c9c8c06e2099d9c2adccd,00423__salted__extended__cp200C__single.bee32224fd8c9c8c06e2099d9c2adccd,extended,200C,single,,Earn,Ea‌rn,"ATTAINED, profitable, testimonials","AT‌TAINED, pr‌ofitable, te‌stimonials"
00423.bee32224fd8c9c8c06e2099d9c2adccd,00423__salted__extended__cp200D__single.bee32224fd8c9c8c06e2099d9c2adccd,extended,200D,single,,Earn,Ea‍rn,"ATTAINED, profitable, testimonials","AT‍TAINED, pr‍ofitable, te‍stimonials"
00423.bee32224fd8c9c8c06e2099d9c2adccd,00423__salted__extended__cp00AD__single.bee32224fd8c9c8c06e2099d9c2adccd,extended,00AD,single,,Earn,Ea­rn,"ATTAINED, profitable, testimonials","AT­TAINED, pr­ofitable, te­stimonials"
00424.762694cd4e29f39d544e03cd3c974a25,00424__salted__extended__cp200B__single.762694cd4e29f39d544e03cd3c974a25,extended,200B,single,,Guaranteed,Gu​aranteed,"receive, receive, communication","re​ceive, re​ceive, co​mmunication"
00424.762694cd4e29f39d544e03cd3c974a25,00424__salted__extended__cp200C__single.762694cd4e29f39d544e03cd3c974a25,extended,200C,single,,Guaranteed,Gu‌aranteed,"receive, receive, communication","re‌ceive, re‌ceive, co‌mmunication"
00424.762694cd4e29f39d544e03cd3c974a25,00424__salted__extended__cp200D__single.762694cd4e29f39d544e03cd3c974a25,extended,200D,single,,Guaranteed,Gu‍aranteed,"receive, receive, communication","re‍ceive, re‍ceive, co‍mmunication"
00424.762694cd4e29f39d544e03cd3c974a25,00424__salted__extended__cp00AD__single.762694cd4e29f39d544e03cd3c974a25,extended,00AD,single,,Guaranteed,Gu­aranteed,"receive, receive, communication","re­ceive, re­ceive, co­mmunication"
00424.9acca894169b3162d76ebddb69097f3c,00424__salted__extended__cp200B__single.9acca894169b3162d76ebddb69097f3c,extended,200B,single,,Guaranteed,Gu​aranteed,,
00424.9acca894169b3162d76ebddb69097f3c,00424__salted__extended__cp200C__single.9acca894169b3162d76ebddb69097f3c,extended,200C,single,,Guaranteed,Gu‌aranteed,,
00424.9acca894169b3162d76ebddb69097f3c,00424__salted__extended__cp200D__single.9acca894169b3162d76ebddb69097f3c,extended,200D,single,,Guaranteed,Gu‍aranteed,,
00424.9acca894169b3162d76ebddb69097f3c,00424__salted__extended__cp00AD__single.9acca894169b3162d76ebddb69097f3c,extended,00AD,single,,Guaranteed,Gu­aranteed,,
00426.36b36cbe96efe9001c4d80363ea7ed4e,00426__salted__extended__cp200B__single.36b36cbe96efe9001c4d80363ea7ed4e,extended,200B,single,,,,"mortgage, loan, fees","mo​rtgage, lo​an, fe​es"
00426.36b36cbe96efe9001c4d80363ea7ed4e,00426__salted__extended__cp200C__single.36b36cbe96efe9001c4d80363ea7ed4e,extended,200C,single,,,,"mortgage, loan, fees","mo‌rtgage, lo‌an, fe‌es"
00426.36b36cbe96efe9001c4d80363ea7ed4e,00426__salted__extended__cp200D__single.36b36cbe96efe9001c4d80363ea7ed4e,extended,200D,single,,,,"mortgage, loan, fees","mo‍rtgage, lo‍an, fe‍es"
00426.36b36cbe96efe9001c4d80363ea7ed4e,00426__salted__extended__cp00AD__single.36b36cbe96efe9001c4d80363ea7ed4e,extended,00AD,single,,,,"mortgage, loan, fees","mo­rtgage, lo­an, fe­es"
00426.c743511223777504c01a35f90914b230,00426__salted__extended__cp200B__single.c743511223777504c01a35f90914b230,extended,200B,single,,Fees,Fe​es,,
00426.c743511223777504c01a35f90914b230,00426__salted__extended__cp200C__single.c743511223777504c01a35f90914b230,extended,200C,single,,Fees,Fe‌es,,
00426.c743511223777504c01a35f90914b230,00426__salted__extended__cp200D__single.c743511223777504c01a35f90914b230,extended,200D,single,,Fees,Fe‍es,,
00426.c743511223777504c01a35f90914b230,00426__salted__extended__cp00AD__single.c743511223777504c01a35f90914b230,extended,00AD,single,,Fees,Fe­es,,
00427.fa1252c91a3b89bb64bc2bc217725e26,00427__salted__extended__cp200B__single.fa1252c91a3b89bb64bc2bc217725e26,extended,200B,single,,,,"profitable, advertisement, click","pr​ofitable, ad​vertisement, cl​ick"
00427.fa1252c91a3b89bb64bc2bc217725e26,00427__salted__extended__cp200C__single.fa1252c91a3b89bb64bc2bc217725e26,extended,200C,single,,,,"profitable, advertisement, click","pr‌ofitable, ad‌vertisement, cl‌ick"
00427.fa1252c91a3b89bb64bc2bc217725e26,00427__salted__extended__cp200D__single.fa1252c91a3b89bb64bc2bc217725e26,extended,200D,single,,,,"profitable, advertisement, click","pr‍ofitable, ad‍vertisement, cl‍ick"
00427.fa1252c91a3b89bb64bc2bc217725e26,00427__salted__extended__cp00AD__single.fa1252c91a3b89bb64bc2bc217725e26,extended,00AD,single,,,,"profitable, advertisement, click","pr­ofitable, ad­vertisement, cl­ick"
00428.5fe2c974b49315a6fbf9f3b09b47f030,00428__salted__extended__cp200B__single.5fe2c974b49315a6fbf9f3b09b47f030,extended,200B,single,,Insurance,In​surance,,
00428.5fe2c974b49315a6fbf9f3b09b47f030,00428__salted__extended__cp200C__single.5fe2c974b49315a6fbf9f3b09b47f030,extended,200C,single,,Insurance,In‌surance,,
00428.5fe2c974b49315a6fbf9f3b09b47f030,00428__salted__extended__cp200D__single.5fe2c974b49315a6fbf9f3b09b47f030,extended,200D,single,,Insurance,In‍surance,,
00428.5fe2c974b49315a6fbf9f3b09b47f030,00428__salted__extended__cp00AD__single.5fe2c974b49315a6fbf9f3b09b47f030,extended,00AD,single,,Insurance,In­surance,,
00428.a7bbcb15affd49a93d516d5ed5700d66,00428__salted__extended__cp200B__single.a7bbcb15affd49a93d516d5ed5700d66,extended,200B,single,,,,click,cl​ick
00428.a7bbcb15affd49a93d516d5ed5700d66,00428__salted__extended__cp200C__single.a7bbcb15affd49a93d516d5ed5700d66,extended,200C,single,,,,click,cl‌ick
00428.a7bbcb15affd49a93d516d5ed5700d66,00428__salted__extended__cp200D__single.a7bbcb15affd49a93d516d5ed5700d66,extended,200D,single,,,,click,cl‍ick
00428.a7bbcb15affd49a93d516d5ed5700d66,00428__salted__extended__cp00AD__single.a7bbcb15affd49a93d516d5ed5700d66,extended,00AD,single,,,,click,cl­ick
00429.0061e48e64f9ce93ffae69bba9151357,00429__salted__extended__cp200B__single.0061e48e64f9ce93ffae69bba9151357,extended,200B,single,,,,"adv, Sincerely, communication","ad​v, Si​ncerely, co​mmunication"
00429.0061e48e64f9ce93ffae69bba9151357,00429__salted__extended__cp200C__single.0061e48e64f9ce93ffae69bba9151357,extended,200C,single,,,,"adv, Sincerely, communication","ad‌v, Si‌ncerely, co‌mmunication"
00429.0061e48e64f9ce93ffae69bba9151357,00429__salted__extended__cp200D__single.0061e48e64f9ce93ffae69bba9151357,extended,200D,single,,,,"adv, Sincerely, communication","ad‍v, Si‍ncerely, co‍mmunication"
00429.0061e48e64f9ce93ffae69bba9151357,00429__salted__extended__cp00AD__single.0061e48e64f9ce93ffae69bba9151357,extended,00AD,single,,,,"adv, Sincerely, communication","ad­v, Si­ncerely, co­mmunication"
00430.d2179c2841013fea688db8bbcf60b3b0,00430__salted__extended__cp200B__single.d2179c2841013fea688db8bbcf60b3b0,extended,200B,single,,Fees,Fe​es,,
00430.d2179c2841013fea688db8bbcf60b3b0,00430__salted__extended__cp200C__single.d2179c2841013fea688db8bbcf60b3b0,extended,200C,single,,Fees,Fe‌es,,
00430.d2179c2841013fea688db8bbcf60b3b0,00430__salted__extended__cp200D__single.d2179c2841013fea688db8bbcf60b3b0,extended,200D,single,,Fees,Fe‍es,,
00430.d2179c2841013fea688db8bbcf60b3b0,00430__salted__extended__cp00AD__single.d2179c2841013fea688db8bbcf60b3b0,extended,00AD,single,,Fees,Fe­es,,
00431.12b2043fed99f1202eb0677969d1a61e,00431__salted__extended__cp200B__single.12b2043fed99f1202eb0677969d1a61e,extended,200B,single,,ADV,AD​V,,
00431.12b2043fed99f1202eb0677969d1a61e,00431__salted__extended__cp200C__single.12b2043fed99f1202eb0677969d1a61e,extended,200C,single,,ADV,AD‌V,,
00431.12b2043fed99f1202eb0677969d1a61e,00431__salted__extended__cp200D__single.12b2043fed99f1202eb0677969d1a61e,extended,200D,single,,ADV,AD‍V,,
00431.12b2043fed99f1202eb0677969d1a61e,00431__salted__extended__cp00AD__single.12b2043fed99f1202eb0677969d1a61e,extended,00AD,single,,ADV,AD­V,,
00431.c6a126091c0bcbc44e58e238ca4d02c6,00431__salted__extended__cp200B__single.c6a126091c0bcbc44e58e238ca4d02c6,extended,200B,single,,ADV,AD​V,,
00431.c6a126091c0bcbc44e58e238ca4d02c6,00431__salted__extended__cp200C__single.c6a126091c0bcbc44e58e238ca4d02c6,extended,200C,single,,ADV,AD‌V,,
00431.c6a126091c0bcbc44e58e238ca4d02c6,00431__salted__extended__cp200D__single.c6a126091c0bcbc44e58e238ca4d02c6,extended,200D,single,,ADV,AD‍V,,
00431.c6a126091c0bcbc44e58e238ca4d02c6,00431__salted__extended__cp00AD__single.c6a126091c0bcbc44e58e238ca4d02c6,extended,00AD,single,,ADV,AD­V,,
00432.40ceb2dcb26e292ea6fd8669dfc9b4c5,00432__salted__extended__cp200B__single.40ceb2dcb26e292ea6fd8669dfc9b4c5,extended,200B,single,,,,"ASSISTANCE, DEPOSIT, SINCERELY","AS​SISTANCE, DE​POSIT, SI​NCERELY"
00432.40ceb2dcb26e292ea6fd8669dfc9b4c5,00432__salted__extended__cp200C__single.40ceb2dcb26e292ea6fd8669dfc9b4c5,extended,200C,single,,,,"ASSISTANCE, DEPOSIT, SINCERELY","AS‌SISTANCE, DE‌POSIT, SI‌NCERELY"
00432.40ceb2dcb26e292ea6fd8669dfc9b4c5,00432__salted__extended__cp200D__single.40ceb2dcb26e292ea6fd8669dfc9b4c5,extended,200D,single,,,,"ASSISTANCE, DEPOSIT, SINCERELY","AS‍SISTANCE, DE‍POSIT, SI‍NCERELY"
00432.40ceb2dcb26e292ea6fd8669dfc9b4c5,00432__salted__extended__cp00AD__single.40ceb2dcb26e292ea6fd8669dfc9b4c5,extended,00AD,single,,,,"ASSISTANCE, DEPOSIT, SINCERELY","AS­SISTANCE, DE­POSIT, SI­NCERELY"
00434.8507c67a652e01636df9b92a0a397193,00434__salted__extended__cp200B__single.8507c67a652e01636df9b92a0a397193,extended,200B,single,,Mortgage,Mo​rtgage,,
00434.8507c67a652e01636df9b92a0a397193,00434__salted__extended__cp200C__single.8507c67a652e01636df9b92a0a397193,extended,200C,single,,Mortgage,Mo‌rtgage,,
00434.8507c67a652e01636df9b92a0a397193,00434__salted__extended__cp200D__single.8507c67a652e01636df9b92a0a397193,extended,200D,single,,Mortgage,Mo‍rtgage,,
00434.8507c67a652e01636df9b92a0a397193,00434__salted__extended__cp00AD__single.8507c67a652e01636df9b92a0a397193,extended,00AD,single,,Mortgage,Mo­rtgage,,
00435.69467ebbdbdd2d891624bf8fccda579f,00435__salted__extended__cp200B__single.69467ebbdbdd2d891624bf8fccda579f,extended,200B,single,,,,receive,re​ceive
00435.69467ebbdbdd2d891624bf8fccda579f,00435__salted__extended__cp200C__single.69467ebbdbdd2d891624bf8fccda579f,extended,200C,single,,,,receive,re‌ceive
00435.69467ebbdbdd2d891624bf8fccda579f,00435__salted__extended__cp200D__single.69467ebbdbdd2d891624bf8fccda579f,extended,200D,single,,,,receive,re‍ceive
00435.69467ebbdbdd2d891624bf8fccda579f,00435__salted__extended__cp00AD__single.69467ebbdbdd2d891624bf8fccda579f,extended,00AD,single,,,,receive,re­ceive
00436.4ef1bd17d9202e4229485da7a47afd6c,00436__salted__extended__cp200B__single.4ef1bd17d9202e4229485da7a47afd6c,extended,200B,single,,,,"Insurance, receive, mailings","In​surance, re​ceive, ma​ilings"
00436.4ef1bd17d9202e4229485da7a47afd6c,00436__salted__extended__cp200C__single.4ef1bd17d9202e4229485da7a47afd6c,extended,200C,single,,,,"Insurance, receive, mailings","In‌surance, re‌ceive, ma‌ilings"
00436.4ef1bd17d9202e4229485da7a47afd6c,00436__salted__extended__cp200D__single.4ef1bd17d9202e4229485da7a47afd6c,extended,200D,single,,,,"Insurance, receive, mailings","In‍surance, re‍ceive, ma‍ilings"
00436.4ef1bd17d9202e4229485da7a47afd6c,00436__salted__extended__cp00AD__single.4ef1bd17d9202e4229485da7a47afd6c,extended,00AD,single,,,,"Insurance, receive, mailings","In­surance, re­ceive, ma­ilings"
00436.9fc1d953c6a282c5b66e4ed1cf1b866f,00436__salted__extended__cp200B__single.9fc1d953c6a282c5b66e4ed1cf1b866f,extended,200B,single,,annuity,an​nuity,"commissions, secrets, receive","co​mmissions, se​crets, re​ceive"
00436.9fc1d953c6a282c5b66e4ed1cf1b866f,00436__salted__extended__cp200C__single.9fc1d953c6a282c5b66e4ed1cf1b866f,extended,200C,single,,annuity,an‌nuity,"commissions, secrets, receive","co‌mmissions, se‌crets, re‌ceive"
00436.9fc1d953c6a282c5b66e4ed1cf1b866f,00436__salted__extended__cp200D__single.9fc1d953c6a282c5b66e4ed1cf1b866f,extended,200D,single,,annuity,an‍nuity,"commissions, secrets, receive","co‍mmissions, se‍crets, re‍ceive"
00436.9fc1d953c6a282c5b66e4ed1cf1b866f,00436__salted__extended__cp00AD__single.9fc1d953c6a282c5b66e4ed1cf1b866f,extended,00AD,single,,annuity,an­nuity,"commissions, secrets, receive","co­mmissions, se­crets, re­ceive"
00438.41295e1df4b651b7611316331b8468e4,00438__salted__extended__cp200B__single.41295e1df4b651b7611316331b8468e4,extended,200B,single,,Lenders,Le​nders,"lenders, Refinance, Mortgage","le​nders, Re​finance, Mo​rtgage"
00438.41295e1df4b651b7611316331b8468e4,00438__salted__extended__cp200C__single.41295e1df4b651b7611316331b8468e4,extended,200C,single,,Lenders,Le‌nders,"lenders, Refinance, Mortgage","le‌nders, Re‌finance, Mo‌rtgage"
00438.41295e1df4b651b7611316331b8468e4,00438__salted__extended__cp200D__single.41295e1df4b651b7611316331b8468e4,extended,200D,single,,Lenders,Le‍nders,"lenders, Refinance, Mortgage","le‍nders, Re‍finance, Mo‍rtgage"
00438.41295e1df4b651b7611316331b8468e4,00438__salted__extended__cp00AD__single.41295e1df4b651b7611316331b8468e4,extended,00AD,single,,Lenders,Le­nders,"lenders, Refinance, Mortgage","le­nders, Re­finance, Mo­rtgage"
00439.eacffbae5543e6be58178c0d3eb95041,00439__salted__extended__cp200B__single.eacffbae5543e6be58178c0d3eb95041,extended,200B,single,,,,"secrets, Click, receive","se​crets, Cl​ick, re​ceive"
00439.eacffbae5543e6be58178c0d3eb95041,00439__salted__extended__cp200C__single.eacffbae5543e6be58178c0d3eb95041,extended,200C,single,,,,"secrets, Click, receive","se‌crets, Cl‌ick, re‌ceive"
00439.eacffbae5543e6be58178c0d3eb95041,00439__salted__extended__cp200D__single.eacffbae5543e6be58178c0d3eb95041,extended,200D,single,,,,"secrets, Click, receive","se‍crets, Cl‍ick, re‍ceive"
00439.eacffbae5543e6be58178c0d3eb95041,00439__salted__extended__cp00AD__single.eacffbae5543e6be58178c0d3eb95041,extended,00AD,single,,,,"secrets, Click, receive","se­crets, Cl­ick, re­ceive"
00440.647d9eb44fd0cb069ea92be204966a8e,00440__salted__extended__cp200B__single.647d9eb44fd0cb069ea92be204966a8e,extended,200B,single,,SYSTEMWORKS,SY​STEMWORKS,,
00440.647d9eb44fd0cb069ea92be204966a8e,00440__salted__extended__cp200C__single.647d9eb44fd0cb069ea92be204966a8e,extended,200C,single,,SYSTEMWORKS,SY‌STEMWORKS,,
00440.647d9eb44fd0cb069ea92be204966a8e,00440__salted__extended__cp200D__single.647d9eb44fd0cb069ea92be204966a8e,extended,200D,single,,SYSTEMWORKS,SY‍STEMWORKS,,
00440.647d9eb44fd0cb069ea92be204966a8e,00440__salted__extended__cp00AD__single.647d9eb44fd0cb069ea92be204966a8e,extended,00AD,single,,SYSTEMWORKS,SY­STEMWORKS,,
00440.cefb7176fea7baf69c5e9d8b2f1a2b54,00440__salted__extended__cp200B__single.cefb7176fea7baf69c5e9d8b2f1a2b54,extended,200B,single,,,,"receive, Sincerely, click","re​ceive, Si​ncerely, cl​ick"
00440.cefb7176fea7baf69c5e9d8b2f1a2b54,00440__salted__extended__cp200C__single.cefb7176fea7baf69c5e9d8b2f1a2b54,extended,200C,single,,,,"receive, Sincerely, click","re‌ceive, Si‌ncerely, cl‌ick"
00440.cefb7176fea7baf69c5e9d8b2f1a2b54,00440__salted__extended__cp200D__single.cefb7176fea7baf69c5e9d8b2f1a2b54,extended,200D,single,,,,"receive, Sincerely, click","re‍ceive, Si‍ncerely, cl‍ick"
00440.cefb7176fea7baf69c5e9d8b2f1a2b54,00440__salted__extended__cp00AD__single.cefb7176fea7baf69c5e9d8b2f1a2b54,extended,00AD,single,,,,"receive, Sincerely, click","re­ceive, Si­ncerely, cl­ick"
00441.3b9c3055e08bda4c0f7eea43749e324c,00441__salted__extended__cp200B__single.3b9c3055e08bda4c0f7eea43749e324c,extended,200B,single,,Mortgage,Mo​rtgage,,
00441.3b9c3055e08bda4c0f7eea43749e324c,00441__salted__extended__cp200C__single.3b9c3055e08bda4c0f7eea43749e324c,extended,200C,single,,Mortgage,Mo‌rtgage,,
00441.3b9c3055e08bda4c0f7eea43749e324c,00441__salted__extended__cp200D__single.3b9c3055e08bda4c0f7eea43749e324c,extended,200D,single,,Mortgage,Mo‍rtgage,,
00441.3b9c3055e08bda4c0f7eea43749e324c,00441__salted__extended__cp00AD__single.3b9c3055e08bda4c0f7eea43749e324c,extended,00AD,single,,Mortgage,Mo­rtgage,,
00441.77768298934252b2fa200e7d9482993b,00441__salted__extended__cp200B__single.77768298934252b2fa200e7d9482993b,extended,200B,single,,Bills,Bi​lls,,
00441.77768298934252b2fa200e7d9482993b,00441__salted__extended__cp200C__single.77768298934252b2fa200e7d9482993b,extended,200C,single,,Bills,Bi‌lls,,
00441.77768298934252b2fa200e7d9482993b,00441__salted__extended__cp200D__single.77768298934252b2fa200e7d9482993b,extended,200D,single,,Bills,Bi‍lls,,
00441.77768298934252b2fa200e7d9482993b,00441__salted__extended__cp00AD__single.77768298934252b2fa200e7d9482993b,extended,00AD,single,,Bills,Bi­lls,,
00442.6a4db031f5561b90c04bb3d3aee31e85,00442__salted__extended__cp200B__single.6a4db031f5561b90c04bb3d3aee31e85,extended,200B,single,,,,"Loans, Insurance, receive","Lo​ans, In​surance, re​ceive"
00442.6a4db031f5561b90c04bb3d3aee31e85,00442__salted__extended__cp200C__single.6a4db031f5561b90c04bb3d3aee31e85,extended,200C,single,,,,"Loans, Insurance, receive","Lo‌ans, In‌surance, re‌ceive"
00442.6a4db031f5561b90c04bb3d3aee31e85,00442__salted__extended__cp200D__single.6a4db031f5561b90c04bb3d3aee31e85,extended,200D,single,,,,"Loans, Insurance, receive","Lo‍ans, In‍surance, re‍ceive"
00442.6a4db031f5561b90c04bb3d3aee31e85,00442__salted__extended__cp00AD__single.6a4db031f5561b90c04bb3d3aee31e85,extended,00AD,single,,,,"Loans, Insurance, receive","Lo­ans, In­surance, re­ceive"
00443.70c948096c848777e165daacad17ce78,00443__salted__extended__cp200B__single.70c948096c848777e165daacad17ce78,extended,200B,single,,,,excite,ex​cite
00443.70c948096c848777e165daacad17ce78,00443__salted__extended__cp200C__single.70c948096c848777e165daacad17ce78,extended,200C,single,,,,excite,ex‌cite
00443.70c948096c848777e165daacad17ce78,00443__salted__extended__cp200D__single.70c948096c848777e165daacad17ce78,extended,200D,single,,,,excite,ex‍cite
00443.70c948096c848777e165daacad17ce78,00443__salted__extended__cp00AD__single.70c948096c848777e165daacad17ce78,extended,00AD,single,,,,excite,ex­cite
00444.2657e8ab181a4ba04b6515d5c379b9f0,00444__salted__extended__cp200B__single.2657e8ab181a4ba04b6515d5c379b9f0,extended,200B,single,,Insurance,In​surance,,
00444.2657e8ab181a4ba04b6515d5c379b9f0,00444__salted__extended__cp200C__single.2657e8ab181a4ba04b6515d5c379b9f0,extended,200C,single,,Insurance,In‌surance,,
00444.2657e8ab181a4ba04b6515d5c379b9f0,00444__salted__extended__cp200D__single.2657e8ab181a4ba04b6515d5c379b9f0,extended,200D,single,,Insurance,In‍surance,,
00444.2657e8ab181a4ba04b6515d5c379b9f0,00444__salted__extended__cp00AD__single.2657e8ab181a4ba04b6515d5c379b9f0,extended,00AD,single,,Insurance,In­surance,,
00444.33afc8c1f9cea3100ca8502e8a785259,00444__salted__extended__cp200B__single.33afc8c1f9cea3100ca8502e8a785259,extended,200B,single,,,,"click, click, click","cl​ick, cl​ick, cl​ick"
00444.33afc8c1f9cea3100ca8502e8a785259,00444__salted__extended__cp200C__single.33afc8c1f9cea3100ca8502e8a785259,extended,200C,single,,,,"click, click, click","cl‌ick, cl‌ick, cl‌ick"
00444.33afc8c1f9cea3100ca8502e8a785259,00444__salted__extended__cp200D__single.33afc8c1f9cea3100ca8502e8a785259,extended,200D,single,,,,"click, click, click","cl‍ick, cl‍ick, cl‍ick"
00444.33afc8c1f9cea3100ca8502e8a785259,00444__salted__extended__cp00AD__single.33afc8c1f9cea3100ca8502e8a785259,extended,00AD,single,,,,"click, click, click","cl­ick, cl­ick, cl­ick"
00445.94d3ccfafc541255ff46625091d333e4,00445__salted__extended__cp200B__single.94d3ccfafc541255ff46625091d333e4,extended,200B,single,,,,"Earn, Sincerely","Ea​rn, Si​ncerely"
00445.94d3ccfafc541255ff46625091d333e4,00445__salted__extended__cp200C__single.94d3ccfafc541255ff46625091d333e4,extended,200C,single,,,,"Earn, Sincerely","Ea‌rn, Si‌ncerely"
00445.94d3ccfafc541255ff46625091d333e4,00445__salted__extended__cp200D__single.94d3ccfafc541255ff46625091d333e4,extended,200D,single,,,,"Earn, Sincerely","Ea‍rn, Si‍ncerely"
00445.94d3ccfafc541255ff46625091d333e4,00445__salted__extended__cp00AD__single.94d3ccfafc541255ff46625091d333e4,extended,00AD,single,,,,"Earn, Sincerely","Ea­rn, Si­ncerely"
00445.a5edbd936b830407d1a56b31ff3b82c0,00445__salted__extended__cp200B__single.a5edbd936b830407d1a56b31ff3b82c0,extended,200B,single,,Herbal,He​rbal,,
00445.a5edbd936b830407d1a56b31ff3b82c0,00445__salted__extended__cp200C__single.a5edbd936b830407d1a56b31ff3b82c0,extended,200C,single,,Herbal,He‌rbal,,
00445.a5edbd936b830407d1a56b31ff3b82c0,00445__salted__extended__cp200D__single.a5edbd936b830407d1a56b31ff3b82c0,extended,200D,single,,Herbal,He‍rbal,,
00445.a5edbd936b830407d1a56b31ff3b82c0,00445__salted__extended__cp00AD__single.a5edbd936b830407d1a56b31ff3b82c0,extended,00AD,single,,Herbal,He­rbal,,
00447.32e588c3a1d8888d737f360f825713b8,00447__salted__extended__cp200B__single.32e588c3a1d8888d737f360f825713b8,extended,200B,single,,,,"guaranteed, premium, attained","gu​aranteed, pr​emium, at​tained"
00447.32e588c3a1d8888d737f360f825713b8,00447__salted__extended__cp200C__single.32e588c3a1d8888d737f360f825713b8,extended,200C,single,,,,"guaranteed, premium, attained","gu‌aranteed, pr‌emium, at‌tained"
00447.32e588c3a1d8888d737f360f825713b8,00447__salted__extended__cp200D__single.32e588c3a1d8888d737f360f825713b8,extended,200D,single,,,,"guaranteed, premium, attained","gu‍aranteed, pr‍emium, at‍tained"
00447.32e588c3a1d8888d737f360f825713b8,00447__salted__extended__cp00AD__single.32e588c3a1d8888d737f360f825713b8,extended,00AD,single,,,,"guaranteed, premium, attained","gu­aranteed, pr­emium, at­tained"
00447.bd5eb01e94f6d127465bf325513b2516,00447__salted__extended__cp200B__single.bd5eb01e94f6d127465bf325513b2516,extended,200B,single,,,,"btamail, btamail, guaranteed","bt​amail, bt​amail, gu​aranteed"
00447.bd5eb01e94f6d127465bf325513b2516,00447__salted__extended__cp200C__single.bd5eb01e94f6d127465bf325513b2516,extended,200C,single,,,,"btamail, btamail, guaranteed","bt‌amail, bt‌amail, gu‌aranteed"
00447.bd5eb01e94f6d127465bf325513b2516,00447__salted__extended__cp200D__single.bd5eb01e94f6d127465bf325513b2516,extended,200D,single,,,,"btamail, btamail, guaranteed","bt‍amail, bt‍amail, gu‍aranteed"
00447.bd5eb01e94f6d127465bf325513b2516,00447__salted__extended__cp00AD__single.bd5eb01e94f6d127465bf325513b2516,extended,00AD,single,,,,"btamail, btamail, guaranteed","bt­amail, bt­amail, gu­aranteed"
00448.65d06c45ea553e3fddf51645ae6b07f0,00448__salted__extended__cp200B__single.65d06c45ea553e3fddf51645ae6b07f0,extended,200B,single,,ADV,AD​V,,
00448.65d06c45ea553e3fddf51645ae6b07f0,00448__salted__extended__cp200C__single.65d06c45ea553e3fddf51645ae6b07f0,extended,200C,single,,ADV,AD‌V,,
00448.65d06c45ea553e3fddf51645ae6b07f0,00448__salted__extended__cp200D__single.65d06c45ea553e3fddf51645ae6b07f0,extended,200D,single,,ADV,AD‍V,,
00448.65d06c45ea553e3fddf51645ae6b07f0,00448__salted__extended__cp00AD__single.65d06c45ea553e3fddf51645ae6b07f0,extended,00AD,single,,ADV,AD­V,,
00451.bbff6de62f0340d64a044870dbedafba,00451__salted__extended__cp200B__single.bbff6de62f0340d64a044870dbedafba,extended,200B,single,,HGH,HG​H,,
00451.bbff6de62f0340d64a044870dbedafba,00451__salted__extended__cp200C__single.bbff6de62f0340d64a044870dbedafba,extended,200C,single,,HGH,HG‌H,,
00451.bbff6de62f0340d64a044870dbedafba,00451__salted__extended__cp200D__single.bbff6de62f0340d64a044870dbedafba,extended,200D,single,,HGH,HG‍H,,
00451.bbff6de62f0340d64a044870dbedafba,00451__salted__extended__cp00AD__single.bbff6de62f0340d64a044870dbedafba,extended,00AD,single,,HGH,HG­H,,
00452.ed43fc952c31c82aa29646edfbecb03f,00452__salted__extended__cp200B__single.ed43fc952c31c82aa29646edfbecb03f,extended,200B,single,,,,"fees, Sincerely, promotional","fe​es, Si​ncerely, pr​omotional"
00452.ed43fc952c31c82aa29646edfbecb03f,00452__salted__extended__cp200C__single.ed43fc952c31c82aa29646edfbecb03f,extended,200C,single,,,,"fees, Sincerely, promotional","fe‌es, Si‌ncerely, pr‌omotional"
00452.ed43fc952c31c82aa29646edfbecb03f,00452__salted__extended__cp200D__single.ed43fc952c31c82aa29646edfbecb03f,extended,200D,single,,,,"fees, Sincerely, promotional","fe‍es, Si‍ncerely, pr‍omotional"
00452.ed43fc952c31c82aa29646edfbecb03f,00452__salted__extended__cp00AD__single.ed43fc952c31c82aa29646edfbecb03f,extended,00AD,single,,,,"fees, Sincerely, promotional","fe­es, Si­ncerely, pr­omotional"
00453.7ff1db57e1e39cb658661ef45b83a715,00453__salted__extended__cp200B__single.7ff1db57e1e39cb658661ef45b83a715,extended,200B,single,,hGH,hG​H,"NBC, CBS, Oprah","NB​C, CB​S, Op​rah"
00453.7ff1db57e1e39cb658661ef45b83a715,00453__salted__extended__cp200C__single.7ff1db57e1e39cb658661ef45b83a715,extended,200C,single,,hGH,hG‌H,"NBC, CBS, Oprah","NB‌C, CB‌S, Op‌rah"
00453.7ff1db57e1e39cb658661ef45b83a715,00453__salted__extended__cp200D__single.7ff1db57e1e39cb658661ef45b83a715,extended,200D,single,,hGH,hG‍H,"NBC, CBS, Oprah","NB‍C, CB‍S, Op‍rah"
00453.7ff1db57e1e39cb658661ef45b83a715,00453__salted__extended__cp00AD__single.7ff1db57e1e39cb658661ef45b83a715,extended,00AD,single,,hGH,hG­H,"NBC, CBS, Oprah","NB­C, CB­S, Op­rah"
00454.1bb460b3ade9801644e4eb60e18d1f8d,00454__salted__extended__cp200B__single.1bb460b3ade9801644e4eb60e18d1f8d,extended,200B,single,,,,"Guaranteed, Annuity, Annuity","Gu​aranteed, An​nuity, An​nuity"
00454.1bb460b3ade9801644e4eb60e18d1f8d,00454__salted__extended__cp200C__single.1bb460b3ade9801644e4eb60e18d1f8d,extended,200C,single,,,,"Guaranteed, Annuity, Annuity","Gu‌aranteed, An‌nuity, An‌nuity"
00454.1bb460b3ade9801644e4eb60e18d1f8d,00454__salted__extended__cp200D__single.1bb460b3ade9801644e4eb60e18d1f8d,extended,200D,single,,,,"Guaranteed, Annuity, Annuity","Gu‍aranteed, An‍nuity, An‍nuity"
00454.1bb460b3ade9801644e4eb60e18d1f8d,00454__salted__extended__cp00AD__single.1bb460b3ade9801644e4eb60e18d1f8d,extended,00AD,single,,,,"Guaranteed, Annuity, Annuity","Gu­aranteed, An­nuity, An­nuity"
00454.ca6a81a702d62c23bc184a37a1cdb926,00454__salted__extended__cp200B__single.ca6a81a702d62c23bc184a37a1cdb926,extended,200B,single,,Loan,Lo​an,,
00454.ca6a81a702d62c23bc184a37a1cdb926,00454__salted__extended__cp200C__single.ca6a81a702d62c23bc184a37a1cdb926,extended,200C,single,,Loan,Lo‌an,,
00454.ca6a81a702d62c23bc184a37a1cdb926,00454__salted__extended__cp200D__single.ca6a81a702d62c23bc184a37a1cdb926,extended,200D,single,,Loan,Lo‍an,,
00454.ca6a81a702d62c23bc184a37a1cdb926,00454__salted__extended__cp00AD__single.ca6a81a702d62c23bc184a37a1cdb926,extended,00AD,single,,Loan,Lo­an,,
00455.8ccdcb205b6f8c3958bb3b2d39edca46,00455__salted__extended__cp200B__single.8ccdcb205b6f8c3958bb3b2d39edca46,extended,200B,single,,ADV,AD​V,,
00455.8ccdcb205b6f8c3958bb3b2d39edca46,00455__salted__extended__cp200C__single.8ccdcb205b6f8c3958bb3b2d39edca46,extended,200C,single,,ADV,AD‌V,,
00455.8ccdcb205b6f8c3958bb3b2d39edca46,00455__salted__extended__cp200D__single.8ccdcb205b6f8c3958bb3b2d39edca46,extended,200D,single,,ADV,AD‍V,,
00455.8ccdcb205b6f8c3958bb3b2d39edca46,00455__salted__extended__cp00AD__single.8ccdcb205b6f8c3958bb3b2d39edca46,extended,00AD,single,,ADV,AD­V,,
00456.c680a0c7d8d8d91bf3fb9f77ce6541b0,00456__salted__extended__cp200B__single.c680a0c7d8d8d91bf3fb9f77ce6541b0,extended,200B,single,,,,"NBC, CBS, Oprah","NB​C, CB​S, Op​rah"
00456.c680a0c7d8d8d91bf3fb9f77ce6541b0,00456__salted__extended__cp200C__single.c680a0c7d8d8d91bf3fb9f77ce6541b0,extended,200C,single,,,,"NBC, CBS, Oprah","NB‌C, CB‌S, Op‌rah"
00456.c680a0c7d8d8d91bf3fb9f77ce6541b0,00456__salted__extended__cp200D__single.c680a0c7d8d8d91bf3fb9f77ce6541b0,extended,200D,single,,,,"NBC, CBS, Oprah","NB‍C, CB‍S, Op‍rah"
00456.c680a0c7d8d8d91bf3fb9f77ce6541b0,00456__salted__extended__cp00AD__single.c680a0c7d8d8d91bf3fb9f77ce6541b0,extended,00AD,single,,,,"NBC, CBS, Oprah","NB­C, CB­S, Op­rah"
00458.62211764fde0dd7128ea4146268b40dd,00458__salted__extended__cp200B__single.62211764fde0dd7128ea4146268b40dd,extended,200B,single,,,,"earn, click, click","ea​rn, cl​ick, cl​ick"
00458.62211764fde0dd7128ea4146268b40dd,00458__salted__extended__cp200C__single.62211764fde0dd7128ea4146268b40dd,extended,200C,single,,,,"earn, click, click","ea‌rn, cl‌ick, cl‌ick"
00458.62211764fde0dd7128ea4146268b40dd,00458__salted__extended__cp200D__single.62211764fde0dd7128ea4146268b40dd,extended,200D,single,,,,"earn, click, click","ea‍rn, cl‍ick, cl‍ick"
00458.62211764fde0dd7128ea4146268b40dd,00458__salted__extended__cp00AD__single.62211764fde0dd7128ea4146268b40dd,extended,00AD,single,,,,"earn, click, click","ea­rn, cl­ick, cl­ick"
00459.2c2341d0342bfedc94464025126bedc6,00459__salted__extended__cp200B__single.2c2341d0342bfedc94464025126bedc6,extended,200B,single,,,,"click, compliance, removal","cl​ick, co​mpliance, re​moval"
00459.2c2341d0342bfedc94464025126bedc6,00459__salted__extended__cp200C__single.2c2341d0342bfedc94464025126bedc6,extended,200C,single,,,,"click, compliance, removal","cl‌ick, co‌mpliance, re‌moval"
00459.2c2341d0342bfedc94464025126bedc6,00459__salted__extended__cp200D__single.2c2341d0342bfedc94464025126bedc6,extended,200D,single,,,,"click, compliance, removal","cl‍ick, co‍mpliance, re‍moval"
00459.2c2341d0342bfedc94464025126bedc6,00459__salted__extended__cp00AD__single.2c2341d0342bfedc94464025126bedc6,extended,00AD,single,,,,"click, compliance, removal","cl­ick, co­mpliance, re­moval"
00459.e71f7a769d6b09c6d75bfbe8711dbbbe,00459__salted__extended__cp200B__single.e71f7a769d6b09c6d75bfbe8711dbbbe,extended,200B,single,,,,click,cl​ick
00459.e71f7a769d6b09c6d75bfbe8711dbbbe,00459__salted__extended__cp200C__single.e71f7a769d6b09c6d75bfbe8711dbbbe,extended,200C,single,,,,click,cl‌ick
00459.e71f7a769d6b09c6d75bfbe8711dbbbe,00459__salted__extended__cp200D__single.e71f7a769d6b09c6d75bfbe8711dbbbe,extended,200D,single,,,,click,cl‍ick
00459.e71f7a769d6b09c6d75bfbe8711dbbbe,00459__salted__extended__cp00AD__single.e71f7a769d6b09c6d75bfbe8711dbbbe,extended,00AD,single,,,,click,cl­ick
00460.8996dc28ab56dd7b6f35b956deceaf22,00460__salted__extended__cp200B__single.8996dc28ab56dd7b6f35b956deceaf22,extended,200B,single,,,,"Earn, Sincerely","Ea​rn, Si​ncerely"
00460.8996dc28ab56dd7b6f35b956deceaf22,00460__salted__extended__cp200C__single.8996dc28ab56dd7b6f35b956deceaf22,extended,200C,single,,,,"Earn, Sincerely","Ea‌rn, Si‌ncerely"
00460.8996dc28ab56dd7b6f35b956deceaf22,00460__salted__extended__cp200D__single.8996dc28ab56dd7b6f35b956deceaf22,extended,200D,single,,,,"Earn, Sincerely","Ea‍rn, Si‍ncerely"
00460.8996dc28ab56dd7b6f35b956deceaf22,00460__salted__extended__cp00AD__single.8996dc28ab56dd7b6f35b956deceaf22,extended,00AD,single,,,,"Earn, Sincerely","Ea­rn, Si­ncerely"
00462.868771c8074e480f540a1d2e6a5ac7cb,00462__salted__extended__cp200B__single.868771c8074e480f540a1d2e6a5ac7cb,extended,200B,single,,zzzz,zz​zz,"zzzz, zzzz, Click","zz​zz, zz​zz, Cl​ick"
00462.868771c8074e480f540a1d2e6a5ac7cb,00462__salted__extended__cp200C__single.868771c8074e480f540a1d2e6a5ac7cb,extended,200C,single,,zzzz,zz‌zz,"zzzz, zzzz, Click","zz‌zz, zz‌zz, Cl‌ick"
00462.868771c8074e480f540a1d2e6a5ac7cb,00462__salted__extended__cp200D__single.868771c8074e480f540a1d2e6a5ac7cb,extended,200D,single,,zzzz,zz‍zz,"zzzz, zzzz, Click","zz‍zz, zz‍zz, Cl‍ick"
00462.868771c8074e480f540a1d2e6a5ac7cb,00462__salted__extended__cp00AD__single.868771c8074e480f540a1d2e6a5ac7cb,extended,00AD,single,,zzzz,zz­zz,"zzzz, zzzz, Click","zz­zz, zz­zz, Cl­ick"
00462.d0ca75a85184ca9843d1dffdc8c98855,00462__salted__extended__cp200B__single.d0ca75a85184ca9843d1dffdc8c98855,extended,200B,single,,Viagra,Vi​agra,,
00462.d0ca75a85184ca9843d1dffdc8c98855,00462__salted__extended__cp200C__single.d0ca75a85184ca9843d1dffdc8c98855,extended,200C,single,,Viagra,Vi‌agra,,
00462.d0ca75a85184ca9843d1dffdc8c98855,00462__salted__extended__cp200D__single.d0ca75a85184ca9843d1dffdc8c98855,extended,200D,single,,Viagra,Vi‍agra,,
00462.d0ca75a85184ca9843d1dffdc8c98855,00462__salted__extended__cp00AD__single.d0ca75a85184ca9843d1dffdc8c98855,extended,00AD,single,,Viagra,Vi­agra,,
00463.0bc4e08af0529dd773d9f10f922547db,00463__salted__extended__cp200B__single.0bc4e08af0529dd773d9f10f922547db,extended,200B,single,,HGH,HG​H,,
00463.0bc4e08af0529dd773d9f10f922547db,00463__salted__extended__cp200C__single.0bc4e08af0529dd773d9f10f922547db,extended,200C,single,,HGH,HG‌H,,
00463.0bc4e08af0529dd773d9f10f922547db,00463__salted__extended__cp200D__single.0bc4e08af0529dd773d9f10f922547db,extended,200D,single,,HGH,HG‍H,,
00463.0bc4e08af0529dd773d9f10f922547db,00463__salted__extended__cp00AD__single.0bc4e08af0529dd773d9f10f922547db,extended,00AD,single,,HGH,HG­H,,
00463.45bff4629688e8031231a8b64a4eef06,00463__salted__extended__cp200B__single.45bff4629688e8031231a8b64a4eef06,extended,200B,single,,,,"Click, Click","Cl​ick, Cl​ick"
00463.45bff4629688e8031231a8b64a4eef06,00463__salted__extended__cp200C__single.45bff4629688e8031231a8b64a4eef06,extended,200C,single,,,,"Click, Click","Cl‌ick, Cl‌ick"
00463.45bff4629688e8031231a8b64a4eef06,00463__salted__extended__cp200D__single.45bff4629688e8031231a8b64a4eef06,extended,200D,single,,,,"Click, Click","Cl‍ick, Cl‍ick"
00463.45bff4629688e8031231a8b64a4eef06,00463__salted__extended__cp00AD__single.45bff4629688e8031231a8b64a4eef06,extended,00AD,single,,,,"Click, Click","Cl­ick, Cl­ick"
00464.8240aba24840864cb7439fc03f94ef6e,00464__salted__extended__cp200B__single.8240aba24840864cb7439fc03f94ef6e,extended,200B,single,,ADV,AD​V,,
00464.8240aba24840864cb7439fc03f94ef6e,00464__salted__extended__cp200C__single.8240aba24840864cb7439fc03f94ef6e,extended,200C,single,,ADV,AD‌V,,
00464.8240aba24840864cb7439fc03f94ef6e,00464__salted__extended__cp200D__single.8240aba24840864cb7439fc03f94ef6e,extended,200D,single,,ADV,AD‍V,,
00464.8240aba24840864cb7439fc03f94ef6e,00464__salted__extended__cp00AD__single.8240aba24840864cb7439fc03f94ef6e,extended,00AD,single,,ADV,AD­V,,
00465.81b738fc646c03b1db38a456cd087ad7,00465__salted__extended__cp200B__single.81b738fc646c03b1db38a456cd087ad7,extended,200B,single,,,,"affordable, affordable, fees","af​fordable, af​fordable, fe​es"
00465.81b738fc646c03b1db38a456cd087ad7,00465__salted__extended__cp200C__single.81b738fc646c03b1db38a456cd087ad7,extended,200C,single,,,,"affordable, affordable, fees","af‌fordable, af‌fordable, fe‌es"
00465.81b738fc646c03b1db38a456cd087ad7,00465__salted__extended__cp200D__single.81b738fc646c03b1db38a456cd087ad7,extended,200D,single,,,,"affordable, affordable, fees","af‍fordable, af‍fordable, fe‍es"
00465.81b738fc646c03b1db38a456cd087ad7,00465__salted__extended__cp00AD__single.81b738fc646c03b1db38a456cd087ad7,extended,00AD,single,,,,"affordable, affordable, fees","af­fordable, af­fordable, fe­es"
00465.ca5d79d0e5dadee322c117789196ebb4,00465__salted__extended__cp200B__single.ca5d79d0e5dadee322c117789196ebb4,extended,200B,single,,,,"Lagos, Nigeria, Sir","La​gos, Ni​geria, Si​r"
00465.ca5d79d0e5dadee322c117789196ebb4,00465__salted__extended__cp200C__single.ca5d79d0e5dadee322c117789196ebb4,extended,200C,single,,,,"Lagos, Nigeria, Sir","La‌gos, Ni‌geria, Si‌r"
00465.ca5d79d0e5dadee322c117789196ebb4,00465__salted__extended__cp200D__single.ca5d79d0e5dadee322c117789196ebb4,extended,200D,single,,,,"Lagos, Nigeria, Sir","La‍gos, Ni‍geria, Si‍r"
00465.ca5d79d0e5dadee322c117789196ebb4,00465__salted__extended__cp00AD__single.ca5d79d0e5dadee322c117789196ebb4,extended,00AD,single,,,,"Lagos, Nigeria, Sir","La­gos, Ni­geria, Si­r"
00466.936900f20aa2c6aa724d2f6d6af53b9b,00466__salted__extended__cp200B__single.936900f20aa2c6aa724d2f6d6af53b9b,extended,200B,single,,guaranteed,gu​aranteed,guaranteed,gu​aranteed
00466.936900f20aa2c6aa724d2f6d6af53b9b,00466__salted__extended__cp200C__single.936900f20aa2c6aa724d2f6d6af53b9b,extended,200C,single,,guaranteed,gu‌aranteed,guaranteed,gu‌aranteed
00466.936900f20aa2c6aa724d2f6d6af53b9b,00466__salted__extended__cp200D__single.936900f20aa2c6aa724d2f6d6af53b9b,extended,200D,single,,guaranteed,gu‍aranteed,guaranteed,gu‍aranteed
00466.936900f20aa2c6aa724d2f6d6af53b9b,00466__salted__extended__cp00AD__single.936900f20aa2c6aa724d2f6d6af53b9b,extended,00AD,single,,guaranteed,gu­aranteed,guaranteed,gu­aranteed
00466.ecb11c98ec4511b5422b20476d935bd1,00466__salted__extended__cp200B__single.ecb11c98ec4511b5422b20476d935bd1,extended,200B,single,,,,"Sir, assistance, assist","Si​r, as​sistance, as​sist"
00466.ecb11c98ec4511b5422b20476d935bd1,00466__salted__extended__cp200C__single.ecb11c98ec4511b5422b20476d935bd1,extended,200C,single,,,,"Sir, assistance, assist","Si‌r, as‌sistance, as‌sist"
00466.ecb11c98ec4511b5422b20476d935bd1,00466__salted__extended__cp200D__single.ecb11c98ec4511b5422b20476d935bd1,extended,200D,single,,,,"Sir, assistance, assist","Si‍r, as‍sistance, as‍sist"
00466.ecb11c98ec4511b5422b20476d935bd1,00466__salted__extended__cp00AD__single.ecb11c98ec4511b5422b20476d935bd1,extended,00AD,single,,,,"Sir, assistance, assist","Si­r, as­sistance, as­sist"
00467.3748c927c32a9c4e8988dad52a843b5c,00467__salted__extended__cp200B__single.3748c927c32a9c4e8988dad52a843b5c,extended,200B,single,,,,"qualified, Click, receive","qu​alified, Cl​ick, re​ceive"
00467.3748c927c32a9c4e8988dad52a843b5c,00467__salted__extended__cp200C__single.3748c927c32a9c4e8988dad52a843b5c,extended,200C,single,,,,"qualified, Click, receive","qu‌alified, Cl‌ick, re‌ceive"
00467.3748c927c32a9c4e8988dad52a843b5c,00467__salted__extended__cp200D__single.3748c927c32a9c4e8988dad52a843b5c,extended,200D,single,,,,"qualified, Click, receive","qu‍alified, Cl‍ick, re‍ceive"
00467.3748c927c32a9c4e8988dad52a843b5c,00467__salted__extended__cp00AD__single.3748c927c32a9c4e8988dad52a843b5c,extended,00AD,single,,,,"qualified, Click, receive","qu­alified, Cl­ick, re­ceive"
00467.5b733c506b7165424a0d4a298e67970f,00467__salted__extended__cp200B__single.5b733c506b7165424a0d4a298e67970f,extended,200B,single,,Cartridges,Ca​rtridges,,
00467.5b733c506b7165424a0d4a298e67970f,00467__salted__extended__cp200C__single.5b733c506b7165424a0d4a298e67970f,extended,200C,single,,Cartridges,Ca‌rtridges,,
00467.5b733c506b7165424a0d4a298e67970f,00467__salted__extended__cp200D__single.5b733c506b7165424a0d4a298e67970f,extended,200D,single,,Cartridges,Ca‍rtridges,,
00467.5b733c506b7165424a0d4a298e67970f,00467__salted__extended__cp00AD__single.5b733c506b7165424a0d4a298e67970f,extended,00AD,single,,Cartridges,Ca­rtridges,,
00468.77534696791a755fb0fb8be8c2704ed8,00468__salted__extended__cp200B__single.77534696791a755fb0fb8be8c2704ed8,extended,200B,single,,Consultation,Co​nsultation,,
00468.77534696791a755fb0fb8be8c2704ed8,00468__salted__extended__cp200C__single.77534696791a755fb0fb8be8c2704ed8,extended,200C,single,,Consultation,Co‌nsultation,,
00468.77534696791a755fb0fb8be8c2704ed8,00468__salted__extended__cp200D__single.77534696791a755fb0fb8be8c2704ed8,extended,200D,single,,Consultation,Co‍nsultation,,
00468.77534696791a755fb0fb8be8c2704ed8,00468__salted__extended__cp00AD__single.77534696791a755fb0fb8be8c2704ed8,extended,00AD,single,,Consultation,Co­nsultation,,
00469.ee3b2f31459cc2ec43ae7cae00d40cf6,00469__salted__extended__cp200B__single.ee3b2f31459cc2ec43ae7cae00d40cf6,extended,200B,single,,ADV,AD​V,,
00469.ee3b2f31459cc2ec43ae7cae00d40cf6,00469__salted__extended__cp200C__single.ee3b2f31459cc2ec43ae7cae00d40cf6,extended,200C,single,,ADV,AD‌V,,
00469.ee3b2f31459cc2ec43ae7cae00d40cf6,00469__salted__extended__cp200D__single.ee3b2f31459cc2ec43ae7cae00d40cf6,extended,200D,single,,ADV,AD‍V,,
00469.ee3b2f31459cc2ec43ae7cae00d40cf6,00469__salted__extended__cp00AD__single.ee3b2f31459cc2ec43ae7cae00d40cf6,extended,00AD,single,,ADV,AD­V,,
00470.68eed3d237f85b225b1ad31bceac203a,00470__salted__extended__cp200B__single.68eed3d237f85b225b1ad31bceac203a,extended,200B,single,,,,"COMPLIANCE, removal, aging","CO​MPLIANCE, re​moval, ag​ing"
00470.68eed3d237f85b225b1ad31bceac203a,00470__salted__extended__cp200C__single.68eed3d237f85b225b1ad31bceac203a,extended,200C,single,,,,"COMPLIANCE, removal, aging","CO‌MPLIANCE, re‌moval, ag‌ing"
00470.68eed3d237f85b225b1ad31bceac203a,00470__salted__extended__cp200D__single.68eed3d237f85b225b1ad31bceac203a,extended,200D,single,,,,"COMPLIANCE, removal, aging","CO‍MPLIANCE, re‍moval, ag‍ing"
00470.68eed3d237f85b225b1ad31bceac203a,00470__salted__extended__cp00AD__single.68eed3d237f85b225b1ad31bceac203a,extended,00AD,single,,,,"COMPLIANCE, removal, aging","CO­MPLIANCE, re­moval, ag­ing"
00471.fc87286572c99b7a554dc8c86f34506c,00471__salted__extended__cp200B__single.fc87286572c99b7a554dc8c86f34506c,extended,200B,single,,mortgage,mo​rtgage,,
00471.fc87286572c99b7a554dc8c86f34506c,00471__salted__extended__cp200C__single.fc87286572c99b7a554dc8c86f34506c,extended,200C,single,,mortgage,mo‌rtgage,,
00471.fc87286572c99b7a554dc8c86f34506c,00471__salted__extended__cp200D__single.fc87286572c99b7a554dc8c86f34506c,extended,200D,single,,mortgage,mo‍rtgage,,
00471.fc87286572c99b7a554dc8c86f34506c,00471__salted__extended__cp00AD__single.fc87286572c99b7a554dc8c86f34506c,extended,00AD,single,,mortgage,mo­rtgage,,
00472.3c51cf86307bc98c54d856887a81e9ac,00472__salted__extended__cp200B__single.3c51cf86307bc98c54d856887a81e9ac,extended,200B,single,,,,"tobacco, attained, ordering","to​bacco, at​tained, or​dering"
00472.3c51cf86307bc98c54d856887a81e9ac,00472__salted__extended__cp200C__single.3c51cf86307bc98c54d856887a81e9ac,extended,200C,single,,,,"tobacco, attained, ordering","to‌bacco, at‌tained, or‌dering"
00472.3c51cf86307bc98c54d856887a81e9ac,00472__salted__extended__cp200D__single.3c51cf86307bc98c54d856887a81e9ac,extended,200D,single,,,,"tobacco, attained, ordering","to‍bacco, at‍tained, or‍dering"
00472.3c51cf86307bc98c54d856887a81e9ac,00472__salted__extended__cp00AD__single.3c51cf86307bc98c54d856887a81e9ac,extended,00AD,single,,,,"tobacco, attained, ordering","to­bacco, at­tained, or­dering"
00473.594d47d74b993e949b2b472af3430aed,00473__salted__extended__cp200B__single.594d47d74b993e949b2b472af3430aed,extended,200B,single,,Mortgage,Mo​rtgage,,
00473.594d47d74b993e949b2b472af3430aed,00473__salted__extended__cp200C__single.594d47d74b993e949b2b472af3430aed,extended,200C,single,,Mortgage,Mo‌rtgage,,
00473.594d47d74b993e949b2b472af3430aed,00473__salted__extended__cp200D__single.594d47d74b993e949b2b472af3430aed,extended,200D,single,,Mortgage,Mo‍rtgage,,
00473.594d47d74b993e949b2b472af3430aed,00473__salted__extended__cp00AD__single.594d47d74b993e949b2b472af3430aed,extended,00AD,single,,Mortgage,Mo­rtgage,,
00474.c1835a35419f2bbdccbabfd8547faf4a,00474__salted__extended__cp200B__single.c1835a35419f2bbdccbabfd8547faf4a,extended,200B,single,,ADV,AD​V,"receive, monthly, mailings","re​ceive, mo​nthly, ma​ilings"
00474.c1835a35419f2bbdccbabfd8547faf4a,00474__salted__extended__cp200C__single.c1835a35419f2bbdccbabfd8547faf4a,extended,200C,single,,ADV,AD‌V,"receive, monthly, mailings","re‌ceive, mo‌nthly, ma‌ilings"
00474.c1835a35419f2bbdccbabfd8547faf4a,00474__salted__extended__cp200D__single.c1835a35419f2bbdccbabfd8547faf4a,extended,200D,single,,ADV,AD‍V,"receive, monthly, mailings","re‍ceive, mo‍nthly, ma‍ilings"
00474.c1835a35419f2bbdccbabfd8547faf4a,00474__salted__extended__cp00AD__single.c1835a35419f2bbdccbabfd8547faf4a,extended,00AD,single,,ADV,AD­V,"receive, monthly, mailings","re­ceive, mo­nthly, ma­ilings"
00475.71f75afb1960d619af86e1c64dcb11fc,00475__salted__extended__cp200B__single.71f75afb1960d619af86e1c64dcb11fc,extended,200B,single,,Commissions,Co​mmissions,"Premium, receive, receive","Pr​emium, re​ceive, re​ceive"
00475.71f75afb1960d619af86e1c64dcb11fc,00475__salted__extended__cp200C__single.71f75afb1960d619af86e1c64dcb11fc,extended,200C,single,,Commissions,Co‌mmissions,"Premium, receive, receive","Pr‌emium, re‌ceive, re‌ceive"
00475.71f75afb1960d619af86e1c64dcb11fc,00475__salted__extended__cp200D__single.71f75afb1960d619af86e1c64dcb11fc,extended,200D,single,,Commissions,Co‍mmissions,"Premium, receive, receive","Pr‍emium, re‍ceive, re‍ceive"
00475.71f75afb1960d619af86e1c64dcb11fc,00475__salted__extended__cp00AD__single.71f75afb1960d619af86e1c64dcb11fc,extended,00AD,single,,Commissions,Co­mmissions,"Premium, receive, receive","Pr­emium, re­ceive, re­ceive"
00478.6c50ff18ef92c52a3342f1c9f090740b,00478__salted__extended__cp200B__single.6c50ff18ef92c52a3342f1c9f090740b,extended,200B,single,,Attn,At​tn,"SYSTEMWORKS, SYSTEMWORKS, SYSTEMWORKS","SY​STEMWORKS, SY​STEMWORKS, SY​STEMWORKS"
00478.6c50ff18ef92c52a3342f1c9f090740b,00478__salted__extended__cp200C__single.6c50ff18ef92c52a3342f1c9f090740b,extended,200C,single,,Attn,At‌tn,"SYSTEMWORKS, SYSTEMWORKS, SYSTEMWORKS","SY‌STEMWORKS, SY‌STEMWORKS, SY‌STEMWORKS"
00478.6c50ff18ef92c52a3342f1c9f090740b,00478__salted__extended__cp200D__single.6c50ff18ef92c52a3342f1c9f090740b,extended,200D,single,,Attn,At‍tn,"SYSTEMWORKS, SYSTEMWORKS, SYSTEMWORKS","SY‍STEMWORKS, SY‍STEMWORKS, SY‍STEMWORKS"
00478.6c50ff18ef92c52a3342f1c9f090740b,00478__salted__extended__cp00AD__single.6c50ff18ef92c52a3342f1c9f090740b,extended,00AD,single,,Attn,At­tn,"SYSTEMWORKS, SYSTEMWORKS, SYSTEMWORKS","SY­STEMWORKS, SY­STEMWORKS, SY­STEMWORKS"
00480.a5931465ca6f5b22eff24943b5c8b17d,00480__salted__extended__cp200B__single.a5931465ca6f5b22eff24943b5c8b17d,extended,200B,single,,ASSISTANCE,AS​SISTANCE,"Sir, Madam, assist","Si​r, Ma​dam, as​sist"
00480.a5931465ca6f5b22eff24943b5c8b17d,00480__salted__extended__cp200C__single.a5931465ca6f5b22eff24943b5c8b17d,extended,200C,single,,ASSISTANCE,AS‌SISTANCE,"Sir, Madam, assist","Si‌r, Ma‌dam, as‌sist"
00480.a5931465ca6f5b22eff24943b5c8b17d,00480__salted__extended__cp200D__single.a5931465ca6f5b22eff24943b5c8b17d,extended,200D,single,,ASSISTANCE,AS‍SISTANCE,"Sir, Madam, assist","Si‍r, Ma‍dam, as‍sist"
00480.a5931465ca6f5b22eff24943b5c8b17d,00480__salted__extended__cp00AD__single.a5931465ca6f5b22eff24943b5c8b17d,extended,00AD,single,,ASSISTANCE,AS­SISTANCE,"Sir, Madam, assist","Si­r, Ma­dam, as­sist"
00481.b6fbd76bcc24999350ae6a3188f3809f,00481__salted__extended__cp200B__single.b6fbd76bcc24999350ae6a3188f3809f,extended,200B,single,,,,"insurance, click, assist","in​surance, cl​ick, as​sist"
00481.b6fbd76bcc24999350ae6a3188f3809f,00481__salted__extended__cp200C__single.b6fbd76bcc24999350ae6a3188f3809f,extended,200C,single,,,,"insurance, click, assist","in‌surance, cl‌ick, as‌sist"
00481.b6fbd76bcc24999350ae6a3188f3809f,00481__salted__extended__cp200D__single.b6fbd76bcc24999350ae6a3188f3809f,extended,200D,single,,,,"insurance, click, assist","in‍surance, cl‍ick, as‍sist"
00481.b6fbd76bcc24999350ae6a3188f3809f,00481__salted__extended__cp00AD__single.b6fbd76bcc24999350ae6a3188f3809f,extended,00AD,single,,,,"insurance, click, assist","in­surance, cl­ick, as­sist"
00482.980c7ceb9333bc5027cd8d1d360a8c6f,00482__salted__extended__cp200B__single.980c7ceb9333bc5027cd8d1d360a8c6f,extended,200B,single,,,,"AFFORDABLE, fees, Sincerely","AF​FORDABLE, fe​es, Si​ncerely"
00482.980c7ceb9333bc5027cd8d1d360a8c6f,00482__salted__extended__cp200C__single.980c7ceb9333bc5027cd8d1d360a8c6f,extended,200C,single,,,,"AFFORDABLE, fees, Sincerely","AF‌FORDABLE, fe‌es, Si‌ncerely"
00482.980c7ceb9333bc5027cd8d1d360a8c6f,00482__salted__extended__cp200D__single.980c7ceb9333bc5027cd8d1d360a8c6f,extended,200D,single,,,,"AFFORDABLE, fees, Sincerely","AF‍FORDABLE, fe‍es, Si‍ncerely"
00482.980c7ceb9333bc5027cd8d1d360a8c6f,00482__salted__extended__cp00AD__single.980c7ceb9333bc5027cd8d1d360a8c6f,extended,00AD,single,,,,"AFFORDABLE, fees, Sincerely","AF­FORDABLE, fe­es, Si­ncerely"
00482.f839ea522f1ee459661a6b2fbd71e823,00482__salted__extended__cp200B__single.f839ea522f1ee459661a6b2fbd71e823,extended,200B,single,,ADV,AD​V,,
00482.f839ea522f1ee459661a6b2fbd71e823,00482__salted__extended__cp200C__single.f839ea522f1ee459661a6b2fbd71e823,extended,200C,single,,ADV,AD‌V,,
00482.f839ea522f1ee459661a6b2fbd71e823,00482__salted__extended__cp200D__single.f839ea522f1ee459661a6b2fbd71e823,extended,200D,single,,ADV,AD‍V,,
00482.f839ea522f1ee459661a6b2fbd71e823,00482__salted__extended__cp00AD__single.f839ea522f1ee459661a6b2fbd71e823,extended,00AD,single,,ADV,AD­V,,
00483.e583ffb0efd3958cdef2e9f3b043ef0d,00483__salted__extended__cp200B__single.e583ffb0efd3958cdef2e9f3b043ef0d,extended,200B,single,,Herbal,He​rbal,,
00483.e583ffb0efd3958cdef2e9f3b043ef0d,00483__salted__extended__cp200C__single.e583ffb0efd3958cdef2e9f3b043ef0d,extended,200C,single,,Herbal,He‌rbal,,
00483.e583ffb0efd3958cdef2e9f3b043ef0d,00483__salted__extended__cp200D__single.e583ffb0efd3958cdef2e9f3b043ef0d,extended,200D,single,,Herbal,He‍rbal,,
00483.e583ffb0efd3958cdef2e9f3b043ef0d,00483__salted__extended__cp00AD__single.e583ffb0efd3958cdef2e9f3b043ef0d,extended,00AD,single,,Herbal,He­rbal,,
00484.a34bda1ad8a88b5b21b13b8ad05d0dd3,00484__salted__extended__cp200B__single.a34bda1ad8a88b5b21b13b8ad05d0dd3,extended,200B,single,,,,"MLM, promotion, affordable","ML​M, pr​omotion, af​fordable"
00484.a34bda1ad8a88b5b21b13b8ad05d0dd3,00484__salted__extended__cp200C__single.a34bda1ad8a88b5b21b13b8ad05d0dd3,extended,200C,single,,,,"MLM, promotion, affordable","ML‌M, pr‌omotion, af‌fordable"
00484.a34bda1ad8a88b5b21b13b8ad05d0dd3,00484__salted__extended__cp200D__single.a34bda1ad8a88b5b21b13b8ad05d0dd3,extended,200D,single,,,,"MLM, promotion, affordable","ML‍M, pr‍omotion, af‍fordable"
00484.a34bda1ad8a88b5b21b13b8ad05d0dd3,00484__salted__extended__cp00AD__single.a34bda1ad8a88b5b21b13b8ad05d0dd3,extended,00AD,single,,,,"MLM, promotion, affordable","ML­M, pr­omotion, af­fordable"
00485.94b2cb3aa454e6f6701c42cb1fd35ffe,00485__salted__extended__cp200B__single.94b2cb3aa454e6f6701c42cb1fd35ffe,extended,200B,single,,Loan,Lo​an,,
00485.94b2cb3aa454e6f6701c42cb1fd35ffe,00485__salted__extended__cp200C__single.94b2cb3aa454e6f6701c42cb1fd35ffe,extended,200C,single,,Loan,Lo‌an,,
00485.94b2cb3aa454e6f6701c42cb1fd35ffe,00485__salted__extended__cp200D__single.94b2cb3aa454e6f6701c42cb1fd35ffe,extended,200D,single,,Loan,Lo‍an,,
00485.94b2cb3aa454e6f6701c42cb1fd35ffe,00485__salted__extended__cp00AD__single.94b2cb3aa454e6f6701c42cb1fd35ffe,extended,00AD,single,,Loan,Lo­an,,
00485.a5d28b804adbceff7fd75ed9fc8138bb,00485__salted__extended__cp200B__single.a5d28b804adbceff7fd75ed9fc8138bb,extended,200B,single,,,,"MLM, promotion, affordable","ML​M, pr​omotion, af​fordable"
00485.a5d28b804adbceff7fd75ed9fc8138bb,00485__salted__extended__cp200C__single.a5d28b804adbceff7fd75ed9fc8138bb,extended,200C,single,,,,"MLM, promotion, affordable","ML‌M, pr‌omotion, af‌fordable"
00485.a5d28b804adbceff7fd75ed9fc8138bb,00485__salted__extended__cp200D__single.a5d28b804adbceff7fd75ed9fc8138bb,extended,200D,single,,,,"MLM, promotion, affordable","ML‍M, pr‍omotion, af‍fordable"
00485.a5d28b804adbceff7fd75ed9fc8138bb,00485__salted__extended__cp00AD__single.a5d28b804adbceff7fd75ed9fc8138bb,extended,00AD,single,,,,"MLM, promotion, affordable","ML­M, pr­omotion, af­fordable"
00486.c0a2036a3da75d6d5ac6d19ab4b3d6ec,00486__salted__extended__cp200B__single.c0a2036a3da75d6d5ac6d19ab4b3d6ec,extended,200B,single,,,,"annuity, profitable, insurance","an​nuity, pr​ofitable, in​surance"
00486.c0a2036a3da75d6d5ac6d19ab4b3d6ec,00486__salted__extended__cp200C__single.c0a2036a3da75d6d5ac6d19ab4b3d6ec,extended,200C,single,,,,"annuity, profitable, insurance","an‌nuity, pr‌ofitable, in‌surance"
00486.c0a2036a3da75d6d5ac6d19ab4b3d6ec,00486__salted__extended__cp200D__single.c0a2036a3da75d6d5ac6d19ab4b3d6ec,extended,200D,single,,,,"annuity, profitable, insurance","an‍nuity, pr‍ofitable, in‍surance"
00486.c0a2036a3da75d6d5ac6d19ab4b3d6ec,00486__salted__extended__cp00AD__single.c0a2036a3da75d6d5ac6d19ab4b3d6ec,extended,00AD,single,,,,"annuity, profitable, insurance","an­nuity, pr­ofitable, in­surance"
00487.edd96ac74c081d65c2106cf51daab9d7,00487__salted__extended__cp200B__single.edd96ac74c081d65c2106cf51daab9d7,extended,200B,single,,MORTGAGE,MO​RTGAGE,,
00487.edd96ac74c081d65c2106cf51daab9d7,00487__salted__extended__cp200C__single.edd96ac74c081d65c2106cf51daab9d7,extended,200C,single,,MORTGAGE,MO‌RTGAGE,,
00487.edd96ac74c081d65c2106cf51daab9d7,00487__salted__extended__cp200D__single.edd96ac74c081d65c2106cf51daab9d7,extended,200D,single,,MORTGAGE,MO‍RTGAGE,,
00487.edd96ac74c081d65c2106cf51daab9d7,00487__salted__extended__cp00AD__single.edd96ac74c081d65c2106cf51daab9d7,extended,00AD,single,,MORTGAGE,MO­RTGAGE,,
00489.023c1d77de9365cad956a4c9118aee4b,00489__salted__extended__cp200B__single.023c1d77de9365cad956a4c9118aee4b,extended,200B,single,,,,"tobacco, potency, GUARANTEED","to​bacco, po​tency, GU​ARANTEED"
00489.023c1d77de9365cad956a4c9118aee4b,00489__salted__extended__cp200C__single.023c1d77de9365cad956a4c9118aee4b,extended,200C,single,,,,"tobacco, potency, GUARANTEED","to‌bacco, po‌tency, GU‌ARANTEED"
00489.023c1d77de9365cad956a4c9118aee4b,00489__salted__extended__cp200D__single.023c1d77de9365cad956a4c9118aee4b,extended,200D,single,,,,"tobacco, potency, GUARANTEED","to‍bacco, po‍tency, GU‍ARANTEED"
00489.023c1d77de9365cad956a4c9118aee4b,00489__salted__extended__cp00AD__single.023c1d77de9365cad956a4c9118aee4b,extended,00AD,single,,,,"tobacco, potency, GUARANTEED","to­bacco, po­tency, GU­ARANTEED"
00490.f0020a3ea5546c122f688b39f4380c95,00490__salted__extended__cp200B__single.f0020a3ea5546c122f688b39f4380c95,extended,200B,single,,,,"currency, currency, currency","cu​rrency, cu​rrency, cu​rrency"
00490.f0020a3ea5546c122f688b39f4380c95,00490__salted__extended__cp200C__single.f0020a3ea5546c122f688b39f4380c95,extended,200C,single,,,,"currency, currency, currency","cu‌rrency, cu‌rrency, cu‌rrency"
00490.f0020a3ea5546c122f688b39f4380c95,00490__salted__extended__cp200D__single.f0020a3ea5546c122f688b39f4380c95,extended,200D,single,,,,"currency, currency, currency","cu‍rrency, cu‍rrency, cu‍rrency"
00490.f0020a3ea5546c122f688b39f4380c95,00490__salted__extended__cp00AD__single.f0020a3ea5546c122f688b39f4380c95,extended,00AD,single,,,,"currency, currency, currency","cu­rrency, cu­rrency, cu­rrency"
00491.008606ae6538b605f82b61913814d3dd,00491__salted__extended__cp200B__single.008606ae6538b605f82b61913814d3dd,extended,200B,single,,,,"unlimited, MasterCard, Ordering","un​limited, Ma​sterCard, Or​dering"
00491.008606ae6538b605f82b61913814d3dd,00491__salted__extended__cp200C__single.008606ae6538b605f82b61913814d3dd,extended,200C,single,,,,"unlimited, MasterCard, Ordering","un‌limited, Ma‌sterCard, Or‌dering"
00491.008606ae6538b605f82b61913814d3dd,00491__salted__extended__cp200D__single.008606ae6538b605f82b61913814d3dd,extended,200D,single,,,,"unlimited, MasterCard, Ordering","un‍limited, Ma‍sterCard, Or‍dering"
00491.008606ae6538b605f82b61913814d3dd,00491__salted__extended__cp00AD__single.008606ae6538b605f82b61913814d3dd,extended,00AD,single,,,,"unlimited, MasterCard, Ordering","un­limited, Ma­sterCard, Or­dering"
00492.3052cad36d423e60195ce706c7bc0e6f,00492__salted__extended__cp200B__single.3052cad36d423e60195ce706c7bc0e6f,extended,200B,single,,,,"receive, receive, compliance","re​ceive, re​ceive, co​mpliance"
00492.3052cad36d423e60195ce706c7bc0e6f,00492__salted__extended__cp200C__single.3052cad36d423e60195ce706c7bc0e6f,extended,200C,single,,,,"receive, receive, compliance","re‌ceive, re‌ceive, co‌mpliance"
00492.3052cad36d423e60195ce706c7bc0e6f,00492__salted__extended__cp200D__single.3052cad36d423e60195ce706c7bc0e6f,extended,200D,single,,,,"receive, receive, compliance","re‍ceive, re‍ceive, co‍mpliance"
00492.3052cad36d423e60195ce706c7bc0e6f,00492__salted__extended__cp00AD__single.3052cad36d423e60195ce706c7bc0e6f,extended,00AD,single,,,,"receive, receive, compliance","re­ceive, re­ceive, co­mpliance"
00493.1c5f59825f7a246187c137614fb1ea82,00493__salted__extended__cp200B__single.1c5f59825f7a246187c137614fb1ea82,extended,200B,single,,GUARANTEED,GU​ARANTEED,,
00493.1c5f59825f7a246187c137614fb1ea82,00493__salted__extended__cp200C__single.1c5f59825f7a246187c137614fb1ea82,extended,200C,single,,GUARANTEED,GU‌ARANTEED,,
00493.1c5f59825f7a246187c137614fb1ea82,00493__salted__extended__cp200D__single.1c5f59825f7a246187c137614fb1ea82,extended,200D,single,,GUARANTEED,GU‍ARANTEED,,
00493.1c5f59825f7a246187c137614fb1ea82,00493__salted__extended__cp00AD__single.1c5f59825f7a246187c137614fb1ea82,extended,00AD,single,,GUARANTEED,GU­ARANTEED,,
00494.6d13d2217c5cc00c26b72d97c7fe6014,00494__salted__extended__cp200B__single.6d13d2217c5cc00c26b72d97c7fe6014,extended,200B,single,,insurance,in​surance,,
00494.6d13d2217c5cc00c26b72d97c7fe6014,00494__salted__extended__cp200C__single.6d13d2217c5cc00c26b72d97c7fe6014,extended,200C,single,,insurance,in‌surance,,
00494.6d13d2217c5cc00c26b72d97c7fe6014,00494__salted__extended__cp200D__single.6d13d2217c5cc00c26b72d97c7fe6014,extended,200D,single,,insurance,in‍surance,,
00494.6d13d2217c5cc00c26b72d97c7fe6014,00494__salted__extended__cp00AD__single.6d13d2217c5cc00c26b72d97c7fe6014,extended,00AD,single,,insurance,in­surance,,
00494.fd2efa67e63247ee89cdcf3a6fe7906d,00494__salted__extended__cp200B__single.fd2efa67e63247ee89cdcf3a6fe7906d,extended,200B,single,,,,"ATTN, SIR, assistance","AT​TN, SI​R, as​sistance"
00494.fd2efa67e63247ee89cdcf3a6fe7906d,00494__salted__extended__cp200C__single.fd2efa67e63247ee89cdcf3a6fe7906d,extended,200C,single,,,,"ATTN, SIR, assistance","AT‌TN, SI‌R, as‌sistance"
00494.fd2efa67e63247ee89cdcf3a6fe7906d,00494__salted__extended__cp200D__single.fd2efa67e63247ee89cdcf3a6fe7906d,extended,200D,single,,,,"ATTN, SIR, assistance","AT‍TN, SI‍R, as‍sistance"
00494.fd2efa67e63247ee89cdcf3a6fe7906d,00494__salted__extended__cp00AD__single.fd2efa67e63247ee89cdcf3a6fe7906d,extended,00AD,single,,,,"ATTN, SIR, assistance","AT­TN, SI­R, as­sistance"
00495.88a3a957082447d2e6cad8c9cb18b3b7,00495__salted__extended__cp200B__single.88a3a957082447d2e6cad8c9cb18b3b7,extended,200B,single,,,,btamail,bt​amail
00495.88a3a957082447d2e6cad8c9cb18b3b7,00495__salted__extended__cp200C__single.88a3a957082447d2e6cad8c9cb18b3b7,extended,200C,single,,,,btamail,bt‌amail
00495.88a3a957082447d2e6cad8c9cb18b3b7,00495__salted__extended__cp200D__single.88a3a957082447d2e6cad8c9cb18b3b7,extended,200D,single,,,,btamail,bt‍amail
00495.88a3a957082447d2e6cad8c9cb18b3b7,00495__salted__extended__cp00AD__single.88a3a957082447d2e6cad8c9cb18b3b7,extended,00AD,single,,,,btamail,bt­amail
00495.e22a609b7dc412c120d09e11544c67fb,00495__salted__extended__cp200B__single.e22a609b7dc412c120d09e11544c67fb,extended,200B,single,,kindly,ki​ndly,"ASSISTANCE, RECEIVE, DEPOSIT","AS​SISTANCE, RE​CEIVE, DE​POSIT"
00495.e22a609b7dc412c120d09e11544c67fb,00495__salted__extended__cp200C__single.e22a609b7dc412c120d09e11544c67fb,extended,200C,single,,kindly,ki‌ndly,"ASSISTANCE, RECEIVE, DEPOSIT","AS‌SISTANCE, RE‌CEIVE, DE‌POSIT"
00495.e22a609b7dc412c120d09e11544c67fb,00495__salted__extended__cp200D__single.e22a609b7dc412c120d09e11544c67fb,extended,200D,single,,kindly,ki‍ndly,"ASSISTANCE, RECEIVE, DEPOSIT","AS‍SISTANCE, RE‍CEIVE, DE‍POSIT"
00495.e22a609b7dc412c120d09e11544c67fb,00495__salted__extended__cp00AD__single.e22a609b7dc412c120d09e11544c67fb,extended,00AD,single,,kindly,ki­ndly,"ASSISTANCE, RECEIVE, DEPOSIT","AS­SISTANCE, RE­CEIVE, DE­POSIT"
00496.acf53035be6cb4c667fd342551c5d467,00496__salted__extended__cp200B__single.acf53035be6cb4c667fd342551c5d467,extended,200B,single,,,,"fees, promotional, mailings","fe​es, pr​omotional, ma​ilings"
00496.acf53035be6cb4c667fd342551c5d467,00496__salted__extended__cp200C__single.acf53035be6cb4c667fd342551c5d467,extended,200C,single,,,,"fees, promotional, mailings","fe‌es, pr‌omotional, ma‌ilings"
00496.acf53035be6cb4c667fd342551c5d467,00496__salted__extended__cp200D__single.acf53035be6cb4c667fd342551c5d467,extended,200D,single,,,,"fees, promotional, mailings","fe‍es, pr‍omotional, ma‍ilings"
00496.acf53035be6cb4c667fd342551c5d467,00496__salted__extended__cp00AD__single.acf53035be6cb4c667fd342551c5d467,extended,00AD,single,,,,"fees, promotional, mailings","fe­es, pr­omotional, ma­ilings"
00497.353a61b265f11dd0bae116c0149abbe1,00497__salted__extended__cp200B__single.353a61b265f11dd0bae116c0149abbe1,extended,200B,single,,,,"secrets, Testimonials, receive","se​crets, Te​stimonials, re​ceive"
00497.353a61b265f11dd0bae116c0149abbe1,00497__salted__extended__cp200C__single.353a61b265f11dd0bae116c0149abbe1,extended,200C,single,,,,"secrets, Testimonials, receive","se‌crets, Te‌stimonials, re‌ceive"
00497.353a61b265f11dd0bae116c0149abbe1,00497__salted__extended__cp200D__single.353a61b265f11dd0bae116c0149abbe1,extended,200D,single,,,,"secrets, Testimonials, receive","se‍crets, Te‍stimonials, re‍ceive"
00497.353a61b265f11dd0bae116c0149abbe1,00497__salted__extended__cp00AD__single.353a61b265f11dd0bae116c0149abbe1,extended,00AD,single,,,,"secrets, Testimonials, receive","se­crets, Te­stimonials, re­ceive"
00497.ebf699da617b11135f3aa9173b9781b9,00497__salted__extended__cp200B__single.ebf699da617b11135f3aa9173b9781b9,extended,200B,single,,MORTGAGE,MO​RTGAGE,,
00497.ebf699da617b11135f3aa9173b9781b9,00497__salted__extended__cp200C__single.ebf699da617b11135f3aa9173b9781b9,extended,200C,single,,MORTGAGE,MO‌RTGAGE,,
00497.ebf699da617b11135f3aa9173b9781b9,00497__salted__extended__cp200D__single.ebf699da617b11135f3aa9173b9781b9,extended,200D,single,,MORTGAGE,MO‍RTGAGE,,
00497.ebf699da617b11135f3aa9173b9781b9,00497__salted__extended__cp00AD__single.ebf699da617b11135f3aa9173b9781b9,extended,00AD,single,,MORTGAGE,MO­RTGAGE,,
00498.7f293b818e2e46d3a8bad44eda672947,00498__salted__extended__cp200B__single.7f293b818e2e46d3a8bad44eda672947,extended,200B,single,,,,"unlimited, Unlimited, btamail","un​limited, Un​limited, bt​amail"
00498.7f293b818e2e46d3a8bad44eda672947,00498__salted__extended__cp200C__single.7f293b818e2e46d3a8bad44eda672947,extended,200C,single,,,,"unlimited, Unlimited, btamail","un‌limited, Un‌limited, bt‌amail"
00498.7f293b818e2e46d3a8bad44eda672947,00498__salted__extended__cp200D__single.7f293b818e2e46d3a8bad44eda672947,extended,200D,single,,,,"unlimited, Unlimited, btamail","un‍limited, Un‍limited, bt‍amail"
00498.7f293b818e2e46d3a8bad44eda672947,00498__salted__extended__cp00AD__single.7f293b818e2e46d3a8bad44eda672947,extended,00AD,single,,,,"unlimited, Unlimited, btamail","un­limited, Un­limited, bt­amail"
00499.988506a852cf86b396771a8bdc8cf839,00499__salted__extended__cp200B__single.988506a852cf86b396771a8bdc8cf839,extended,200B,single,,Earn,Ea​rn,,
00499.988506a852cf86b396771a8bdc8cf839,00499__salted__extended__cp200C__single.988506a852cf86b396771a8bdc8cf839,extended,200C,single,,Earn,Ea‌rn,,
00499.988506a852cf86b396771a8bdc8cf839,00499__salted__extended__cp200D__single.988506a852cf86b396771a8bdc8cf839,extended,200D,single,,Earn,Ea‍rn,,
00499.988506a852cf86b396771a8bdc8cf839,00499__salted__extended__cp00AD__single.988506a852cf86b396771a8bdc8cf839,extended,00AD,single,,Earn,Ea­rn,,
00500.87320162ab5b79f67978406cf909c3d1,00500__salted__extended__cp200B__single.87320162ab5b79f67978406cf909c3d1,extended,200B,single,,mortgage,mo​rtgage,"refinance, mortgage, refinance","re​finance, mo​rtgage, re​finance"
00500.87320162ab5b79f67978406cf909c3d1,00500__salted__extended__cp200C__single.87320162ab5b79f67978406cf909c3d1,extended,200C,single,,mortgage,mo‌rtgage,"refinance, mortgage, refinance","re‌finance, mo‌rtgage, re‌finance"
00500.87320162ab5b79f67978406cf909c3d1,00500__salted__extended__cp200D__single.87320162ab5b79f67978406cf909c3d1,extended,200D,single,,mortgage,mo‍rtgage,"refinance, mortgage, refinance","re‍finance, mo‍rtgage, re‍finance"
00500.87320162ab5b79f67978406cf909c3d1,00500__salted__extended__cp00AD__single.87320162ab5b79f67978406cf909c3d1,extended,00AD,single,,mortgage,mo­rtgage,"refinance, mortgage, refinance","re­finance, mo­rtgage, re­finance"
00504.0a250a54cc14771c55105d9cfdf39151,00504__salted__extended__cp200B__single.0a250a54cc14771c55105d9cfdf39151,extended,200B,single,,,,click,cl​ick
00504.0a250a54cc14771c55105d9cfdf39151,00504__salted__extended__cp200C__single.0a250a54cc14771c55105d9cfdf39151,extended,200C,single,,,,click,cl‌ick
00504.0a250a54cc14771c55105d9cfdf39151,00504__salted__extended__cp200D__single.0a250a54cc14771c55105d9cfdf39151,extended,200D,single,,,,click,cl‍ick
00504.0a250a54cc14771c55105d9cfdf39151,00504__salted__extended__cp00AD__single.0a250a54cc14771c55105d9cfdf39151,extended,00AD,single,,,,click,cl­ick
00505.d4fa302630b3e58461b644f7b3e11d82,00505__salted__extended__cp200B__single.d4fa302630b3e58461b644f7b3e11d82,extended,200B,single,,Prescription,Pr​escription,,
00505.d4fa302630b3e58461b644f7b3e11d82,00505__salted__extended__cp200C__single.d4fa302630b3e58461b644f7b3e11d82,extended,200C,single,,Prescription,Pr‌escription,,
00505.d4fa302630b3e58461b644f7b3e11d82,00505__salted__extended__cp200D__single.d4fa302630b3e58461b644f7b3e11d82,extended,200D,single,,Prescription,Pr‍escription,,
00505.d4fa302630b3e58461b644f7b3e11d82,00505__salted__extended__cp00AD__single.d4fa302630b3e58461b644f7b3e11d82,extended,00AD,single,,Prescription,Pr­escription,,
00506.85af6cd716febc6265ac7b362a4a1da6,00506__salted__extended__cp200B__single.85af6cd716febc6265ac7b362a4a1da6,extended,200B,single,,MORTGAGE,MO​RTGAGE,,
00506.85af6cd716febc6265ac7b362a4a1da6,00506__salted__extended__cp200C__single.85af6cd716febc6265ac7b362a4a1da6,extended,200C,single,,MORTGAGE,MO‌RTGAGE,,
00506.85af6cd716febc6265ac7b362a4a1da6,00506__salted__extended__cp200D__single.85af6cd716febc6265ac7b362a4a1da6,extended,200D,single,,MORTGAGE,MO‍RTGAGE,,
00506.85af6cd716febc6265ac7b362a4a1da6,00506__salted__extended__cp00AD__single.85af6cd716febc6265ac7b362a4a1da6,extended,00AD,single,,MORTGAGE,MO­RTGAGE,,
00508.a5b222ad6078c7242f6c73333e009d98,00508__salted__extended__cp200B__single.a5b222ad6078c7242f6c73333e009d98,extended,200B,single,,,,"Unlimited, Postal, MasterCard","Un​limited, Po​stal, Ma​sterCard"
00508.a5b222ad6078c7242f6c73333e009d98,00508__salted__extended__cp200C__single.a5b222ad6078c7242f6c73333e009d98,extended,200C,single,,,,"Unlimited, Postal, MasterCard","Un‌limited, Po‌stal, Ma‌sterCard"
00508.a5b222ad6078c7242f6c73333e009d98,00508__salted__extended__cp200D__single.a5b222ad6078c7242f6c73333e009d98,extended,200D,single,,,,"Unlimited, Postal, MasterCard","Un‍limited, Po‍stal, Ma‍sterCard"
00508.a5b222ad6078c7242f6c73333e009d98,00508__salted__extended__cp00AD__single.a5b222ad6078c7242f6c73333e009d98,extended,00AD,single,,,,"Unlimited, Postal, MasterCard","Un­limited, Po­stal, Ma­sterCard"
00509.385c788f39e46a86be4c6af8679a0c80,00509__salted__extended__cp200B__single.385c788f39e46a86be4c6af8679a0c80,extended,200B,single,,,,"Unlimited, Postal, MasterCard","Un​limited, Po​stal, Ma​sterCard"
00509.385c788f39e46a86be4c6af8679a0c80,00509__salted__extended__cp200C__single.385c788f39e46a86be4c6af8679a0c80,extended,200C,single,,,,"Unlimited, Postal, MasterCard","Un‌limited, Po‌stal, Ma‌sterCard"
00509.385c788f39e46a86be4c6af8679a0c80,00509__salted__extended__cp200D__single.385c788f39e46a86be4c6af8679a0c80,extended,200D,single,,,,"Unlimited, Postal, MasterCard","Un‍limited, Po‍stal, Ma‍sterCard"
00509.385c788f39e46a86be4c6af8679a0c80,00509__salted__extended__cp00AD__single.385c788f39e46a86be4c6af8679a0c80,extended,00AD,single,,,,"Unlimited, Postal, MasterCard","Un­limited, Po­stal, Ma­sterCard"
00510.ce04ead27e498e82285ea6dbb0837c13,00510__salted__extended__cp200B__single.ce04ead27e498e82285ea6dbb0837c13,extended,200B,single,,adv,ad​v,Click,Cl​ick
00510.ce04ead27e498e82285ea6dbb0837c13,00510__salted__extended__cp200C__single.ce04ead27e498e82285ea6dbb0837c13,extended,200C,single,,adv,ad‌v,Click,Cl‌ick
00510.ce04ead27e498e82285ea6dbb0837c13,00510__salted__extended__cp200D__single.ce04ead27e498e82285ea6dbb0837c13,extended,200D,single,,adv,ad‍v,Click,Cl‍ick
00510.ce04ead27e498e82285ea6dbb0837c13,00510__salted__extended__cp00AD__single.ce04ead27e498e82285ea6dbb0837c13,extended,00AD,single,,adv,ad­v,Click,Cl­ick
00512.8a8d03da14819f83a8936f224cd9c9cc,00512__salted__extended__cp200B__single.8a8d03da14819f83a8936f224cd9c9cc,extended,200B,single,,,,"Secrets, receive, receive","Se​crets, re​ceive, re​ceive"
00512.8a8d03da14819f83a8936f224cd9c9cc,00512__salted__extended__cp200C__single.8a8d03da14819f83a8936f224cd9c9cc,extended,200C,single,,,,"Secrets, receive, receive","Se‌crets, re‌ceive, re‌ceive"
00512.8a8d03da14819f83a8936f224cd9c9cc,00512__salted__extended__cp200D__single.8a8d03da14819f83a8936f224cd9c9cc,extended,200D,single,,,,"Secrets, receive, receive","Se‍crets, re‍ceive, re‍ceive"
00512.8a8d03da14819f83a8936f224cd9c9cc,00512__salted__extended__cp00AD__single.8a8d03da14819f83a8936f224cd9c9cc,extended,00AD,single,,,,"Secrets, receive, receive","Se­crets, re­ceive, re­ceive"
00513.08c05933ceb2092de8a4866b91d6f274,00513__salted__extended__cp200B__single.08c05933ceb2092de8a4866b91d6f274,extended,200B,single,,,,"Commissions, Monthly, compliance","Co​mmissions, Mo​nthly, co​mpliance"
00513.08c05933ceb2092de8a4866b91d6f274,00513__salted__extended__cp200C__single.08c05933ceb2092de8a4866b91d6f274,extended,200C,single,,,,"Commissions, Monthly, compliance","Co‌mmissions, Mo‌nthly, co‌mpliance"
00513.08c05933ceb2092de8a4866b91d6f274,00513__salted__extended__cp200D__single.08c05933ceb2092de8a4866b91d6f274,extended,200D,single,,,,"Commissions, Monthly, compliance","Co‍mmissions, Mo‍nthly, co‍mpliance"
00513.08c05933ceb2092de8a4866b91d6f274,00513__salted__extended__cp00AD__single.08c05933ceb2092de8a4866b91d6f274,extended,00AD,single,,,,"Commissions, Monthly, compliance","Co­mmissions, Mo­nthly, co­mpliance"
00516.36cd648f23e91a831256f8ef32823573,00516__salted__extended__cp200B__single.36cd648f23e91a831256f8ef32823573,extended,200B,single,,,,"NBC, CBS, Oprah","NB​C, CB​S, Op​rah"
00516.36cd648f23e91a831256f8ef32823573,00516__salted__extended__cp200C__single.36cd648f23e91a831256f8ef32823573,extended,200C,single,,,,"NBC, CBS, Oprah","NB‌C, CB‌S, Op‌rah"
00516.36cd648f23e91a831256f8ef32823573,00516__salted__extended__cp200D__single.36cd648f23e91a831256f8ef32823573,extended,200D,single,,,,"NBC, CBS, Oprah","NB‍C, CB‍S, Op‍rah"
00516.36cd648f23e91a831256f8ef32823573,00516__salted__extended__cp00AD__single.36cd648f23e91a831256f8ef32823573,extended,00AD,single,,,,"NBC, CBS, Oprah","NB­C, CB­S, Op­rah"
00517.08bde5f35a9480cf76111e2e3ed57cca,00517__salted__extended__cp200B__single.08bde5f35a9480cf76111e2e3ed57cca,extended,200B,single,,,,"loan, loan, mortgage","lo​an, lo​an, mo​rtgage"
00517.08bde5f35a9480cf76111e2e3ed57cca,00517__salted__extended__cp200C__single.08bde5f35a9480cf76111e2e3ed57cca,extended,200C,single,,,,"loan, loan, mortgage","lo‌an, lo‌an, mo‌rtgage"
00517.08bde5f35a9480cf76111e2e3ed57cca,00517__salted__extended__cp200D__single.08bde5f35a9480cf76111e2e3ed57cca,extended,200D,single,,,,"loan, loan, mortgage","lo‍an, lo‍an, mo‍rtgage"
00517.08bde5f35a9480cf76111e2e3ed57cca,00517__salted__extended__cp00AD__single.08bde5f35a9480cf76111e2e3ed57cca,extended,00AD,single,,,,"loan, loan, mortgage","lo­an, lo­an, mo­rtgage"
00520.892a859ed7b0c96d56ae83e4f6ee6b11,00520__salted__extended__cp200B__single.892a859ed7b0c96d56ae83e4f6ee6b11,extended,200B,single,,,,"click, receive, click","cl​ick, re​ceive, cl​ick"
00520.892a859ed7b0c96d56ae83e4f6ee6b11,00520__salted__extended__cp200C__single.892a859ed7b0c96d56ae83e4f6ee6b11,extended,200C,single,,,,"click, receive, click","cl‌ick, re‌ceive, cl‌ick"
00520.892a859ed7b0c96d56ae83e4f6ee6b11,00520__salted__extended__cp200D__single.892a859ed7b0c96d56ae83e4f6ee6b11,extended,200D,single,,,,"click, receive, click","cl‍ick, re‍ceive, cl‍ick"
00520.892a859ed7b0c96d56ae83e4f6ee6b11,00520__salted__extended__cp00AD__single.892a859ed7b0c96d56ae83e4f6ee6b11,extended,00AD,single,,,,"click, receive, click","cl­ick, re­ceive, cl­ick"
00522.3c781aa53f7de37cf33e2205faac7143,00522__salted__extended__cp200B__single.3c781aa53f7de37cf33e2205faac7143,extended,200B,single,,,,"promotion, receive, receive","pr​omotion, re​ceive, re​ceive"
00522.3c781aa53f7de37cf33e2205faac7143,00522__salted__extended__cp200C__single.3c781aa53f7de37cf33e2205faac7143,extended,200C,single,,,,"promotion, receive, receive","pr‌omotion, re‌ceive, re‌ceive"
00522.3c781aa53f7de37cf33e2205faac7143,00522__salted__extended__cp200D__single.3c781aa53f7de37cf33e2205faac7143,extended,200D,single,,,,"promotion, receive, receive","pr‍omotion, re‍ceive, re‍ceive"
00522.3c781aa53f7de37cf33e2205faac7143,00522__salted__extended__cp00AD__single.3c781aa53f7de37cf33e2205faac7143,extended,00AD,single,,,,"promotion, receive, receive","pr­omotion, re­ceive, re­ceive"
00523.8dad1340c87f606b1f0696df64d9063c,00523__salted__extended__cp200B__single.8dad1340c87f606b1f0696df64d9063c,extended,200B,single,,MORTGAGE,MO​RTGAGE,,
00523.8dad1340c87f606b1f0696df64d9063c,00523__salted__extended__cp200C__single.8dad1340c87f606b1f0696df64d9063c,extended,200C,single,,MORTGAGE,MO‌RTGAGE,,
00523.8dad1340c87f606b1f0696df64d9063c,00523__salted__extended__cp200D__single.8dad1340c87f606b1f0696df64d9063c,extended,200D,single,,MORTGAGE,MO‍RTGAGE,,
00523.8dad1340c87f606b1f0696df64d9063c,00523__salted__extended__cp00AD__single.8dad1340c87f606b1f0696df64d9063c,extended,00AD,single,,MORTGAGE,MO­RTGAGE,,
00525.979fd0c4cc9c0f2495c564c5501a46ed,00525__salted__extended__cp200B__single.979fd0c4cc9c0f2495c564c5501a46ed,extended,200B,single,,ADV,AD​V,,
00525.979fd0c4cc9c0f2495c564c5501a46ed,00525__salted__extended__cp200C__single.979fd0c4cc9c0f2495c564c5501a46ed,extended,200C,single,,ADV,AD‌V,,
00525.979fd0c4cc9c0f2495c564c5501a46ed,00525__salted__extended__cp200D__single.979fd0c4cc9c0f2495c564c5501a46ed,extended,200D,single,,ADV,AD‍V,,
00525.979fd0c4cc9c0f2495c564c5501a46ed,00525__salted__extended__cp00AD__single.979fd0c4cc9c0f2495c564c5501a46ed,extended,00AD,single,,ADV,AD­V,,
00526.9a55d84e77b13b309a15ccce04901f94,00526__salted__extended__cp200B__single.9a55d84e77b13b309a15ccce04901f94,extended,200B,single,,HGH,HG​H,,
00526.9a55d84e77b13b309a15ccce04901f94,00526__salted__extended__cp200C__single.9a55d84e77b13b309a15ccce04901f94,extended,200C,single,,HGH,HG‌H,,
00526.9a55d84e77b13b309a15ccce04901f94,00526__salted__extended__cp200D__single.9a55d84e77b13b309a15ccce04901f94,extended,200D,single,,HGH,HG‍H,,
00526.9a55d84e77b13b309a15ccce04901f94,00526__salted__extended__cp00AD__single.9a55d84e77b13b309a15ccce04901f94,extended,00AD,single,,HGH,HG­H,,
00527.692952717b3f63cd2964ff2ff73ed91d,00527__salted__extended__cp200B__single.692952717b3f63cd2964ff2ff73ed91d,extended,200B,single,,,,"Insurance, insurance, Earn","In​surance, in​surance, Ea​rn"
00527.692952717b3f63cd2964ff2ff73ed91d,00527__salted__extended__cp200C__single.692952717b3f63cd2964ff2ff73ed91d,extended,200C,single,,,,"Insurance, insurance, Earn","In‌surance, in‌surance, Ea‌rn"
00527.692952717b3f63cd2964ff2ff73ed91d,00527__salted__extended__cp200D__single.692952717b3f63cd2964ff2ff73ed91d,extended,200D,single,,,,"Insurance, insurance, Earn","In‍surance, in‍surance, Ea‍rn"
00527.692952717b3f63cd2964ff2ff73ed91d,00527__salted__extended__cp00AD__single.692952717b3f63cd2964ff2ff73ed91d,extended,00AD,single,,,,"Insurance, insurance, Earn","In­surance, in­surance, Ea­rn"
00531.f3fffa4504c7009a03dd0d44a4562a84,00531__salted__extended__cp200B__single.f3fffa4504c7009a03dd0d44a4562a84,extended,200B,single,,ordering,or​dering,,
00531.f3fffa4504c7009a03dd0d44a4562a84,00531__salted__extended__cp200C__single.f3fffa4504c7009a03dd0d44a4562a84,extended,200C,single,,ordering,or‌dering,,
00531.f3fffa4504c7009a03dd0d44a4562a84,00531__salted__extended__cp200D__single.f3fffa4504c7009a03dd0d44a4562a84,extended,200D,single,,ordering,or‍dering,,
00531.f3fffa4504c7009a03dd0d44a4562a84,00531__salted__extended__cp00AD__single.f3fffa4504c7009a03dd0d44a4562a84,extended,00AD,single,,ordering,or­dering,,
00534.d17efd4b5f7baa6cf83684fef7cee08a,00534__salted__extended__cp200B__single.d17efd4b5f7baa6cf83684fef7cee08a,extended,200B,single,,Insurance,In​surance,,
00534.d17efd4b5f7baa6cf83684fef7cee08a,00534__salted__extended__cp200C__single.d17efd4b5f7baa6cf83684fef7cee08a,extended,200C,single,,Insurance,In‌surance,,
00534.d17efd4b5f7baa6cf83684fef7cee08a,00534__salted__extended__cp200D__single.d17efd4b5f7baa6cf83684fef7cee08a,extended,200D,single,,Insurance,In‍surance,,
00534.d17efd4b5f7baa6cf83684fef7cee08a,00534__salted__extended__cp00AD__single.d17efd4b5f7baa6cf83684fef7cee08a,extended,00AD,single,,Insurance,In­surance,,
00536.196dbf0abb48ceeeedb3a9172823702c,00536__salted__extended__cp200B__single.196dbf0abb48ceeeedb3a9172823702c,extended,200B,single,,,,"resell, resell, dare","re​sell, re​sell, da​re"
00536.196dbf0abb48ceeeedb3a9172823702c,00536__salted__extended__cp200C__single.196dbf0abb48ceeeedb3a9172823702c,extended,200C,single,,,,"resell, resell, dare","re‌sell, re‌sell, da‌re"
00536.196dbf0abb48ceeeedb3a9172823702c,00536__salted__extended__cp200D__single.196dbf0abb48ceeeedb3a9172823702c,extended,200D,single,,,,"resell, resell, dare","re‍sell, re‍sell, da‍re"
00536.196dbf0abb48ceeeedb3a9172823702c,00536__salted__extended__cp00AD__single.196dbf0abb48ceeeedb3a9172823702c,extended,00AD,single,,,,"resell, resell, dare","re­sell, re­sell, da­re"
00539.6e6f7b032b644f9b1355f46d20944350,00539__salted__extended__cp200B__single.6e6f7b032b644f9b1355f46d20944350,extended,200B,single,,,,"buyers, Receive, Receive","bu​yers, Re​ceive, Re​ceive"
00539.6e6f7b032b644f9b1355f46d20944350,00539__salted__extended__cp200C__single.6e6f7b032b644f9b1355f46d20944350,extended,200C,single,,,,"buyers, Receive, Receive","bu‌yers, Re‌ceive, Re‌ceive"
00539.6e6f7b032b644f9b1355f46d20944350,00539__salted__extended__cp200D__single.6e6f7b032b644f9b1355f46d20944350,extended,200D,single,,,,"buyers, Receive, Receive","bu‍yers, Re‍ceive, Re‍ceive"
00539.6e6f7b032b644f9b1355f46d20944350,00539__salted__extended__cp00AD__single.6e6f7b032b644f9b1355f46d20944350,extended,00AD,single,,,,"buyers, Receive, Receive","bu­yers, Re­ceive, Re­ceive"
00540.d66cdfb53617f2192367e7f327a018c7,00540__salted__extended__cp200B__single.d66cdfb53617f2192367e7f327a018c7,extended,200B,single,,mortgage,mo​rtgage,"refinance, mortgage, refinance","re​finance, mo​rtgage, re​finance"
00540.d66cdfb53617f2192367e7f327a018c7,00540__salted__extended__cp200C__single.d66cdfb53617f2192367e7f327a018c7,extended,200C,single,,mortgage,mo‌rtgage,"refinance, mortgage, refinance","re‌finance, mo‌rtgage, re‌finance"
00540.d66cdfb53617f2192367e7f327a018c7,00540__salted__extended__cp200D__single.d66cdfb53617f2192367e7f327a018c7,extended,200D,single,,mortgage,mo‍rtgage,"refinance, mortgage, refinance","re‍finance, mo‍rtgage, re‍finance"
00540.d66cdfb53617f2192367e7f327a018c7,00540__salted__extended__cp00AD__single.d66cdfb53617f2192367e7f327a018c7,extended,00AD,single,,mortgage,mo­rtgage,"refinance, mortgage, refinance","re­finance, mo­rtgage, re­finance"
00541.b3145925dccfa163547afa1299e61807,00541__salted__extended__cp200B__single.b3145925dccfa163547afa1299e61807,extended,200B,single,,Refinance,Re​finance,,
00541.b3145925dccfa163547afa1299e61807,00541__salted__extended__cp200C__single.b3145925dccfa163547afa1299e61807,extended,200C,single,,Refinance,Re‌finance,,
00541.b3145925dccfa163547afa1299e61807,00541__salted__extended__cp200D__single.b3145925dccfa163547afa1299e61807,extended,200D,single,,Refinance,Re‍finance,,
00541.b3145925dccfa163547afa1299e61807,00541__salted__extended__cp00AD__single.b3145925dccfa163547afa1299e61807,extended,00AD,single,,Refinance,Re­finance,,
00542.0cfed7997e72ff1084860d1d04dd9126,00542__salted__extended__cp200B__single.0cfed7997e72ff1084860d1d04dd9126,extended,200B,single,,,,Click,Cl​ick
00542.0cfed7997e72ff1084860d1d04dd9126,00542__salted__extended__cp200C__single.0cfed7997e72ff1084860d1d04dd9126,extended,200C,single,,,,Click,Cl‌ick
00542.0cfed7997e72ff1084860d1d04dd9126,00542__salted__extended__cp200D__single.0cfed7997e72ff1084860d1d04dd9126,extended,200D,single,,,,Click,Cl‍ick
00542.0cfed7997e72ff1084860d1d04dd9126,00542__salted__extended__cp00AD__single.0cfed7997e72ff1084860d1d04dd9126,extended,00AD,single,,,,Click,Cl­ick
00543.e69bd0a0effd4a12537fb358d79ea337,00543__salted__extended__cp200B__single.e69bd0a0effd4a12537fb358d79ea337,extended,200B,single,,,,"Insurance, Insurance, Insurance","In​surance, In​surance, In​surance"
00543.e69bd0a0effd4a12537fb358d79ea337,00543__salted__extended__cp200C__single.e69bd0a0effd4a12537fb358d79ea337,extended,200C,single,,,,"Insurance, Insurance, Insurance","In‌surance, In‌surance, In‌surance"
00543.e69bd0a0effd4a12537fb358d79ea337,00543__salted__extended__cp200D__single.e69bd0a0effd4a12537fb358d79ea337,extended,200D,single,,,,"Insurance, Insurance, Insurance","In‍surance, In‍surance, In‍surance"
00543.e69bd0a0effd4a12537fb358d79ea337,00543__salted__extended__cp00AD__single.e69bd0a0effd4a12537fb358d79ea337,extended,00AD,single,,,,"Insurance, Insurance, Insurance","In­surance, In­surance, In­surance"
00544.b40f8f2923fe96b02cd7c46fef0adea0,00544__salted__extended__cp200B__single.b40f8f2923fe96b02cd7c46fef0adea0,extended,200B,single,,ADV,AD​V,,
00544.b40f8f2923fe96b02cd7c46fef0adea0,00544__salted__extended__cp200C__single.b40f8f2923fe96b02cd7c46fef0adea0,extended,200C,single,,ADV,AD‌V,,
00544.b40f8f2923fe96b02cd7c46fef0adea0,00544__salted__extended__cp200D__single.b40f8f2923fe96b02cd7c46fef0adea0,extended,200D,single,,ADV,AD‍V,,
00544.b40f8f2923fe96b02cd7c46fef0adea0,00544__salted__extended__cp00AD__single.b40f8f2923fe96b02cd7c46fef0adea0,extended,00AD,single,,ADV,AD­V,,
00545.296b31ed5391f5e3674c734171643f45,00545__salted__extended__cp200B__single.296b31ed5391f5e3674c734171643f45,extended,200B,single,,inkjet,in​kjet,,
00545.296b31ed5391f5e3674c734171643f45,00545__salted__extended__cp200C__single.296b31ed5391f5e3674c734171643f45,extended,200C,single,,inkjet,in‌kjet,,
00545.296b31ed5391f5e3674c734171643f45,00545__salted__extended__cp200D__single.296b31ed5391f5e3674c734171643f45,extended,200D,single,,inkjet,in‍kjet,,
00545.296b31ed5391f5e3674c734171643f45,00545__salted__extended__cp00AD__single.296b31ed5391f5e3674c734171643f45,extended,00AD,single,,inkjet,in­kjet,,
00546.86d0c1b7a2080d8b2068935ab83cab03,00546__salted__extended__cp200B__single.86d0c1b7a2080d8b2068935ab83cab03,extended,200B,single,,,,"NBC, CBS, Oprah","NB​C, CB​S, Op​rah"
00546.86d0c1b7a2080d8b2068935ab83cab03,00546__salted__extended__cp200C__single.86d0c1b7a2080d8b2068935ab83cab03,extended,200C,single,,,,"NBC, CBS, Oprah","NB‌C, CB‌S, Op‌rah"
00546.86d0c1b7a2080d8b2068935ab83cab03,00546__salted__extended__cp200D__single.86d0c1b7a2080d8b2068935ab83cab03,extended,200D,single,,,,"NBC, CBS, Oprah","NB‍C, CB‍S, Op‍rah"
00546.86d0c1b7a2080d8b2068935ab83cab03,00546__salted__extended__cp00AD__single.86d0c1b7a2080d8b2068935ab83cab03,extended,00AD,single,,,,"NBC, CBS, Oprah","NB­C, CB­S, Op­rah"
00547.8519a982bb78c6994959d9a4b3d4c9a3,00547__salted__extended__cp200B__single.8519a982bb78c6994959d9a4b3d4c9a3,extended,200B,single,,ADV,AD​V,,
00547.8519a982bb78c6994959d9a4b3d4c9a3,00547__salted__extended__cp200C__single.8519a982bb78c6994959d9a4b3d4c9a3,extended,200C,single,,ADV,AD‌V,,
00547.8519a982bb78c6994959d9a4b3d4c9a3,00547__salted__extended__cp200D__single.8519a982bb78c6994959d9a4b3d4c9a3,extended,200D,single,,ADV,AD‍V,,
00547.8519a982bb78c6994959d9a4b3d4c9a3,00547__salted__extended__cp00AD__single.8519a982bb78c6994959d9a4b3d4c9a3,extended,00AD,single,,ADV,AD­V,,
00552.877d8dbff829787aa8349b433a8421f0,00552__salted__extended__cp200B__single.877d8dbff829787aa8349b433a8421f0,extended,200B,single,,Mortgage,Mo​rtgage,,
00552.877d8dbff829787aa8349b433a8421f0,00552__salted__extended__cp200C__single.877d8dbff829787aa8349b433a8421f0,extended,200C,single,,Mortgage,Mo‌rtgage,,
00552.877d8dbff829787aa8349b433a8421f0,00552__salted__extended__cp200D__single.877d8dbff829787aa8349b433a8421f0,extended,200D,single,,Mortgage,Mo‍rtgage,,
00552.877d8dbff829787aa8349b433a8421f0,00552__salted__extended__cp00AD__single.877d8dbff829787aa8349b433a8421f0,extended,00AD,single,,Mortgage,Mo­rtgage,,
00553.4e22bb923ee41a61d04f8b275157366b,00553__salted__extended__cp200B__single.4e22bb923ee41a61d04f8b275157366b,extended,200B,single,,ADV,AD​V,,
00553.4e22bb923ee41a61d04f8b275157366b,00553__salted__extended__cp200C__single.4e22bb923ee41a61d04f8b275157366b,extended,200C,single,,ADV,AD‌V,,
00553.4e22bb923ee41a61d04f8b275157366b,00553__salted__extended__cp200D__single.4e22bb923ee41a61d04f8b275157366b,extended,200D,single,,ADV,AD‍V,,
00553.4e22bb923ee41a61d04f8b275157366b,00553__salted__extended__cp00AD__single.4e22bb923ee41a61d04f8b275157366b,extended,00AD,single,,ADV,AD­V,,
00554.c325ab7400fb7e3f053ed0cac4ed7545,00554__salted__extended__cp200B__single.c325ab7400fb7e3f053ed0cac4ed7545,extended,200B,single,,Assistance,As​sistance,"utmost, confidentiality, Nigeria","ut​most, co​nfidentiality, Ni​geria"
00554.c325ab7400fb7e3f053ed0cac4ed7545,00554__salted__extended__cp200C__single.c325ab7400fb7e3f053ed0cac4ed7545,extended,200C,single,,Assistance,As‌sistance,"utmost, confidentiality, Nigeria","ut‌most, co‌nfidentiality, Ni‌geria"
00554.c325ab7400fb7e3f053ed0cac4ed7545,00554__salted__extended__cp200D__single.c325ab7400fb7e3f053ed0cac4ed7545,extended,200D,single,,Assistance,As‍sistance,"utmost, confidentiality, Nigeria","ut‍most, co‍nfidentiality, Ni‍geria"
00554.c325ab7400fb7e3f053ed0cac4ed7545,00554__salted__extended__cp00AD__single.c325ab7400fb7e3f053ed0cac4ed7545,extended,00AD,single,,Assistance,As­sistance,"utmost, confidentiality, Nigeria","ut­most, co­nfidentiality, Ni­geria"
00558.dcb747a55d9b7d4f9ca6c66717bd36c7,00558__salted__extended__cp200B__single.dcb747a55d9b7d4f9ca6c66717bd36c7,extended,200B,single,,HGH,HG​H,,
00558.dcb747a55d9b7d4f9ca6c66717bd36c7,00558__salted__extended__cp200C__single.dcb747a55d9b7d4f9ca6c66717bd36c7,extended,200C,single,,HGH,HG‌H,,
00558.dcb747a55d9b7d4f9ca6c66717bd36c7,00558__salted__extended__cp200D__single.dcb747a55d9b7d4f9ca6c66717bd36c7,extended,200D,single,,HGH,HG‍H,,
00558.dcb747a55d9b7d4f9ca6c66717bd36c7,00558__salted__extended__cp00AD__single.dcb747a55d9b7d4f9ca6c66717bd36c7,extended,00AD,single,,HGH,HG­H,,
00560.dfc4142bdb51d4ac3f9a3460c9254a18,00560__salted__extended__cp200B__single.dfc4142bdb51d4ac3f9a3460c9254a18,extended,200B,single,,,,"Guaranteed, CLICK, receive","Gu​aranteed, CL​ICK, re​ceive"
00560.dfc4142bdb51d4ac3f9a3460c9254a18,00560__salted__extended__cp200C__single.dfc4142bdb51d4ac3f9a3460c9254a18,extended,200C,single,,,,"Guaranteed, CLICK, receive","Gu‌aranteed, CL‌ICK, re‌ceive"
00560.dfc4142bdb51d4ac3f9a3460c9254a18,00560__salted__extended__cp200D__single.dfc4142bdb51d4ac3f9a3460c9254a18,extended,200D,single,,,,"Guaranteed, CLICK, receive","Gu‍aranteed, CL‍ICK, re‍ceive"
00560.dfc4142bdb51d4ac3f9a3460c9254a18,00560__salted__extended__cp00AD__single.dfc4142bdb51d4ac3f9a3460c9254a18,extended,00AD,single,,,,"Guaranteed, CLICK, receive","Gu­aranteed, CL­ICK, re­ceive"
00561.c1919574614e88fbabbfb266153560f2,00561__salted__extended__cp200B__single.c1919574614e88fbabbfb266153560f2,extended,200B,single,,,,"NBC, CBS, Oprah","NB​C, CB​S, Op​rah"
00561.c1919574614e88fbabbfb266153560f2,00561__salted__extended__cp200C__single.c1919574614e88fbabbfb266153560f2,extended,200C,single,,,,"NBC, CBS, Oprah","NB‌C, CB‌S, Op‌rah"
00561.c1919574614e88fbabbfb266153560f2,00561__salted__extended__cp200D__single.c1919574614e88fbabbfb266153560f2,extended,200D,single,,,,"NBC, CBS, Oprah","NB‍C, CB‍S, Op‍rah"
00561.c1919574614e88fbabbfb266153560f2,00561__salted__extended__cp00AD__single.c1919574614e88fbabbfb266153560f2,extended,00AD,single,,,,"NBC, CBS, Oprah","NB­C, CB­S, Op­rah"
00562.09f8bb89193c2c5b8e8722ea0aa170a9,00562__salted__extended__cp200B__single.09f8bb89193c2c5b8e8722ea0aa170a9,extended,200B,single,,,,"affordable, affordable, fees","af​fordable, af​fordable, fe​es"
00562.09f8bb89193c2c5b8e8722ea0aa170a9,00562__salted__extended__cp200C__single.09f8bb89193c2c5b8e8722ea0aa170a9,extended,200C,single,,,,"affordable, affordable, fees","af‌fordable, af‌fordable, fe‌es"
00562.09f8bb89193c2c5b8e8722ea0aa170a9,00562__salted__extended__cp200D__single.09f8bb89193c2c5b8e8722ea0aa170a9,extended,200D,single,,,,"affordable, affordable, fees","af‍fordable, af‍fordable, fe‍es"
00562.09f8bb89193c2c5b8e8722ea0aa170a9,00562__salted__extended__cp00AD__single.09f8bb89193c2c5b8e8722ea0aa170a9,extended,00AD,single,,,,"affordable, affordable, fees","af­fordable, af­fordable, fe­es"
00565.a1a4b8367b5c7f5e865df0539b52969a,00565__salted__extended__cp200B__single.a1a4b8367b5c7f5e865df0539b52969a,extended,200B,single,,Annuity,An​nuity,"ANNUITY, Guaranteed, receive","AN​NUITY, Gu​aranteed, re​ceive"
00565.a1a4b8367b5c7f5e865df0539b52969a,00565__salted__extended__cp200C__single.a1a4b8367b5c7f5e865df0539b52969a,extended,200C,single,,Annuity,An‌nuity,"ANNUITY, Guaranteed, receive","AN‌NUITY, Gu‌aranteed, re‌ceive"
00565.a1a4b8367b5c7f5e865df0539b52969a,00565__salted__extended__cp200D__single.a1a4b8367b5c7f5e865df0539b52969a,extended,200D,single,,Annuity,An‍nuity,"ANNUITY, Guaranteed, receive","AN‍NUITY, Gu‍aranteed, re‍ceive"
00565.a1a4b8367b5c7f5e865df0539b52969a,00565__salted__extended__cp00AD__single.a1a4b8367b5c7f5e865df0539b52969a,extended,00AD,single,,Annuity,An­nuity,"ANNUITY, Guaranteed, receive","AN­NUITY, Gu­aranteed, re­ceive"
00566.9b3e6f0ed54a232fcf6533c75d5c218e,00566__salted__extended__cp200B__single.9b3e6f0ed54a232fcf6533c75d5c218e,extended,200B,single,,,,"monthly, loan, Click","mo​nthly, lo​an, Cl​ick"
00566.9b3e6f0ed54a232fcf6533c75d5c218e,00566__salted__extended__cp200C__single.9b3e6f0ed54a232fcf6533c75d5c218e,extended,200C,single,,,,"monthly, loan, Click","mo‌nthly, lo‌an, Cl‌ick"
00566.9b3e6f0ed54a232fcf6533c75d5c218e,00566__salted__extended__cp200D__single.9b3e6f0ed54a232fcf6533c75d5c218e,extended,200D,single,,,,"monthly, loan, Click","mo‍nthly, lo‍an, Cl‍ick"
00566.9b3e6f0ed54a232fcf6533c75d5c218e,00566__salted__extended__cp00AD__single.9b3e6f0ed54a232fcf6533c75d5c218e,extended,00AD,single,,,,"monthly, loan, Click","mo­nthly, lo­an, Cl­ick"
00567.9a792928197fff7a7a38aee412bf4a07,00567__salted__extended__cp200B__single.9a792928197fff7a7a38aee412bf4a07,extended,200B,single,,,,"monthly, loan, Click","mo​nthly, lo​an, Cl​ick"
00567.9a792928197fff7a7a38aee412bf4a07,00567__salted__extended__cp200C__single.9a792928197fff7a7a38aee412bf4a07,extended,200C,single,,,,"monthly, loan, Click","mo‌nthly, lo‌an, Cl‌ick"
00567.9a792928197fff7a7a38aee412bf4a07,00567__salted__extended__cp200D__single.9a792928197fff7a7a38aee412bf4a07,extended,200D,single,,,,"monthly, loan, Click","mo‍nthly, lo‍an, Cl‍ick"
00567.9a792928197fff7a7a38aee412bf4a07,00567__salted__extended__cp00AD__single.9a792928197fff7a7a38aee412bf4a07,extended,00AD,single,,,,"monthly, loan, Click","mo­nthly, lo­an, Cl­ick"
00568.9099cfcce869f4ecf337fc666f04c11d,00568__salted__extended__cp200B__single.9099cfcce869f4ecf337fc666f04c11d,extended,200B,single,,,,Click,Cl​ick
00568.9099cfcce869f4ecf337fc666f04c11d,00568__salted__extended__cp200C__single.9099cfcce869f4ecf337fc666f04c11d,extended,200C,single,,,,Click,Cl‌ick
00568.9099cfcce869f4ecf337fc666f04c11d,00568__salted__extended__cp200D__single.9099cfcce869f4ecf337fc666f04c11d,extended,200D,single,,,,Click,Cl‍ick
00568.9099cfcce869f4ecf337fc666f04c11d,00568__salted__extended__cp00AD__single.9099cfcce869f4ecf337fc666f04c11d,extended,00AD,single,,,,Click,Cl­ick
00570.cc1a4d6cf41350cf10e2b588dacb2dff,00570__salted__extended__cp200B__single.cc1a4d6cf41350cf10e2b588dacb2dff,extended,200B,single,,,,"promotion, receive","pr​omotion, re​ceive"
00570.cc1a4d6cf41350cf10e2b588dacb2dff,00570__salted__extended__cp200C__single.cc1a4d6cf41350cf10e2b588dacb2dff,extended,200C,single,,,,"promotion, receive","pr‌omotion, re‌ceive"
00570.cc1a4d6cf41350cf10e2b588dacb2dff,00570__salted__extended__cp200D__single.cc1a4d6cf41350cf10e2b588dacb2dff,extended,200D,single,,,,"promotion, receive","pr‍omotion, re‍ceive"
00570.cc1a4d6cf41350cf10e2b588dacb2dff,00570__salted__extended__cp00AD__single.cc1a4d6cf41350cf10e2b588dacb2dff,extended,00AD,single,,,,"promotion, receive","pr­omotion, re­ceive"
00573.f33cc9f9253eda8eceaa7ace8f1a0f50,00573__salted__extended__cp200B__single.f33cc9f9253eda8eceaa7ace8f1a0f50,extended,200B,single,,,,"Receive, receive, PROFITABLE","Re​ceive, re​ceive, PR​OFITABLE"
00573.f33cc9f9253eda8eceaa7ace8f1a0f50,00573__salted__extended__cp200C__single.f33cc9f9253eda8eceaa7ace8f1a0f50,extended,200C,single,,,,"Receive, receive, PROFITABLE","Re‌ceive, re‌ceive, PR‌OFITABLE"
00573.f33cc9f9253eda8eceaa7ace8f1a0f50,00573__salted__extended__cp200D__single.f33cc9f9253eda8eceaa7ace8f1a0f50,extended,200D,single,,,,"Receive, receive, PROFITABLE","Re‍ceive, re‍ceive, PR‍OFITABLE"
00573.f33cc9f9253eda8eceaa7ace8f1a0f50,00573__salted__extended__cp00AD__single.f33cc9f9253eda8eceaa7ace8f1a0f50,extended,00AD,single,,,,"Receive, receive, PROFITABLE","Re­ceive, re­ceive, PR­OFITABLE"
00575.cbefce767b904bb435fd9162d7165e9e,00575__salted__extended__cp200B__single.cbefce767b904bb435fd9162d7165e9e,extended,200B,single,,MLM,ML​M,"removal, MLM, MLM","re​moval, ML​M, ML​M"
00575.cbefce767b904bb435fd9162d7165e9e,00575__salted__extended__cp200C__single.cbefce767b904bb435fd9162d7165e9e,extended,200C,single,,MLM,ML‌M,"removal, MLM, MLM","re‌moval, ML‌M, ML‌M"
00575.cbefce767b904bb435fd9162d7165e9e,00575__salted__extended__cp200D__single.cbefce767b904bb435fd9162d7165e9e,extended,200D,single,,MLM,ML‍M,"removal, MLM, MLM","re‍moval, ML‍M, ML‍M"
00575.cbefce767b904bb435fd9162d7165e9e,00575__salted__extended__cp00AD__single.cbefce767b904bb435fd9162d7165e9e,extended,00AD,single,,MLM,ML­M,"removal, MLM, MLM","re­moval, ML­M, ML­M"
00582.2db3b12f1cbf87ef3a64d26c35561a5b,00582__salted__extended__cp200B__single.2db3b12f1cbf87ef3a64d26c35561a5b,extended,200B,single,,ADV,AD​V,,
00582.2db3b12f1cbf87ef3a64d26c35561a5b,00582__salted__extended__cp200C__single.2db3b12f1cbf87ef3a64d26c35561a5b,extended,200C,single,,ADV,AD‌V,,
00582.2db3b12f1cbf87ef3a64d26c35561a5b,00582__salted__extended__cp200D__single.2db3b12f1cbf87ef3a64d26c35561a5b,extended,200D,single,,ADV,AD‍V,,
00582.2db3b12f1cbf87ef3a64d26c35561a5b,00582__salted__extended__cp00AD__single.2db3b12f1cbf87ef3a64d26c35561a5b,extended,00AD,single,,ADV,AD­V,,
00583.b780ea187746d4722e9a684fe34f0cc9,00583__salted__extended__cp200B__single.b780ea187746d4722e9a684fe34f0cc9,extended,200B,single,,,,"insurance, insurance, insurance","in​surance, in​surance, in​surance"
00583.b780ea187746d4722e9a684fe34f0cc9,00583__salted__extended__cp200C__single.b780ea187746d4722e9a684fe34f0cc9,extended,200C,single,,,,"insurance, insurance, insurance","in‌surance, in‌surance, in‌surance"
00583.b780ea187746d4722e9a684fe34f0cc9,00583__salted__extended__cp200D__single.b780ea187746d4722e9a684fe34f0cc9,extended,200D,single,,,,"insurance, insurance, insurance","in‍surance, in‍surance, in‍surance"
00583.b780ea187746d4722e9a684fe34f0cc9,00583__salted__extended__cp00AD__single.b780ea187746d4722e9a684fe34f0cc9,extended,00AD,single,,,,"insurance, insurance, insurance","in­surance, in­surance, in­surance"
00584.0f2dbef1c4238beb69443e0273484d76,00584__salted__extended__cp200B__single.0f2dbef1c4238beb69443e0273484d76,extended,200B,single,,,,"NBC, CBS, Oprah","NB​C, CB​S, Op​rah"
00584.0f2dbef1c4238beb69443e0273484d76,00584__salted__extended__cp200C__single.0f2dbef1c4238beb69443e0273484d76,extended,200C,single,,,,"NBC, CBS, Oprah","NB‌C, CB‌S, Op‌rah"
00584.0f2dbef1c4238beb69443e0273484d76,00584__salted__extended__cp200D__single.0f2dbef1c4238beb69443e0273484d76,extended,200D,single,,,,"NBC, CBS, Oprah","NB‍C, CB‍S, Op‍rah"
00584.0f2dbef1c4238beb69443e0273484d76,00584__salted__extended__cp00AD__single.0f2dbef1c4238beb69443e0273484d76,extended,00AD,single,,,,"NBC, CBS, Oprah","NB­C, CB­S, Op­rah"
00587.582e355efbb36f9a0d55997e093626ba,00587__salted__extended__cp200B__single.582e355efbb36f9a0d55997e093626ba,extended,200B,single,,Viagra,Vi​agra,,
00587.582e355efbb36f9a0d55997e093626ba,00587__salted__extended__cp200C__single.582e355efbb36f9a0d55997e093626ba,extended,200C,single,,Viagra,Vi‌agra,,
00587.582e355efbb36f9a0d55997e093626ba,00587__salted__extended__cp200D__single.582e355efbb36f9a0d55997e093626ba,extended,200D,single,,Viagra,Vi‍agra,,
00587.582e355efbb36f9a0d55997e093626ba,00587__salted__extended__cp00AD__single.582e355efbb36f9a0d55997e093626ba,extended,00AD,single,,Viagra,Vi­agra,,
00591.962cc31322a42abd7ca205b62c56438e,00591__salted__extended__cp200B__single.962cc31322a42abd7ca205b62c56438e,extended,200B,single,,Loan,Lo​an,,
00591.962cc31322a42abd7ca205b62c56438e,00591__salted__extended__cp200C__single.962cc31322a42abd7ca205b62c56438e,extended,200C,single,,Loan,Lo‌an,,
00591.962cc31322a42abd7ca205b62c56438e,00591__salted__extended__cp200D__single.962cc31322a42abd7ca205b62c56438e,extended,200D,single,,Loan,Lo‍an,,
00591.962cc31322a42abd7ca205b62c56438e,00591__salted__extended__cp00AD__single.962cc31322a42abd7ca205b62c56438e,extended,00AD,single,,Loan,Lo­an,,
00592.8da31ade2e259569f9741cca3d98d952,00592__salted__extended__cp200B__single.8da31ade2e259569f9741cca3d98d952,extended,200B,single,,,,"Mortgage, Lenders, loan","Mo​rtgage, Le​nders, lo​an"
00592.8da31ade2e259569f9741cca3d98d952,00592__salted__extended__cp200C__single.8da31ade2e259569f9741cca3d98d952,extended,200C,single,,,,"Mortgage, Lenders, loan","Mo‌rtgage, Le‌nders, lo‌an"
00592.8da31ade2e259569f9741cca3d98d952,00592__salted__extended__cp200D__single.8da31ade2e259569f9741cca3d98d952,extended,200D,single,,,,"Mortgage, Lenders, loan","Mo‍rtgage, Le‍nders, lo‍an"
00592.8da31ade2e259569f9741cca3d98d952,00592__salted__extended__cp00AD__single.8da31ade2e259569f9741cca3d98d952,extended,00AD,single,,,,"Mortgage, Lenders, loan","Mo­rtgage, Le­nders, lo­an"
00595.11ff52fbcc4dfc5ddd499c27746b2c8b,00595__salted__extended__cp200B__single.11ff52fbcc4dfc5ddd499c27746b2c8b,extended,200B,single,,Systemworks,Sy​stemworks,,
00595.11ff52fbcc4dfc5ddd499c27746b2c8b,00595__salted__extended__cp200C__single.11ff52fbcc4dfc5ddd499c27746b2c8b,extended,200C,single,,Systemworks,Sy‌stemworks,,
00595.11ff52fbcc4dfc5ddd499c27746b2c8b,00595__salted__extended__cp200D__single.11ff52fbcc4dfc5ddd499c27746b2c8b,extended,200D,single,,Systemworks,Sy‍stemworks,,
00595.11ff52fbcc4dfc5ddd499c27746b2c8b,00595__salted__extended__cp00AD__single.11ff52fbcc4dfc5ddd499c27746b2c8b,extended,00AD,single,,Systemworks,Sy­stemworks,,
00597.77c914c24bd38a4cfa7ef06aae438d17,00597__salted__extended__cp200B__single.77c914c24bd38a4cfa7ef06aae438d17,extended,200B,single,,ADV,AD​V,"toll, Sincerely","to​ll, Si​ncerely"
00597.77c914c24bd38a4cfa7ef06aae438d17,00597__salted__extended__cp200C__single.77c914c24bd38a4cfa7ef06aae438d17,extended,200C,single,,ADV,AD‌V,"toll, Sincerely","to‌ll, Si‌ncerely"
00597.77c914c24bd38a4cfa7ef06aae438d17,00597__salted__extended__cp200D__single.77c914c24bd38a4cfa7ef06aae438d17,extended,200D,single,,ADV,AD‍V,"toll, Sincerely","to‍ll, Si‍ncerely"
00597.77c914c24bd38a4cfa7ef06aae438d17,00597__salted__extended__cp00AD__single.77c914c24bd38a4cfa7ef06aae438d17,extended,00AD,single,,ADV,AD­V,"toll, Sincerely","to­ll, Si­ncerely"
00598.55751466eb0cbc307da570a603daa3d6,00598__salted__extended__cp200B__single.55751466eb0cbc307da570a603daa3d6,extended,200B,single,,Earn,Ea​rn,"insurance, premium, qualified","in​surance, pr​emium, qu​alified"
00598.55751466eb0cbc307da570a603daa3d6,00598__salted__extended__cp200C__single.55751466eb0cbc307da570a603daa3d6,extended,200C,single,,Earn,Ea‌rn,"insurance, premium, qualified","in‌surance, pr‌emium, qu‌alified"
00598.55751466eb0cbc307da570a603daa3d6,00598__salted__extended__cp200D__single.55751466eb0cbc307da570a603daa3d6,extended,200D,single,,Earn,Ea‍rn,"insurance, premium, qualified","in‍surance, pr‍emium, qu‍alified"
00598.55751466eb0cbc307da570a603daa3d6,00598__salted__extended__cp00AD__single.55751466eb0cbc307da570a603daa3d6,extended,00AD,single,,Earn,Ea­rn,"insurance, premium, qualified","in­surance, pr­emium, qu­alified"
00600.d113e8e0ac2d8d42f500f4faef61061b,00600__salted__extended__cp200B__single.d113e8e0ac2d8d42f500f4faef61061b,extended,200B,single,,,,"resell, resell, dare","re​sell, re​sell, da​re"
00600.d113e8e0ac2d8d42f500f4faef61061b,00600__salted__extended__cp200C__single.d113e8e0ac2d8d42f500f4faef61061b,extended,200C,single,,,,"resell, resell, dare","re‌sell, re‌sell, da‌re"
00600.d113e8e0ac2d8d42f500f4faef61061b,00600__salted__extended__cp200D__single.d113e8e0ac2d8d42f500f4faef61061b,extended,200D,single,,,,"resell, resell, dare","re‍sell, re‍sell, da‍re"
00600.d113e8e0ac2d8d42f500f4faef61061b,00600__salted__extended__cp00AD__single.d113e8e0ac2d8d42f500f4faef61061b,extended,00AD,single,,,,"resell, resell, dare","re­sell, re­sell, da­re"
00602.8b839b13833d7ca3abd6f6179ccc0286,00602__salted__extended__cp200B__single.8b839b13833d7ca3abd6f6179ccc0286,extended,200B,single,,Loan,Lo​an,,
00602.8b839b13833d7ca3abd6f6179ccc0286,00602__salted__extended__cp200C__single.8b839b13833d7ca3abd6f6179ccc0286,extended,200C,single,,Loan,Lo‌an,,
00602.8b839b13833d7ca3abd6f6179ccc0286,00602__salted__extended__cp200D__single.8b839b13833d7ca3abd6f6179ccc0286,extended,200D,single,,Loan,Lo‍an,,
00602.8b839b13833d7ca3abd6f6179ccc0286,00602__salted__extended__cp00AD__single.8b839b13833d7ca3abd6f6179ccc0286,extended,00AD,single,,Loan,Lo­an,,
00605.8a2e83e442d0052a2b2e9cff1ef0793c,00605__salted__extended__cp200B__single.8a2e83e442d0052a2b2e9cff1ef0793c,extended,200B,single,,Mortgage,Mo​rtgage,"mortgage, click","mo​rtgage, cl​ick"
00605.8a2e83e442d0052a2b2e9cff1ef0793c,00605__salted__extended__cp200C__single.8a2e83e442d0052a2b2e9cff1ef0793c,extended,200C,single,,Mortgage,Mo‌rtgage,"mortgage, click","mo‌rtgage, cl‌ick"
00605.8a2e83e442d0052a2b2e9cff1ef0793c,00605__salted__extended__cp200D__single.8a2e83e442d0052a2b2e9cff1ef0793c,extended,200D,single,,Mortgage,Mo‍rtgage,"mortgage, click","mo‍rtgage, cl‍ick"
00605.8a2e83e442d0052a2b2e9cff1ef0793c,00605__salted__extended__cp00AD__single.8a2e83e442d0052a2b2e9cff1ef0793c,extended,00AD,single,,Mortgage,Mo­rtgage,"mortgage, click","mo­rtgage, cl­ick"
00606.f078f6f48ae2e41f553882449f2aa613,00606__salted__extended__cp200B__single.f078f6f48ae2e41f553882449f2aa613,extended,200B,single,,MORTGAGE,MO​RTGAGE,,
00606.f078f6f48ae2e41f553882449f2aa613,00606__salted__extended__cp200C__single.f078f6f48ae2e41f553882449f2aa613,extended,200C,single,,MORTGAGE,MO‌RTGAGE,,
00606.f078f6f48ae2e41f553882449f2aa613,00606__salted__extended__cp200D__single.f078f6f48ae2e41f553882449f2aa613,extended,200D,single,,MORTGAGE,MO‍RTGAGE,,
00606.f078f6f48ae2e41f553882449f2aa613,00606__salted__extended__cp00AD__single.f078f6f48ae2e41f553882449f2aa613,extended,00AD,single,,MORTGAGE,MO­RTGAGE,,
00609.4dfe7912017772587dc62fecc3cf6553,00609__salted__extended__cp200B__single.4dfe7912017772587dc62fecc3cf6553,extended,200B,single,,,,"earning, guaranteed, monthly","ea​rning, gu​aranteed, mo​nthly"
00609.4dfe7912017772587dc62fecc3cf6553,00609__salted__extended__cp200C__single.4dfe7912017772587dc62fecc3cf6553,extended,200C,single,,,,"earning, guaranteed, monthly","ea‌rning, gu‌aranteed, mo‌nthly"
00609.4dfe7912017772587dc62fecc3cf6553,00609__salted__extended__cp200D__single.4dfe7912017772587dc62fecc3cf6553,extended,200D,single,,,,"earning, guaranteed, monthly","ea‍rning, gu‍aranteed, mo‍nthly"
00609.4dfe7912017772587dc62fecc3cf6553,00609__salted__extended__cp00AD__single.4dfe7912017772587dc62fecc3cf6553,extended,00AD,single,,,,"earning, guaranteed, monthly","ea­rning, gu­aranteed, mo­nthly"
00610.d78eda68ed03fa6890077bd4b805e16d,00610__salted__extended__cp200B__single.d78eda68ed03fa6890077bd4b805e16d,extended,200B,single,,,,"Unlimited, Unlimited","Un​limited, Un​limited"
00610.d78eda68ed03fa6890077bd4b805e16d,00610__salted__extended__cp200C__single.d78eda68ed03fa6890077bd4b805e16d,extended,200C,single,,,,"Unlimited, Unlimited","Un‌limited, Un‌limited"
00610.d78eda68ed03fa6890077bd4b805e16d,00610__salted__extended__cp200D__single.d78eda68ed03fa6890077bd4b805e16d,extended,200D,single,,,,"Unlimited, Unlimited","Un‍limited, Un‍limited"
00610.d78eda68ed03fa6890077bd4b805e16d,00610__salted__extended__cp00AD__single.d78eda68ed03fa6890077bd4b805e16d,extended,00AD,single,,,,"Unlimited, Unlimited","Un­limited, Un­limited"
00611.58f9a1db64c83da2bfd3b1acf8d38338,00611__salted__extended__cp200B__single.58f9a1db64c83da2bfd3b1acf8d38338,extended,200B,single,,,,"SIR, MADAM, ASSISTANCE","SI​R, MA​DAM, AS​SISTANCE"
00611.58f9a1db64c83da2bfd3b1acf8d38338,00611__salted__extended__cp200C__single.58f9a1db64c83da2bfd3b1acf8d38338,extended,200C,single,,,,"SIR, MADAM, ASSISTANCE","SI‌R, MA‌DAM, AS‌SISTANCE"
00611.58f9a1db64c83da2bfd3b1acf8d38338,00611__salted__extended__cp200D__single.58f9a1db64c83da2bfd3b1acf8d38338,extended,200D,single,,,,"SIR, MADAM, ASSISTANCE","SI‍R, MA‍DAM, AS‍SISTANCE"
00611.58f9a1db64c83da2bfd3b1acf8d38338,00611__salted__extended__cp00AD__single.58f9a1db64c83da2bfd3b1acf8d38338,extended,00AD,single,,,,"SIR, MADAM, ASSISTANCE","SI­R, MA­DAM, AS­SISTANCE"
00612.cd362b97ee34d41e72a66ed5199dd62e,00612__salted__extended__cp200B__single.cd362b97ee34d41e72a66ed5199dd62e,extended,200B,single,,,,"sir, Nigeria, Sir","si​r, Ni​geria, Si​r"
00612.cd362b97ee34d41e72a66ed5199dd62e,00612__salted__extended__cp200C__single.cd362b97ee34d41e72a66ed5199dd62e,extended,200C,single,,,,"sir, Nigeria, Sir","si‌r, Ni‌geria, Si‌r"
00612.cd362b97ee34d41e72a66ed5199dd62e,00612__salted__extended__cp200D__single.cd362b97ee34d41e72a66ed5199dd62e,extended,200D,single,,,,"sir, Nigeria, Sir","si‍r, Ni‍geria, Si‍r"
00612.cd362b97ee34d41e72a66ed5199dd62e,00612__salted__extended__cp00AD__single.cd362b97ee34d41e72a66ed5199dd62e,extended,00AD,single,,,,"sir, Nigeria, Sir","si­r, Ni­geria, Si­r"
00613.047cf0bcc74950bd9e1eaf8d336c385c,00613__salted__extended__cp200B__single.047cf0bcc74950bd9e1eaf8d336c385c,extended,200B,single,,,,"qualified, Annuity, guaranteed","qu​alified, An​nuity, gu​aranteed"
00613.047cf0bcc74950bd9e1eaf8d336c385c,00613__salted__extended__cp200C__single.047cf0bcc74950bd9e1eaf8d336c385c,extended,200C,single,,,,"qualified, Annuity, guaranteed","qu‌alified, An‌nuity, gu‌aranteed"
00613.047cf0bcc74950bd9e1eaf8d336c385c,00613__salted__extended__cp200D__single.047cf0bcc74950bd9e1eaf8d336c385c,extended,200D,single,,,,"qualified, Annuity, guaranteed","qu‍alified, An‍nuity, gu‍aranteed"
00613.047cf0bcc74950bd9e1eaf8d336c385c,00613__salted__extended__cp00AD__single.047cf0bcc74950bd9e1eaf8d336c385c,extended,00AD,single,,,,"qualified, Annuity, guaranteed","qu­alified, An­nuity, gu­aranteed"
00614.974cdf353242f9286fbcc34673d9f28a,00614__salted__extended__cp200B__single.974cdf353242f9286fbcc34673d9f28a,extended,200B,single,,,,"Click, receive, click","Cl​ick, re​ceive, cl​ick"
00614.974cdf353242f9286fbcc34673d9f28a,00614__salted__extended__cp200C__single.974cdf353242f9286fbcc34673d9f28a,extended,200C,single,,,,"Click, receive, click","Cl‌ick, re‌ceive, cl‌ick"
00614.974cdf353242f9286fbcc34673d9f28a,00614__salted__extended__cp200D__single.974cdf353242f9286fbcc34673d9f28a,extended,200D,single,,,,"Click, receive, click","Cl‍ick, re‍ceive, cl‍ick"
00614.974cdf353242f9286fbcc34673d9f28a,00614__salted__extended__cp00AD__single.974cdf353242f9286fbcc34673d9f28a,extended,00AD,single,,,,"Click, receive, click","Cl­ick, re­ceive, cl­ick"
00615.e47bff6118d4ff6d98581fa6f40ab871,00615__salted__extended__cp200B__single.e47bff6118d4ff6d98581fa6f40ab871,extended,200B,single,,,,"lagos, Nigeria, Attn","la​gos, Ni​geria, At​tn"
00615.e47bff6118d4ff6d98581fa6f40ab871,00615__salted__extended__cp200C__single.e47bff6118d4ff6d98581fa6f40ab871,extended,200C,single,,,,"lagos, Nigeria, Attn","la‌gos, Ni‌geria, At‌tn"
00615.e47bff6118d4ff6d98581fa6f40ab871,00615__salted__extended__cp200D__single.e47bff6118d4ff6d98581fa6f40ab871,extended,200D,single,,,,"lagos, Nigeria, Attn","la‍gos, Ni‍geria, At‍tn"
00615.e47bff6118d4ff6d98581fa6f40ab871,00615__salted__extended__cp00AD__single.e47bff6118d4ff6d98581fa6f40ab871,extended,00AD,single,,,,"lagos, Nigeria, Attn","la­gos, Ni­geria, At­tn"
00616.1e86f2d3478f10a3a413844bba74f450,00616__salted__extended__cp200B__single.1e86f2d3478f10a3a413844bba74f450,extended,200B,single,,,,"lagos, Nigeria, Attn","la​gos, Ni​geria, At​tn"
00616.1e86f2d3478f10a3a413844bba74f450,00616__salted__extended__cp200C__single.1e86f2d3478f10a3a413844bba74f450,extended,200C,single,,,,"lagos, Nigeria, Attn","la‌gos, Ni‌geria, At‌tn"
00616.1e86f2d3478f10a3a413844bba74f450,00616__salted__extended__cp200D__single.1e86f2d3478f10a3a413844bba74f450,extended,200D,single,,,,"lagos, Nigeria, Attn","la‍gos, Ni‍geria, At‍tn"
00616.1e86f2d3478f10a3a413844bba74f450,00616__salted__extended__cp00AD__single.1e86f2d3478f10a3a413844bba74f450,extended,00AD,single,,,,"lagos, Nigeria, Attn","la­gos, Ni­geria, At­tn"
00621.170007c3357c44b6a794ea3f6ee0ac73,00621__salted__extended__cp200B__single.170007c3357c44b6a794ea3f6ee0ac73,extended,200B,single,,,,Click,Cl​ick
00621.170007c3357c44b6a794ea3f6ee0ac73,00621__salted__extended__cp200C__single.170007c3357c44b6a794ea3f6ee0ac73,extended,200C,single,,,,Click,Cl‌ick
00621.170007c3357c44b6a794ea3f6ee0ac73,00621__salted__extended__cp200D__single.170007c3357c44b6a794ea3f6ee0ac73,extended,200D,single,,,,Click,Cl‍ick
00621.170007c3357c44b6a794ea3f6ee0ac73,00621__salted__extended__cp00AD__single.170007c3357c44b6a794ea3f6ee0ac73,extended,00AD,single,,,,Click,Cl­ick
00623.f80874598b1a22fbaa5d979d14d8ca2e,00623__salted__extended__cp200B__single.f80874598b1a22fbaa5d979d14d8ca2e,extended,200B,single,,mortgage,mo​rtgage,"refinance, refinance","re​finance, re​finance"
00623.f80874598b1a22fbaa5d979d14d8ca2e,00623__salted__extended__cp200C__single.f80874598b1a22fbaa5d979d14d8ca2e,extended,200C,single,,mortgage,mo‌rtgage,"refinance, refinance","re‌finance, re‌finance"
00623.f80874598b1a22fbaa5d979d14d8ca2e,00623__salted__extended__cp200D__single.f80874598b1a22fbaa5d979d14d8ca2e,extended,200D,single,,mortgage,mo‍rtgage,"refinance, refinance","re‍finance, re‍finance"
00623.f80874598b1a22fbaa5d979d14d8ca2e,00623__salted__extended__cp00AD__single.f80874598b1a22fbaa5d979d14d8ca2e,extended,00AD,single,,mortgage,mo­rtgage,"refinance, refinance","re­finance, re­finance"
00624.ac49070506c194c1fad5953ccd32731b,00624__salted__extended__cp200B__single.ac49070506c194c1fad5953ccd32731b,extended,200B,single,,,,receive,re​ceive
00624.ac49070506c194c1fad5953ccd32731b,00624__salted__extended__cp200C__single.ac49070506c194c1fad5953ccd32731b,extended,200C,single,,,,receive,re‌ceive
00624.ac49070506c194c1fad5953ccd32731b,00624__salted__extended__cp200D__single.ac49070506c194c1fad5953ccd32731b,extended,200D,single,,,,receive,re‍ceive
00624.ac49070506c194c1fad5953ccd32731b,00624__salted__extended__cp00AD__single.ac49070506c194c1fad5953ccd32731b,extended,00AD,single,,,,receive,re­ceive
00625.e5b3f8bf55addb5884293af0826a7b33,00625__salted__extended__cp200B__single.e5b3f8bf55addb5884293af0826a7b33,extended,200B,single,,Fees,Fe​es,,
00625.e5b3f8bf55addb5884293af0826a7b33,00625__salted__extended__cp200C__single.e5b3f8bf55addb5884293af0826a7b33,extended,200C,single,,Fees,Fe‌es,,
00625.e5b3f8bf55addb5884293af0826a7b33,00625__salted__extended__cp200D__single.e5b3f8bf55addb5884293af0826a7b33,extended,200D,single,,Fees,Fe‍es,,
00625.e5b3f8bf55addb5884293af0826a7b33,00625__salted__extended__cp00AD__single.e5b3f8bf55addb5884293af0826a7b33,extended,00AD,single,,Fees,Fe­es,,
00627.4e9619c454da17a27d4a66c87583dd49,00627__salted__extended__cp200B__single.4e9619c454da17a27d4a66c87583dd49,extended,200B,single,,promotion,pr​omotion,,
00627.4e9619c454da17a27d4a66c87583dd49,00627__salted__extended__cp200C__single.4e9619c454da17a27d4a66c87583dd49,extended,200C,single,,promotion,pr‌omotion,,
00627.4e9619c454da17a27d4a66c87583dd49,00627__salted__extended__cp200D__single.4e9619c454da17a27d4a66c87583dd49,extended,200D,single,,promotion,pr‍omotion,,
00627.4e9619c454da17a27d4a66c87583dd49,00627__salted__extended__cp00AD__single.4e9619c454da17a27d4a66c87583dd49,extended,00AD,single,,promotion,pr­omotion,,
00628.c8b4109860178c05436e1e855ba2e9bf,00628__salted__extended__cp200B__single.c8b4109860178c05436e1e855ba2e9bf,extended,200B,single,,ADV,AD​V,,
00628.c8b4109860178c05436e1e855ba2e9bf,00628__salted__extended__cp200C__single.c8b4109860178c05436e1e855ba2e9bf,extended,200C,single,,ADV,AD‌V,,
00628.c8b4109860178c05436e1e855ba2e9bf,00628__salted__extended__cp200D__single.c8b4109860178c05436e1e855ba2e9bf,extended,200D,single,,ADV,AD‍V,,
00628.c8b4109860178c05436e1e855ba2e9bf,00628__salted__extended__cp00AD__single.c8b4109860178c05436e1e855ba2e9bf,extended,00AD,single,,ADV,AD­V,,
00629.5feadfcb7530c08a54c98178600b2f70,00629__salted__extended__cp200B__single.5feadfcb7530c08a54c98178600b2f70,extended,200B,single,,,,"promotion, Click, receive","pr​omotion, Cl​ick, re​ceive"
00629.5feadfcb7530c08a54c98178600b2f70,00629__salted__extended__cp200C__single.5feadfcb7530c08a54c98178600b2f70,extended,200C,single,,,,"promotion, Click, receive","pr‌omotion, Cl‌ick, re‌ceive"
00629.5feadfcb7530c08a54c98178600b2f70,00629__salted__extended__cp200D__single.5feadfcb7530c08a54c98178600b2f70,extended,200D,single,,,,"promotion, Click, receive","pr‍omotion, Cl‍ick, re‍ceive"
00629.5feadfcb7530c08a54c98178600b2f70,00629__salted__extended__cp00AD__single.5feadfcb7530c08a54c98178600b2f70,extended,00AD,single,,,,"promotion, Click, receive","pr­omotion, Cl­ick, re­ceive"
00630.ece73cd5ba46bf19ac2ceb9d7e21cea1,00630__salted__extended__cp200B__single.ece73cd5ba46bf19ac2ceb9d7e21cea1,extended,200B,single,,ADV,AD​V,,
00630.ece73cd5ba46bf19ac2ceb9d7e21cea1,00630__salted__extended__cp200C__single.ece73cd5ba46bf19ac2ceb9d7e21cea1,extended,200C,single,,ADV,AD‌V,,
00630.ece73cd5ba46bf19ac2ceb9d7e21cea1,00630__salted__extended__cp200D__single.ece73cd5ba46bf19ac2ceb9d7e21cea1,extended,200D,single,,ADV,AD‍V,,
00630.ece73cd5ba46bf19ac2ceb9d7e21cea1,00630__salted__extended__cp00AD__single.ece73cd5ba46bf19ac2ceb9d7e21cea1,extended,00AD,single,,ADV,AD­V,,
00631.5b4f290bc474889ff457b314996553b1,00631__salted__extended__cp200B__single.5b4f290bc474889ff457b314996553b1,extended,200B,single,,Guaranteed,Gu​aranteed,,
00631.5b4f290bc474889ff457b314996553b1,00631__salted__extended__cp200C__single.5b4f290bc474889ff457b314996553b1,extended,200C,single,,Guaranteed,Gu‌aranteed,,
00631.5b4f290bc474889ff457b314996553b1,00631__salted__extended__cp200D__single.5b4f290bc474889ff457b314996553b1,extended,200D,single,,Guaranteed,Gu‍aranteed,,
00631.5b4f290bc474889ff457b314996553b1,00631__salted__extended__cp00AD__single.5b4f290bc474889ff457b314996553b1,extended,00AD,single,,Guaranteed,Gu­aranteed,,
00632.f90d0f620d4a4c4976e1c5884333f329,00632__salted__extended__cp200B__single.f90d0f620d4a4c4976e1c5884333f329,extended,200B,single,,,,"resell, GUARANTEED, click","re​sell, GU​ARANTEED, cl​ick"
00632.f90d0f620d4a4c4976e1c5884333f329,00632__salted__extended__cp200C__single.f90d0f620d4a4c4976e1c5884333f329,extended,200C,single,,,,"resell, GUARANTEED, click","re‌sell, GU‌ARANTEED, cl‌ick"
00632.f90d0f620d4a4c4976e1c5884333f329,00632__salted__extended__cp200D__single.f90d0f620d4a4c4976e1c5884333f329,extended,200D,single,,,,"resell, GUARANTEED, click","re‍sell, GU‍ARANTEED, cl‍ick"
00632.f90d0f620d4a4c4976e1c5884333f329,00632__salted__extended__cp00AD__single.f90d0f620d4a4c4976e1c5884333f329,extended,00AD,single,,,,"resell, GUARANTEED, click","re­sell, GU­ARANTEED, cl­ick"
00633.60e6bd78b497893f8b33650bd1c2c0b0,00633__salted__extended__cp200B__single.60e6bd78b497893f8b33650bd1c2c0b0,extended,200B,single,,annuity,an​nuity,"receive, annuity, receive","re​ceive, an​nuity, re​ceive"
00633.60e6bd78b497893f8b33650bd1c2c0b0,00633__salted__extended__cp200C__single.60e6bd78b497893f8b33650bd1c2c0b0,extended,200C,single,,annuity,an‌nuity,"receive, annuity, receive","re‌ceive, an‌nuity, re‌ceive"
00633.60e6bd78b497893f8b33650bd1c2c0b0,00633__salted__extended__cp200D__single.60e6bd78b497893f8b33650bd1c2c0b0,extended,200D,single,,annuity,an‍nuity,"receive, annuity, receive","re‍ceive, an‍nuity, re‍ceive"
00633.60e6bd78b497893f8b33650bd1c2c0b0,00633__salted__extended__cp00AD__single.60e6bd78b497893f8b33650bd1c2c0b0,extended,00AD,single,,annuity,an­nuity,"receive, annuity, receive","re­ceive, an­nuity, re­ceive"
00634.c37efb809c3c54c2d9661063e7b72f5b,00634__salted__extended__cp200B__single.c37efb809c3c54c2d9661063e7b72f5b,extended,200B,single,,ADV,AD​V,,
00634.c37efb809c3c54c2d9661063e7b72f5b,00634__salted__extended__cp200C__single.c37efb809c3c54c2d9661063e7b72f5b,extended,200C,single,,ADV,AD‌V,,
00634.c37efb809c3c54c2d9661063e7b72f5b,00634__salted__extended__cp200D__single.c37efb809c3c54c2d9661063e7b72f5b,extended,200D,single,,ADV,AD‍V,,
00634.c37efb809c3c54c2d9661063e7b72f5b,00634__salted__extended__cp00AD__single.c37efb809c3c54c2d9661063e7b72f5b,extended,00AD,single,,ADV,AD­V,,
00635.f144125beb9621e7a73d1a2eadce7e06,00635__salted__extended__cp200B__single.f144125beb9621e7a73d1a2eadce7e06,extended,200B,single,,,,Confidentiality,Co​nfidentiality
00635.f144125beb9621e7a73d1a2eadce7e06,00635__salted__extended__cp200C__single.f144125beb9621e7a73d1a2eadce7e06,extended,200C,single,,,,Confidentiality,Co‌nfidentiality
00635.f144125beb9621e7a73d1a2eadce7e06,00635__salted__extended__cp200D__single.f144125beb9621e7a73d1a2eadce7e06,extended,200D,single,,,,Confidentiality,Co‍nfidentiality
00635.f144125beb9621e7a73d1a2eadce7e06,00635__salted__extended__cp00AD__single.f144125beb9621e7a73d1a2eadce7e06,extended,00AD,single,,,,Confidentiality,Co­nfidentiality
00637.29a22c81a2a36a70c4a9d9ec2c1a2844,00637__salted__extended__cp200B__single.29a22c81a2a36a70c4a9d9ec2c1a2844,extended,200B,single,,,,"Earn, MLM, profitable","Ea​rn, ML​M, pr​ofitable"
00637.29a22c81a2a36a70c4a9d9ec2c1a2844,00637__salted__extended__cp200C__single.29a22c81a2a36a70c4a9d9ec2c1a2844,extended,200C,single,,,,"Earn, MLM, profitable","Ea‌rn, ML‌M, pr‌ofitable"
00637.29a22c81a2a36a70c4a9d9ec2c1a2844,00637__salted__extended__cp200D__single.29a22c81a2a36a70c4a9d9ec2c1a2844,extended,200D,single,,,,"Earn, MLM, profitable","Ea‍rn, ML‍M, pr‍ofitable"
00637.29a22c81a2a36a70c4a9d9ec2c1a2844,00637__salted__extended__cp00AD__single.29a22c81a2a36a70c4a9d9ec2c1a2844,extended,00AD,single,,,,"Earn, MLM, profitable","Ea­rn, ML­M, pr­ofitable"
00638.ae5006a001e88e8cd956b7a142e41984,00638__salted__extended__cp200B__single.ae5006a001e88e8cd956b7a142e41984,extended,200B,single,,,,"COMMISSIONS, MLM, EARN","CO​MMISSIONS, ML​M, EA​RN"
00638.ae5006a001e88e8cd956b7a142e41984,00638__salted__extended__cp200C__single.ae5006a001e88e8cd956b7a142e41984,extended,200C,single,,,,"COMMISSIONS, MLM, EARN","CO‌MMISSIONS, ML‌M, EA‌RN"
00638.ae5006a001e88e8cd956b7a142e41984,00638__salted__extended__cp200D__single.ae5006a001e88e8cd956b7a142e41984,extended,200D,single,,,,"COMMISSIONS, MLM, EARN","CO‍MMISSIONS, ML‍M, EA‍RN"
00638.ae5006a001e88e8cd956b7a142e41984,00638__salted__extended__cp00AD__single.ae5006a001e88e8cd956b7a142e41984,extended,00AD,single,,,,"COMMISSIONS, MLM, EARN","CO­MMISSIONS, ML­M, EA­RN"
00639.d528429f61fab2c81e093851be84a31d,00639__salted__extended__cp200B__single.d528429f61fab2c81e093851be84a31d,extended,200B,single,,,,"Click, Click, mailings","Cl​ick, Cl​ick, ma​ilings"
00639.d528429f61fab2c81e093851be84a31d,00639__salted__extended__cp200C__single.d528429f61fab2c81e093851be84a31d,extended,200C,single,,,,"Click, Click, mailings","Cl‌ick, Cl‌ick, ma‌ilings"
00639.d528429f61fab2c81e093851be84a31d,00639__salted__extended__cp200D__single.d528429f61fab2c81e093851be84a31d,extended,200D,single,,,,"Click, Click, mailings","Cl‍ick, Cl‍ick, ma‍ilings"
00639.d528429f61fab2c81e093851be84a31d,00639__salted__extended__cp00AD__single.d528429f61fab2c81e093851be84a31d,extended,00AD,single,,,,"Click, Click, mailings","Cl­ick, Cl­ick, ma­ilings"
00640.564b03520087bb4595384ae024ceb929,00640__salted__extended__cp200B__single.564b03520087bb4595384ae024ceb929,extended,200B,single,,,,"ATTN, assist, Deposit","AT​TN, as​sist, De​posit"
00640.564b03520087bb4595384ae024ceb929,00640__salted__extended__cp200C__single.564b03520087bb4595384ae024ceb929,extended,200C,single,,,,"ATTN, assist, Deposit","AT‌TN, as‌sist, De‌posit"
00640.564b03520087bb4595384ae024ceb929,00640__salted__extended__cp200D__single.564b03520087bb4595384ae024ceb929,extended,200D,single,,,,"ATTN, assist, Deposit","AT‍TN, as‍sist, De‍posit"
00640.564b03520087bb4595384ae024ceb929,00640__salted__extended__cp00AD__single.564b03520087bb4595384ae024ceb929,extended,00AD,single,,,,"ATTN, assist, Deposit","AT­TN, as­sist, De­posit"
00641.b3c1c440f7940c86ab5d1e4f9fa3518b,00641__salted__extended__cp200B__single.b3c1c440f7940c86ab5d1e4f9fa3518b,extended,200B,single,,,,"ATTN, assist, Deposit","AT​TN, as​sist, De​posit"
00641.b3c1c440f7940c86ab5d1e4f9fa3518b,00641__salted__extended__cp200C__single.b3c1c440f7940c86ab5d1e4f9fa3518b,extended,200C,single,,,,"ATTN, assist, Deposit","AT‌TN, as‌sist, De‌posit"
00641.b3c1c440f7940c86ab5d1e4f9fa3518b,00641__salted__extended__cp200D__single.b3c1c440f7940c86ab5d1e4f9fa3518b,extended,200D,single,,,,"ATTN, assist, Deposit","AT‍TN, as‍sist, De‍posit"
00641.b3c1c440f7940c86ab5d1e4f9fa3518b,00641__salted__extended__cp00AD__single.b3c1c440f7940c86ab5d1e4f9fa3518b,extended,00AD,single,,,,"ATTN, assist, Deposit","AT­TN, as­sist, De­posit"
00643.d177c04238b4299813b7d8cca9fb2f18,00643__salted__extended__cp200B__single.d177c04238b4299813b7d8cca9fb2f18,extended,200B,single,,,,"Insurance, click, Insurance","In​surance, cl​ick, In​surance"
00643.d177c04238b4299813b7d8cca9fb2f18,00643__salted__extended__cp200C__single.d177c04238b4299813b7d8cca9fb2f18,extended,200C,single,,,,"Insurance, click, Insurance","In‌surance, cl‌ick, In‌surance"
00643.d177c04238b4299813b7d8cca9fb2f18,00643__salted__extended__cp200D__single.d177c04238b4299813b7d8cca9fb2f18,extended,200D,single,,,,"Insurance, click, Insurance","In‍surance, cl‍ick, In‍surance"
00643.d177c04238b4299813b7d8cca9fb2f18,00643__salted__extended__cp00AD__single.d177c04238b4299813b7d8cca9fb2f18,extended,00AD,single,,,,"Insurance, click, Insurance","In­surance, cl­ick, In­surance"
00645.dd7d8ec1eb687c5966c516b720fcc3d5,00645__salted__extended__cp200B__single.dd7d8ec1eb687c5966c516b720fcc3d5,extended,200B,single,,,,"ATTAINED, profitable, testimonials","AT​TAINED, pr​ofitable, te​stimonials"
00645.dd7d8ec1eb687c5966c516b720fcc3d5,00645__salted__extended__cp200C__single.dd7d8ec1eb687c5966c516b720fcc3d5,extended,200C,single,,,,"ATTAINED, profitable, testimonials","AT‌TAINED, pr‌ofitable, te‌stimonials"
00645.dd7d8ec1eb687c5966c516b720fcc3d5,00645__salted__extended__cp200D__single.dd7d8ec1eb687c5966c516b720fcc3d5,extended,200D,single,,,,"ATTAINED, profitable, testimonials","AT‍TAINED, pr‍ofitable, te‍stimonials"
00645.dd7d8ec1eb687c5966c516b720fcc3d5,00645__salted__extended__cp00AD__single.dd7d8ec1eb687c5966c516b720fcc3d5,extended,00AD,single,,,,"ATTAINED, profitable, testimonials","AT­TAINED, pr­ofitable, te­stimonials"
00646.c04903867557fb7a1fefb25c08cdc112,00646__salted__extended__cp200B__single.c04903867557fb7a1fefb25c08cdc112,extended,200B,single,,,,"NBC, CBS, Oprah","NB​C, CB​S, Op​rah"
00646.c04903867557fb7a1fefb25c08cdc112,00646__salted__extended__cp200C__single.c04903867557fb7a1fefb25c08cdc112,extended,200C,single,,,,"NBC, CBS, Oprah","NB‌C, CB‌S, Op‌rah"
00646.c04903867557fb7a1fefb25c08cdc112,00646__salted__extended__cp200D__single.c04903867557fb7a1fefb25c08cdc112,extended,200D,single,,,,"NBC, CBS, Oprah","NB‍C, CB‍S, Op‍rah"
00646.c04903867557fb7a1fefb25c08cdc112,00646__salted__extended__cp00AD__single.c04903867557fb7a1fefb25c08cdc112,extended,00AD,single,,,,"NBC, CBS, Oprah","NB­C, CB­S, Op­rah"
00649.f2906445faa39d4fa49b944a6729eef9,00649__salted__extended__cp200B__single.f2906445faa39d4fa49b944a6729eef9,extended,200B,single,,,,"Click, Assistance, mailings","Cl​ick, As​sistance, ma​ilings"
00649.f2906445faa39d4fa49b944a6729eef9,00649__salted__extended__cp200C__single.f2906445faa39d4fa49b944a6729eef9,extended,200C,single,,,,"Click, Assistance, mailings","Cl‌ick, As‌sistance, ma‌ilings"
00649.f2906445faa39d4fa49b944a6729eef9,00649__salted__extended__cp200D__single.f2906445faa39d4fa49b944a6729eef9,extended,200D,single,,,,"Click, Assistance, mailings","Cl‍ick, As‍sistance, ma‍ilings"
00649.f2906445faa39d4fa49b944a6729eef9,00649__salted__extended__cp00AD__single.f2906445faa39d4fa49b944a6729eef9,extended,00AD,single,,,,"Click, Assistance, mailings","Cl­ick, As­sistance, ma­ilings"
00652.b8c5d053737017caa4c2d29c4e690573,00652__salted__extended__cp200B__single.b8c5d053737017caa4c2d29c4e690573,extended,200B,single,,,,"earning, Confidentiality, receive","ea​rning, Co​nfidentiality, re​ceive"
00652.b8c5d053737017caa4c2d29c4e690573,00652__salted__extended__cp200C__single.b8c5d053737017caa4c2d29c4e690573,extended,200C,single,,,,"earning, Confidentiality, receive","ea‌rning, Co‌nfidentiality, re‌ceive"
00652.b8c5d053737017caa4c2d29c4e690573,00652__salted__extended__cp200D__single.b8c5d053737017caa4c2d29c4e690573,extended,200D,single,,,,"earning, Confidentiality, receive","ea‍rning, Co‍nfidentiality, re‍ceive"
00652.b8c5d053737017caa4c2d29c4e690573,00652__salted__extended__cp00AD__single.b8c5d053737017caa4c2d29c4e690573,extended,00AD,single,,,,"earning, Confidentiality, receive","ea­rning, Co­nfidentiality, re­ceive"
00653.dcb006e0c0aaa7aa3e5bd7cb3d444f23,00653__salted__extended__cp200B__single.dcb006e0c0aaa7aa3e5bd7cb3d444f23,extended,200B,single,,HGH,HG​H,"NBC, CBS, Oprah","NB​C, CB​S, Op​rah"
00653.dcb006e0c0aaa7aa3e5bd7cb3d444f23,00653__salted__extended__cp200C__single.dcb006e0c0aaa7aa3e5bd7cb3d444f23,extended,200C,single,,HGH,HG‌H,"NBC, CBS, Oprah","NB‌C, CB‌S, Op‌rah"
00653.dcb006e0c0aaa7aa3e5bd7cb3d444f23,00653__salted__extended__cp200D__single.dcb006e0c0aaa7aa3e5bd7cb3d444f23,extended,200D,single,,HGH,HG‍H,"NBC, CBS, Oprah","NB‍C, CB‍S, Op‍rah"
00653.dcb006e0c0aaa7aa3e5bd7cb3d444f23,00653__salted__extended__cp00AD__single.dcb006e0c0aaa7aa3e5bd7cb3d444f23,extended,00AD,single,,HGH,HG­H,"NBC, CBS, Oprah","NB­C, CB­S, Op­rah"
00656.01241a0a9af570787841694e9781a5b6,00656__salted__extended__cp200B__single.01241a0a9af570787841694e9781a5b6,extended,200B,single,,Herbal,He​rbal,,
00656.01241a0a9af570787841694e9781a5b6,00656__salted__extended__cp200C__single.01241a0a9af570787841694e9781a5b6,extended,200C,single,,Herbal,He‌rbal,,
00656.01241a0a9af570787841694e9781a5b6,00656__salted__extended__cp200D__single.01241a0a9af570787841694e9781a5b6,extended,200D,single,,Herbal,He‍rbal,,
00656.01241a0a9af570787841694e9781a5b6,00656__salted__extended__cp00AD__single.01241a0a9af570787841694e9781a5b6,extended,00AD,single,,Herbal,He­rbal,,
00657.7e326e955029c898a6ddf27e3c79cdf0,00657__salted__extended__cp200B__single.7e326e955029c898a6ddf27e3c79cdf0,extended,200B,single,,,,"secrets, Click, receive","se​crets, Cl​ick, re​ceive"
00657.7e326e955029c898a6ddf27e3c79cdf0,00657__salted__extended__cp200C__single.7e326e955029c898a6ddf27e3c79cdf0,extended,200C,single,,,,"secrets, Click, receive","se‌crets, Cl‌ick, re‌ceive"
00657.7e326e955029c898a6ddf27e3c79cdf0,00657__salted__extended__cp200D__single.7e326e955029c898a6ddf27e3c79cdf0,extended,200D,single,,,,"secrets, Click, receive","se‍crets, Cl‍ick, re‍ceive"
00657.7e326e955029c898a6ddf27e3c79cdf0,00657__salted__extended__cp00AD__single.7e326e955029c898a6ddf27e3c79cdf0,extended,00AD,single,,,,"secrets, Click, receive","se­crets, Cl­ick, re­ceive"
00658.2324b3351e766248275bace98fd3c7b3,00658__salted__extended__cp200B__single.2324b3351e766248275bace98fd3c7b3,extended,200B,single,,,,"affordable, affordable, fees","af​fordable, af​fordable, fe​es"
00658.2324b3351e766248275bace98fd3c7b3,00658__salted__extended__cp200C__single.2324b3351e766248275bace98fd3c7b3,extended,200C,single,,,,"affordable, affordable, fees","af‌fordable, af‌fordable, fe‌es"
00658.2324b3351e766248275bace98fd3c7b3,00658__salted__extended__cp200D__single.2324b3351e766248275bace98fd3c7b3,extended,200D,single,,,,"affordable, affordable, fees","af‍fordable, af‍fordable, fe‍es"
00658.2324b3351e766248275bace98fd3c7b3,00658__salted__extended__cp00AD__single.2324b3351e766248275bace98fd3c7b3,extended,00AD,single,,,,"affordable, affordable, fees","af­fordable, af­fordable, fe­es"
00659.668ba8daca71e86de0ee5e412b177015,00659__salted__extended__cp200B__single.668ba8daca71e86de0ee5e412b177015,extended,200B,single,,,,"Viagra, Viagra, VIAGRA","Vi​agra, Vi​agra, VI​AGRA"
00659.668ba8daca71e86de0ee5e412b177015,00659__salted__extended__cp200C__single.668ba8daca71e86de0ee5e412b177015,extended,200C,single,,,,"Viagra, Viagra, VIAGRA","Vi‌agra, Vi‌agra, VI‌AGRA"
00659.668ba8daca71e86de0ee5e412b177015,00659__salted__extended__cp200D__single.668ba8daca71e86de0ee5e412b177015,extended,200D,single,,,,"Viagra, Viagra, VIAGRA","Vi‍agra, Vi‍agra, VI‍AGRA"
00659.668ba8daca71e86de0ee5e412b177015,00659__salted__extended__cp00AD__single.668ba8daca71e86de0ee5e412b177015,extended,00AD,single,,,,"Viagra, Viagra, VIAGRA","Vi­agra, Vi­agra, VI­AGRA"
00663.4baa9521293a04306b038be1f65d4471,00663__salted__extended__cp200B__single.4baa9521293a04306b038be1f65d4471,extended,200B,single,,,,"Viagra, Viagra, VIAGRA","Vi​agra, Vi​agra, VI​AGRA"
00663.4baa9521293a04306b038be1f65d4471,00663__salted__extended__cp200C__single.4baa9521293a04306b038be1f65d4471,extended,200C,single,,,,"Viagra, Viagra, VIAGRA","Vi‌agra, Vi‌agra, VI‌AGRA"
00663.4baa9521293a04306b038be1f65d4471,00663__salted__extended__cp200D__single.4baa9521293a04306b038be1f65d4471,extended,200D,single,,,,"Viagra, Viagra, VIAGRA","Vi‍agra, Vi‍agra, VI‍AGRA"
00663.4baa9521293a04306b038be1f65d4471,00663__salted__extended__cp00AD__single.4baa9521293a04306b038be1f65d4471,extended,00AD,single,,,,"Viagra, Viagra, VIAGRA","Vi­agra, Vi­agra, VI­AGRA"
00664.c4f198903588cdc4af385772bb580d90,00664__salted__extended__cp200B__single.c4f198903588cdc4af385772bb580d90,extended,200B,single,,mortgage,mo​rtgage,,
00664.c4f198903588cdc4af385772bb580d90,00664__salted__extended__cp200C__single.c4f198903588cdc4af385772bb580d90,extended,200C,single,,mortgage,mo‌rtgage,,
00664.c4f198903588cdc4af385772bb580d90,00664__salted__extended__cp200D__single.c4f198903588cdc4af385772bb580d90,extended,200D,single,,mortgage,mo‍rtgage,,
00664.c4f198903588cdc4af385772bb580d90,00664__salted__extended__cp00AD__single.c4f198903588cdc4af385772bb580d90,extended,00AD,single,,mortgage,mo­rtgage,,
00667.6bf743b1b5bdfe9340d438c0661e4bff,00667__salted__extended__cp200B__single.6bf743b1b5bdfe9340d438c0661e4bff,extended,200B,single,,Unlimited,Un​limited,"Unlimited, Unlimited, Earn","Un​limited, Un​limited, Ea​rn"
00667.6bf743b1b5bdfe9340d438c0661e4bff,00667__salted__extended__cp200C__single.6bf743b1b5bdfe9340d438c0661e4bff,extended,200C,single,,Unlimited,Un‌limited,"Unlimited, Unlimited, Earn","Un‌limited, Un‌limited, Ea‌rn"
00667.6bf743b1b5bdfe9340d438c0661e4bff,00667__salted__extended__cp200D__single.6bf743b1b5bdfe9340d438c0661e4bff,extended,200D,single,,Unlimited,Un‍limited,"Unlimited, Unlimited, Earn","Un‍limited, Un‍limited, Ea‍rn"
00667.6bf743b1b5bdfe9340d438c0661e4bff,00667__salted__extended__cp00AD__single.6bf743b1b5bdfe9340d438c0661e4bff,extended,00AD,single,,Unlimited,Un­limited,"Unlimited, Unlimited, Earn","Un­limited, Un­limited, Ea­rn"
00668.a28b3329f4c8fe4b0761a214362ed3f9,00668__salted__extended__cp200B__single.a28b3329f4c8fe4b0761a214362ed3f9,extended,200B,single,,,,"LAGOS, NIGERIA, ATTN","LA​GOS, NI​GERIA, AT​TN"
00668.a28b3329f4c8fe4b0761a214362ed3f9,00668__salted__extended__cp200C__single.a28b3329f4c8fe4b0761a214362ed3f9,extended,200C,single,,,,"LAGOS, NIGERIA, ATTN","LA‌GOS, NI‌GERIA, AT‌TN"
00668.a28b3329f4c8fe4b0761a214362ed3f9,00668__salted__extended__cp200D__single.a28b3329f4c8fe4b0761a214362ed3f9,extended,200D,single,,,,"LAGOS, NIGERIA, ATTN","LA‍GOS, NI‍GERIA, AT‍TN"
00668.a28b3329f4c8fe4b0761a214362ed3f9,00668__salted__extended__cp00AD__single.a28b3329f4c8fe4b0761a214362ed3f9,extended,00AD,single,,,,"LAGOS, NIGERIA, ATTN","LA­GOS, NI­GERIA, AT­TN"
00669.790cde659c7d18535eb46cfa4398458d,00669__salted__extended__cp200B__single.790cde659c7d18535eb46cfa4398458d,extended,200B,single,,,,"affordable, affordable, fees","af​fordable, af​fordable, fe​es"
00669.790cde659c7d18535eb46cfa4398458d,00669__salted__extended__cp200C__single.790cde659c7d18535eb46cfa4398458d,extended,200C,single,,,,"affordable, affordable, fees","af‌fordable, af‌fordable, fe‌es"
00669.790cde659c7d18535eb46cfa4398458d,00669__salted__extended__cp200D__single.790cde659c7d18535eb46cfa4398458d,extended,200D,single,,,,"affordable, affordable, fees","af‍fordable, af‍fordable, fe‍es"
00669.790cde659c7d18535eb46cfa4398458d,00669__salted__extended__cp00AD__single.790cde659c7d18535eb46cfa4398458d,extended,00AD,single,,,,"affordable, affordable, fees","af­fordable, af­fordable, fe­es"
00670.a3175dd0b4a1e1a26822c5fee6d6837b,00670__salted__extended__cp200B__single.a3175dd0b4a1e1a26822c5fee6d6837b,extended,200B,single,,,,"Monthly, Monthly, receive","Mo​nthly, Mo​nthly, re​ceive"
00670.a3175dd0b4a1e1a26822c5fee6d6837b,00670__salted__extended__cp200C__single.a3175dd0b4a1e1a26822c5fee6d6837b,extended,200C,single,,,,"Monthly, Monthly, receive","Mo‌nthly, Mo‌nthly, re‌ceive"
00670.a3175dd0b4a1e1a26822c5fee6d6837b,00670__salted__extended__cp200D__single.a3175dd0b4a1e1a26822c5fee6d6837b,extended,200D,single,,,,"Monthly, Monthly, receive","Mo‍nthly, Mo‍nthly, re‍ceive"
00670.a3175dd0b4a1e1a26822c5fee6d6837b,00670__salted__extended__cp00AD__single.a3175dd0b4a1e1a26822c5fee6d6837b,extended,00AD,single,,,,"Monthly, Monthly, receive","Mo­nthly, Mo­nthly, re­ceive"
00673.89b0df1a8a6e1a95c48f1f63e48648f4,00673__salted__extended__cp200B__single.89b0df1a8a6e1a95c48f1f63e48648f4,extended,200B,single,,ADV,AD​V,"MORTGAGE, Refinance, Mortgage","MO​RTGAGE, Re​finance, Mo​rtgage"
00673.89b0df1a8a6e1a95c48f1f63e48648f4,00673__salted__extended__cp200C__single.89b0df1a8a6e1a95c48f1f63e48648f4,extended,200C,single,,ADV,AD‌V,"MORTGAGE, Refinance, Mortgage","MO‌RTGAGE, Re‌finance, Mo‌rtgage"
00673.89b0df1a8a6e1a95c48f1f63e48648f4,00673__salted__extended__cp200D__single.89b0df1a8a6e1a95c48f1f63e48648f4,extended,200D,single,,ADV,AD‍V,"MORTGAGE, Refinance, Mortgage","MO‍RTGAGE, Re‍finance, Mo‍rtgage"
00673.89b0df1a8a6e1a95c48f1f63e48648f4,00673__salted__extended__cp00AD__single.89b0df1a8a6e1a95c48f1f63e48648f4,extended,00AD,single,,ADV,AD­V,"MORTGAGE, Refinance, Mortgage","MO­RTGAGE, Re­finance, Mo­rtgage"
00675.233738762477d382d3954e043f866842,00675__salted__extended__cp200B__single.233738762477d382d3954e043f866842,extended,200B,single,,,,"ATTAINED, profitable, testimonials","AT​TAINED, pr​ofitable, te​stimonials"
00675.233738762477d382d3954e043f866842,00675__salted__extended__cp200C__single.233738762477d382d3954e043f866842,extended,200C,single,,,,"ATTAINED, profitable, testimonials","AT‌TAINED, pr‌ofitable, te‌stimonials"
00675.233738762477d382d3954e043f866842,00675__salted__extended__cp200D__single.233738762477d382d3954e043f866842,extended,200D,single,,,,"ATTAINED, profitable, testimonials","AT‍TAINED, pr‍ofitable, te‍stimonials"
00675.233738762477d382d3954e043f866842,00675__salted__extended__cp00AD__single.233738762477d382d3954e043f866842,extended,00AD,single,,,,"ATTAINED, profitable, testimonials","AT­TAINED, pr­ofitable, te­stimonials"
00676.db7b2b22e127c1a69e369bc62f7fcedb,00676__salted__extended__cp200B__single.db7b2b22e127c1a69e369bc62f7fcedb,extended,200B,single,,,,"promotion, Click, receive","pr​omotion, Cl​ick, re​ceive"
00676.db7b2b22e127c1a69e369bc62f7fcedb,00676__salted__extended__cp200C__single.db7b2b22e127c1a69e369bc62f7fcedb,extended,200C,single,,,,"promotion, Click, receive","pr‌omotion, Cl‌ick, re‌ceive"
00676.db7b2b22e127c1a69e369bc62f7fcedb,00676__salted__extended__cp200D__single.db7b2b22e127c1a69e369bc62f7fcedb,extended,200D,single,,,,"promotion, Click, receive","pr‍omotion, Cl‍ick, re‍ceive"
00676.db7b2b22e127c1a69e369bc62f7fcedb,00676__salted__extended__cp00AD__single.db7b2b22e127c1a69e369bc62f7fcedb,extended,00AD,single,,,,"promotion, Click, receive","pr­omotion, Cl­ick, re­ceive"
00678.7c54f6e0fac3e7d26a9513d2c60e2b98,00678__salted__extended__cp200B__single.7c54f6e0fac3e7d26a9513d2c60e2b98,extended,200B,single,,Mortgage,Mo​rtgage,"mortgage, loan, loan","mo​rtgage, lo​an, lo​an"
00678.7c54f6e0fac3e7d26a9513d2c60e2b98,00678__salted__extended__cp200C__single.7c54f6e0fac3e7d26a9513d2c60e2b98,extended,200C,single,,Mortgage,Mo‌rtgage,"mortgage, loan, loan","mo‌rtgage, lo‌an, lo‌an"
00678.7c54f6e0fac3e7d26a9513d2c60e2b98,00678__salted__extended__cp200D__single.7c54f6e0fac3e7d26a9513d2c60e2b98,extended,200D,single,,Mortgage,Mo‍rtgage,"mortgage, loan, loan","mo‍rtgage, lo‍an, lo‍an"
00678.7c54f6e0fac3e7d26a9513d2c60e2b98,00678__salted__extended__cp00AD__single.7c54f6e0fac3e7d26a9513d2c60e2b98,extended,00AD,single,,Mortgage,Mo­rtgage,"mortgage, loan, loan","mo­rtgage, lo­an, lo­an"
00679.a0ad2b887acad77749720b6004a17f13,00679__salted__extended__cp200B__single.a0ad2b887acad77749720b6004a17f13,extended,200B,single,,,,"click, excite, click","cl​ick, ex​cite, cl​ick"
00679.a0ad2b887acad77749720b6004a17f13,00679__salted__extended__cp200C__single.a0ad2b887acad77749720b6004a17f13,extended,200C,single,,,,"click, excite, click","cl‌ick, ex‌cite, cl‌ick"
00679.a0ad2b887acad77749720b6004a17f13,00679__salted__extended__cp200D__single.a0ad2b887acad77749720b6004a17f13,extended,200D,single,,,,"click, excite, click","cl‍ick, ex‍cite, cl‍ick"
00679.a0ad2b887acad77749720b6004a17f13,00679__salted__extended__cp00AD__single.a0ad2b887acad77749720b6004a17f13,extended,00AD,single,,,,"click, excite, click","cl­ick, ex­cite, cl­ick"
00680.e8df67f239cb166c5a8a78401eeeb1ba,00680__salted__extended__cp200B__single.e8df67f239cb166c5a8a78401eeeb1ba,extended,200B,single,,Ordering,Or​dering,,
00680.e8df67f239cb166c5a8a78401eeeb1ba,00680__salted__extended__cp200C__single.e8df67f239cb166c5a8a78401eeeb1ba,extended,200C,single,,Ordering,Or‌dering,,
00680.e8df67f239cb166c5a8a78401eeeb1ba,00680__salted__extended__cp200D__single.e8df67f239cb166c5a8a78401eeeb1ba,extended,200D,single,,Ordering,Or‍dering,,
00680.e8df67f239cb166c5a8a78401eeeb1ba,00680__salted__extended__cp00AD__single.e8df67f239cb166c5a8a78401eeeb1ba,extended,00AD,single,,Ordering,Or­dering,,
00682.0160e510bf19faa60f78d415d4b9a3ee,00682__salted__extended__cp200B__single.0160e510bf19faa60f78d415d4b9a3ee,extended,200B,single,,Prescription,Pr​escription,,
00682.0160e510bf19faa60f78d415d4b9a3ee,00682__salted__extended__cp200C__single.0160e510bf19faa60f78d415d4b9a3ee,extended,200C,single,,Prescription,Pr‌escription,,
00682.0160e510bf19faa60f78d415d4b9a3ee,00682__salted__extended__cp200D__single.0160e510bf19faa60f78d415d4b9a3ee,extended,200D,single,,Prescription,Pr‍escription,,
00682.0160e510bf19faa60f78d415d4b9a3ee,00682__salted__extended__cp00AD__single.0160e510bf19faa60f78d415d4b9a3ee,extended,00AD,single,,Prescription,Pr­escription,,
00685.1371a47585f33a9b808d68b024c7101b,00685__salted__extended__cp200B__single.1371a47585f33a9b808d68b024c7101b,extended,200B,single,,,,excite,ex​cite
00685.1371a47585f33a9b808d68b024c7101b,00685__salted__extended__cp200C__single.1371a47585f33a9b808d68b024c7101b,extended,200C,single,,,,excite,ex‌cite
00685.1371a47585f33a9b808d68b024c7101b,00685__salted__extended__cp200D__single.1371a47585f33a9b808d68b024c7101b,extended,200D,single,,,,excite,ex‍cite
00685.1371a47585f33a9b808d68b024c7101b,00685__salted__extended__cp00AD__single.1371a47585f33a9b808d68b024c7101b,extended,00AD,single,,,,excite,ex­cite
00688.9a0a9490593c7e2c9500d06bb9386819,00688__salted__extended__cp200B__single.9a0a9490593c7e2c9500d06bb9386819,extended,200B,single,,HGH,HG​H,,
00688.9a0a9490593c7e2c9500d06bb9386819,00688__salted__extended__cp200C__single.9a0a9490593c7e2c9500d06bb9386819,extended,200C,single,,HGH,HG‌H,,
00688.9a0a9490593c7e2c9500d06bb9386819,00688__salted__extended__cp200D__single.9a0a9490593c7e2c9500d06bb9386819,extended,200D,single,,HGH,HG‍H,,
00688.9a0a9490593c7e2c9500d06bb9386819,00688__salted__extended__cp00AD__single.9a0a9490593c7e2c9500d06bb9386819,extended,00AD,single,,HGH,HG­H,,
00690.5dd358321ab2f5139ccf636223251d1f,00690__salted__extended__cp200B__single.5dd358321ab2f5139ccf636223251d1f,extended,200B,single,,,,"Annuity, Premium, Annuity","An​nuity, Pr​emium, An​nuity"
00690.5dd358321ab2f5139ccf636223251d1f,00690__salted__extended__cp200C__single.5dd358321ab2f5139ccf636223251d1f,extended,200C,single,,,,"Annuity, Premium, Annuity","An‌nuity, Pr‌emium, An‌nuity"
00690.5dd358321ab2f5139ccf636223251d1f,00690__salted__extended__cp200D__single.5dd358321ab2f5139ccf636223251d1f,extended,200D,single,,,,"Annuity, Premium, Annuity","An‍nuity, Pr‍emium, An‍nuity"
00690.5dd358321ab2f5139ccf636223251d1f,00690__salted__extended__cp00AD__single.5dd358321ab2f5139ccf636223251d1f,extended,00AD,single,,,,"Annuity, Premium, Annuity","An­nuity, Pr­emium, An­nuity"
00691.3fc62f976ac2502a426d132d165dde1c,00691__salted__extended__cp200B__single.3fc62f976ac2502a426d132d165dde1c,extended,200B,single,,,,"NBC, CBS, Oprah","NB​C, CB​S, Op​rah"
00691.3fc62f976ac2502a426d132d165dde1c,00691__salted__extended__cp200C__single.3fc62f976ac2502a426d132d165dde1c,extended,200C,single,,,,"NBC, CBS, Oprah","NB‌C, CB‌S, Op‌rah"
00691.3fc62f976ac2502a426d132d165dde1c,00691__salted__extended__cp200D__single.3fc62f976ac2502a426d132d165dde1c,extended,200D,single,,,,"NBC, CBS, Oprah","NB‍C, CB‍S, Op‍rah"
00691.3fc62f976ac2502a426d132d165dde1c,00691__salted__extended__cp00AD__single.3fc62f976ac2502a426d132d165dde1c,extended,00AD,single,,,,"NBC, CBS, Oprah","NB­C, CB­S, Op­rah"
00694.3aca5f2a3d0d2ccbc47ef868eb051abd,00694__salted__extended__cp200B__single.3aca5f2a3d0d2ccbc47ef868eb051abd,extended,200B,single,,,,"Guaranteed, herbal, Click","Gu​aranteed, he​rbal, Cl​ick"
00694.3aca5f2a3d0d2ccbc47ef868eb051abd,00694__salted__extended__cp200C__single.3aca5f2a3d0d2ccbc47ef868eb051abd,extended,200C,single,,,,"Guaranteed, herbal, Click","Gu‌aranteed, he‌rbal, Cl‌ick"
00694.3aca5f2a3d0d2ccbc47ef868eb051abd,00694__salted__extended__cp200D__single.3aca5f2a3d0d2ccbc47ef868eb051abd,extended,200D,single,,,,"Guaranteed, herbal, Click","Gu‍aranteed, he‍rbal, Cl‍ick"
00694.3aca5f2a3d0d2ccbc47ef868eb051abd,00694__salted__extended__cp00AD__single.3aca5f2a3d0d2ccbc47ef868eb051abd,extended,00AD,single,,,,"Guaranteed, herbal, Click","Gu­aranteed, he­rbal, Cl­ick"
00695.f79afe1f94217d0a2e6f983caf011b49,00695__salted__extended__cp200B__single.f79afe1f94217d0a2e6f983caf011b49,extended,200B,single,,,,"Click, click","Cl​ick, cl​ick"
00695.f79afe1f94217d0a2e6f983caf011b49,00695__salted__extended__cp200C__single.f79afe1f94217d0a2e6f983caf011b49,extended,200C,single,,,,"Click, click","Cl‌ick, cl‌ick"
00695.f79afe1f94217d0a2e6f983caf011b49,00695__salted__extended__cp200D__single.f79afe1f94217d0a2e6f983caf011b49,extended,200D,single,,,,"Click, click","Cl‍ick, cl‍ick"
00695.f79afe1f94217d0a2e6f983caf011b49,00695__salted__extended__cp00AD__single.f79afe1f94217d0a2e6f983caf011b49,extended,00AD,single,,,,"Click, click","Cl­ick, cl­ick"
00697.2d221d167d2814a6a6bc7a74b65bcb0e,00697__salted__extended__cp200B__single.2d221d167d2814a6a6bc7a74b65bcb0e,extended,200B,single,,adv,ad​v,,
00697.2d221d167d2814a6a6bc7a74b65bcb0e,00697__salted__extended__cp200C__single.2d221d167d2814a6a6bc7a74b65bcb0e,extended,200C,single,,adv,ad‌v,,
00697.2d221d167d2814a6a6bc7a74b65bcb0e,00697__salted__extended__cp200D__single.2d221d167d2814a6a6bc7a74b65bcb0e,extended,200D,single,,adv,ad‍v,,
00697.2d221d167d2814a6a6bc7a74b65bcb0e,00697__salted__extended__cp00AD__single.2d221d167d2814a6a6bc7a74b65bcb0e,extended,00AD,single,,adv,ad­v,,
00700.e9dbef7f0ce0dadccc9050b5e3a5709b,00700__salted__extended__cp200B__single.e9dbef7f0ce0dadccc9050b5e3a5709b,extended,200B,single,,Viagra,Vi​agra,,
00700.e9dbef7f0ce0dadccc9050b5e3a5709b,00700__salted__extended__cp200C__single.e9dbef7f0ce0dadccc9050b5e3a5709b,extended,200C,single,,Viagra,Vi‌agra,,
00700.e9dbef7f0ce0dadccc9050b5e3a5709b,00700__salted__extended__cp200D__single.e9dbef7f0ce0dadccc9050b5e3a5709b,extended,200D,single,,Viagra,Vi‍agra,,
00700.e9dbef7f0ce0dadccc9050b5e3a5709b,00700__salted__extended__cp00AD__single.e9dbef7f0ce0dadccc9050b5e3a5709b,extended,00AD,single,,Viagra,Vi­agra,,
00701.ea27d8eea96c7d361ea78613d0a3c481,00701__salted__extended__cp200B__single.ea27d8eea96c7d361ea78613d0a3c481,extended,200B,single,,Mortgage,Mo​rtgage,,
00701.ea27d8eea96c7d361ea78613d0a3c481,00701__salted__extended__cp200C__single.ea27d8eea96c7d361ea78613d0a3c481,extended,200C,single,,Mortgage,Mo‌rtgage,,
00701.ea27d8eea96c7d361ea78613d0a3c481,00701__salted__extended__cp200D__single.ea27d8eea96c7d361ea78613d0a3c481,extended,200D,single,,Mortgage,Mo‍rtgage,,
00701.ea27d8eea96c7d361ea78613d0a3c481,00701__salted__extended__cp00AD__single.ea27d8eea96c7d361ea78613d0a3c481,extended,00AD,single,,Mortgage,Mo­rtgage,,
00703.9fd09a1270c8dab92ec5802e917178aa,00703__salted__extended__cp200B__single.9fd09a1270c8dab92ec5802e917178aa,extended,200B,single,,Lenders,Le​nders,,
00703.9fd09a1270c8dab92ec5802e917178aa,00703__salted__extended__cp200C__single.9fd09a1270c8dab92ec5802e917178aa,extended,200C,single,,Lenders,Le‌nders,,
00703.9fd09a1270c8dab92ec5802e917178aa,00703__salted__extended__cp200D__single.9fd09a1270c8dab92ec5802e917178aa,extended,200D,single,,Lenders,Le‍nders,,
00703.9fd09a1270c8dab92ec5802e917178aa,00703__salted__extended__cp00AD__single.9fd09a1270c8dab92ec5802e917178aa,extended,00AD,single,,Lenders,Le­nders,,
00705.df125edb37f19c87784942c7b2b164a1,00705__salted__extended__cp200B__single.df125edb37f19c87784942c7b2b164a1,extended,200B,single,,Monthly,Mo​nthly,,
00705.df125edb37f19c87784942c7b2b164a1,00705__salted__extended__cp200C__single.df125edb37f19c87784942c7b2b164a1,extended,200C,single,,Monthly,Mo‌nthly,,
00705.df125edb37f19c87784942c7b2b164a1,00705__salted__extended__cp200D__single.df125edb37f19c87784942c7b2b164a1,extended,200D,single,,Monthly,Mo‍nthly,,
00705.df125edb37f19c87784942c7b2b164a1,00705__salted__extended__cp00AD__single.df125edb37f19c87784942c7b2b164a1,extended,00AD,single,,Monthly,Mo­nthly,,
00706.5116018237368c3633823b2d24f8ac86,00706__salted__extended__cp200B__single.5116018237368c3633823b2d24f8ac86,extended,200B,single,,,,"Sightings, Sightings, sightings","Si​ghtings, Si​ghtings, si​ghtings"
00706.5116018237368c3633823b2d24f8ac86,00706__salted__extended__cp200C__single.5116018237368c3633823b2d24f8ac86,extended,200C,single,,,,"Sightings, Sightings, sightings","Si‌ghtings, Si‌ghtings, si‌ghtings"
00706.5116018237368c3633823b2d24f8ac86,00706__salted__extended__cp200D__single.5116018237368c3633823b2d24f8ac86,extended,200D,single,,,,"Sightings, Sightings, sightings","Si‍ghtings, Si‍ghtings, si‍ghtings"
00706.5116018237368c3633823b2d24f8ac86,00706__salted__extended__cp00AD__single.5116018237368c3633823b2d24f8ac86,extended,00AD,single,,,,"Sightings, Sightings, sightings","Si­ghtings, Si­ghtings, si­ghtings"
00707.c863801ca5be49e90ee68ab449ba5a84,00707__salted__extended__cp200B__single.c863801ca5be49e90ee68ab449ba5a84,extended,200B,single,,inkjet,in​kjet,,
00707.c863801ca5be49e90ee68ab449ba5a84,00707__salted__extended__cp200C__single.c863801ca5be49e90ee68ab449ba5a84,extended,200C,single,,inkjet,in‌kjet,,
00707.c863801ca5be49e90ee68ab449ba5a84,00707__salted__extended__cp200D__single.c863801ca5be49e90ee68ab449ba5a84,extended,200D,single,,inkjet,in‍kjet,,
00707.c863801ca5be49e90ee68ab449ba5a84,00707__salted__extended__cp00AD__single.c863801ca5be49e90ee68ab449ba5a84,extended,00AD,single,,inkjet,in­kjet,,
00708.89f1f9108884517148fdbd744e18ec1e,00708__salted__extended__cp200B__single.89f1f9108884517148fdbd744e18ec1e,extended,200B,single,,,,"Sightings, Sightings, sightings","Si​ghtings, Si​ghtings, si​ghtings"
00708.89f1f9108884517148fdbd744e18ec1e,00708__salted__extended__cp200C__single.89f1f9108884517148fdbd744e18ec1e,extended,200C,single,,,,"Sightings, Sightings, sightings","Si‌ghtings, Si‌ghtings, si‌ghtings"
00708.89f1f9108884517148fdbd744e18ec1e,00708__salted__extended__cp200D__single.89f1f9108884517148fdbd744e18ec1e,extended,200D,single,,,,"Sightings, Sightings, sightings","Si‍ghtings, Si‍ghtings, si‍ghtings"
00708.89f1f9108884517148fdbd744e18ec1e,00708__salted__extended__cp00AD__single.89f1f9108884517148fdbd744e18ec1e,extended,00AD,single,,,,"Sightings, Sightings, sightings","Si­ghtings, Si­ghtings, si­ghtings"
00709.59ca382f87c5eacb934430e28cd98d98,00709__salted__extended__cp200B__single.59ca382f87c5eacb934430e28cd98d98,extended,200B,single,,Mortgage,Mo​rtgage,,
00709.59ca382f87c5eacb934430e28cd98d98,00709__salted__extended__cp200C__single.59ca382f87c5eacb934430e28cd98d98,extended,200C,single,,Mortgage,Mo‌rtgage,,
00709.59ca382f87c5eacb934430e28cd98d98,00709__salted__extended__cp200D__single.59ca382f87c5eacb934430e28cd98d98,extended,200D,single,,Mortgage,Mo‍rtgage,,
00709.59ca382f87c5eacb934430e28cd98d98,00709__salted__extended__cp00AD__single.59ca382f87c5eacb934430e28cd98d98,extended,00AD,single,,Mortgage,Mo­rtgage,,
00710.64d9eb4c4a7b8c33ebcdb279e0c96d05,00710__salted__extended__cp200B__single.64d9eb4c4a7b8c33ebcdb279e0c96d05,extended,200B,single,,fees,fe​es,"profitable, advertisement, click","pr​ofitable, ad​vertisement, cl​ick"
00710.64d9eb4c4a7b8c33ebcdb279e0c96d05,00710__salted__extended__cp200C__single.64d9eb4c4a7b8c33ebcdb279e0c96d05,extended,200C,single,,fees,fe‌es,"profitable, advertisement, click","pr‌ofitable, ad‌vertisement, cl‌ick"
00710.64d9eb4c4a7b8c33ebcdb279e0c96d05,00710__salted__extended__cp200D__single.64d9eb4c4a7b8c33ebcdb279e0c96d05,extended,200D,single,,fees,fe‍es,"profitable, advertisement, click","pr‍ofitable, ad‍vertisement, cl‍ick"
00710.64d9eb4c4a7b8c33ebcdb279e0c96d05,00710__salted__extended__cp00AD__single.64d9eb4c4a7b8c33ebcdb279e0c96d05,extended,00AD,single,,fees,fe­es,"profitable, advertisement, click","pr­ofitable, ad­vertisement, cl­ick"
00713.8d1b1c5afc226377ec951564ad402b9c,00713__salted__extended__cp200B__single.8d1b1c5afc226377ec951564ad402b9c,extended,200B,single,,,,"Insurance, Affordable, commissions","In​surance, Af​fordable, co​mmissions"
00713.8d1b1c5afc226377ec951564ad402b9c,00713__salted__extended__cp200C__single.8d1b1c5afc226377ec951564ad402b9c,extended,200C,single,,,,"Insurance, Affordable, commissions","In‌surance, Af‌fordable, co‌mmissions"
00713.8d1b1c5afc226377ec951564ad402b9c,00713__salted__extended__cp200D__single.8d1b1c5afc226377ec951564ad402b9c,extended,200D,single,,,,"Insurance, Affordable, commissions","In‍surance, Af‍fordable, co‍mmissions"
00713.8d1b1c5afc226377ec951564ad402b9c,00713__salted__extended__cp00AD__single.8d1b1c5afc226377ec951564ad402b9c,extended,00AD,single,,,,"Insurance, Affordable, commissions","In­surance, Af­fordable, co­mmissions"
00714.cd13d8db12cc1f661d6b2eb6fcbb5156,00714__salted__extended__cp200B__single.cd13d8db12cc1f661d6b2eb6fcbb5156,extended,200B,single,,,,"receive, receive","re​ceive, re​ceive"
00714.cd13d8db12cc1f661d6b2eb6fcbb5156,00714__salted__extended__cp200C__single.cd13d8db12cc1f661d6b2eb6fcbb5156,extended,200C,single,,,,"receive, receive","re‌ceive, re‌ceive"
00714.cd13d8db12cc1f661d6b2eb6fcbb5156,00714__salted__extended__cp200D__single.cd13d8db12cc1f661d6b2eb6fcbb5156,extended,200D,single,,,,"receive, receive","re‍ceive, re‍ceive"
00714.cd13d8db12cc1f661d6b2eb6fcbb5156,00714__salted__extended__cp00AD__single.cd13d8db12cc1f661d6b2eb6fcbb5156,extended,00AD,single,,,,"receive, receive","re­ceive, re­ceive"
00721.09d243c9c4da88c5f517003d26196aaa,00721__salted__extended__cp200B__single.09d243c9c4da88c5f517003d26196aaa,extended,200B,single,,Guaranteed,Gu​aranteed,,
00721.09d243c9c4da88c5f517003d26196aaa,00721__salted__extended__cp200C__single.09d243c9c4da88c5f517003d26196aaa,extended,200C,single,,Guaranteed,Gu‌aranteed,,
00721.09d243c9c4da88c5f517003d26196aaa,00721__salted__extended__cp200D__single.09d243c9c4da88c5f517003d26196aaa,extended,200D,single,,Guaranteed,Gu‍aranteed,,
00721.09d243c9c4da88c5f517003d26196aaa,00721__salted__extended__cp00AD__single.09d243c9c4da88c5f517003d26196aaa,extended,00AD,single,,Guaranteed,Gu­aranteed,,
00724.edc5a3ce2ea91fedbf00aa0c30459a87,00724__salted__extended__cp200B__single.edc5a3ce2ea91fedbf00aa0c30459a87,extended,200B,single,,,,"deposit, receive, Deposit","de​posit, re​ceive, De​posit"
00724.edc5a3ce2ea91fedbf00aa0c30459a87,00724__salted__extended__cp200C__single.edc5a3ce2ea91fedbf00aa0c30459a87,extended,200C,single,,,,"deposit, receive, Deposit","de‌posit, re‌ceive, De‌posit"
00724.edc5a3ce2ea91fedbf00aa0c30459a87,00724__salted__extended__cp200D__single.edc5a3ce2ea91fedbf00aa0c30459a87,extended,200D,single,,,,"deposit, receive, Deposit","de‍posit, re‍ceive, De‍posit"
00724.edc5a3ce2ea91fedbf00aa0c30459a87,00724__salted__extended__cp00AD__single.edc5a3ce2ea91fedbf00aa0c30459a87,extended,00AD,single,,,,"deposit, receive, Deposit","de­posit, re­ceive, De­posit"
00725.260c7aa4ae8ce594c0c671b2611d313d,00725__salted__extended__cp200B__single.260c7aa4ae8ce594c0c671b2611d313d,extended,200B,single,,,,"Removal, advertisement, receive","Re​moval, ad​vertisement, re​ceive"
00725.260c7aa4ae8ce594c0c671b2611d313d,00725__salted__extended__cp200C__single.260c7aa4ae8ce594c0c671b2611d313d,extended,200C,single,,,,"Removal, advertisement, receive","Re‌moval, ad‌vertisement, re‌ceive"
00725.260c7aa4ae8ce594c0c671b2611d313d,00725__salted__extended__cp200D__single.260c7aa4ae8ce594c0c671b2611d313d,extended,200D,single,,,,"Removal, advertisement, receive","Re‍moval, ad‍vertisement, re‍ceive"
00725.260c7aa4ae8ce594c0c671b2611d313d,00725__salted__extended__cp00AD__single.260c7aa4ae8ce594c0c671b2611d313d,extended,00AD,single,,,,"Removal, advertisement, receive","Re­moval, ad­vertisement, re­ceive"
00726.26fb8f2aeedad636c461a560247d4f46,00726__salted__extended__cp200B__single.26fb8f2aeedad636c461a560247d4f46,extended,200B,single,,Herbal,He​rbal,,
00726.26fb8f2aeedad636c461a560247d4f46,00726__salted__extended__cp200C__single.26fb8f2aeedad636c461a560247d4f46,extended,200C,single,,Herbal,He‌rbal,,
00726.26fb8f2aeedad636c461a560247d4f46,00726__salted__extended__cp200D__single.26fb8f2aeedad636c461a560247d4f46,extended,200D,single,,Herbal,He‍rbal,,
00726.26fb8f2aeedad636c461a560247d4f46,00726__salted__extended__cp00AD__single.26fb8f2aeedad636c461a560247d4f46,extended,00AD,single,,Herbal,He­rbal,,
00728.6337ac1dd7bf9fa481c30c7cd01b496c,00728__salted__extended__cp200B__single.6337ac1dd7bf9fa481c30c7cd01b496c,extended,200B,single,,MLM,ML​M,"removal, MLM, MLM","re​moval, ML​M, ML​M"
00728.6337ac1dd7bf9fa481c30c7cd01b496c,00728__salted__extended__cp200C__single.6337ac1dd7bf9fa481c30c7cd01b496c,extended,200C,single,,MLM,ML‌M,"removal, MLM, MLM","re‌moval, ML‌M, ML‌M"
00728.6337ac1dd7bf9fa481c30c7cd01b496c,00728__salted__extended__cp200D__single.6337ac1dd7bf9fa481c30c7cd01b496c,extended,200D,single,,MLM,ML‍M,"removal, MLM, MLM","re‍moval, ML‍M, ML‍M"
00728.6337ac1dd7bf9fa481c30c7cd01b496c,00728__salted__extended__cp00AD__single.6337ac1dd7bf9fa481c30c7cd01b496c,extended,00AD,single,,MLM,ML­M,"removal, MLM, MLM","re­moval, ML­M, ML­M"
00729.b4b709ee7cb85908bdec0b050a11e518,00729__salted__extended__cp200B__single.b4b709ee7cb85908bdec0b050a11e518,extended,200B,single,,Commissions,Co​mmissions,"Premium, receive, receive","Pr​emium, re​ceive, re​ceive"
00729.b4b709ee7cb85908bdec0b050a11e518,00729__salted__extended__cp200C__single.b4b709ee7cb85908bdec0b050a11e518,extended,200C,single,,Commissions,Co‌mmissions,"Premium, receive, receive","Pr‌emium, re‌ceive, re‌ceive"
00729.b4b709ee7cb85908bdec0b050a11e518,00729__salted__extended__cp200D__single.b4b709ee7cb85908bdec0b050a11e518,extended,200D,single,,Commissions,Co‍mmissions,"Premium, receive, receive","Pr‍emium, re‍ceive, re‍ceive"
00729.b4b709ee7cb85908bdec0b050a11e518,00729__salted__extended__cp00AD__single.b4b709ee7cb85908bdec0b050a11e518,extended,00AD,single,,Commissions,Co­mmissions,"Premium, receive, receive","Pr­emium, re­ceive, re­ceive"
00730.0082840b49157df044b094b1a0461063,00730__salted__extended__cp200B__single.0082840b49157df044b094b1a0461063,extended,200B,single,,,,EARN,EA​RN
00730.0082840b49157df044b094b1a0461063,00730__salted__extended__cp200C__single.0082840b49157df044b094b1a0461063,extended,200C,single,,,,EARN,EA‌RN
00730.0082840b49157df044b094b1a0461063,00730__salted__extended__cp200D__single.0082840b49157df044b094b1a0461063,extended,200D,single,,,,EARN,EA‍RN
00730.0082840b49157df044b094b1a0461063,00730__salted__extended__cp00AD__single.0082840b49157df044b094b1a0461063,extended,00AD,single,,,,EARN,EA­RN
00731.f62550b637d55a42158889ef47fcab7e,00731__salted__extended__cp200B__single.f62550b637d55a42158889ef47fcab7e,extended,200B,single,,,,"Removal, advertisement, receive","Re​moval, ad​vertisement, re​ceive"
00731.f62550b637d55a42158889ef47fcab7e,00731__salted__extended__cp200C__single.f62550b637d55a42158889ef47fcab7e,extended,200C,single,,,,"Removal, advertisement, receive","Re‌moval, ad‌vertisement, re‌ceive"
00731.f62550b637d55a42158889ef47fcab7e,00731__salted__extended__cp200D__single.f62550b637d55a42158889ef47fcab7e,extended,200D,single,,,,"Removal, advertisement, receive","Re‍moval, ad‍vertisement, re‍ceive"
00731.f62550b637d55a42158889ef47fcab7e,00731__salted__extended__cp00AD__single.f62550b637d55a42158889ef47fcab7e,extended,00AD,single,,,,"Removal, advertisement, receive","Re­moval, ad­vertisement, re­ceive"
00732.bc344aaabb0aae7f3e1600f2d72c2232,00732__salted__extended__cp200B__single.bc344aaabb0aae7f3e1600f2d72c2232,extended,200B,single,,adv,ad​v,"PROFITABLE, qualified, profitable","PR​OFITABLE, qu​alified, pr​ofitable"
00732.bc344aaabb0aae7f3e1600f2d72c2232,00732__salted__extended__cp200C__single.bc344aaabb0aae7f3e1600f2d72c2232,extended,200C,single,,adv,ad‌v,"PROFITABLE, qualified, profitable","PR‌OFITABLE, qu‌alified, pr‌ofitable"
00732.bc344aaabb0aae7f3e1600f2d72c2232,00732__salted__extended__cp200D__single.bc344aaabb0aae7f3e1600f2d72c2232,extended,200D,single,,adv,ad‍v,"PROFITABLE, qualified, profitable","PR‍OFITABLE, qu‍alified, pr‍ofitable"
00732.bc344aaabb0aae7f3e1600f2d72c2232,00732__salted__extended__cp00AD__single.bc344aaabb0aae7f3e1600f2d72c2232,extended,00AD,single,,adv,ad­v,"PROFITABLE, qualified, profitable","PR­OFITABLE, qu­alified, pr­ofitable"
00733.095d8b33e938efa091f1771c622986c9,00733__salted__extended__cp200B__single.095d8b33e938efa091f1771c622986c9,extended,200B,single,,adv,ad​v,"PROFITABLE, qualified, profitable","PR​OFITABLE, qu​alified, pr​ofitable"
00733.095d8b33e938efa091f1771c622986c9,00733__salted__extended__cp200C__single.095d8b33e938efa091f1771c622986c9,extended,200C,single,,adv,ad‌v,"PROFITABLE, qualified, profitable","PR‌OFITABLE, qu‌alified, pr‌ofitable"
00733.095d8b33e938efa091f1771c622986c9,00733__salted__extended__cp200D__single.095d8b33e938efa091f1771c622986c9,extended,200D,single,,adv,ad‍v,"PROFITABLE, qualified, profitable","PR‍OFITABLE, qu‍alified, pr‍ofitable"
00733.095d8b33e938efa091f1771c622986c9,00733__salted__extended__cp00AD__single.095d8b33e938efa091f1771c622986c9,extended,00AD,single,,adv,ad­v,"PROFITABLE, qualified, profitable","PR­OFITABLE, qu­alified, pr­ofitable"
00734.0c1975b8c2b17fd6c665827706f89eaf,00734__salted__extended__cp200B__single.0c1975b8c2b17fd6c665827706f89eaf,extended,200B,single,,,,"receive, Sincerely, receive","re​ceive, Si​ncerely, re​ceive"
00734.0c1975b8c2b17fd6c665827706f89eaf,00734__salted__extended__cp200C__single.0c1975b8c2b17fd6c665827706f89eaf,extended,200C,single,,,,"receive, Sincerely, receive","re‌ceive, Si‌ncerely, re‌ceive"
00734.0c1975b8c2b17fd6c665827706f89eaf,00734__salted__extended__cp200D__single.0c1975b8c2b17fd6c665827706f89eaf,extended,200D,single,,,,"receive, Sincerely, receive","re‍ceive, Si‍ncerely, re‍ceive"
00734.0c1975b8c2b17fd6c665827706f89eaf,00734__salted__extended__cp00AD__single.0c1975b8c2b17fd6c665827706f89eaf,extended,00AD,single,,,,"receive, Sincerely, receive","re­ceive, Si­ncerely, re­ceive"
00736.5bbe6ad663aa598a1b4a6d2d5f3ff0cc,00736__salted__extended__cp200B__single.5bbe6ad663aa598a1b4a6d2d5f3ff0cc,extended,200B,single,,inkjet,in​kjet,,
00736.5bbe6ad663aa598a1b4a6d2d5f3ff0cc,00736__salted__extended__cp200C__single.5bbe6ad663aa598a1b4a6d2d5f3ff0cc,extended,200C,single,,inkjet,in‌kjet,,
00736.5bbe6ad663aa598a1b4a6d2d5f3ff0cc,00736__salted__extended__cp200D__single.5bbe6ad663aa598a1b4a6d2d5f3ff0cc,extended,200D,single,,inkjet,in‍kjet,,
00736.5bbe6ad663aa598a1b4a6d2d5f3ff0cc,00736__salted__extended__cp00AD__single.5bbe6ad663aa598a1b4a6d2d5f3ff0cc,extended,00AD,single,,inkjet,in­kjet,,
00738.10deb784a63c0bdc5e78b019720f3e9f,00738__salted__extended__cp200B__single.10deb784a63c0bdc5e78b019720f3e9f,extended,200B,single,,Adv,Ad​v,"premium, receive, receive","pr​emium, re​ceive, re​ceive"
00738.10deb784a63c0bdc5e78b019720f3e9f,00738__salted__extended__cp200C__single.10deb784a63c0bdc5e78b019720f3e9f,extended,200C,single,,Adv,Ad‌v,"premium, receive, receive","pr‌emium, re‌ceive, re‌ceive"
00738.10deb784a63c0bdc5e78b019720f3e9f,00738__salted__extended__cp200D__single.10deb784a63c0bdc5e78b019720f3e9f,extended,200D,single,,Adv,Ad‍v,"premium, receive, receive","pr‍emium, re‍ceive, re‍ceive"
00738.10deb784a63c0bdc5e78b019720f3e9f,00738__salted__extended__cp00AD__single.10deb784a63c0bdc5e78b019720f3e9f,extended,00AD,single,,Adv,Ad­v,"premium, receive, receive","pr­emium, re­ceive, re­ceive"
00739.150e80f7508e247fa15d43697e80ed30,00739__salted__extended__cp200B__single.150e80f7508e247fa15d43697e80ed30,extended,200B,single,,,,"affordable, affordable, fees","af​fordable, af​fordable, fe​es"
00739.150e80f7508e247fa15d43697e80ed30,00739__salted__extended__cp200C__single.150e80f7508e247fa15d43697e80ed30,extended,200C,single,,,,"affordable, affordable, fees","af‌fordable, af‌fordable, fe‌es"
00739.150e80f7508e247fa15d43697e80ed30,00739__salted__extended__cp200D__single.150e80f7508e247fa15d43697e80ed30,extended,200D,single,,,,"affordable, affordable, fees","af‍fordable, af‍fordable, fe‍es"
00739.150e80f7508e247fa15d43697e80ed30,00739__salted__extended__cp00AD__single.150e80f7508e247fa15d43697e80ed30,extended,00AD,single,,,,"affordable, affordable, fees","af­fordable, af­fordable, fe­es"
00740.ce4777381c2bc6bee30bef6bd274233f,00740__salted__extended__cp200B__single.ce4777381c2bc6bee30bef6bd274233f,extended,200B,single,,Mortgage,Mo​rtgage,"mortgage, loan, loan","mo​rtgage, lo​an, lo​an"
00740.ce4777381c2bc6bee30bef6bd274233f,00740__salted__extended__cp200C__single.ce4777381c2bc6bee30bef6bd274233f,extended,200C,single,,Mortgage,Mo‌rtgage,"mortgage, loan, loan","mo‌rtgage, lo‌an, lo‌an"
00740.ce4777381c2bc6bee30bef6bd274233f,00740__salted__extended__cp200D__single.ce4777381c2bc6bee30bef6bd274233f,extended,200D,single,,Mortgage,Mo‍rtgage,"mortgage, loan, loan","mo‍rtgage, lo‍an, lo‍an"
00740.ce4777381c2bc6bee30bef6bd274233f,00740__salted__extended__cp00AD__single.ce4777381c2bc6bee30bef6bd274233f,extended,00AD,single,,Mortgage,Mo­rtgage,"mortgage, loan, loan","mo­rtgage, lo­an, lo­an"
00741.00c61b5577b6fa232434c2ae62d52394,00741__salted__extended__cp200B__single.00c61b5577b6fa232434c2ae62d52394,extended,200B,single,,,,"tobacco, attained, ordering","to​bacco, at​tained, or​dering"
00741.00c61b5577b6fa232434c2ae62d52394,00741__salted__extended__cp200C__single.00c61b5577b6fa232434c2ae62d52394,extended,200C,single,,,,"tobacco, attained, ordering","to‌bacco, at‌tained, or‌dering"
00741.00c61b5577b6fa232434c2ae62d52394,00741__salted__extended__cp200D__single.00c61b5577b6fa232434c2ae62d52394,extended,200D,single,,,,"tobacco, attained, ordering","to‍bacco, at‍tained, or‍dering"
00741.00c61b5577b6fa232434c2ae62d52394,00741__salted__extended__cp00AD__single.00c61b5577b6fa232434c2ae62d52394,extended,00AD,single,,,,"tobacco, attained, ordering","to­bacco, at­tained, or­dering"
00742.2700b00dc2dcc121ee0a1322040de188,00742__salted__extended__cp200B__single.2700b00dc2dcc121ee0a1322040de188,extended,200B,single,,,,"tobacco, attained, ordering","to​bacco, at​tained, or​dering"
00742.2700b00dc2dcc121ee0a1322040de188,00742__salted__extended__cp200C__single.2700b00dc2dcc121ee0a1322040de188,extended,200C,single,,,,"tobacco, attained, ordering","to‌bacco, at‌tained, or‌dering"
00742.2700b00dc2dcc121ee0a1322040de188,00742__salted__extended__cp200D__single.2700b00dc2dcc121ee0a1322040de188,extended,200D,single,,,,"tobacco, attained, ordering","to‍bacco, at‍tained, or‍dering"
00742.2700b00dc2dcc121ee0a1322040de188,00742__salted__extended__cp00AD__single.2700b00dc2dcc121ee0a1322040de188,extended,00AD,single,,,,"tobacco, attained, ordering","to­bacco, at­tained, or­dering"
00743.7889a6b188891a33c088f3d29d48251a,00743__salted__extended__cp200B__single.7889a6b188891a33c088f3d29d48251a,extended,200B,single,,,,"cartridges, cartridges, Guaranteed","ca​rtridges, ca​rtridges, Gu​aranteed"
00743.7889a6b188891a33c088f3d29d48251a,00743__salted__extended__cp200C__single.7889a6b188891a33c088f3d29d48251a,extended,200C,single,,,,"cartridges, cartridges, Guaranteed","ca‌rtridges, ca‌rtridges, Gu‌aranteed"
00743.7889a6b188891a33c088f3d29d48251a,00743__salted__extended__cp200D__single.7889a6b188891a33c088f3d29d48251a,extended,200D,single,,,,"cartridges, cartridges, Guaranteed","ca‍rtridges, ca‍rtridges, Gu‍aranteed"
00743.7889a6b188891a33c088f3d29d48251a,00743__salted__extended__cp00AD__single.7889a6b188891a33c088f3d29d48251a,extended,00AD,single,,,,"cartridges, cartridges, Guaranteed","ca­rtridges, ca­rtridges, Gu­aranteed"
00745.a0f2c78f1a75fe880532f0c432aa12d2,00745__salted__extended__cp200B__single.a0f2c78f1a75fe880532f0c432aa12d2,extended,200B,single,,Earn,Ea​rn,,
00745.a0f2c78f1a75fe880532f0c432aa12d2,00745__salted__extended__cp200C__single.a0f2c78f1a75fe880532f0c432aa12d2,extended,200C,single,,Earn,Ea‌rn,,
00745.a0f2c78f1a75fe880532f0c432aa12d2,00745__salted__extended__cp200D__single.a0f2c78f1a75fe880532f0c432aa12d2,extended,200D,single,,Earn,Ea‍rn,,
00745.a0f2c78f1a75fe880532f0c432aa12d2,00745__salted__extended__cp00AD__single.a0f2c78f1a75fe880532f0c432aa12d2,extended,00AD,single,,Earn,Ea­rn,,
00746.f0fce8c4c17e53a0fe837a8c6cfe03c6,00746__salted__extended__cp200B__single.f0fce8c4c17e53a0fe837a8c6cfe03c6,extended,200B,single,,,,"sincerely, Sightings, Sightings","si​ncerely, Si​ghtings, Si​ghtings"
00746.f0fce8c4c17e53a0fe837a8c6cfe03c6,00746__salted__extended__cp200C__single.f0fce8c4c17e53a0fe837a8c6cfe03c6,extended,200C,single,,,,"sincerely, Sightings, Sightings","si‌ncerely, Si‌ghtings, Si‌ghtings"
00746.f0fce8c4c17e53a0fe837a8c6cfe03c6,00746__salted__extended__cp200D__single.f0fce8c4c17e53a0fe837a8c6cfe03c6,extended,200D,single,,,,"sincerely, Sightings, Sightings","si‍ncerely, Si‍ghtings, Si‍ghtings"
00746.f0fce8c4c17e53a0fe837a8c6cfe03c6,00746__salted__extended__cp00AD__single.f0fce8c4c17e53a0fe837a8c6cfe03c6,extended,00AD,single,,,,"sincerely, Sightings, Sightings","si­ncerely, Si­ghtings, Si­ghtings"
00748.2b1fcd8621caf857e9ec0b08555ae5db,00748__salted__extended__cp200B__single.2b1fcd8621caf857e9ec0b08555ae5db,extended,200B,single,,,,"resell, GUARANTEED, GUARANTEED","re​sell, GU​ARANTEED, GU​ARANTEED"
00748.2b1fcd8621caf857e9ec0b08555ae5db,00748__salted__extended__cp200C__single.2b1fcd8621caf857e9ec0b08555ae5db,extended,200C,single,,,,"resell, GUARANTEED, GUARANTEED","re‌sell, GU‌ARANTEED, GU‌ARANTEED"
00748.2b1fcd8621caf857e9ec0b08555ae5db,00748__salted__extended__cp200D__single.2b1fcd8621caf857e9ec0b08555ae5db,extended,200D,single,,,,"resell, GUARANTEED, GUARANTEED","re‍sell, GU‍ARANTEED, GU‍ARANTEED"
00748.2b1fcd8621caf857e9ec0b08555ae5db,00748__salted__extended__cp00AD__single.2b1fcd8621caf857e9ec0b08555ae5db,extended,00AD,single,,,,"resell, GUARANTEED, GUARANTEED","re­sell, GU­ARANTEED, GU­ARANTEED"
00750.dfc392478300e11189d61d29bed9cecc,00750__salted__extended__cp200B__single.dfc392478300e11189d61d29bed9cecc,extended,200B,single,,,,ATTN,AT​TN
00750.dfc392478300e11189d61d29bed9cecc,00750__salted__extended__cp200C__single.dfc392478300e11189d61d29bed9cecc,extended,200C,single,,,,ATTN,AT‌TN
00750.dfc392478300e11189d61d29bed9cecc,00750__salted__extended__cp200D__single.dfc392478300e11189d61d29bed9cecc,extended,200D,single,,,,ATTN,AT‍TN
00750.dfc392478300e11189d61d29bed9cecc,00750__salted__extended__cp00AD__single.dfc392478300e11189d61d29bed9cecc,extended,00AD,single,,,,ATTN,AT­TN
00752.c0892cd4ffff618e689dec28f2f4695e,00752__salted__extended__cp200B__single.c0892cd4ffff618e689dec28f2f4695e,extended,200B,single,,,,"toll, MasterCard, Sightings","to​ll, Ma​sterCard, Si​ghtings"
00752.c0892cd4ffff618e689dec28f2f4695e,00752__salted__extended__cp200C__single.c0892cd4ffff618e689dec28f2f4695e,extended,200C,single,,,,"toll, MasterCard, Sightings","to‌ll, Ma‌sterCard, Si‌ghtings"
00752.c0892cd4ffff618e689dec28f2f4695e,00752__salted__extended__cp200D__single.c0892cd4ffff618e689dec28f2f4695e,extended,200D,single,,,,"toll, MasterCard, Sightings","to‍ll, Ma‍sterCard, Si‍ghtings"
00752.c0892cd4ffff618e689dec28f2f4695e,00752__salted__extended__cp00AD__single.c0892cd4ffff618e689dec28f2f4695e,extended,00AD,single,,,,"toll, MasterCard, Sightings","to­ll, Ma­sterCard, Si­ghtings"
00754.9922dfbaee98abc6e1a3a00909a8d24e,00754__salted__extended__cp200B__single.9922dfbaee98abc6e1a3a00909a8d24e,extended,200B,single,,MORTGAGE,MO​RTGAGE,"MORTGAGE, mortgage, mortgage","MO​RTGAGE, mo​rtgage, mo​rtgage"
00754.9922dfbaee98abc6e1a3a00909a8d24e,00754__salted__extended__cp200C__single.9922dfbaee98abc6e1a3a00909a8d24e,extended,200C,single,,MORTGAGE,MO‌RTGAGE,"MORTGAGE, mortgage, mortgage","MO‌RTGAGE, mo‌rtgage, mo‌rtgage"
00754.9922dfbaee98abc6e1a3a00909a8d24e,00754__salted__extended__cp200D__single.9922dfbaee98abc6e1a3a00909a8d24e,extended,200D,single,,MORTGAGE,MO‍RTGAGE,"MORTGAGE, mortgage, mortgage","MO‍RTGAGE, mo‍rtgage, mo‍rtgage"
00754.9922dfbaee98abc6e1a3a00909a8d24e,00754__salted__extended__cp00AD__single.9922dfbaee98abc6e1a3a00909a8d24e,extended,00AD,single,,MORTGAGE,MO­RTGAGE,"MORTGAGE, mortgage, mortgage","MO­RTGAGE, mo­rtgage, mo­rtgage"
00755.4280e5603d66801661cbd0fe0b33eec8,00755__salted__extended__cp200B__single.4280e5603d66801661cbd0fe0b33eec8,extended,200B,single,,,,"Annuity, Annuity, receive","An​nuity, An​nuity, re​ceive"
00755.4280e5603d66801661cbd0fe0b33eec8,00755__salted__extended__cp200C__single.4280e5603d66801661cbd0fe0b33eec8,extended,200C,single,,,,"Annuity, Annuity, receive","An‌nuity, An‌nuity, re‌ceive"
00755.4280e5603d66801661cbd0fe0b33eec8,00755__salted__extended__cp200D__single.4280e5603d66801661cbd0fe0b33eec8,extended,200D,single,,,,"Annuity, Annuity, receive","An‍nuity, An‍nuity, re‍ceive"
00755.4280e5603d66801661cbd0fe0b33eec8,00755__salted__extended__cp00AD__single.4280e5603d66801661cbd0fe0b33eec8,extended,00AD,single,,,,"Annuity, Annuity, receive","An­nuity, An­nuity, re­ceive"
00757.c2da75286819a139e27438ca5c5ba762,00757__salted__extended__cp200B__single.c2da75286819a139e27438ca5c5ba762,extended,200B,single,,,,ordering,or​dering
00757.c2da75286819a139e27438ca5c5ba762,00757__salted__extended__cp200C__single.c2da75286819a139e27438ca5c5ba762,extended,200C,single,,,,ordering,or‌dering
00757.c2da75286819a139e27438ca5c5ba762,00757__salted__extended__cp200D__single.c2da75286819a139e27438ca5c5ba762,extended,200D,single,,,,ordering,or‍dering
00757.c2da75286819a139e27438ca5c5ba762,00757__salted__extended__cp00AD__single.c2da75286819a139e27438ca5c5ba762,extended,00AD,single,,,,ordering,or­dering
00759.23e678ecd735ad618ad151d311c81070,00759__salted__extended__cp200B__single.23e678ecd735ad618ad151d311c81070,extended,200B,single,,,,"LAGOS, NIGERIA, Sir","LA​GOS, NI​GERIA, Si​r"
00759.23e678ecd735ad618ad151d311c81070,00759__salted__extended__cp200C__single.23e678ecd735ad618ad151d311c81070,extended,200C,single,,,,"LAGOS, NIGERIA, Sir","LA‌GOS, NI‌GERIA, Si‌r"
00759.23e678ecd735ad618ad151d311c81070,00759__salted__extended__cp200D__single.23e678ecd735ad618ad151d311c81070,extended,200D,single,,,,"LAGOS, NIGERIA, Sir","LA‍GOS, NI‍GERIA, Si‍r"
00759.23e678ecd735ad618ad151d311c81070,00759__salted__extended__cp00AD__single.23e678ecd735ad618ad151d311c81070,extended,00AD,single,,,,"LAGOS, NIGERIA, Sir","LA­GOS, NI­GERIA, Si­r"
00760.254b8986f3d7b6cbda1cc7ce16860e6c,00760__salted__extended__cp200B__single.254b8986f3d7b6cbda1cc7ce16860e6c,extended,200B,single,,,,"monthly, consultation, click","mo​nthly, co​nsultation, cl​ick"
00760.254b8986f3d7b6cbda1cc7ce16860e6c,00760__salted__extended__cp200C__single.254b8986f3d7b6cbda1cc7ce16860e6c,extended,200C,single,,,,"monthly, consultation, click","mo‌nthly, co‌nsultation, cl‌ick"
00760.254b8986f3d7b6cbda1cc7ce16860e6c,00760__salted__extended__cp200D__single.254b8986f3d7b6cbda1cc7ce16860e6c,extended,200D,single,,,,"monthly, consultation, click","mo‍nthly, co‍nsultation, cl‍ick"
00760.254b8986f3d7b6cbda1cc7ce16860e6c,00760__salted__extended__cp00AD__single.254b8986f3d7b6cbda1cc7ce16860e6c,extended,00AD,single,,,,"monthly, consultation, click","mo­nthly, co­nsultation, cl­ick"
00762.e31568dff471c947d42869ae2f8f0779,00762__salted__extended__cp200B__single.e31568dff471c947d42869ae2f8f0779,extended,200B,single,,Insurance,In​surance,,
00762.e31568dff471c947d42869ae2f8f0779,00762__salted__extended__cp200C__single.e31568dff471c947d42869ae2f8f0779,extended,200C,single,,Insurance,In‌surance,,
00762.e31568dff471c947d42869ae2f8f0779,00762__salted__extended__cp200D__single.e31568dff471c947d42869ae2f8f0779,extended,200D,single,,Insurance,In‍surance,,
00762.e31568dff471c947d42869ae2f8f0779,00762__salted__extended__cp00AD__single.e31568dff471c947d42869ae2f8f0779,extended,00AD,single,,Insurance,In­surance,,
00772.deb64399accba9b54b5f10ae57c7bbb5,00772__salted__extended__cp200B__single.deb64399accba9b54b5f10ae57c7bbb5,extended,200B,single,,cartridges,ca​rtridges,,
00772.deb64399accba9b54b5f10ae57c7bbb5,00772__salted__extended__cp200C__single.deb64399accba9b54b5f10ae57c7bbb5,extended,200C,single,,cartridges,ca‌rtridges,,
00772.deb64399accba9b54b5f10ae57c7bbb5,00772__salted__extended__cp200D__single.deb64399accba9b54b5f10ae57c7bbb5,extended,200D,single,,cartridges,ca‍rtridges,,
00772.deb64399accba9b54b5f10ae57c7bbb5,00772__salted__extended__cp00AD__single.deb64399accba9b54b5f10ae57c7bbb5,extended,00AD,single,,cartridges,ca­rtridges,,
00774.bb00990ae11efeabd677cc2935f2281f,00774__salted__extended__cp200B__single.bb00990ae11efeabd677cc2935f2281f,extended,200B,single,,,,"Originator, AFFORDABLE, CLICK","Or​iginator, AF​FORDABLE, CL​ICK"
00774.bb00990ae11efeabd677cc2935f2281f,00774__salted__extended__cp200C__single.bb00990ae11efeabd677cc2935f2281f,extended,200C,single,,,,"Originator, AFFORDABLE, CLICK","Or‌iginator, AF‌FORDABLE, CL‌ICK"
00774.bb00990ae11efeabd677cc2935f2281f,00774__salted__extended__cp200D__single.bb00990ae11efeabd677cc2935f2281f,extended,200D,single,,,,"Originator, AFFORDABLE, CLICK","Or‍iginator, AF‍FORDABLE, CL‍ICK"
00774.bb00990ae11efeabd677cc2935f2281f,00774__salted__extended__cp00AD__single.bb00990ae11efeabd677cc2935f2281f,extended,00AD,single,,,,"Originator, AFFORDABLE, CLICK","Or­iginator, AF­FORDABLE, CL­ICK"
00776.22f3f3942932c3d3b6e254bcab9673d1,00776__salted__extended__cp200B__single.22f3f3942932c3d3b6e254bcab9673d1,extended,200B,single,,Mortgage,Mo​rtgage,,
00776.22f3f3942932c3d3b6e254bcab9673d1,00776__salted__extended__cp200C__single.22f3f3942932c3d3b6e254bcab9673d1,extended,200C,single,,Mortgage,Mo‌rtgage,,
00776.22f3f3942932c3d3b6e254bcab9673d1,00776__salted__extended__cp200D__single.22f3f3942932c3d3b6e254bcab9673d1,extended,200D,single,,Mortgage,Mo‍rtgage,,
00776.22f3f3942932c3d3b6e254bcab9673d1,00776__salted__extended__cp00AD__single.22f3f3942932c3d3b6e254bcab9673d1,extended,00AD,single,,Mortgage,Mo­rtgage,,
00777.284d3dc66b4f1bdedb5a5eba41d18d14,00777__salted__extended__cp200B__single.284d3dc66b4f1bdedb5a5eba41d18d14,extended,200B,single,,,,"USD, USD","US​D, US​D"
00777.284d3dc66b4f1bdedb5a5eba41d18d14,00777__salted__extended__cp200C__single.284d3dc66b4f1bdedb5a5eba41d18d14,extended,200C,single,,,,"USD, USD","US‌D, US‌D"
00777.284d3dc66b4f1bdedb5a5eba41d18d14,00777__salted__extended__cp200D__single.284d3dc66b4f1bdedb5a5eba41d18d14,extended,200D,single,,,,"USD, USD","US‍D, US‍D"
00777.284d3dc66b4f1bdedb5a5eba41d18d14,00777__salted__extended__cp00AD__single.284d3dc66b4f1bdedb5a5eba41d18d14,extended,00AD,single,,,,"USD, USD","US­D, US­D"
00779.cfeedd9839de273525bae85b56ebf146,00779__salted__extended__cp200B__single.cfeedd9839de273525bae85b56ebf146,extended,200B,single,,Mortgage,Mo​rtgage,,
00779.cfeedd9839de273525bae85b56ebf146,00779__salted__extended__cp200C__single.cfeedd9839de273525bae85b56ebf146,extended,200C,single,,Mortgage,Mo‌rtgage,,
00779.cfeedd9839de273525bae85b56ebf146,00779__salted__extended__cp200D__single.cfeedd9839de273525bae85b56ebf146,extended,200D,single,,Mortgage,Mo‍rtgage,,
00779.cfeedd9839de273525bae85b56ebf146,00779__salted__extended__cp00AD__single.cfeedd9839de273525bae85b56ebf146,extended,00AD,single,,Mortgage,Mo­rtgage,,
00780.9bba1736be4e930c0cb2dbc9e6cd1222,00780__salted__extended__cp200B__single.9bba1736be4e930c0cb2dbc9e6cd1222,extended,200B,single,,CLICK,CL​ICK,,
00780.9bba1736be4e930c0cb2dbc9e6cd1222,00780__salted__extended__cp200C__single.9bba1736be4e930c0cb2dbc9e6cd1222,extended,200C,single,,CLICK,CL‌ICK,,
00780.9bba1736be4e930c0cb2dbc9e6cd1222,00780__salted__extended__cp200D__single.9bba1736be4e930c0cb2dbc9e6cd1222,extended,200D,single,,CLICK,CL‍ICK,,
00780.9bba1736be4e930c0cb2dbc9e6cd1222,00780__salted__extended__cp00AD__single.9bba1736be4e930c0cb2dbc9e6cd1222,extended,00AD,single,,CLICK,CL­ICK,,
00781.8657bfadc87dd7fbcb174982f2c9d34e,00781__salted__extended__cp200B__single.8657bfadc87dd7fbcb174982f2c9d34e,extended,200B,single,,inkjet,in​kjet,,
00781.8657bfadc87dd7fbcb174982f2c9d34e,00781__salted__extended__cp200C__single.8657bfadc87dd7fbcb174982f2c9d34e,extended,200C,single,,inkjet,in‌kjet,,
00781.8657bfadc87dd7fbcb174982f2c9d34e,00781__salted__extended__cp200D__single.8657bfadc87dd7fbcb174982f2c9d34e,extended,200D,single,,inkjet,in‍kjet,,
00781.8657bfadc87dd7fbcb174982f2c9d34e,00781__salted__extended__cp00AD__single.8657bfadc87dd7fbcb174982f2c9d34e,extended,00AD,single,,inkjet,in­kjet,,
00782.1a0cff70694be0ab6f02dbee8b5b482e,00782__salted__extended__cp200B__single.1a0cff70694be0ab6f02dbee8b5b482e,extended,200B,single,,ADV,AD​V,,
00782.1a0cff70694be0ab6f02dbee8b5b482e,00782__salted__extended__cp200C__single.1a0cff70694be0ab6f02dbee8b5b482e,extended,200C,single,,ADV,AD‌V,,
00782.1a0cff70694be0ab6f02dbee8b5b482e,00782__salted__extended__cp200D__single.1a0cff70694be0ab6f02dbee8b5b482e,extended,200D,single,,ADV,AD‍V,,
00782.1a0cff70694be0ab6f02dbee8b5b482e,00782__salted__extended__cp00AD__single.1a0cff70694be0ab6f02dbee8b5b482e,extended,00AD,single,,ADV,AD­V,,
00784.daac746f35f3bc27817777fa48673781,00784__salted__extended__cp200B__single.daac746f35f3bc27817777fa48673781,extended,200B,single,,,,"Annuity, earn, Annuity","An​nuity, ea​rn, An​nuity"
00784.daac746f35f3bc27817777fa48673781,00784__salted__extended__cp200C__single.daac746f35f3bc27817777fa48673781,extended,200C,single,,,,"Annuity, earn, Annuity","An‌nuity, ea‌rn, An‌nuity"
00784.daac746f35f3bc27817777fa48673781,00784__salted__extended__cp200D__single.daac746f35f3bc27817777fa48673781,extended,200D,single,,,,"Annuity, earn, Annuity","An‍nuity, ea‍rn, An‍nuity"
00784.daac746f35f3bc27817777fa48673781,00784__salted__extended__cp00AD__single.daac746f35f3bc27817777fa48673781,extended,00AD,single,,,,"Annuity, earn, Annuity","An­nuity, ea­rn, An­nuity"
00785.262ba178488e58bbea695befb45b05e2,00785__salted__extended__cp200B__single.262ba178488e58bbea695befb45b05e2,extended,200B,single,,,,receive,re​ceive
00785.262ba178488e58bbea695befb45b05e2,00785__salted__extended__cp200C__single.262ba178488e58bbea695befb45b05e2,extended,200C,single,,,,receive,re‌ceive
00785.262ba178488e58bbea695befb45b05e2,00785__salted__extended__cp200D__single.262ba178488e58bbea695befb45b05e2,extended,200D,single,,,,receive,re‍ceive
00785.262ba178488e58bbea695befb45b05e2,00785__salted__extended__cp00AD__single.262ba178488e58bbea695befb45b05e2,extended,00AD,single,,,,receive,re­ceive
00790.365798c56fbfc98b2c8e4cbce0417999,00790__salted__extended__cp200B__single.365798c56fbfc98b2c8e4cbce0417999,extended,200B,single,,,,"earn, monthly, fees","ea​rn, mo​nthly, fe​es"
00790.365798c56fbfc98b2c8e4cbce0417999,00790__salted__extended__cp200C__single.365798c56fbfc98b2c8e4cbce0417999,extended,200C,single,,,,"earn, monthly, fees","ea‌rn, mo‌nthly, fe‌es"
00790.365798c56fbfc98b2c8e4cbce0417999,00790__salted__extended__cp200D__single.365798c56fbfc98b2c8e4cbce0417999,extended,200D,single,,,,"earn, monthly, fees","ea‍rn, mo‍nthly, fe‍es"
00790.365798c56fbfc98b2c8e4cbce0417999,00790__salted__extended__cp00AD__single.365798c56fbfc98b2c8e4cbce0417999,extended,00AD,single,,,,"earn, monthly, fees","ea­rn, mo­nthly, fe­es"
00791.68d57323ce71a6f706248a709363e9a8,00791__salted__extended__cp200B__single.68d57323ce71a6f706248a709363e9a8,extended,200B,single,,,,"excite, btamail","ex​cite, bt​amail"
00791.68d57323ce71a6f706248a709363e9a8,00791__salted__extended__cp200C__single.68d57323ce71a6f706248a709363e9a8,extended,200C,single,,,,"excite, btamail","ex‌cite, bt‌amail"
00791.68d57323ce71a6f706248a709363e9a8,00791__salted__extended__cp200D__single.68d57323ce71a6f706248a709363e9a8,extended,200D,single,,,,"excite, btamail","ex‍cite, bt‍amail"
00791.68d57323ce71a6f706248a709363e9a8,00791__salted__extended__cp00AD__single.68d57323ce71a6f706248a709363e9a8,extended,00AD,single,,,,"excite, btamail","ex­cite, bt­amail"
00792.7889a6082d13a885efadbd5c3576e15a,00792__salted__extended__cp200B__single.7889a6082d13a885efadbd5c3576e15a,extended,200B,single,,Viagra,Vi​agra,,
00792.7889a6082d13a885efadbd5c3576e15a,00792__salted__extended__cp200C__single.7889a6082d13a885efadbd5c3576e15a,extended,200C,single,,Viagra,Vi‌agra,,
00792.7889a6082d13a885efadbd5c3576e15a,00792__salted__extended__cp200D__single.7889a6082d13a885efadbd5c3576e15a,extended,200D,single,,Viagra,Vi‍agra,,
00792.7889a6082d13a885efadbd5c3576e15a,00792__salted__extended__cp00AD__single.7889a6082d13a885efadbd5c3576e15a,extended,00AD,single,,Viagra,Vi­agra,,
00794.5e45ec5eb133c2c960f54bf7e4822f77,00794__salted__extended__cp200B__single.5e45ec5eb133c2c960f54bf7e4822f77,extended,200B,single,,mortgage,mo​rtgage,"Dare, Mortgage, lenders","Da​re, Mo​rtgage, le​nders"
00794.5e45ec5eb133c2c960f54bf7e4822f77,00794__salted__extended__cp200C__single.5e45ec5eb133c2c960f54bf7e4822f77,extended,200C,single,,mortgage,mo‌rtgage,"Dare, Mortgage, lenders","Da‌re, Mo‌rtgage, le‌nders"
00794.5e45ec5eb133c2c960f54bf7e4822f77,00794__salted__extended__cp200D__single.5e45ec5eb133c2c960f54bf7e4822f77,extended,200D,single,,mortgage,mo‍rtgage,"Dare, Mortgage, lenders","Da‍re, Mo‍rtgage, le‍nders"
00794.5e45ec5eb133c2c960f54bf7e4822f77,00794__salted__extended__cp00AD__single.5e45ec5eb133c2c960f54bf7e4822f77,extended,00AD,single,,mortgage,mo­rtgage,"Dare, Mortgage, lenders","Da­re, Mo­rtgage, le­nders"
00795.61fe820f7755e4b4e66e715ea667b338,00795__salted__extended__cp200B__single.61fe820f7755e4b4e66e715ea667b338,extended,200B,single,,,,"earn, secrets, receive","ea​rn, se​crets, re​ceive"
00795.61fe820f7755e4b4e66e715ea667b338,00795__salted__extended__cp200C__single.61fe820f7755e4b4e66e715ea667b338,extended,200C,single,,,,"earn, secrets, receive","ea‌rn, se‌crets, re‌ceive"
00795.61fe820f7755e4b4e66e715ea667b338,00795__salted__extended__cp200D__single.61fe820f7755e4b4e66e715ea667b338,extended,200D,single,,,,"earn, secrets, receive","ea‍rn, se‍crets, re‍ceive"
00795.61fe820f7755e4b4e66e715ea667b338,00795__salted__extended__cp00AD__single.61fe820f7755e4b4e66e715ea667b338,extended,00AD,single,,,,"earn, secrets, receive","ea­rn, se­crets, re­ceive"
00796.1f29c490fd2bd8581d19e3e193978a3d,00796__salted__extended__cp200B__single.1f29c490fd2bd8581d19e3e193978a3d,extended,200B,single,,GUARANTEED,GU​ARANTEED,,
00796.1f29c490fd2bd8581d19e3e193978a3d,00796__salted__extended__cp200C__single.1f29c490fd2bd8581d19e3e193978a3d,extended,200C,single,,GUARANTEED,GU‌ARANTEED,,
00796.1f29c490fd2bd8581d19e3e193978a3d,00796__salted__extended__cp200D__single.1f29c490fd2bd8581d19e3e193978a3d,extended,200D,single,,GUARANTEED,GU‍ARANTEED,,
00796.1f29c490fd2bd8581d19e3e193978a3d,00796__salted__extended__cp00AD__single.1f29c490fd2bd8581d19e3e193978a3d,extended,00AD,single,,GUARANTEED,GU­ARANTEED,,
00798.f4f637b8f59ad0e9f154f137b64dd5bf,00798__salted__extended__cp200B__single.f4f637b8f59ad0e9f154f137b64dd5bf,extended,200B,single,,inkjet,in​kjet,,
00798.f4f637b8f59ad0e9f154f137b64dd5bf,00798__salted__extended__cp200C__single.f4f637b8f59ad0e9f154f137b64dd5bf,extended,200C,single,,inkjet,in‌kjet,,
00798.f4f637b8f59ad0e9f154f137b64dd5bf,00798__salted__extended__cp200D__single.f4f637b8f59ad0e9f154f137b64dd5bf,extended,200D,single,,inkjet,in‍kjet,,
00798.f4f637b8f59ad0e9f154f137b64dd5bf,00798__salted__extended__cp00AD__single.f4f637b8f59ad0e9f154f137b64dd5bf,extended,00AD,single,,inkjet,in­kjet,,
00800.770c5025e1f05a52d805d04cbc74252f,00800__salted__extended__cp200B__single.770c5025e1f05a52d805d04cbc74252f,extended,200B,single,,ADV,AD​V,,
00800.770c5025e1f05a52d805d04cbc74252f,00800__salted__extended__cp200C__single.770c5025e1f05a52d805d04cbc74252f,extended,200C,single,,ADV,AD‌V,,
00800.770c5025e1f05a52d805d04cbc74252f,00800__salted__extended__cp200D__single.770c5025e1f05a52d805d04cbc74252f,extended,200D,single,,ADV,AD‍V,,
00800.770c5025e1f05a52d805d04cbc74252f,00800__salted__extended__cp00AD__single.770c5025e1f05a52d805d04cbc74252f,extended,00AD,single,,ADV,AD­V,,
00802.0812cab595172a326e8808357b98fcc5,00802__salted__extended__cp200B__single.0812cab595172a326e8808357b98fcc5,extended,200B,single,,,,"NBC, CBS, Oprah","NB​C, CB​S, Op​rah"
00802.0812cab595172a326e8808357b98fcc5,00802__salted__extended__cp200C__single.0812cab595172a326e8808357b98fcc5,extended,200C,single,,,,"NBC, CBS, Oprah","NB‌C, CB‌S, Op‌rah"
00802.0812cab595172a326e8808357b98fcc5,00802__salted__extended__cp200D__single.0812cab595172a326e8808357b98fcc5,extended,200D,single,,,,"NBC, CBS, Oprah","NB‍C, CB‍S, Op‍rah"
00802.0812cab595172a326e8808357b98fcc5,00802__salted__extended__cp00AD__single.0812cab595172a326e8808357b98fcc5,extended,00AD,single,,,,"NBC, CBS, Oprah","NB­C, CB­S, Op­rah"
00805.af972b92b6ba79eb4d44ff76835ebd89,00805__salted__extended__cp200B__single.af972b92b6ba79eb4d44ff76835ebd89,extended,200B,single,,,,"consultation, click, Removal","co​nsultation, cl​ick, Re​moval"
00805.af972b92b6ba79eb4d44ff76835ebd89,00805__salted__extended__cp200C__single.af972b92b6ba79eb4d44ff76835ebd89,extended,200C,single,,,,"consultation, click, Removal","co‌nsultation, cl‌ick, Re‌moval"
00805.af972b92b6ba79eb4d44ff76835ebd89,00805__salted__extended__cp200D__single.af972b92b6ba79eb4d44ff76835ebd89,extended,200D,single,,,,"consultation, click, Removal","co‍nsultation, cl‍ick, Re‍moval"
00805.af972b92b6ba79eb4d44ff76835ebd89,00805__salted__extended__cp00AD__single.af972b92b6ba79eb4d44ff76835ebd89,extended,00AD,single,,,,"consultation, click, Removal","co­nsultation, cl­ick, Re­moval"
00807.8abdd26ba778758f5e46b84a54ac62f4,00807__salted__extended__cp200B__single.8abdd26ba778758f5e46b84a54ac62f4,extended,200B,single,,,,"mortgage, loan, fees","mo​rtgage, lo​an, fe​es"
00807.8abdd26ba778758f5e46b84a54ac62f4,00807__salted__extended__cp200C__single.8abdd26ba778758f5e46b84a54ac62f4,extended,200C,single,,,,"mortgage, loan, fees","mo‌rtgage, lo‌an, fe‌es"
00807.8abdd26ba778758f5e46b84a54ac62f4,00807__salted__extended__cp200D__single.8abdd26ba778758f5e46b84a54ac62f4,extended,200D,single,,,,"mortgage, loan, fees","mo‍rtgage, lo‍an, fe‍es"
00807.8abdd26ba778758f5e46b84a54ac62f4,00807__salted__extended__cp00AD__single.8abdd26ba778758f5e46b84a54ac62f4,extended,00AD,single,,,,"mortgage, loan, fees","mo­rtgage, lo­an, fe­es"
00810.bceaa748f9cee012c466212d8a608acf,00810__salted__extended__cp200B__single.bceaa748f9cee012c466212d8a608acf,extended,200B,single,,,,"earning, Secrets, MLM","ea​rning, Se​crets, ML​M"
00810.bceaa748f9cee012c466212d8a608acf,00810__salted__extended__cp200C__single.bceaa748f9cee012c466212d8a608acf,extended,200C,single,,,,"earning, Secrets, MLM","ea‌rning, Se‌crets, ML‌M"
00810.bceaa748f9cee012c466212d8a608acf,00810__salted__extended__cp200D__single.bceaa748f9cee012c466212d8a608acf,extended,200D,single,,,,"earning, Secrets, MLM","ea‍rning, Se‍crets, ML‍M"
00810.bceaa748f9cee012c466212d8a608acf,00810__salted__extended__cp00AD__single.bceaa748f9cee012c466212d8a608acf,extended,00AD,single,,,,"earning, Secrets, MLM","ea­rning, Se­crets, ML­M"
00811.1a510ce29a20ec57048d6b29d0056d57,00811__salted__extended__cp200B__single.1a510ce29a20ec57048d6b29d0056d57,extended,200B,single,,HGH,HG​H,,
00811.1a510ce29a20ec57048d6b29d0056d57,00811__salted__extended__cp200C__single.1a510ce29a20ec57048d6b29d0056d57,extended,200C,single,,HGH,HG‌H,,
00811.1a510ce29a20ec57048d6b29d0056d57,00811__salted__extended__cp200D__single.1a510ce29a20ec57048d6b29d0056d57,extended,200D,single,,HGH,HG‍H,,
00811.1a510ce29a20ec57048d6b29d0056d57,00811__salted__extended__cp00AD__single.1a510ce29a20ec57048d6b29d0056d57,extended,00AD,single,,HGH,HG­H,,
00812.275141f8033735b80bdca7c9dcabc8ad,00812__salted__extended__cp200B__single.275141f8033735b80bdca7c9dcabc8ad,extended,200B,single,,,,"affordable, affordable, fees","af​fordable, af​fordable, fe​es"
00812.275141f8033735b80bdca7c9dcabc8ad,00812__salted__extended__cp200C__single.275141f8033735b80bdca7c9dcabc8ad,extended,200C,single,,,,"affordable, affordable, fees","af‌fordable, af‌fordable, fe‌es"
00812.275141f8033735b80bdca7c9dcabc8ad,00812__salted__extended__cp200D__single.275141f8033735b80bdca7c9dcabc8ad,extended,200D,single,,,,"affordable, affordable, fees","af‍fordable, af‍fordable, fe‍es"
00812.275141f8033735b80bdca7c9dcabc8ad,00812__salted__extended__cp00AD__single.275141f8033735b80bdca7c9dcabc8ad,extended,00AD,single,,,,"affordable, affordable, fees","af­fordable, af­fordable, fe­es"
00815.a94675622ac65f9a21ab1b83cc869ee6,00815__salted__extended__cp200B__single.a94675622ac65f9a21ab1b83cc869ee6,extended,200B,single,,ADV,AD​V,,
00815.a94675622ac65f9a21ab1b83cc869ee6,00815__salted__extended__cp200C__single.a94675622ac65f9a21ab1b83cc869ee6,extended,200C,single,,ADV,AD‌V,,
00815.a94675622ac65f9a21ab1b83cc869ee6,00815__salted__extended__cp200D__single.a94675622ac65f9a21ab1b83cc869ee6,extended,200D,single,,ADV,AD‍V,,
00815.a94675622ac65f9a21ab1b83cc869ee6,00815__salted__extended__cp00AD__single.a94675622ac65f9a21ab1b83cc869ee6,extended,00AD,single,,ADV,AD­V,,
00816.a4d225bcdd61ba45407b9617397c82c0,00816__salted__extended__cp200B__single.a4d225bcdd61ba45407b9617397c82c0,extended,200B,single,,inkjet,in​kjet,,
00816.a4d225bcdd61ba45407b9617397c82c0,00816__salted__extended__cp200C__single.a4d225bcdd61ba45407b9617397c82c0,extended,200C,single,,inkjet,in‌kjet,,
00816.a4d225bcdd61ba45407b9617397c82c0,00816__salted__extended__cp200D__single.a4d225bcdd61ba45407b9617397c82c0,extended,200D,single,,inkjet,in‍kjet,,
00816.a4d225bcdd61ba45407b9617397c82c0,00816__salted__extended__cp00AD__single.a4d225bcdd61ba45407b9617397c82c0,extended,00AD,single,,inkjet,in­kjet,,
00817.446795af3e79a13e7c3aa784573bcaa0,00817__salted__extended__cp200B__single.446795af3e79a13e7c3aa784573bcaa0,extended,200B,single,,Mortgage,Mo​rtgage,,
00817.446795af3e79a13e7c3aa784573bcaa0,00817__salted__extended__cp200C__single.446795af3e79a13e7c3aa784573bcaa0,extended,200C,single,,Mortgage,Mo‌rtgage,,
00817.446795af3e79a13e7c3aa784573bcaa0,00817__salted__extended__cp200D__single.446795af3e79a13e7c3aa784573bcaa0,extended,200D,single,,Mortgage,Mo‍rtgage,,
00817.446795af3e79a13e7c3aa784573bcaa0,00817__salted__extended__cp00AD__single.446795af3e79a13e7c3aa784573bcaa0,extended,00AD,single,,Mortgage,Mo­rtgage,,
00818.3939063d91d49a0c8e7d01efb2fb95a1,00818__salted__extended__cp200B__single.3939063d91d49a0c8e7d01efb2fb95a1,extended,200B,single,,ADV,AD​V,,
00818.3939063d91d49a0c8e7d01efb2fb95a1,00818__salted__extended__cp200C__single.3939063d91d49a0c8e7d01efb2fb95a1,extended,200C,single,,ADV,AD‌V,,
00818.3939063d91d49a0c8e7d01efb2fb95a1,00818__salted__extended__cp200D__single.3939063d91d49a0c8e7d01efb2fb95a1,extended,200D,single,,ADV,AD‍V,,
00818.3939063d91d49a0c8e7d01efb2fb95a1,00818__salted__extended__cp00AD__single.3939063d91d49a0c8e7d01efb2fb95a1,extended,00AD,single,,ADV,AD­V,,
00819.00de24076c1599b80c13f1e028094b6c,00819__salted__extended__cp200B__single.00de24076c1599b80c13f1e028094b6c,extended,200B,single,,,,"Mortgage, MASTERCARD, payable","Mo​rtgage, MA​STERCARD, pa​yable"
00819.00de24076c1599b80c13f1e028094b6c,00819__salted__extended__cp200C__single.00de24076c1599b80c13f1e028094b6c,extended,200C,single,,,,"Mortgage, MASTERCARD, payable","Mo‌rtgage, MA‌STERCARD, pa‌yable"
00819.00de24076c1599b80c13f1e028094b6c,00819__salted__extended__cp200D__single.00de24076c1599b80c13f1e028094b6c,extended,200D,single,,,,"Mortgage, MASTERCARD, payable","Mo‍rtgage, MA‍STERCARD, pa‍yable"
00819.00de24076c1599b80c13f1e028094b6c,00819__salted__extended__cp00AD__single.00de24076c1599b80c13f1e028094b6c,extended,00AD,single,,,,"Mortgage, MASTERCARD, payable","Mo­rtgage, MA­STERCARD, pa­yable"
00820.bc04797ff065e0ddf83cf6f61697f4fe,00820__salted__extended__cp200B__single.bc04797ff065e0ddf83cf6f61697f4fe,extended,200B,single,,ADV,AD​V,,
00820.bc04797ff065e0ddf83cf6f61697f4fe,00820__salted__extended__cp200C__single.bc04797ff065e0ddf83cf6f61697f4fe,extended,200C,single,,ADV,AD‌V,,
00820.bc04797ff065e0ddf83cf6f61697f4fe,00820__salted__extended__cp200D__single.bc04797ff065e0ddf83cf6f61697f4fe,extended,200D,single,,ADV,AD‍V,,
00820.bc04797ff065e0ddf83cf6f61697f4fe,00820__salted__extended__cp00AD__single.bc04797ff065e0ddf83cf6f61697f4fe,extended,00AD,single,,ADV,AD­V,,
00822.582f541f39bb9e92cb1262875d3a9fca,00822__salted__extended__cp200B__single.582f541f39bb9e92cb1262875d3a9fca,extended,200B,single,,,,"currency, currency, currency","cu​rrency, cu​rrency, cu​rrency"
00822.582f541f39bb9e92cb1262875d3a9fca,00822__salted__extended__cp200C__single.582f541f39bb9e92cb1262875d3a9fca,extended,200C,single,,,,"currency, currency, currency","cu‌rrency, cu‌rrency, cu‌rrency"
00822.582f541f39bb9e92cb1262875d3a9fca,00822__salted__extended__cp200D__single.582f541f39bb9e92cb1262875d3a9fca,extended,200D,single,,,,"currency, currency, currency","cu‍rrency, cu‍rrency, cu‍rrency"
00822.582f541f39bb9e92cb1262875d3a9fca,00822__salted__extended__cp00AD__single.582f541f39bb9e92cb1262875d3a9fca,extended,00AD,single,,,,"currency, currency, currency","cu­rrency, cu­rrency, cu­rrency"
00824.eec96f74d95afedbe574498808d29395,00824__salted__extended__cp200B__single.eec96f74d95afedbe574498808d29395,extended,200B,single,,,,"receive, mailings, Click","re​ceive, ma​ilings, Cl​ick"
00824.eec96f74d95afedbe574498808d29395,00824__salted__extended__cp200C__single.eec96f74d95afedbe574498808d29395,extended,200C,single,,,,"receive, mailings, Click","re‌ceive, ma‌ilings, Cl‌ick"
00824.eec96f74d95afedbe574498808d29395,00824__salted__extended__cp200D__single.eec96f74d95afedbe574498808d29395,extended,200D,single,,,,"receive, mailings, Click","re‍ceive, ma‍ilings, Cl‍ick"
00824.eec96f74d95afedbe574498808d29395,00824__salted__extended__cp00AD__single.eec96f74d95afedbe574498808d29395,extended,00AD,single,,,,"receive, mailings, Click","re­ceive, ma­ilings, Cl­ick"
00826.01ebf3d0e89c1cec3528f9c0950b63d1,00826__salted__extended__cp200B__single.01ebf3d0e89c1cec3528f9c0950b63d1,extended,200B,single,,,,"currency, currency, currency","cu​rrency, cu​rrency, cu​rrency"
00826.01ebf3d0e89c1cec3528f9c0950b63d1,00826__salted__extended__cp200C__single.01ebf3d0e89c1cec3528f9c0950b63d1,extended,200C,single,,,,"currency, currency, currency","cu‌rrency, cu‌rrency, cu‌rrency"
00826.01ebf3d0e89c1cec3528f9c0950b63d1,00826__salted__extended__cp200D__single.01ebf3d0e89c1cec3528f9c0950b63d1,extended,200D,single,,,,"currency, currency, currency","cu‍rrency, cu‍rrency, cu‍rrency"
00826.01ebf3d0e89c1cec3528f9c0950b63d1,00826__salted__extended__cp00AD__single.01ebf3d0e89c1cec3528f9c0950b63d1,extended,00AD,single,,,,"currency, currency, currency","cu­rrency, cu­rrency, cu­rrency"
00829.afe2abb0aa5184c633944ac2859f10c9,00829__salted__extended__cp200B__single.afe2abb0aa5184c633944ac2859f10c9,extended,200B,single,,,,"unlimited, promotional, guaranteed","un​limited, pr​omotional, gu​aranteed"
00829.afe2abb0aa5184c633944ac2859f10c9,00829__salted__extended__cp200C__single.afe2abb0aa5184c633944ac2859f10c9,extended,200C,single,,,,"unlimited, promotional, guaranteed","un‌limited, pr‌omotional, gu‌aranteed"
00829.afe2abb0aa5184c633944ac2859f10c9,00829__salted__extended__cp200D__single.afe2abb0aa5184c633944ac2859f10c9,extended,200D,single,,,,"unlimited, promotional, guaranteed","un‍limited, pr‍omotional, gu‍aranteed"
00829.afe2abb0aa5184c633944ac2859f10c9,00829__salted__extended__cp00AD__single.afe2abb0aa5184c633944ac2859f10c9,extended,00AD,single,,,,"unlimited, promotional, guaranteed","un­limited, pr­omotional, gu­aranteed"
00830.079ed7d24f78024e023b82417a6fe2ca,00830__salted__extended__cp200B__single.079ed7d24f78024e023b82417a6fe2ca,extended,200B,single,,,,"earn, GUARANTEED, ORDERING","ea​rn, GU​ARANTEED, OR​DERING"
00830.079ed7d24f78024e023b82417a6fe2ca,00830__salted__extended__cp200C__single.079ed7d24f78024e023b82417a6fe2ca,extended,200C,single,,,,"earn, GUARANTEED, ORDERING","ea‌rn, GU‌ARANTEED, OR‌DERING"
00830.079ed7d24f78024e023b82417a6fe2ca,00830__salted__extended__cp200D__single.079ed7d24f78024e023b82417a6fe2ca,extended,200D,single,,,,"earn, GUARANTEED, ORDERING","ea‍rn, GU‍ARANTEED, OR‍DERING"
00830.079ed7d24f78024e023b82417a6fe2ca,00830__salted__extended__cp00AD__single.079ed7d24f78024e023b82417a6fe2ca,extended,00AD,single,,,,"earn, GUARANTEED, ORDERING","ea­rn, GU­ARANTEED, OR­DERING"
00831.630c53b642a54592bd4fb097ba4e88b0,00831__salted__extended__cp200B__single.630c53b642a54592bd4fb097ba4e88b0,extended,200B,single,,,,"Promotion, CLICK, receive","Pr​omotion, CL​ICK, re​ceive"
00831.630c53b642a54592bd4fb097ba4e88b0,00831__salted__extended__cp200C__single.630c53b642a54592bd4fb097ba4e88b0,extended,200C,single,,,,"Promotion, CLICK, receive","Pr‌omotion, CL‌ICK, re‌ceive"
00831.630c53b642a54592bd4fb097ba4e88b0,00831__salted__extended__cp200D__single.630c53b642a54592bd4fb097ba4e88b0,extended,200D,single,,,,"Promotion, CLICK, receive","Pr‍omotion, CL‍ICK, re‍ceive"
00831.630c53b642a54592bd4fb097ba4e88b0,00831__salted__extended__cp00AD__single.630c53b642a54592bd4fb097ba4e88b0,extended,00AD,single,,,,"Promotion, CLICK, receive","Pr­omotion, CL­ICK, re­ceive"
00836.2de57b8c930cb4970fbc646ed4c857e8,00836__salted__extended__cp200B__single.2de57b8c930cb4970fbc646ed4c857e8,extended,200B,single,,Viagra,Vi​agra,,
00836.2de57b8c930cb4970fbc646ed4c857e8,00836__salted__extended__cp200C__single.2de57b8c930cb4970fbc646ed4c857e8,extended,200C,single,,Viagra,Vi‌agra,,
00836.2de57b8c930cb4970fbc646ed4c857e8,00836__salted__extended__cp200D__single.2de57b8c930cb4970fbc646ed4c857e8,extended,200D,single,,Viagra,Vi‍agra,,
00836.2de57b8c930cb4970fbc646ed4c857e8,00836__salted__extended__cp00AD__single.2de57b8c930cb4970fbc646ed4c857e8,extended,00AD,single,,Viagra,Vi­agra,,
00838.a9f6a5bc71c83bd73764f3945b5b9074,00838__salted__extended__cp200B__single.a9f6a5bc71c83bd73764f3945b5b9074,extended,200B,single,,,,"Commissions, Fees, Commissions","Co​mmissions, Fe​es, Co​mmissions"
00838.a9f6a5bc71c83bd73764f3945b5b9074,00838__salted__extended__cp200C__single.a9f6a5bc71c83bd73764f3945b5b9074,extended,200C,single,,,,"Commissions, Fees, Commissions","Co‌mmissions, Fe‌es, Co‌mmissions"
00838.a9f6a5bc71c83bd73764f3945b5b9074,00838__salted__extended__cp200D__single.a9f6a5bc71c83bd73764f3945b5b9074,extended,200D,single,,,,"Commissions, Fees, Commissions","Co‍mmissions, Fe‍es, Co‍mmissions"
00838.a9f6a5bc71c83bd73764f3945b5b9074,00838__salted__extended__cp00AD__single.a9f6a5bc71c83bd73764f3945b5b9074,extended,00AD,single,,,,"Commissions, Fees, Commissions","Co­mmissions, Fe­es, Co­mmissions"
00840.819e7f38c3eced79f5e956fd95103957,00840__salted__extended__cp200B__single.819e7f38c3eced79f5e956fd95103957,extended,200B,single,,,,"assistance, confidentiality, Nigeria","as​sistance, co​nfidentiality, Ni​geria"
00840.819e7f38c3eced79f5e956fd95103957,00840__salted__extended__cp200C__single.819e7f38c3eced79f5e956fd95103957,extended,200C,single,,,,"assistance, confidentiality, Nigeria","as‌sistance, co‌nfidentiality, Ni‌geria"
00840.819e7f38c3eced79f5e956fd95103957,00840__salted__extended__cp200D__single.819e7f38c3eced79f5e956fd95103957,extended,200D,single,,,,"assistance, confidentiality, Nigeria","as‍sistance, co‍nfidentiality, Ni‍geria"
00840.819e7f38c3eced79f5e956fd95103957,00840__salted__extended__cp00AD__single.819e7f38c3eced79f5e956fd95103957,extended,00AD,single,,,,"assistance, confidentiality, Nigeria","as­sistance, co­nfidentiality, Ni­geria"
00841.1daced0eafff035e9fb8aa9f58e6bcce,00841__salted__extended__cp200B__single.1daced0eafff035e9fb8aa9f58e6bcce,extended,200B,single,,,,"MLM, receive, excite","ML​M, re​ceive, ex​cite"
00841.1daced0eafff035e9fb8aa9f58e6bcce,00841__salted__extended__cp200C__single.1daced0eafff035e9fb8aa9f58e6bcce,extended,200C,single,,,,"MLM, receive, excite","ML‌M, re‌ceive, ex‌cite"
00841.1daced0eafff035e9fb8aa9f58e6bcce,00841__salted__extended__cp200D__single.1daced0eafff035e9fb8aa9f58e6bcce,extended,200D,single,,,,"MLM, receive, excite","ML‍M, re‍ceive, ex‍cite"
00841.1daced0eafff035e9fb8aa9f58e6bcce,00841__salted__extended__cp00AD__single.1daced0eafff035e9fb8aa9f58e6bcce,extended,00AD,single,,,,"MLM, receive, excite","ML­M, re­ceive, ex­cite"
00842.bd26298437dec2f1d09fd757afbcb13f,00842__salted__extended__cp200B__single.bd26298437dec2f1d09fd757afbcb13f,extended,200B,single,,,,"Earn, receive, excite","Ea​rn, re​ceive, ex​cite"
00842.bd26298437dec2f1d09fd757afbcb13f,00842__salted__extended__cp200C__single.bd26298437dec2f1d09fd757afbcb13f,extended,200C,single,,,,"Earn, receive, excite","Ea‌rn, re‌ceive, ex‌cite"
00842.bd26298437dec2f1d09fd757afbcb13f,00842__salted__extended__cp200D__single.bd26298437dec2f1d09fd757afbcb13f,extended,200D,single,,,,"Earn, receive, excite","Ea‍rn, re‍ceive, ex‍cite"
00842.bd26298437dec2f1d09fd757afbcb13f,00842__salted__extended__cp00AD__single.bd26298437dec2f1d09fd757afbcb13f,extended,00AD,single,,,,"Earn, receive, excite","Ea­rn, re­ceive, ex­cite"
00843.92ef4b70e051724249f825731dfc456a,00843__salted__extended__cp200B__single.92ef4b70e051724249f825731dfc456a,extended,200B,single,,ADV,AD​V,"click, click","cl​ick, cl​ick"
00843.92ef4b70e051724249f825731dfc456a,00843__salted__extended__cp200C__single.92ef4b70e051724249f825731dfc456a,extended,200C,single,,ADV,AD‌V,"click, click","cl‌ick, cl‌ick"
00843.92ef4b70e051724249f825731dfc456a,00843__salted__extended__cp200D__single.92ef4b70e051724249f825731dfc456a,extended,200D,single,,ADV,AD‍V,"click, click","cl‍ick, cl‍ick"
00843.92ef4b70e051724249f825731dfc456a,00843__salted__extended__cp00AD__single.92ef4b70e051724249f825731dfc456a,extended,00AD,single,,ADV,AD­V,"click, click","cl­ick, cl­ick"
00845.50e08b3f38d440f61b858415e012a9bb,00845__salted__extended__cp200B__single.50e08b3f38d440f61b858415e012a9bb,extended,200B,single,,,,"receive, click, excite","re​ceive, cl​ick, ex​cite"
00845.50e08b3f38d440f61b858415e012a9bb,00845__salted__extended__cp200C__single.50e08b3f38d440f61b858415e012a9bb,extended,200C,single,,,,"receive, click, excite","re‌ceive, cl‌ick, ex‌cite"
00845.50e08b3f38d440f61b858415e012a9bb,00845__salted__extended__cp200D__single.50e08b3f38d440f61b858415e012a9bb,extended,200D,single,,,,"receive, click, excite","re‍ceive, cl‍ick, ex‍cite"
00845.50e08b3f38d440f61b858415e012a9bb,00845__salted__extended__cp00AD__single.50e08b3f38d440f61b858415e012a9bb,extended,00AD,single,,,,"receive, click, excite","re­ceive, cl­ick, ex­cite"
00847.66519123491302ba0e634d5c69644e3d,00847__salted__extended__cp200B__single.66519123491302ba0e634d5c69644e3d,extended,200B,single,,,,"receive, monthly, monthly","re​ceive, mo​nthly, mo​nthly"
00847.66519123491302ba0e634d5c69644e3d,00847__salted__extended__cp200C__single.66519123491302ba0e634d5c69644e3d,extended,200C,single,,,,"receive, monthly, monthly","re‌ceive, mo‌nthly, mo‌nthly"
00847.66519123491302ba0e634d5c69644e3d,00847__salted__extended__cp200D__single.66519123491302ba0e634d5c69644e3d,extended,200D,single,,,,"receive, monthly, monthly","re‍ceive, mo‍nthly, mo‍nthly"
00847.66519123491302ba0e634d5c69644e3d,00847__salted__extended__cp00AD__single.66519123491302ba0e634d5c69644e3d,extended,00AD,single,,,,"receive, monthly, monthly","re­ceive, mo­nthly, mo­nthly"
00854.67c918e6654e70a0ed955afdf1ad81ed,00854__salted__extended__cp200B__single.67c918e6654e70a0ed955afdf1ad81ed,extended,200B,single,,,,Click,Cl​ick
00854.67c918e6654e70a0ed955afdf1ad81ed,00854__salted__extended__cp200C__single.67c918e6654e70a0ed955afdf1ad81ed,extended,200C,single,,,,Click,Cl‌ick
00854.67c918e6654e70a0ed955afdf1ad81ed,00854__salted__extended__cp200D__single.67c918e6654e70a0ed955afdf1ad81ed,extended,200D,single,,,,Click,Cl‍ick
00854.67c918e6654e70a0ed955afdf1ad81ed,00854__salted__extended__cp00AD__single.67c918e6654e70a0ed955afdf1ad81ed,extended,00AD,single,,,,Click,Cl­ick
00855.0d1b1b55419a3c35f19b7c35ea9a46b7,00855__salted__extended__cp200B__single.0d1b1b55419a3c35f19b7c35ea9a46b7,extended,200B,single,,,,"receive, monthly, monthly","re​ceive, mo​nthly, mo​nthly"
00855.0d1b1b55419a3c35f19b7c35ea9a46b7,00855__salted__extended__cp200C__single.0d1b1b55419a3c35f19b7c35ea9a46b7,extended,200C,single,,,,"receive, monthly, monthly","re‌ceive, mo‌nthly, mo‌nthly"
00855.0d1b1b55419a3c35f19b7c35ea9a46b7,00855__salted__extended__cp200D__single.0d1b1b55419a3c35f19b7c35ea9a46b7,extended,200D,single,,,,"receive, monthly, monthly","re‍ceive, mo‍nthly, mo‍nthly"
00855.0d1b1b55419a3c35f19b7c35ea9a46b7,00855__salted__extended__cp00AD__single.0d1b1b55419a3c35f19b7c35ea9a46b7,extended,00AD,single,,,,"receive, monthly, monthly","re­ceive, mo­nthly, mo­nthly"
00858.86651f55da5fa60fa633876354e0aead,00858__salted__extended__cp200B__single.86651f55da5fa60fa633876354e0aead,extended,200B,single,,,,"advertisement, click, mailings","ad​vertisement, cl​ick, ma​ilings"
00858.86651f55da5fa60fa633876354e0aead,00858__salted__extended__cp200C__single.86651f55da5fa60fa633876354e0aead,extended,200C,single,,,,"advertisement, click, mailings","ad‌vertisement, cl‌ick, ma‌ilings"
00858.86651f55da5fa60fa633876354e0aead,00858__salted__extended__cp200D__single.86651f55da5fa60fa633876354e0aead,extended,200D,single,,,,"advertisement, click, mailings","ad‍vertisement, cl‍ick, ma‍ilings"
00858.86651f55da5fa60fa633876354e0aead,00858__salted__extended__cp00AD__single.86651f55da5fa60fa633876354e0aead,extended,00AD,single,,,,"advertisement, click, mailings","ad­vertisement, cl­ick, ma­ilings"
00859.9d4f4626b7bcd9d24e20667bf0f22b24,00859__salted__extended__cp200B__single.9d4f4626b7bcd9d24e20667bf0f22b24,extended,200B,single,,,,"Removal, advertisement, receive","Re​moval, ad​vertisement, re​ceive"
00859.9d4f4626b7bcd9d24e20667bf0f22b24,00859__salted__extended__cp200C__single.9d4f4626b7bcd9d24e20667bf0f22b24,extended,200C,single,,,,"Removal, advertisement, receive","Re‌moval, ad‌vertisement, re‌ceive"
00859.9d4f4626b7bcd9d24e20667bf0f22b24,00859__salted__extended__cp200D__single.9d4f4626b7bcd9d24e20667bf0f22b24,extended,200D,single,,,,"Removal, advertisement, receive","Re‍moval, ad‍vertisement, re‍ceive"
00859.9d4f4626b7bcd9d24e20667bf0f22b24,00859__salted__extended__cp00AD__single.9d4f4626b7bcd9d24e20667bf0f22b24,extended,00AD,single,,,,"Removal, advertisement, receive","Re­moval, ad­vertisement, re­ceive"
00861.e8b94fc9514d2d2cbb541b01e2dda726,00861__salted__extended__cp200B__single.e8b94fc9514d2d2cbb541b01e2dda726,extended,200B,single,,,,"promotion, Click, receive","pr​omotion, Cl​ick, re​ceive"
00861.e8b94fc9514d2d2cbb541b01e2dda726,00861__salted__extended__cp200C__single.e8b94fc9514d2d2cbb541b01e2dda726,extended,200C,single,,,,"promotion, Click, receive","pr‌omotion, Cl‌ick, re‌ceive"
00861.e8b94fc9514d2d2cbb541b01e2dda726,00861__salted__extended__cp200D__single.e8b94fc9514d2d2cbb541b01e2dda726,extended,200D,single,,,,"promotion, Click, receive","pr‍omotion, Cl‍ick, re‍ceive"
00861.e8b94fc9514d2d2cbb541b01e2dda726,00861__salted__extended__cp00AD__single.e8b94fc9514d2d2cbb541b01e2dda726,extended,00AD,single,,,,"promotion, Click, receive","pr­omotion, Cl­ick, re­ceive"
00863.21d7abedcd9baef5741247adc3b50717,00863__salted__extended__cp200B__single.21d7abedcd9baef5741247adc3b50717,extended,200B,single,,,,"receive, click, excite","re​ceive, cl​ick, ex​cite"
00863.21d7abedcd9baef5741247adc3b50717,00863__salted__extended__cp200C__single.21d7abedcd9baef5741247adc3b50717,extended,200C,single,,,,"receive, click, excite","re‌ceive, cl‌ick, ex‌cite"
00863.21d7abedcd9baef5741247adc3b50717,00863__salted__extended__cp200D__single.21d7abedcd9baef5741247adc3b50717,extended,200D,single,,,,"receive, click, excite","re‍ceive, cl‍ick, ex‍cite"
00863.21d7abedcd9baef5741247adc3b50717,00863__salted__extended__cp00AD__single.21d7abedcd9baef5741247adc3b50717,extended,00AD,single,,,,"receive, click, excite","re­ceive, cl­ick, ex­cite"
00864.26b74488b46463e16a5fa0f521786a48,00864__salted__extended__cp200B__single.26b74488b46463e16a5fa0f521786a48,extended,200B,single,,,,"promotion, Click, receive","pr​omotion, Cl​ick, re​ceive"
00864.26b74488b46463e16a5fa0f521786a48,00864__salted__extended__cp200C__single.26b74488b46463e16a5fa0f521786a48,extended,200C,single,,,,"promotion, Click, receive","pr‌omotion, Cl‌ick, re‌ceive"
00864.26b74488b46463e16a5fa0f521786a48,00864__salted__extended__cp200D__single.26b74488b46463e16a5fa0f521786a48,extended,200D,single,,,,"promotion, Click, receive","pr‍omotion, Cl‍ick, re‍ceive"
00864.26b74488b46463e16a5fa0f521786a48,00864__salted__extended__cp00AD__single.26b74488b46463e16a5fa0f521786a48,extended,00AD,single,,,,"promotion, Click, receive","pr­omotion, Cl­ick, re­ceive"
00865.5021e39ed3259477237997ff88595997,00865__salted__extended__cp200B__single.5021e39ed3259477237997ff88595997,extended,200B,single,,Mortgage,Mo​rtgage,,
00865.5021e39ed3259477237997ff88595997,00865__salted__extended__cp200C__single.5021e39ed3259477237997ff88595997,extended,200C,single,,Mortgage,Mo‌rtgage,,
00865.5021e39ed3259477237997ff88595997,00865__salted__extended__cp200D__single.5021e39ed3259477237997ff88595997,extended,200D,single,,Mortgage,Mo‍rtgage,,
00865.5021e39ed3259477237997ff88595997,00865__salted__extended__cp00AD__single.5021e39ed3259477237997ff88595997,extended,00AD,single,,Mortgage,Mo­rtgage,,
00871.48d32184662134852f20566c47c217f2,00871__salted__extended__cp200B__single.48d32184662134852f20566c47c217f2,extended,200B,single,,MORTGAGE,MO​RTGAGE,,
00871.48d32184662134852f20566c47c217f2,00871__salted__extended__cp200C__single.48d32184662134852f20566c47c217f2,extended,200C,single,,MORTGAGE,MO‌RTGAGE,,
00871.48d32184662134852f20566c47c217f2,00871__salted__extended__cp200D__single.48d32184662134852f20566c47c217f2,extended,200D,single,,MORTGAGE,MO‍RTGAGE,,
00871.48d32184662134852f20566c47c217f2,00871__salted__extended__cp00AD__single.48d32184662134852f20566c47c217f2,extended,00AD,single,,MORTGAGE,MO­RTGAGE,,
00873.9aafc086e6f619ccaaed6b3ddb68b013,00873__salted__extended__cp200B__single.9aafc086e6f619ccaaed6b3ddb68b013,extended,200B,single,,Herbal,He​rbal,,
00873.9aafc086e6f619ccaaed6b3ddb68b013,00873__salted__extended__cp200C__single.9aafc086e6f619ccaaed6b3ddb68b013,extended,200C,single,,Herbal,He‌rbal,,
00873.9aafc086e6f619ccaaed6b3ddb68b013,00873__salted__extended__cp200D__single.9aafc086e6f619ccaaed6b3ddb68b013,extended,200D,single,,Herbal,He‍rbal,,
00873.9aafc086e6f619ccaaed6b3ddb68b013,00873__salted__extended__cp00AD__single.9aafc086e6f619ccaaed6b3ddb68b013,extended,00AD,single,,Herbal,He­rbal,,
00874.5a8822c0bc7366b22f3c99c0e6dd058a,00874__salted__extended__cp200B__single.5a8822c0bc7366b22f3c99c0e6dd058a,extended,200B,single,,,,"Click, DeathToSpamDeathToSpamDeathToSpam, Sightings","Cl​ick, De​athToSpamDeathToSpamDeathToSpam, Si​ghtings"
00874.5a8822c0bc7366b22f3c99c0e6dd058a,00874__salted__extended__cp200C__single.5a8822c0bc7366b22f3c99c0e6dd058a,extended,200C,single,,,,"Click, DeathToSpamDeathToSpamDeathToSpam, Sightings","Cl‌ick, De‌athToSpamDeathToSpamDeathToSpam, Si‌ghtings"
00874.5a8822c0bc7366b22f3c99c0e6dd058a,00874__salted__extended__cp200D__single.5a8822c0bc7366b22f3c99c0e6dd058a,extended,200D,single,,,,"Click, DeathToSpamDeathToSpamDeathToSpam, Sightings","Cl‍ick, De‍athToSpamDeathToSpamDeathToSpam, Si‍ghtings"
00874.5a8822c0bc7366b22f3c99c0e6dd058a,00874__salted__extended__cp00AD__single.5a8822c0bc7366b22f3c99c0e6dd058a,extended,00AD,single,,,,"Click, DeathToSpamDeathToSpamDeathToSpam, Sightings","Cl­ick, De­athToSpamDeathToSpamDeathToSpam, Si­ghtings"
00875.535ae4621326594a8c9edbc33c06b408,00875__salted__extended__cp200B__single.535ae4621326594a8c9edbc33c06b408,extended,200B,single,,,,"lenders, loan, Loans","le​nders, lo​an, Lo​ans"
00875.535ae4621326594a8c9edbc33c06b408,00875__salted__extended__cp200C__single.535ae4621326594a8c9edbc33c06b408,extended,200C,single,,,,"lenders, loan, Loans","le‌nders, lo‌an, Lo‌ans"
00875.535ae4621326594a8c9edbc33c06b408,00875__salted__extended__cp200D__single.535ae4621326594a8c9edbc33c06b408,extended,200D,single,,,,"lenders, loan, Loans","le‍nders, lo‍an, Lo‍ans"
00875.535ae4621326594a8c9edbc33c06b408,00875__salted__extended__cp00AD__single.535ae4621326594a8c9edbc33c06b408,extended,00AD,single,,,,"lenders, loan, Loans","le­nders, lo­an, Lo­ans"
00879.ef1461ca38091f6d494c58d09b0627f0,00879__salted__extended__cp200B__single.ef1461ca38091f6d494c58d09b0627f0,extended,200B,single,,,,"communication, communication, communication","co​mmunication, co​mmunication, co​mmunication"
00879.ef1461ca38091f6d494c58d09b0627f0,00879__salted__extended__cp200C__single.ef1461ca38091f6d494c58d09b0627f0,extended,200C,single,,,,"communication, communication, communication","co‌mmunication, co‌mmunication, co‌mmunication"
00879.ef1461ca38091f6d494c58d09b0627f0,00879__salted__extended__cp200D__single.ef1461ca38091f6d494c58d09b0627f0,extended,200D,single,,,,"communication, communication, communication","co‍mmunication, co‍mmunication, co‍mmunication"
00879.ef1461ca38091f6d494c58d09b0627f0,00879__salted__extended__cp00AD__single.ef1461ca38091f6d494c58d09b0627f0,extended,00AD,single,,,,"communication, communication, communication","co­mmunication, co­mmunication, co­mmunication"
00881.ec61388b6f9f09b285950e2f11aec158,00881__salted__extended__cp200B__single.ec61388b6f9f09b285950e2f11aec158,extended,200B,single,,earn,ea​rn,"earning, DeathToSpamDeathToSpamDeathToSpam, Sightings","ea​rning, De​athToSpamDeathToSpamDeathToSpam, Si​ghtings"
00881.ec61388b6f9f09b285950e2f11aec158,00881__salted__extended__cp200C__single.ec61388b6f9f09b285950e2f11aec158,extended,200C,single,,earn,ea‌rn,"earning, DeathToSpamDeathToSpamDeathToSpam, Sightings","ea‌rning, De‌athToSpamDeathToSpamDeathToSpam, Si‌ghtings"
00881.ec61388b6f9f09b285950e2f11aec158,00881__salted__extended__cp200D__single.ec61388b6f9f09b285950e2f11aec158,extended,200D,single,,earn,ea‍rn,"earning, DeathToSpamDeathToSpamDeathToSpam, Sightings","ea‍rning, De‍athToSpamDeathToSpamDeathToSpam, Si‍ghtings"
00881.ec61388b6f9f09b285950e2f11aec158,00881__salted__extended__cp00AD__single.ec61388b6f9f09b285950e2f11aec158,extended,00AD,single,,earn,ea­rn,"earning, DeathToSpamDeathToSpamDeathToSpam, Sightings","ea­rning, De­athToSpamDeathToSpamDeathToSpam, Si­ghtings"
00882.28bbc4ccfb80f32d4fe7df3ab77afb41,00882__salted__extended__cp200B__single.28bbc4ccfb80f32d4fe7df3ab77afb41,extended,200B,single,,,,"communication, communication, communication","co​mmunication, co​mmunication, co​mmunication"
00882.28bbc4ccfb80f32d4fe7df3ab77afb41,00882__salted__extended__cp200C__single.28bbc4ccfb80f32d4fe7df3ab77afb41,extended,200C,single,,,,"communication, communication, communication","co‌mmunication, co‌mmunication, co‌mmunication"
00882.28bbc4ccfb80f32d4fe7df3ab77afb41,00882__salted__extended__cp200D__single.28bbc4ccfb80f32d4fe7df3ab77afb41,extended,200D,single,,,,"communication, communication, communication","co‍mmunication, co‍mmunication, co‍mmunication"
00882.28bbc4ccfb80f32d4fe7df3ab77afb41,00882__salted__extended__cp00AD__single.28bbc4ccfb80f32d4fe7df3ab77afb41,extended,00AD,single,,,,"communication, communication, communication","co­mmunication, co­mmunication, co­mmunication"
00883.a154f7c7619d620a00deb7da892ca4ce,00883__salted__extended__cp200B__single.a154f7c7619d620a00deb7da892ca4ce,extended,200B,single,,Adv,Ad​v,"Receive, Earn, GUARANTEED","Re​ceive, Ea​rn, GU​ARANTEED"
00883.a154f7c7619d620a00deb7da892ca4ce,00883__salted__extended__cp200C__single.a154f7c7619d620a00deb7da892ca4ce,extended,200C,single,,Adv,Ad‌v,"Receive, Earn, GUARANTEED","Re‌ceive, Ea‌rn, GU‌ARANTEED"
00883.a154f7c7619d620a00deb7da892ca4ce,00883__salted__extended__cp200D__single.a154f7c7619d620a00deb7da892ca4ce,extended,200D,single,,Adv,Ad‍v,"Receive, Earn, GUARANTEED","Re‍ceive, Ea‍rn, GU‍ARANTEED"
00883.a154f7c7619d620a00deb7da892ca4ce,00883__salted__extended__cp00AD__single.a154f7c7619d620a00deb7da892ca4ce,extended,00AD,single,,Adv,Ad­v,"Receive, Earn, GUARANTEED","Re­ceive, Ea­rn, GU­ARANTEED"
00884.2fef7c7ca7dc3fadaa84d7bbfddd6324,00884__salted__extended__cp200B__single.2fef7c7ca7dc3fadaa84d7bbfddd6324,extended,200B,single,,,,"Click, Click","Cl​ick, Cl​ick"
00884.2fef7c7ca7dc3fadaa84d7bbfddd6324,00884__salted__extended__cp200C__single.2fef7c7ca7dc3fadaa84d7bbfddd6324,extended,200C,single,,,,"Click, Click","Cl‌ick, Cl‌ick"
00884.2fef7c7ca7dc3fadaa84d7bbfddd6324,00884__salted__extended__cp200D__single.2fef7c7ca7dc3fadaa84d7bbfddd6324,extended,200D,single,,,,"Click, Click","Cl‍ick, Cl‍ick"
00884.2fef7c7ca7dc3fadaa84d7bbfddd6324,00884__salted__extended__cp00AD__single.2fef7c7ca7dc3fadaa84d7bbfddd6324,extended,00AD,single,,,,"Click, Click","Cl­ick, Cl­ick"
00885.6f8bc5aec58114e2d8ae91f3d1b464fc,00885__salted__extended__cp200B__single.6f8bc5aec58114e2d8ae91f3d1b464fc,extended,200B,single,,,,"monthly, click, click","mo​nthly, cl​ick, cl​ick"
00885.6f8bc5aec58114e2d8ae91f3d1b464fc,00885__salted__extended__cp200C__single.6f8bc5aec58114e2d8ae91f3d1b464fc,extended,200C,single,,,,"monthly, click, click","mo‌nthly, cl‌ick, cl‌ick"
00885.6f8bc5aec58114e2d8ae91f3d1b464fc,00885__salted__extended__cp200D__single.6f8bc5aec58114e2d8ae91f3d1b464fc,extended,200D,single,,,,"monthly, click, click","mo‍nthly, cl‍ick, cl‍ick"
00885.6f8bc5aec58114e2d8ae91f3d1b464fc,00885__salted__extended__cp00AD__single.6f8bc5aec58114e2d8ae91f3d1b464fc,extended,00AD,single,,,,"monthly, click, click","mo­nthly, cl­ick, cl­ick"
00886.9bd2063c3d984a66958a6195ffb97849,00886__salted__extended__cp200B__single.9bd2063c3d984a66958a6195ffb97849,extended,200B,single,,consultation,co​nsultation,"VIAGRA, VIAGRA, affiliate","VI​AGRA, VI​AGRA, af​filiate"
00886.9bd2063c3d984a66958a6195ffb97849,00886__salted__extended__cp200C__single.9bd2063c3d984a66958a6195ffb97849,extended,200C,single,,consultation,co‌nsultation,"VIAGRA, VIAGRA, affiliate","VI‌AGRA, VI‌AGRA, af‌filiate"
00886.9bd2063c3d984a66958a6195ffb97849,00886__salted__extended__cp200D__single.9bd2063c3d984a66958a6195ffb97849,extended,200D,single,,consultation,co‍nsultation,"VIAGRA, VIAGRA, affiliate","VI‍AGRA, VI‍AGRA, af‍filiate"
00886.9bd2063c3d984a66958a6195ffb97849,00886__salted__extended__cp00AD__single.9bd2063c3d984a66958a6195ffb97849,extended,00AD,single,,consultation,co­nsultation,"VIAGRA, VIAGRA, affiliate","VI­AGRA, VI­AGRA, af­filiate"
00887.7a8cc64a563c42af29184459e6c1a97f,00887__salted__extended__cp200B__single.7a8cc64a563c42af29184459e6c1a97f,extended,200B,single,,,,"Click, DeathToSpamDeathToSpamDeathToSpam, Sightings","Cl​ick, De​athToSpamDeathToSpamDeathToSpam, Si​ghtings"
00887.7a8cc64a563c42af29184459e6c1a97f,00887__salted__extended__cp200C__single.7a8cc64a563c42af29184459e6c1a97f,extended,200C,single,,,,"Click, DeathToSpamDeathToSpamDeathToSpam, Sightings","Cl‌ick, De‌athToSpamDeathToSpamDeathToSpam, Si‌ghtings"
00887.7a8cc64a563c42af29184459e6c1a97f,00887__salted__extended__cp200D__single.7a8cc64a563c42af29184459e6c1a97f,extended,200D,single,,,,"Click, DeathToSpamDeathToSpamDeathToSpam, Sightings","Cl‍ick, De‍athToSpamDeathToSpamDeathToSpam, Si‍ghtings"
00887.7a8cc64a563c42af29184459e6c1a97f,00887__salted__extended__cp00AD__single.7a8cc64a563c42af29184459e6c1a97f,extended,00AD,single,,,,"Click, DeathToSpamDeathToSpamDeathToSpam, Sightings","Cl­ick, De­athToSpamDeathToSpamDeathToSpam, Si­ghtings"
00889.272969152a8ce2d6ece155571e862683,00889__salted__extended__cp200B__single.272969152a8ce2d6ece155571e862683,extended,200B,single,,CARTRIDGES,CA​RTRIDGES,,
00889.272969152a8ce2d6ece155571e862683,00889__salted__extended__cp200C__single.272969152a8ce2d6ece155571e862683,extended,200C,single,,CARTRIDGES,CA‌RTRIDGES,,
00889.272969152a8ce2d6ece155571e862683,00889__salted__extended__cp200D__single.272969152a8ce2d6ece155571e862683,extended,200D,single,,CARTRIDGES,CA‍RTRIDGES,,
00889.272969152a8ce2d6ece155571e862683,00889__salted__extended__cp00AD__single.272969152a8ce2d6ece155571e862683,extended,00AD,single,,CARTRIDGES,CA­RTRIDGES,,
00890.3996b985f81cb29cba9dfda9844c47e2,00890__salted__extended__cp200B__single.3996b985f81cb29cba9dfda9844c47e2,extended,200B,single,,,,"Removal, advertisement, receive","Re​moval, ad​vertisement, re​ceive"
00890.3996b985f81cb29cba9dfda9844c47e2,00890__salted__extended__cp200C__single.3996b985f81cb29cba9dfda9844c47e2,extended,200C,single,,,,"Removal, advertisement, receive","Re‌moval, ad‌vertisement, re‌ceive"
00890.3996b985f81cb29cba9dfda9844c47e2,00890__salted__extended__cp200D__single.3996b985f81cb29cba9dfda9844c47e2,extended,200D,single,,,,"Removal, advertisement, receive","Re‍moval, ad‍vertisement, re‍ceive"
00890.3996b985f81cb29cba9dfda9844c47e2,00890__salted__extended__cp00AD__single.3996b985f81cb29cba9dfda9844c47e2,extended,00AD,single,,,,"Removal, advertisement, receive","Re­moval, ad­vertisement, re­ceive"
00891.730d12d96dcfa7812a51d12d9a3b6a1c,00891__salted__extended__cp200B__single.730d12d96dcfa7812a51d12d9a3b6a1c,extended,200B,single,,,,"receive, sincerely, apologize","re​ceive, si​ncerely, ap​ologize"
00891.730d12d96dcfa7812a51d12d9a3b6a1c,00891__salted__extended__cp200C__single.730d12d96dcfa7812a51d12d9a3b6a1c,extended,200C,single,,,,"receive, sincerely, apologize","re‌ceive, si‌ncerely, ap‌ologize"
00891.730d12d96dcfa7812a51d12d9a3b6a1c,00891__salted__extended__cp200D__single.730d12d96dcfa7812a51d12d9a3b6a1c,extended,200D,single,,,,"receive, sincerely, apologize","re‍ceive, si‍ncerely, ap‍ologize"
00891.730d12d96dcfa7812a51d12d9a3b6a1c,00891__salted__extended__cp00AD__single.730d12d96dcfa7812a51d12d9a3b6a1c,extended,00AD,single,,,,"receive, sincerely, apologize","re­ceive, si­ncerely, ap­ologize"
00892.98aff9f92339cedef0ce0b9bade2765f,00892__salted__extended__cp200B__single.98aff9f92339cedef0ce0b9bade2765f,extended,200B,single,,Herbal,He​rbal,,
00892.98aff9f92339cedef0ce0b9bade2765f,00892__salted__extended__cp200C__single.98aff9f92339cedef0ce0b9bade2765f,extended,200C,single,,Herbal,He‌rbal,,
00892.98aff9f92339cedef0ce0b9bade2765f,00892__salted__extended__cp200D__single.98aff9f92339cedef0ce0b9bade2765f,extended,200D,single,,Herbal,He‍rbal,,
00892.98aff9f92339cedef0ce0b9bade2765f,00892__salted__extended__cp00AD__single.98aff9f92339cedef0ce0b9bade2765f,extended,00AD,single,,Herbal,He­rbal,,
00893.89d5fc38f24e7e2241888c19ec260994,00893__salted__extended__cp200B__single.89d5fc38f24e7e2241888c19ec260994,extended,200B,single,,SYSTEMWORKS,SY​STEMWORKS,"SystemWorks, CLICK, receive","Sy​stemWorks, CL​ICK, re​ceive"
00893.89d5fc38f24e7e2241888c19ec260994,00893__salted__extended__cp200C__single.89d5fc38f24e7e2241888c19ec260994,extended,200C,single,,SYSTEMWORKS,SY‌STEMWORKS,"SystemWorks, CLICK, receive","Sy‌stemWorks, CL‌ICK, re‌ceive"
00893.89d5fc38f24e7e2241888c19ec260994,00893__salted__extended__cp200D__single.89d5fc38f24e7e2241888c19ec260994,extended,200D,single,,SYSTEMWORKS,SY‍STEMWORKS,"SystemWorks, CLICK, receive","Sy‍stemWorks, CL‍ICK, re‍ceive"
00893.89d5fc38f24e7e2241888c19ec260994,00893__salted__extended__cp00AD__single.89d5fc38f24e7e2241888c19ec260994,extended,00AD,single,,SYSTEMWORKS,SY­STEMWORKS,"SystemWorks, CLICK, receive","Sy­stemWorks, CL­ICK, re­ceive"
00894.f54f07418fc8e677fe0fe5ac60a251ab,00894__salted__extended__cp200B__single.f54f07418fc8e677fe0fe5ac60a251ab,extended,200B,single,,Secrets,Se​crets,"earn, secrets, receive","ea​rn, se​crets, re​ceive"
00894.f54f07418fc8e677fe0fe5ac60a251ab,00894__salted__extended__cp200C__single.f54f07418fc8e677fe0fe5ac60a251ab,extended,200C,single,,Secrets,Se‌crets,"earn, secrets, receive","ea‌rn, se‌crets, re‌ceive"
00894.f54f07418fc8e677fe0fe5ac60a251ab,00894__salted__extended__cp200D__single.f54f07418fc8e677fe0fe5ac60a251ab,extended,200D,single,,Secrets,Se‍crets,"earn, secrets, receive","ea‍rn, se‍crets, re‍ceive"
00894.f54f07418fc8e677fe0fe5ac60a251ab,00894__salted__extended__cp00AD__single.f54f07418fc8e677fe0fe5ac60a251ab,extended,00AD,single,,Secrets,Se­crets,"earn, secrets, receive","ea­rn, se­crets, re­ceive"
00895.d7895e10504f34149655062fe20d5174,00895__salted__extended__cp200B__single.d7895e10504f34149655062fe20d5174,extended,200B,single,,ASSISTANCE,AS​SISTANCE,"Lagos, Nigeria, ASSISTANCE","La​gos, Ni​geria, AS​SISTANCE"
00895.d7895e10504f34149655062fe20d5174,00895__salted__extended__cp200C__single.d7895e10504f34149655062fe20d5174,extended,200C,single,,ASSISTANCE,AS‌SISTANCE,"Lagos, Nigeria, ASSISTANCE","La‌gos, Ni‌geria, AS‌SISTANCE"
00895.d7895e10504f34149655062fe20d5174,00895__salted__extended__cp200D__single.d7895e10504f34149655062fe20d5174,extended,200D,single,,ASSISTANCE,AS‍SISTANCE,"Lagos, Nigeria, ASSISTANCE","La‍gos, Ni‍geria, AS‍SISTANCE"
00895.d7895e10504f34149655062fe20d5174,00895__salted__extended__cp00AD__single.d7895e10504f34149655062fe20d5174,extended,00AD,single,,ASSISTANCE,AS­SISTANCE,"Lagos, Nigeria, ASSISTANCE","La­gos, Ni­geria, AS­SISTANCE"
00896.c6f6a4e29a114b9d7d5751e4292520de,00896__salted__extended__cp200B__single.c6f6a4e29a114b9d7d5751e4292520de,extended,200B,single,,ASSISTANCE,AS​SISTANCE,"Lagos, Nigeria, ASSISTANCE","La​gos, Ni​geria, AS​SISTANCE"
00896.c6f6a4e29a114b9d7d5751e4292520de,00896__salted__extended__cp200C__single.c6f6a4e29a114b9d7d5751e4292520de,extended,200C,single,,ASSISTANCE,AS‌SISTANCE,"Lagos, Nigeria, ASSISTANCE","La‌gos, Ni‌geria, AS‌SISTANCE"
00896.c6f6a4e29a114b9d7d5751e4292520de,00896__salted__extended__cp200D__single.c6f6a4e29a114b9d7d5751e4292520de,extended,200D,single,,ASSISTANCE,AS‍SISTANCE,"Lagos, Nigeria, ASSISTANCE","La‍gos, Ni‍geria, AS‍SISTANCE"
00896.c6f6a4e29a114b9d7d5751e4292520de,00896__salted__extended__cp00AD__single.c6f6a4e29a114b9d7d5751e4292520de,extended,00AD,single,,ASSISTANCE,AS­SISTANCE,"Lagos, Nigeria, ASSISTANCE","La­gos, Ni­geria, AS­SISTANCE"
00897.b95ab214fa940540786f7bb4284b275d,00897__salted__extended__cp200B__single.b95ab214fa940540786f7bb4284b275d,extended,200B,single,,Herbal,He​rbal,,
00897.b95ab214fa940540786f7bb4284b275d,00897__salted__extended__cp200C__single.b95ab214fa940540786f7bb4284b275d,extended,200C,single,,Herbal,He‌rbal,,
00897.b95ab214fa940540786f7bb4284b275d,00897__salted__extended__cp200D__single.b95ab214fa940540786f7bb4284b275d,extended,200D,single,,Herbal,He‍rbal,,
00897.b95ab214fa940540786f7bb4284b275d,00897__salted__extended__cp00AD__single.b95ab214fa940540786f7bb4284b275d,extended,00AD,single,,Herbal,He­rbal,,
00898.8b3fe8deaa79f08133be78fc63e726c9,00898__salted__extended__cp200B__single.8b3fe8deaa79f08133be78fc63e726c9,extended,200B,single,,ASSISTANCE,AS​SISTANCE,"Lagos, Nigeria, ASSISTANCE","La​gos, Ni​geria, AS​SISTANCE"
00898.8b3fe8deaa79f08133be78fc63e726c9,00898__salted__extended__cp200C__single.8b3fe8deaa79f08133be78fc63e726c9,extended,200C,single,,ASSISTANCE,AS‌SISTANCE,"Lagos, Nigeria, ASSISTANCE","La‌gos, Ni‌geria, AS‌SISTANCE"
00898.8b3fe8deaa79f08133be78fc63e726c9,00898__salted__extended__cp200D__single.8b3fe8deaa79f08133be78fc63e726c9,extended,200D,single,,ASSISTANCE,AS‍SISTANCE,"Lagos, Nigeria, ASSISTANCE","La‍gos, Ni‍geria, AS‍SISTANCE"
00898.8b3fe8deaa79f08133be78fc63e726c9,00898__salted__extended__cp00AD__single.8b3fe8deaa79f08133be78fc63e726c9,extended,00AD,single,,ASSISTANCE,AS­SISTANCE,"Lagos, Nigeria, ASSISTANCE","La­gos, Ni­geria, AS­SISTANCE"
00899.957a4f3be27468470183f978db53c753,00899__salted__extended__cp200B__single.957a4f3be27468470183f978db53c753,extended,200B,single,,ASSISTANCE,AS​SISTANCE,"Lagos, Nigeria, ASSISTANCE","La​gos, Ni​geria, AS​SISTANCE"
00899.957a4f3be27468470183f978db53c753,00899__salted__extended__cp200C__single.957a4f3be27468470183f978db53c753,extended,200C,single,,ASSISTANCE,AS‌SISTANCE,"Lagos, Nigeria, ASSISTANCE","La‌gos, Ni‌geria, AS‌SISTANCE"
00899.957a4f3be27468470183f978db53c753,00899__salted__extended__cp200D__single.957a4f3be27468470183f978db53c753,extended,200D,single,,ASSISTANCE,AS‍SISTANCE,"Lagos, Nigeria, ASSISTANCE","La‍gos, Ni‍geria, AS‍SISTANCE"
00899.957a4f3be27468470183f978db53c753,00899__salted__extended__cp00AD__single.957a4f3be27468470183f978db53c753,extended,00AD,single,,ASSISTANCE,AS­SISTANCE,"Lagos, Nigeria, ASSISTANCE","La­gos, Ni­geria, AS­SISTANCE"
00901.95250e8c5c190d1b0320b9e6fe0f5a82,00901__salted__extended__cp200B__single.95250e8c5c190d1b0320b9e6fe0f5a82,extended,200B,single,,,,"Earn, receive, excite","Ea​rn, re​ceive, ex​cite"
00901.95250e8c5c190d1b0320b9e6fe0f5a82,00901__salted__extended__cp200C__single.95250e8c5c190d1b0320b9e6fe0f5a82,extended,200C,single,,,,"Earn, receive, excite","Ea‌rn, re‌ceive, ex‌cite"
00901.95250e8c5c190d1b0320b9e6fe0f5a82,00901__salted__extended__cp200D__single.95250e8c5c190d1b0320b9e6fe0f5a82,extended,200D,single,,,,"Earn, receive, excite","Ea‍rn, re‍ceive, ex‍cite"
00901.95250e8c5c190d1b0320b9e6fe0f5a82,00901__salted__extended__cp00AD__single.95250e8c5c190d1b0320b9e6fe0f5a82,extended,00AD,single,,,,"Earn, receive, excite","Ea­rn, re­ceive, ex­cite"
00902.5cf0d5b3c8c28418fd5aac308db88a47,00902__salted__extended__cp200B__single.5cf0d5b3c8c28418fd5aac308db88a47,extended,200B,single,,Hgh,Hg​h,"NBC, CBS, Oprah","NB​C, CB​S, Op​rah"
00902.5cf0d5b3c8c28418fd5aac308db88a47,00902__salted__extended__cp200C__single.5cf0d5b3c8c28418fd5aac308db88a47,extended,200C,single,,Hgh,Hg‌h,"NBC, CBS, Oprah","NB‌C, CB‌S, Op‌rah"
00902.5cf0d5b3c8c28418fd5aac308db88a47,00902__salted__extended__cp200D__single.5cf0d5b3c8c28418fd5aac308db88a47,extended,200D,single,,Hgh,Hg‍h,"NBC, CBS, Oprah","NB‍C, CB‍S, Op‍rah"
00902.5cf0d5b3c8c28418fd5aac308db88a47,00902__salted__extended__cp00AD__single.5cf0d5b3c8c28418fd5aac308db88a47,extended,00AD,single,,Hgh,Hg­h,"NBC, CBS, Oprah","NB­C, CB­S, Op­rah"
00903.1b151e48aafed20229a1880c1d558992,00903__salted__extended__cp200B__single.1b151e48aafed20229a1880c1d558992,extended,200B,single,,,,"Insurance, premium, annuity","In​surance, pr​emium, an​nuity"
00903.1b151e48aafed20229a1880c1d558992,00903__salted__extended__cp200C__single.1b151e48aafed20229a1880c1d558992,extended,200C,single,,,,"Insurance, premium, annuity","In‌surance, pr‌emium, an‌nuity"
00903.1b151e48aafed20229a1880c1d558992,00903__salted__extended__cp200D__single.1b151e48aafed20229a1880c1d558992,extended,200D,single,,,,"Insurance, premium, annuity","In‍surance, pr‍emium, an‍nuity"
00903.1b151e48aafed20229a1880c1d558992,00903__salted__extended__cp00AD__single.1b151e48aafed20229a1880c1d558992,extended,00AD,single,,,,"Insurance, premium, annuity","In­surance, pr­emium, an­nuity"
00907.74983d9d0d6ee3c681a48cf893f123b5,00907__salted__extended__cp200B__single.74983d9d0d6ee3c681a48cf893f123b5,extended,200B,single,,,,"Earn, earn, dare","Ea​rn, ea​rn, da​re"
00907.74983d9d0d6ee3c681a48cf893f123b5,00907__salted__extended__cp200C__single.74983d9d0d6ee3c681a48cf893f123b5,extended,200C,single,,,,"Earn, earn, dare","Ea‌rn, ea‌rn, da‌re"
00907.74983d9d0d6ee3c681a48cf893f123b5,00907__salted__extended__cp200D__single.74983d9d0d6ee3c681a48cf893f123b5,extended,200D,single,,,,"Earn, earn, dare","Ea‍rn, ea‍rn, da‍re"
00907.74983d9d0d6ee3c681a48cf893f123b5,00907__salted__extended__cp00AD__single.74983d9d0d6ee3c681a48cf893f123b5,extended,00AD,single,,,,"Earn, earn, dare","Ea­rn, ea­rn, da­re"
00908.718f913e615b66df1c33cfb0af8e8885,00908__salted__extended__cp200B__single.718f913e615b66df1c33cfb0af8e8885,extended,200B,single,,,,"mortgage, loan, loan","mo​rtgage, lo​an, lo​an"
00908.718f913e615b66df1c33cfb0af8e8885,00908__salted__extended__cp200C__single.718f913e615b66df1c33cfb0af8e8885,extended,200C,single,,,,"mortgage, loan, loan","mo‌rtgage, lo‌an, lo‌an"
00908.718f913e615b66df1c33cfb0af8e8885,00908__salted__extended__cp200D__single.718f913e615b66df1c33cfb0af8e8885,extended,200D,single,,,,"mortgage, loan, loan","mo‍rtgage, lo‍an, lo‍an"
00908.718f913e615b66df1c33cfb0af8e8885,00908__salted__extended__cp00AD__single.718f913e615b66df1c33cfb0af8e8885,extended,00AD,single,,,,"mortgage, loan, loan","mo­rtgage, lo­an, lo­an"
00914.b4f1e9f517f85e68f8326f3a1525ebc2,00914__salted__extended__cp200B__single.b4f1e9f517f85e68f8326f3a1525ebc2,extended,200B,single,,,,"click, click, click","cl​ick, cl​ick, cl​ick"
00914.b4f1e9f517f85e68f8326f3a1525ebc2,00914__salted__extended__cp200C__single.b4f1e9f517f85e68f8326f3a1525ebc2,extended,200C,single,,,,"click, click, click","cl‌ick, cl‌ick, cl‌ick"
00914.b4f1e9f517f85e68f8326f3a1525ebc2,00914__salted__extended__cp200D__single.b4f1e9f517f85e68f8326f3a1525ebc2,extended,200D,single,,,,"click, click, click","cl‍ick, cl‍ick, cl‍ick"
00914.b4f1e9f517f85e68f8326f3a1525ebc2,00914__salted__extended__cp00AD__single.b4f1e9f517f85e68f8326f3a1525ebc2,extended,00AD,single,,,,"click, click, click","cl­ick, cl­ick, cl­ick"
00916.018fdcfbee3a549dc675f169a1243e16,00916__salted__extended__cp200B__single.018fdcfbee3a549dc675f169a1243e16,extended,200B,single,,Commissions,Co​mmissions,"earn, earn, excite","ea​rn, ea​rn, ex​cite"
00916.018fdcfbee3a549dc675f169a1243e16,00916__salted__extended__cp200C__single.018fdcfbee3a549dc675f169a1243e16,extended,200C,single,,Commissions,Co‌mmissions,"earn, earn, excite","ea‌rn, ea‌rn, ex‌cite"
00916.018fdcfbee3a549dc675f169a1243e16,00916__salted__extended__cp200D__single.018fdcfbee3a549dc675f169a1243e16,extended,200D,single,,Commissions,Co‍mmissions,"earn, earn, excite","ea‍rn, ea‍rn, ex‍cite"
00916.018fdcfbee3a549dc675f169a1243e16,00916__salted__extended__cp00AD__single.018fdcfbee3a549dc675f169a1243e16,extended,00AD,single,,Commissions,Co­mmissions,"earn, earn, excite","ea­rn, ea­rn, ex­cite"
00918.5674181d00a5130b030a6621ccec0819,00918__salted__extended__cp200B__single.5674181d00a5130b030a6621ccec0819,extended,200B,single,,Insurance,In​surance,,
00918.5674181d00a5130b030a6621ccec0819,00918__salted__extended__cp200C__single.5674181d00a5130b030a6621ccec0819,extended,200C,single,,Insurance,In‌surance,,
00918.5674181d00a5130b030a6621ccec0819,00918__salted__extended__cp200D__single.5674181d00a5130b030a6621ccec0819,extended,200D,single,,Insurance,In‍surance,,
00918.5674181d00a5130b030a6621ccec0819,00918__salted__extended__cp00AD__single.5674181d00a5130b030a6621ccec0819,extended,00AD,single,,Insurance,In­surance,,
00919.0b677a6b8d8bff153989d1708850f985,00919__salted__extended__cp200B__single.0b677a6b8d8bff153989d1708850f985,extended,200B,single,,,,"LAGOS, NIGERIA, Nigeria","LA​GOS, NI​GERIA, Ni​geria"
00919.0b677a6b8d8bff153989d1708850f985,00919__salted__extended__cp200C__single.0b677a6b8d8bff153989d1708850f985,extended,200C,single,,,,"LAGOS, NIGERIA, Nigeria","LA‌GOS, NI‌GERIA, Ni‌geria"
00919.0b677a6b8d8bff153989d1708850f985,00919__salted__extended__cp200D__single.0b677a6b8d8bff153989d1708850f985,extended,200D,single,,,,"LAGOS, NIGERIA, Nigeria","LA‍GOS, NI‍GERIA, Ni‍geria"
00919.0b677a6b8d8bff153989d1708850f985,00919__salted__extended__cp00AD__single.0b677a6b8d8bff153989d1708850f985,extended,00AD,single,,,,"LAGOS, NIGERIA, Nigeria","LA­GOS, NI­GERIA, Ni­geria"
00922.06a743f9aa0c1d27703342dac65a308b,00922__salted__extended__cp200B__single.06a743f9aa0c1d27703342dac65a308b,extended,200B,single,,,,"Affordable, mailings, removal","Af​fordable, ma​ilings, re​moval"
00922.06a743f9aa0c1d27703342dac65a308b,00922__salted__extended__cp200C__single.06a743f9aa0c1d27703342dac65a308b,extended,200C,single,,,,"Affordable, mailings, removal","Af‌fordable, ma‌ilings, re‌moval"
00922.06a743f9aa0c1d27703342dac65a308b,00922__salted__extended__cp200D__single.06a743f9aa0c1d27703342dac65a308b,extended,200D,single,,,,"Affordable, mailings, removal","Af‍fordable, ma‍ilings, re‍moval"
00922.06a743f9aa0c1d27703342dac65a308b,00922__salted__extended__cp00AD__single.06a743f9aa0c1d27703342dac65a308b,extended,00AD,single,,,,"Affordable, mailings, removal","Af­fordable, ma­ilings, re­moval"
00925.6ba2770acb214c661a26e54b4d03c119,00925__salted__extended__cp200B__single.6ba2770acb214c661a26e54b4d03c119,extended,200B,single,,ADV,AD​V,"toll, Sincerely","to​ll, Si​ncerely"
00925.6ba2770acb214c661a26e54b4d03c119,00925__salted__extended__cp200C__single.6ba2770acb214c661a26e54b4d03c119,extended,200C,single,,ADV,AD‌V,"toll, Sincerely","to‌ll, Si‌ncerely"
00925.6ba2770acb214c661a26e54b4d03c119,00925__salted__extended__cp200D__single.6ba2770acb214c661a26e54b4d03c119,extended,200D,single,,ADV,AD‍V,"toll, Sincerely","to‍ll, Si‍ncerely"
00925.6ba2770acb214c661a26e54b4d03c119,00925__salted__extended__cp00AD__single.6ba2770acb214c661a26e54b4d03c119,extended,00AD,single,,ADV,AD­V,"toll, Sincerely","to­ll, Si­ncerely"
00936.1f06517cffff4360820ff6012b392b93,00936__salted__extended__cp200B__single.1f06517cffff4360820ff6012b392b93,extended,200B,single,,,,"Lagos, Nigeria, Sir","La​gos, Ni​geria, Si​r"
00936.1f06517cffff4360820ff6012b392b93,00936__salted__extended__cp200C__single.1f06517cffff4360820ff6012b392b93,extended,200C,single,,,,"Lagos, Nigeria, Sir","La‌gos, Ni‌geria, Si‌r"
00936.1f06517cffff4360820ff6012b392b93,00936__salted__extended__cp200D__single.1f06517cffff4360820ff6012b392b93,extended,200D,single,,,,"Lagos, Nigeria, Sir","La‍gos, Ni‍geria, Si‍r"
00936.1f06517cffff4360820ff6012b392b93,00936__salted__extended__cp00AD__single.1f06517cffff4360820ff6012b392b93,extended,00AD,single,,,,"Lagos, Nigeria, Sir","La­gos, Ni­geria, Si­r"
00937.ab1a356a481bf9a59d00fd39d309e33f,00937__salted__extended__cp200B__single.ab1a356a481bf9a59d00fd39d309e33f,extended,200B,single,,,,"Lagos, Nigeria, Sir","La​gos, Ni​geria, Si​r"
00937.ab1a356a481bf9a59d00fd39d309e33f,00937__salted__extended__cp200C__single.ab1a356a481bf9a59d00fd39d309e33f,extended,200C,single,,,,"Lagos, Nigeria, Sir","La‌gos, Ni‌geria, Si‌r"
00937.ab1a356a481bf9a59d00fd39d309e33f,00937__salted__extended__cp200D__single.ab1a356a481bf9a59d00fd39d309e33f,extended,200D,single,,,,"Lagos, Nigeria, Sir","La‍gos, Ni‍geria, Si‍r"
00937.ab1a356a481bf9a59d00fd39d309e33f,00937__salted__extended__cp00AD__single.ab1a356a481bf9a59d00fd39d309e33f,extended,00AD,single,,,,"Lagos, Nigeria, Sir","La­gos, Ni­geria, Si­r"
00938.cdac5333fc78f7128fd8f2905fe4b89b,00938__salted__extended__cp200B__single.cdac5333fc78f7128fd8f2905fe4b89b,extended,200B,single,,Qualified,Qu​alified,,
00938.cdac5333fc78f7128fd8f2905fe4b89b,00938__salted__extended__cp200C__single.cdac5333fc78f7128fd8f2905fe4b89b,extended,200C,single,,Qualified,Qu‌alified,,
00938.cdac5333fc78f7128fd8f2905fe4b89b,00938__salted__extended__cp200D__single.cdac5333fc78f7128fd8f2905fe4b89b,extended,200D,single,,Qualified,Qu‍alified,,
00938.cdac5333fc78f7128fd8f2905fe4b89b,00938__salted__extended__cp00AD__single.cdac5333fc78f7128fd8f2905fe4b89b,extended,00AD,single,,Qualified,Qu­alified,,
00939.8d335bc76836e51b449de9f6b38aa0f8,00939__salted__extended__cp200B__single.8d335bc76836e51b449de9f6b38aa0f8,extended,200B,single,,,,"receive, Click, promotion","re​ceive, Cl​ick, pr​omotion"
00939.8d335bc76836e51b449de9f6b38aa0f8,00939__salted__extended__cp200C__single.8d335bc76836e51b449de9f6b38aa0f8,extended,200C,single,,,,"receive, Click, promotion","re‌ceive, Cl‌ick, pr‌omotion"
00939.8d335bc76836e51b449de9f6b38aa0f8,00939__salted__extended__cp200D__single.8d335bc76836e51b449de9f6b38aa0f8,extended,200D,single,,,,"receive, Click, promotion","re‍ceive, Cl‍ick, pr‍omotion"
00939.8d335bc76836e51b449de9f6b38aa0f8,00939__salted__extended__cp00AD__single.8d335bc76836e51b449de9f6b38aa0f8,extended,00AD,single,,,,"receive, Click, promotion","re­ceive, Cl­ick, pr­omotion"
00940.33bee147237876bc1f28b1bf21b586a0,00940__salted__extended__cp200B__single.33bee147237876bc1f28b1bf21b586a0,extended,200B,single,,Assistance,As​sistance,"Sir, Nigeria, assistance","Si​r, Ni​geria, as​sistance"
00940.33bee147237876bc1f28b1bf21b586a0,00940__salted__extended__cp200C__single.33bee147237876bc1f28b1bf21b586a0,extended,200C,single,,Assistance,As‌sistance,"Sir, Nigeria, assistance","Si‌r, Ni‌geria, as‌sistance"
00940.33bee147237876bc1f28b1bf21b586a0,00940__salted__extended__cp200D__single.33bee147237876bc1f28b1bf21b586a0,extended,200D,single,,Assistance,As‍sistance,"Sir, Nigeria, assistance","Si‍r, Ni‍geria, as‍sistance"
00940.33bee147237876bc1f28b1bf21b586a0,00940__salted__extended__cp00AD__single.33bee147237876bc1f28b1bf21b586a0,extended,00AD,single,,Assistance,As­sistance,"Sir, Nigeria, assistance","Si­r, Ni­geria, as­sistance"
00941.3ad67a2e6c3bc19d2187dd5a98e05c9d,00941__salted__extended__cp200B__single.3ad67a2e6c3bc19d2187dd5a98e05c9d,extended,200B,single,,,,"Monthly, receive, Buyers","Mo​nthly, re​ceive, Bu​yers"
00941.3ad67a2e6c3bc19d2187dd5a98e05c9d,00941__salted__extended__cp200C__single.3ad67a2e6c3bc19d2187dd5a98e05c9d,extended,200C,single,,,,"Monthly, receive, Buyers","Mo‌nthly, re‌ceive, Bu‌yers"
00941.3ad67a2e6c3bc19d2187dd5a98e05c9d,00941__salted__extended__cp200D__single.3ad67a2e6c3bc19d2187dd5a98e05c9d,extended,200D,single,,,,"Monthly, receive, Buyers","Mo‍nthly, re‍ceive, Bu‍yers"
00941.3ad67a2e6c3bc19d2187dd5a98e05c9d,00941__salted__extended__cp00AD__single.3ad67a2e6c3bc19d2187dd5a98e05c9d,extended,00AD,single,,,,"Monthly, receive, Buyers","Mo­nthly, re­ceive, Bu­yers"
00946.b2d8cc12ec881dc3ad32998e292ad772,00946__salted__extended__cp200B__single.b2d8cc12ec881dc3ad32998e292ad772,extended,200B,single,,EARN,EA​RN,"click, DeathToSpamDeathToSpamDeathToSpam, Sightings","cl​ick, De​athToSpamDeathToSpamDeathToSpam, Si​ghtings"
00946.b2d8cc12ec881dc3ad32998e292ad772,00946__salted__extended__cp200C__single.b2d8cc12ec881dc3ad32998e292ad772,extended,200C,single,,EARN,EA‌RN,"click, DeathToSpamDeathToSpamDeathToSpam, Sightings","cl‌ick, De‌athToSpamDeathToSpamDeathToSpam, Si‌ghtings"
00946.b2d8cc12ec881dc3ad32998e292ad772,00946__salted__extended__cp200D__single.b2d8cc12ec881dc3ad32998e292ad772,extended,200D,single,,EARN,EA‍RN,"click, DeathToSpamDeathToSpamDeathToSpam, Sightings","cl‍ick, De‍athToSpamDeathToSpamDeathToSpam, Si‍ghtings"
00946.b2d8cc12ec881dc3ad32998e292ad772,00946__salted__extended__cp00AD__single.b2d8cc12ec881dc3ad32998e292ad772,extended,00AD,single,,EARN,EA­RN,"click, DeathToSpamDeathToSpamDeathToSpam, Sightings","cl­ick, De­athToSpamDeathToSpamDeathToSpam, Si­ghtings"
00947.e4d80402e902f1ea42cfc539bb279afd,00947__salted__extended__cp200B__single.e4d80402e902f1ea42cfc539bb279afd,extended,200B,single,,inkjet,in​kjet,,
00947.e4d80402e902f1ea42cfc539bb279afd,00947__salted__extended__cp200C__single.e4d80402e902f1ea42cfc539bb279afd,extended,200C,single,,inkjet,in‌kjet,,
00947.e4d80402e902f1ea42cfc539bb279afd,00947__salted__extended__cp200D__single.e4d80402e902f1ea42cfc539bb279afd,extended,200D,single,,inkjet,in‍kjet,,
00947.e4d80402e902f1ea42cfc539bb279afd,00947__salted__extended__cp00AD__single.e4d80402e902f1ea42cfc539bb279afd,extended,00AD,single,,inkjet,in­kjet,,
00948.674250d39ae9ea6d1c054fd6f7b52cee,00948__salted__extended__cp200B__single.674250d39ae9ea6d1c054fd6f7b52cee,extended,200B,single,,,,incurred,in​curred
00948.674250d39ae9ea6d1c054fd6f7b52cee,00948__salted__extended__cp200C__single.674250d39ae9ea6d1c054fd6f7b52cee,extended,200C,single,,,,incurred,in‌curred
00948.674250d39ae9ea6d1c054fd6f7b52cee,00948__salted__extended__cp200D__single.674250d39ae9ea6d1c054fd6f7b52cee,extended,200D,single,,,,incurred,in‍curred
00948.674250d39ae9ea6d1c054fd6f7b52cee,00948__salted__extended__cp00AD__single.674250d39ae9ea6d1c054fd6f7b52cee,extended,00AD,single,,,,incurred,in­curred
00951.f7044a1b178dc3dcff44932f840b8805,00951__salted__extended__cp200B__single.f7044a1b178dc3dcff44932f840b8805,extended,200B,single,,,,"kindly, click, click","ki​ndly, cl​ick, cl​ick"
00951.f7044a1b178dc3dcff44932f840b8805,00951__salted__extended__cp200C__single.f7044a1b178dc3dcff44932f840b8805,extended,200C,single,,,,"kindly, click, click","ki‌ndly, cl‌ick, cl‌ick"
00951.f7044a1b178dc3dcff44932f840b8805,00951__salted__extended__cp200D__single.f7044a1b178dc3dcff44932f840b8805,extended,200D,single,,,,"kindly, click, click","ki‍ndly, cl‍ick, cl‍ick"
00951.f7044a1b178dc3dcff44932f840b8805,00951__salted__extended__cp00AD__single.f7044a1b178dc3dcff44932f840b8805,extended,00AD,single,,,,"kindly, click, click","ki­ndly, cl­ick, cl­ick"
00954.f92e3e1383d3882a4287fb8d6a1b1eb0,00954__salted__extended__cp200B__single.f92e3e1383d3882a4287fb8d6a1b1eb0,extended,200B,single,,,,"Nigeria, Lagos, Nigeria","Ni​geria, La​gos, Ni​geria"
00954.f92e3e1383d3882a4287fb8d6a1b1eb0,00954__salted__extended__cp200C__single.f92e3e1383d3882a4287fb8d6a1b1eb0,extended,200C,single,,,,"Nigeria, Lagos, Nigeria","Ni‌geria, La‌gos, Ni‌geria"
00954.f92e3e1383d3882a4287fb8d6a1b1eb0,00954__salted__extended__cp200D__single.f92e3e1383d3882a4287fb8d6a1b1eb0,extended,200D,single,,,,"Nigeria, Lagos, Nigeria","Ni‍geria, La‍gos, Ni‍geria"
00954.f92e3e1383d3882a4287fb8d6a1b1eb0,00954__salted__extended__cp00AD__single.f92e3e1383d3882a4287fb8d6a1b1eb0,extended,00AD,single,,,,"Nigeria, Lagos, Nigeria","Ni­geria, La­gos, Ni­geria"
00956.bd15831ffe9661a5395b8ec491a4fed2,00956__salted__extended__cp200B__single.bd15831ffe9661a5395b8ec491a4fed2,extended,200B,single,,Cartridges,Ca​rtridges,,
00956.bd15831ffe9661a5395b8ec491a4fed2,00956__salted__extended__cp200C__single.bd15831ffe9661a5395b8ec491a4fed2,extended,200C,single,,Cartridges,Ca‌rtridges,,
00956.bd15831ffe9661a5395b8ec491a4fed2,00956__salted__extended__cp200D__single.bd15831ffe9661a5395b8ec491a4fed2,extended,200D,single,,Cartridges,Ca‍rtridges,,
00956.bd15831ffe9661a5395b8ec491a4fed2,00956__salted__extended__cp00AD__single.bd15831ffe9661a5395b8ec491a4fed2,extended,00AD,single,,Cartridges,Ca­rtridges,,
00958.c624269d8005dce3d754defab3a3d691,00958__salted__extended__cp200B__single.c624269d8005dce3d754defab3a3d691,extended,200B,single,,inkjet,in​kjet,,
00958.c624269d8005dce3d754defab3a3d691,00958__salted__extended__cp200C__single.c624269d8005dce3d754defab3a3d691,extended,200C,single,,inkjet,in‌kjet,,
00958.c624269d8005dce3d754defab3a3d691,00958__salted__extended__cp200D__single.c624269d8005dce3d754defab3a3d691,extended,200D,single,,inkjet,in‍kjet,,
00958.c624269d8005dce3d754defab3a3d691,00958__salted__extended__cp00AD__single.c624269d8005dce3d754defab3a3d691,extended,00AD,single,,inkjet,in­kjet,,
00962.452e4bd0724bf1139c9bc4eb9ec0fe43,00962__salted__extended__cp200B__single.452e4bd0724bf1139c9bc4eb9ec0fe43,extended,200B,single,,inkjet,in​kjet,,
00962.452e4bd0724bf1139c9bc4eb9ec0fe43,00962__salted__extended__cp200C__single.452e4bd0724bf1139c9bc4eb9ec0fe43,extended,200C,single,,inkjet,in‌kjet,,
00962.452e4bd0724bf1139c9bc4eb9ec0fe43,00962__salted__extended__cp200D__single.452e4bd0724bf1139c9bc4eb9ec0fe43,extended,200D,single,,inkjet,in‍kjet,,
00962.452e4bd0724bf1139c9bc4eb9ec0fe43,00962__salted__extended__cp00AD__single.452e4bd0724bf1139c9bc4eb9ec0fe43,extended,00AD,single,,inkjet,in­kjet,,
00963.fa300a7faa192b0315a2b2122a97953d,00963__salted__extended__cp200B__single.fa300a7faa192b0315a2b2122a97953d,extended,200B,single,,Earn,Ea​rn,"Click, Removal, removal","Cl​ick, Re​moval, re​moval"
00963.fa300a7faa192b0315a2b2122a97953d,00963__salted__extended__cp200C__single.fa300a7faa192b0315a2b2122a97953d,extended,200C,single,,Earn,Ea‌rn,"Click, Removal, removal","Cl‌ick, Re‌moval, re‌moval"
00963.fa300a7faa192b0315a2b2122a97953d,00963__salted__extended__cp200D__single.fa300a7faa192b0315a2b2122a97953d,extended,200D,single,,Earn,Ea‍rn,"Click, Removal, removal","Cl‍ick, Re‍moval, re‍moval"
00963.fa300a7faa192b0315a2b2122a97953d,00963__salted__extended__cp00AD__single.fa300a7faa192b0315a2b2122a97953d,extended,00AD,single,,Earn,Ea­rn,"Click, Removal, removal","Cl­ick, Re­moval, re­moval"
00968.d86fe0eb3bc78b724306380b63f82073,00968__salted__extended__cp200B__single.d86fe0eb3bc78b724306380b63f82073,extended,200B,single,,,,"receive, Click, receive","re​ceive, Cl​ick, re​ceive"
00968.d86fe0eb3bc78b724306380b63f82073,00968__salted__extended__cp200C__single.d86fe0eb3bc78b724306380b63f82073,extended,200C,single,,,,"receive, Click, receive","re‌ceive, Cl‌ick, re‌ceive"
00968.d86fe0eb3bc78b724306380b63f82073,00968__salted__extended__cp200D__single.d86fe0eb3bc78b724306380b63f82073,extended,200D,single,,,,"receive, Click, receive","re‍ceive, Cl‍ick, re‍ceive"
00968.d86fe0eb3bc78b724306380b63f82073,00968__salted__extended__cp00AD__single.d86fe0eb3bc78b724306380b63f82073,extended,00AD,single,,,,"receive, Click, receive","re­ceive, Cl­ick, re­ceive"
00970.4166b8fab10bbf38aa782c311a70ee6b,00970__salted__extended__cp200B__single.4166b8fab10bbf38aa782c311a70ee6b,extended,200B,single,,,,"promotion, Click, receive","pr​omotion, Cl​ick, re​ceive"
00970.4166b8fab10bbf38aa782c311a70ee6b,00970__salted__extended__cp200C__single.4166b8fab10bbf38aa782c311a70ee6b,extended,200C,single,,,,"promotion, Click, receive","pr‌omotion, Cl‌ick, re‌ceive"
00970.4166b8fab10bbf38aa782c311a70ee6b,00970__salted__extended__cp200D__single.4166b8fab10bbf38aa782c311a70ee6b,extended,200D,single,,,,"promotion, Click, receive","pr‍omotion, Cl‍ick, re‍ceive"
00970.4166b8fab10bbf38aa782c311a70ee6b,00970__salted__extended__cp00AD__single.4166b8fab10bbf38aa782c311a70ee6b,extended,00AD,single,,,,"promotion, Click, receive","pr­omotion, Cl­ick, re­ceive"
00971.6d8acd89e1b2e699acc6a3443c6d2d6d,00971__salted__extended__cp200B__single.6d8acd89e1b2e699acc6a3443c6d2d6d,extended,200B,single,,,,"Guaranteed, Guaranteed, Annuity","Gu​aranteed, Gu​aranteed, An​nuity"
00971.6d8acd89e1b2e699acc6a3443c6d2d6d,00971__salted__extended__cp200C__single.6d8acd89e1b2e699acc6a3443c6d2d6d,extended,200C,single,,,,"Guaranteed, Guaranteed, Annuity","Gu‌aranteed, Gu‌aranteed, An‌nuity"
00971.6d8acd89e1b2e699acc6a3443c6d2d6d,00971__salted__extended__cp200D__single.6d8acd89e1b2e699acc6a3443c6d2d6d,extended,200D,single,,,,"Guaranteed, Guaranteed, Annuity","Gu‍aranteed, Gu‍aranteed, An‍nuity"
00971.6d8acd89e1b2e699acc6a3443c6d2d6d,00971__salted__extended__cp00AD__single.6d8acd89e1b2e699acc6a3443c6d2d6d,extended,00AD,single,,,,"Guaranteed, Guaranteed, Annuity","Gu­aranteed, Gu­aranteed, An­nuity"
00972.5290463cd76d76c7dc9e2d2fb88cb8d1,00972__salted__extended__cp200B__single.5290463cd76d76c7dc9e2d2fb88cb8d1,extended,200B,single,,MLM,ML​M,,
00972.5290463cd76d76c7dc9e2d2fb88cb8d1,00972__salted__extended__cp200C__single.5290463cd76d76c7dc9e2d2fb88cb8d1,extended,200C,single,,MLM,ML‌M,,
00972.5290463cd76d76c7dc9e2d2fb88cb8d1,00972__salted__extended__cp200D__single.5290463cd76d76c7dc9e2d2fb88cb8d1,extended,200D,single,,MLM,ML‍M,,
00972.5290463cd76d76c7dc9e2d2fb88cb8d1,00972__salted__extended__cp00AD__single.5290463cd76d76c7dc9e2d2fb88cb8d1,extended,00AD,single,,MLM,ML­M,,
00973.ca8a425093e9994271e922f4d60f775c,00973__salted__extended__cp200B__single.ca8a425093e9994271e922f4d60f775c,extended,200B,single,,,,"receive, DeathToSpamDeathToSpamDeathToSpam, Sightings","re​ceive, De​athToSpamDeathToSpamDeathToSpam, Si​ghtings"
00973.ca8a425093e9994271e922f4d60f775c,00973__salted__extended__cp200C__single.ca8a425093e9994271e922f4d60f775c,extended,200C,single,,,,"receive, DeathToSpamDeathToSpamDeathToSpam, Sightings","re‌ceive, De‌athToSpamDeathToSpamDeathToSpam, Si‌ghtings"
00973.ca8a425093e9994271e922f4d60f775c,00973__salted__extended__cp200D__single.ca8a425093e9994271e922f4d60f775c,extended,200D,single,,,,"receive, DeathToSpamDeathToSpamDeathToSpam, Sightings","re‍ceive, De‍athToSpamDeathToSpamDeathToSpam, Si‍ghtings"
00973.ca8a425093e9994271e922f4d60f775c,00973__salted__extended__cp00AD__single.ca8a425093e9994271e922f4d60f775c,extended,00AD,single,,,,"receive, DeathToSpamDeathToSpamDeathToSpam, Sightings","re­ceive, De­athToSpamDeathToSpamDeathToSpam, Si­ghtings"
00975.5e2e7c9d8b2c04929ff41e010163e5e8,00975__salted__extended__cp200B__single.5e2e7c9d8b2c04929ff41e010163e5e8,extended,200B,single,,,,"requesting, receive, affiliate","re​questing, re​ceive, af​filiate"
00975.5e2e7c9d8b2c04929ff41e010163e5e8,00975__salted__extended__cp200C__single.5e2e7c9d8b2c04929ff41e010163e5e8,extended,200C,single,,,,"requesting, receive, affiliate","re‌questing, re‌ceive, af‌filiate"
00975.5e2e7c9d8b2c04929ff41e010163e5e8,00975__salted__extended__cp200D__single.5e2e7c9d8b2c04929ff41e010163e5e8,extended,200D,single,,,,"requesting, receive, affiliate","re‍questing, re‍ceive, af‍filiate"
00975.5e2e7c9d8b2c04929ff41e010163e5e8,00975__salted__extended__cp00AD__single.5e2e7c9d8b2c04929ff41e010163e5e8,extended,00AD,single,,,,"requesting, receive, affiliate","re­questing, re­ceive, af­filiate"
00976.82ecfa404e2e597e113dc0278c5861c2,00976__salted__extended__cp200B__single.82ecfa404e2e597e113dc0278c5861c2,extended,200B,single,,HGH,HG​H,"NBC, CBS, Oprah","NB​C, CB​S, Op​rah"
00976.82ecfa404e2e597e113dc0278c5861c2,00976__salted__extended__cp200C__single.82ecfa404e2e597e113dc0278c5861c2,extended,200C,single,,HGH,HG‌H,"NBC, CBS, Oprah","NB‌C, CB‌S, Op‌rah"
00976.82ecfa404e2e597e113dc0278c5861c2,00976__salted__extended__cp200D__single.82ecfa404e2e597e113dc0278c5861c2,extended,200D,single,,HGH,HG‍H,"NBC, CBS, Oprah","NB‍C, CB‍S, Op‍rah"
00976.82ecfa404e2e597e113dc0278c5861c2,00976__salted__extended__cp00AD__single.82ecfa404e2e597e113dc0278c5861c2,extended,00AD,single,,HGH,HG­H,"NBC, CBS, Oprah","NB­C, CB­S, Op­rah"
00978.707d7b7ae170aebe3d5b0fd28c55114e,00978__salted__extended__cp200B__single.707d7b7ae170aebe3d5b0fd28c55114e,extended,200B,single,,Profitable,Pr​ofitable,"LAGOS, NIGERIA, SIR","LA​GOS, NI​GERIA, SI​R"
00978.707d7b7ae170aebe3d5b0fd28c55114e,00978__salted__extended__cp200C__single.707d7b7ae170aebe3d5b0fd28c55114e,extended,200C,single,,Profitable,Pr‌ofitable,"LAGOS, NIGERIA, SIR","LA‌GOS, NI‌GERIA, SI‌R"
00978.707d7b7ae170aebe3d5b0fd28c55114e,00978__salted__extended__cp200D__single.707d7b7ae170aebe3d5b0fd28c55114e,extended,200D,single,,Profitable,Pr‍ofitable,"LAGOS, NIGERIA, SIR","LA‍GOS, NI‍GERIA, SI‍R"
00978.707d7b7ae170aebe3d5b0fd28c55114e,00978__salted__extended__cp00AD__single.707d7b7ae170aebe3d5b0fd28c55114e,extended,00AD,single,,Profitable,Pr­ofitable,"LAGOS, NIGERIA, SIR","LA­GOS, NI­GERIA, SI­R"
00979.1ddb1d789492c2b6d6a5f1257d927088,00979__salted__extended__cp200B__single.1ddb1d789492c2b6d6a5f1257d927088,extended,200B,single,,Profitable,Pr​ofitable,,
00979.1ddb1d789492c2b6d6a5f1257d927088,00979__salted__extended__cp200C__single.1ddb1d789492c2b6d6a5f1257d927088,extended,200C,single,,Profitable,Pr‌ofitable,,
00979.1ddb1d789492c2b6d6a5f1257d927088,00979__salted__extended__cp200D__single.1ddb1d789492c2b6d6a5f1257d927088,extended,200D,single,,Profitable,Pr‍ofitable,,
00979.1ddb1d789492c2b6d6a5f1257d927088,00979__salted__extended__cp00AD__single.1ddb1d789492c2b6d6a5f1257d927088,extended,00AD,single,,Profitable,Pr­ofitable,,
00984.9521bd4c46b37f795efb665266cf5ab5,00984__salted__extended__cp200B__single.9521bd4c46b37f795efb665266cf5ab5,extended,200B,single,,Mortgage,Mo​rtgage,"Mortgage, Loan, Mortgage","Mo​rtgage, Lo​an, Mo​rtgage"
00984.9521bd4c46b37f795efb665266cf5ab5,00984__salted__extended__cp200C__single.9521bd4c46b37f795efb665266cf5ab5,extended,200C,single,,Mortgage,Mo‌rtgage,"Mortgage, Loan, Mortgage","Mo‌rtgage, Lo‌an, Mo‌rtgage"
00984.9521bd4c46b37f795efb665266cf5ab5,00984__salted__extended__cp200D__single.9521bd4c46b37f795efb665266cf5ab5,extended,200D,single,,Mortgage,Mo‍rtgage,"Mortgage, Loan, Mortgage","Mo‍rtgage, Lo‍an, Mo‍rtgage"
00984.9521bd4c46b37f795efb665266cf5ab5,00984__salted__extended__cp00AD__single.9521bd4c46b37f795efb665266cf5ab5,extended,00AD,single,,Mortgage,Mo­rtgage,"Mortgage, Loan, Mortgage","Mo­rtgage, Lo­an, Mo­rtgage"
00993.32d00ccd0a831830838667fed1371d5f,00993__salted__extended__cp200B__single.32d00ccd0a831830838667fed1371d5f,extended,200B,single,,,,"dare, MLM, MLM","da​re, ML​M, ML​M"
00993.32d00ccd0a831830838667fed1371d5f,00993__salted__extended__cp200C__single.32d00ccd0a831830838667fed1371d5f,extended,200C,single,,,,"dare, MLM, MLM","da‌re, ML‌M, ML‌M"
00993.32d00ccd0a831830838667fed1371d5f,00993__salted__extended__cp200D__single.32d00ccd0a831830838667fed1371d5f,extended,200D,single,,,,"dare, MLM, MLM","da‍re, ML‍M, ML‍M"
00993.32d00ccd0a831830838667fed1371d5f,00993__salted__extended__cp00AD__single.32d00ccd0a831830838667fed1371d5f,extended,00AD,single,,,,"dare, MLM, MLM","da­re, ML­M, ML­M"
00995.694aa424a2433d32b9e4997edeeed9b2,00995__salted__extended__cp200B__single.694aa424a2433d32b9e4997edeeed9b2,extended,200B,single,,,,"click, click, click","cl​ick, cl​ick, cl​ick"
00995.694aa424a2433d32b9e4997edeeed9b2,00995__salted__extended__cp200C__single.694aa424a2433d32b9e4997edeeed9b2,extended,200C,single,,,,"click, click, click","cl‌ick, cl‌ick, cl‌ick"
00995.694aa424a2433d32b9e4997edeeed9b2,00995__salted__extended__cp200D__single.694aa424a2433d32b9e4997edeeed9b2,extended,200D,single,,,,"click, click, click","cl‍ick, cl‍ick, cl‍ick"
00995.694aa424a2433d32b9e4997edeeed9b2,00995__salted__extended__cp00AD__single.694aa424a2433d32b9e4997edeeed9b2,extended,00AD,single,,,,"click, click, click","cl­ick, cl­ick, cl­ick"
00996.cf51353ead421aa3c419ad3d42eb9f7f,00996__salted__extended__cp200B__single.cf51353ead421aa3c419ad3d42eb9f7f,extended,200B,single,,,,"currency, currency, currency","cu​rrency, cu​rrency, cu​rrency"
00996.cf51353ead421aa3c419ad3d42eb9f7f,00996__salted__extended__cp200C__single.cf51353ead421aa3c419ad3d42eb9f7f,extended,200C,single,,,,"currency, currency, currency","cu‌rrency, cu‌rrency, cu‌rrency"
00996.cf51353ead421aa3c419ad3d42eb9f7f,00996__salted__extended__cp200D__single.cf51353ead421aa3c419ad3d42eb9f7f,extended,200D,single,,,,"currency, currency, currency","cu‍rrency, cu‍rrency, cu‍rrency"
00996.cf51353ead421aa3c419ad3d42eb9f7f,00996__salted__extended__cp00AD__single.cf51353ead421aa3c419ad3d42eb9f7f,extended,00AD,single,,,,"currency, currency, currency","cu­rrency, cu­rrency, cu­rrency"
00999.f46c3f4b40ebbd0cf2752066c9372ecc,00999__salted__extended__cp200B__single.f46c3f4b40ebbd0cf2752066c9372ecc,extended,200B,single,,MLM,ML​M,,
00999.f46c3f4b40ebbd0cf2752066c9372ecc,00999__salted__extended__cp200C__single.f46c3f4b40ebbd0cf2752066c9372ecc,extended,200C,single,,MLM,ML‌M,,
00999.f46c3f4b40ebbd0cf2752066c9372ecc,00999__salted__extended__cp200D__single.f46c3f4b40ebbd0cf2752066c9372ecc,extended,200D,single,,MLM,ML‍M,,
00999.f46c3f4b40ebbd0cf2752066c9372ecc,00999__salted__extended__cp00AD__single.f46c3f4b40ebbd0cf2752066c9372ecc,extended,00AD,single,,MLM,ML­M,,
01001.742869a142437dc82db21228edcaff32,01001__salted__extended__cp200B__single.742869a142437dc82db21228edcaff32,extended,200B,single,,Fees,Fe​es,"profitable, advertisement, click","pr​ofitable, ad​vertisement, cl​ick"
01001.742869a142437dc82db21228edcaff32,01001__salted__extended__cp200C__single.742869a142437dc82db21228edcaff32,extended,200C,single,,Fees,Fe‌es,"profitable, advertisement, click","pr‌ofitable, ad‌vertisement, cl‌ick"
01001.742869a142437dc82db21228edcaff32,01001__salted__extended__cp200D__single.742869a142437dc82db21228edcaff32,extended,200D,single,,Fees,Fe‍es,"profitable, advertisement, click","pr‍ofitable, ad‍vertisement, cl‍ick"
01001.742869a142437dc82db21228edcaff32,01001__salted__extended__cp00AD__single.742869a142437dc82db21228edcaff32,extended,00AD,single,,Fees,Fe­es,"profitable, advertisement, click","pr­ofitable, ad­vertisement, cl­ick"
01006.51548cae04a891d900aa5be21c121548,01006__salted__extended__cp200B__single.51548cae04a891d900aa5be21c121548,extended,200B,single,,,,"Presently, bills, bills","Pr​esently, bi​lls, bi​lls"
01006.51548cae04a891d900aa5be21c121548,01006__salted__extended__cp200C__single.51548cae04a891d900aa5be21c121548,extended,200C,single,,,,"Presently, bills, bills","Pr‌esently, bi‌lls, bi‌lls"
01006.51548cae04a891d900aa5be21c121548,01006__salted__extended__cp200D__single.51548cae04a891d900aa5be21c121548,extended,200D,single,,,,"Presently, bills, bills","Pr‍esently, bi‍lls, bi‍lls"
01006.51548cae04a891d900aa5be21c121548,01006__salted__extended__cp00AD__single.51548cae04a891d900aa5be21c121548,extended,00AD,single,,,,"Presently, bills, bills","Pr­esently, bi­lls, bi­lls"
01007.255b826a1098e8b7d603c7dcf79f3fba,01007__salted__extended__cp200B__single.255b826a1098e8b7d603c7dcf79f3fba,extended,200B,single,,,,"DeathToSpamDeathToSpamDeathToSpam, Sightings, Sightings","De​athToSpamDeathToSpamDeathToSpam, Si​ghtings, Si​ghtings"
01007.255b826a1098e8b7d603c7dcf79f3fba,01007__salted__extended__cp200C__single.255b826a1098e8b7d603c7dcf79f3fba,extended,200C,single,,,,"DeathToSpamDeathToSpamDeathToSpam, Sightings, Sightings","De‌athToSpamDeathToSpamDeathToSpam, Si‌ghtings, Si‌ghtings"
01007.255b826a1098e8b7d603c7dcf79f3fba,01007__salted__extended__cp200D__single.255b826a1098e8b7d603c7dcf79f3fba,extended,200D,single,,,,"DeathToSpamDeathToSpamDeathToSpam, Sightings, Sightings","De‍athToSpamDeathToSpamDeathToSpam, Si‍ghtings, Si‍ghtings"
01007.255b826a1098e8b7d603c7dcf79f3fba,01007__salted__extended__cp00AD__single.255b826a1098e8b7d603c7dcf79f3fba,extended,00AD,single,,,,"DeathToSpamDeathToSpamDeathToSpam, Sightings, Sightings","De­athToSpamDeathToSpamDeathToSpam, Si­ghtings, Si­ghtings"
01008.5e932696d8f33950af53eb9461a014a2,01008__salted__extended__cp200B__single.5e932696d8f33950af53eb9461a014a2,extended,200B,single,,,,"unlimited, promotional, guaranteed","un​limited, pr​omotional, gu​aranteed"
01008.5e932696d8f33950af53eb9461a014a2,01008__salted__extended__cp200C__single.5e932696d8f33950af53eb9461a014a2,extended,200C,single,,,,"unlimited, promotional, guaranteed","un‌limited, pr‌omotional, gu‌aranteed"
01008.5e932696d8f33950af53eb9461a014a2,01008__salted__extended__cp200D__single.5e932696d8f33950af53eb9461a014a2,extended,200D,single,,,,"unlimited, promotional, guaranteed","un‍limited, pr‍omotional, gu‍aranteed"
01008.5e932696d8f33950af53eb9461a014a2,01008__salted__extended__cp00AD__single.5e932696d8f33950af53eb9461a014a2,extended,00AD,single,,,,"unlimited, promotional, guaranteed","un­limited, pr­omotional, gu­aranteed"
01009.546dc7364ebc4365ba70ee9d9618ad8e,01009__salted__extended__cp200B__single.546dc7364ebc4365ba70ee9d9618ad8e,extended,200B,single,,HGH,HG​H,,
01009.546dc7364ebc4365ba70ee9d9618ad8e,01009__salted__extended__cp200C__single.546dc7364ebc4365ba70ee9d9618ad8e,extended,200C,single,,HGH,HG‌H,,
01009.546dc7364ebc4365ba70ee9d9618ad8e,01009__salted__extended__cp200D__single.546dc7364ebc4365ba70ee9d9618ad8e,extended,200D,single,,HGH,HG‍H,,
01009.546dc7364ebc4365ba70ee9d9618ad8e,01009__salted__extended__cp00AD__single.546dc7364ebc4365ba70ee9d9618ad8e,extended,00AD,single,,HGH,HG­H,,
01010.584ca28025d60d58521b4dd453125431,01010__salted__extended__cp200B__single.584ca28025d60d58521b4dd453125431,extended,200B,single,,,,"SIR, assistance, Nigeria","SI​R, as​sistance, Ni​geria"
01010.584ca28025d60d58521b4dd453125431,01010__salted__extended__cp200C__single.584ca28025d60d58521b4dd453125431,extended,200C,single,,,,"SIR, assistance, Nigeria","SI‌R, as‌sistance, Ni‌geria"
01010.584ca28025d60d58521b4dd453125431,01010__salted__extended__cp200D__single.584ca28025d60d58521b4dd453125431,extended,200D,single,,,,"SIR, assistance, Nigeria","SI‍R, as‍sistance, Ni‍geria"
01010.584ca28025d60d58521b4dd453125431,01010__salted__extended__cp00AD__single.584ca28025d60d58521b4dd453125431,extended,00AD,single,,,,"SIR, assistance, Nigeria","SI­R, as­sistance, Ni­geria"
01011.d4812088cad8553fb214dab8003add9b,01011__salted__extended__cp200B__single.d4812088cad8553fb214dab8003add9b,extended,200B,single,,,,"SIR, assistance, Nigeria","SI​R, as​sistance, Ni​geria"
01011.d4812088cad8553fb214dab8003add9b,01011__salted__extended__cp200C__single.d4812088cad8553fb214dab8003add9b,extended,200C,single,,,,"SIR, assistance, Nigeria","SI‌R, as‌sistance, Ni‌geria"
01011.d4812088cad8553fb214dab8003add9b,01011__salted__extended__cp200D__single.d4812088cad8553fb214dab8003add9b,extended,200D,single,,,,"SIR, assistance, Nigeria","SI‍R, as‍sistance, Ni‍geria"
01011.d4812088cad8553fb214dab8003add9b,01011__salted__extended__cp00AD__single.d4812088cad8553fb214dab8003add9b,extended,00AD,single,,,,"SIR, assistance, Nigeria","SI­R, as­sistance, Ni­geria"
01012.47b3508146cb115f6e00802d03c8df81,01012__salted__extended__cp200B__single.47b3508146cb115f6e00802d03c8df81,extended,200B,single,,Insurance,In​surance,,
01012.47b3508146cb115f6e00802d03c8df81,01012__salted__extended__cp200C__single.47b3508146cb115f6e00802d03c8df81,extended,200C,single,,Insurance,In‌surance,,
01012.47b3508146cb115f6e00802d03c8df81,01012__salted__extended__cp200D__single.47b3508146cb115f6e00802d03c8df81,extended,200D,single,,Insurance,In‍surance,,
01012.47b3508146cb115f6e00802d03c8df81,01012__salted__extended__cp00AD__single.47b3508146cb115f6e00802d03c8df81,extended,00AD,single,,Insurance,In­surance,,
01013.c6cf4f54eda63230389baccc02702034,01013__salted__extended__cp200B__single.c6cf4f54eda63230389baccc02702034,extended,200B,single,,affiliate,af​filiate,,
01013.c6cf4f54eda63230389baccc02702034,01013__salted__extended__cp200C__single.c6cf4f54eda63230389baccc02702034,extended,200C,single,,affiliate,af‌filiate,,
01013.c6cf4f54eda63230389baccc02702034,01013__salted__extended__cp200D__single.c6cf4f54eda63230389baccc02702034,extended,200D,single,,affiliate,af‍filiate,,
01013.c6cf4f54eda63230389baccc02702034,01013__salted__extended__cp00AD__single.c6cf4f54eda63230389baccc02702034,extended,00AD,single,,affiliate,af­filiate,,
01014.98c1d0a70f88efb979d9ca65e945363e,01014__salted__extended__cp200B__single.98c1d0a70f88efb979d9ca65e945363e,extended,200B,single,,,,mailings,ma​ilings
01014.98c1d0a70f88efb979d9ca65e945363e,01014__salted__extended__cp200C__single.98c1d0a70f88efb979d9ca65e945363e,extended,200C,single,,,,mailings,ma‌ilings
01014.98c1d0a70f88efb979d9ca65e945363e,01014__salted__extended__cp200D__single.98c1d0a70f88efb979d9ca65e945363e,extended,200D,single,,,,mailings,ma‍ilings
01014.98c1d0a70f88efb979d9ca65e945363e,01014__salted__extended__cp00AD__single.98c1d0a70f88efb979d9ca65e945363e,extended,00AD,single,,,,mailings,ma­ilings
01016.ac6ce255291deba2f46cdd8ddba3ea01,01016__salted__extended__cp200B__single.ac6ce255291deba2f46cdd8ddba3ea01,extended,200B,single,,cartridges,ca​rtridges,,
01016.ac6ce255291deba2f46cdd8ddba3ea01,01016__salted__extended__cp200C__single.ac6ce255291deba2f46cdd8ddba3ea01,extended,200C,single,,cartridges,ca‌rtridges,,
01016.ac6ce255291deba2f46cdd8ddba3ea01,01016__salted__extended__cp200D__single.ac6ce255291deba2f46cdd8ddba3ea01,extended,200D,single,,cartridges,ca‍rtridges,,
01016.ac6ce255291deba2f46cdd8ddba3ea01,01016__salted__extended__cp00AD__single.ac6ce255291deba2f46cdd8ddba3ea01,extended,00AD,single,,cartridges,ca­rtridges,,
01018.3954fb1ddf16896826a0c03270587195,01018__salted__extended__cp200B__single.3954fb1ddf16896826a0c03270587195,extended,200B,single,,,,"DeathToSpamDeathToSpamDeathToSpam, Sightings, Sightings","De​athToSpamDeathToSpamDeathToSpam, Si​ghtings, Si​ghtings"
01018.3954fb1ddf16896826a0c03270587195,01018__salted__extended__cp200C__single.3954fb1ddf16896826a0c03270587195,extended,200C,single,,,,"DeathToSpamDeathToSpamDeathToSpam, Sightings, Sightings","De‌athToSpamDeathToSpamDeathToSpam, Si‌ghtings, Si‌ghtings"
01018.3954fb1ddf16896826a0c03270587195,01018__salted__extended__cp200D__single.3954fb1ddf16896826a0c03270587195,extended,200D,single,,,,"DeathToSpamDeathToSpamDeathToSpam, Sightings, Sightings","De‍athToSpamDeathToSpamDeathToSpam, Si‍ghtings, Si‍ghtings"
01018.3954fb1ddf16896826a0c03270587195,01018__salted__extended__cp00AD__single.3954fb1ddf16896826a0c03270587195,extended,00AD,single,,,,"DeathToSpamDeathToSpamDeathToSpam, Sightings, Sightings","De­athToSpamDeathToSpamDeathToSpam, Si­ghtings, Si­ghtings"
01019.994b153571324a2adad60a129c65546a,01019__salted__extended__cp200B__single.994b153571324a2adad60a129c65546a,extended,200B,single,,Refinance,Re​finance,,
01019.994b153571324a2adad60a129c65546a,01019__salted__extended__cp200C__single.994b153571324a2adad60a129c65546a,extended,200C,single,,Refinance,Re‌finance,,
01019.994b153571324a2adad60a129c65546a,01019__salted__extended__cp200D__single.994b153571324a2adad60a129c65546a,extended,200D,single,,Refinance,Re‍finance,,
01019.994b153571324a2adad60a129c65546a,01019__salted__extended__cp00AD__single.994b153571324a2adad60a129c65546a,extended,00AD,single,,Refinance,Re­finance,,
01021.8e30e6b936bfbdc8528c50d4a3ca378c,01021__salted__extended__cp200B__single.8e30e6b936bfbdc8528c50d4a3ca378c,extended,200B,single,,,,"CLICK, receive, click","CL​ICK, re​ceive, cl​ick"
01021.8e30e6b936bfbdc8528c50d4a3ca378c,01021__salted__extended__cp200C__single.8e30e6b936bfbdc8528c50d4a3ca378c,extended,200C,single,,,,"CLICK, receive, click","CL‌ICK, re‌ceive, cl‌ick"
01021.8e30e6b936bfbdc8528c50d4a3ca378c,01021__salted__extended__cp200D__single.8e30e6b936bfbdc8528c50d4a3ca378c,extended,200D,single,,,,"CLICK, receive, click","CL‍ICK, re‍ceive, cl‍ick"
01021.8e30e6b936bfbdc8528c50d4a3ca378c,01021__salted__extended__cp00AD__single.8e30e6b936bfbdc8528c50d4a3ca378c,extended,00AD,single,,,,"CLICK, receive, click","CL­ICK, re­ceive, cl­ick"
01022.55c9eda45ef3de55b8c27c214a1fc305,01022__salted__extended__cp200B__single.55c9eda45ef3de55b8c27c214a1fc305,extended,200B,single,,,,receive,re​ceive
01022.55c9eda45ef3de55b8c27c214a1fc305,01022__salted__extended__cp200C__single.55c9eda45ef3de55b8c27c214a1fc305,extended,200C,single,,,,receive,re‌ceive
01022.55c9eda45ef3de55b8c27c214a1fc305,01022__salted__extended__cp200D__single.55c9eda45ef3de55b8c27c214a1fc305,extended,200D,single,,,,receive,re‍ceive
01022.55c9eda45ef3de55b8c27c214a1fc305,01022__salted__extended__cp00AD__single.55c9eda45ef3de55b8c27c214a1fc305,extended,00AD,single,,,,receive,re­ceive
01023.1f96236c94e92482c058e950ccd7a590,01023__salted__extended__cp200B__single.1f96236c94e92482c058e950ccd7a590,extended,200B,single,,,,"resell, GUARANTEED, GUARANTEED","re​sell, GU​ARANTEED, GU​ARANTEED"
01023.1f96236c94e92482c058e950ccd7a590,01023__salted__extended__cp200C__single.1f96236c94e92482c058e950ccd7a590,extended,200C,single,,,,"resell, GUARANTEED, GUARANTEED","re‌sell, GU‌ARANTEED, GU‌ARANTEED"
01023.1f96236c94e92482c058e950ccd7a590,01023__salted__extended__cp200D__single.1f96236c94e92482c058e950ccd7a590,extended,200D,single,,,,"resell, GUARANTEED, GUARANTEED","re‍sell, GU‍ARANTEED, GU‍ARANTEED"
01023.1f96236c94e92482c058e950ccd7a590,01023__salted__extended__cp00AD__single.1f96236c94e92482c058e950ccd7a590,extended,00AD,single,,,,"resell, GUARANTEED, GUARANTEED","re­sell, GU­ARANTEED, GU­ARANTEED"
01025.936514974d8ee8794cf80e3effea92c7,01025__salted__extended__cp200B__single.936514974d8ee8794cf80e3effea92c7,extended,200B,single,,,,"resell, GUARANTEED, GUARANTEED","re​sell, GU​ARANTEED, GU​ARANTEED"
01025.936514974d8ee8794cf80e3effea92c7,01025__salted__extended__cp200C__single.936514974d8ee8794cf80e3effea92c7,extended,200C,single,,,,"resell, GUARANTEED, GUARANTEED","re‌sell, GU‌ARANTEED, GU‌ARANTEED"
01025.936514974d8ee8794cf80e3effea92c7,01025__salted__extended__cp200D__single.936514974d8ee8794cf80e3effea92c7,extended,200D,single,,,,"resell, GUARANTEED, GUARANTEED","re‍sell, GU‍ARANTEED, GU‍ARANTEED"
01025.936514974d8ee8794cf80e3effea92c7,01025__salted__extended__cp00AD__single.936514974d8ee8794cf80e3effea92c7,extended,00AD,single,,,,"resell, GUARANTEED, GUARANTEED","re­sell, GU­ARANTEED, GU­ARANTEED"
01026.dffc6a0b029914be9fc6ef23570dad14,01026__salted__extended__cp200B__single.dffc6a0b029914be9fc6ef23570dad14,extended,200B,single,,Viagra,Vi​agra,,
01026.dffc6a0b029914be9fc6ef23570dad14,01026__salted__extended__cp200C__single.dffc6a0b029914be9fc6ef23570dad14,extended,200C,single,,Viagra,Vi‌agra,,
01026.dffc6a0b029914be9fc6ef23570dad14,01026__salted__extended__cp200D__single.dffc6a0b029914be9fc6ef23570dad14,extended,200D,single,,Viagra,Vi‍agra,,
01026.dffc6a0b029914be9fc6ef23570dad14,01026__salted__extended__cp00AD__single.dffc6a0b029914be9fc6ef23570dad14,extended,00AD,single,,Viagra,Vi­agra,,
01029.d08161f9c60d767804dd9b5148a82025,01029__salted__extended__cp200B__single.d08161f9c60d767804dd9b5148a82025,extended,200B,single,,,,"annuity, Premium, Premium","an​nuity, Pr​emium, Pr​emium"
01029.d08161f9c60d767804dd9b5148a82025,01029__salted__extended__cp200C__single.d08161f9c60d767804dd9b5148a82025,extended,200C,single,,,,"annuity, Premium, Premium","an‌nuity, Pr‌emium, Pr‌emium"
01029.d08161f9c60d767804dd9b5148a82025,01029__salted__extended__cp200D__single.d08161f9c60d767804dd9b5148a82025,extended,200D,single,,,,"annuity, Premium, Premium","an‍nuity, Pr‍emium, Pr‍emium"
01029.d08161f9c60d767804dd9b5148a82025,01029__salted__extended__cp00AD__single.d08161f9c60d767804dd9b5148a82025,extended,00AD,single,,,,"annuity, Premium, Premium","an­nuity, Pr­emium, Pr­emium"
01030.2f9d18088877f028b4ebcb3961e76354,01030__salted__extended__cp200B__single.2f9d18088877f028b4ebcb3961e76354,extended,200B,single,,Insurance,In​surance,,
01030.2f9d18088877f028b4ebcb3961e76354,01030__salted__extended__cp200C__single.2f9d18088877f028b4ebcb3961e76354,extended,200C,single,,Insurance,In‌surance,,
01030.2f9d18088877f028b4ebcb3961e76354,01030__salted__extended__cp200D__single.2f9d18088877f028b4ebcb3961e76354,extended,200D,single,,Insurance,In‍surance,,
01030.2f9d18088877f028b4ebcb3961e76354,01030__salted__extended__cp00AD__single.2f9d18088877f028b4ebcb3961e76354,extended,00AD,single,,Insurance,In­surance,,
01035.9fc118cfb7ee6b9d5fc08fa324f57827,01035__salted__extended__cp200B__single.9fc118cfb7ee6b9d5fc08fa324f57827,extended,200B,single,,,,"mortgage, loan, loan","mo​rtgage, lo​an, lo​an"
01035.9fc118cfb7ee6b9d5fc08fa324f57827,01035__salted__extended__cp200C__single.9fc118cfb7ee6b9d5fc08fa324f57827,extended,200C,single,,,,"mortgage, loan, loan","mo‌rtgage, lo‌an, lo‌an"
01035.9fc118cfb7ee6b9d5fc08fa324f57827,01035__salted__extended__cp200D__single.9fc118cfb7ee6b9d5fc08fa324f57827,extended,200D,single,,,,"mortgage, loan, loan","mo‍rtgage, lo‍an, lo‍an"
01035.9fc118cfb7ee6b9d5fc08fa324f57827,01035__salted__extended__cp00AD__single.9fc118cfb7ee6b9d5fc08fa324f57827,extended,00AD,single,,,,"mortgage, loan, loan","mo­rtgage, lo­an, lo­an"
01036.87c1f0b55cb48bd36c8863cf700cd485,01036__salted__extended__cp200B__single.87c1f0b55cb48bd36c8863cf700cd485,extended,200B,single,,,,Click,Cl​ick
01036.87c1f0b55cb48bd36c8863cf700cd485,01036__salted__extended__cp200C__single.87c1f0b55cb48bd36c8863cf700cd485,extended,200C,single,,,,Click,Cl‌ick
01036.87c1f0b55cb48bd36c8863cf700cd485,01036__salted__extended__cp200D__single.87c1f0b55cb48bd36c8863cf700cd485,extended,200D,single,,,,Click,Cl‍ick
01036.87c1f0b55cb48bd36c8863cf700cd485,01036__salted__extended__cp00AD__single.87c1f0b55cb48bd36c8863cf700cd485,extended,00AD,single,,,,Click,Cl­ick
01039.40b21f41dcf48f380729c22cd2a62122,01039__salted__extended__cp200B__single.40b21f41dcf48f380729c22cd2a62122,extended,200B,single,,MLM,ML​M,,
01039.40b21f41dcf48f380729c22cd2a62122,01039__salted__extended__cp200C__single.40b21f41dcf48f380729c22cd2a62122,extended,200C,single,,MLM,ML‌M,,
01039.40b21f41dcf48f380729c22cd2a62122,01039__salted__extended__cp200D__single.40b21f41dcf48f380729c22cd2a62122,extended,200D,single,,MLM,ML‍M,,
01039.40b21f41dcf48f380729c22cd2a62122,01039__salted__extended__cp00AD__single.40b21f41dcf48f380729c22cd2a62122,extended,00AD,single,,MLM,ML­M,,
01040.24856bbcaedd4d7b28eae47d8f89a62f,01040__salted__extended__cp200B__single.24856bbcaedd4d7b28eae47d8f89a62f,extended,200B,single,,HGH,HG​H,,
01040.24856bbcaedd4d7b28eae47d8f89a62f,01040__salted__extended__cp200C__single.24856bbcaedd4d7b28eae47d8f89a62f,extended,200C,single,,HGH,HG‌H,,
01040.24856bbcaedd4d7b28eae47d8f89a62f,01040__salted__extended__cp200D__single.24856bbcaedd4d7b28eae47d8f89a62f,extended,200D,single,,HGH,HG‍H,,
01040.24856bbcaedd4d7b28eae47d8f89a62f,01040__salted__extended__cp00AD__single.24856bbcaedd4d7b28eae47d8f89a62f,extended,00AD,single,,HGH,HG­H,,
01041.1ece6e061e80e648c8156d52decd0610,01041__salted__extended__cp200B__single.1ece6e061e80e648c8156d52decd0610,extended,200B,single,,,,"Sincerely, receive","Si​ncerely, re​ceive"
01041.1ece6e061e80e648c8156d52decd0610,01041__salted__extended__cp200C__single.1ece6e061e80e648c8156d52decd0610,extended,200C,single,,,,"Sincerely, receive","Si‌ncerely, re‌ceive"
01041.1ece6e061e80e648c8156d52decd0610,01041__salted__extended__cp200D__single.1ece6e061e80e648c8156d52decd0610,extended,200D,single,,,,"Sincerely, receive","Si‍ncerely, re‍ceive"
01041.1ece6e061e80e648c8156d52decd0610,01041__salted__extended__cp00AD__single.1ece6e061e80e648c8156d52decd0610,extended,00AD,single,,,,"Sincerely, receive","Si­ncerely, re­ceive"
01042.7b53680639a0b4ec9e333ce3046b6af4,01042__salted__extended__cp200B__single.7b53680639a0b4ec9e333ce3046b6af4,extended,200B,single,,Commissions,Co​mmissions,,
01042.7b53680639a0b4ec9e333ce3046b6af4,01042__salted__extended__cp200C__single.7b53680639a0b4ec9e333ce3046b6af4,extended,200C,single,,Commissions,Co‌mmissions,,
01042.7b53680639a0b4ec9e333ce3046b6af4,01042__salted__extended__cp200D__single.7b53680639a0b4ec9e333ce3046b6af4,extended,200D,single,,Commissions,Co‍mmissions,,
01042.7b53680639a0b4ec9e333ce3046b6af4,01042__salted__extended__cp00AD__single.7b53680639a0b4ec9e333ce3046b6af4,extended,00AD,single,,Commissions,Co­mmissions,,
01044.dfd13c2800168c897a2c7056f6e6e2ce,01044__salted__extended__cp200B__single.dfd13c2800168c897a2c7056f6e6e2ce,extended,200B,single,,,,"DeathToSpamDeathToSpamDeathToSpam, Sightings, Sightings","De​athToSpamDeathToSpamDeathToSpam, Si​ghtings, Si​ghtings"
01044.dfd13c2800168c897a2c7056f6e6e2ce,01044__salted__extended__cp200C__single.dfd13c2800168c897a2c7056f6e6e2ce,extended,200C,single,,,,"DeathToSpamDeathToSpamDeathToSpam, Sightings, Sightings","De‌athToSpamDeathToSpamDeathToSpam, Si‌ghtings, Si‌ghtings"
01044.dfd13c2800168c897a2c7056f6e6e2ce,01044__salted__extended__cp200D__single.dfd13c2800168c897a2c7056f6e6e2ce,extended,200D,single,,,,"DeathToSpamDeathToSpamDeathToSpam, Sightings, Sightings","De‍athToSpamDeathToSpamDeathToSpam, Si‍ghtings, Si‍ghtings"
01044.dfd13c2800168c897a2c7056f6e6e2ce,01044__salted__extended__cp00AD__single.dfd13c2800168c897a2c7056f6e6e2ce,extended,00AD,single,,,,"DeathToSpamDeathToSpamDeathToSpam, Sightings, Sightings","De­athToSpamDeathToSpamDeathToSpam, Si­ghtings, Si­ghtings"
01045.21a9ee890753696f026212b3d25f28e6,01045__salted__extended__cp200B__single.21a9ee890753696f026212b3d25f28e6,extended,200B,single,,,,"DeathToSpamDeathToSpamDeathToSpam, Sightings, Sightings","De​athToSpamDeathToSpamDeathToSpam, Si​ghtings, Si​ghtings"
01045.21a9ee890753696f026212b3d25f28e6,01045__salted__extended__cp200C__single.21a9ee890753696f026212b3d25f28e6,extended,200C,single,,,,"DeathToSpamDeathToSpamDeathToSpam, Sightings, Sightings","De‌athToSpamDeathToSpamDeathToSpam, Si‌ghtings, Si‌ghtings"
01045.21a9ee890753696f026212b3d25f28e6,01045__salted__extended__cp200D__single.21a9ee890753696f026212b3d25f28e6,extended,200D,single,,,,"DeathToSpamDeathToSpamDeathToSpam, Sightings, Sightings","De‍athToSpamDeathToSpamDeathToSpam, Si‍ghtings, Si‍ghtings"
01045.21a9ee890753696f026212b3d25f28e6,01045__salted__extended__cp00AD__single.21a9ee890753696f026212b3d25f28e6,extended,00AD,single,,,,"DeathToSpamDeathToSpamDeathToSpam, Sightings, Sightings","De­athToSpamDeathToSpamDeathToSpam, Si­ghtings, Si­ghtings"
01046.00df3a73895dd0f6a8f22434141257f6,01046__salted__extended__cp200B__single.00df3a73895dd0f6a8f22434141257f6,extended,200B,single,,,,"PROFITABLE, ASSISTANCE, RECEIVE","PR​OFITABLE, AS​SISTANCE, RE​CEIVE"
01046.00df3a73895dd0f6a8f22434141257f6,01046__salted__extended__cp200C__single.00df3a73895dd0f6a8f22434141257f6,extended,200C,single,,,,"PROFITABLE, ASSISTANCE, RECEIVE","PR‌OFITABLE, AS‌SISTANCE, RE‌CEIVE"
01046.00df3a73895dd0f6a8f22434141257f6,01046__salted__extended__cp200D__single.00df3a73895dd0f6a8f22434141257f6,extended,200D,single,,,,"PROFITABLE, ASSISTANCE, RECEIVE","PR‍OFITABLE, AS‍SISTANCE, RE‍CEIVE"
01046.00df3a73895dd0f6a8f22434141257f6,01046__salted__extended__cp00AD__single.00df3a73895dd0f6a8f22434141257f6,extended,00AD,single,,,,"PROFITABLE, ASSISTANCE, RECEIVE","PR­OFITABLE, AS­SISTANCE, RE­CEIVE"
01051.a87f28b7d023a840cb54ed7aa5f4e19b,01051__salted__extended__cp200B__single.a87f28b7d023a840cb54ed7aa5f4e19b,extended,200B,single,,,,"FEES, click, mailings","FE​ES, cl​ick, ma​ilings"
01051.a87f28b7d023a840cb54ed7aa5f4e19b,01051__salted__extended__cp200C__single.a87f28b7d023a840cb54ed7aa5f4e19b,extended,200C,single,,,,"FEES, click, mailings","FE‌ES, cl‌ick, ma‌ilings"
01051.a87f28b7d023a840cb54ed7aa5f4e19b,01051__salted__extended__cp200D__single.a87f28b7d023a840cb54ed7aa5f4e19b,extended,200D,single,,,,"FEES, click, mailings","FE‍ES, cl‍ick, ma‍ilings"
01051.a87f28b7d023a840cb54ed7aa5f4e19b,01051__salted__extended__cp00AD__single.a87f28b7d023a840cb54ed7aa5f4e19b,extended,00AD,single,,,,"FEES, click, mailings","FE­ES, cl­ick, ma­ilings"
01053.2ec9e69df620c85e3c7c6f61ce199a3c,01053__salted__extended__cp200B__single.2ec9e69df620c85e3c7c6f61ce199a3c,extended,200B,single,,Aging,Ag​ing,,
01053.2ec9e69df620c85e3c7c6f61ce199a3c,01053__salted__extended__cp200C__single.2ec9e69df620c85e3c7c6f61ce199a3c,extended,200C,single,,Aging,Ag‌ing,,
01053.2ec9e69df620c85e3c7c6f61ce199a3c,01053__salted__extended__cp200D__single.2ec9e69df620c85e3c7c6f61ce199a3c,extended,200D,single,,Aging,Ag‍ing,,
01053.2ec9e69df620c85e3c7c6f61ce199a3c,01053__salted__extended__cp00AD__single.2ec9e69df620c85e3c7c6f61ce199a3c,extended,00AD,single,,Aging,Ag­ing,,
01054.3b393992b2d9b3c2209719e6ac83da11,01054__salted__extended__cp200B__single.3b393992b2d9b3c2209719e6ac83da11,extended,200B,single,,cartridges,ca​rtridges,,
01054.3b393992b2d9b3c2209719e6ac83da11,01054__salted__extended__cp200C__single.3b393992b2d9b3c2209719e6ac83da11,extended,200C,single,,cartridges,ca‌rtridges,,
01054.3b393992b2d9b3c2209719e6ac83da11,01054__salted__extended__cp200D__single.3b393992b2d9b3c2209719e6ac83da11,extended,200D,single,,cartridges,ca‍rtridges,,
01054.3b393992b2d9b3c2209719e6ac83da11,01054__salted__extended__cp00AD__single.3b393992b2d9b3c2209719e6ac83da11,extended,00AD,single,,cartridges,ca­rtridges,,
01055.6235123a9b08a94a2262000419edd68a,01055__salted__extended__cp200B__single.6235123a9b08a94a2262000419edd68a,extended,200B,single,,,,"DeathToSpamDeathToSpamDeathToSpam, Sightings, Sightings","De​athToSpamDeathToSpamDeathToSpam, Si​ghtings, Si​ghtings"
01055.6235123a9b08a94a2262000419edd68a,01055__salted__extended__cp200C__single.6235123a9b08a94a2262000419edd68a,extended,200C,single,,,,"DeathToSpamDeathToSpamDeathToSpam, Sightings, Sightings","De‌athToSpamDeathToSpamDeathToSpam, Si‌ghtings, Si‌ghtings"
01055.6235123a9b08a94a2262000419edd68a,01055__salted__extended__cp200D__single.6235123a9b08a94a2262000419edd68a,extended,200D,single,,,,"DeathToSpamDeathToSpamDeathToSpam, Sightings, Sightings","De‍athToSpamDeathToSpamDeathToSpam, Si‍ghtings, Si‍ghtings"
01055.6235123a9b08a94a2262000419edd68a,01055__salted__extended__cp00AD__single.6235123a9b08a94a2262000419edd68a,extended,00AD,single,,,,"DeathToSpamDeathToSpamDeathToSpam, Sightings, Sightings","De­athToSpamDeathToSpamDeathToSpam, Si­ghtings, Si­ghtings"
01056.c7e5574c3a036313b160b31234e7d81e,01056__salted__extended__cp200B__single.c7e5574c3a036313b160b31234e7d81e,extended,200B,single,,,,"Click, Click, Click","Cl​ick, Cl​ick, Cl​ick"
01056.c7e5574c3a036313b160b31234e7d81e,01056__salted__extended__cp200C__single.c7e5574c3a036313b160b31234e7d81e,extended,200C,single,,,,"Click, Click, Click","Cl‌ick, Cl‌ick, Cl‌ick"
01056.c7e5574c3a036313b160b31234e7d81e,01056__salted__extended__cp200D__single.c7e5574c3a036313b160b31234e7d81e,extended,200D,single,,,,"Click, Click, Click","Cl‍ick, Cl‍ick, Cl‍ick"
01056.c7e5574c3a036313b160b31234e7d81e,01056__salted__extended__cp00AD__single.c7e5574c3a036313b160b31234e7d81e,extended,00AD,single,,,,"Click, Click, Click","Cl­ick, Cl­ick, Cl­ick"
01060.d72413ea3af9e1c5530a3570e0bb517e,01060__salted__extended__cp200B__single.d72413ea3af9e1c5530a3570e0bb517e,extended,200B,single,,,,"resell, GUARANTEED, GUARANTEED","re​sell, GU​ARANTEED, GU​ARANTEED"
01060.d72413ea3af9e1c5530a3570e0bb517e,01060__salted__extended__cp200C__single.d72413ea3af9e1c5530a3570e0bb517e,extended,200C,single,,,,"resell, GUARANTEED, GUARANTEED","re‌sell, GU‌ARANTEED, GU‌ARANTEED"
01060.d72413ea3af9e1c5530a3570e0bb517e,01060__salted__extended__cp200D__single.d72413ea3af9e1c5530a3570e0bb517e,extended,200D,single,,,,"resell, GUARANTEED, GUARANTEED","re‍sell, GU‍ARANTEED, GU‍ARANTEED"
01060.d72413ea3af9e1c5530a3570e0bb517e,01060__salted__extended__cp00AD__single.d72413ea3af9e1c5530a3570e0bb517e,extended,00AD,single,,,,"resell, GUARANTEED, GUARANTEED","re­sell, GU­ARANTEED, GU­ARANTEED"
01063.e0318e91412291f881f315287050abe4,01063__salted__extended__cp200B__single.e0318e91412291f881f315287050abe4,extended,200B,single,,,,Click,Cl​ick
01063.e0318e91412291f881f315287050abe4,01063__salted__extended__cp200C__single.e0318e91412291f881f315287050abe4,extended,200C,single,,,,Click,Cl‌ick
01063.e0318e91412291f881f315287050abe4,01063__salted__extended__cp200D__single.e0318e91412291f881f315287050abe4,extended,200D,single,,,,Click,Cl‍ick
01063.e0318e91412291f881f315287050abe4,01063__salted__extended__cp00AD__single.e0318e91412291f881f315287050abe4,extended,00AD,single,,,,Click,Cl­ick
01067.cbfadba14efd2125f98bf8ae03c68f68,01067__salted__extended__cp200B__single.cbfadba14efd2125f98bf8ae03c68f68,extended,200B,single,,inkjet,in​kjet,,
01067.cbfadba14efd2125f98bf8ae03c68f68,01067__salted__extended__cp200C__single.cbfadba14efd2125f98bf8ae03c68f68,extended,200C,single,,inkjet,in‌kjet,,
01067.cbfadba14efd2125f98bf8ae03c68f68,01067__salted__extended__cp200D__single.cbfadba14efd2125f98bf8ae03c68f68,extended,200D,single,,inkjet,in‍kjet,,
01067.cbfadba14efd2125f98bf8ae03c68f68,01067__salted__extended__cp00AD__single.cbfadba14efd2125f98bf8ae03c68f68,extended,00AD,single,,inkjet,in­kjet,,
01071.d9be48eb5a3359dd72dd7d0e9627fff3,01071__salted__extended__cp200B__single.d9be48eb5a3359dd72dd7d0e9627fff3,extended,200B,single,,VIAGRA,VI​AGRA,"Click, consultation, ordering","Cl​ick, co​nsultation, or​dering"
01071.d9be48eb5a3359dd72dd7d0e9627fff3,01071__salted__extended__cp200C__single.d9be48eb5a3359dd72dd7d0e9627fff3,extended,200C,single,,VIAGRA,VI‌AGRA,"Click, consultation, ordering","Cl‌ick, co‌nsultation, or‌dering"
01071.d9be48eb5a3359dd72dd7d0e9627fff3,01071__salted__extended__cp200D__single.d9be48eb5a3359dd72dd7d0e9627fff3,extended,200D,single,,VIAGRA,VI‍AGRA,"Click, consultation, ordering","Cl‍ick, co‍nsultation, or‍dering"
01071.d9be48eb5a3359dd72dd7d0e9627fff3,01071__salted__extended__cp00AD__single.d9be48eb5a3359dd72dd7d0e9627fff3,extended,00AD,single,,VIAGRA,VI­AGRA,"Click, consultation, ordering","Cl­ick, co­nsultation, or­dering"
01073.bfc8a301fd274efde213c0249d5a85b7,01073__salted__extended__cp200B__single.bfc8a301fd274efde213c0249d5a85b7,extended,200B,single,,,,"promotional, receive, Promotion","pr​omotional, re​ceive, Pr​omotion"
01073.bfc8a301fd274efde213c0249d5a85b7,01073__salted__extended__cp200C__single.bfc8a301fd274efde213c0249d5a85b7,extended,200C,single,,,,"promotional, receive, Promotion","pr‌omotional, re‌ceive, Pr‌omotion"
01073.bfc8a301fd274efde213c0249d5a85b7,01073__salted__extended__cp200D__single.bfc8a301fd274efde213c0249d5a85b7,extended,200D,single,,,,"promotional, receive, Promotion","pr‍omotional, re‍ceive, Pr‍omotion"
01073.bfc8a301fd274efde213c0249d5a85b7,01073__salted__extended__cp00AD__single.bfc8a301fd274efde213c0249d5a85b7,extended,00AD,single,,,,"promotional, receive, Promotion","pr­omotional, re­ceive, Pr­omotion"
01074.d22922a762aea4d5a5aa2615e144585a,01074__salted__extended__cp200B__single.d22922a762aea4d5a5aa2615e144585a,extended,200B,single,,,,receive,re​ceive
01074.d22922a762aea4d5a5aa2615e144585a,01074__salted__extended__cp200C__single.d22922a762aea4d5a5aa2615e144585a,extended,200C,single,,,,receive,re‌ceive
01074.d22922a762aea4d5a5aa2615e144585a,01074__salted__extended__cp200D__single.d22922a762aea4d5a5aa2615e144585a,extended,200D,single,,,,receive,re‍ceive
01074.d22922a762aea4d5a5aa2615e144585a,01074__salted__extended__cp00AD__single.d22922a762aea4d5a5aa2615e144585a,extended,00AD,single,,,,receive,re­ceive
01075.07ee7f1ab5ad6659c47baa5ef3691a80,01075__salted__extended__cp200B__single.07ee7f1ab5ad6659c47baa5ef3691a80,extended,200B,single,,,,"Removal, advertisement, receive","Re​moval, ad​vertisement, re​ceive"
01075.07ee7f1ab5ad6659c47baa5ef3691a80,01075__salted__extended__cp200C__single.07ee7f1ab5ad6659c47baa5ef3691a80,extended,200C,single,,,,"Removal, advertisement, receive","Re‌moval, ad‌vertisement, re‌ceive"
01075.07ee7f1ab5ad6659c47baa5ef3691a80,01075__salted__extended__cp200D__single.07ee7f1ab5ad6659c47baa5ef3691a80,extended,200D,single,,,,"Removal, advertisement, receive","Re‍moval, ad‍vertisement, re‍ceive"
01075.07ee7f1ab5ad6659c47baa5ef3691a80,01075__salted__extended__cp00AD__single.07ee7f1ab5ad6659c47baa5ef3691a80,extended,00AD,single,,,,"Removal, advertisement, receive","Re­moval, ad­vertisement, re­ceive"
01076.7f524e1d3f1523e22d754ce5d4a27ae6,01076__salted__extended__cp200B__single.7f524e1d3f1523e22d754ce5d4a27ae6,extended,200B,single,,,,Click,Cl​ick
01076.7f524e1d3f1523e22d754ce5d4a27ae6,01076__salted__extended__cp200C__single.7f524e1d3f1523e22d754ce5d4a27ae6,extended,200C,single,,,,Click,Cl‌ick
01076.7f524e1d3f1523e22d754ce5d4a27ae6,01076__salted__extended__cp200D__single.7f524e1d3f1523e22d754ce5d4a27ae6,extended,200D,single,,,,Click,Cl‍ick
01076.7f524e1d3f1523e22d754ce5d4a27ae6,01076__salted__extended__cp00AD__single.7f524e1d3f1523e22d754ce5d4a27ae6,extended,00AD,single,,,,Click,Cl­ick
01079.9eb95fd88f3d9d551f8c64359470ae7e,01079__salted__extended__cp200B__single.9eb95fd88f3d9d551f8c64359470ae7e,extended,200B,single,,inkjet,in​kjet,,
01079.9eb95fd88f3d9d551f8c64359470ae7e,01079__salted__extended__cp200C__single.9eb95fd88f3d9d551f8c64359470ae7e,extended,200C,single,,inkjet,in‌kjet,,
01079.9eb95fd88f3d9d551f8c64359470ae7e,01079__salted__extended__cp200D__single.9eb95fd88f3d9d551f8c64359470ae7e,extended,200D,single,,inkjet,in‍kjet,,
01079.9eb95fd88f3d9d551f8c64359470ae7e,01079__salted__extended__cp00AD__single.9eb95fd88f3d9d551f8c64359470ae7e,extended,00AD,single,,inkjet,in­kjet,,
01080.d8ed30c7817d6b4b3b6ce947f31cc8d4,01080__salted__extended__cp200B__single.d8ed30c7817d6b4b3b6ce947f31cc8d4,extended,200B,single,,,,Click,Cl​ick
01080.d8ed30c7817d6b4b3b6ce947f31cc8d4,01080__salted__extended__cp200C__single.d8ed30c7817d6b4b3b6ce947f31cc8d4,extended,200C,single,,,,Click,Cl‌ick
01080.d8ed30c7817d6b4b3b6ce947f31cc8d4,01080__salted__extended__cp200D__single.d8ed30c7817d6b4b3b6ce947f31cc8d4,extended,200D,single,,,,Click,Cl‍ick
01080.d8ed30c7817d6b4b3b6ce947f31cc8d4,01080__salted__extended__cp00AD__single.d8ed30c7817d6b4b3b6ce947f31cc8d4,extended,00AD,single,,,,Click,Cl­ick
01082.9f69cd26a420837850841e71d6147a57,01082__salted__extended__cp200B__single.9f69cd26a420837850841e71d6147a57,extended,200B,single,,,,Click,Cl​ick
01082.9f69cd26a420837850841e71d6147a57,01082__salted__extended__cp200C__single.9f69cd26a420837850841e71d6147a57,extended,200C,single,,,,Click,Cl‌ick
01082.9f69cd26a420837850841e71d6147a57,01082__salted__extended__cp200D__single.9f69cd26a420837850841e71d6147a57,extended,200D,single,,,,Click,Cl‍ick
01082.9f69cd26a420837850841e71d6147a57,01082__salted__extended__cp00AD__single.9f69cd26a420837850841e71d6147a57,extended,00AD,single,,,,Click,Cl­ick
01083.a6b3c50be5abf782b585995d2c11176b,01083__salted__extended__cp200B__single.a6b3c50be5abf782b585995d2c11176b,extended,200B,single,,,,"qualified, honesty, assist","qu​alified, ho​nesty, as​sist"
01083.a6b3c50be5abf782b585995d2c11176b,01083__salted__extended__cp200C__single.a6b3c50be5abf782b585995d2c11176b,extended,200C,single,,,,"qualified, honesty, assist","qu‌alified, ho‌nesty, as‌sist"
01083.a6b3c50be5abf782b585995d2c11176b,01083__salted__extended__cp200D__single.a6b3c50be5abf782b585995d2c11176b,extended,200D,single,,,,"qualified, honesty, assist","qu‍alified, ho‍nesty, as‍sist"
01083.a6b3c50be5abf782b585995d2c11176b,01083__salted__extended__cp00AD__single.a6b3c50be5abf782b585995d2c11176b,extended,00AD,single,,,,"qualified, honesty, assist","qu­alified, ho­nesty, as­sist"
01084.c0005822ea0294c6eb9143276b93eb41,01084__salted__extended__cp200B__single.c0005822ea0294c6eb9143276b93eb41,extended,200B,single,,,,"guaranteed, Guaranteed, Guaranteed","gu​aranteed, Gu​aranteed, Gu​aranteed"
01084.c0005822ea0294c6eb9143276b93eb41,01084__salted__extended__cp200C__single.c0005822ea0294c6eb9143276b93eb41,extended,200C,single,,,,"guaranteed, Guaranteed, Guaranteed","gu‌aranteed, Gu‌aranteed, Gu‌aranteed"
01084.c0005822ea0294c6eb9143276b93eb41,01084__salted__extended__cp200D__single.c0005822ea0294c6eb9143276b93eb41,extended,200D,single,,,,"guaranteed, Guaranteed, Guaranteed","gu‍aranteed, Gu‍aranteed, Gu‍aranteed"
01084.c0005822ea0294c6eb9143276b93eb41,01084__salted__extended__cp00AD__single.c0005822ea0294c6eb9143276b93eb41,extended,00AD,single,,,,"guaranteed, Guaranteed, Guaranteed","gu­aranteed, Gu­aranteed, Gu­aranteed"
01086.158c29f51d36d79ababf4377b5b3f1d2,01086__salted__extended__cp200B__single.158c29f51d36d79ababf4377b5b3f1d2,extended,200B,single,,,,"receive, receive, click","re​ceive, re​ceive, cl​ick"
01086.158c29f51d36d79ababf4377b5b3f1d2,01086__salted__extended__cp200C__single.158c29f51d36d79ababf4377b5b3f1d2,extended,200C,single,,,,"receive, receive, click","re‌ceive, re‌ceive, cl‌ick"
01086.158c29f51d36d79ababf4377b5b3f1d2,01086__salted__extended__cp200D__single.158c29f51d36d79ababf4377b5b3f1d2,extended,200D,single,,,,"receive, receive, click","re‍ceive, re‍ceive, cl‍ick"
01086.158c29f51d36d79ababf4377b5b3f1d2,01086__salted__extended__cp00AD__single.158c29f51d36d79ababf4377b5b3f1d2,extended,00AD,single,,,,"receive, receive, click","re­ceive, re­ceive, cl­ick"
01088.9e2ddb068a1c044b31f2285a9009f15d,01088__salted__extended__cp200B__single.9e2ddb068a1c044b31f2285a9009f15d,extended,200B,single,,Prescription,Pr​escription,,
01088.9e2ddb068a1c044b31f2285a9009f15d,01088__salted__extended__cp200C__single.9e2ddb068a1c044b31f2285a9009f15d,extended,200C,single,,Prescription,Pr‌escription,,
01088.9e2ddb068a1c044b31f2285a9009f15d,01088__salted__extended__cp200D__single.9e2ddb068a1c044b31f2285a9009f15d,extended,200D,single,,Prescription,Pr‍escription,,
01088.9e2ddb068a1c044b31f2285a9009f15d,01088__salted__extended__cp00AD__single.9e2ddb068a1c044b31f2285a9009f15d,extended,00AD,single,,Prescription,Pr­escription,,
01094.91779ec04e5e6b27e84297c28fc7369f,01094__salted__extended__cp200B__single.91779ec04e5e6b27e84297c28fc7369f,extended,200B,single,,,,"Guaranteed, testimonials, receive","Gu​aranteed, te​stimonials, re​ceive"
01094.91779ec04e5e6b27e84297c28fc7369f,01094__salted__extended__cp200C__single.91779ec04e5e6b27e84297c28fc7369f,extended,200C,single,,,,"Guaranteed, testimonials, receive","Gu‌aranteed, te‌stimonials, re‌ceive"
01094.91779ec04e5e6b27e84297c28fc7369f,01094__salted__extended__cp200D__single.91779ec04e5e6b27e84297c28fc7369f,extended,200D,single,,,,"Guaranteed, testimonials, receive","Gu‍aranteed, te‍stimonials, re‍ceive"
01094.91779ec04e5e6b27e84297c28fc7369f,01094__salted__extended__cp00AD__single.91779ec04e5e6b27e84297c28fc7369f,extended,00AD,single,,,,"Guaranteed, testimonials, receive","Gu­aranteed, te­stimonials, re­ceive"
01095.520dcad6e0ebb4d30222292f51ee76ab,01095__salted__extended__cp200B__single.520dcad6e0ebb4d30222292f51ee76ab,extended,200B,single,,,,"Guaranteed, testimonials, receive","Gu​aranteed, te​stimonials, re​ceive"
01095.520dcad6e0ebb4d30222292f51ee76ab,01095__salted__extended__cp200C__single.520dcad6e0ebb4d30222292f51ee76ab,extended,200C,single,,,,"Guaranteed, testimonials, receive","Gu‌aranteed, te‌stimonials, re‌ceive"
01095.520dcad6e0ebb4d30222292f51ee76ab,01095__salted__extended__cp200D__single.520dcad6e0ebb4d30222292f51ee76ab,extended,200D,single,,,,"Guaranteed, testimonials, receive","Gu‍aranteed, te‍stimonials, re‍ceive"
01095.520dcad6e0ebb4d30222292f51ee76ab,01095__salted__extended__cp00AD__single.520dcad6e0ebb4d30222292f51ee76ab,extended,00AD,single,,,,"Guaranteed, testimonials, receive","Gu­aranteed, te­stimonials, re­ceive"
01097.98d732b93866d13b0c13589ae2acc383,01097__salted__extended__cp200B__single.98d732b93866d13b0c13589ae2acc383,extended,200B,single,,,,apologize,ap​ologize
01097.98d732b93866d13b0c13589ae2acc383,01097__salted__extended__cp200C__single.98d732b93866d13b0c13589ae2acc383,extended,200C,single,,,,apologize,ap‌ologize
01097.98d732b93866d13b0c13589ae2acc383,01097__salted__extended__cp200D__single.98d732b93866d13b0c13589ae2acc383,extended,200D,single,,,,apologize,ap‍ologize
01097.98d732b93866d13b0c13589ae2acc383,01097__salted__extended__cp00AD__single.98d732b93866d13b0c13589ae2acc383,extended,00AD,single,,,,apologize,ap­ologize
01098.4ea844b47fbe9b09a9cb7bbdb96ed3dc,01098__salted__extended__cp200B__single.4ea844b47fbe9b09a9cb7bbdb96ed3dc,extended,200B,single,,CLICK,CL​ICK,,
01098.4ea844b47fbe9b09a9cb7bbdb96ed3dc,01098__salted__extended__cp200C__single.4ea844b47fbe9b09a9cb7bbdb96ed3dc,extended,200C,single,,CLICK,CL‌ICK,,
01098.4ea844b47fbe9b09a9cb7bbdb96ed3dc,01098__salted__extended__cp200D__single.4ea844b47fbe9b09a9cb7bbdb96ed3dc,extended,200D,single,,CLICK,CL‍ICK,,
01098.4ea844b47fbe9b09a9cb7bbdb96ed3dc,01098__salted__extended__cp00AD__single.4ea844b47fbe9b09a9cb7bbdb96ed3dc,extended,00AD,single,,CLICK,CL­ICK,,
01103.1ad34526adee0adab5a8cda98d3f2182,01103__salted__extended__cp200B__single.1ad34526adee0adab5a8cda98d3f2182,extended,200B,single,,Mortgage,Mo​rtgage,"lenders, Refinance, Mortgage","le​nders, Re​finance, Mo​rtgage"
01103.1ad34526adee0adab5a8cda98d3f2182,01103__salted__extended__cp200C__single.1ad34526adee0adab5a8cda98d3f2182,extended,200C,single,,Mortgage,Mo‌rtgage,"lenders, Refinance, Mortgage","le‌nders, Re‌finance, Mo‌rtgage"
01103.1ad34526adee0adab5a8cda98d3f2182,01103__salted__extended__cp200D__single.1ad34526adee0adab5a8cda98d3f2182,extended,200D,single,,Mortgage,Mo‍rtgage,"lenders, Refinance, Mortgage","le‍nders, Re‍finance, Mo‍rtgage"
01103.1ad34526adee0adab5a8cda98d3f2182,01103__salted__extended__cp00AD__single.1ad34526adee0adab5a8cda98d3f2182,extended,00AD,single,,Mortgage,Mo­rtgage,"lenders, Refinance, Mortgage","le­nders, Re­finance, Mo­rtgage"
01104.ec267abf01fe81c42dc90dfd16c930bc,01104__salted__extended__cp200B__single.ec267abf01fe81c42dc90dfd16c930bc,extended,200B,single,,,,"Sir, USD, USD","Si​r, US​D, US​D"
01104.ec267abf01fe81c42dc90dfd16c930bc,01104__salted__extended__cp200C__single.ec267abf01fe81c42dc90dfd16c930bc,extended,200C,single,,,,"Sir, USD, USD","Si‌r, US‌D, US‌D"
01104.ec267abf01fe81c42dc90dfd16c930bc,01104__salted__extended__cp200D__single.ec267abf01fe81c42dc90dfd16c930bc,extended,200D,single,,,,"Sir, USD, USD","Si‍r, US‍D, US‍D"
01104.ec267abf01fe81c42dc90dfd16c930bc,01104__salted__extended__cp00AD__single.ec267abf01fe81c42dc90dfd16c930bc,extended,00AD,single,,,,"Sir, USD, USD","Si­r, US­D, US­D"
01105.2582a4afba9b0b06bed5d48e3e8b29df,01105__salted__extended__cp200B__single.2582a4afba9b0b06bed5d48e3e8b29df,extended,200B,single,,,,"Sir, USD, USD","Si​r, US​D, US​D"
01105.2582a4afba9b0b06bed5d48e3e8b29df,01105__salted__extended__cp200C__single.2582a4afba9b0b06bed5d48e3e8b29df,extended,200C,single,,,,"Sir, USD, USD","Si‌r, US‌D, US‌D"
01105.2582a4afba9b0b06bed5d48e3e8b29df,01105__salted__extended__cp200D__single.2582a4afba9b0b06bed5d48e3e8b29df,extended,200D,single,,,,"Sir, USD, USD","Si‍r, US‍D, US‍D"
01105.2582a4afba9b0b06bed5d48e3e8b29df,01105__salted__extended__cp00AD__single.2582a4afba9b0b06bed5d48e3e8b29df,extended,00AD,single,,,,"Sir, USD, USD","Si­r, US­D, US­D"
01106.37f316c0f77e739cb5fe0e37aaea2046,01106__salted__extended__cp200B__single.37f316c0f77e739cb5fe0e37aaea2046,extended,200B,single,,,,"Sir, USD, USD","Si​r, US​D, US​D"
01106.37f316c0f77e739cb5fe0e37aaea2046,01106__salted__extended__cp200C__single.37f316c0f77e739cb5fe0e37aaea2046,extended,200C,single,,,,"Sir, USD, USD","Si‌r, US‌D, US‌D"
01106.37f316c0f77e739cb5fe0e37aaea2046,01106__salted__extended__cp200D__single.37f316c0f77e739cb5fe0e37aaea2046,extended,200D,single,,,,"Sir, USD, USD","Si‍r, US‍D, US‍D"
01106.37f316c0f77e739cb5fe0e37aaea2046,01106__salted__extended__cp00AD__single.37f316c0f77e739cb5fe0e37aaea2046,extended,00AD,single,,,,"Sir, USD, USD","Si­r, US­D, US­D"
01107.5b3ad5e88347b08967ec627b815f2fc3,01107__salted__extended__cp200B__single.5b3ad5e88347b08967ec627b815f2fc3,extended,200B,single,,,,"Sir, USD, USD","Si​r, US​D, US​D"
01107.5b3ad5e88347b08967ec627b815f2fc3,01107__salted__extended__cp200C__single.5b3ad5e88347b08967ec627b815f2fc3,extended,200C,single,,,,"Sir, USD, USD","Si‌r, US‌D, US‌D"
01107.5b3ad5e88347b08967ec627b815f2fc3,01107__salted__extended__cp200D__single.5b3ad5e88347b08967ec627b815f2fc3,extended,200D,single,,,,"Sir, USD, USD","Si‍r, US‍D, US‍D"
01107.5b3ad5e88347b08967ec627b815f2fc3,01107__salted__extended__cp00AD__single.5b3ad5e88347b08967ec627b815f2fc3,extended,00AD,single,,,,"Sir, USD, USD","Si­r, US­D, US­D"
01108.0a4bf099b98c488b65e8d6ca685d6867,01108__salted__extended__cp200B__single.0a4bf099b98c488b65e8d6ca685d6867,extended,200B,single,,,,secrets,se​crets
01108.0a4bf099b98c488b65e8d6ca685d6867,01108__salted__extended__cp200C__single.0a4bf099b98c488b65e8d6ca685d6867,extended,200C,single,,,,secrets,se‌crets
01108.0a4bf099b98c488b65e8d6ca685d6867,01108__salted__extended__cp200D__single.0a4bf099b98c488b65e8d6ca685d6867,extended,200D,single,,,,secrets,se‍crets
01108.0a4bf099b98c488b65e8d6ca685d6867,01108__salted__extended__cp00AD__single.0a4bf099b98c488b65e8d6ca685d6867,extended,00AD,single,,,,secrets,se­crets
01109.88a5be2e14a78393b1495d355995a122,01109__salted__extended__cp200B__single.88a5be2e14a78393b1495d355995a122,extended,200B,single,,inkjet,in​kjet,,
01109.88a5be2e14a78393b1495d355995a122,01109__salted__extended__cp200C__single.88a5be2e14a78393b1495d355995a122,extended,200C,single,,inkjet,in‌kjet,,
01109.88a5be2e14a78393b1495d355995a122,01109__salted__extended__cp200D__single.88a5be2e14a78393b1495d355995a122,extended,200D,single,,inkjet,in‍kjet,,
01109.88a5be2e14a78393b1495d355995a122,01109__salted__extended__cp00AD__single.88a5be2e14a78393b1495d355995a122,extended,00AD,single,,inkjet,in­kjet,,
01111.75bdbd4d859574b9e095f9f7b81ed106,01111__salted__extended__cp200B__single.75bdbd4d859574b9e095f9f7b81ed106,extended,200B,single,,HGH,HG​H,,
01111.75bdbd4d859574b9e095f9f7b81ed106,01111__salted__extended__cp200C__single.75bdbd4d859574b9e095f9f7b81ed106,extended,200C,single,,HGH,HG‌H,,
01111.75bdbd4d859574b9e095f9f7b81ed106,01111__salted__extended__cp200D__single.75bdbd4d859574b9e095f9f7b81ed106,extended,200D,single,,HGH,HG‍H,,
01111.75bdbd4d859574b9e095f9f7b81ed106,01111__salted__extended__cp00AD__single.75bdbd4d859574b9e095f9f7b81ed106,extended,00AD,single,,HGH,HG­H,,
01113.75ded32e6beb52dec1b6007dc86b47bb,01113__salted__extended__cp200B__single.75ded32e6beb52dec1b6007dc86b47bb,extended,200B,single,,monthly,mo​nthly,,
01113.75ded32e6beb52dec1b6007dc86b47bb,01113__salted__extended__cp200C__single.75ded32e6beb52dec1b6007dc86b47bb,extended,200C,single,,monthly,mo‌nthly,,
01113.75ded32e6beb52dec1b6007dc86b47bb,01113__salted__extended__cp200D__single.75ded32e6beb52dec1b6007dc86b47bb,extended,200D,single,,monthly,mo‍nthly,,
01113.75ded32e6beb52dec1b6007dc86b47bb,01113__salted__extended__cp00AD__single.75ded32e6beb52dec1b6007dc86b47bb,extended,00AD,single,,monthly,mo­nthly,,
01114.1499922e828350a4f6076ef4a0de3ec5,01114__salted__extended__cp200B__single.1499922e828350a4f6076ef4a0de3ec5,extended,200B,single,,,,"Guaranteed, herbal, Click","Gu​aranteed, he​rbal, Cl​ick"
01114.1499922e828350a4f6076ef4a0de3ec5,01114__salted__extended__cp200C__single.1499922e828350a4f6076ef4a0de3ec5,extended,200C,single,,,,"Guaranteed, herbal, Click","Gu‌aranteed, he‌rbal, Cl‌ick"
01114.1499922e828350a4f6076ef4a0de3ec5,01114__salted__extended__cp200D__single.1499922e828350a4f6076ef4a0de3ec5,extended,200D,single,,,,"Guaranteed, herbal, Click","Gu‍aranteed, he‍rbal, Cl‍ick"
01114.1499922e828350a4f6076ef4a0de3ec5,01114__salted__extended__cp00AD__single.1499922e828350a4f6076ef4a0de3ec5,extended,00AD,single,,,,"Guaranteed, herbal, Click","Gu­aranteed, he­rbal, Cl­ick"
01115.bd63b2430d4bebf2a49a6caef0ee3974,01115__salted__extended__cp200B__single.bd63b2430d4bebf2a49a6caef0ee3974,extended,200B,single,,,,"Sir, bills, usd","Si​r, bi​lls, us​d"
01115.bd63b2430d4bebf2a49a6caef0ee3974,01115__salted__extended__cp200C__single.bd63b2430d4bebf2a49a6caef0ee3974,extended,200C,single,,,,"Sir, bills, usd","Si‌r, bi‌lls, us‌d"
01115.bd63b2430d4bebf2a49a6caef0ee3974,01115__salted__extended__cp200D__single.bd63b2430d4bebf2a49a6caef0ee3974,extended,200D,single,,,,"Sir, bills, usd","Si‍r, bi‍lls, us‍d"
01115.bd63b2430d4bebf2a49a6caef0ee3974,01115__salted__extended__cp00AD__single.bd63b2430d4bebf2a49a6caef0ee3974,extended,00AD,single,,,,"Sir, bills, usd","Si­r, bi­lls, us­d"
01117.c018f3f0f9df7fe31cce608189589fd6,01117__salted__extended__cp200B__single.c018f3f0f9df7fe31cce608189589fd6,extended,200B,single,,,,"Guaranteed, herbal, Click","Gu​aranteed, he​rbal, Cl​ick"
01117.c018f3f0f9df7fe31cce608189589fd6,01117__salted__extended__cp200C__single.c018f3f0f9df7fe31cce608189589fd6,extended,200C,single,,,,"Guaranteed, herbal, Click","Gu‌aranteed, he‌rbal, Cl‌ick"
01117.c018f3f0f9df7fe31cce608189589fd6,01117__salted__extended__cp200D__single.c018f3f0f9df7fe31cce608189589fd6,extended,200D,single,,,,"Guaranteed, herbal, Click","Gu‍aranteed, he‍rbal, Cl‍ick"
01117.c018f3f0f9df7fe31cce608189589fd6,01117__salted__extended__cp00AD__single.c018f3f0f9df7fe31cce608189589fd6,extended,00AD,single,,,,"Guaranteed, herbal, Click","Gu­aranteed, he­rbal, Cl­ick"
01118.db60fc08987ac4bdaf96ab4e1c83eafe,01118__salted__extended__cp200B__single.db60fc08987ac4bdaf96ab4e1c83eafe,extended,200B,single,,,,"receive, receive, communication","re​ceive, re​ceive, co​mmunication"
01118.db60fc08987ac4bdaf96ab4e1c83eafe,01118__salted__extended__cp200C__single.db60fc08987ac4bdaf96ab4e1c83eafe,extended,200C,single,,,,"receive, receive, communication","re‌ceive, re‌ceive, co‌mmunication"
01118.db60fc08987ac4bdaf96ab4e1c83eafe,01118__salted__extended__cp200D__single.db60fc08987ac4bdaf96ab4e1c83eafe,extended,200D,single,,,,"receive, receive, communication","re‍ceive, re‍ceive, co‍mmunication"
01118.db60fc08987ac4bdaf96ab4e1c83eafe,01118__salted__extended__cp00AD__single.db60fc08987ac4bdaf96ab4e1c83eafe,extended,00AD,single,,,,"receive, receive, communication","re­ceive, re­ceive, co­mmunication"
01119.343c5318a6ef39de4aea0f081009f391,01119__salted__extended__cp200B__single.343c5318a6ef39de4aea0f081009f391,extended,200B,single,,inkjet,in​kjet,,
01119.343c5318a6ef39de4aea0f081009f391,01119__salted__extended__cp200C__single.343c5318a6ef39de4aea0f081009f391,extended,200C,single,,inkjet,in‌kjet,,
01119.343c5318a6ef39de4aea0f081009f391,01119__salted__extended__cp200D__single.343c5318a6ef39de4aea0f081009f391,extended,200D,single,,inkjet,in‍kjet,,
01119.343c5318a6ef39de4aea0f081009f391,01119__salted__extended__cp00AD__single.343c5318a6ef39de4aea0f081009f391,extended,00AD,single,,inkjet,in­kjet,,
01121.4dda94a3a06563e7f5e3fa659cf5519a,01121__salted__extended__cp200B__single.4dda94a3a06563e7f5e3fa659cf5519a,extended,200B,single,,,,"affordable, affordable, fees","af​fordable, af​fordable, fe​es"
01121.4dda94a3a06563e7f5e3fa659cf5519a,01121__salted__extended__cp200C__single.4dda94a3a06563e7f5e3fa659cf5519a,extended,200C,single,,,,"affordable, affordable, fees","af‌fordable, af‌fordable, fe‌es"
01121.4dda94a3a06563e7f5e3fa659cf5519a,01121__salted__extended__cp200D__single.4dda94a3a06563e7f5e3fa659cf5519a,extended,200D,single,,,,"affordable, affordable, fees","af‍fordable, af‍fordable, fe‍es"
01121.4dda94a3a06563e7f5e3fa659cf5519a,01121__salted__extended__cp00AD__single.4dda94a3a06563e7f5e3fa659cf5519a,extended,00AD,single,,,,"affordable, affordable, fees","af­fordable, af­fordable, fe­es"
01129.c03bff072108e33b6f5d1c3858c940f4,01129__salted__extended__cp200B__single.c03bff072108e33b6f5d1c3858c940f4,extended,200B,single,,Viagra,Vi​agra,"Click, VIAGRA, prescription","Cl​ick, VI​AGRA, pr​escription"
01129.c03bff072108e33b6f5d1c3858c940f4,01129__salted__extended__cp200C__single.c03bff072108e33b6f5d1c3858c940f4,extended,200C,single,,Viagra,Vi‌agra,"Click, VIAGRA, prescription","Cl‌ick, VI‌AGRA, pr‌escription"
01129.c03bff072108e33b6f5d1c3858c940f4,01129__salted__extended__cp200D__single.c03bff072108e33b6f5d1c3858c940f4,extended,200D,single,,Viagra,Vi‍agra,"Click, VIAGRA, prescription","Cl‍ick, VI‍AGRA, pr‍escription"
01129.c03bff072108e33b6f5d1c3858c940f4,01129__salted__extended__cp00AD__single.c03bff072108e33b6f5d1c3858c940f4,extended,00AD,single,,Viagra,Vi­agra,"Click, VIAGRA, prescription","Cl­ick, VI­AGRA, pr­escription"
01130.f286229e3c2eeb5c682204de85d903c0,01130__salted__extended__cp200B__single.f286229e3c2eeb5c682204de85d903c0,extended,200B,single,,SYSTEMWORKS,SY​STEMWORKS,,
01130.f286229e3c2eeb5c682204de85d903c0,01130__salted__extended__cp200C__single.f286229e3c2eeb5c682204de85d903c0,extended,200C,single,,SYSTEMWORKS,SY‌STEMWORKS,,
01130.f286229e3c2eeb5c682204de85d903c0,01130__salted__extended__cp200D__single.f286229e3c2eeb5c682204de85d903c0,extended,200D,single,,SYSTEMWORKS,SY‍STEMWORKS,,
01130.f286229e3c2eeb5c682204de85d903c0,01130__salted__extended__cp00AD__single.f286229e3c2eeb5c682204de85d903c0,extended,00AD,single,,SYSTEMWORKS,SY­STEMWORKS,,
01131.c9bb07673bf9f048916cd2b9b1813724,01131__salted__extended__cp200B__single.c9bb07673bf9f048916cd2b9b1813724,extended,200B,single,,,,"currency, currency, currency","cu​rrency, cu​rrency, cu​rrency"
01131.c9bb07673bf9f048916cd2b9b1813724,01131__salted__extended__cp200C__single.c9bb07673bf9f048916cd2b9b1813724,extended,200C,single,,,,"currency, currency, currency","cu‌rrency, cu‌rrency, cu‌rrency"
01131.c9bb07673bf9f048916cd2b9b1813724,01131__salted__extended__cp200D__single.c9bb07673bf9f048916cd2b9b1813724,extended,200D,single,,,,"currency, currency, currency","cu‍rrency, cu‍rrency, cu‍rrency"
01131.c9bb07673bf9f048916cd2b9b1813724,01131__salted__extended__cp00AD__single.c9bb07673bf9f048916cd2b9b1813724,extended,00AD,single,,,,"currency, currency, currency","cu­rrency, cu­rrency, cu­rrency"
01132.3d0e60ced92087634f1433f12810096d,01132__salted__extended__cp200B__single.3d0e60ced92087634f1433f12810096d,extended,200B,single,,,,"click, guaranteed, btamail","cl​ick, gu​aranteed, bt​amail"
01132.3d0e60ced92087634f1433f12810096d,01132__salted__extended__cp200C__single.3d0e60ced92087634f1433f12810096d,extended,200C,single,,,,"click, guaranteed, btamail","cl‌ick, gu‌aranteed, bt‌amail"
01132.3d0e60ced92087634f1433f12810096d,01132__salted__extended__cp200D__single.3d0e60ced92087634f1433f12810096d,extended,200D,single,,,,"click, guaranteed, btamail","cl‍ick, gu‍aranteed, bt‍amail"
01132.3d0e60ced92087634f1433f12810096d,01132__salted__extended__cp00AD__single.3d0e60ced92087634f1433f12810096d,extended,00AD,single,,,,"click, guaranteed, btamail","cl­ick, gu­aranteed, bt­amail"
01133.facfc10e99d36c8da8e62f27aa065aa2,01133__salted__extended__cp200B__single.facfc10e99d36c8da8e62f27aa065aa2,extended,200B,single,,,,"Guaranteed, herbal, Click","Gu​aranteed, he​rbal, Cl​ick"
01133.facfc10e99d36c8da8e62f27aa065aa2,01133__salted__extended__cp200C__single.facfc10e99d36c8da8e62f27aa065aa2,extended,200C,single,,,,"Guaranteed, herbal, Click","Gu‌aranteed, he‌rbal, Cl‌ick"
01133.facfc10e99d36c8da8e62f27aa065aa2,01133__salted__extended__cp200D__single.facfc10e99d36c8da8e62f27aa065aa2,extended,200D,single,,,,"Guaranteed, herbal, Click","Gu‍aranteed, he‍rbal, Cl‍ick"
01133.facfc10e99d36c8da8e62f27aa065aa2,01133__salted__extended__cp00AD__single.facfc10e99d36c8da8e62f27aa065aa2,extended,00AD,single,,,,"Guaranteed, herbal, Click","Gu­aranteed, he­rbal, Cl­ick"
01135.0a652f28eb7e06830ca75be5d2f41eaa,01135__salted__extended__cp200B__single.0a652f28eb7e06830ca75be5d2f41eaa,extended,200B,single,,Mortgage,Mo​rtgage,"lenders, Refinance, Mortgage","le​nders, Re​finance, Mo​rtgage"
01135.0a652f28eb7e06830ca75be5d2f41eaa,01135__salted__extended__cp200C__single.0a652f28eb7e06830ca75be5d2f41eaa,extended,200C,single,,Mortgage,Mo‌rtgage,"lenders, Refinance, Mortgage","le‌nders, Re‌finance, Mo‌rtgage"
01135.0a652f28eb7e06830ca75be5d2f41eaa,01135__salted__extended__cp200D__single.0a652f28eb7e06830ca75be5d2f41eaa,extended,200D,single,,Mortgage,Mo‍rtgage,"lenders, Refinance, Mortgage","le‍nders, Re‍finance, Mo‍rtgage"
01135.0a652f28eb7e06830ca75be5d2f41eaa,01135__salted__extended__cp00AD__single.0a652f28eb7e06830ca75be5d2f41eaa,extended,00AD,single,,Mortgage,Mo­rtgage,"lenders, Refinance, Mortgage","le­nders, Re­finance, Mo­rtgage"
01142.1d5b741cdc5cb3c026d678a4c8f613d6,01142__salted__extended__cp200B__single.1d5b741cdc5cb3c026d678a4c8f613d6,extended,200B,single,,Mortgage,Mo​rtgage,"mortgage, loan, loan","mo​rtgage, lo​an, lo​an"
01142.1d5b741cdc5cb3c026d678a4c8f613d6,01142__salted__extended__cp200C__single.1d5b741cdc5cb3c026d678a4c8f613d6,extended,200C,single,,Mortgage,Mo‌rtgage,"mortgage, loan, loan","mo‌rtgage, lo‌an, lo‌an"
01142.1d5b741cdc5cb3c026d678a4c8f613d6,01142__salted__extended__cp200D__single.1d5b741cdc5cb3c026d678a4c8f613d6,extended,200D,single,,Mortgage,Mo‍rtgage,"mortgage, loan, loan","mo‍rtgage, lo‍an, lo‍an"
01142.1d5b741cdc5cb3c026d678a4c8f613d6,01142__salted__extended__cp00AD__single.1d5b741cdc5cb3c026d678a4c8f613d6,extended,00AD,single,,Mortgage,Mo­rtgage,"mortgage, loan, loan","mo­rtgage, lo­an, lo­an"
01143.b92dc050e0b748b5e7c9f1cf1b469306,01143__salted__extended__cp200B__single.b92dc050e0b748b5e7c9f1cf1b469306,extended,200B,single,,,,"NBC, CBS, Oprah","NB​C, CB​S, Op​rah"
01143.b92dc050e0b748b5e7c9f1cf1b469306,01143__salted__extended__cp200C__single.b92dc050e0b748b5e7c9f1cf1b469306,extended,200C,single,,,,"NBC, CBS, Oprah","NB‌C, CB‌S, Op‌rah"
01143.b92dc050e0b748b5e7c9f1cf1b469306,01143__salted__extended__cp200D__single.b92dc050e0b748b5e7c9f1cf1b469306,extended,200D,single,,,,"NBC, CBS, Oprah","NB‍C, CB‍S, Op‍rah"
01143.b92dc050e0b748b5e7c9f1cf1b469306,01143__salted__extended__cp00AD__single.b92dc050e0b748b5e7c9f1cf1b469306,extended,00AD,single,,,,"NBC, CBS, Oprah","NB­C, CB­S, Op­rah"
01145.a34477ade6db9376e4f8ccbfa8607881,01145__salted__extended__cp200B__single.a34477ade6db9376e4f8ccbfa8607881,extended,200B,single,,MORTGAGE,MO​RTGAGE,"lenders, loan, Loans","le​nders, lo​an, Lo​ans"
01145.a34477ade6db9376e4f8ccbfa8607881,01145__salted__extended__cp200C__single.a34477ade6db9376e4f8ccbfa8607881,extended,200C,single,,MORTGAGE,MO‌RTGAGE,"lenders, loan, Loans","le‌nders, lo‌an, Lo‌ans"
01145.a34477ade6db9376e4f8ccbfa8607881,01145__salted__extended__cp200D__single.a34477ade6db9376e4f8ccbfa8607881,extended,200D,single,,MORTGAGE,MO‍RTGAGE,"lenders, loan, Loans","le‍nders, lo‍an, Lo‍ans"
01145.a34477ade6db9376e4f8ccbfa8607881,01145__salted__extended__cp00AD__single.a34477ade6db9376e4f8ccbfa8607881,extended,00AD,single,,MORTGAGE,MO­RTGAGE,"lenders, loan, Loans","le­nders, lo­an, Lo­ans"
01146.f8a114b8bf65962ec02a1bcc2241e5d7,01146__salted__extended__cp200B__single.f8a114b8bf65962ec02a1bcc2241e5d7,extended,200B,single,,,,"ATTAINED, profitable, testimonials","AT​TAINED, pr​ofitable, te​stimonials"
01146.f8a114b8bf65962ec02a1bcc2241e5d7,01146__salted__extended__cp200C__single.f8a114b8bf65962ec02a1bcc2241e5d7,extended,200C,single,,,,"ATTAINED, profitable, testimonials","AT‌TAINED, pr‌ofitable, te‌stimonials"
01146.f8a114b8bf65962ec02a1bcc2241e5d7,01146__salted__extended__cp200D__single.f8a114b8bf65962ec02a1bcc2241e5d7,extended,200D,single,,,,"ATTAINED, profitable, testimonials","AT‍TAINED, pr‍ofitable, te‍stimonials"
01146.f8a114b8bf65962ec02a1bcc2241e5d7,01146__salted__extended__cp00AD__single.f8a114b8bf65962ec02a1bcc2241e5d7,extended,00AD,single,,,,"ATTAINED, profitable, testimonials","AT­TAINED, pr­ofitable, te­stimonials"
01150.c429b55e3a5834c74d18f9b0bfc968cd,01150__salted__extended__cp200B__single.c429b55e3a5834c74d18f9b0bfc968cd,extended,200B,single,,,,"CLICK, GUARANTEED","CL​ICK, GU​ARANTEED"
01150.c429b55e3a5834c74d18f9b0bfc968cd,01150__salted__extended__cp200C__single.c429b55e3a5834c74d18f9b0bfc968cd,extended,200C,single,,,,"CLICK, GUARANTEED","CL‌ICK, GU‌ARANTEED"
01150.c429b55e3a5834c74d18f9b0bfc968cd,01150__salted__extended__cp200D__single.c429b55e3a5834c74d18f9b0bfc968cd,extended,200D,single,,,,"CLICK, GUARANTEED","CL‍ICK, GU‍ARANTEED"
01150.c429b55e3a5834c74d18f9b0bfc968cd,01150__salted__extended__cp00AD__single.c429b55e3a5834c74d18f9b0bfc968cd,extended,00AD,single,,,,"CLICK, GUARANTEED","CL­ICK, GU­ARANTEED"
01151.e295c81d698d58f43f17bde22076cbef,01151__salted__extended__cp200B__single.e295c81d698d58f43f17bde22076cbef,extended,200B,single,,,,"click, Nigeria, Presently","cl​ick, Ni​geria, Pr​esently"
01151.e295c81d698d58f43f17bde22076cbef,01151__salted__extended__cp200C__single.e295c81d698d58f43f17bde22076cbef,extended,200C,single,,,,"click, Nigeria, Presently","cl‌ick, Ni‌geria, Pr‌esently"
01151.e295c81d698d58f43f17bde22076cbef,01151__salted__extended__cp200D__single.e295c81d698d58f43f17bde22076cbef,extended,200D,single,,,,"click, Nigeria, Presently","cl‍ick, Ni‍geria, Pr‍esently"
01151.e295c81d698d58f43f17bde22076cbef,01151__salted__extended__cp00AD__single.e295c81d698d58f43f17bde22076cbef,extended,00AD,single,,,,"click, Nigeria, Presently","cl­ick, Ni­geria, Pr­esently"
01153.423d8f8120ab7fa0946c45a60a44c059,01153__salted__extended__cp200B__single.423d8f8120ab7fa0946c45a60a44c059,extended,200B,single,,Earn,Ea​rn,,
01153.423d8f8120ab7fa0946c45a60a44c059,01153__salted__extended__cp200C__single.423d8f8120ab7fa0946c45a60a44c059,extended,200C,single,,Earn,Ea‌rn,,
01153.423d8f8120ab7fa0946c45a60a44c059,01153__salted__extended__cp200D__single.423d8f8120ab7fa0946c45a60a44c059,extended,200D,single,,Earn,Ea‍rn,,
01153.423d8f8120ab7fa0946c45a60a44c059,01153__salted__extended__cp00AD__single.423d8f8120ab7fa0946c45a60a44c059,extended,00AD,single,,Earn,Ea­rn,,
01155.e8634e51df914973d548076958ed90b2,01155__salted__extended__cp200B__single.e8634e51df914973d548076958ed90b2,extended,200B,single,,,,"ATTAINED, profitable, testimonials","AT​TAINED, pr​ofitable, te​stimonials"
01155.e8634e51df914973d548076958ed90b2,01155__salted__extended__cp200C__single.e8634e51df914973d548076958ed90b2,extended,200C,single,,,,"ATTAINED, profitable, testimonials","AT‌TAINED, pr‌ofitable, te‌stimonials"
01155.e8634e51df914973d548076958ed90b2,01155__salted__extended__cp200D__single.e8634e51df914973d548076958ed90b2,extended,200D,single,,,,"ATTAINED, profitable, testimonials","AT‍TAINED, pr‍ofitable, te‍stimonials"
01155.e8634e51df914973d548076958ed90b2,01155__salted__extended__cp00AD__single.e8634e51df914973d548076958ed90b2,extended,00AD,single,,,,"ATTAINED, profitable, testimonials","AT­TAINED, pr­ofitable, te­stimonials"
01157.0b96d63f8b171b5b5f8a872029371480,01157__salted__extended__cp200B__single.0b96d63f8b171b5b5f8a872029371480,extended,200B,single,,,,"commissions, Unlimited, mailings","co​mmissions, Un​limited, ma​ilings"
01157.0b96d63f8b171b5b5f8a872029371480,01157__salted__extended__cp200C__single.0b96d63f8b171b5b5f8a872029371480,extended,200C,single,,,,"commissions, Unlimited, mailings","co‌mmissions, Un‌limited, ma‌ilings"
01157.0b96d63f8b171b5b5f8a872029371480,01157__salted__extended__cp200D__single.0b96d63f8b171b5b5f8a872029371480,extended,200D,single,,,,"commissions, Unlimited, mailings","co‍mmissions, Un‍limited, ma‍ilings"
01157.0b96d63f8b171b5b5f8a872029371480,01157__salted__extended__cp00AD__single.0b96d63f8b171b5b5f8a872029371480,extended,00AD,single,,,,"commissions, Unlimited, mailings","co­mmissions, Un­limited, ma­ilings"
01158.5acbdb7eb695f96c08d960a56058481d,01158__salted__extended__cp200B__single.5acbdb7eb695f96c08d960a56058481d,extended,200B,single,,Refinance,Re​finance,"Refinance, mortgage, Mortgage","Re​finance, mo​rtgage, Mo​rtgage"
01158.5acbdb7eb695f96c08d960a56058481d,01158__salted__extended__cp200C__single.5acbdb7eb695f96c08d960a56058481d,extended,200C,single,,Refinance,Re‌finance,"Refinance, mortgage, Mortgage","Re‌finance, mo‌rtgage, Mo‌rtgage"
01158.5acbdb7eb695f96c08d960a56058481d,01158__salted__extended__cp200D__single.5acbdb7eb695f96c08d960a56058481d,extended,200D,single,,Refinance,Re‍finance,"Refinance, mortgage, Mortgage","Re‍finance, mo‍rtgage, Mo‍rtgage"
01158.5acbdb7eb695f96c08d960a56058481d,01158__salted__extended__cp00AD__single.5acbdb7eb695f96c08d960a56058481d,extended,00AD,single,,Refinance,Re­finance,"Refinance, mortgage, Mortgage","Re­finance, mo­rtgage, Mo­rtgage"
01160.13829f56f0b8eb2d461ad8602a94a80e,01160__salted__extended__cp200B__single.13829f56f0b8eb2d461ad8602a94a80e,extended,200B,single,,,,"receive, insurance, insurance","re​ceive, in​surance, in​surance"
01160.13829f56f0b8eb2d461ad8602a94a80e,01160__salted__extended__cp200C__single.13829f56f0b8eb2d461ad8602a94a80e,extended,200C,single,,,,"receive, insurance, insurance","re‌ceive, in‌surance, in‌surance"
01160.13829f56f0b8eb2d461ad8602a94a80e,01160__salted__extended__cp200D__single.13829f56f0b8eb2d461ad8602a94a80e,extended,200D,single,,,,"receive, insurance, insurance","re‍ceive, in‍surance, in‍surance"
01160.13829f56f0b8eb2d461ad8602a94a80e,01160__salted__extended__cp00AD__single.13829f56f0b8eb2d461ad8602a94a80e,extended,00AD,single,,,,"receive, insurance, insurance","re­ceive, in­surance, in­surance"
01161.174f2cb358ca3f08f4308f87ca64842f,01161__salted__extended__cp200B__single.174f2cb358ca3f08f4308f87ca64842f,extended,200B,single,,,,"receive, monthly, monthly","re​ceive, mo​nthly, mo​nthly"
01161.174f2cb358ca3f08f4308f87ca64842f,01161__salted__extended__cp200C__single.174f2cb358ca3f08f4308f87ca64842f,extended,200C,single,,,,"receive, monthly, monthly","re‌ceive, mo‌nthly, mo‌nthly"
01161.174f2cb358ca3f08f4308f87ca64842f,01161__salted__extended__cp200D__single.174f2cb358ca3f08f4308f87ca64842f,extended,200D,single,,,,"receive, monthly, monthly","re‍ceive, mo‍nthly, mo‍nthly"
01161.174f2cb358ca3f08f4308f87ca64842f,01161__salted__extended__cp00AD__single.174f2cb358ca3f08f4308f87ca64842f,extended,00AD,single,,,,"receive, monthly, monthly","re­ceive, mo­nthly, mo­nthly"
01163.1c25ecdd147c3f4eef84b13fa6061c9b,01163__salted__extended__cp200B__single.1c25ecdd147c3f4eef84b13fa6061c9b,extended,200B,single,,Herbal,He​rbal,,
01163.1c25ecdd147c3f4eef84b13fa6061c9b,01163__salted__extended__cp200C__single.1c25ecdd147c3f4eef84b13fa6061c9b,extended,200C,single,,Herbal,He‌rbal,,
01163.1c25ecdd147c3f4eef84b13fa6061c9b,01163__salted__extended__cp200D__single.1c25ecdd147c3f4eef84b13fa6061c9b,extended,200D,single,,Herbal,He‍rbal,,
01163.1c25ecdd147c3f4eef84b13fa6061c9b,01163__salted__extended__cp00AD__single.1c25ecdd147c3f4eef84b13fa6061c9b,extended,00AD,single,,Herbal,He­rbal,,
01165.8c661bf07a1a7a5fe8a9efc2439d17a1,01165__salted__extended__cp200B__single.8c661bf07a1a7a5fe8a9efc2439d17a1,extended,200B,single,,,,"mortgage, loan, loan","mo​rtgage, lo​an, lo​an"
01165.8c661bf07a1a7a5fe8a9efc2439d17a1,01165__salted__extended__cp200C__single.8c661bf07a1a7a5fe8a9efc2439d17a1,extended,200C,single,,,,"mortgage, loan, loan","mo‌rtgage, lo‌an, lo‌an"
01165.8c661bf07a1a7a5fe8a9efc2439d17a1,01165__salted__extended__cp200D__single.8c661bf07a1a7a5fe8a9efc2439d17a1,extended,200D,single,,,,"mortgage, loan, loan","mo‍rtgage, lo‍an, lo‍an"
01165.8c661bf07a1a7a5fe8a9efc2439d17a1,01165__salted__extended__cp00AD__single.8c661bf07a1a7a5fe8a9efc2439d17a1,extended,00AD,single,,,,"mortgage, loan, loan","mo­rtgage, lo­an, lo­an"
01166.f0c4605d98cf51b7eeb81bb6072fee3d,01166__salted__extended__cp200B__single.f0c4605d98cf51b7eeb81bb6072fee3d,extended,200B,single,,,,"profitable, click, incurred","pr​ofitable, cl​ick, in​curred"
01166.f0c4605d98cf51b7eeb81bb6072fee3d,01166__salted__extended__cp200C__single.f0c4605d98cf51b7eeb81bb6072fee3d,extended,200C,single,,,,"profitable, click, incurred","pr‌ofitable, cl‌ick, in‌curred"
01166.f0c4605d98cf51b7eeb81bb6072fee3d,01166__salted__extended__cp200D__single.f0c4605d98cf51b7eeb81bb6072fee3d,extended,200D,single,,,,"profitable, click, incurred","pr‍ofitable, cl‍ick, in‍curred"
01166.f0c4605d98cf51b7eeb81bb6072fee3d,01166__salted__extended__cp00AD__single.f0c4605d98cf51b7eeb81bb6072fee3d,extended,00AD,single,,,,"profitable, click, incurred","pr­ofitable, cl­ick, in­curred"
01167.2ac57a0189fa2b8713202b84e587b707,01167__salted__extended__cp200B__single.2ac57a0189fa2b8713202b84e587b707,extended,200B,single,,Postal,Po​stal,,
01167.2ac57a0189fa2b8713202b84e587b707,01167__salted__extended__cp200C__single.2ac57a0189fa2b8713202b84e587b707,extended,200C,single,,Postal,Po‌stal,,
01167.2ac57a0189fa2b8713202b84e587b707,01167__salted__extended__cp200D__single.2ac57a0189fa2b8713202b84e587b707,extended,200D,single,,Postal,Po‍stal,,
01167.2ac57a0189fa2b8713202b84e587b707,01167__salted__extended__cp00AD__single.2ac57a0189fa2b8713202b84e587b707,extended,00AD,single,,Postal,Po­stal,,
01169.4e5cf6c3e8863047dbba1bfca2ebab97,01169__salted__extended__cp200B__single.4e5cf6c3e8863047dbba1bfca2ebab97,extended,200B,single,,,,"CLICK, GUARANTEED","CL​ICK, GU​ARANTEED"
01169.4e5cf6c3e8863047dbba1bfca2ebab97,01169__salted__extended__cp200C__single.4e5cf6c3e8863047dbba1bfca2ebab97,extended,200C,single,,,,"CLICK, GUARANTEED","CL‌ICK, GU‌ARANTEED"
01169.4e5cf6c3e8863047dbba1bfca2ebab97,01169__salted__extended__cp200D__single.4e5cf6c3e8863047dbba1bfca2ebab97,extended,200D,single,,,,"CLICK, GUARANTEED","CL‍ICK, GU‍ARANTEED"
01169.4e5cf6c3e8863047dbba1bfca2ebab97,01169__salted__extended__cp00AD__single.4e5cf6c3e8863047dbba1bfca2ebab97,extended,00AD,single,,,,"CLICK, GUARANTEED","CL­ICK, GU­ARANTEED"
01170.0f6cbb8149f3e19d1b3054960e2cceb5,01170__salted__extended__cp200B__single.0f6cbb8149f3e19d1b3054960e2cceb5,extended,200B,single,,,,profitable,pr​ofitable
01170.0f6cbb8149f3e19d1b3054960e2cceb5,01170__salted__extended__cp200C__single.0f6cbb8149f3e19d1b3054960e2cceb5,extended,200C,single,,,,profitable,pr‌ofitable
01170.0f6cbb8149f3e19d1b3054960e2cceb5,01170__salted__extended__cp200D__single.0f6cbb8149f3e19d1b3054960e2cceb5,extended,200D,single,,,,profitable,pr‍ofitable
01170.0f6cbb8149f3e19d1b3054960e2cceb5,01170__salted__extended__cp00AD__single.0f6cbb8149f3e19d1b3054960e2cceb5,extended,00AD,single,,,,profitable,pr­ofitable
01172.cc7a00858cafd43ad994a3f1a42a5434,01172__salted__extended__cp200B__single.cc7a00858cafd43ad994a3f1a42a5434,extended,200B,single,,,,"receive, receive, communication","re​ceive, re​ceive, co​mmunication"
01172.cc7a00858cafd43ad994a3f1a42a5434,01172__salted__extended__cp200C__single.cc7a00858cafd43ad994a3f1a42a5434,extended,200C,single,,,,"receive, receive, communication","re‌ceive, re‌ceive, co‌mmunication"
01172.cc7a00858cafd43ad994a3f1a42a5434,01172__salted__extended__cp200D__single.cc7a00858cafd43ad994a3f1a42a5434,extended,200D,single,,,,"receive, receive, communication","re‍ceive, re‍ceive, co‍mmunication"
01172.cc7a00858cafd43ad994a3f1a42a5434,01172__salted__extended__cp00AD__single.cc7a00858cafd43ad994a3f1a42a5434,extended,00AD,single,,,,"receive, receive, communication","re­ceive, re­ceive, co­mmunication"
01173.e0da19fcbb5649aa5104320ce38c6906,01173__salted__extended__cp200B__single.e0da19fcbb5649aa5104320ce38c6906,extended,200B,single,,,,specials,sp​ecials
01173.e0da19fcbb5649aa5104320ce38c6906,01173__salted__extended__cp200C__single.e0da19fcbb5649aa5104320ce38c6906,extended,200C,single,,,,specials,sp‌ecials
01173.e0da19fcbb5649aa5104320ce38c6906,01173__salted__extended__cp200D__single.e0da19fcbb5649aa5104320ce38c6906,extended,200D,single,,,,specials,sp‍ecials
01173.e0da19fcbb5649aa5104320ce38c6906,01173__salted__extended__cp00AD__single.e0da19fcbb5649aa5104320ce38c6906,extended,00AD,single,,,,specials,sp­ecials
01174.701ed2374fd181a0a63c8bfbc52a911c,01174__salted__extended__cp200B__single.701ed2374fd181a0a63c8bfbc52a911c,extended,200B,single,,ADV,AD​V,,
01174.701ed2374fd181a0a63c8bfbc52a911c,01174__salted__extended__cp200C__single.701ed2374fd181a0a63c8bfbc52a911c,extended,200C,single,,ADV,AD‌V,,
01174.701ed2374fd181a0a63c8bfbc52a911c,01174__salted__extended__cp200D__single.701ed2374fd181a0a63c8bfbc52a911c,extended,200D,single,,ADV,AD‍V,,
01174.701ed2374fd181a0a63c8bfbc52a911c,01174__salted__extended__cp00AD__single.701ed2374fd181a0a63c8bfbc52a911c,extended,00AD,single,,ADV,AD­V,,
01177.e6db3bae11ac87679c7f241a2c19b4c7,01177__salted__extended__cp200B__single.e6db3bae11ac87679c7f241a2c19b4c7,extended,200B,single,,,,"GUARANTEED, Click","GU​ARANTEED, Cl​ick"
01177.e6db3bae11ac87679c7f241a2c19b4c7,01177__salted__extended__cp200C__single.e6db3bae11ac87679c7f241a2c19b4c7,extended,200C,single,,,,"GUARANTEED, Click","GU‌ARANTEED, Cl‌ick"
01177.e6db3bae11ac87679c7f241a2c19b4c7,01177__salted__extended__cp200D__single.e6db3bae11ac87679c7f241a2c19b4c7,extended,200D,single,,,,"GUARANTEED, Click","GU‍ARANTEED, Cl‍ick"
01177.e6db3bae11ac87679c7f241a2c19b4c7,01177__salted__extended__cp00AD__single.e6db3bae11ac87679c7f241a2c19b4c7,extended,00AD,single,,,,"GUARANTEED, Click","GU­ARANTEED, Cl­ick"
01181.9f4734afdec4aae228d20e63649253a1,01181__salted__extended__cp200B__single.9f4734afdec4aae228d20e63649253a1,extended,200B,single,,EARN,EA​RN,click,cl​ick
01181.9f4734afdec4aae228d20e63649253a1,01181__salted__extended__cp200C__single.9f4734afdec4aae228d20e63649253a1,extended,200C,single,,EARN,EA‌RN,click,cl‌ick
01181.9f4734afdec4aae228d20e63649253a1,01181__salted__extended__cp200D__single.9f4734afdec4aae228d20e63649253a1,extended,200D,single,,EARN,EA‍RN,click,cl‍ick
01181.9f4734afdec4aae228d20e63649253a1,01181__salted__extended__cp00AD__single.9f4734afdec4aae228d20e63649253a1,extended,00AD,single,,EARN,EA­RN,click,cl­ick
01182.209dbb3bedae1ecd5ed23fb03049244e,01182__salted__extended__cp200B__single.209dbb3bedae1ecd5ed23fb03049244e,extended,200B,single,,,,"communication, affordable","co​mmunication, af​fordable"
01182.209dbb3bedae1ecd5ed23fb03049244e,01182__salted__extended__cp200C__single.209dbb3bedae1ecd5ed23fb03049244e,extended,200C,single,,,,"communication, affordable","co‌mmunication, af‌fordable"
01182.209dbb3bedae1ecd5ed23fb03049244e,01182__salted__extended__cp200D__single.209dbb3bedae1ecd5ed23fb03049244e,extended,200D,single,,,,"communication, affordable","co‍mmunication, af‍fordable"
01182.209dbb3bedae1ecd5ed23fb03049244e,01182__salted__extended__cp00AD__single.209dbb3bedae1ecd5ed23fb03049244e,extended,00AD,single,,,,"communication, affordable","co­mmunication, af­fordable"
01183.1686c7ca72908096192dc3ebcde515d9,01183__salted__extended__cp200B__single.1686c7ca72908096192dc3ebcde515d9,extended,200B,single,,,,"communication, affordable","co​mmunication, af​fordable"
01183.1686c7ca72908096192dc3ebcde515d9,01183__salted__extended__cp200C__single.1686c7ca72908096192dc3ebcde515d9,extended,200C,single,,,,"communication, affordable","co‌mmunication, af‌fordable"
01183.1686c7ca72908096192dc3ebcde515d9,01183__salted__extended__cp200D__single.1686c7ca72908096192dc3ebcde515d9,extended,200D,single,,,,"communication, affordable","co‍mmunication, af‍fordable"
01183.1686c7ca72908096192dc3ebcde515d9,01183__salted__extended__cp00AD__single.1686c7ca72908096192dc3ebcde515d9,extended,00AD,single,,,,"communication, affordable","co­mmunication, af­fordable"
01184.5216074bef5bb01e0b1301d375283c51,01184__salted__extended__cp200B__single.5216074bef5bb01e0b1301d375283c51,extended,200B,single,,CLICK,CL​ICK,,
01184.5216074bef5bb01e0b1301d375283c51,01184__salted__extended__cp200C__single.5216074bef5bb01e0b1301d375283c51,extended,200C,single,,CLICK,CL‌ICK,,
01184.5216074bef5bb01e0b1301d375283c51,01184__salted__extended__cp200D__single.5216074bef5bb01e0b1301d375283c51,extended,200D,single,,CLICK,CL‍ICK,,
01184.5216074bef5bb01e0b1301d375283c51,01184__salted__extended__cp00AD__single.5216074bef5bb01e0b1301d375283c51,extended,00AD,single,,CLICK,CL­ICK,,
01189.5593d25cf7b731b1c9f3e708cd05c96b,01189__salted__extended__cp200B__single.5593d25cf7b731b1c9f3e708cd05c96b,extended,200B,single,,,,"Sir, assistance, confidentiality","Si​r, as​sistance, co​nfidentiality"
01189.5593d25cf7b731b1c9f3e708cd05c96b,01189__salted__extended__cp200C__single.5593d25cf7b731b1c9f3e708cd05c96b,extended,200C,single,,,,"Sir, assistance, confidentiality","Si‌r, as‌sistance, co‌nfidentiality"
01189.5593d25cf7b731b1c9f3e708cd05c96b,01189__salted__extended__cp200D__single.5593d25cf7b731b1c9f3e708cd05c96b,extended,200D,single,,,,"Sir, assistance, confidentiality","Si‍r, as‍sistance, co‍nfidentiality"
01189.5593d25cf7b731b1c9f3e708cd05c96b,01189__salted__extended__cp00AD__single.5593d25cf7b731b1c9f3e708cd05c96b,extended,00AD,single,,,,"Sir, assistance, confidentiality","Si­r, as­sistance, co­nfidentiality"
01192.ae36c1ea662d5daa57777838507cceef,01192__salted__extended__cp200B__single.ae36c1ea662d5daa57777838507cceef,extended,200B,single,,ADV,AD​V,"Lenders, Click, click","Le​nders, Cl​ick, cl​ick"
01192.ae36c1ea662d5daa57777838507cceef,01192__salted__extended__cp200C__single.ae36c1ea662d5daa57777838507cceef,extended,200C,single,,ADV,AD‌V,"Lenders, Click, click","Le‌nders, Cl‌ick, cl‌ick"
01192.ae36c1ea662d5daa57777838507cceef,01192__salted__extended__cp200D__single.ae36c1ea662d5daa57777838507cceef,extended,200D,single,,ADV,AD‍V,"Lenders, Click, click","Le‍nders, Cl‍ick, cl‍ick"
01192.ae36c1ea662d5daa57777838507cceef,01192__salted__extended__cp00AD__single.ae36c1ea662d5daa57777838507cceef,extended,00AD,single,,ADV,AD­V,"Lenders, Click, click","Le­nders, Cl­ick, cl­ick"
01193.7c4b9a0e900fdb7cafb86c1131f79a48,01193__salted__extended__cp200B__single.7c4b9a0e900fdb7cafb86c1131f79a48,extended,200B,single,,ADV,AD​V,"Lenders, Click, click","Le​nders, Cl​ick, cl​ick"
01193.7c4b9a0e900fdb7cafb86c1131f79a48,01193__salted__extended__cp200C__single.7c4b9a0e900fdb7cafb86c1131f79a48,extended,200C,single,,ADV,AD‌V,"Lenders, Click, click","Le‌nders, Cl‌ick, cl‌ick"
01193.7c4b9a0e900fdb7cafb86c1131f79a48,01193__salted__extended__cp200D__single.7c4b9a0e900fdb7cafb86c1131f79a48,extended,200D,single,,ADV,AD‍V,"Lenders, Click, click","Le‍nders, Cl‍ick, cl‍ick"
01193.7c4b9a0e900fdb7cafb86c1131f79a48,01193__salted__extended__cp00AD__single.7c4b9a0e900fdb7cafb86c1131f79a48,extended,00AD,single,,ADV,AD­V,"Lenders, Click, click","Le­nders, Cl­ick, cl­ick"
01195.2e0668d1365c631aa09d21c813ce013f,01195__salted__extended__cp200B__single.2e0668d1365c631aa09d21c813ce013f,extended,200B,single,,,,"CLICK, GUARANTEED","CL​ICK, GU​ARANTEED"
01195.2e0668d1365c631aa09d21c813ce013f,01195__salted__extended__cp200C__single.2e0668d1365c631aa09d21c813ce013f,extended,200C,single,,,,"CLICK, GUARANTEED","CL‌ICK, GU‌ARANTEED"
01195.2e0668d1365c631aa09d21c813ce013f,01195__salted__extended__cp200D__single.2e0668d1365c631aa09d21c813ce013f,extended,200D,single,,,,"CLICK, GUARANTEED","CL‍ICK, GU‍ARANTEED"
01195.2e0668d1365c631aa09d21c813ce013f,01195__salted__extended__cp00AD__single.2e0668d1365c631aa09d21c813ce013f,extended,00AD,single,,,,"CLICK, GUARANTEED","CL­ICK, GU­ARANTEED"
01199.5a219c9b3e55a0136d8039fd74675570,01199__salted__extended__cp200B__single.5a219c9b3e55a0136d8039fd74675570,extended,200B,single,,,,"Insurance, Guaranteed, Unlimited","In​surance, Gu​aranteed, Un​limited"
01199.5a219c9b3e55a0136d8039fd74675570,01199__salted__extended__cp200C__single.5a219c9b3e55a0136d8039fd74675570,extended,200C,single,,,,"Insurance, Guaranteed, Unlimited","In‌surance, Gu‌aranteed, Un‌limited"
01199.5a219c9b3e55a0136d8039fd74675570,01199__salted__extended__cp200D__single.5a219c9b3e55a0136d8039fd74675570,extended,200D,single,,,,"Insurance, Guaranteed, Unlimited","In‍surance, Gu‍aranteed, Un‍limited"
01199.5a219c9b3e55a0136d8039fd74675570,01199__salted__extended__cp00AD__single.5a219c9b3e55a0136d8039fd74675570,extended,00AD,single,,,,"Insurance, Guaranteed, Unlimited","In­surance, Gu­aranteed, Un­limited"
01200.6d388843b6ffefafaf7b3093ca28a740,01200__salted__extended__cp200B__single.6d388843b6ffefafaf7b3093ca28a740,extended,200B,single,,,,"consultation, Removal","co​nsultation, Re​moval"
01200.6d388843b6ffefafaf7b3093ca28a740,01200__salted__extended__cp200C__single.6d388843b6ffefafaf7b3093ca28a740,extended,200C,single,,,,"consultation, Removal","co‌nsultation, Re‌moval"
01200.6d388843b6ffefafaf7b3093ca28a740,01200__salted__extended__cp200D__single.6d388843b6ffefafaf7b3093ca28a740,extended,200D,single,,,,"consultation, Removal","co‍nsultation, Re‍moval"
01200.6d388843b6ffefafaf7b3093ca28a740,01200__salted__extended__cp00AD__single.6d388843b6ffefafaf7b3093ca28a740,extended,00AD,single,,,,"consultation, Removal","co­nsultation, Re­moval"
01203.f4c9144a594fb81ff323053fbd626a55,01203__salted__extended__cp200B__single.f4c9144a594fb81ff323053fbd626a55,extended,200B,single,,GUARANTEED,GU​ARANTEED,"mortgage, loan, fees","mo​rtgage, lo​an, fe​es"
01203.f4c9144a594fb81ff323053fbd626a55,01203__salted__extended__cp200C__single.f4c9144a594fb81ff323053fbd626a55,extended,200C,single,,GUARANTEED,GU‌ARANTEED,"mortgage, loan, fees","mo‌rtgage, lo‌an, fe‌es"
01203.f4c9144a594fb81ff323053fbd626a55,01203__salted__extended__cp200D__single.f4c9144a594fb81ff323053fbd626a55,extended,200D,single,,GUARANTEED,GU‍ARANTEED,"mortgage, loan, fees","mo‍rtgage, lo‍an, fe‍es"
01203.f4c9144a594fb81ff323053fbd626a55,01203__salted__extended__cp00AD__single.f4c9144a594fb81ff323053fbd626a55,extended,00AD,single,,GUARANTEED,GU­ARANTEED,"mortgage, loan, fees","mo­rtgage, lo­an, fe­es"
01206.b769233047fc696cc02ece9629190b42,01206__salted__extended__cp200B__single.b769233047fc696cc02ece9629190b42,extended,200B,single,,,,"consultation, Removal","co​nsultation, Re​moval"
01206.b769233047fc696cc02ece9629190b42,01206__salted__extended__cp200C__single.b769233047fc696cc02ece9629190b42,extended,200C,single,,,,"consultation, Removal","co‌nsultation, Re‌moval"
01206.b769233047fc696cc02ece9629190b42,01206__salted__extended__cp200D__single.b769233047fc696cc02ece9629190b42,extended,200D,single,,,,"consultation, Removal","co‍nsultation, Re‍moval"
01206.b769233047fc696cc02ece9629190b42,01206__salted__extended__cp00AD__single.b769233047fc696cc02ece9629190b42,extended,00AD,single,,,,"consultation, Removal","co­nsultation, Re­moval"
01211.e9c2c3b1d544e8618d6f87c1871021e9,01211__salted__extended__cp200B__single.e9c2c3b1d544e8618d6f87c1871021e9,extended,200B,single,,,,"CLICK, GUARANTEED","CL​ICK, GU​ARANTEED"
01211.e9c2c3b1d544e8618d6f87c1871021e9,01211__salted__extended__cp200C__single.e9c2c3b1d544e8618d6f87c1871021e9,extended,200C,single,,,,"CLICK, GUARANTEED","CL‌ICK, GU‌ARANTEED"
01211.e9c2c3b1d544e8618d6f87c1871021e9,01211__salted__extended__cp200D__single.e9c2c3b1d544e8618d6f87c1871021e9,extended,200D,single,,,,"CLICK, GUARANTEED","CL‍ICK, GU‍ARANTEED"
01211.e9c2c3b1d544e8618d6f87c1871021e9,01211__salted__extended__cp00AD__single.e9c2c3b1d544e8618d6f87c1871021e9,extended,00AD,single,,,,"CLICK, GUARANTEED","CL­ICK, GU­ARANTEED"
01213.7889eb65b4b7f2cde2a9bd3bb9f230dd,01213__salted__extended__cp200B__single.7889eb65b4b7f2cde2a9bd3bb9f230dd,extended,200B,single,,ADV,AD​V,,
01213.7889eb65b4b7f2cde2a9bd3bb9f230dd,01213__salted__extended__cp200C__single.7889eb65b4b7f2cde2a9bd3bb9f230dd,extended,200C,single,,ADV,AD‌V,,
01213.7889eb65b4b7f2cde2a9bd3bb9f230dd,01213__salted__extended__cp200D__single.7889eb65b4b7f2cde2a9bd3bb9f230dd,extended,200D,single,,ADV,AD‍V,,
01213.7889eb65b4b7f2cde2a9bd3bb9f230dd,01213__salted__extended__cp00AD__single.7889eb65b4b7f2cde2a9bd3bb9f230dd,extended,00AD,single,,ADV,AD­V,,
01215.e879c633ccfba3b6dcf761d8ac0764c0,01215__salted__extended__cp200B__single.e879c633ccfba3b6dcf761d8ac0764c0,extended,200B,single,,SYSTEMWORKS,SY​STEMWORKS,,
01215.e879c633ccfba3b6dcf761d8ac0764c0,01215__salted__extended__cp200C__single.e879c633ccfba3b6dcf761d8ac0764c0,extended,200C,single,,SYSTEMWORKS,SY‌STEMWORKS,,
01215.e879c633ccfba3b6dcf761d8ac0764c0,01215__salted__extended__cp200D__single.e879c633ccfba3b6dcf761d8ac0764c0,extended,200D,single,,SYSTEMWORKS,SY‍STEMWORKS,,
01215.e879c633ccfba3b6dcf761d8ac0764c0,01215__salted__extended__cp00AD__single.e879c633ccfba3b6dcf761d8ac0764c0,extended,00AD,single,,SYSTEMWORKS,SY­STEMWORKS,,
01216.e293653cab0c486ba135cf8fbe6700fc,01216__salted__extended__cp200B__single.e293653cab0c486ba135cf8fbe6700fc,extended,200B,single,,HGH,HG​H,,
01216.e293653cab0c486ba135cf8fbe6700fc,01216__salted__extended__cp200C__single.e293653cab0c486ba135cf8fbe6700fc,extended,200C,single,,HGH,HG‌H,,
01216.e293653cab0c486ba135cf8fbe6700fc,01216__salted__extended__cp200D__single.e293653cab0c486ba135cf8fbe6700fc,extended,200D,single,,HGH,HG‍H,,
01216.e293653cab0c486ba135cf8fbe6700fc,01216__salted__extended__cp00AD__single.e293653cab0c486ba135cf8fbe6700fc,extended,00AD,single,,HGH,HG­H,,
01218.4bb5c5746d9f19d8551437c242bfd79e,01218__salted__extended__cp200B__single.4bb5c5746d9f19d8551437c242bfd79e,extended,200B,single,,,,"Commissions, Guaranteed, Premium","Co​mmissions, Gu​aranteed, Pr​emium"
01218.4bb5c5746d9f19d8551437c242bfd79e,01218__salted__extended__cp200C__single.4bb5c5746d9f19d8551437c242bfd79e,extended,200C,single,,,,"Commissions, Guaranteed, Premium","Co‌mmissions, Gu‌aranteed, Pr‌emium"
01218.4bb5c5746d9f19d8551437c242bfd79e,01218__salted__extended__cp200D__single.4bb5c5746d9f19d8551437c242bfd79e,extended,200D,single,,,,"Commissions, Guaranteed, Premium","Co‍mmissions, Gu‍aranteed, Pr‍emium"
01218.4bb5c5746d9f19d8551437c242bfd79e,01218__salted__extended__cp00AD__single.4bb5c5746d9f19d8551437c242bfd79e,extended,00AD,single,,,,"Commissions, Guaranteed, Premium","Co­mmissions, Gu­aranteed, Pr­emium"
01220.e399b9acc45a23ec853a9bb1d2a1a859,01220__salted__extended__cp200B__single.e399b9acc45a23ec853a9bb1d2a1a859,extended,200B,single,,,,btamail,bt​amail
01220.e399b9acc45a23ec853a9bb1d2a1a859,01220__salted__extended__cp200C__single.e399b9acc45a23ec853a9bb1d2a1a859,extended,200C,single,,,,btamail,bt‌amail
01220.e399b9acc45a23ec853a9bb1d2a1a859,01220__salted__extended__cp200D__single.e399b9acc45a23ec853a9bb1d2a1a859,extended,200D,single,,,,btamail,bt‍amail
01220.e399b9acc45a23ec853a9bb1d2a1a859,01220__salted__extended__cp00AD__single.e399b9acc45a23ec853a9bb1d2a1a859,extended,00AD,single,,,,btamail,bt­amail
01223.0321f73febcffd82fcf12b36cce2c6c9,01223__salted__extended__cp200B__single.0321f73febcffd82fcf12b36cce2c6c9,extended,200B,single,,ADV,AD​V,removal,re​moval
01223.0321f73febcffd82fcf12b36cce2c6c9,01223__salted__extended__cp200C__single.0321f73febcffd82fcf12b36cce2c6c9,extended,200C,single,,ADV,AD‌V,removal,re‌moval
01223.0321f73febcffd82fcf12b36cce2c6c9,01223__salted__extended__cp200D__single.0321f73febcffd82fcf12b36cce2c6c9,extended,200D,single,,ADV,AD‍V,removal,re‍moval
01223.0321f73febcffd82fcf12b36cce2c6c9,01223__salted__extended__cp00AD__single.0321f73febcffd82fcf12b36cce2c6c9,extended,00AD,single,,ADV,AD­V,removal,re­moval
01225.a07c90bc24b619d5e8b786675dc2d118,01225__salted__extended__cp200B__single.a07c90bc24b619d5e8b786675dc2d118,extended,200B,single,,Mortgage,Mo​rtgage,,
01225.a07c90bc24b619d5e8b786675dc2d118,01225__salted__extended__cp200C__single.a07c90bc24b619d5e8b786675dc2d118,extended,200C,single,,Mortgage,Mo‌rtgage,,
01225.a07c90bc24b619d5e8b786675dc2d118,01225__salted__extended__cp200D__single.a07c90bc24b619d5e8b786675dc2d118,extended,200D,single,,Mortgage,Mo‍rtgage,,
01225.a07c90bc24b619d5e8b786675dc2d118,01225__salted__extended__cp00AD__single.a07c90bc24b619d5e8b786675dc2d118,extended,00AD,single,,Mortgage,Mo­rtgage,,
01230.0589bade8df0c343a49c6712f62dfca0,01230__salted__extended__cp200B__single.0589bade8df0c343a49c6712f62dfca0,extended,200B,single,,,,"tobacco, Guaranteed, Guaranteed","to​bacco, Gu​aranteed, Gu​aranteed"
01230.0589bade8df0c343a49c6712f62dfca0,01230__salted__extended__cp200C__single.0589bade8df0c343a49c6712f62dfca0,extended,200C,single,,,,"tobacco, Guaranteed, Guaranteed","to‌bacco, Gu‌aranteed, Gu‌aranteed"
01230.0589bade8df0c343a49c6712f62dfca0,01230__salted__extended__cp200D__single.0589bade8df0c343a49c6712f62dfca0,extended,200D,single,,,,"tobacco, Guaranteed, Guaranteed","to‍bacco, Gu‍aranteed, Gu‍aranteed"
01230.0589bade8df0c343a49c6712f62dfca0,01230__salted__extended__cp00AD__single.0589bade8df0c343a49c6712f62dfca0,extended,00AD,single,,,,"tobacco, Guaranteed, Guaranteed","to­bacco, Gu­aranteed, Gu­aranteed"
01232.2c1fbf4d9cb31dd039c1bbb078225b5a,01232__salted__extended__cp200B__single.2c1fbf4d9cb31dd039c1bbb078225b5a,extended,200B,single,,Adv,Ad​v,"premium, receive, receive","pr​emium, re​ceive, re​ceive"
01232.2c1fbf4d9cb31dd039c1bbb078225b5a,01232__salted__extended__cp200C__single.2c1fbf4d9cb31dd039c1bbb078225b5a,extended,200C,single,,Adv,Ad‌v,"premium, receive, receive","pr‌emium, re‌ceive, re‌ceive"
01232.2c1fbf4d9cb31dd039c1bbb078225b5a,01232__salted__extended__cp200D__single.2c1fbf4d9cb31dd039c1bbb078225b5a,extended,200D,single,,Adv,Ad‍v,"premium, receive, receive","pr‍emium, re‍ceive, re‍ceive"
01232.2c1fbf4d9cb31dd039c1bbb078225b5a,01232__salted__extended__cp00AD__single.2c1fbf4d9cb31dd039c1bbb078225b5a,extended,00AD,single,,Adv,Ad­v,"premium, receive, receive","pr­emium, re­ceive, re­ceive"
01234.0bcd772346e2970c6246f40359cf4de5,01234__salted__extended__cp200B__single.0bcd772346e2970c6246f40359cf4de5,extended,200B,single,,ADV,AD​V,,
01234.0bcd772346e2970c6246f40359cf4de5,01234__salted__extended__cp200C__single.0bcd772346e2970c6246f40359cf4de5,extended,200C,single,,ADV,AD‌V,,
01234.0bcd772346e2970c6246f40359cf4de5,01234__salted__extended__cp200D__single.0bcd772346e2970c6246f40359cf4de5,extended,200D,single,,ADV,AD‍V,,
01234.0bcd772346e2970c6246f40359cf4de5,01234__salted__extended__cp00AD__single.0bcd772346e2970c6246f40359cf4de5,extended,00AD,single,,ADV,AD­V,,
01236.903d52340bf3ed1a328b039bcd94e1c9,01236__salted__extended__cp200B__single.903d52340bf3ed1a328b039bcd94e1c9,extended,200B,single,,inkjet,in​kjet,,
01236.903d52340bf3ed1a328b039bcd94e1c9,01236__salted__extended__cp200C__single.903d52340bf3ed1a328b039bcd94e1c9,extended,200C,single,,inkjet,in‌kjet,,
01236.903d52340bf3ed1a328b039bcd94e1c9,01236__salted__extended__cp200D__single.903d52340bf3ed1a328b039bcd94e1c9,extended,200D,single,,inkjet,in‍kjet,,
01236.903d52340bf3ed1a328b039bcd94e1c9,01236__salted__extended__cp00AD__single.903d52340bf3ed1a328b039bcd94e1c9,extended,00AD,single,,inkjet,in­kjet,,
01237.245ac1766016b756a3ddb3b463cc9645,01237__salted__extended__cp200B__single.245ac1766016b756a3ddb3b463cc9645,extended,200B,single,,,,"CLICK, GUARANTEED","CL​ICK, GU​ARANTEED"
01237.245ac1766016b756a3ddb3b463cc9645,01237__salted__extended__cp200C__single.245ac1766016b756a3ddb3b463cc9645,extended,200C,single,,,,"CLICK, GUARANTEED","CL‌ICK, GU‌ARANTEED"
01237.245ac1766016b756a3ddb3b463cc9645,01237__salted__extended__cp200D__single.245ac1766016b756a3ddb3b463cc9645,extended,200D,single,,,,"CLICK, GUARANTEED","CL‍ICK, GU‍ARANTEED"
01237.245ac1766016b756a3ddb3b463cc9645,01237__salted__extended__cp00AD__single.245ac1766016b756a3ddb3b463cc9645,extended,00AD,single,,,,"CLICK, GUARANTEED","CL­ICK, GU­ARANTEED"
01240.7d6ae3682a3dd3fe457516b188eb105c,01240__salted__extended__cp200B__single.7d6ae3682a3dd3fe457516b188eb105c,extended,200B,single,,assistance,as​sistance,"PRESENTLY, NIGERIA, PRESENTLY","PR​ESENTLY, NI​GERIA, PR​ESENTLY"
01240.7d6ae3682a3dd3fe457516b188eb105c,01240__salted__extended__cp200C__single.7d6ae3682a3dd3fe457516b188eb105c,extended,200C,single,,assistance,as‌sistance,"PRESENTLY, NIGERIA, PRESENTLY","PR‌ESENTLY, NI‌GERIA, PR‌ESENTLY"
01240.7d6ae3682a3dd3fe457516b188eb105c,01240__salted__extended__cp200D__single.7d6ae3682a3dd3fe457516b188eb105c,extended,200D,single,,assistance,as‍sistance,"PRESENTLY, NIGERIA, PRESENTLY","PR‍ESENTLY, NI‍GERIA, PR‍ESENTLY"
01240.7d6ae3682a3dd3fe457516b188eb105c,01240__salted__extended__cp00AD__single.7d6ae3682a3dd3fe457516b188eb105c,extended,00AD,single,,assistance,as­sistance,"PRESENTLY, NIGERIA, PRESENTLY","PR­ESENTLY, NI­GERIA, PR­ESENTLY"
01242.3743099b115c6a8a273d8eca34a9c738,01242__salted__extended__cp200B__single.3743099b115c6a8a273d8eca34a9c738,extended,200B,single,,Cartridges,Ca​rtridges,,
01242.3743099b115c6a8a273d8eca34a9c738,01242__salted__extended__cp200C__single.3743099b115c6a8a273d8eca34a9c738,extended,200C,single,,Cartridges,Ca‌rtridges,,
01242.3743099b115c6a8a273d8eca34a9c738,01242__salted__extended__cp200D__single.3743099b115c6a8a273d8eca34a9c738,extended,200D,single,,Cartridges,Ca‍rtridges,,
01242.3743099b115c6a8a273d8eca34a9c738,01242__salted__extended__cp00AD__single.3743099b115c6a8a273d8eca34a9c738,extended,00AD,single,,Cartridges,Ca­rtridges,,
01248.27ec44a84866375481998caed54df8c0,01248__salted__extended__cp200B__single.27ec44a84866375481998caed54df8c0,extended,200B,single,,,,"consultation, Removal","co​nsultation, Re​moval"
01248.27ec44a84866375481998caed54df8c0,01248__salted__extended__cp200C__single.27ec44a84866375481998caed54df8c0,extended,200C,single,,,,"consultation, Removal","co‌nsultation, Re‌moval"
01248.27ec44a84866375481998caed54df8c0,01248__salted__extended__cp200D__single.27ec44a84866375481998caed54df8c0,extended,200D,single,,,,"consultation, Removal","co‍nsultation, Re‍moval"
01248.27ec44a84866375481998caed54df8c0,01248__salted__extended__cp00AD__single.27ec44a84866375481998caed54df8c0,extended,00AD,single,,,,"consultation, Removal","co­nsultation, Re­moval"
01250.2bfc033f9ced1c70e480ec75b0094431,01250__salted__extended__cp200B__single.2bfc033f9ced1c70e480ec75b0094431,extended,200B,single,,,,"Receive, receive, mailings","Re​ceive, re​ceive, ma​ilings"
01250.2bfc033f9ced1c70e480ec75b0094431,01250__salted__extended__cp200C__single.2bfc033f9ced1c70e480ec75b0094431,extended,200C,single,,,,"Receive, receive, mailings","Re‌ceive, re‌ceive, ma‌ilings"
01250.2bfc033f9ced1c70e480ec75b0094431,01250__salted__extended__cp200D__single.2bfc033f9ced1c70e480ec75b0094431,extended,200D,single,,,,"Receive, receive, mailings","Re‍ceive, re‍ceive, ma‍ilings"
01250.2bfc033f9ced1c70e480ec75b0094431,01250__salted__extended__cp00AD__single.2bfc033f9ced1c70e480ec75b0094431,extended,00AD,single,,,,"Receive, receive, mailings","Re­ceive, re­ceive, ma­ilings"
01252.85c2b9eb83de6e0447fdf956e9bd499c,01252__salted__extended__cp200B__single.85c2b9eb83de6e0447fdf956e9bd499c,extended,200B,single,,mortgage,mo​rtgage,,
01252.85c2b9eb83de6e0447fdf956e9bd499c,01252__salted__extended__cp200C__single.85c2b9eb83de6e0447fdf956e9bd499c,extended,200C,single,,mortgage,mo‌rtgage,,
01252.85c2b9eb83de6e0447fdf956e9bd499c,01252__salted__extended__cp200D__single.85c2b9eb83de6e0447fdf956e9bd499c,extended,200D,single,,mortgage,mo‍rtgage,,
01252.85c2b9eb83de6e0447fdf956e9bd499c,01252__salted__extended__cp00AD__single.85c2b9eb83de6e0447fdf956e9bd499c,extended,00AD,single,,mortgage,mo­rtgage,,
01253.26e421b9623002d636c29f79f68a58fb,01253__salted__extended__cp200B__single.26e421b9623002d636c29f79f68a58fb,extended,200B,single,,inkjet,in​kjet,,
01253.26e421b9623002d636c29f79f68a58fb,01253__salted__extended__cp200C__single.26e421b9623002d636c29f79f68a58fb,extended,200C,single,,inkjet,in‌kjet,,
01253.26e421b9623002d636c29f79f68a58fb,01253__salted__extended__cp200D__single.26e421b9623002d636c29f79f68a58fb,extended,200D,single,,inkjet,in‍kjet,,
01253.26e421b9623002d636c29f79f68a58fb,01253__salted__extended__cp00AD__single.26e421b9623002d636c29f79f68a58fb,extended,00AD,single,,inkjet,in­kjet,,
01255.e04eae4539f81463a930dfe44ebd6af8,01255__salted__extended__cp200B__single.e04eae4539f81463a930dfe44ebd6af8,extended,200B,single,,HGH,HG​H,,
01255.e04eae4539f81463a930dfe44ebd6af8,01255__salted__extended__cp200C__single.e04eae4539f81463a930dfe44ebd6af8,extended,200C,single,,HGH,HG‌H,,
01255.e04eae4539f81463a930dfe44ebd6af8,01255__salted__extended__cp200D__single.e04eae4539f81463a930dfe44ebd6af8,extended,200D,single,,HGH,HG‍H,,
01255.e04eae4539f81463a930dfe44ebd6af8,01255__salted__extended__cp00AD__single.e04eae4539f81463a930dfe44ebd6af8,extended,00AD,single,,HGH,HG­H,,
01256.93c359e7a1edb27054778deaa633b72b,01256__salted__extended__cp200B__single.93c359e7a1edb27054778deaa633b72b,extended,200B,single,,,,Confidentiality,Co​nfidentiality
01256.93c359e7a1edb27054778deaa633b72b,01256__salted__extended__cp200C__single.93c359e7a1edb27054778deaa633b72b,extended,200C,single,,,,Confidentiality,Co‌nfidentiality
01256.93c359e7a1edb27054778deaa633b72b,01256__salted__extended__cp200D__single.93c359e7a1edb27054778deaa633b72b,extended,200D,single,,,,Confidentiality,Co‍nfidentiality
01256.93c359e7a1edb27054778deaa633b72b,01256__salted__extended__cp00AD__single.93c359e7a1edb27054778deaa633b72b,extended,00AD,single,,,,Confidentiality,Co­nfidentiality
01257.f5908ef0550cdf91bd6ae55120ecb5ce,01257__salted__extended__cp200B__single.f5908ef0550cdf91bd6ae55120ecb5ce,extended,200B,single,,,,click,cl​ick
01257.f5908ef0550cdf91bd6ae55120ecb5ce,01257__salted__extended__cp200C__single.f5908ef0550cdf91bd6ae55120ecb5ce,extended,200C,single,,,,click,cl‌ick
01257.f5908ef0550cdf91bd6ae55120ecb5ce,01257__salted__extended__cp200D__single.f5908ef0550cdf91bd6ae55120ecb5ce,extended,200D,single,,,,click,cl‍ick
01257.f5908ef0550cdf91bd6ae55120ecb5ce,01257__salted__extended__cp00AD__single.f5908ef0550cdf91bd6ae55120ecb5ce,extended,00AD,single,,,,click,cl­ick
01259.b4dff1ed93bc931b271888cd42e41b85,01259__salted__extended__cp200B__single.b4dff1ed93bc931b271888cd42e41b85,extended,200B,single,,,,"tobacco, attained, inexpensive","to​bacco, at​tained, in​expensive"
01259.b4dff1ed93bc931b271888cd42e41b85,01259__salted__extended__cp200C__single.b4dff1ed93bc931b271888cd42e41b85,extended,200C,single,,,,"tobacco, attained, inexpensive","to‌bacco, at‌tained, in‌expensive"
01259.b4dff1ed93bc931b271888cd42e41b85,01259__salted__extended__cp200D__single.b4dff1ed93bc931b271888cd42e41b85,extended,200D,single,,,,"tobacco, attained, inexpensive","to‍bacco, at‍tained, in‍expensive"
01259.b4dff1ed93bc931b271888cd42e41b85,01259__salted__extended__cp00AD__single.b4dff1ed93bc931b271888cd42e41b85,extended,00AD,single,,,,"tobacco, attained, inexpensive","to­bacco, at­tained, in­expensive"
01260.fae84d2193ed2d65a14e2c8b612fb7fe,01260__salted__extended__cp200B__single.fae84d2193ed2d65a14e2c8b612fb7fe,extended,200B,single,,,,"tobacco, attained, inexpensive","to​bacco, at​tained, in​expensive"
01260.fae84d2193ed2d65a14e2c8b612fb7fe,01260__salted__extended__cp200C__single.fae84d2193ed2d65a14e2c8b612fb7fe,extended,200C,single,,,,"tobacco, attained, inexpensive","to‌bacco, at‌tained, in‌expensive"
01260.fae84d2193ed2d65a14e2c8b612fb7fe,01260__salted__extended__cp200D__single.fae84d2193ed2d65a14e2c8b612fb7fe,extended,200D,single,,,,"tobacco, attained, inexpensive","to‍bacco, at‍tained, in‍expensive"
01260.fae84d2193ed2d65a14e2c8b612fb7fe,01260__salted__extended__cp00AD__single.fae84d2193ed2d65a14e2c8b612fb7fe,extended,00AD,single,,,,"tobacco, attained, inexpensive","to­bacco, at­tained, in­expensive"
01263.4e9dc99aae6eafdf9233e60b6d3225f9,01263__salted__extended__cp200B__single.4e9dc99aae6eafdf9233e60b6d3225f9,extended,200B,single,,Attn,At​tn,,
01263.4e9dc99aae6eafdf9233e60b6d3225f9,01263__salted__extended__cp200C__single.4e9dc99aae6eafdf9233e60b6d3225f9,extended,200C,single,,Attn,At‌tn,,
01263.4e9dc99aae6eafdf9233e60b6d3225f9,01263__salted__extended__cp200D__single.4e9dc99aae6eafdf9233e60b6d3225f9,extended,200D,single,,Attn,At‍tn,,
01263.4e9dc99aae6eafdf9233e60b6d3225f9,01263__salted__extended__cp00AD__single.4e9dc99aae6eafdf9233e60b6d3225f9,extended,00AD,single,,Attn,At­tn,,
01266.78f4e45d9e8699babb2e38f04d4401a5,01266__salted__extended__cp200B__single.78f4e45d9e8699babb2e38f04d4401a5,extended,200B,single,,EARN,EA​RN,"earn, MLM, btamail","ea​rn, ML​M, bt​amail"
01266.78f4e45d9e8699babb2e38f04d4401a5,01266__salted__extended__cp200C__single.78f4e45d9e8699babb2e38f04d4401a5,extended,200C,single,,EARN,EA‌RN,"earn, MLM, btamail","ea‌rn, ML‌M, bt‌amail"
01266.78f4e45d9e8699babb2e38f04d4401a5,01266__salted__extended__cp200D__single.78f4e45d9e8699babb2e38f04d4401a5,extended,200D,single,,EARN,EA‍RN,"earn, MLM, btamail","ea‍rn, ML‍M, bt‍amail"
01266.78f4e45d9e8699babb2e38f04d4401a5,01266__salted__extended__cp00AD__single.78f4e45d9e8699babb2e38f04d4401a5,extended,00AD,single,,EARN,EA­RN,"earn, MLM, btamail","ea­rn, ML­M, bt­amail"
01267.6e9de9ba20f59c26028ebdb4550685fb,01267__salted__extended__cp200B__single.6e9de9ba20f59c26028ebdb4550685fb,extended,200B,single,,SYSTEMWORKS,SY​STEMWORKS,,
01267.6e9de9ba20f59c26028ebdb4550685fb,01267__salted__extended__cp200C__single.6e9de9ba20f59c26028ebdb4550685fb,extended,200C,single,,SYSTEMWORKS,SY‌STEMWORKS,,
01267.6e9de9ba20f59c26028ebdb4550685fb,01267__salted__extended__cp200D__single.6e9de9ba20f59c26028ebdb4550685fb,extended,200D,single,,SYSTEMWORKS,SY‍STEMWORKS,,
01267.6e9de9ba20f59c26028ebdb4550685fb,01267__salted__extended__cp00AD__single.6e9de9ba20f59c26028ebdb4550685fb,extended,00AD,single,,SYSTEMWORKS,SY­STEMWORKS,,
01270.f55f31ae8a3b92cdcddf7257aa9616a0,01270__salted__extended__cp200B__single.f55f31ae8a3b92cdcddf7257aa9616a0,extended,200B,single,,,,"assist, presently, presently","as​sist, pr​esently, pr​esently"
01270.f55f31ae8a3b92cdcddf7257aa9616a0,01270__salted__extended__cp200C__single.f55f31ae8a3b92cdcddf7257aa9616a0,extended,200C,single,,,,"assist, presently, presently","as‌sist, pr‌esently, pr‌esently"
01270.f55f31ae8a3b92cdcddf7257aa9616a0,01270__salted__extended__cp200D__single.f55f31ae8a3b92cdcddf7257aa9616a0,extended,200D,single,,,,"assist, presently, presently","as‍sist, pr‍esently, pr‍esently"
01270.f55f31ae8a3b92cdcddf7257aa9616a0,01270__salted__extended__cp00AD__single.f55f31ae8a3b92cdcddf7257aa9616a0,extended,00AD,single,,,,"assist, presently, presently","as­sist, pr­esently, pr­esently"
01272.ae29c7d7f5acfc747cf55082aa628a40,01272__salted__extended__cp200B__single.ae29c7d7f5acfc747cf55082aa628a40,extended,200B,single,,,,"currency, currency, currency","cu​rrency, cu​rrency, cu​rrency"
01272.ae29c7d7f5acfc747cf55082aa628a40,01272__salted__extended__cp200C__single.ae29c7d7f5acfc747cf55082aa628a40,extended,200C,single,,,,"currency, currency, currency","cu‌rrency, cu‌rrency, cu‌rrency"
01272.ae29c7d7f5acfc747cf55082aa628a40,01272__salted__extended__cp200D__single.ae29c7d7f5acfc747cf55082aa628a40,extended,200D,single,,,,"currency, currency, currency","cu‍rrency, cu‍rrency, cu‍rrency"
01272.ae29c7d7f5acfc747cf55082aa628a40,01272__salted__extended__cp00AD__single.ae29c7d7f5acfc747cf55082aa628a40,extended,00AD,single,,,,"currency, currency, currency","cu­rrency, cu­rrency, cu­rrency"
01273.b738ce23f30ea10c7ad44d949d111199,01273__salted__extended__cp200B__single.b738ce23f30ea10c7ad44d949d111199,extended,200B,single,,Systemworks,Sy​stemworks,,
01273.b738ce23f30ea10c7ad44d949d111199,01273__salted__extended__cp200C__single.b738ce23f30ea10c7ad44d949d111199,extended,200C,single,,Systemworks,Sy‌stemworks,,
01273.b738ce23f30ea10c7ad44d949d111199,01273__salted__extended__cp200D__single.b738ce23f30ea10c7ad44d949d111199,extended,200D,single,,Systemworks,Sy‍stemworks,,
01273.b738ce23f30ea10c7ad44d949d111199,01273__salted__extended__cp00AD__single.b738ce23f30ea10c7ad44d949d111199,extended,00AD,single,,Systemworks,Sy­stemworks,,
01274.6eb8dc0890717ae45385f0393024c30e,01274__salted__extended__cp200B__single.6eb8dc0890717ae45385f0393024c30e,extended,200B,single,,ADV,AD​V,,
01274.6eb8dc0890717ae45385f0393024c30e,01274__salted__extended__cp200C__single.6eb8dc0890717ae45385f0393024c30e,extended,200C,single,,ADV,AD‌V,,
01274.6eb8dc0890717ae45385f0393024c30e,01274__salted__extended__cp200D__single.6eb8dc0890717ae45385f0393024c30e,extended,200D,single,,ADV,AD‍V,,
01274.6eb8dc0890717ae45385f0393024c30e,01274__salted__extended__cp00AD__single.6eb8dc0890717ae45385f0393024c30e,extended,00AD,single,,ADV,AD­V,,
01275.9ce1257b70028a741bd7877f0bc2ba0e,01275__salted__extended__cp200B__single.9ce1257b70028a741bd7877f0bc2ba0e,extended,200B,single,,Mortgage,Mo​rtgage,,
01275.9ce1257b70028a741bd7877f0bc2ba0e,01275__salted__extended__cp200C__single.9ce1257b70028a741bd7877f0bc2ba0e,extended,200C,single,,Mortgage,Mo‌rtgage,,
01275.9ce1257b70028a741bd7877f0bc2ba0e,01275__salted__extended__cp200D__single.9ce1257b70028a741bd7877f0bc2ba0e,extended,200D,single,,Mortgage,Mo‍rtgage,,
01275.9ce1257b70028a741bd7877f0bc2ba0e,01275__salted__extended__cp00AD__single.9ce1257b70028a741bd7877f0bc2ba0e,extended,00AD,single,,Mortgage,Mo­rtgage,,
01277.6763a79fad1f1b39cb7d5b7faf92ea98,01277__salted__extended__cp200B__single.6763a79fad1f1b39cb7d5b7faf92ea98,extended,200B,single,,Mortgage,Mo​rtgage,"mortgage, loan, loan","mo​rtgage, lo​an, lo​an"
01277.6763a79fad1f1b39cb7d5b7faf92ea98,01277__salted__extended__cp200C__single.6763a79fad1f1b39cb7d5b7faf92ea98,extended,200C,single,,Mortgage,Mo‌rtgage,"mortgage, loan, loan","mo‌rtgage, lo‌an, lo‌an"
01277.6763a79fad1f1b39cb7d5b7faf92ea98,01277__salted__extended__cp200D__single.6763a79fad1f1b39cb7d5b7faf92ea98,extended,200D,single,,Mortgage,Mo‍rtgage,"mortgage, loan, loan","mo‍rtgage, lo‍an, lo‍an"
01277.6763a79fad1f1b39cb7d5b7faf92ea98,01277__salted__extended__cp00AD__single.6763a79fad1f1b39cb7d5b7faf92ea98,extended,00AD,single,,Mortgage,Mo­rtgage,"mortgage, loan, loan","mo­rtgage, lo­an, lo­an"
01279.56199c85479893dea5fa233e9598b7c3,01279__salted__extended__cp200B__single.56199c85479893dea5fa233e9598b7c3,extended,200B,single,,Viagra,Vi​agra,"Click, VIAGRA, prescription","Cl​ick, VI​AGRA, pr​escription"
01279.56199c85479893dea5fa233e9598b7c3,01279__salted__extended__cp200C__single.56199c85479893dea5fa233e9598b7c3,extended,200C,single,,Viagra,Vi‌agra,"Click, VIAGRA, prescription","Cl‌ick, VI‌AGRA, pr‌escription"
01279.56199c85479893dea5fa233e9598b7c3,01279__salted__extended__cp200D__single.56199c85479893dea5fa233e9598b7c3,extended,200D,single,,Viagra,Vi‍agra,"Click, VIAGRA, prescription","Cl‍ick, VI‍AGRA, pr‍escription"
01279.56199c85479893dea5fa233e9598b7c3,01279__salted__extended__cp00AD__single.56199c85479893dea5fa233e9598b7c3,extended,00AD,single,,Viagra,Vi­agra,"Click, VIAGRA, prescription","Cl­ick, VI­AGRA, pr­escription"
01280.34dde162b3c6b2e873fc9f094d28b0fd,01280__salted__extended__cp200B__single.34dde162b3c6b2e873fc9f094d28b0fd,extended,200B,single,,,,"commissions, Unlimited, mailings","co​mmissions, Un​limited, ma​ilings"
01280.34dde162b3c6b2e873fc9f094d28b0fd,01280__salted__extended__cp200C__single.34dde162b3c6b2e873fc9f094d28b0fd,extended,200C,single,,,,"commissions, Unlimited, mailings","co‌mmissions, Un‌limited, ma‌ilings"
01280.34dde162b3c6b2e873fc9f094d28b0fd,01280__salted__extended__cp200D__single.34dde162b3c6b2e873fc9f094d28b0fd,extended,200D,single,,,,"commissions, Unlimited, mailings","co‍mmissions, Un‍limited, ma‍ilings"
01280.34dde162b3c6b2e873fc9f094d28b0fd,01280__salted__extended__cp00AD__single.34dde162b3c6b2e873fc9f094d28b0fd,extended,00AD,single,,,,"commissions, Unlimited, mailings","co­mmissions, Un­limited, ma­ilings"
01281.889130eed8c0fabfe29f7ffe62d1afe1,01281__salted__extended__cp200B__single.889130eed8c0fabfe29f7ffe62d1afe1,extended,200B,single,,Annuity,An​nuity,"Annuity, promotional, Annuity","An​nuity, pr​omotional, An​nuity"
01281.889130eed8c0fabfe29f7ffe62d1afe1,01281__salted__extended__cp200C__single.889130eed8c0fabfe29f7ffe62d1afe1,extended,200C,single,,Annuity,An‌nuity,"Annuity, promotional, Annuity","An‌nuity, pr‌omotional, An‌nuity"
01281.889130eed8c0fabfe29f7ffe62d1afe1,01281__salted__extended__cp200D__single.889130eed8c0fabfe29f7ffe62d1afe1,extended,200D,single,,Annuity,An‍nuity,"Annuity, promotional, Annuity","An‍nuity, pr‍omotional, An‍nuity"
01281.889130eed8c0fabfe29f7ffe62d1afe1,01281__salted__extended__cp00AD__single.889130eed8c0fabfe29f7ffe62d1afe1,extended,00AD,single,,Annuity,An­nuity,"Annuity, promotional, Annuity","An­nuity, pr­omotional, An­nuity"
01282.9ae018dd0cf3c1f3345eb44074fd5635,01282__salted__extended__cp200B__single.9ae018dd0cf3c1f3345eb44074fd5635,extended,200B,single,,,,mailings,ma​ilings
01282.9ae018dd0cf3c1f3345eb44074fd5635,01282__salted__extended__cp200C__single.9ae018dd0cf3c1f3345eb44074fd5635,extended,200C,single,,,,mailings,ma‌ilings
01282.9ae018dd0cf3c1f3345eb44074fd5635,01282__salted__extended__cp200D__single.9ae018dd0cf3c1f3345eb44074fd5635,extended,200D,single,,,,mailings,ma‍ilings
01282.9ae018dd0cf3c1f3345eb44074fd5635,01282__salted__extended__cp00AD__single.9ae018dd0cf3c1f3345eb44074fd5635,extended,00AD,single,,,,mailings,ma­ilings
01284.218c046acbc79f6f52c767fcb3fabbbc,01284__salted__extended__cp200B__single.218c046acbc79f6f52c767fcb3fabbbc,extended,200B,single,,ADV,AD​V,,
01284.218c046acbc79f6f52c767fcb3fabbbc,01284__salted__extended__cp200C__single.218c046acbc79f6f52c767fcb3fabbbc,extended,200C,single,,ADV,AD‌V,,
01284.218c046acbc79f6f52c767fcb3fabbbc,01284__salted__extended__cp200D__single.218c046acbc79f6f52c767fcb3fabbbc,extended,200D,single,,ADV,AD‍V,,
01284.218c046acbc79f6f52c767fcb3fabbbc,01284__salted__extended__cp00AD__single.218c046acbc79f6f52c767fcb3fabbbc,extended,00AD,single,,ADV,AD­V,,
01286.80a17353e03cab185cb52237b60359e4,01286__salted__extended__cp200B__single.80a17353e03cab185cb52237b60359e4,extended,200B,single,,,,"earning, Confidentiality, receive","ea​rning, Co​nfidentiality, re​ceive"
01286.80a17353e03cab185cb52237b60359e4,01286__salted__extended__cp200C__single.80a17353e03cab185cb52237b60359e4,extended,200C,single,,,,"earning, Confidentiality, receive","ea‌rning, Co‌nfidentiality, re‌ceive"
01286.80a17353e03cab185cb52237b60359e4,01286__salted__extended__cp200D__single.80a17353e03cab185cb52237b60359e4,extended,200D,single,,,,"earning, Confidentiality, receive","ea‍rning, Co‍nfidentiality, re‍ceive"
01286.80a17353e03cab185cb52237b60359e4,01286__salted__extended__cp00AD__single.80a17353e03cab185cb52237b60359e4,extended,00AD,single,,,,"earning, Confidentiality, receive","ea­rning, Co­nfidentiality, re­ceive"
01287.45b0eefc02506c5c82e5ab4ffe2fc625,01287__salted__extended__cp200B__single.45b0eefc02506c5c82e5ab4ffe2fc625,extended,200B,single,,Herbal,He​rbal,,
01287.45b0eefc02506c5c82e5ab4ffe2fc625,01287__salted__extended__cp200C__single.45b0eefc02506c5c82e5ab4ffe2fc625,extended,200C,single,,Herbal,He‌rbal,,
01287.45b0eefc02506c5c82e5ab4ffe2fc625,01287__salted__extended__cp200D__single.45b0eefc02506c5c82e5ab4ffe2fc625,extended,200D,single,,Herbal,He‍rbal,,
01287.45b0eefc02506c5c82e5ab4ffe2fc625,01287__salted__extended__cp00AD__single.45b0eefc02506c5c82e5ab4ffe2fc625,extended,00AD,single,,Herbal,He­rbal,,
01290.cc97aad0960efa7c8b76464b39d54bc9,01290__salted__extended__cp200B__single.cc97aad0960efa7c8b76464b39d54bc9,extended,200B,single,,ADV,AD​V,,
01290.cc97aad0960efa7c8b76464b39d54bc9,01290__salted__extended__cp200C__single.cc97aad0960efa7c8b76464b39d54bc9,extended,200C,single,,ADV,AD‌V,,
01290.cc97aad0960efa7c8b76464b39d54bc9,01290__salted__extended__cp200D__single.cc97aad0960efa7c8b76464b39d54bc9,extended,200D,single,,ADV,AD‍V,,
01290.cc97aad0960efa7c8b76464b39d54bc9,01290__salted__extended__cp00AD__single.cc97aad0960efa7c8b76464b39d54bc9,extended,00AD,single,,ADV,AD­V,,
01291.4fee8a2f5fb6dce4e775b054282b6a71,01291__salted__extended__cp200B__single.4fee8a2f5fb6dce4e775b054282b6a71,extended,200B,single,,,,receive,re​ceive
01291.4fee8a2f5fb6dce4e775b054282b6a71,01291__salted__extended__cp200C__single.4fee8a2f5fb6dce4e775b054282b6a71,extended,200C,single,,,,receive,re‌ceive
01291.4fee8a2f5fb6dce4e775b054282b6a71,01291__salted__extended__cp200D__single.4fee8a2f5fb6dce4e775b054282b6a71,extended,200D,single,,,,receive,re‍ceive
01291.4fee8a2f5fb6dce4e775b054282b6a71,01291__salted__extended__cp00AD__single.4fee8a2f5fb6dce4e775b054282b6a71,extended,00AD,single,,,,receive,re­ceive
01292.3cfdacd938c6a4a7544581399e28e81c,01292__salted__extended__cp200B__single.3cfdacd938c6a4a7544581399e28e81c,extended,200B,single,,Adv,Ad​v,click,cl​ick
01292.3cfdacd938c6a4a7544581399e28e81c,01292__salted__extended__cp200C__single.3cfdacd938c6a4a7544581399e28e81c,extended,200C,single,,Adv,Ad‌v,click,cl‌ick
01292.3cfdacd938c6a4a7544581399e28e81c,01292__salted__extended__cp200D__single.3cfdacd938c6a4a7544581399e28e81c,extended,200D,single,,Adv,Ad‍v,click,cl‍ick
01292.3cfdacd938c6a4a7544581399e28e81c,01292__salted__extended__cp00AD__single.3cfdacd938c6a4a7544581399e28e81c,extended,00AD,single,,Adv,Ad­v,click,cl­ick
01293.1073233e92a1fb8808e384cbc0d60e58,01293__salted__extended__cp200B__single.1073233e92a1fb8808e384cbc0d60e58,extended,200B,single,,Beneficiary,Be​neficiary,"beneficiary, beneficiary","be​neficiary, be​neficiary"
01293.1073233e92a1fb8808e384cbc0d60e58,01293__salted__extended__cp200C__single.1073233e92a1fb8808e384cbc0d60e58,extended,200C,single,,Beneficiary,Be‌neficiary,"beneficiary, beneficiary","be‌neficiary, be‌neficiary"
01293.1073233e92a1fb8808e384cbc0d60e58,01293__salted__extended__cp200D__single.1073233e92a1fb8808e384cbc0d60e58,extended,200D,single,,Beneficiary,Be‍neficiary,"beneficiary, beneficiary","be‍neficiary, be‍neficiary"
01293.1073233e92a1fb8808e384cbc0d60e58,01293__salted__extended__cp00AD__single.1073233e92a1fb8808e384cbc0d60e58,extended,00AD,single,,Beneficiary,Be­neficiary,"beneficiary, beneficiary","be­neficiary, be­neficiary"
01295.7cea2d55caf3dfae98b350e67a431e35,01295__salted__extended__cp200B__single.7cea2d55caf3dfae98b350e67a431e35,extended,200B,single,,loan,lo​an,,
01295.7cea2d55caf3dfae98b350e67a431e35,01295__salted__extended__cp200C__single.7cea2d55caf3dfae98b350e67a431e35,extended,200C,single,,loan,lo‌an,,
01295.7cea2d55caf3dfae98b350e67a431e35,01295__salted__extended__cp200D__single.7cea2d55caf3dfae98b350e67a431e35,extended,200D,single,,loan,lo‍an,,
01295.7cea2d55caf3dfae98b350e67a431e35,01295__salted__extended__cp00AD__single.7cea2d55caf3dfae98b350e67a431e35,extended,00AD,single,,loan,lo­an,,
01296.34052422109f131a8b1fb59d1d42f899,01296__salted__extended__cp200B__single.34052422109f131a8b1fb59d1d42f899,extended,200B,single,,,,"CLICK, GUARANTEED","CL​ICK, GU​ARANTEED"
01296.34052422109f131a8b1fb59d1d42f899,01296__salted__extended__cp200C__single.34052422109f131a8b1fb59d1d42f899,extended,200C,single,,,,"CLICK, GUARANTEED","CL‌ICK, GU‌ARANTEED"
01296.34052422109f131a8b1fb59d1d42f899,01296__salted__extended__cp200D__single.34052422109f131a8b1fb59d1d42f899,extended,200D,single,,,,"CLICK, GUARANTEED","CL‍ICK, GU‍ARANTEED"
01296.34052422109f131a8b1fb59d1d42f899,01296__salted__extended__cp00AD__single.34052422109f131a8b1fb59d1d42f899,extended,00AD,single,,,,"CLICK, GUARANTEED","CL­ICK, GU­ARANTEED"
01297.6899dd73603e94dcefaba9970c3cfb69,01297__salted__extended__cp200B__single.6899dd73603e94dcefaba9970c3cfb69,extended,200B,single,,ADV,AD​V,,
01297.6899dd73603e94dcefaba9970c3cfb69,01297__salted__extended__cp200C__single.6899dd73603e94dcefaba9970c3cfb69,extended,200C,single,,ADV,AD‌V,,
01297.6899dd73603e94dcefaba9970c3cfb69,01297__salted__extended__cp200D__single.6899dd73603e94dcefaba9970c3cfb69,extended,200D,single,,ADV,AD‍V,,
01297.6899dd73603e94dcefaba9970c3cfb69,01297__salted__extended__cp00AD__single.6899dd73603e94dcefaba9970c3cfb69,extended,00AD,single,,ADV,AD­V,,
01298.3e410f64d440f9c883243bcc942b0f41,01298__salted__extended__cp200B__single.3e410f64d440f9c883243bcc942b0f41,extended,200B,single,,,,"receive, mailings, click","re​ceive, ma​ilings, cl​ick"
01298.3e410f64d440f9c883243bcc942b0f41,01298__salted__extended__cp200C__single.3e410f64d440f9c883243bcc942b0f41,extended,200C,single,,,,"receive, mailings, click","re‌ceive, ma‌ilings, cl‌ick"
01298.3e410f64d440f9c883243bcc942b0f41,01298__salted__extended__cp200D__single.3e410f64d440f9c883243bcc942b0f41,extended,200D,single,,,,"receive, mailings, click","re‍ceive, ma‍ilings, cl‍ick"
01298.3e410f64d440f9c883243bcc942b0f41,01298__salted__extended__cp00AD__single.3e410f64d440f9c883243bcc942b0f41,extended,00AD,single,,,,"receive, mailings, click","re­ceive, ma­ilings, cl­ick"
01300.74283a1a03062473904cd6f9965df1d5,01300__salted__extended__cp200B__single.74283a1a03062473904cd6f9965df1d5,extended,200B,single,,,,"Toll, Compliance, Premium","To​ll, Co​mpliance, Pr​emium"
01300.74283a1a03062473904cd6f9965df1d5,01300__salted__extended__cp200C__single.74283a1a03062473904cd6f9965df1d5,extended,200C,single,,,,"Toll, Compliance, Premium","To‌ll, Co‌mpliance, Pr‌emium"
01300.74283a1a03062473904cd6f9965df1d5,01300__salted__extended__cp200D__single.74283a1a03062473904cd6f9965df1d5,extended,200D,single,,,,"Toll, Compliance, Premium","To‍ll, Co‍mpliance, Pr‍emium"
01300.74283a1a03062473904cd6f9965df1d5,01300__salted__extended__cp00AD__single.74283a1a03062473904cd6f9965df1d5,extended,00AD,single,,,,"Toll, Compliance, Premium","To­ll, Co­mpliance, Pr­emium"
01303.59ad6322f5af1c3672849f504ad86fce,01303__salted__extended__cp200B__single.59ad6322f5af1c3672849f504ad86fce,extended,200B,single,,MLM,ML​M,"earn, MLM, MLM","ea​rn, ML​M, ML​M"
01303.59ad6322f5af1c3672849f504ad86fce,01303__salted__extended__cp200C__single.59ad6322f5af1c3672849f504ad86fce,extended,200C,single,,MLM,ML‌M,"earn, MLM, MLM","ea‌rn, ML‌M, ML‌M"
01303.59ad6322f5af1c3672849f504ad86fce,01303__salted__extended__cp200D__single.59ad6322f5af1c3672849f504ad86fce,extended,200D,single,,MLM,ML‍M,"earn, MLM, MLM","ea‍rn, ML‍M, ML‍M"
01303.59ad6322f5af1c3672849f504ad86fce,01303__salted__extended__cp00AD__single.59ad6322f5af1c3672849f504ad86fce,extended,00AD,single,,MLM,ML­M,"earn, MLM, MLM","ea­rn, ML­M, ML­M"
01305.2456653e0fbd780a77a3d25229109432,01305__salted__extended__cp200B__single.2456653e0fbd780a77a3d25229109432,extended,200B,single,,ADV,AD​V,,
01305.2456653e0fbd780a77a3d25229109432,01305__salted__extended__cp200C__single.2456653e0fbd780a77a3d25229109432,extended,200C,single,,ADV,AD‌V,,
01305.2456653e0fbd780a77a3d25229109432,01305__salted__extended__cp200D__single.2456653e0fbd780a77a3d25229109432,extended,200D,single,,ADV,AD‍V,,
01305.2456653e0fbd780a77a3d25229109432,01305__salted__extended__cp00AD__single.2456653e0fbd780a77a3d25229109432,extended,00AD,single,,ADV,AD­V,,
01306.d37be8871ac501758c6854fbef9cbdd2,01306__salted__extended__cp200B__single.d37be8871ac501758c6854fbef9cbdd2,extended,200B,single,,Premium,Pr​emium,,
01306.d37be8871ac501758c6854fbef9cbdd2,01306__salted__extended__cp200C__single.d37be8871ac501758c6854fbef9cbdd2,extended,200C,single,,Premium,Pr‌emium,,
01306.d37be8871ac501758c6854fbef9cbdd2,01306__salted__extended__cp200D__single.d37be8871ac501758c6854fbef9cbdd2,extended,200D,single,,Premium,Pr‍emium,,
01306.d37be8871ac501758c6854fbef9cbdd2,01306__salted__extended__cp00AD__single.d37be8871ac501758c6854fbef9cbdd2,extended,00AD,single,,Premium,Pr­emium,,
01308.c46f1215ccd8cedf162e0cf308b94dcd,01308__salted__extended__cp200B__single.c46f1215ccd8cedf162e0cf308b94dcd,extended,200B,single,,,,"ATTAINED, profitable, testimonials","AT​TAINED, pr​ofitable, te​stimonials"
01308.c46f1215ccd8cedf162e0cf308b94dcd,01308__salted__extended__cp200C__single.c46f1215ccd8cedf162e0cf308b94dcd,extended,200C,single,,,,"ATTAINED, profitable, testimonials","AT‌TAINED, pr‌ofitable, te‌stimonials"
01308.c46f1215ccd8cedf162e0cf308b94dcd,01308__salted__extended__cp200D__single.c46f1215ccd8cedf162e0cf308b94dcd,extended,200D,single,,,,"ATTAINED, profitable, testimonials","AT‍TAINED, pr‍ofitable, te‍stimonials"
01308.c46f1215ccd8cedf162e0cf308b94dcd,01308__salted__extended__cp00AD__single.c46f1215ccd8cedf162e0cf308b94dcd,extended,00AD,single,,,,"ATTAINED, profitable, testimonials","AT­TAINED, pr­ofitable, te­stimonials"
01310.39e7167813c411d9163ceedcba3b3702,01310__salted__extended__cp200B__single.39e7167813c411d9163ceedcba3b3702,extended,200B,single,,,,CLICK,CL​ICK
01310.39e7167813c411d9163ceedcba3b3702,01310__salted__extended__cp200C__single.39e7167813c411d9163ceedcba3b3702,extended,200C,single,,,,CLICK,CL‌ICK
01310.39e7167813c411d9163ceedcba3b3702,01310__salted__extended__cp200D__single.39e7167813c411d9163ceedcba3b3702,extended,200D,single,,,,CLICK,CL‍ICK
01310.39e7167813c411d9163ceedcba3b3702,01310__salted__extended__cp00AD__single.39e7167813c411d9163ceedcba3b3702,extended,00AD,single,,,,CLICK,CL­ICK
01311.43bfe86df65d53c5f7ca2365dc12582b,01311__salted__extended__cp200B__single.43bfe86df65d53c5f7ca2365dc12582b,extended,200B,single,,mortgage,mo​rtgage,,
01311.43bfe86df65d53c5f7ca2365dc12582b,01311__salted__extended__cp200C__single.43bfe86df65d53c5f7ca2365dc12582b,extended,200C,single,,mortgage,mo‌rtgage,,
01311.43bfe86df65d53c5f7ca2365dc12582b,01311__salted__extended__cp200D__single.43bfe86df65d53c5f7ca2365dc12582b,extended,200D,single,,mortgage,mo‍rtgage,,
01311.43bfe86df65d53c5f7ca2365dc12582b,01311__salted__extended__cp00AD__single.43bfe86df65d53c5f7ca2365dc12582b,extended,00AD,single,,mortgage,mo­rtgage,,
01315.88a113666f60469492624820111ee3be,01315__salted__extended__cp200B__single.88a113666f60469492624820111ee3be,extended,200B,single,,,,"CLICK, GUARANTEED","CL​ICK, GU​ARANTEED"
01315.88a113666f60469492624820111ee3be,01315__salted__extended__cp200C__single.88a113666f60469492624820111ee3be,extended,200C,single,,,,"CLICK, GUARANTEED","CL‌ICK, GU‌ARANTEED"
01315.88a113666f60469492624820111ee3be,01315__salted__extended__cp200D__single.88a113666f60469492624820111ee3be,extended,200D,single,,,,"CLICK, GUARANTEED","CL‍ICK, GU‍ARANTEED"
01315.88a113666f60469492624820111ee3be,01315__salted__extended__cp00AD__single.88a113666f60469492624820111ee3be,extended,00AD,single,,,,"CLICK, GUARANTEED","CL­ICK, GU­ARANTEED"
01318.5ceb2b7a8b5780b006500266f5a508ca,01318__salted__extended__cp200B__single.5ceb2b7a8b5780b006500266f5a508ca,extended,200B,single,,Mortgage,Mo​rtgage,,
01318.5ceb2b7a8b5780b006500266f5a508ca,01318__salted__extended__cp200C__single.5ceb2b7a8b5780b006500266f5a508ca,extended,200C,single,,Mortgage,Mo‌rtgage,,
01318.5ceb2b7a8b5780b006500266f5a508ca,01318__salted__extended__cp200D__single.5ceb2b7a8b5780b006500266f5a508ca,extended,200D,single,,Mortgage,Mo‍rtgage,,
01318.5ceb2b7a8b5780b006500266f5a508ca,01318__salted__extended__cp00AD__single.5ceb2b7a8b5780b006500266f5a508ca,extended,00AD,single,,Mortgage,Mo­rtgage,,
01319.ec67d39c89f4a5865b730879685f3092,01319__salted__extended__cp200B__single.ec67d39c89f4a5865b730879685f3092,extended,200B,single,,,,guaranteed,gu​aranteed
01319.ec67d39c89f4a5865b730879685f3092,01319__salted__extended__cp200C__single.ec67d39c89f4a5865b730879685f3092,extended,200C,single,,,,guaranteed,gu‌aranteed
01319.ec67d39c89f4a5865b730879685f3092,01319__salted__extended__cp200D__single.ec67d39c89f4a5865b730879685f3092,extended,200D,single,,,,guaranteed,gu‍aranteed
01319.ec67d39c89f4a5865b730879685f3092,01319__salted__extended__cp00AD__single.ec67d39c89f4a5865b730879685f3092,extended,00AD,single,,,,guaranteed,gu­aranteed
01320.9d28c111c72720b5cd64a025591dbce5,01320__salted__extended__cp200B__single.9d28c111c72720b5cd64a025591dbce5,extended,200B,single,,Attn,At​tn,,
01320.9d28c111c72720b5cd64a025591dbce5,01320__salted__extended__cp200C__single.9d28c111c72720b5cd64a025591dbce5,extended,200C,single,,Attn,At‌tn,,
01320.9d28c111c72720b5cd64a025591dbce5,01320__salted__extended__cp200D__single.9d28c111c72720b5cd64a025591dbce5,extended,200D,single,,Attn,At‍tn,,
01320.9d28c111c72720b5cd64a025591dbce5,01320__salted__extended__cp00AD__single.9d28c111c72720b5cd64a025591dbce5,extended,00AD,single,,Attn,At­tn,,
01321.f32dcf9a564da7e27f9fcad664cb0fe1,01321__salted__extended__cp200B__single.f32dcf9a564da7e27f9fcad664cb0fe1,extended,200B,single,,,,apologize,ap​ologize
01321.f32dcf9a564da7e27f9fcad664cb0fe1,01321__salted__extended__cp200C__single.f32dcf9a564da7e27f9fcad664cb0fe1,extended,200C,single,,,,apologize,ap‌ologize
01321.f32dcf9a564da7e27f9fcad664cb0fe1,01321__salted__extended__cp200D__single.f32dcf9a564da7e27f9fcad664cb0fe1,extended,200D,single,,,,apologize,ap‍ologize
01321.f32dcf9a564da7e27f9fcad664cb0fe1,01321__salted__extended__cp00AD__single.f32dcf9a564da7e27f9fcad664cb0fe1,extended,00AD,single,,,,apologize,ap­ologize
01322.ff3e699f59f732ca886de5873eef313e,01322__salted__extended__cp200B__single.ff3e699f59f732ca886de5873eef313e,extended,200B,single,,,,"Guaranteed, Guaranteed, Annuity","Gu​aranteed, Gu​aranteed, An​nuity"
01322.ff3e699f59f732ca886de5873eef313e,01322__salted__extended__cp200C__single.ff3e699f59f732ca886de5873eef313e,extended,200C,single,,,,"Guaranteed, Guaranteed, Annuity","Gu‌aranteed, Gu‌aranteed, An‌nuity"
01322.ff3e699f59f732ca886de5873eef313e,01322__salted__extended__cp200D__single.ff3e699f59f732ca886de5873eef313e,extended,200D,single,,,,"Guaranteed, Guaranteed, Annuity","Gu‍aranteed, Gu‍aranteed, An‍nuity"
01322.ff3e699f59f732ca886de5873eef313e,01322__salted__extended__cp00AD__single.ff3e699f59f732ca886de5873eef313e,extended,00AD,single,,,,"Guaranteed, Guaranteed, Annuity","Gu­aranteed, Gu­aranteed, An­nuity"
01324.6ae300702ee69538834dccea9b774fef,01324__salted__extended__cp200B__single.6ae300702ee69538834dccea9b774fef,extended,200B,single,,MLM,ML​M,"earn, MLM, MLM","ea​rn, ML​M, ML​M"
01324.6ae300702ee69538834dccea9b774fef,01324__salted__extended__cp200C__single.6ae300702ee69538834dccea9b774fef,extended,200C,single,,MLM,ML‌M,"earn, MLM, MLM","ea‌rn, ML‌M, ML‌M"
01324.6ae300702ee69538834dccea9b774fef,01324__salted__extended__cp200D__single.6ae300702ee69538834dccea9b774fef,extended,200D,single,,MLM,ML‍M,"earn, MLM, MLM","ea‍rn, ML‍M, ML‍M"
01324.6ae300702ee69538834dccea9b774fef,01324__salted__extended__cp00AD__single.6ae300702ee69538834dccea9b774fef,extended,00AD,single,,MLM,ML­M,"earn, MLM, MLM","ea­rn, ML­M, ML­M"
01326.32e7912cae22a40e7b27f7d020de08fe,01326__salted__extended__cp200B__single.32e7912cae22a40e7b27f7d020de08fe,extended,200B,single,,,,"NBC, click, Click","NB​C, cl​ick, Cl​ick"
01326.32e7912cae22a40e7b27f7d020de08fe,01326__salted__extended__cp200C__single.32e7912cae22a40e7b27f7d020de08fe,extended,200C,single,,,,"NBC, click, Click","NB‌C, cl‌ick, Cl‌ick"
01326.32e7912cae22a40e7b27f7d020de08fe,01326__salted__extended__cp200D__single.32e7912cae22a40e7b27f7d020de08fe,extended,200D,single,,,,"NBC, click, Click","NB‍C, cl‍ick, Cl‍ick"
01326.32e7912cae22a40e7b27f7d020de08fe,01326__salted__extended__cp00AD__single.32e7912cae22a40e7b27f7d020de08fe,extended,00AD,single,,,,"NBC, click, Click","NB­C, cl­ick, Cl­ick"
01328.b23902de23cb3ca1f3334517282372b2,01328__salted__extended__cp200B__single.b23902de23cb3ca1f3334517282372b2,extended,200B,single,,,,"unlimited, monthly, unlimited","un​limited, mo​nthly, un​limited"
01328.b23902de23cb3ca1f3334517282372b2,01328__salted__extended__cp200C__single.b23902de23cb3ca1f3334517282372b2,extended,200C,single,,,,"unlimited, monthly, unlimited","un‌limited, mo‌nthly, un‌limited"
01328.b23902de23cb3ca1f3334517282372b2,01328__salted__extended__cp200D__single.b23902de23cb3ca1f3334517282372b2,extended,200D,single,,,,"unlimited, monthly, unlimited","un‍limited, mo‍nthly, un‍limited"
01328.b23902de23cb3ca1f3334517282372b2,01328__salted__extended__cp00AD__single.b23902de23cb3ca1f3334517282372b2,extended,00AD,single,,,,"unlimited, monthly, unlimited","un­limited, mo­nthly, un­limited"
01329.75ca6f174da63761de16480f22089dae,01329__salted__extended__cp200B__single.75ca6f174da63761de16480f22089dae,extended,200B,single,,inkjet,in​kjet,,
01329.75ca6f174da63761de16480f22089dae,01329__salted__extended__cp200C__single.75ca6f174da63761de16480f22089dae,extended,200C,single,,inkjet,in‌kjet,,
01329.75ca6f174da63761de16480f22089dae,01329__salted__extended__cp200D__single.75ca6f174da63761de16480f22089dae,extended,200D,single,,inkjet,in‍kjet,,
01329.75ca6f174da63761de16480f22089dae,01329__salted__extended__cp00AD__single.75ca6f174da63761de16480f22089dae,extended,00AD,single,,inkjet,in­kjet,,
01330.dafb0dd3006f86f73f42b4e24266277c,01330__salted__extended__cp200B__single.dafb0dd3006f86f73f42b4e24266277c,extended,200B,single,,,,"CLICK, GUARANTEED","CL​ICK, GU​ARANTEED"
01330.dafb0dd3006f86f73f42b4e24266277c,01330__salted__extended__cp200C__single.dafb0dd3006f86f73f42b4e24266277c,extended,200C,single,,,,"CLICK, GUARANTEED","CL‌ICK, GU‌ARANTEED"
01330.dafb0dd3006f86f73f42b4e24266277c,01330__salted__extended__cp200D__single.dafb0dd3006f86f73f42b4e24266277c,extended,200D,single,,,,"CLICK, GUARANTEED","CL‍ICK, GU‍ARANTEED"
01330.dafb0dd3006f86f73f42b4e24266277c,01330__salted__extended__cp00AD__single.dafb0dd3006f86f73f42b4e24266277c,extended,00AD,single,,,,"CLICK, GUARANTEED","CL­ICK, GU­ARANTEED"
01333.1e5a572d1c326c109f613a9d2137acc8,01333__salted__extended__cp200B__single.1e5a572d1c326c109f613a9d2137acc8,extended,200B,single,,,,"click, click, click","cl​ick, cl​ick, cl​ick"
01333.1e5a572d1c326c109f613a9d2137acc8,01333__salted__extended__cp200C__single.1e5a572d1c326c109f613a9d2137acc8,extended,200C,single,,,,"click, click, click","cl‌ick, cl‌ick, cl‌ick"
01333.1e5a572d1c326c109f613a9d2137acc8,01333__salted__extended__cp200D__single.1e5a572d1c326c109f613a9d2137acc8,extended,200D,single,,,,"click, click, click","cl‍ick, cl‍ick, cl‍ick"
01333.1e5a572d1c326c109f613a9d2137acc8,01333__salted__extended__cp00AD__single.1e5a572d1c326c109f613a9d2137acc8,extended,00AD,single,,,,"click, click, click","cl­ick, cl­ick, cl­ick"
01335.ca70ab7f2d1accef8b3cf646e3004ef8,01335__salted__extended__cp200B__single.ca70ab7f2d1accef8b3cf646e3004ef8,extended,200B,single,,mortgage,mo​rtgage,,
01335.ca70ab7f2d1accef8b3cf646e3004ef8,01335__salted__extended__cp200C__single.ca70ab7f2d1accef8b3cf646e3004ef8,extended,200C,single,,mortgage,mo‌rtgage,,
01335.ca70ab7f2d1accef8b3cf646e3004ef8,01335__salted__extended__cp200D__single.ca70ab7f2d1accef8b3cf646e3004ef8,extended,200D,single,,mortgage,mo‍rtgage,,
01335.ca70ab7f2d1accef8b3cf646e3004ef8,01335__salted__extended__cp00AD__single.ca70ab7f2d1accef8b3cf646e3004ef8,extended,00AD,single,,mortgage,mo­rtgage,,
01339.d94a16532a6f42497266dcc327a40163,01339__salted__extended__cp200B__single.d94a16532a6f42497266dcc327a40163,extended,200B,single,,mortgage,mo​rtgage,,
01339.d94a16532a6f42497266dcc327a40163,01339__salted__extended__cp200C__single.d94a16532a6f42497266dcc327a40163,extended,200C,single,,mortgage,mo‌rtgage,,
01339.d94a16532a6f42497266dcc327a40163,01339__salted__extended__cp200D__single.d94a16532a6f42497266dcc327a40163,extended,200D,single,,mortgage,mo‍rtgage,,
01339.d94a16532a6f42497266dcc327a40163,01339__salted__extended__cp00AD__single.d94a16532a6f42497266dcc327a40163,extended,00AD,single,,mortgage,mo­rtgage,,
01340.0b77f53fb084eb948e07dc7ed2ab5c34,01340__salted__extended__cp200B__single.0b77f53fb084eb948e07dc7ed2ab5c34,extended,200B,single,,,,"earning, receive, Confidentiality","ea​rning, re​ceive, Co​nfidentiality"
01340.0b77f53fb084eb948e07dc7ed2ab5c34,01340__salted__extended__cp200C__single.0b77f53fb084eb948e07dc7ed2ab5c34,extended,200C,single,,,,"earning, receive, Confidentiality","ea‌rning, re‌ceive, Co‌nfidentiality"
01340.0b77f53fb084eb948e07dc7ed2ab5c34,01340__salted__extended__cp200D__single.0b77f53fb084eb948e07dc7ed2ab5c34,extended,200D,single,,,,"earning, receive, Confidentiality","ea‍rning, re‍ceive, Co‍nfidentiality"
01340.0b77f53fb084eb948e07dc7ed2ab5c34,01340__salted__extended__cp00AD__single.0b77f53fb084eb948e07dc7ed2ab5c34,extended,00AD,single,,,,"earning, receive, Confidentiality","ea­rning, re­ceive, Co­nfidentiality"
01341.62703c6047c508d1d84bde0b7653b556,01341__salted__extended__cp200B__single.62703c6047c508d1d84bde0b7653b556,extended,200B,single,,ADV,AD​V,,
01341.62703c6047c508d1d84bde0b7653b556,01341__salted__extended__cp200C__single.62703c6047c508d1d84bde0b7653b556,extended,200C,single,,ADV,AD‌V,,
01341.62703c6047c508d1d84bde0b7653b556,01341__salted__extended__cp200D__single.62703c6047c508d1d84bde0b7653b556,extended,200D,single,,ADV,AD‍V,,
01341.62703c6047c508d1d84bde0b7653b556,01341__salted__extended__cp00AD__single.62703c6047c508d1d84bde0b7653b556,extended,00AD,single,,ADV,AD­V,,
01342.7f89acf56fb4398340a0b07481e3193f,01342__salted__extended__cp200B__single.7f89acf56fb4398340a0b07481e3193f,extended,200B,single,,,,"UNLIMITED, unlimited, Postal","UN​LIMITED, un​limited, Po​stal"
01342.7f89acf56fb4398340a0b07481e3193f,01342__salted__extended__cp200C__single.7f89acf56fb4398340a0b07481e3193f,extended,200C,single,,,,"UNLIMITED, unlimited, Postal","UN‌LIMITED, un‌limited, Po‌stal"
01342.7f89acf56fb4398340a0b07481e3193f,01342__salted__extended__cp200D__single.7f89acf56fb4398340a0b07481e3193f,extended,200D,single,,,,"UNLIMITED, unlimited, Postal","UN‍LIMITED, un‍limited, Po‍stal"
01342.7f89acf56fb4398340a0b07481e3193f,01342__salted__extended__cp00AD__single.7f89acf56fb4398340a0b07481e3193f,extended,00AD,single,,,,"UNLIMITED, unlimited, Postal","UN­LIMITED, un­limited, Po­stal"
01344.43dbbbac0d006790dd696123d455f5b9,01344__salted__extended__cp200B__single.43dbbbac0d006790dd696123d455f5b9,extended,200B,single,,Mortgage,Mo​rtgage,,
01344.43dbbbac0d006790dd696123d455f5b9,01344__salted__extended__cp200C__single.43dbbbac0d006790dd696123d455f5b9,extended,200C,single,,Mortgage,Mo‌rtgage,,
01344.43dbbbac0d006790dd696123d455f5b9,01344__salted__extended__cp200D__single.43dbbbac0d006790dd696123d455f5b9,extended,200D,single,,Mortgage,Mo‍rtgage,,
01344.43dbbbac0d006790dd696123d455f5b9,01344__salted__extended__cp00AD__single.43dbbbac0d006790dd696123d455f5b9,extended,00AD,single,,Mortgage,Mo­rtgage,,
01345.436954c32bbf82773e33853ac26ef881,01345__salted__extended__cp200B__single.436954c32bbf82773e33853ac26ef881,extended,200B,single,,,,"guaranteed, Insurance, receive","gu​aranteed, In​surance, re​ceive"
01345.436954c32bbf82773e33853ac26ef881,01345__salted__extended__cp200C__single.436954c32bbf82773e33853ac26ef881,extended,200C,single,,,,"guaranteed, Insurance, receive","gu‌aranteed, In‌surance, re‌ceive"
01345.436954c32bbf82773e33853ac26ef881,01345__salted__extended__cp200D__single.436954c32bbf82773e33853ac26ef881,extended,200D,single,,,,"guaranteed, Insurance, receive","gu‍aranteed, In‍surance, re‍ceive"
01345.436954c32bbf82773e33853ac26ef881,01345__salted__extended__cp00AD__single.436954c32bbf82773e33853ac26ef881,extended,00AD,single,,,,"guaranteed, Insurance, receive","gu­aranteed, In­surance, re­ceive"
01347.e2cd456cd2d58601fec5a5b6323463e1,01347__salted__extended__cp200B__single.e2cd456cd2d58601fec5a5b6323463e1,extended,200B,single,,Herbal,He​rbal,,
01347.e2cd456cd2d58601fec5a5b6323463e1,01347__salted__extended__cp200C__single.e2cd456cd2d58601fec5a5b6323463e1,extended,200C,single,,Herbal,He‌rbal,,
01347.e2cd456cd2d58601fec5a5b6323463e1,01347__salted__extended__cp200D__single.e2cd456cd2d58601fec5a5b6323463e1,extended,200D,single,,Herbal,He‍rbal,,
01347.e2cd456cd2d58601fec5a5b6323463e1,01347__salted__extended__cp00AD__single.e2cd456cd2d58601fec5a5b6323463e1,extended,00AD,single,,Herbal,He­rbal,,
01348.0ed90bb4a1ba1ea2309ffdbbce093753,01348__salted__extended__cp200B__single.0ed90bb4a1ba1ea2309ffdbbce093753,extended,200B,single,,inkjet,in​kjet,,
01348.0ed90bb4a1ba1ea2309ffdbbce093753,01348__salted__extended__cp200C__single.0ed90bb4a1ba1ea2309ffdbbce093753,extended,200C,single,,inkjet,in‌kjet,,
01348.0ed90bb4a1ba1ea2309ffdbbce093753,01348__salted__extended__cp200D__single.0ed90bb4a1ba1ea2309ffdbbce093753,extended,200D,single,,inkjet,in‍kjet,,
01348.0ed90bb4a1ba1ea2309ffdbbce093753,01348__salted__extended__cp00AD__single.0ed90bb4a1ba1ea2309ffdbbce093753,extended,00AD,single,,inkjet,in­kjet,,
01349.71c7c224e68df0a19c1834065368c89f,01349__salted__extended__cp200B__single.71c7c224e68df0a19c1834065368c89f,extended,200B,single,,Mortgage,Mo​rtgage,"lenders, Refinance, Mortgage","le​nders, Re​finance, Mo​rtgage"
01349.71c7c224e68df0a19c1834065368c89f,01349__salted__extended__cp200C__single.71c7c224e68df0a19c1834065368c89f,extended,200C,single,,Mortgage,Mo‌rtgage,"lenders, Refinance, Mortgage","le‌nders, Re‌finance, Mo‌rtgage"
01349.71c7c224e68df0a19c1834065368c89f,01349__salted__extended__cp200D__single.71c7c224e68df0a19c1834065368c89f,extended,200D,single,,Mortgage,Mo‍rtgage,"lenders, Refinance, Mortgage","le‍nders, Re‍finance, Mo‍rtgage"
01349.71c7c224e68df0a19c1834065368c89f,01349__salted__extended__cp00AD__single.71c7c224e68df0a19c1834065368c89f,extended,00AD,single,,Mortgage,Mo­rtgage,"lenders, Refinance, Mortgage","le­nders, Re­finance, Mo­rtgage"
01352.875dff8a1fd32766be05e136950add70,01352__salted__extended__cp200B__single.875dff8a1fd32766be05e136950add70,extended,200B,single,,ADV,AD​V,,
01352.875dff8a1fd32766be05e136950add70,01352__salted__extended__cp200C__single.875dff8a1fd32766be05e136950add70,extended,200C,single,,ADV,AD‌V,,
01352.875dff8a1fd32766be05e136950add70,01352__salted__extended__cp200D__single.875dff8a1fd32766be05e136950add70,extended,200D,single,,ADV,AD‍V,,
01352.875dff8a1fd32766be05e136950add70,01352__salted__extended__cp00AD__single.875dff8a1fd32766be05e136950add70,extended,00AD,single,,ADV,AD­V,,
01355.a47c042a6e16456c5b49c18d5b3868cb,01355__salted__extended__cp200B__single.a47c042a6e16456c5b49c18d5b3868cb,extended,200B,single,,,,"receive, mailings","re​ceive, ma​ilings"
01355.a47c042a6e16456c5b49c18d5b3868cb,01355__salted__extended__cp200C__single.a47c042a6e16456c5b49c18d5b3868cb,extended,200C,single,,,,"receive, mailings","re‌ceive, ma‌ilings"
01355.a47c042a6e16456c5b49c18d5b3868cb,01355__salted__extended__cp200D__single.a47c042a6e16456c5b49c18d5b3868cb,extended,200D,single,,,,"receive, mailings","re‍ceive, ma‍ilings"
01355.a47c042a6e16456c5b49c18d5b3868cb,01355__salted__extended__cp00AD__single.a47c042a6e16456c5b49c18d5b3868cb,extended,00AD,single,,,,"receive, mailings","re­ceive, ma­ilings"
01358.eb6c715f631ee3d22b135adb4dc4e67d,01358__salted__extended__cp200B__single.eb6c715f631ee3d22b135adb4dc4e67d,extended,200B,single,,Systemworks,Sy​stemworks,,
01358.eb6c715f631ee3d22b135adb4dc4e67d,01358__salted__extended__cp200C__single.eb6c715f631ee3d22b135adb4dc4e67d,extended,200C,single,,Systemworks,Sy‌stemworks,,
01358.eb6c715f631ee3d22b135adb4dc4e67d,01358__salted__extended__cp200D__single.eb6c715f631ee3d22b135adb4dc4e67d,extended,200D,single,,Systemworks,Sy‍stemworks,,
01358.eb6c715f631ee3d22b135adb4dc4e67d,01358__salted__extended__cp00AD__single.eb6c715f631ee3d22b135adb4dc4e67d,extended,00AD,single,,Systemworks,Sy­stemworks,,
01359.deafa1d42658c6624c6809a446b7f369,01359__salted__extended__cp200B__single.deafa1d42658c6624c6809a446b7f369,extended,200B,single,,,,"Sir, kindly, sincerely","Si​r, ki​ndly, si​ncerely"
01359.deafa1d42658c6624c6809a446b7f369,01359__salted__extended__cp200C__single.deafa1d42658c6624c6809a446b7f369,extended,200C,single,,,,"Sir, kindly, sincerely","Si‌r, ki‌ndly, si‌ncerely"
01359.deafa1d42658c6624c6809a446b7f369,01359__salted__extended__cp200D__single.deafa1d42658c6624c6809a446b7f369,extended,200D,single,,,,"Sir, kindly, sincerely","Si‍r, ki‍ndly, si‍ncerely"
01359.deafa1d42658c6624c6809a446b7f369,01359__salted__extended__cp00AD__single.deafa1d42658c6624c6809a446b7f369,extended,00AD,single,,,,"Sir, kindly, sincerely","Si­r, ki­ndly, si­ncerely"
01362.794d3043053407d8e0c075a9a71902bd,01362__salted__extended__cp200B__single.794d3043053407d8e0c075a9a71902bd,extended,200B,single,,,,"Click, requesting, btamail","Cl​ick, re​questing, bt​amail"
01362.794d3043053407d8e0c075a9a71902bd,01362__salted__extended__cp200C__single.794d3043053407d8e0c075a9a71902bd,extended,200C,single,,,,"Click, requesting, btamail","Cl‌ick, re‌questing, bt‌amail"
01362.794d3043053407d8e0c075a9a71902bd,01362__salted__extended__cp200D__single.794d3043053407d8e0c075a9a71902bd,extended,200D,single,,,,"Click, requesting, btamail","Cl‍ick, re‍questing, bt‍amail"
01362.794d3043053407d8e0c075a9a71902bd,01362__salted__extended__cp00AD__single.794d3043053407d8e0c075a9a71902bd,extended,00AD,single,,,,"Click, requesting, btamail","Cl­ick, re­questing, bt­amail"
01363.85518bca7c7cb9f35e57f3adda762ac9,01363__salted__extended__cp200B__single.85518bca7c7cb9f35e57f3adda762ac9,extended,200B,single,,,,"Click, promotion","Cl​ick, pr​omotion"
01363.85518bca7c7cb9f35e57f3adda762ac9,01363__salted__extended__cp200C__single.85518bca7c7cb9f35e57f3adda762ac9,extended,200C,single,,,,"Click, promotion","Cl‌ick, pr‌omotion"
01363.85518bca7c7cb9f35e57f3adda762ac9,01363__salted__extended__cp200D__single.85518bca7c7cb9f35e57f3adda762ac9,extended,200D,single,,,,"Click, promotion","Cl‍ick, pr‍omotion"
01363.85518bca7c7cb9f35e57f3adda762ac9,01363__salted__extended__cp00AD__single.85518bca7c7cb9f35e57f3adda762ac9,extended,00AD,single,,,,"Click, promotion","Cl­ick, pr­omotion"
01365.d90d27bbb210dbdc63ed704b00161315,01365__salted__extended__cp200B__single.d90d27bbb210dbdc63ed704b00161315,extended,200B,single,,,,"CLICK, GUARANTEED","CL​ICK, GU​ARANTEED"
01365.d90d27bbb210dbdc63ed704b00161315,01365__salted__extended__cp200C__single.d90d27bbb210dbdc63ed704b00161315,extended,200C,single,,,,"CLICK, GUARANTEED","CL‌ICK, GU‌ARANTEED"
01365.d90d27bbb210dbdc63ed704b00161315,01365__salted__extended__cp200D__single.d90d27bbb210dbdc63ed704b00161315,extended,200D,single,,,,"CLICK, GUARANTEED","CL‍ICK, GU‍ARANTEED"
01365.d90d27bbb210dbdc63ed704b00161315,01365__salted__extended__cp00AD__single.d90d27bbb210dbdc63ed704b00161315,extended,00AD,single,,,,"CLICK, GUARANTEED","CL­ICK, GU­ARANTEED"
01367.d681bf8f9823da056b82da169d2d1715,01367__salted__extended__cp200B__single.d681bf8f9823da056b82da169d2d1715,extended,200B,single,,Monthly,Mo​nthly,,
01367.d681bf8f9823da056b82da169d2d1715,01367__salted__extended__cp200C__single.d681bf8f9823da056b82da169d2d1715,extended,200C,single,,Monthly,Mo‌nthly,,
01367.d681bf8f9823da056b82da169d2d1715,01367__salted__extended__cp200D__single.d681bf8f9823da056b82da169d2d1715,extended,200D,single,,Monthly,Mo‍nthly,,
01367.d681bf8f9823da056b82da169d2d1715,01367__salted__extended__cp00AD__single.d681bf8f9823da056b82da169d2d1715,extended,00AD,single,,Monthly,Mo­nthly,,
01369.8ea24235c6c50337d9dcd234e61a5132,01369__salted__extended__cp200B__single.8ea24235c6c50337d9dcd234e61a5132,extended,200B,single,,,,"CLICK, GUARANTEED","CL​ICK, GU​ARANTEED"
01369.8ea24235c6c50337d9dcd234e61a5132,01369__salted__extended__cp200C__single.8ea24235c6c50337d9dcd234e61a5132,extended,200C,single,,,,"CLICK, GUARANTEED","CL‌ICK, GU‌ARANTEED"
01369.8ea24235c6c50337d9dcd234e61a5132,01369__salted__extended__cp200D__single.8ea24235c6c50337d9dcd234e61a5132,extended,200D,single,,,,"CLICK, GUARANTEED","CL‍ICK, GU‍ARANTEED"
01369.8ea24235c6c50337d9dcd234e61a5132,01369__salted__extended__cp00AD__single.8ea24235c6c50337d9dcd234e61a5132,extended,00AD,single,,,,"CLICK, GUARANTEED","CL­ICK, GU­ARANTEED"
01370.38a1c6fbbad5804a9978112005535de1,01370__salted__extended__cp200B__single.38a1c6fbbad5804a9978112005535de1,extended,200B,single,,mortgage,mo​rtgage,"mortgage, loan, fees","mo​rtgage, lo​an, fe​es"
01370.38a1c6fbbad5804a9978112005535de1,01370__salted__extended__cp200C__single.38a1c6fbbad5804a9978112005535de1,extended,200C,single,,mortgage,mo‌rtgage,"mortgage, loan, fees","mo‌rtgage, lo‌an, fe‌es"
01370.38a1c6fbbad5804a9978112005535de1,01370__salted__extended__cp200D__single.38a1c6fbbad5804a9978112005535de1,extended,200D,single,,mortgage,mo‍rtgage,"mortgage, loan, fees","mo‍rtgage, lo‍an, fe‍es"
01370.38a1c6fbbad5804a9978112005535de1,01370__salted__extended__cp00AD__single.38a1c6fbbad5804a9978112005535de1,extended,00AD,single,,mortgage,mo­rtgage,"mortgage, loan, fees","mo­rtgage, lo­an, fe­es"
01372.5d236077d94148a0ca71751f8f0a2e58,01372__salted__extended__cp200B__single.5d236077d94148a0ca71751f8f0a2e58,extended,200B,single,,Herbal,He​rbal,,
01372.5d236077d94148a0ca71751f8f0a2e58,01372__salted__extended__cp200C__single.5d236077d94148a0ca71751f8f0a2e58,extended,200C,single,,Herbal,He‌rbal,,
01372.5d236077d94148a0ca71751f8f0a2e58,01372__salted__extended__cp200D__single.5d236077d94148a0ca71751f8f0a2e58,extended,200D,single,,Herbal,He‍rbal,,
01372.5d236077d94148a0ca71751f8f0a2e58,01372__salted__extended__cp00AD__single.5d236077d94148a0ca71751f8f0a2e58,extended,00AD,single,,Herbal,He­rbal,,
01376.73e738e4cd8121ce3dfb42d190b193c9,01376__salted__extended__cp200B__single.73e738e4cd8121ce3dfb42d190b193c9,extended,200B,single,,,,"earn, promotion, receive","ea​rn, pr​omotion, re​ceive"
01376.73e738e4cd8121ce3dfb42d190b193c9,01376__salted__extended__cp200C__single.73e738e4cd8121ce3dfb42d190b193c9,extended,200C,single,,,,"earn, promotion, receive","ea‌rn, pr‌omotion, re‌ceive"
01376.73e738e4cd8121ce3dfb42d190b193c9,01376__salted__extended__cp200D__single.73e738e4cd8121ce3dfb42d190b193c9,extended,200D,single,,,,"earn, promotion, receive","ea‍rn, pr‍omotion, re‍ceive"
01376.73e738e4cd8121ce3dfb42d190b193c9,01376__salted__extended__cp00AD__single.73e738e4cd8121ce3dfb42d190b193c9,extended,00AD,single,,,,"earn, promotion, receive","ea­rn, pr­omotion, re­ceive"
01377.17adb34fc692245ce301d3db0a3e80c8,01377__salted__extended__cp200B__single.17adb34fc692245ce301d3db0a3e80c8,extended,200B,single,,,,insurance,in​surance
01377.17adb34fc692245ce301d3db0a3e80c8,01377__salted__extended__cp200C__single.17adb34fc692245ce301d3db0a3e80c8,extended,200C,single,,,,insurance,in‌surance
01377.17adb34fc692245ce301d3db0a3e80c8,01377__salted__extended__cp200D__single.17adb34fc692245ce301d3db0a3e80c8,extended,200D,single,,,,insurance,in‍surance
01377.17adb34fc692245ce301d3db0a3e80c8,01377__salted__extended__cp00AD__single.17adb34fc692245ce301d3db0a3e80c8,extended,00AD,single,,,,insurance,in­surance
01378.73df5252cb71f89c885ad49b6ae5fa82,01378__salted__extended__cp200B__single.73df5252cb71f89c885ad49b6ae5fa82,extended,200B,single,,,,"toll, INEXPENSIVE, Assistance","to​ll, IN​EXPENSIVE, As​sistance"
01378.73df5252cb71f89c885ad49b6ae5fa82,01378__salted__extended__cp200C__single.73df5252cb71f89c885ad49b6ae5fa82,extended,200C,single,,,,"toll, INEXPENSIVE, Assistance","to‌ll, IN‌EXPENSIVE, As‌sistance"
01378.73df5252cb71f89c885ad49b6ae5fa82,01378__salted__extended__cp200D__single.73df5252cb71f89c885ad49b6ae5fa82,extended,200D,single,,,,"toll, INEXPENSIVE, Assistance","to‍ll, IN‍EXPENSIVE, As‍sistance"
01378.73df5252cb71f89c885ad49b6ae5fa82,01378__salted__extended__cp00AD__single.73df5252cb71f89c885ad49b6ae5fa82,extended,00AD,single,,,,"toll, INEXPENSIVE, Assistance","to­ll, IN­EXPENSIVE, As­sistance"
01379.0d39498608cd170bbbc8cd33ffd18e35,01379__salted__extended__cp200B__single.0d39498608cd170bbbc8cd33ffd18e35,extended,200B,single,,,,"guaranteed, buyers, qualified","gu​aranteed, bu​yers, qu​alified"
01379.0d39498608cd170bbbc8cd33ffd18e35,01379__salted__extended__cp200C__single.0d39498608cd170bbbc8cd33ffd18e35,extended,200C,single,,,,"guaranteed, buyers, qualified","gu‌aranteed, bu‌yers, qu‌alified"
01379.0d39498608cd170bbbc8cd33ffd18e35,01379__salted__extended__cp200D__single.0d39498608cd170bbbc8cd33ffd18e35,extended,200D,single,,,,"guaranteed, buyers, qualified","gu‍aranteed, bu‍yers, qu‍alified"
01379.0d39498608cd170bbbc8cd33ffd18e35,01379__salted__extended__cp00AD__single.0d39498608cd170bbbc8cd33ffd18e35,extended,00AD,single,,,,"guaranteed, buyers, qualified","gu­aranteed, bu­yers, qu­alified"
01380.fa9b4e89ba485def2921e01ae9fb7671,01380__salted__extended__cp200B__single.fa9b4e89ba485def2921e01ae9fb7671,extended,200B,single,,,,"click, sincerely, receive","cl​ick, si​ncerely, re​ceive"
01380.fa9b4e89ba485def2921e01ae9fb7671,01380__salted__extended__cp200C__single.fa9b4e89ba485def2921e01ae9fb7671,extended,200C,single,,,,"click, sincerely, receive","cl‌ick, si‌ncerely, re‌ceive"
01380.fa9b4e89ba485def2921e01ae9fb7671,01380__salted__extended__cp200D__single.fa9b4e89ba485def2921e01ae9fb7671,extended,200D,single,,,,"click, sincerely, receive","cl‍ick, si‍ncerely, re‍ceive"
01380.fa9b4e89ba485def2921e01ae9fb7671,01380__salted__extended__cp00AD__single.fa9b4e89ba485def2921e01ae9fb7671,extended,00AD,single,,,,"click, sincerely, receive","cl­ick, si­ncerely, re­ceive"
01381.7f1f9f4b8ea24fee6b87dc1172177eaf,01381__salted__extended__cp200B__single.7f1f9f4b8ea24fee6b87dc1172177eaf,extended,200B,single,,Monthly,Mo​nthly,,
01381.7f1f9f4b8ea24fee6b87dc1172177eaf,01381__salted__extended__cp200C__single.7f1f9f4b8ea24fee6b87dc1172177eaf,extended,200C,single,,Monthly,Mo‌nthly,,
01381.7f1f9f4b8ea24fee6b87dc1172177eaf,01381__salted__extended__cp200D__single.7f1f9f4b8ea24fee6b87dc1172177eaf,extended,200D,single,,Monthly,Mo‍nthly,,
01381.7f1f9f4b8ea24fee6b87dc1172177eaf,01381__salted__extended__cp00AD__single.7f1f9f4b8ea24fee6b87dc1172177eaf,extended,00AD,single,,Monthly,Mo­nthly,,
01382.37400f7a1f36cd45165c2a72a9ec8baa,01382__salted__extended__cp200B__single.37400f7a1f36cd45165c2a72a9ec8baa,extended,200B,single,,,,"earn, promotion, receive","ea​rn, pr​omotion, re​ceive"
01382.37400f7a1f36cd45165c2a72a9ec8baa,01382__salted__extended__cp200C__single.37400f7a1f36cd45165c2a72a9ec8baa,extended,200C,single,,,,"earn, promotion, receive","ea‌rn, pr‌omotion, re‌ceive"
01382.37400f7a1f36cd45165c2a72a9ec8baa,01382__salted__extended__cp200D__single.37400f7a1f36cd45165c2a72a9ec8baa,extended,200D,single,,,,"earn, promotion, receive","ea‍rn, pr‍omotion, re‍ceive"
01382.37400f7a1f36cd45165c2a72a9ec8baa,01382__salted__extended__cp00AD__single.37400f7a1f36cd45165c2a72a9ec8baa,extended,00AD,single,,,,"earn, promotion, receive","ea­rn, pr­omotion, re­ceive"
01387.84a80f5699b026b15455e803a471b88e,01387__salted__extended__cp200B__single.84a80f5699b026b15455e803a471b88e,extended,200B,single,,,,"requesting, promotion, Sincerely","re​questing, pr​omotion, Si​ncerely"
01387.84a80f5699b026b15455e803a471b88e,01387__salted__extended__cp200C__single.84a80f5699b026b15455e803a471b88e,extended,200C,single,,,,"requesting, promotion, Sincerely","re‌questing, pr‌omotion, Si‌ncerely"
01387.84a80f5699b026b15455e803a471b88e,01387__salted__extended__cp200D__single.84a80f5699b026b15455e803a471b88e,extended,200D,single,,,,"requesting, promotion, Sincerely","re‍questing, pr‍omotion, Si‍ncerely"
01387.84a80f5699b026b15455e803a471b88e,01387__salted__extended__cp00AD__single.84a80f5699b026b15455e803a471b88e,extended,00AD,single,,,,"requesting, promotion, Sincerely","re­questing, pr­omotion, Si­ncerely"
01388.dba0966da5886e99fab13981da6c3834,01388__salted__extended__cp200B__single.dba0966da5886e99fab13981da6c3834,extended,200B,single,,,,"Sincerely, removal","Si​ncerely, re​moval"
01388.dba0966da5886e99fab13981da6c3834,01388__salted__extended__cp200C__single.dba0966da5886e99fab13981da6c3834,extended,200C,single,,,,"Sincerely, removal","Si‌ncerely, re‌moval"
01388.dba0966da5886e99fab13981da6c3834,01388__salted__extended__cp200D__single.dba0966da5886e99fab13981da6c3834,extended,200D,single,,,,"Sincerely, removal","Si‍ncerely, re‍moval"
01388.dba0966da5886e99fab13981da6c3834,01388__salted__extended__cp00AD__single.dba0966da5886e99fab13981da6c3834,extended,00AD,single,,,,"Sincerely, removal","Si­ncerely, re­moval"
01389.35f4d2a5f47c4b434434b3ca8dc5a924,01389__salted__extended__cp200B__single.35f4d2a5f47c4b434434b3ca8dc5a924,extended,200B,single,,,,"qualified, mlm","qu​alified, ml​m"
01389.35f4d2a5f47c4b434434b3ca8dc5a924,01389__salted__extended__cp200C__single.35f4d2a5f47c4b434434b3ca8dc5a924,extended,200C,single,,,,"qualified, mlm","qu‌alified, ml‌m"
01389.35f4d2a5f47c4b434434b3ca8dc5a924,01389__salted__extended__cp200D__single.35f4d2a5f47c4b434434b3ca8dc5a924,extended,200D,single,,,,"qualified, mlm","qu‍alified, ml‍m"
01389.35f4d2a5f47c4b434434b3ca8dc5a924,01389__salted__extended__cp00AD__single.35f4d2a5f47c4b434434b3ca8dc5a924,extended,00AD,single,,,,"qualified, mlm","qu­alified, ml­m"
01393.e7d7a58f2c561c6f71fe95c64a7f5f35,01393__salted__extended__cp200B__single.e7d7a58f2c561c6f71fe95c64a7f5f35,extended,200B,single,,Aging,Ag​ing,,
01393.e7d7a58f2c561c6f71fe95c64a7f5f35,01393__salted__extended__cp200C__single.e7d7a58f2c561c6f71fe95c64a7f5f35,extended,200C,single,,Aging,Ag‌ing,,
01393.e7d7a58f2c561c6f71fe95c64a7f5f35,01393__salted__extended__cp200D__single.e7d7a58f2c561c6f71fe95c64a7f5f35,extended,200D,single,,Aging,Ag‍ing,,
01393.e7d7a58f2c561c6f71fe95c64a7f5f35,01393__salted__extended__cp00AD__single.e7d7a58f2c561c6f71fe95c64a7f5f35,extended,00AD,single,,Aging,Ag­ing,,
01395.cb33d1d72f42e4ab9268729917bf428b,01395__salted__extended__cp200B__single.cb33d1d72f42e4ab9268729917bf428b,extended,200B,single,,ADV,AD​V,,
01395.cb33d1d72f42e4ab9268729917bf428b,01395__salted__extended__cp200C__single.cb33d1d72f42e4ab9268729917bf428b,extended,200C,single,,ADV,AD‌V,,
01395.cb33d1d72f42e4ab9268729917bf428b,01395__salted__extended__cp200D__single.cb33d1d72f42e4ab9268729917bf428b,extended,200D,single,,ADV,AD‍V,,
01395.cb33d1d72f42e4ab9268729917bf428b,01395__salted__extended__cp00AD__single.cb33d1d72f42e4ab9268729917bf428b,extended,00AD,single,,ADV,AD­V,,
01397.f75f0dd0dd923faefa3e9cc5ecb8c906,01397__salted__extended__cp200B__single.f75f0dd0dd923faefa3e9cc5ecb8c906,extended,200B,single,,,,"Click, tobacco, receive","Cl​ick, to​bacco, re​ceive"
01397.f75f0dd0dd923faefa3e9cc5ecb8c906,01397__salted__extended__cp200C__single.f75f0dd0dd923faefa3e9cc5ecb8c906,extended,200C,single,,,,"Click, tobacco, receive","Cl‌ick, to‌bacco, re‌ceive"
01397.f75f0dd0dd923faefa3e9cc5ecb8c906,01397__salted__extended__cp200D__single.f75f0dd0dd923faefa3e9cc5ecb8c906,extended,200D,single,,,,"Click, tobacco, receive","Cl‍ick, to‍bacco, re‍ceive"
01397.f75f0dd0dd923faefa3e9cc5ecb8c906,01397__salted__extended__cp00AD__single.f75f0dd0dd923faefa3e9cc5ecb8c906,extended,00AD,single,,,,"Click, tobacco, receive","Cl­ick, to­bacco, re­ceive"
01398.8ca7045aae4184d56e8509dc5ad6d979,01398__salted__extended__cp200B__single.8ca7045aae4184d56e8509dc5ad6d979,extended,200B,single,,,,"Click, Click, click","Cl​ick, Cl​ick, cl​ick"
01398.8ca7045aae4184d56e8509dc5ad6d979,01398__salted__extended__cp200C__single.8ca7045aae4184d56e8509dc5ad6d979,extended,200C,single,,,,"Click, Click, click","Cl‌ick, Cl‌ick, cl‌ick"
01398.8ca7045aae4184d56e8509dc5ad6d979,01398__salted__extended__cp200D__single.8ca7045aae4184d56e8509dc5ad6d979,extended,200D,single,,,,"Click, Click, click","Cl‍ick, Cl‍ick, cl‍ick"
01398.8ca7045aae4184d56e8509dc5ad6d979,01398__salted__extended__cp00AD__single.8ca7045aae4184d56e8509dc5ad6d979,extended,00AD,single,,,,"Click, Click, click","Cl­ick, Cl­ick, cl­ick"
01399.2319643317e2c5193d574e40a71809c2,01399__salted__extended__cp200B__single.2319643317e2c5193d574e40a71809c2,extended,200B,single,,,,"tobacco, attained, herbal","to​bacco, at​tained, he​rbal"
01399.2319643317e2c5193d574e40a71809c2,01399__salted__extended__cp200C__single.2319643317e2c5193d574e40a71809c2,extended,200C,single,,,,"tobacco, attained, herbal","to‌bacco, at‌tained, he‌rbal"
01399.2319643317e2c5193d574e40a71809c2,01399__salted__extended__cp200D__single.2319643317e2c5193d574e40a71809c2,extended,200D,single,,,,"tobacco, attained, herbal","to‍bacco, at‍tained, he‍rbal"
01399.2319643317e2c5193d574e40a71809c2,01399__salted__extended__cp00AD__single.2319643317e2c5193d574e40a71809c2,extended,00AD,single,,,,"tobacco, attained, herbal","to­bacco, at­tained, he­rbal"
01400.b444b69845db2fa0a4693ca04e6ac5c5,01400__salted__extended__cp200B__single.b444b69845db2fa0a4693ca04e6ac5c5,extended,200B,single,,,,"ATTN, SIR, assistance","AT​TN, SI​R, as​sistance"
01400.b444b69845db2fa0a4693ca04e6ac5c5,01400__salted__extended__cp200C__single.b444b69845db2fa0a4693ca04e6ac5c5,extended,200C,single,,,,"ATTN, SIR, assistance","AT‌TN, SI‌R, as‌sistance"
01400.b444b69845db2fa0a4693ca04e6ac5c5,01400__salted__extended__cp200D__single.b444b69845db2fa0a4693ca04e6ac5c5,extended,200D,single,,,,"ATTN, SIR, assistance","AT‍TN, SI‍R, as‍sistance"
01400.b444b69845db2fa0a4693ca04e6ac5c5,01400__salted__extended__cp00AD__single.b444b69845db2fa0a4693ca04e6ac5c5,extended,00AD,single,,,,"ATTN, SIR, assistance","AT­TN, SI­R, as­sistance"
