message_id,variant_filename,vocab_type,codepoint,salt_mode,fragment_max_positions,subject_original_tokens,subject_salted_tokens,body_original_tokens,body_salted_tokens
00001.317e78fa8ee2f54cd4890fdc09ba8176,00001__salted__strict__cp200B__single.317e78fa8ee2f54cd4890fdc09ba8176,strict,200B,single,,MLM,ML​M,"MLM, MLM, MLM","ML​M, ML​M, ML​M"
00001.317e78fa8ee2f54cd4890fdc09ba8176,00001__salted__strict__cp200C__single.317e78fa8ee2f54cd4890fdc09ba8176,strict,200C,single,,MLM,ML‌M,"MLM, MLM, MLM","ML‌M, ML‌M, ML‌M"
00001.317e78fa8ee2f54cd4890fdc09ba8176,00001__salted__strict__cp200D__single.317e78fa8ee2f54cd4890fdc09ba8176,strict,200D,single,,MLM,ML‍M,"MLM, MLM, MLM","ML‍M, ML‍M, ML‍M"
00001.317e78fa8ee2f54cd4890fdc09ba8176,00001__salted__strict__cp00AD__single.317e78fa8ee2f54cd4890fdc09ba8176,strict,00AD,single,,MLM,ML­M,"MLM, MLM, MLM","ML­M, ML­M, ML­M"
00002.d94f1b97e48ed3b553b3508d116e6a09,00002__salted__strict__cp200B__single.d94f1b97e48ed3b553b3508d116e6a09,strict,200B,single,,Guaranteed,Gu​aranteed,Guaranteed,Gu​aranteed
00002.d94f1b97e48ed3b553b3508d116e6a09,00002__salted__strict__cp200C__single.d94f1b97e48ed3b553b3508d116e6a09,strict,200C,single,,Guaranteed,Gu‌aranteed,Guaranteed,Gu‌aranteed
00002.d94f1b97e48ed3b553b3508d116e6a09,00002__salted__strict__cp200D__single.d94f1b97e48ed3b553b3508d116e6a09,strict,200D,single,,Guaranteed,Gu‍aranteed,Guaranteed,Gu‍aranteed
00002.d94f1b97e48ed3b553b3508d116e6a09,00002__salted__strict__cp00AD__single.d94f1b97e48ed3b553b3508d116e6a09,strict,00AD,single,,Guaranteed,Gu­aranteed,Guaranteed,Gu­aranteed
00003.2ee33bc6eacdb11f38d052c44819ba6c,00003__salted__strict__cp200B__single.2ee33bc6eacdb11f38d052c44819ba6c,strict,200B,single,,Guaranteed,Gu​aranteed,Guaranteed,Gu​aranteed
00003.2ee33bc6eacdb11f38d052c44819ba6c,00003__salted__strict__cp200C__single.2ee33bc6eacdb11f38d052c44819ba6c,strict,200C,single,,Guaranteed,Gu‌aranteed,Guaranteed,Gu‌aranteed
00003.2ee33bc6eacdb11f38d052c44819ba6c,00003__salted__strict__cp200D__single.2ee33bc6eacdb11f38d052c44819ba6c,strict,200D,single,,Guaranteed,Gu‍aranteed,Guaranteed,Gu‍aranteed
00003.2ee33bc6eacdb11f38d052c44819ba6c,00003__salted__strict__cp00AD__single.2ee33bc6eacdb11f38d052c44819ba6c,strict,00AD,single,,Guaranteed,Gu­aranteed,Guaranteed,Gu­aranteed
00004.eac8de8d759b7e74154f142194282724,00004__salted__strict__cp200B__single.eac8de8d759b7e74154f142194282724,strict,200B,single,,,,specials,sp​ecials
00004.eac8de8d759b7e74154f142194282724,00004__salted__strict__cp200C__single.eac8de8d759b7e74154f142194282724,strict,200C,single,,,,specials,sp‌ecials
00004.eac8de8d759b7e74154f142194282724,00004__salted__strict__cp200D__single.eac8de8d759b7e74154f142194282724,strict,200D,single,,,,specials,sp‍ecials
00004.eac8de8d759b7e74154f142194282724,00004__salted__strict__cp00AD__single.eac8de8d759b7e74154f142194282724,strict,00AD,single,,,,specials,sp­ecials
00005.57696a39d7d84318ce497886896bf90d,00005__salted__strict__cp200B__single.57696a39d7d84318ce497886896bf90d,strict,200B,single,,Guaranteed,Gu​aranteed,Guaranteed,Gu​aranteed
00005.57696a39d7d84318ce497886896bf90d,00005__salted__strict__cp200C__single.57696a39d7d84318ce497886896bf90d,strict,200C,single,,Guaranteed,Gu‌aranteed,Guaranteed,Gu‌aranteed
00005.57696a39d7d84318ce497886896bf90d,00005__salted__strict__cp200D__single.57696a39d7d84318ce497886896bf90d,strict,200D,single,,Guaranteed,Gu‍aranteed,Guaranteed,Gu‍aranteed
00005.57696a39d7d84318ce497886896bf90d,00005__salted__strict__cp00AD__single.57696a39d7d84318ce497886896bf90d,strict,00AD,single,,Guaranteed,Gu­aranteed,Guaranteed,Gu­aranteed
00006.5ab5620d3d7c6c0db76234556a16f6c1,00006__salted__strict__cp200B__single.5ab5620d3d7c6c0db76234556a16f6c1,strict,200B,single,,,,Testimonials,Te​stimonials
00006.5ab5620d3d7c6c0db76234556a16f6c1,00006__salted__strict__cp200C__single.5ab5620d3d7c6c0db76234556a16f6c1,strict,200C,single,,,,Testimonials,Te‌stimonials
00006.5ab5620d3d7c6c0db76234556a16f6c1,00006__salted__strict__cp200D__single.5ab5620d3d7c6c0db76234556a16f6c1,strict,200D,single,,,,Testimonials,Te‍stimonials
00006.5ab5620d3d7c6c0db76234556a16f6c1,00006__salted__strict__cp00AD__single.5ab5620d3d7c6c0db76234556a16f6c1,strict,00AD,single,,,,Testimonials,Te­stimonials
00009.027bf6e0b0c4ab34db3ce0ea4bf2edab,00009__salted__strict__cp200B__single.027bf6e0b0c4ab34db3ce0ea4bf2edab,strict,200B,single,,,,Testimonials,Te​stimonials
00009.027bf6e0b0c4ab34db3ce0ea4bf2edab,00009__salted__strict__cp200C__single.027bf6e0b0c4ab34db3ce0ea4bf2edab,strict,200C,single,,,,Testimonials,Te‌stimonials
00009.027bf6e0b0c4ab34db3ce0ea4bf2edab,00009__salted__strict__cp200D__single.027bf6e0b0c4ab34db3ce0ea4bf2edab,strict,200D,single,,,,Testimonials,Te‍stimonials
00009.027bf6e0b0c4ab34db3ce0ea4bf2edab,00009__salted__strict__cp00AD__single.027bf6e0b0c4ab34db3ce0ea4bf2edab,strict,00AD,single,,,,Testimonials,Te­stimonials
00009.1e1a8cb4b57532ab38aa23287523659d,00009__salted__strict__cp200B__single.1e1a8cb4b57532ab38aa23287523659d,strict,200B,single,,,,"USD, ASSISTANCE","US​D, AS​SISTANCE"
00009.1e1a8cb4b57532ab38aa23287523659d,00009__salted__strict__cp200C__single.1e1a8cb4b57532ab38aa23287523659d,strict,200C,single,,,,"USD, ASSISTANCE","US‌D, AS‌SISTANCE"
00009.1e1a8cb4b57532ab38aa23287523659d,00009__salted__strict__cp200D__single.1e1a8cb4b57532ab38aa23287523659d,strict,200D,single,,,,"USD, ASSISTANCE","US‍D, AS‍SISTANCE"
00009.1e1a8cb4b57532ab38aa23287523659d,00009__salted__strict__cp00AD__single.1e1a8cb4b57532ab38aa23287523659d,strict,00AD,single,,,,"USD, ASSISTANCE","US­D, AS­SISTANCE"
00011.61816b9ad167657773a427d890d0468e,00011__salted__strict__cp200B__single.61816b9ad167657773a427d890d0468e,strict,200B,single,,,,"Assistance, mailings, btamail","As​sistance, ma​ilings, bt​amail"
00011.61816b9ad167657773a427d890d0468e,00011__salted__strict__cp200C__single.61816b9ad167657773a427d890d0468e,strict,200C,single,,,,"Assistance, mailings, btamail","As‌sistance, ma‌ilings, bt‌amail"
00011.61816b9ad167657773a427d890d0468e,00011__salted__strict__cp200D__single.61816b9ad167657773a427d890d0468e,strict,200D,single,,,,"Assistance, mailings, btamail","As‍sistance, ma‍ilings, bt‍amail"
00011.61816b9ad167657773a427d890d0468e,00011__salted__strict__cp00AD__single.61816b9ad167657773a427d890d0468e,strict,00AD,single,,,,"Assistance, mailings, btamail","As­sistance, ma­ilings, bt­amail"
00013.d3f0b591a65f116ea5d9d4ad919f83aa,00013__salted__strict__cp200B__single.d3f0b591a65f116ea5d9d4ad919f83aa,strict,200B,single,,,,Guaranteed,Gu​aranteed
00013.d3f0b591a65f116ea5d9d4ad919f83aa,00013__salted__strict__cp200C__single.d3f0b591a65f116ea5d9d4ad919f83aa,strict,200C,single,,,,Guaranteed,Gu‌aranteed
00013.d3f0b591a65f116ea5d9d4ad919f83aa,00013__salted__strict__cp200D__single.d3f0b591a65f116ea5d9d4ad919f83aa,strict,200D,single,,,,Guaranteed,Gu‍aranteed
00013.d3f0b591a65f116ea5d9d4ad919f83aa,00013__salted__strict__cp00AD__single.d3f0b591a65f116ea5d9d4ad919f83aa,strict,00AD,single,,,,Guaranteed,Gu­aranteed
00014.13574737e55e51fe6737a475b88b5052,00014__salted__strict__cp200B__single.13574737e55e51fe6737a475b88b5052,strict,200B,single,,,,"Assistance, mailings, btamail","As​sistance, ma​ilings, bt​amail"
00014.13574737e55e51fe6737a475b88b5052,00014__salted__strict__cp200C__single.13574737e55e51fe6737a475b88b5052,strict,200C,single,,,,"Assistance, mailings, btamail","As‌sistance, ma‌ilings, bt‌amail"
00014.13574737e55e51fe6737a475b88b5052,00014__salted__strict__cp200D__single.13574737e55e51fe6737a475b88b5052,strict,200D,single,,,,"Assistance, mailings, btamail","As‍sistance, ma‍ilings, bt‍amail"
00014.13574737e55e51fe6737a475b88b5052,00014__salted__strict__cp00AD__single.13574737e55e51fe6737a475b88b5052,strict,00AD,single,,,,"Assistance, mailings, btamail","As­sistance, ma­ilings, bt­amail"
00018.5b2765c42b7648d41c93b9b27140b23a,00018__salted__strict__cp200B__single.5b2765c42b7648d41c93b9b27140b23a,strict,200B,single,,,,CONFIDENTIALITY,CO​NFIDENTIALITY
00018.5b2765c42b7648d41c93b9b27140b23a,00018__salted__strict__cp200C__single.5b2765c42b7648d41c93b9b27140b23a,strict,200C,single,,,,CONFIDENTIALITY,CO‌NFIDENTIALITY
00018.5b2765c42b7648d41c93b9b27140b23a,00018__salted__strict__cp200D__single.5b2765c42b7648d41c93b9b27140b23a,strict,200D,single,,,,CONFIDENTIALITY,CO‍NFIDENTIALITY
00018.5b2765c42b7648d41c93b9b27140b23a,00018__salted__strict__cp00AD__single.5b2765c42b7648d41c93b9b27140b23a,strict,00AD,single,,,,CONFIDENTIALITY,CO­NFIDENTIALITY
00019.bbc97ad616ffd06e93ce0f821ca8c381,00019__salted__strict__cp200B__single.bbc97ad616ffd06e93ce0f821ca8c381,strict,200B,single,,ADV,AD​V,,
00019.bbc97ad616ffd06e93ce0f821ca8c381,00019__salted__strict__cp200C__single.bbc97ad616ffd06e93ce0f821ca8c381,strict,200C,single,,ADV,AD‌V,,
00019.bbc97ad616ffd06e93ce0f821ca8c381,00019__salted__strict__cp200D__single.bbc97ad616ffd06e93ce0f821ca8c381,strict,200D,single,,ADV,AD‍V,,
00019.bbc97ad616ffd06e93ce0f821ca8c381,00019__salted__strict__cp00AD__single.bbc97ad616ffd06e93ce0f821ca8c381,strict,00AD,single,,ADV,AD­V,,
00020.29725cf331fc21e18a1809e7d8b27332,00020__salted__strict__cp200B__single.29725cf331fc21e18a1809e7d8b27332,strict,200B,single,,,,Guaranteed,Gu​aranteed
00020.29725cf331fc21e18a1809e7d8b27332,00020__salted__strict__cp200C__single.29725cf331fc21e18a1809e7d8b27332,strict,200C,single,,,,Guaranteed,Gu‌aranteed
00020.29725cf331fc21e18a1809e7d8b27332,00020__salted__strict__cp200D__single.29725cf331fc21e18a1809e7d8b27332,strict,200D,single,,,,Guaranteed,Gu‍aranteed
00020.29725cf331fc21e18a1809e7d8b27332,00020__salted__strict__cp00AD__single.29725cf331fc21e18a1809e7d8b27332,strict,00AD,single,,,,Guaranteed,Gu­aranteed
00021.effe1449462a9d7ad7af0f1c94b1a237,00021__salted__strict__cp200B__single.effe1449462a9d7ad7af0f1c94b1a237,strict,200B,single,,,,"LAGOS, ATTN","LA​GOS, AT​TN"
00021.effe1449462a9d7ad7af0f1c94b1a237,00021__salted__strict__cp200C__single.effe1449462a9d7ad7af0f1c94b1a237,strict,200C,single,,,,"LAGOS, ATTN","LA‌GOS, AT‌TN"
00021.effe1449462a9d7ad7af0f1c94b1a237,00021__salted__strict__cp200D__single.effe1449462a9d7ad7af0f1c94b1a237,strict,200D,single,,,,"LAGOS, ATTN","LA‍GOS, AT‍TN"
00021.effe1449462a9d7ad7af0f1c94b1a237,00021__salted__strict__cp00AD__single.effe1449462a9d7ad7af0f1c94b1a237,strict,00AD,single,,,,"LAGOS, ATTN","LA­GOS, AT­TN"
00022.8203cdf03888f656dc0381701148f73d,00022__salted__strict__cp200B__single.8203cdf03888f656dc0381701148f73d,strict,200B,single,,,,"utmost, assistance, assistance","ut​most, as​sistance, as​sistance"
00022.8203cdf03888f656dc0381701148f73d,00022__salted__strict__cp200C__single.8203cdf03888f656dc0381701148f73d,strict,200C,single,,,,"utmost, assistance, assistance","ut‌most, as‌sistance, as‌sistance"
00022.8203cdf03888f656dc0381701148f73d,00022__salted__strict__cp200D__single.8203cdf03888f656dc0381701148f73d,strict,200D,single,,,,"utmost, assistance, assistance","ut‍most, as‍sistance, as‍sistance"
00022.8203cdf03888f656dc0381701148f73d,00022__salted__strict__cp00AD__single.8203cdf03888f656dc0381701148f73d,strict,00AD,single,,,,"utmost, assistance, assistance","ut­most, as­sistance, as­sistance"
00023.5bec0fc32cfc42c9cc5c941d94258567,00023__salted__strict__cp200B__single.5bec0fc32cfc42c9cc5c941d94258567,strict,200B,single,,mortgage,mo​rtgage,,
00023.5bec0fc32cfc42c9cc5c941d94258567,00023__salted__strict__cp200C__single.5bec0fc32cfc42c9cc5c941d94258567,strict,200C,single,,mortgage,mo‌rtgage,,
00023.5bec0fc32cfc42c9cc5c941d94258567,00023__salted__strict__cp200D__single.5bec0fc32cfc42c9cc5c941d94258567,strict,200D,single,,mortgage,mo‍rtgage,,
00023.5bec0fc32cfc42c9cc5c941d94258567,00023__salted__strict__cp00AD__single.5bec0fc32cfc42c9cc5c941d94258567,strict,00AD,single,,mortgage,mo­rtgage,,
00023.b6d27c684f5fc803cfa1060adb2d0805,00023__salted__strict__cp200B__single.b6d27c684f5fc803cfa1060adb2d0805,strict,200B,single,,guaranteed,gu​aranteed,,
00023.b6d27c684f5fc803cfa1060adb2d0805,00023__salted__strict__cp200C__single.b6d27c684f5fc803cfa1060adb2d0805,strict,200C,single,,guaranteed,gu‌aranteed,,
00023.b6d27c684f5fc803cfa1060adb2d0805,00023__salted__strict__cp200D__single.b6d27c684f5fc803cfa1060adb2d0805,strict,200D,single,,guaranteed,gu‍aranteed,,
00023.b6d27c684f5fc803cfa1060adb2d0805,00023__salted__strict__cp00AD__single.b6d27c684f5fc803cfa1060adb2d0805,strict,00AD,single,,guaranteed,gu­aranteed,,
00026.da18dbed27ae933172f7a70f860c6ad0,00026__salted__strict__cp200B__single.da18dbed27ae933172f7a70f860c6ad0,strict,200B,single,,,,CONFIDENTIALITY,CO​NFIDENTIALITY
00026.da18dbed27ae933172f7a70f860c6ad0,00026__salted__strict__cp200C__single.da18dbed27ae933172f7a70f860c6ad0,strict,200C,single,,,,CONFIDENTIALITY,CO‌NFIDENTIALITY
00026.da18dbed27ae933172f7a70f860c6ad0,00026__salted__strict__cp200D__single.da18dbed27ae933172f7a70f860c6ad0,strict,200D,single,,,,CONFIDENTIALITY,CO‍NFIDENTIALITY
00026.da18dbed27ae933172f7a70f860c6ad0,00026__salted__strict__cp00AD__single.da18dbed27ae933172f7a70f860c6ad0,strict,00AD,single,,,,CONFIDENTIALITY,CO­NFIDENTIALITY
00027.d1d0f97e096fe08fc80a4939355759e7,00027__salted__strict__cp200B__single.d1d0f97e096fe08fc80a4939355759e7,strict,200B,single,,,,Guaranteed,Gu​aranteed
00027.d1d0f97e096fe08fc80a4939355759e7,00027__salted__strict__cp200C__single.d1d0f97e096fe08fc80a4939355759e7,strict,200C,single,,,,Guaranteed,Gu‌aranteed
00027.d1d0f97e096fe08fc80a4939355759e7,00027__salted__strict__cp200D__single.d1d0f97e096fe08fc80a4939355759e7,strict,200D,single,,,,Guaranteed,Gu‍aranteed
00027.d1d0f97e096fe08fc80a4939355759e7,00027__salted__strict__cp00AD__single.d1d0f97e096fe08fc80a4939355759e7,strict,00AD,single,,,,Guaranteed,Gu­aranteed
00032.7b07a09236ce9feb12d80197144d3206,00032__salted__strict__cp200B__single.7b07a09236ce9feb12d80197144d3206,strict,200B,single,,,,Guaranteed,Gu​aranteed
00032.7b07a09236ce9feb12d80197144d3206,00032__salted__strict__cp200C__single.7b07a09236ce9feb12d80197144d3206,strict,200C,single,,,,Guaranteed,Gu‌aranteed
00032.7b07a09236ce9feb12d80197144d3206,00032__salted__strict__cp200D__single.7b07a09236ce9feb12d80197144d3206,strict,200D,single,,,,Guaranteed,Gu‍aranteed
00032.7b07a09236ce9feb12d80197144d3206,00032__salted__strict__cp00AD__single.7b07a09236ce9feb12d80197144d3206,strict,00AD,single,,,,Guaranteed,Gu­aranteed
00033.9babb58d9298daa2963d4f514193d7d6,00033__salted__strict__cp200B__single.9babb58d9298daa2963d4f514193d7d6,strict,200B,single,,Earn,Ea​rn,"earn, Postal, excite","ea​rn, Po​stal, ex​cite"
00033.9babb58d9298daa2963d4f514193d7d6,00033__salted__strict__cp200C__single.9babb58d9298daa2963d4f514193d7d6,strict,200C,single,,Earn,Ea‌rn,"earn, Postal, excite","ea‌rn, Po‌stal, ex‌cite"
00033.9babb58d9298daa2963d4f514193d7d6,00033__salted__strict__cp200D__single.9babb58d9298daa2963d4f514193d7d6,strict,200D,single,,Earn,Ea‍rn,"earn, Postal, excite","ea‍rn, Po‍stal, ex‍cite"
00033.9babb58d9298daa2963d4f514193d7d6,00033__salted__strict__cp00AD__single.9babb58d9298daa2963d4f514193d7d6,strict,00AD,single,,Earn,Ea­rn,"earn, Postal, excite","ea­rn, Po­stal, ex­cite"
00034.8e582263070076dfe6000411d9b13ce6,00034__salted__strict__cp200B__single.8e582263070076dfe6000411d9b13ce6,strict,200B,single,,,,"NBC, CBS, Oprah","NB​C, CB​S, Op​rah"
00034.8e582263070076dfe6000411d9b13ce6,00034__salted__strict__cp200C__single.8e582263070076dfe6000411d9b13ce6,strict,200C,single,,,,"NBC, CBS, Oprah","NB‌C, CB‌S, Op‌rah"
00034.8e582263070076dfe6000411d9b13ce6,00034__salted__strict__cp200D__single.8e582263070076dfe6000411d9b13ce6,strict,200D,single,,,,"NBC, CBS, Oprah","NB‍C, CB‍S, Op‍rah"
00034.8e582263070076dfe6000411d9b13ce6,00034__salted__strict__cp00AD__single.8e582263070076dfe6000411d9b13ce6,strict,00AD,single,,,,"NBC, CBS, Oprah","NB­C, CB­S, Op­rah"
00037.c7f0ce13d4cad8202f3d1a02b5cc5a1d,00037__salted__strict__cp200B__single.c7f0ce13d4cad8202f3d1a02b5cc5a1d,strict,200B,single,,,,"ATTN, assistance","AT​TN, as​sistance"
00037.c7f0ce13d4cad8202f3d1a02b5cc5a1d,00037__salted__strict__cp200C__single.c7f0ce13d4cad8202f3d1a02b5cc5a1d,strict,200C,single,,,,"ATTN, assistance","AT‌TN, as‌sistance"
00037.c7f0ce13d4cad8202f3d1a02b5cc5a1d,00037__salted__strict__cp200D__single.c7f0ce13d4cad8202f3d1a02b5cc5a1d,strict,200D,single,,,,"ATTN, assistance","AT‍TN, as‍sistance"
00037.c7f0ce13d4cad8202f3d1a02b5cc5a1d,00037__salted__strict__cp00AD__single.c7f0ce13d4cad8202f3d1a02b5cc5a1d,strict,00AD,single,,,,"ATTN, assistance","AT­TN, as­sistance"
00038.8d93819b95ff90bf2e2b141c2909bfc9,00038__salted__strict__cp200B__single.8d93819b95ff90bf2e2b141c2909bfc9,strict,200B,single,,,,mailings,ma​ilings
00038.8d93819b95ff90bf2e2b141c2909bfc9,00038__salted__strict__cp200C__single.8d93819b95ff90bf2e2b141c2909bfc9,strict,200C,single,,,,mailings,ma‌ilings
00038.8d93819b95ff90bf2e2b141c2909bfc9,00038__salted__strict__cp200D__single.8d93819b95ff90bf2e2b141c2909bfc9,strict,200D,single,,,,mailings,ma‍ilings
00038.8d93819b95ff90bf2e2b141c2909bfc9,00038__salted__strict__cp00AD__single.8d93819b95ff90bf2e2b141c2909bfc9,strict,00AD,single,,,,mailings,ma­ilings
00041.1b8dedcc43e75c0f4cd5e0d12c4eea8b,00041__salted__strict__cp200B__single.1b8dedcc43e75c0f4cd5e0d12c4eea8b,strict,200B,single,,loans,lo​ans,,
00041.1b8dedcc43e75c0f4cd5e0d12c4eea8b,00041__salted__strict__cp200C__single.1b8dedcc43e75c0f4cd5e0d12c4eea8b,strict,200C,single,,loans,lo‌ans,,
00041.1b8dedcc43e75c0f4cd5e0d12c4eea8b,00041__salted__strict__cp200D__single.1b8dedcc43e75c0f4cd5e0d12c4eea8b,strict,200D,single,,loans,lo‍ans,,
00041.1b8dedcc43e75c0f4cd5e0d12c4eea8b,00041__salted__strict__cp00AD__single.1b8dedcc43e75c0f4cd5e0d12c4eea8b,strict,00AD,single,,loans,lo­ans,,
00045.7282c2c4e009744f2f3450d370009235,00045__salted__strict__cp200B__single.7282c2c4e009744f2f3450d370009235,strict,200B,single,,,,Guaranteed,Gu​aranteed
00045.7282c2c4e009744f2f3450d370009235,00045__salted__strict__cp200C__single.7282c2c4e009744f2f3450d370009235,strict,200C,single,,,,Guaranteed,Gu‌aranteed
00045.7282c2c4e009744f2f3450d370009235,00045__salted__strict__cp200D__single.7282c2c4e009744f2f3450d370009235,strict,200D,single,,,,Guaranteed,Gu‍aranteed
00045.7282c2c4e009744f2f3450d370009235,00045__salted__strict__cp00AD__single.7282c2c4e009744f2f3450d370009235,strict,00AD,single,,,,Guaranteed,Gu­aranteed
00046.e0fd04360622dbe9250380447f6465cc,00046__salted__strict__cp200B__single.e0fd04360622dbe9250380447f6465cc,strict,200B,single,,Attn,At​tn,,
00046.e0fd04360622dbe9250380447f6465cc,00046__salted__strict__cp200C__single.e0fd04360622dbe9250380447f6465cc,strict,200C,single,,Attn,At‌tn,,
00046.e0fd04360622dbe9250380447f6465cc,00046__salted__strict__cp200D__single.e0fd04360622dbe9250380447f6465cc,strict,200D,single,,Attn,At‍tn,,
00046.e0fd04360622dbe9250380447f6465cc,00046__salted__strict__cp00AD__single.e0fd04360622dbe9250380447f6465cc,strict,00AD,single,,Attn,At­tn,,
00047.0d7a240951e460b5884a8886ee64a8c3,00047__salted__strict__cp200B__single.0d7a240951e460b5884a8886ee64a8c3,strict,200B,single,,ADV,AD​V,,
00047.0d7a240951e460b5884a8886ee64a8c3,00047__salted__strict__cp200C__single.0d7a240951e460b5884a8886ee64a8c3,strict,200C,single,,ADV,AD‌V,,
00047.0d7a240951e460b5884a8886ee64a8c3,00047__salted__strict__cp200D__single.0d7a240951e460b5884a8886ee64a8c3,strict,200D,single,,ADV,AD‍V,,
00047.0d7a240951e460b5884a8886ee64a8c3,00047__salted__strict__cp00AD__single.0d7a240951e460b5884a8886ee64a8c3,strict,00AD,single,,ADV,AD­V,,
00052.edb775ef7470f35cd593d07e5a0466a8,00052__salted__strict__cp200B__single.edb775ef7470f35cd593d07e5a0466a8,strict,200B,single,,Mortgage,Mo​rtgage,,
00052.edb775ef7470f35cd593d07e5a0466a8,00052__salted__strict__cp200C__single.edb775ef7470f35cd593d07e5a0466a8,strict,200C,single,,Mortgage,Mo‌rtgage,,
00052.edb775ef7470f35cd593d07e5a0466a8,00052__salted__strict__cp200D__single.edb775ef7470f35cd593d07e5a0466a8,strict,200D,single,,Mortgage,Mo‍rtgage,,
00052.edb775ef7470f35cd593d07e5a0466a8,00052__salted__strict__cp00AD__single.edb775ef7470f35cd593d07e5a0466a8,strict,00AD,single,,Mortgage,Mo­rtgage,,
00054.62863160db27f89df8c73275b6dae134,00054__salted__strict__cp200B__single.62863160db27f89df8c73275b6dae134,strict,200B,single,,ADV,AD​V,,
00054.62863160db27f89df8c73275b6dae134,00054__salted__strict__cp200C__single.62863160db27f89df8c73275b6dae134,strict,200C,single,,ADV,AD‌V,,
00054.62863160db27f89df8c73275b6dae134,00054__salted__strict__cp200D__single.62863160db27f89df8c73275b6dae134,strict,200D,single,,ADV,AD‍V,,
00054.62863160db27f89df8c73275b6dae134,00054__salted__strict__cp00AD__single.62863160db27f89df8c73275b6dae134,strict,00AD,single,,ADV,AD­V,,
00056.c56d61cadd81b4ade0030c8dee384704,00056__salted__strict__cp200B__single.c56d61cadd81b4ade0030c8dee384704,strict,200B,single,,,,"Testimonials, mailings","Te​stimonials, ma​ilings"
00056.c56d61cadd81b4ade0030c8dee384704,00056__salted__strict__cp200C__single.c56d61cadd81b4ade0030c8dee384704,strict,200C,single,,,,"Testimonials, mailings","Te‌stimonials, ma‌ilings"
00056.c56d61cadd81b4ade0030c8dee384704,00056__salted__strict__cp200D__single.c56d61cadd81b4ade0030c8dee384704,strict,200D,single,,,,"Testimonials, mailings","Te‍stimonials, ma‍ilings"
00056.c56d61cadd81b4ade0030c8dee384704,00056__salted__strict__cp00AD__single.c56d61cadd81b4ade0030c8dee384704,strict,00AD,single,,,,"Testimonials, mailings","Te­stimonials, ma­ilings"
00057.0a2e17bde9485e999ac2259df38528e2,00057__salted__strict__cp200B__single.0a2e17bde9485e999ac2259df38528e2,strict,200B,single,,ADV,AD​V,,
00057.0a2e17bde9485e999ac2259df38528e2,00057__salted__strict__cp200C__single.0a2e17bde9485e999ac2259df38528e2,strict,200C,single,,ADV,AD‌V,,
00057.0a2e17bde9485e999ac2259df38528e2,00057__salted__strict__cp200D__single.0a2e17bde9485e999ac2259df38528e2,strict,200D,single,,ADV,AD‍V,,
00057.0a2e17bde9485e999ac2259df38528e2,00057__salted__strict__cp00AD__single.0a2e17bde9485e999ac2259df38528e2,strict,00AD,single,,ADV,AD­V,,
00060.639a625d0a724d7411e1d5e2e7cb2bc3,00060__salted__strict__cp200B__single.639a625d0a724d7411e1d5e2e7cb2bc3,strict,200B,single,,Guaranteed,Gu​aranteed,,
00060.639a625d0a724d7411e1d5e2e7cb2bc3,00060__salted__strict__cp200C__single.639a625d0a724d7411e1d5e2e7cb2bc3,strict,200C,single,,Guaranteed,Gu‌aranteed,,
00060.639a625d0a724d7411e1d5e2e7cb2bc3,00060__salted__strict__cp200D__single.639a625d0a724d7411e1d5e2e7cb2bc3,strict,200D,single,,Guaranteed,Gu‍aranteed,,
00060.639a625d0a724d7411e1d5e2e7cb2bc3,00060__salted__strict__cp00AD__single.639a625d0a724d7411e1d5e2e7cb2bc3,strict,00AD,single,,Guaranteed,Gu­aranteed,,
00060.ec71d52a6f585ace52f4a2a2be2adfce,00060__salted__strict__cp200B__single.ec71d52a6f585ace52f4a2a2be2adfce,strict,200B,single,,,,Earn,Ea​rn
00060.ec71d52a6f585ace52f4a2a2be2adfce,00060__salted__strict__cp200C__single.ec71d52a6f585ace52f4a2a2be2adfce,strict,200C,single,,,,Earn,Ea‌rn
00060.ec71d52a6f585ace52f4a2a2be2adfce,00060__salted__strict__cp200D__single.ec71d52a6f585ace52f4a2a2be2adfce,strict,200D,single,,,,Earn,Ea‍rn
00060.ec71d52a6f585ace52f4a2a2be2adfce,00060__salted__strict__cp00AD__single.ec71d52a6f585ace52f4a2a2be2adfce,strict,00AD,single,,,,Earn,Ea­rn
00064.65b95365450ebe5eef61e7f1c60edc5e,00064__salted__strict__cp200B__single.65b95365450ebe5eef61e7f1c60edc5e,strict,200B,single,,,,Earn,Ea​rn
00064.65b95365450ebe5eef61e7f1c60edc5e,00064__salted__strict__cp200C__single.65b95365450ebe5eef61e7f1c60edc5e,strict,200C,single,,,,Earn,Ea‌rn
00064.65b95365450ebe5eef61e7f1c60edc5e,00064__salted__strict__cp200D__single.65b95365450ebe5eef61e7f1c60edc5e,strict,200D,single,,,,Earn,Ea‍rn
00064.65b95365450ebe5eef61e7f1c60edc5e,00064__salted__strict__cp00AD__single.65b95365450ebe5eef61e7f1c60edc5e,strict,00AD,single,,,,Earn,Ea­rn
00065.6203de135559b319326445aafd68dbca,00065__salted__strict__cp200B__single.6203de135559b319326445aafd68dbca,strict,200B,single,,,,"promotional, mailings","pr​omotional, ma​ilings"
00065.6203de135559b319326445aafd68dbca,00065__salted__strict__cp200C__single.6203de135559b319326445aafd68dbca,strict,200C,single,,,,"promotional, mailings","pr‌omotional, ma‌ilings"
00065.6203de135559b319326445aafd68dbca,00065__salted__strict__cp200D__single.6203de135559b319326445aafd68dbca,strict,200D,single,,,,"promotional, mailings","pr‍omotional, ma‍ilings"
00065.6203de135559b319326445aafd68dbca,00065__salted__strict__cp00AD__single.6203de135559b319326445aafd68dbca,strict,00AD,single,,,,"promotional, mailings","pr­omotional, ma­ilings"
00067.ec108870b01dc3ccb8fabc5def869ca5,00067__salted__strict__cp200B__single.ec108870b01dc3ccb8fabc5def869ca5,strict,200B,single,,SYSTEMWORKS,SY​STEMWORKS,,
00067.ec108870b01dc3ccb8fabc5def869ca5,00067__salted__strict__cp200C__single.ec108870b01dc3ccb8fabc5def869ca5,strict,200C,single,,SYSTEMWORKS,SY‌STEMWORKS,,
00067.ec108870b01dc3ccb8fabc5def869ca5,00067__salted__strict__cp200D__single.ec108870b01dc3ccb8fabc5def869ca5,strict,200D,single,,SYSTEMWORKS,SY‍STEMWORKS,,
00067.ec108870b01dc3ccb8fabc5def869ca5,00067__salted__strict__cp00AD__single.ec108870b01dc3ccb8fabc5def869ca5,strict,00AD,single,,SYSTEMWORKS,SY­STEMWORKS,,
00068.2999b3d00828ac3fbd6a7cd27a6c6321,00068__salted__strict__cp200B__single.2999b3d00828ac3fbd6a7cd27a6c6321,strict,200B,single,,Earn,Ea​rn,,
00068.2999b3d00828ac3fbd6a7cd27a6c6321,00068__salted__strict__cp200C__single.2999b3d00828ac3fbd6a7cd27a6c6321,strict,200C,single,,Earn,Ea‌rn,,
00068.2999b3d00828ac3fbd6a7cd27a6c6321,00068__salted__strict__cp200D__single.2999b3d00828ac3fbd6a7cd27a6c6321,strict,200D,single,,Earn,Ea‍rn,,
00068.2999b3d00828ac3fbd6a7cd27a6c6321,00068__salted__strict__cp00AD__single.2999b3d00828ac3fbd6a7cd27a6c6321,strict,00AD,single,,Earn,Ea­rn,,
00068.d10af636a6082d5172ceb34a944486e6,00068__salted__strict__cp200B__single.d10af636a6082d5172ceb34a944486e6,strict,200B,single,,,,"refinance, mortgage, refinance","re​finance, mo​rtgage, re​finance"
00068.d10af636a6082d5172ceb34a944486e6,00068__salted__strict__cp200C__single.d10af636a6082d5172ceb34a944486e6,strict,200C,single,,,,"refinance, mortgage, refinance","re‌finance, mo‌rtgage, re‌finance"
00068.d10af636a6082d5172ceb34a944486e6,00068__salted__strict__cp200D__single.d10af636a6082d5172ceb34a944486e6,strict,200D,single,,,,"refinance, mortgage, refinance","re‍finance, mo‍rtgage, re‍finance"
00068.d10af636a6082d5172ceb34a944486e6,00068__salted__strict__cp00AD__single.d10af636a6082d5172ceb34a944486e6,strict,00AD,single,,,,"refinance, mortgage, refinance","re­finance, mo­rtgage, re­finance"
00069.066b1a012235d062a5da73eead4a6b35,00069__salted__strict__cp200B__single.066b1a012235d062a5da73eead4a6b35,strict,200B,single,,,,"mailings, attained, mailings","ma​ilings, at​tained, ma​ilings"
00069.066b1a012235d062a5da73eead4a6b35,00069__salted__strict__cp200C__single.066b1a012235d062a5da73eead4a6b35,strict,200C,single,,,,"mailings, attained, mailings","ma‌ilings, at‌tained, ma‌ilings"
00069.066b1a012235d062a5da73eead4a6b35,00069__salted__strict__cp200D__single.066b1a012235d062a5da73eead4a6b35,strict,200D,single,,,,"mailings, attained, mailings","ma‍ilings, at‍tained, ma‍ilings"
00069.066b1a012235d062a5da73eead4a6b35,00069__salted__strict__cp00AD__single.066b1a012235d062a5da73eead4a6b35,strict,00AD,single,,,,"mailings, attained, mailings","ma­ilings, at­tained, ma­ilings"
00077.c85b7442247d61308f15d86aa125ec28,00077__salted__strict__cp200B__single.c85b7442247d61308f15d86aa125ec28,strict,200B,single,,,,"LAGOS, ATTN, deposit","LA​GOS, AT​TN, de​posit"
00077.c85b7442247d61308f15d86aa125ec28,00077__salted__strict__cp200C__single.c85b7442247d61308f15d86aa125ec28,strict,200C,single,,,,"LAGOS, ATTN, deposit","LA‌GOS, AT‌TN, de‌posit"
00077.c85b7442247d61308f15d86aa125ec28,00077__salted__strict__cp200D__single.c85b7442247d61308f15d86aa125ec28,strict,200D,single,,,,"LAGOS, ATTN, deposit","LA‍GOS, AT‍TN, de‍posit"
00077.c85b7442247d61308f15d86aa125ec28,00077__salted__strict__cp00AD__single.c85b7442247d61308f15d86aa125ec28,strict,00AD,single,,,,"LAGOS, ATTN, deposit","LA­GOS, AT­TN, de­posit"
00080.5a7386cb47846dfef68429241ad80354,00080__salted__strict__cp200B__single.5a7386cb47846dfef68429241ad80354,strict,200B,single,,,,mailings,ma​ilings
00080.5a7386cb47846dfef68429241ad80354,00080__salted__strict__cp200C__single.5a7386cb47846dfef68429241ad80354,strict,200C,single,,,,mailings,ma‌ilings
00080.5a7386cb47846dfef68429241ad80354,00080__salted__strict__cp200D__single.5a7386cb47846dfef68429241ad80354,strict,200D,single,,,,mailings,ma‍ilings
00080.5a7386cb47846dfef68429241ad80354,00080__salted__strict__cp00AD__single.5a7386cb47846dfef68429241ad80354,strict,00AD,single,,,,mailings,ma­ilings
00081.123b29a781b2e8c83763e5d440e672a3,00081__salted__strict__cp200B__single.123b29a781b2e8c83763e5d440e672a3,strict,200B,single,,,,"Guaranteed, herbal, GUARANTEED","Gu​aranteed, he​rbal, GU​ARANTEED"
00081.123b29a781b2e8c83763e5d440e672a3,00081__salted__strict__cp200C__single.123b29a781b2e8c83763e5d440e672a3,strict,200C,single,,,,"Guaranteed, herbal, GUARANTEED","Gu‌aranteed, he‌rbal, GU‌ARANTEED"
00081.123b29a781b2e8c83763e5d440e672a3,00081__salted__strict__cp200D__single.123b29a781b2e8c83763e5d440e672a3,strict,200D,single,,,,"Guaranteed, herbal, GUARANTEED","Gu‍aranteed, he‍rbal, GU‍ARANTEED"
00081.123b29a781b2e8c83763e5d440e672a3,00081__salted__strict__cp00AD__single.123b29a781b2e8c83763e5d440e672a3,strict,00AD,single,,,,"Guaranteed, herbal, GUARANTEED","Gu­aranteed, he­rbal, GU­ARANTEED"
00082.0341a767bbaca01fd89b6236ef681257,00082__salted__strict__cp200B__single.0341a767bbaca01fd89b6236ef681257,strict,200B,single,,,,ATTN,AT​TN
00082.0341a767bbaca01fd89b6236ef681257,00082__salted__strict__cp200C__single.0341a767bbaca01fd89b6236ef681257,strict,200C,single,,,,ATTN,AT‌TN
00082.0341a767bbaca01fd89b6236ef681257,00082__salted__strict__cp200D__single.0341a767bbaca01fd89b6236ef681257,strict,200D,single,,,,ATTN,AT‍TN
00082.0341a767bbaca01fd89b6236ef681257,00082__salted__strict__cp00AD__single.0341a767bbaca01fd89b6236ef681257,strict,00AD,single,,,,ATTN,AT­TN
00084.a9f5b3a9b7feb7070f25ae76320c8ec6,00084__salted__strict__cp200B__single.a9f5b3a9b7feb7070f25ae76320c8ec6,strict,200B,single,,,,utmost,ut​most
00084.a9f5b3a9b7feb7070f25ae76320c8ec6,00084__salted__strict__cp200C__single.a9f5b3a9b7feb7070f25ae76320c8ec6,strict,200C,single,,,,utmost,ut‌most
00084.a9f5b3a9b7feb7070f25ae76320c8ec6,00084__salted__strict__cp200D__single.a9f5b3a9b7feb7070f25ae76320c8ec6,strict,200D,single,,,,utmost,ut‍most
00084.a9f5b3a9b7feb7070f25ae76320c8ec6,00084__salted__strict__cp00AD__single.a9f5b3a9b7feb7070f25ae76320c8ec6,strict,00AD,single,,,,utmost,ut­most
00085.ae2bf18f9dd33e3d80d11eda4c0be41d,00085__salted__strict__cp200B__single.ae2bf18f9dd33e3d80d11eda4c0be41d,strict,200B,single,,MasterCard,Ma​sterCard,,
00085.ae2bf18f9dd33e3d80d11eda4c0be41d,00085__salted__strict__cp200C__single.ae2bf18f9dd33e3d80d11eda4c0be41d,strict,200C,single,,MasterCard,Ma‌sterCard,,
00085.ae2bf18f9dd33e3d80d11eda4c0be41d,00085__salted__strict__cp200D__single.ae2bf18f9dd33e3d80d11eda4c0be41d,strict,200D,single,,MasterCard,Ma‍sterCard,,
00085.ae2bf18f9dd33e3d80d11eda4c0be41d,00085__salted__strict__cp00AD__single.ae2bf18f9dd33e3d80d11eda4c0be41d,strict,00AD,single,,MasterCard,Ma­sterCard,,
00085.f63a9484ac582233db057dbb45dc0eaf,00085__salted__strict__cp200B__single.f63a9484ac582233db057dbb45dc0eaf,strict,200B,single,,ADV,AD​V,"earn, mailings, assistance","ea​rn, ma​ilings, as​sistance"
00085.f63a9484ac582233db057dbb45dc0eaf,00085__salted__strict__cp200C__single.f63a9484ac582233db057dbb45dc0eaf,strict,200C,single,,ADV,AD‌V,"earn, mailings, assistance","ea‌rn, ma‌ilings, as‌sistance"
00085.f63a9484ac582233db057dbb45dc0eaf,00085__salted__strict__cp200D__single.f63a9484ac582233db057dbb45dc0eaf,strict,200D,single,,ADV,AD‍V,"earn, mailings, assistance","ea‍rn, ma‍ilings, as‍sistance"
00085.f63a9484ac582233db057dbb45dc0eaf,00085__salted__strict__cp00AD__single.f63a9484ac582233db057dbb45dc0eaf,strict,00AD,single,,ADV,AD­V,"earn, mailings, assistance","ea­rn, ma­ilings, as­sistance"
00086.5ddcb4859b292c984d1db6aeade5ac04,00086__salted__strict__cp200B__single.5ddcb4859b292c984d1db6aeade5ac04,strict,200B,single,,MasterCard,Ma​sterCard,,
00086.5ddcb4859b292c984d1db6aeade5ac04,00086__salted__strict__cp200C__single.5ddcb4859b292c984d1db6aeade5ac04,strict,200C,single,,MasterCard,Ma‌sterCard,,
00086.5ddcb4859b292c984d1db6aeade5ac04,00086__salted__strict__cp200D__single.5ddcb4859b292c984d1db6aeade5ac04,strict,200D,single,,MasterCard,Ma‍sterCard,,
00086.5ddcb4859b292c984d1db6aeade5ac04,00086__salted__strict__cp00AD__single.5ddcb4859b292c984d1db6aeade5ac04,strict,00AD,single,,MasterCard,Ma­sterCard,,
00087.f09438ca6392721e63696f4f753effbb,00087__salted__strict__cp200B__single.f09438ca6392721e63696f4f753effbb,strict,200B,single,,,,"promotional, mailings","pr​omotional, ma​ilings"
00087.f09438ca6392721e63696f4f753effbb,00087__salted__strict__cp200C__single.f09438ca6392721e63696f4f753effbb,strict,200C,single,,,,"promotional, mailings","pr‌omotional, ma‌ilings"
00087.f09438ca6392721e63696f4f753effbb,00087__salted__strict__cp200D__single.f09438ca6392721e63696f4f753effbb,strict,200D,single,,,,"promotional, mailings","pr‍omotional, ma‍ilings"
00087.f09438ca6392721e63696f4f753effbb,00087__salted__strict__cp00AD__single.f09438ca6392721e63696f4f753effbb,strict,00AD,single,,,,"promotional, mailings","pr­omotional, ma­ilings"
00090.52630c4c07cd069c7bc7658c1a7a7253,00090__salted__strict__cp200B__single.52630c4c07cd069c7bc7658c1a7a7253,strict,200B,single,,,,"annuity, Earn, annuity","an​nuity, Ea​rn, an​nuity"
00090.52630c4c07cd069c7bc7658c1a7a7253,00090__salted__strict__cp200C__single.52630c4c07cd069c7bc7658c1a7a7253,strict,200C,single,,,,"annuity, Earn, annuity","an‌nuity, Ea‌rn, an‌nuity"
00090.52630c4c07cd069c7bc7658c1a7a7253,00090__salted__strict__cp200D__single.52630c4c07cd069c7bc7658c1a7a7253,strict,200D,single,,,,"annuity, Earn, annuity","an‍nuity, Ea‍rn, an‍nuity"
00090.52630c4c07cd069c7bc7658c1a7a7253,00090__salted__strict__cp00AD__single.52630c4c07cd069c7bc7658c1a7a7253,strict,00AD,single,,,,"annuity, Earn, annuity","an­nuity, Ea­rn, an­nuity"
00091.bcaf9648660ba372bc4d542aa06456ad,00091__salted__strict__cp200B__single.bcaf9648660ba372bc4d542aa06456ad,strict,200B,single,,lenders,le​nders,,
00091.bcaf9648660ba372bc4d542aa06456ad,00091__salted__strict__cp200C__single.bcaf9648660ba372bc4d542aa06456ad,strict,200C,single,,lenders,le‌nders,,
00091.bcaf9648660ba372bc4d542aa06456ad,00091__salted__strict__cp200D__single.bcaf9648660ba372bc4d542aa06456ad,strict,200D,single,,lenders,le‍nders,,
00091.bcaf9648660ba372bc4d542aa06456ad,00091__salted__strict__cp00AD__single.bcaf9648660ba372bc4d542aa06456ad,strict,00AD,single,,lenders,le­nders,,
00093.ca4edc32d2ff8e1dbb5f9c0b15ec435b,00093__salted__strict__cp200B__single.ca4edc32d2ff8e1dbb5f9c0b15ec435b,strict,200B,single,,,,Deposit,De​posit
00093.ca4edc32d2ff8e1dbb5f9c0b15ec435b,00093__salted__strict__cp200C__single.ca4edc32d2ff8e1dbb5f9c0b15ec435b,strict,200C,single,,,,Deposit,De‌posit
00093.ca4edc32d2ff8e1dbb5f9c0b15ec435b,00093__salted__strict__cp200D__single.ca4edc32d2ff8e1dbb5f9c0b15ec435b,strict,200D,single,,,,Deposit,De‍posit
00093.ca4edc32d2ff8e1dbb5f9c0b15ec435b,00093__salted__strict__cp00AD__single.ca4edc32d2ff8e1dbb5f9c0b15ec435b,strict,00AD,single,,,,Deposit,De­posit
00097.013347cc91e7d0915074dccb0428883f,00097__salted__strict__cp200B__single.013347cc91e7d0915074dccb0428883f,strict,200B,single,,,,"Guaranteed, herbal, GUARANTEED","Gu​aranteed, he​rbal, GU​ARANTEED"
00097.013347cc91e7d0915074dccb0428883f,00097__salted__strict__cp200C__single.013347cc91e7d0915074dccb0428883f,strict,200C,single,,,,"Guaranteed, herbal, GUARANTEED","Gu‌aranteed, he‌rbal, GU‌ARANTEED"
00097.013347cc91e7d0915074dccb0428883f,00097__salted__strict__cp200D__single.013347cc91e7d0915074dccb0428883f,strict,200D,single,,,,"Guaranteed, herbal, GUARANTEED","Gu‍aranteed, he‍rbal, GU‍ARANTEED"
00097.013347cc91e7d0915074dccb0428883f,00097__salted__strict__cp00AD__single.013347cc91e7d0915074dccb0428883f,strict,00AD,single,,,,"Guaranteed, herbal, GUARANTEED","Gu­aranteed, he­rbal, GU­ARANTEED"
00098.f1f1a3bd3ec32d8e967fba2a7a03e1e5,00098__salted__strict__cp200B__single.f1f1a3bd3ec32d8e967fba2a7a03e1e5,strict,200B,single,,,,Guaranteed,Gu​aranteed
00098.f1f1a3bd3ec32d8e967fba2a7a03e1e5,00098__salted__strict__cp200C__single.f1f1a3bd3ec32d8e967fba2a7a03e1e5,strict,200C,single,,,,Guaranteed,Gu‌aranteed
00098.f1f1a3bd3ec32d8e967fba2a7a03e1e5,00098__salted__strict__cp200D__single.f1f1a3bd3ec32d8e967fba2a7a03e1e5,strict,200D,single,,,,Guaranteed,Gu‍aranteed
00098.f1f1a3bd3ec32d8e967fba2a7a03e1e5,00098__salted__strict__cp00AD__single.f1f1a3bd3ec32d8e967fba2a7a03e1e5,strict,00AD,single,,,,Guaranteed,Gu­aranteed
00100.81611d62ec1f172be947fda4af7caa2c,00100__salted__strict__cp200B__single.81611d62ec1f172be947fda4af7caa2c,strict,200B,single,,,,specials,sp​ecials
00100.81611d62ec1f172be947fda4af7caa2c,00100__salted__strict__cp200C__single.81611d62ec1f172be947fda4af7caa2c,strict,200C,single,,,,specials,sp‌ecials
00100.81611d62ec1f172be947fda4af7caa2c,00100__salted__strict__cp200D__single.81611d62ec1f172be947fda4af7caa2c,strict,200D,single,,,,specials,sp‍ecials
00100.81611d62ec1f172be947fda4af7caa2c,00100__salted__strict__cp00AD__single.81611d62ec1f172be947fda4af7caa2c,strict,00AD,single,,,,specials,sp­ecials
00102.fb09d2f978a271fba5a3ffc172003ed9,00102__salted__strict__cp200B__single.fb09d2f978a271fba5a3ffc172003ed9,strict,200B,single,,,,"lenders, Loans, Loans","le​nders, Lo​ans, Lo​ans"
00102.fb09d2f978a271fba5a3ffc172003ed9,00102__salted__strict__cp200C__single.fb09d2f978a271fba5a3ffc172003ed9,strict,200C,single,,,,"lenders, Loans, Loans","le‌nders, Lo‌ans, Lo‌ans"
00102.fb09d2f978a271fba5a3ffc172003ed9,00102__salted__strict__cp200D__single.fb09d2f978a271fba5a3ffc172003ed9,strict,200D,single,,,,"lenders, Loans, Loans","le‍nders, Lo‍ans, Lo‍ans"
00102.fb09d2f978a271fba5a3ffc172003ed9,00102__salted__strict__cp00AD__single.fb09d2f978a271fba5a3ffc172003ed9,strict,00AD,single,,,,"lenders, Loans, Loans","le­nders, Lo­ans, Lo­ans"
00103.2eef38789b4ecce796e7e8dbe718e3d2,00103__salted__strict__cp200B__single.2eef38789b4ecce796e7e8dbe718e3d2,strict,200B,single,,ADV,AD​V,,
00103.2eef38789b4ecce796e7e8dbe718e3d2,00103__salted__strict__cp200C__single.2eef38789b4ecce796e7e8dbe718e3d2,strict,200C,single,,ADV,AD‌V,,
00103.2eef38789b4ecce796e7e8dbe718e3d2,00103__salted__strict__cp200D__single.2eef38789b4ecce796e7e8dbe718e3d2,strict,200D,single,,ADV,AD‍V,,
00103.2eef38789b4ecce796e7e8dbe718e3d2,00103__salted__strict__cp00AD__single.2eef38789b4ecce796e7e8dbe718e3d2,strict,00AD,single,,ADV,AD­V,,
00105.00951a21b8464f4eb4e106d6b14c68b6,00105__salted__strict__cp200B__single.00951a21b8464f4eb4e106d6b14c68b6,strict,200B,single,,,,"earn, commissions, Earn","ea​rn, co​mmissions, Ea​rn"
00105.00951a21b8464f4eb4e106d6b14c68b6,00105__salted__strict__cp200C__single.00951a21b8464f4eb4e106d6b14c68b6,strict,200C,single,,,,"earn, commissions, Earn","ea‌rn, co‌mmissions, Ea‌rn"
00105.00951a21b8464f4eb4e106d6b14c68b6,00105__salted__strict__cp200D__single.00951a21b8464f4eb4e106d6b14c68b6,strict,200D,single,,,,"earn, commissions, Earn","ea‍rn, co‍mmissions, Ea‍rn"
00105.00951a21b8464f4eb4e106d6b14c68b6,00105__salted__strict__cp00AD__single.00951a21b8464f4eb4e106d6b14c68b6,strict,00AD,single,,,,"earn, commissions, Earn","ea­rn, co­mmissions, Ea­rn"
00105.d8f25617befc5289aa4ed9602457050b,00105__salted__strict__cp200B__single.d8f25617befc5289aa4ed9602457050b,strict,200B,single,,Loans,Lo​ans,,
00105.d8f25617befc5289aa4ed9602457050b,00105__salted__strict__cp200C__single.d8f25617befc5289aa4ed9602457050b,strict,200C,single,,Loans,Lo‌ans,,
00105.d8f25617befc5289aa4ed9602457050b,00105__salted__strict__cp200D__single.d8f25617befc5289aa4ed9602457050b,strict,200D,single,,Loans,Lo‍ans,,
00105.d8f25617befc5289aa4ed9602457050b,00105__salted__strict__cp00AD__single.d8f25617befc5289aa4ed9602457050b,strict,00AD,single,,Loans,Lo­ans,,
00106.f20a99365b7016f8e9dcd8620b472e74,00106__salted__strict__cp200B__single.f20a99365b7016f8e9dcd8620b472e74,strict,200B,single,,,,"guaranteed, USD, USD","gu​aranteed, US​D, US​D"
00106.f20a99365b7016f8e9dcd8620b472e74,00106__salted__strict__cp200C__single.f20a99365b7016f8e9dcd8620b472e74,strict,200C,single,,,,"guaranteed, USD, USD","gu‌aranteed, US‌D, US‌D"
00106.f20a99365b7016f8e9dcd8620b472e74,00106__salted__strict__cp200D__single.f20a99365b7016f8e9dcd8620b472e74,strict,200D,single,,,,"guaranteed, USD, USD","gu‍aranteed, US‍D, US‍D"
00106.f20a99365b7016f8e9dcd8620b472e74,00106__salted__strict__cp00AD__single.f20a99365b7016f8e9dcd8620b472e74,strict,00AD,single,,,,"guaranteed, USD, USD","gu­aranteed, US­D, US­D"
00108.ce25a55c6b4cc9bcd32ed090ee20785a,00108__salted__strict__cp200B__single.ce25a55c6b4cc9bcd32ed090ee20785a,strict,200B,single,,ADV,AD​V,,
00108.ce25a55c6b4cc9bcd32ed090ee20785a,00108__salted__strict__cp200C__single.ce25a55c6b4cc9bcd32ed090ee20785a,strict,200C,single,,ADV,AD‌V,,
00108.ce25a55c6b4cc9bcd32ed090ee20785a,00108__salted__strict__cp200D__single.ce25a55c6b4cc9bcd32ed090ee20785a,strict,200D,single,,ADV,AD‍V,,
00108.ce25a55c6b4cc9bcd32ed090ee20785a,00108__salted__strict__cp00AD__single.ce25a55c6b4cc9bcd32ed090ee20785a,strict,00AD,single,,ADV,AD­V,,
00111.ae6aba48f8aa83849be067076eea8ce5,00111__salted__strict__cp200B__single.ae6aba48f8aa83849be067076eea8ce5,strict,200B,single,,ADV,AD​V,,
00111.ae6aba48f8aa83849be067076eea8ce5,00111__salted__strict__cp200C__single.ae6aba48f8aa83849be067076eea8ce5,strict,200C,single,,ADV,AD‌V,,
00111.ae6aba48f8aa83849be067076eea8ce5,00111__salted__strict__cp200D__single.ae6aba48f8aa83849be067076eea8ce5,strict,200D,single,,ADV,AD‍V,,
00111.ae6aba48f8aa83849be067076eea8ce5,00111__salted__strict__cp00AD__single.ae6aba48f8aa83849be067076eea8ce5,strict,00AD,single,,ADV,AD­V,,
00112.be81f2f6f7940a9403c9809b4a9e243a,00112__salted__strict__cp200B__single.be81f2f6f7940a9403c9809b4a9e243a,strict,200B,single,,,,Toll,To​ll
00112.be81f2f6f7940a9403c9809b4a9e243a,00112__salted__strict__cp200C__single.be81f2f6f7940a9403c9809b4a9e243a,strict,200C,single,,,,Toll,To‌ll
00112.be81f2f6f7940a9403c9809b4a9e243a,00112__salted__strict__cp200D__single.be81f2f6f7940a9403c9809b4a9e243a,strict,200D,single,,,,Toll,To‍ll
00112.be81f2f6f7940a9403c9809b4a9e243a,00112__salted__strict__cp00AD__single.be81f2f6f7940a9403c9809b4a9e243a,strict,00AD,single,,,,Toll,To­ll
00118.b31615605a37b4878bd1de4f829c89cb,00118__salted__strict__cp200B__single.b31615605a37b4878bd1de4f829c89cb,strict,200B,single,,,,"mailings, attained, mailings","ma​ilings, at​tained, ma​ilings"
00118.b31615605a37b4878bd1de4f829c89cb,00118__salted__strict__cp200C__single.b31615605a37b4878bd1de4f829c89cb,strict,200C,single,,,,"mailings, attained, mailings","ma‌ilings, at‌tained, ma‌ilings"
00118.b31615605a37b4878bd1de4f829c89cb,00118__salted__strict__cp200D__single.b31615605a37b4878bd1de4f829c89cb,strict,200D,single,,,,"mailings, attained, mailings","ma‍ilings, at‍tained, ma‍ilings"
00118.b31615605a37b4878bd1de4f829c89cb,00118__salted__strict__cp00AD__single.b31615605a37b4878bd1de4f829c89cb,strict,00AD,single,,,,"mailings, attained, mailings","ma­ilings, at­tained, ma­ilings"
00120.58579af867ff9a702cff23e7b8818a59,00120__salted__strict__cp200B__single.58579af867ff9a702cff23e7b8818a59,strict,200B,single,,,,Guaranteed,Gu​aranteed
00120.58579af867ff9a702cff23e7b8818a59,00120__salted__strict__cp200C__single.58579af867ff9a702cff23e7b8818a59,strict,200C,single,,,,Guaranteed,Gu‌aranteed
00120.58579af867ff9a702cff23e7b8818a59,00120__salted__strict__cp200D__single.58579af867ff9a702cff23e7b8818a59,strict,200D,single,,,,Guaranteed,Gu‍aranteed
00120.58579af867ff9a702cff23e7b8818a59,00120__salted__strict__cp00AD__single.58579af867ff9a702cff23e7b8818a59,strict,00AD,single,,,,Guaranteed,Gu­aranteed
00120.b6b2f20782980f83878f075f29d7c517,00120__salted__strict__cp200B__single.b6b2f20782980f83878f075f29d7c517,strict,200B,single,,Mortgage,Mo​rtgage,,
00120.b6b2f20782980f83878f075f29d7c517,00120__salted__strict__cp200C__single.b6b2f20782980f83878f075f29d7c517,strict,200C,single,,Mortgage,Mo‌rtgage,,
00120.b6b2f20782980f83878f075f29d7c517,00120__salted__strict__cp200D__single.b6b2f20782980f83878f075f29d7c517,strict,200D,single,,Mortgage,Mo‍rtgage,,
00120.b6b2f20782980f83878f075f29d7c517,00120__salted__strict__cp00AD__single.b6b2f20782980f83878f075f29d7c517,strict,00AD,single,,Mortgage,Mo­rtgage,,
00124.db848e36f1b4c2705cbc16ef33a302d4,00124__salted__strict__cp200B__single.db848e36f1b4c2705cbc16ef33a302d4,strict,200B,single,,Guaranteed,Gu​aranteed,Guaranteed,Gu​aranteed
00124.db848e36f1b4c2705cbc16ef33a302d4,00124__salted__strict__cp200C__single.db848e36f1b4c2705cbc16ef33a302d4,strict,200C,single,,Guaranteed,Gu‌aranteed,Guaranteed,Gu‌aranteed
00124.db848e36f1b4c2705cbc16ef33a302d4,00124__salted__strict__cp200D__single.db848e36f1b4c2705cbc16ef33a302d4,strict,200D,single,,Guaranteed,Gu‍aranteed,Guaranteed,Gu‍aranteed
00124.db848e36f1b4c2705cbc16ef33a302d4,00124__salted__strict__cp00AD__single.db848e36f1b4c2705cbc16ef33a302d4,strict,00AD,single,,Guaranteed,Gu­aranteed,Guaranteed,Gu­aranteed
00125.ea96729a0da6d9025d5178f2d6916e42,00125__salted__strict__cp200B__single.ea96729a0da6d9025d5178f2d6916e42,strict,200B,single,,ADV,AD​V,,
00125.ea96729a0da6d9025d5178f2d6916e42,00125__salted__strict__cp200C__single.ea96729a0da6d9025d5178f2d6916e42,strict,200C,single,,ADV,AD‌V,,
00125.ea96729a0da6d9025d5178f2d6916e42,00125__salted__strict__cp200D__single.ea96729a0da6d9025d5178f2d6916e42,strict,200D,single,,ADV,AD‍V,,
00125.ea96729a0da6d9025d5178f2d6916e42,00125__salted__strict__cp00AD__single.ea96729a0da6d9025d5178f2d6916e42,strict,00AD,single,,ADV,AD­V,,
00127.3500d109361b544b0937523adb763588,00127__salted__strict__cp200B__single.3500d109361b544b0937523adb763588,strict,200B,single,,,,"Guaranteed, herbal, GUARANTEED","Gu​aranteed, he​rbal, GU​ARANTEED"
00127.3500d109361b544b0937523adb763588,00127__salted__strict__cp200C__single.3500d109361b544b0937523adb763588,strict,200C,single,,,,"Guaranteed, herbal, GUARANTEED","Gu‌aranteed, he‌rbal, GU‌ARANTEED"
00127.3500d109361b544b0937523adb763588,00127__salted__strict__cp200D__single.3500d109361b544b0937523adb763588,strict,200D,single,,,,"Guaranteed, herbal, GUARANTEED","Gu‍aranteed, he‍rbal, GU‍ARANTEED"
00127.3500d109361b544b0937523adb763588,00127__salted__strict__cp00AD__single.3500d109361b544b0937523adb763588,strict,00AD,single,,,,"Guaranteed, herbal, GUARANTEED","Gu­aranteed, he­rbal, GU­ARANTEED"
00129.1080cea3a532759b015dc071d033749d,00129__salted__strict__cp200B__single.1080cea3a532759b015dc071d033749d,strict,200B,single,,ADV,AD​V,toll,to​ll
00129.1080cea3a532759b015dc071d033749d,00129__salted__strict__cp200C__single.1080cea3a532759b015dc071d033749d,strict,200C,single,,ADV,AD‌V,toll,to‌ll
00129.1080cea3a532759b015dc071d033749d,00129__salted__strict__cp200D__single.1080cea3a532759b015dc071d033749d,strict,200D,single,,ADV,AD‍V,toll,to‍ll
00129.1080cea3a532759b015dc071d033749d,00129__salted__strict__cp00AD__single.1080cea3a532759b015dc071d033749d,strict,00AD,single,,ADV,AD­V,toll,to­ll
00131.d955acc659fb151479460f9dd2f87efe,00131__salted__strict__cp200B__single.d955acc659fb151479460f9dd2f87efe,strict,200B,single,,,,"lenders, Loans, Loans","le​nders, Lo​ans, Lo​ans"
00131.d955acc659fb151479460f9dd2f87efe,00131__salted__strict__cp200C__single.d955acc659fb151479460f9dd2f87efe,strict,200C,single,,,,"lenders, Loans, Loans","le‌nders, Lo‌ans, Lo‌ans"
00131.d955acc659fb151479460f9dd2f87efe,00131__salted__strict__cp200D__single.d955acc659fb151479460f9dd2f87efe,strict,200D,single,,,,"lenders, Loans, Loans","le‍nders, Lo‍ans, Lo‍ans"
00131.d955acc659fb151479460f9dd2f87efe,00131__salted__strict__cp00AD__single.d955acc659fb151479460f9dd2f87efe,strict,00AD,single,,,,"lenders, Loans, Loans","le­nders, Lo­ans, Lo­ans"
00132.0ead3e293c6c41cbffb69670e8b85ae7,00132__salted__strict__cp200B__single.0ead3e293c6c41cbffb69670e8b85ae7,strict,200B,single,,HGH,HG​H,"NBC, CBS, Oprah","NB​C, CB​S, Op​rah"
00132.0ead3e293c6c41cbffb69670e8b85ae7,00132__salted__strict__cp200C__single.0ead3e293c6c41cbffb69670e8b85ae7,strict,200C,single,,HGH,HG‌H,"NBC, CBS, Oprah","NB‌C, CB‌S, Op‌rah"
00132.0ead3e293c6c41cbffb69670e8b85ae7,00132__salted__strict__cp200D__single.0ead3e293c6c41cbffb69670e8b85ae7,strict,200D,single,,HGH,HG‍H,"NBC, CBS, Oprah","NB‍C, CB‍S, Op‍rah"
00132.0ead3e293c6c41cbffb69670e8b85ae7,00132__salted__strict__cp00AD__single.0ead3e293c6c41cbffb69670e8b85ae7,strict,00AD,single,,HGH,HG­H,"NBC, CBS, Oprah","NB­C, CB­S, Op­rah"
00134.651c69499f4c81f5049c03f9c0c71b44,00134__salted__strict__cp200B__single.651c69499f4c81f5049c03f9c0c71b44,strict,200B,single,,ADV,AD​V,,
00134.651c69499f4c81f5049c03f9c0c71b44,00134__salted__strict__cp200C__single.651c69499f4c81f5049c03f9c0c71b44,strict,200C,single,,ADV,AD‌V,,
00134.651c69499f4c81f5049c03f9c0c71b44,00134__salted__strict__cp200D__single.651c69499f4c81f5049c03f9c0c71b44,strict,200D,single,,ADV,AD‍V,,
00134.651c69499f4c81f5049c03f9c0c71b44,00134__salted__strict__cp00AD__single.651c69499f4c81f5049c03f9c0c71b44,strict,00AD,single,,ADV,AD­V,,
00137.09969121c8540730f1020b5a700b4c42,00137__salted__strict__cp200B__single.09969121c8540730f1020b5a700b4c42,strict,200B,single,,,,"Guaranteed, billing, mailings","Gu​aranteed, bi​lling, ma​ilings"
00137.09969121c8540730f1020b5a700b4c42,00137__salted__strict__cp200C__single.09969121c8540730f1020b5a700b4c42,strict,200C,single,,,,"Guaranteed, billing, mailings","Gu‌aranteed, bi‌lling, ma‌ilings"
00137.09969121c8540730f1020b5a700b4c42,00137__salted__strict__cp200D__single.09969121c8540730f1020b5a700b4c42,strict,200D,single,,,,"Guaranteed, billing, mailings","Gu‍aranteed, bi‍lling, ma‍ilings"
00137.09969121c8540730f1020b5a700b4c42,00137__salted__strict__cp00AD__single.09969121c8540730f1020b5a700b4c42,strict,00AD,single,,,,"Guaranteed, billing, mailings","Gu­aranteed, bi­lling, ma­ilings"
00142.eddc7114a8566cbf83fa8210bf0d3603,00142__salted__strict__cp200B__single.eddc7114a8566cbf83fa8210bf0d3603,strict,200B,single,,,,specials,sp​ecials
00142.eddc7114a8566cbf83fa8210bf0d3603,00142__salted__strict__cp200C__single.eddc7114a8566cbf83fa8210bf0d3603,strict,200C,single,,,,specials,sp‌ecials
00142.eddc7114a8566cbf83fa8210bf0d3603,00142__salted__strict__cp200D__single.eddc7114a8566cbf83fa8210bf0d3603,strict,200D,single,,,,specials,sp‍ecials
00142.eddc7114a8566cbf83fa8210bf0d3603,00142__salted__strict__cp00AD__single.eddc7114a8566cbf83fa8210bf0d3603,strict,00AD,single,,,,specials,sp­ecials
00143.13c0751d4b9f10098bb3ac85a435d884,00143__salted__strict__cp200B__single.13c0751d4b9f10098bb3ac85a435d884,strict,200B,single,,inkjet,in​kjet,,
00143.13c0751d4b9f10098bb3ac85a435d884,00143__salted__strict__cp200C__single.13c0751d4b9f10098bb3ac85a435d884,strict,200C,single,,inkjet,in‌kjet,,
00143.13c0751d4b9f10098bb3ac85a435d884,00143__salted__strict__cp200D__single.13c0751d4b9f10098bb3ac85a435d884,strict,200D,single,,inkjet,in‍kjet,,
00143.13c0751d4b9f10098bb3ac85a435d884,00143__salted__strict__cp00AD__single.13c0751d4b9f10098bb3ac85a435d884,strict,00AD,single,,inkjet,in­kjet,,
00150.f97c73fa56460a6afc6d9418ad76b5b5,00150__salted__strict__cp200B__single.f97c73fa56460a6afc6d9418ad76b5b5,strict,200B,single,,,,"earn, Commissions, Commissions","ea​rn, Co​mmissions, Co​mmissions"
00150.f97c73fa56460a6afc6d9418ad76b5b5,00150__salted__strict__cp200C__single.f97c73fa56460a6afc6d9418ad76b5b5,strict,200C,single,,,,"earn, Commissions, Commissions","ea‌rn, Co‌mmissions, Co‌mmissions"
00150.f97c73fa56460a6afc6d9418ad76b5b5,00150__salted__strict__cp200D__single.f97c73fa56460a6afc6d9418ad76b5b5,strict,200D,single,,,,"earn, Commissions, Commissions","ea‍rn, Co‍mmissions, Co‍mmissions"
00150.f97c73fa56460a6afc6d9418ad76b5b5,00150__salted__strict__cp00AD__single.f97c73fa56460a6afc6d9418ad76b5b5,strict,00AD,single,,,,"earn, Commissions, Commissions","ea­rn, Co­mmissions, Co­mmissions"
00155.1c37ce73590cc67186717a491ed0db5f,00155__salted__strict__cp200B__single.1c37ce73590cc67186717a491ed0db5f,strict,200B,single,,,,"Lagos, assistance, Honesty","La​gos, as​sistance, Ho​nesty"
00155.1c37ce73590cc67186717a491ed0db5f,00155__salted__strict__cp200C__single.1c37ce73590cc67186717a491ed0db5f,strict,200C,single,,,,"Lagos, assistance, Honesty","La‌gos, as‌sistance, Ho‌nesty"
00155.1c37ce73590cc67186717a491ed0db5f,00155__salted__strict__cp200D__single.1c37ce73590cc67186717a491ed0db5f,strict,200D,single,,,,"Lagos, assistance, Honesty","La‍gos, as‍sistance, Ho‍nesty"
00155.1c37ce73590cc67186717a491ed0db5f,00155__salted__strict__cp00AD__single.1c37ce73590cc67186717a491ed0db5f,strict,00AD,single,,,,"Lagos, assistance, Honesty","La­gos, as­sistance, Ho­nesty"
00156.0b541afe96820e3bb8f900b565608269,00156__salted__strict__cp200B__single.0b541afe96820e3bb8f900b565608269,strict,200B,single,,Attn,At​tn,,
00156.0b541afe96820e3bb8f900b565608269,00156__salted__strict__cp200C__single.0b541afe96820e3bb8f900b565608269,strict,200C,single,,Attn,At‌tn,,
00156.0b541afe96820e3bb8f900b565608269,00156__salted__strict__cp200D__single.0b541afe96820e3bb8f900b565608269,strict,200D,single,,Attn,At‍tn,,
00156.0b541afe96820e3bb8f900b565608269,00156__salted__strict__cp00AD__single.0b541afe96820e3bb8f900b565608269,strict,00AD,single,,Attn,At­tn,,
00157.52b0a260de7c64f539b0e5d16198b5bf,00157__salted__strict__cp200B__single.52b0a260de7c64f539b0e5d16198b5bf,strict,200B,single,,,,"Lagos, Deposit, Deposit","La​gos, De​posit, De​posit"
00157.52b0a260de7c64f539b0e5d16198b5bf,00157__salted__strict__cp200C__single.52b0a260de7c64f539b0e5d16198b5bf,strict,200C,single,,,,"Lagos, Deposit, Deposit","La‌gos, De‌posit, De‌posit"
00157.52b0a260de7c64f539b0e5d16198b5bf,00157__salted__strict__cp200D__single.52b0a260de7c64f539b0e5d16198b5bf,strict,200D,single,,,,"Lagos, Deposit, Deposit","La‍gos, De‍posit, De‍posit"
00157.52b0a260de7c64f539b0e5d16198b5bf,00157__salted__strict__cp00AD__single.52b0a260de7c64f539b0e5d16198b5bf,strict,00AD,single,,,,"Lagos, Deposit, Deposit","La­gos, De­posit, De­posit"
00159.b16f070a576c2eb1533aa9e2cf8e6b77,00159__salted__strict__cp200B__single.b16f070a576c2eb1533aa9e2cf8e6b77,strict,200B,single,,,,"resell, Mastercard, specials","re​sell, Ma​stercard, sp​ecials"
00159.b16f070a576c2eb1533aa9e2cf8e6b77,00159__salted__strict__cp200C__single.b16f070a576c2eb1533aa9e2cf8e6b77,strict,200C,single,,,,"resell, Mastercard, specials","re‌sell, Ma‌stercard, sp‌ecials"
00159.b16f070a576c2eb1533aa9e2cf8e6b77,00159__salted__strict__cp200D__single.b16f070a576c2eb1533aa9e2cf8e6b77,strict,200D,single,,,,"resell, Mastercard, specials","re‍sell, Ma‍stercard, sp‍ecials"
00159.b16f070a576c2eb1533aa9e2cf8e6b77,00159__salted__strict__cp00AD__single.b16f070a576c2eb1533aa9e2cf8e6b77,strict,00AD,single,,,,"resell, Mastercard, specials","re­sell, Ma­stercard, sp­ecials"
00160.cec5f611ae665ff0add6c4928d47f2be,00160__salted__strict__cp200B__single.cec5f611ae665ff0add6c4928d47f2be,strict,200B,single,,HGH,HG​H,"HGH, NBC, CBS","HG​H, NB​C, CB​S"
00160.cec5f611ae665ff0add6c4928d47f2be,00160__salted__strict__cp200C__single.cec5f611ae665ff0add6c4928d47f2be,strict,200C,single,,HGH,HG‌H,"HGH, NBC, CBS","HG‌H, NB‌C, CB‌S"
00160.cec5f611ae665ff0add6c4928d47f2be,00160__salted__strict__cp200D__single.cec5f611ae665ff0add6c4928d47f2be,strict,200D,single,,HGH,HG‍H,"HGH, NBC, CBS","HG‍H, NB‍C, CB‍S"
00160.cec5f611ae665ff0add6c4928d47f2be,00160__salted__strict__cp00AD__single.cec5f611ae665ff0add6c4928d47f2be,strict,00AD,single,,HGH,HG­H,"HGH, NBC, CBS","HG­H, NB­C, CB­S"
00161.ae33257753c9bdaaadc9221347868496,00161__salted__strict__cp200B__single.ae33257753c9bdaaadc9221347868496,strict,200B,single,,inkjet,in​kjet,,
00161.ae33257753c9bdaaadc9221347868496,00161__salted__strict__cp200C__single.ae33257753c9bdaaadc9221347868496,strict,200C,single,,inkjet,in‌kjet,,
00161.ae33257753c9bdaaadc9221347868496,00161__salted__strict__cp200D__single.ae33257753c9bdaaadc9221347868496,strict,200D,single,,inkjet,in‍kjet,,
00161.ae33257753c9bdaaadc9221347868496,00161__salted__strict__cp00AD__single.ae33257753c9bdaaadc9221347868496,strict,00AD,single,,inkjet,in­kjet,,
00163.244a217b150d2129cbdc52b96d992382,00163__salted__strict__cp200B__single.244a217b150d2129cbdc52b96d992382,strict,200B,single,,,,"btamail, btamail, guaranteed","bt​amail, bt​amail, gu​aranteed"
00163.244a217b150d2129cbdc52b96d992382,00163__salted__strict__cp200C__single.244a217b150d2129cbdc52b96d992382,strict,200C,single,,,,"btamail, btamail, guaranteed","bt‌amail, bt‌amail, gu‌aranteed"
00163.244a217b150d2129cbdc52b96d992382,00163__salted__strict__cp200D__single.244a217b150d2129cbdc52b96d992382,strict,200D,single,,,,"btamail, btamail, guaranteed","bt‍amail, bt‍amail, gu‍aranteed"
00163.244a217b150d2129cbdc52b96d992382,00163__salted__strict__cp00AD__single.244a217b150d2129cbdc52b96d992382,strict,00AD,single,,,,"btamail, btamail, guaranteed","bt­amail, bt­amail, gu­aranteed"
00164.272880ebd1f1f93cf0cd9800842a24bd,00164__salted__strict__cp200B__single.272880ebd1f1f93cf0cd9800842a24bd,strict,200B,single,,,,Toll,To​ll
00164.272880ebd1f1f93cf0cd9800842a24bd,00164__salted__strict__cp200C__single.272880ebd1f1f93cf0cd9800842a24bd,strict,200C,single,,,,Toll,To‌ll
00164.272880ebd1f1f93cf0cd9800842a24bd,00164__salted__strict__cp200D__single.272880ebd1f1f93cf0cd9800842a24bd,strict,200D,single,,,,Toll,To‍ll
00164.272880ebd1f1f93cf0cd9800842a24bd,00164__salted__strict__cp00AD__single.272880ebd1f1f93cf0cd9800842a24bd,strict,00AD,single,,,,Toll,To­ll
00166.806d5398d7a37c080641a2d62e2d2b94,00166__salted__strict__cp200B__single.806d5398d7a37c080641a2d62e2d2b94,strict,200B,single,,earn,ea​rn,,
00166.806d5398d7a37c080641a2d62e2d2b94,00166__salted__strict__cp200C__single.806d5398d7a37c080641a2d62e2d2b94,strict,200C,single,,earn,ea‌rn,,
00166.806d5398d7a37c080641a2d62e2d2b94,00166__salted__strict__cp200D__single.806d5398d7a37c080641a2d62e2d2b94,strict,200D,single,,earn,ea‍rn,,
00166.806d5398d7a37c080641a2d62e2d2b94,00166__salted__strict__cp00AD__single.806d5398d7a37c080641a2d62e2d2b94,strict,00AD,single,,earn,ea­rn,,
00169.86268e75abd1bd4bda4d6c129681df34,00169__salted__strict__cp200B__single.86268e75abd1bd4bda4d6c129681df34,strict,200B,single,,,,"earn, mailings","ea​rn, ma​ilings"
00169.86268e75abd1bd4bda4d6c129681df34,00169__salted__strict__cp200C__single.86268e75abd1bd4bda4d6c129681df34,strict,200C,single,,,,"earn, mailings","ea‌rn, ma‌ilings"
00169.86268e75abd1bd4bda4d6c129681df34,00169__salted__strict__cp200D__single.86268e75abd1bd4bda4d6c129681df34,strict,200D,single,,,,"earn, mailings","ea‍rn, ma‍ilings"
00169.86268e75abd1bd4bda4d6c129681df34,00169__salted__strict__cp00AD__single.86268e75abd1bd4bda4d6c129681df34,strict,00AD,single,,,,"earn, mailings","ea­rn, ma­ilings"
00169.86721d6b50e889ed39c7d302adb2a5ab,00169__salted__strict__cp200B__single.86721d6b50e889ed39c7d302adb2a5ab,strict,200B,single,,Attn,At​tn,"resell, GUARANTEED, GUARANTEED","re​sell, GU​ARANTEED, GU​ARANTEED"
00169.86721d6b50e889ed39c7d302adb2a5ab,00169__salted__strict__cp200C__single.86721d6b50e889ed39c7d302adb2a5ab,strict,200C,single,,Attn,At‌tn,"resell, GUARANTEED, GUARANTEED","re‌sell, GU‌ARANTEED, GU‌ARANTEED"
00169.86721d6b50e889ed39c7d302adb2a5ab,00169__salted__strict__cp200D__single.86721d6b50e889ed39c7d302adb2a5ab,strict,200D,single,,Attn,At‍tn,"resell, GUARANTEED, GUARANTEED","re‍sell, GU‍ARANTEED, GU‍ARANTEED"
00169.86721d6b50e889ed39c7d302adb2a5ab,00169__salted__strict__cp00AD__single.86721d6b50e889ed39c7d302adb2a5ab,strict,00AD,single,,Attn,At­tn,"resell, GUARANTEED, GUARANTEED","re­sell, GU­ARANTEED, GU­ARANTEED"
00170.33a973aa9bb7d122bdfbd96d44332996,00170__salted__strict__cp200B__single.33a973aa9bb7d122bdfbd96d44332996,strict,200B,single,,ADV,AD​V,,
00170.33a973aa9bb7d122bdfbd96d44332996,00170__salted__strict__cp200C__single.33a973aa9bb7d122bdfbd96d44332996,strict,200C,single,,ADV,AD‌V,,
00170.33a973aa9bb7d122bdfbd96d44332996,00170__salted__strict__cp200D__single.33a973aa9bb7d122bdfbd96d44332996,strict,200D,single,,ADV,AD‍V,,
00170.33a973aa9bb7d122bdfbd96d44332996,00170__salted__strict__cp00AD__single.33a973aa9bb7d122bdfbd96d44332996,strict,00AD,single,,ADV,AD­V,,
00170.5e4c7668564952d8bfbf106d32fa9e5e,00170__salted__strict__cp200B__single.5e4c7668564952d8bfbf106d32fa9e5e,strict,200B,single,,,,"commissions, USD","co​mmissions, US​D"
00170.5e4c7668564952d8bfbf106d32fa9e5e,00170__salted__strict__cp200C__single.5e4c7668564952d8bfbf106d32fa9e5e,strict,200C,single,,,,"commissions, USD","co‌mmissions, US‌D"
00170.5e4c7668564952d8bfbf106d32fa9e5e,00170__salted__strict__cp200D__single.5e4c7668564952d8bfbf106d32fa9e5e,strict,200D,single,,,,"commissions, USD","co‍mmissions, US‍D"
00170.5e4c7668564952d8bfbf106d32fa9e5e,00170__salted__strict__cp00AD__single.5e4c7668564952d8bfbf106d32fa9e5e,strict,00AD,single,,,,"commissions, USD","co­mmissions, US­D"
00171.08c5c55e9c2b4062344655e9ee32b979,00171__salted__strict__cp200B__single.08c5c55e9c2b4062344655e9ee32b979,strict,200B,single,,ADV,AD​V,,
00171.08c5c55e9c2b4062344655e9ee32b979,00171__salted__strict__cp200C__single.08c5c55e9c2b4062344655e9ee32b979,strict,200C,single,,ADV,AD‌V,,
00171.08c5c55e9c2b4062344655e9ee32b979,00171__salted__strict__cp200D__single.08c5c55e9c2b4062344655e9ee32b979,strict,200D,single,,ADV,AD‍V,,
00171.08c5c55e9c2b4062344655e9ee32b979,00171__salted__strict__cp00AD__single.08c5c55e9c2b4062344655e9ee32b979,strict,00AD,single,,ADV,AD­V,,
00172.7fe063c5f90c46934dc79a83d9fdabfe,00172__salted__strict__cp200B__single.7fe063c5f90c46934dc79a83d9fdabfe,strict,200B,single,,Attn,At​tn,,
00172.7fe063c5f90c46934dc79a83d9fdabfe,00172__salted__strict__cp200C__single.7fe063c5f90c46934dc79a83d9fdabfe,strict,200C,single,,Attn,At‌tn,,
00172.7fe063c5f90c46934dc79a83d9fdabfe,00172__salted__strict__cp200D__single.7fe063c5f90c46934dc79a83d9fdabfe,strict,200D,single,,Attn,At‍tn,,
00172.7fe063c5f90c46934dc79a83d9fdabfe,00172__salted__strict__cp00AD__single.7fe063c5f90c46934dc79a83d9fdabfe,strict,00AD,single,,Attn,At­tn,,
00173.6f5baeeaeb9b1c1ac4b9527e948828db,00173__salted__strict__cp200B__single.6f5baeeaeb9b1c1ac4b9527e948828db,strict,200B,single,,,,"Earn, mortgage, mortgage","Ea​rn, mo​rtgage, mo​rtgage"
00173.6f5baeeaeb9b1c1ac4b9527e948828db,00173__salted__strict__cp200C__single.6f5baeeaeb9b1c1ac4b9527e948828db,strict,200C,single,,,,"Earn, mortgage, mortgage","Ea‌rn, mo‌rtgage, mo‌rtgage"
00173.6f5baeeaeb9b1c1ac4b9527e948828db,00173__salted__strict__cp200D__single.6f5baeeaeb9b1c1ac4b9527e948828db,strict,200D,single,,,,"Earn, mortgage, mortgage","Ea‍rn, mo‍rtgage, mo‍rtgage"
00173.6f5baeeaeb9b1c1ac4b9527e948828db,00173__salted__strict__cp00AD__single.6f5baeeaeb9b1c1ac4b9527e948828db,strict,00AD,single,,,,"Earn, mortgage, mortgage","Ea­rn, mo­rtgage, mo­rtgage"
00173.e10eb62e2c7808674c43d6a5e9e08a1c,00173__salted__strict__cp200B__single.e10eb62e2c7808674c43d6a5e9e08a1c,strict,200B,single,,HGH,HG​H,,
00173.e10eb62e2c7808674c43d6a5e9e08a1c,00173__salted__strict__cp200C__single.e10eb62e2c7808674c43d6a5e9e08a1c,strict,200C,single,,HGH,HG‌H,,
00173.e10eb62e2c7808674c43d6a5e9e08a1c,00173__salted__strict__cp200D__single.e10eb62e2c7808674c43d6a5e9e08a1c,strict,200D,single,,HGH,HG‍H,,
00173.e10eb62e2c7808674c43d6a5e9e08a1c,00173__salted__strict__cp00AD__single.e10eb62e2c7808674c43d6a5e9e08a1c,strict,00AD,single,,HGH,HG­H,,
00175.931897f329f7ed0aee7df9f5d0626359,00175__salted__strict__cp200B__single.931897f329f7ed0aee7df9f5d0626359,strict,200B,single,,,,"USD, USD","US​D, US​D"
00175.931897f329f7ed0aee7df9f5d0626359,00175__salted__strict__cp200C__single.931897f329f7ed0aee7df9f5d0626359,strict,200C,single,,,,"USD, USD","US‌D, US‌D"
00175.931897f329f7ed0aee7df9f5d0626359,00175__salted__strict__cp200D__single.931897f329f7ed0aee7df9f5d0626359,strict,200D,single,,,,"USD, USD","US‍D, US‍D"
00175.931897f329f7ed0aee7df9f5d0626359,00175__salted__strict__cp00AD__single.931897f329f7ed0aee7df9f5d0626359,strict,00AD,single,,,,"USD, USD","US­D, US­D"
00176.644d65f0ab0d19f706a493bd5c3dc5df,00176__salted__strict__cp200B__single.644d65f0ab0d19f706a493bd5c3dc5df,strict,200B,single,,,,mailings,ma​ilings
00176.644d65f0ab0d19f706a493bd5c3dc5df,00176__salted__strict__cp200C__single.644d65f0ab0d19f706a493bd5c3dc5df,strict,200C,single,,,,mailings,ma‌ilings
00176.644d65f0ab0d19f706a493bd5c3dc5df,00176__salted__strict__cp200D__single.644d65f0ab0d19f706a493bd5c3dc5df,strict,200D,single,,,,mailings,ma‍ilings
00176.644d65f0ab0d19f706a493bd5c3dc5df,00176__salted__strict__cp00AD__single.644d65f0ab0d19f706a493bd5c3dc5df,strict,00AD,single,,,,mailings,ma­ilings
00176.79f82496c612ea28f45f13ca5c47f8c2,00176__salted__strict__cp200B__single.79f82496c612ea28f45f13ca5c47f8c2,strict,200B,single,,Herbal,He​rbal,,
00176.79f82496c612ea28f45f13ca5c47f8c2,00176__salted__strict__cp200C__single.79f82496c612ea28f45f13ca5c47f8c2,strict,200C,single,,Herbal,He‌rbal,,
00176.79f82496c612ea28f45f13ca5c47f8c2,00176__salted__strict__cp200D__single.79f82496c612ea28f45f13ca5c47f8c2,strict,200D,single,,Herbal,He‍rbal,,
00176.79f82496c612ea28f45f13ca5c47f8c2,00176__salted__strict__cp00AD__single.79f82496c612ea28f45f13ca5c47f8c2,strict,00AD,single,,Herbal,He­rbal,,
00177.56ed33af0cb1d0f700cc2d26a866870b,00177__salted__strict__cp200B__single.56ed33af0cb1d0f700cc2d26a866870b,strict,200B,single,,SYSTEMWORKS,SY​STEMWORKS,,
00177.56ed33af0cb1d0f700cc2d26a866870b,00177__salted__strict__cp200C__single.56ed33af0cb1d0f700cc2d26a866870b,strict,200C,single,,SYSTEMWORKS,SY‌STEMWORKS,,
00177.56ed33af0cb1d0f700cc2d26a866870b,00177__salted__strict__cp200D__single.56ed33af0cb1d0f700cc2d26a866870b,strict,200D,single,,SYSTEMWORKS,SY‍STEMWORKS,,
00177.56ed33af0cb1d0f700cc2d26a866870b,00177__salted__strict__cp00AD__single.56ed33af0cb1d0f700cc2d26a866870b,strict,00AD,single,,SYSTEMWORKS,SY­STEMWORKS,,
00178.2dbe6aa90dc38758c946170ff92ec8e8,00178__salted__strict__cp200B__single.2dbe6aa90dc38758c946170ff92ec8e8,strict,200B,single,,ADV,AD​V,,
00178.2dbe6aa90dc38758c946170ff92ec8e8,00178__salted__strict__cp200C__single.2dbe6aa90dc38758c946170ff92ec8e8,strict,200C,single,,ADV,AD‌V,,
00178.2dbe6aa90dc38758c946170ff92ec8e8,00178__salted__strict__cp200D__single.2dbe6aa90dc38758c946170ff92ec8e8,strict,200D,single,,ADV,AD‍V,,
00178.2dbe6aa90dc38758c946170ff92ec8e8,00178__salted__strict__cp00AD__single.2dbe6aa90dc38758c946170ff92ec8e8,strict,00AD,single,,ADV,AD­V,,
00178.cdecf0f56ddc0bf61e922a131dc806c2,00178__salted__strict__cp200B__single.cdecf0f56ddc0bf61e922a131dc806c2,strict,200B,single,,ADV,AD​V,,
00178.cdecf0f56ddc0bf61e922a131dc806c2,00178__salted__strict__cp200C__single.cdecf0f56ddc0bf61e922a131dc806c2,strict,200C,single,,ADV,AD‌V,,
00178.cdecf0f56ddc0bf61e922a131dc806c2,00178__salted__strict__cp200D__single.cdecf0f56ddc0bf61e922a131dc806c2,strict,200D,single,,ADV,AD‍V,,
00178.cdecf0f56ddc0bf61e922a131dc806c2,00178__salted__strict__cp00AD__single.cdecf0f56ddc0bf61e922a131dc806c2,strict,00AD,single,,ADV,AD­V,,
00179.2174c80cb3eff623dfc991e51a53eb99,00179__salted__strict__cp200B__single.2174c80cb3eff623dfc991e51a53eb99,strict,200B,single,,mortgage,mo​rtgage,,
00179.2174c80cb3eff623dfc991e51a53eb99,00179__salted__strict__cp200C__single.2174c80cb3eff623dfc991e51a53eb99,strict,200C,single,,mortgage,mo‌rtgage,,
00179.2174c80cb3eff623dfc991e51a53eb99,00179__salted__strict__cp200D__single.2174c80cb3eff623dfc991e51a53eb99,strict,200D,single,,mortgage,mo‍rtgage,,
00179.2174c80cb3eff623dfc991e51a53eb99,00179__salted__strict__cp00AD__single.2174c80cb3eff623dfc991e51a53eb99,strict,00AD,single,,mortgage,mo­rtgage,,
00179.ef2f7cf60806a96b59f4477b025580ee,00179__salted__strict__cp200B__single.ef2f7cf60806a96b59f4477b025580ee,strict,200B,single,,,,"pains, confidentiality, confidentiality","pa​ins, co​nfidentiality, co​nfidentiality"
00179.ef2f7cf60806a96b59f4477b025580ee,00179__salted__strict__cp200C__single.ef2f7cf60806a96b59f4477b025580ee,strict,200C,single,,,,"pains, confidentiality, confidentiality","pa‌ins, co‌nfidentiality, co‌nfidentiality"
00179.ef2f7cf60806a96b59f4477b025580ee,00179__salted__strict__cp200D__single.ef2f7cf60806a96b59f4477b025580ee,strict,200D,single,,,,"pains, confidentiality, confidentiality","pa‍ins, co‍nfidentiality, co‍nfidentiality"
00179.ef2f7cf60806a96b59f4477b025580ee,00179__salted__strict__cp00AD__single.ef2f7cf60806a96b59f4477b025580ee,strict,00AD,single,,,,"pains, confidentiality, confidentiality","pa­ins, co­nfidentiality, co­nfidentiality"
00182.1b9ba0f95506a6f2bf256f40fad0687d,00182__salted__strict__cp200B__single.1b9ba0f95506a6f2bf256f40fad0687d,strict,200B,single,,,,"mailings, Postal, ATTAINED","ma​ilings, Po​stal, AT​TAINED"
00182.1b9ba0f95506a6f2bf256f40fad0687d,00182__salted__strict__cp200C__single.1b9ba0f95506a6f2bf256f40fad0687d,strict,200C,single,,,,"mailings, Postal, ATTAINED","ma‌ilings, Po‌stal, AT‌TAINED"
00182.1b9ba0f95506a6f2bf256f40fad0687d,00182__salted__strict__cp200D__single.1b9ba0f95506a6f2bf256f40fad0687d,strict,200D,single,,,,"mailings, Postal, ATTAINED","ma‍ilings, Po‍stal, AT‍TAINED"
00182.1b9ba0f95506a6f2bf256f40fad0687d,00182__salted__strict__cp00AD__single.1b9ba0f95506a6f2bf256f40fad0687d,strict,00AD,single,,,,"mailings, Postal, ATTAINED","ma­ilings, Po­stal, AT­TAINED"
00183.38d9e73b56e7a59ca1472e08076a9b71,00183__salted__strict__cp200B__single.38d9e73b56e7a59ca1472e08076a9b71,strict,200B,single,,Attn,At​tn,,
00183.38d9e73b56e7a59ca1472e08076a9b71,00183__salted__strict__cp200C__single.38d9e73b56e7a59ca1472e08076a9b71,strict,200C,single,,Attn,At‌tn,,
00183.38d9e73b56e7a59ca1472e08076a9b71,00183__salted__strict__cp200D__single.38d9e73b56e7a59ca1472e08076a9b71,strict,200D,single,,Attn,At‍tn,,
00183.38d9e73b56e7a59ca1472e08076a9b71,00183__salted__strict__cp00AD__single.38d9e73b56e7a59ca1472e08076a9b71,strict,00AD,single,,Attn,At­tn,,
00183.47b495fc7ebd7807affa6425de6419b3,00183__salted__strict__cp200B__single.47b495fc7ebd7807affa6425de6419b3,strict,200B,single,,,,toll,to​ll
00183.47b495fc7ebd7807affa6425de6419b3,00183__salted__strict__cp200C__single.47b495fc7ebd7807affa6425de6419b3,strict,200C,single,,,,toll,to‌ll
00183.47b495fc7ebd7807affa6425de6419b3,00183__salted__strict__cp200D__single.47b495fc7ebd7807affa6425de6419b3,strict,200D,single,,,,toll,to‍ll
00183.47b495fc7ebd7807affa6425de6419b3,00183__salted__strict__cp00AD__single.47b495fc7ebd7807affa6425de6419b3,strict,00AD,single,,,,toll,to­ll
00184.b4c342594f571eeb609a47b313ac35fe,00184__salted__strict__cp200B__single.b4c342594f571eeb609a47b313ac35fe,strict,200B,single,,,,toll,to​ll
00184.b4c342594f571eeb609a47b313ac35fe,00184__salted__strict__cp200C__single.b4c342594f571eeb609a47b313ac35fe,strict,200C,single,,,,toll,to‌ll
00184.b4c342594f571eeb609a47b313ac35fe,00184__salted__strict__cp200D__single.b4c342594f571eeb609a47b313ac35fe,strict,200D,single,,,,toll,to‍ll
00184.b4c342594f571eeb609a47b313ac35fe,00184__salted__strict__cp00AD__single.b4c342594f571eeb609a47b313ac35fe,strict,00AD,single,,,,toll,to­ll
00185.3bc6159431883bb008a8cf973facadb3,00185__salted__strict__cp200B__single.3bc6159431883bb008a8cf973facadb3,strict,200B,single,,,,toll,to​ll
00185.3bc6159431883bb008a8cf973facadb3,00185__salted__strict__cp200C__single.3bc6159431883bb008a8cf973facadb3,strict,200C,single,,,,toll,to‌ll
00185.3bc6159431883bb008a8cf973facadb3,00185__salted__strict__cp200D__single.3bc6159431883bb008a8cf973facadb3,strict,200D,single,,,,toll,to‍ll
00185.3bc6159431883bb008a8cf973facadb3,00185__salted__strict__cp00AD__single.3bc6159431883bb008a8cf973facadb3,strict,00AD,single,,,,toll,to­ll
00186.a66b4fc4ab114c9cb37e1a31d1ea1aeb,00186__salted__strict__cp200B__single.a66b4fc4ab114c9cb37e1a31d1ea1aeb,strict,200B,single,,,,mailings,ma​ilings
00186.a66b4fc4ab114c9cb37e1a31d1ea1aeb,00186__salted__strict__cp200C__single.a66b4fc4ab114c9cb37e1a31d1ea1aeb,strict,200C,single,,,,mailings,ma‌ilings
00186.a66b4fc4ab114c9cb37e1a31d1ea1aeb,00186__salted__strict__cp200D__single.a66b4fc4ab114c9cb37e1a31d1ea1aeb,strict,200D,single,,,,mailings,ma‍ilings
00186.a66b4fc4ab114c9cb37e1a31d1ea1aeb,00186__salted__strict__cp00AD__single.a66b4fc4ab114c9cb37e1a31d1ea1aeb,strict,00AD,single,,,,mailings,ma­ilings
00188.b12197b37ceb97fa0cd802566c1e08db,00188__salted__strict__cp200B__single.b12197b37ceb97fa0cd802566c1e08db,strict,200B,single,,,,toll,to​ll
00188.b12197b37ceb97fa0cd802566c1e08db,00188__salted__strict__cp200C__single.b12197b37ceb97fa0cd802566c1e08db,strict,200C,single,,,,toll,to‌ll
00188.b12197b37ceb97fa0cd802566c1e08db,00188__salted__strict__cp200D__single.b12197b37ceb97fa0cd802566c1e08db,strict,200D,single,,,,toll,to‍ll
00188.b12197b37ceb97fa0cd802566c1e08db,00188__salted__strict__cp00AD__single.b12197b37ceb97fa0cd802566c1e08db,strict,00AD,single,,,,toll,to­ll
00189.074fe7fad584aa9243fadc6d16f8c186,00189__salted__strict__cp200B__single.074fe7fad584aa9243fadc6d16f8c186,strict,200B,single,,,,toll,to​ll
00189.074fe7fad584aa9243fadc6d16f8c186,00189__salted__strict__cp200C__single.074fe7fad584aa9243fadc6d16f8c186,strict,200C,single,,,,toll,to‌ll
00189.074fe7fad584aa9243fadc6d16f8c186,00189__salted__strict__cp200D__single.074fe7fad584aa9243fadc6d16f8c186,strict,200D,single,,,,toll,to‍ll
00189.074fe7fad584aa9243fadc6d16f8c186,00189__salted__strict__cp00AD__single.074fe7fad584aa9243fadc6d16f8c186,strict,00AD,single,,,,toll,to­ll
00190.ee2ea200e7efa602221c6492f9d9d8c0,00190__salted__strict__cp200B__single.ee2ea200e7efa602221c6492f9d9d8c0,strict,200B,single,,,,toll,to​ll
00190.ee2ea200e7efa602221c6492f9d9d8c0,00190__salted__strict__cp200C__single.ee2ea200e7efa602221c6492f9d9d8c0,strict,200C,single,,,,toll,to‌ll
00190.ee2ea200e7efa602221c6492f9d9d8c0,00190__salted__strict__cp200D__single.ee2ea200e7efa602221c6492f9d9d8c0,strict,200D,single,,,,toll,to‍ll
00190.ee2ea200e7efa602221c6492f9d9d8c0,00190__salted__strict__cp00AD__single.ee2ea200e7efa602221c6492f9d9d8c0,strict,00AD,single,,,,toll,to­ll
00192.e5a6bb15ae1e965f3b823c75e435651a,00192__salted__strict__cp200B__single.e5a6bb15ae1e965f3b823c75e435651a,strict,200B,single,,,,"Mortgage, Commissions, Mortgage","Mo​rtgage, Co​mmissions, Mo​rtgage"
00192.e5a6bb15ae1e965f3b823c75e435651a,00192__salted__strict__cp200C__single.e5a6bb15ae1e965f3b823c75e435651a,strict,200C,single,,,,"Mortgage, Commissions, Mortgage","Mo‌rtgage, Co‌mmissions, Mo‌rtgage"
00192.e5a6bb15ae1e965f3b823c75e435651a,00192__salted__strict__cp200D__single.e5a6bb15ae1e965f3b823c75e435651a,strict,200D,single,,,,"Mortgage, Commissions, Mortgage","Mo‍rtgage, Co‍mmissions, Mo‍rtgage"
00192.e5a6bb15ae1e965f3b823c75e435651a,00192__salted__strict__cp00AD__single.e5a6bb15ae1e965f3b823c75e435651a,strict,00AD,single,,,,"Mortgage, Commissions, Mortgage","Mo­rtgage, Co­mmissions, Mo­rtgage"
00192.f2c49e0edfc9d9c861da1e6368cb7d12,00192__salted__strict__cp200B__single.f2c49e0edfc9d9c861da1e6368cb7d12,strict,200B,single,,ASSISTANCE,AS​SISTANCE,"honesty, assistance, assistance","ho​nesty, as​sistance, as​sistance"
00192.f2c49e0edfc9d9c861da1e6368cb7d12,00192__salted__strict__cp200C__single.f2c49e0edfc9d9c861da1e6368cb7d12,strict,200C,single,,ASSISTANCE,AS‌SISTANCE,"honesty, assistance, assistance","ho‌nesty, as‌sistance, as‌sistance"
00192.f2c49e0edfc9d9c861da1e6368cb7d12,00192__salted__strict__cp200D__single.f2c49e0edfc9d9c861da1e6368cb7d12,strict,200D,single,,ASSISTANCE,AS‍SISTANCE,"honesty, assistance, assistance","ho‍nesty, as‍sistance, as‍sistance"
00192.f2c49e0edfc9d9c861da1e6368cb7d12,00192__salted__strict__cp00AD__single.f2c49e0edfc9d9c861da1e6368cb7d12,strict,00AD,single,,ASSISTANCE,AS­SISTANCE,"honesty, assistance, assistance","ho­nesty, as­sistance, as­sistance"
00193.c04ef77bc3dbaa5762760a6ea138df0e,00193__salted__strict__cp200B__single.c04ef77bc3dbaa5762760a6ea138df0e,strict,200B,single,,MLM,ML​M,"MLM, MLM, MLM","ML​M, ML​M, ML​M"
00193.c04ef77bc3dbaa5762760a6ea138df0e,00193__salted__strict__cp200C__single.c04ef77bc3dbaa5762760a6ea138df0e,strict,200C,single,,MLM,ML‌M,"MLM, MLM, MLM","ML‌M, ML‌M, ML‌M"
00193.c04ef77bc3dbaa5762760a6ea138df0e,00193__salted__strict__cp200D__single.c04ef77bc3dbaa5762760a6ea138df0e,strict,200D,single,,MLM,ML‍M,"MLM, MLM, MLM","ML‍M, ML‍M, ML‍M"
00193.c04ef77bc3dbaa5762760a6ea138df0e,00193__salted__strict__cp00AD__single.c04ef77bc3dbaa5762760a6ea138df0e,strict,00AD,single,,MLM,ML­M,"MLM, MLM, MLM","ML­M, ML­M, ML­M"
00193.d68a324fdbe164f166b58e7852903065,00193__salted__strict__cp200B__single.d68a324fdbe164f166b58e7852903065,strict,200B,single,,ASSISTANCE,AS​SISTANCE,"Lagos, faithfully","La​gos, fa​ithfully"
00193.d68a324fdbe164f166b58e7852903065,00193__salted__strict__cp200C__single.d68a324fdbe164f166b58e7852903065,strict,200C,single,,ASSISTANCE,AS‌SISTANCE,"Lagos, faithfully","La‌gos, fa‌ithfully"
00193.d68a324fdbe164f166b58e7852903065,00193__salted__strict__cp200D__single.d68a324fdbe164f166b58e7852903065,strict,200D,single,,ASSISTANCE,AS‍SISTANCE,"Lagos, faithfully","La‍gos, fa‍ithfully"
00193.d68a324fdbe164f166b58e7852903065,00193__salted__strict__cp00AD__single.d68a324fdbe164f166b58e7852903065,strict,00AD,single,,ASSISTANCE,AS­SISTANCE,"Lagos, faithfully","La­gos, fa­ithfully"
00194.91b4c441362e802a64154349c6451b7c,00194__salted__strict__cp200B__single.91b4c441362e802a64154349c6451b7c,strict,200B,single,,ASSISTANCE,AS​SISTANCE,"Lagos, faithfully","La​gos, fa​ithfully"
00194.91b4c441362e802a64154349c6451b7c,00194__salted__strict__cp200C__single.91b4c441362e802a64154349c6451b7c,strict,200C,single,,ASSISTANCE,AS‌SISTANCE,"Lagos, faithfully","La‌gos, fa‌ithfully"
00194.91b4c441362e802a64154349c6451b7c,00194__salted__strict__cp200D__single.91b4c441362e802a64154349c6451b7c,strict,200D,single,,ASSISTANCE,AS‍SISTANCE,"Lagos, faithfully","La‍gos, fa‍ithfully"
00194.91b4c441362e802a64154349c6451b7c,00194__salted__strict__cp00AD__single.91b4c441362e802a64154349c6451b7c,strict,00AD,single,,ASSISTANCE,AS­SISTANCE,"Lagos, faithfully","La­gos, fa­ithfully"
00196.2e07e36c1285ba9187f8168c77d813f7,00196__salted__strict__cp200B__single.2e07e36c1285ba9187f8168c77d813f7,strict,200B,single,,,,toll,to​ll
00196.2e07e36c1285ba9187f8168c77d813f7,00196__salted__strict__cp200C__single.2e07e36c1285ba9187f8168c77d813f7,strict,200C,single,,,,toll,to‌ll
00196.2e07e36c1285ba9187f8168c77d813f7,00196__salted__strict__cp200D__single.2e07e36c1285ba9187f8168c77d813f7,strict,200D,single,,,,toll,to‍ll
00196.2e07e36c1285ba9187f8168c77d813f7,00196__salted__strict__cp00AD__single.2e07e36c1285ba9187f8168c77d813f7,strict,00AD,single,,,,toll,to­ll
00196.dd21040c7757d477c967ae71b537810e,00196__salted__strict__cp200B__single.dd21040c7757d477c967ae71b537810e,strict,200B,single,,SYSTEMWORKS,SY​STEMWORKS,,
00196.dd21040c7757d477c967ae71b537810e,00196__salted__strict__cp200C__single.dd21040c7757d477c967ae71b537810e,strict,200C,single,,SYSTEMWORKS,SY‌STEMWORKS,,
00196.dd21040c7757d477c967ae71b537810e,00196__salted__strict__cp200D__single.dd21040c7757d477c967ae71b537810e,strict,200D,single,,SYSTEMWORKS,SY‍STEMWORKS,,
00196.dd21040c7757d477c967ae71b537810e,00196__salted__strict__cp00AD__single.dd21040c7757d477c967ae71b537810e,strict,00AD,single,,SYSTEMWORKS,SY­STEMWORKS,,
00197.5a921df53d215a60d557c68754559e93,00197__salted__strict__cp200B__single.5a921df53d215a60d557c68754559e93,strict,200B,single,,,,"Postal, ATTAINED, testimonials","Po​stal, AT​TAINED, te​stimonials"
00197.5a921df53d215a60d557c68754559e93,00197__salted__strict__cp200C__single.5a921df53d215a60d557c68754559e93,strict,200C,single,,,,"Postal, ATTAINED, testimonials","Po‌stal, AT‌TAINED, te‌stimonials"
00197.5a921df53d215a60d557c68754559e93,00197__salted__strict__cp200D__single.5a921df53d215a60d557c68754559e93,strict,200D,single,,,,"Postal, ATTAINED, testimonials","Po‍stal, AT‍TAINED, te‍stimonials"
00197.5a921df53d215a60d557c68754559e93,00197__salted__strict__cp00AD__single.5a921df53d215a60d557c68754559e93,strict,00AD,single,,,,"Postal, ATTAINED, testimonials","Po­stal, AT­TAINED, te­stimonials"
00197.d77321043295f3683060dcb2bdb8b822,00197__salted__strict__cp200B__single.d77321043295f3683060dcb2bdb8b822,strict,200B,single,,,,toll,to​ll
00197.d77321043295f3683060dcb2bdb8b822,00197__salted__strict__cp200C__single.d77321043295f3683060dcb2bdb8b822,strict,200C,single,,,,toll,to‌ll
00197.d77321043295f3683060dcb2bdb8b822,00197__salted__strict__cp200D__single.d77321043295f3683060dcb2bdb8b822,strict,200D,single,,,,toll,to‍ll
00197.d77321043295f3683060dcb2bdb8b822,00197__salted__strict__cp00AD__single.d77321043295f3683060dcb2bdb8b822,strict,00AD,single,,,,toll,to­ll
00198.150ad975a44e356b479b88d8b57edc40,00198__salted__strict__cp200B__single.150ad975a44e356b479b88d8b57edc40,strict,200B,single,,,,toll,to​ll
00198.150ad975a44e356b479b88d8b57edc40,00198__salted__strict__cp200C__single.150ad975a44e356b479b88d8b57edc40,strict,200C,single,,,,toll,to‌ll
00198.150ad975a44e356b479b88d8b57edc40,00198__salted__strict__cp200D__single.150ad975a44e356b479b88d8b57edc40,strict,200D,single,,,,toll,to‍ll
00198.150ad975a44e356b479b88d8b57edc40,00198__salted__strict__cp00AD__single.150ad975a44e356b479b88d8b57edc40,strict,00AD,single,,,,toll,to­ll
00199.9be6cec49c53210152780926cdeb59ff,00199__salted__strict__cp200B__single.9be6cec49c53210152780926cdeb59ff,strict,200B,single,,SYSTEMWORKS,SY​STEMWORKS,,
00199.9be6cec49c53210152780926cdeb59ff,00199__salted__strict__cp200C__single.9be6cec49c53210152780926cdeb59ff,strict,200C,single,,SYSTEMWORKS,SY‌STEMWORKS,,
00199.9be6cec49c53210152780926cdeb59ff,00199__salted__strict__cp200D__single.9be6cec49c53210152780926cdeb59ff,strict,200D,single,,SYSTEMWORKS,SY‍STEMWORKS,,
00199.9be6cec49c53210152780926cdeb59ff,00199__salted__strict__cp00AD__single.9be6cec49c53210152780926cdeb59ff,strict,00AD,single,,SYSTEMWORKS,SY­STEMWORKS,,
00200.2fcabc2b58baa0ebc051e3ea3dfafd8f,00200__salted__strict__cp200B__single.2fcabc2b58baa0ebc051e3ea3dfafd8f,strict,200B,single,,,,assistance,as​sistance
00200.2fcabc2b58baa0ebc051e3ea3dfafd8f,00200__salted__strict__cp200C__single.2fcabc2b58baa0ebc051e3ea3dfafd8f,strict,200C,single,,,,assistance,as‌sistance
00200.2fcabc2b58baa0ebc051e3ea3dfafd8f,00200__salted__strict__cp200D__single.2fcabc2b58baa0ebc051e3ea3dfafd8f,strict,200D,single,,,,assistance,as‍sistance
00200.2fcabc2b58baa0ebc051e3ea3dfafd8f,00200__salted__strict__cp00AD__single.2fcabc2b58baa0ebc051e3ea3dfafd8f,strict,00AD,single,,,,assistance,as­sistance
00200.bacd4b2168049778b480367ca670254f,00200__salted__strict__cp200B__single.bacd4b2168049778b480367ca670254f,strict,200B,single,,ADV,AD​V,,
00200.bacd4b2168049778b480367ca670254f,00200__salted__strict__cp200C__single.bacd4b2168049778b480367ca670254f,strict,200C,single,,ADV,AD‌V,,
00200.bacd4b2168049778b480367ca670254f,00200__salted__strict__cp200D__single.bacd4b2168049778b480367ca670254f,strict,200D,single,,ADV,AD‍V,,
00200.bacd4b2168049778b480367ca670254f,00200__salted__strict__cp00AD__single.bacd4b2168049778b480367ca670254f,strict,00AD,single,,ADV,AD­V,,
00201.e74734c7cd89b7c55989d585f72b358a,00201__salted__strict__cp200B__single.e74734c7cd89b7c55989d585f72b358a,strict,200B,single,,,,"Earn, Commissions, mailings","Ea​rn, Co​mmissions, ma​ilings"
00201.e74734c7cd89b7c55989d585f72b358a,00201__salted__strict__cp200C__single.e74734c7cd89b7c55989d585f72b358a,strict,200C,single,,,,"Earn, Commissions, mailings","Ea‌rn, Co‌mmissions, ma‌ilings"
00201.e74734c7cd89b7c55989d585f72b358a,00201__salted__strict__cp200D__single.e74734c7cd89b7c55989d585f72b358a,strict,200D,single,,,,"Earn, Commissions, mailings","Ea‍rn, Co‍mmissions, ma‍ilings"
00201.e74734c7cd89b7c55989d585f72b358a,00201__salted__strict__cp00AD__single.e74734c7cd89b7c55989d585f72b358a,strict,00AD,single,,,,"Earn, Commissions, mailings","Ea­rn, Co­mmissions, ma­ilings"
00202.e57a96cc553ecba5064d023695a0f385,00202__salted__strict__cp200B__single.e57a96cc553ecba5064d023695a0f385,strict,200B,single,,,,mailings,ma​ilings
00202.e57a96cc553ecba5064d023695a0f385,00202__salted__strict__cp200C__single.e57a96cc553ecba5064d023695a0f385,strict,200C,single,,,,mailings,ma‌ilings
00202.e57a96cc553ecba5064d023695a0f385,00202__salted__strict__cp200D__single.e57a96cc553ecba5064d023695a0f385,strict,200D,single,,,,mailings,ma‍ilings
00202.e57a96cc553ecba5064d023695a0f385,00202__salted__strict__cp00AD__single.e57a96cc553ecba5064d023695a0f385,strict,00AD,single,,,,mailings,ma­ilings
00203.3956f8506171ffd90a0060cafad4fdea,00203__salted__strict__cp200B__single.3956f8506171ffd90a0060cafad4fdea,strict,200B,single,,,,"guaranteed, mailings","gu​aranteed, ma​ilings"
00203.3956f8506171ffd90a0060cafad4fdea,00203__salted__strict__cp200C__single.3956f8506171ffd90a0060cafad4fdea,strict,200C,single,,,,"guaranteed, mailings","gu‌aranteed, ma‌ilings"
00203.3956f8506171ffd90a0060cafad4fdea,00203__salted__strict__cp200D__single.3956f8506171ffd90a0060cafad4fdea,strict,200D,single,,,,"guaranteed, mailings","gu‍aranteed, ma‍ilings"
00203.3956f8506171ffd90a0060cafad4fdea,00203__salted__strict__cp00AD__single.3956f8506171ffd90a0060cafad4fdea,strict,00AD,single,,,,"guaranteed, mailings","gu­aranteed, ma­ilings"
00203.5d5cdf03bd9362584adaf6be372d0ba1,00203__salted__strict__cp200B__single.5d5cdf03bd9362584adaf6be372d0ba1,strict,200B,single,,,,mailings,ma​ilings
00203.5d5cdf03bd9362584adaf6be372d0ba1,00203__salted__strict__cp200C__single.5d5cdf03bd9362584adaf6be372d0ba1,strict,200C,single,,,,mailings,ma‌ilings
00203.5d5cdf03bd9362584adaf6be372d0ba1,00203__salted__strict__cp200D__single.5d5cdf03bd9362584adaf6be372d0ba1,strict,200D,single,,,,mailings,ma‍ilings
00203.5d5cdf03bd9362584adaf6be372d0ba1,00203__salted__strict__cp00AD__single.5d5cdf03bd9362584adaf6be372d0ba1,strict,00AD,single,,,,mailings,ma­ilings
00207.0b71ac81a360455c1514f5872564b1e1,00207__salted__strict__cp200B__single.0b71ac81a360455c1514f5872564b1e1,strict,200B,single,,,,Mailings,Ma​ilings
00207.0b71ac81a360455c1514f5872564b1e1,00207__salted__strict__cp200C__single.0b71ac81a360455c1514f5872564b1e1,strict,200C,single,,,,Mailings,Ma‌ilings
00207.0b71ac81a360455c1514f5872564b1e1,00207__salted__strict__cp200D__single.0b71ac81a360455c1514f5872564b1e1,strict,200D,single,,,,Mailings,Ma‍ilings
00207.0b71ac81a360455c1514f5872564b1e1,00207__salted__strict__cp00AD__single.0b71ac81a360455c1514f5872564b1e1,strict,00AD,single,,,,Mailings,Ma­ilings
00208.369921416af87a0b70f133632131b184,00208__salted__strict__cp200B__single.369921416af87a0b70f133632131b184,strict,200B,single,,ASSISTANCE,AS​SISTANCE,"assistance, assistance, confidentiality","as​sistance, as​sistance, co​nfidentiality"
00208.369921416af87a0b70f133632131b184,00208__salted__strict__cp200C__single.369921416af87a0b70f133632131b184,strict,200C,single,,ASSISTANCE,AS‌SISTANCE,"assistance, assistance, confidentiality","as‌sistance, as‌sistance, co‌nfidentiality"
00208.369921416af87a0b70f133632131b184,00208__salted__strict__cp200D__single.369921416af87a0b70f133632131b184,strict,200D,single,,ASSISTANCE,AS‍SISTANCE,"assistance, assistance, confidentiality","as‍sistance, as‍sistance, co‍nfidentiality"
00208.369921416af87a0b70f133632131b184,00208__salted__strict__cp00AD__single.369921416af87a0b70f133632131b184,strict,00AD,single,,ASSISTANCE,AS­SISTANCE,"assistance, assistance, confidentiality","as­sistance, as­sistance, co­nfidentiality"
00208.c9e30fc9044cdc50682c2e2d2be4c466,00208__salted__strict__cp200B__single.c9e30fc9044cdc50682c2e2d2be4c466,strict,200B,single,,cartridges,ca​rtridges,"Inkjet, cartridges, Inkjet","In​kjet, ca​rtridges, In​kjet"
00208.c9e30fc9044cdc50682c2e2d2be4c466,00208__salted__strict__cp200C__single.c9e30fc9044cdc50682c2e2d2be4c466,strict,200C,single,,cartridges,ca‌rtridges,"Inkjet, cartridges, Inkjet","In‌kjet, ca‌rtridges, In‌kjet"
00208.c9e30fc9044cdc50682c2e2d2be4c466,00208__salted__strict__cp200D__single.c9e30fc9044cdc50682c2e2d2be4c466,strict,200D,single,,cartridges,ca‍rtridges,"Inkjet, cartridges, Inkjet","In‍kjet, ca‍rtridges, In‍kjet"
00208.c9e30fc9044cdc50682c2e2d2be4c466,00208__salted__strict__cp00AD__single.c9e30fc9044cdc50682c2e2d2be4c466,strict,00AD,single,,cartridges,ca­rtridges,"Inkjet, cartridges, Inkjet","In­kjet, ca­rtridges, In­kjet"
00209.5276f967533f2ce0209c1eff631a86ff,00209__salted__strict__cp200B__single.5276f967533f2ce0209c1eff631a86ff,strict,200B,single,,,,mailings,ma​ilings
00209.5276f967533f2ce0209c1eff631a86ff,00209__salted__strict__cp200C__single.5276f967533f2ce0209c1eff631a86ff,strict,200C,single,,,,mailings,ma‌ilings
00209.5276f967533f2ce0209c1eff631a86ff,00209__salted__strict__cp200D__single.5276f967533f2ce0209c1eff631a86ff,strict,200D,single,,,,mailings,ma‍ilings
00209.5276f967533f2ce0209c1eff631a86ff,00209__salted__strict__cp00AD__single.5276f967533f2ce0209c1eff631a86ff,strict,00AD,single,,,,mailings,ma­ilings
00210.050ffd105bd4e006771ee63cabc59978,00210__salted__strict__cp200B__single.050ffd105bd4e006771ee63cabc59978,strict,200B,single,,,,"promotional, mailings","pr​omotional, ma​ilings"
00210.050ffd105bd4e006771ee63cabc59978,00210__salted__strict__cp200C__single.050ffd105bd4e006771ee63cabc59978,strict,200C,single,,,,"promotional, mailings","pr‌omotional, ma‌ilings"
00210.050ffd105bd4e006771ee63cabc59978,00210__salted__strict__cp200D__single.050ffd105bd4e006771ee63cabc59978,strict,200D,single,,,,"promotional, mailings","pr‍omotional, ma‍ilings"
00210.050ffd105bd4e006771ee63cabc59978,00210__salted__strict__cp00AD__single.050ffd105bd4e006771ee63cabc59978,strict,00AD,single,,,,"promotional, mailings","pr­omotional, ma­ilings"
00210.2942a339c3792a1010d024e6d6ba032e,00210__salted__strict__cp200B__single.2942a339c3792a1010d024e6d6ba032e,strict,200B,single,,ADV,AD​V,,
00210.2942a339c3792a1010d024e6d6ba032e,00210__salted__strict__cp200C__single.2942a339c3792a1010d024e6d6ba032e,strict,200C,single,,ADV,AD‌V,,
00210.2942a339c3792a1010d024e6d6ba032e,00210__salted__strict__cp200D__single.2942a339c3792a1010d024e6d6ba032e,strict,200D,single,,ADV,AD‍V,,
00210.2942a339c3792a1010d024e6d6ba032e,00210__salted__strict__cp00AD__single.2942a339c3792a1010d024e6d6ba032e,strict,00AD,single,,ADV,AD­V,,
00211.4a52fb081c7087c4a82402342751e755,00211__salted__strict__cp200B__single.4a52fb081c7087c4a82402342751e755,strict,200B,single,,ADV,AD​V,toll,to​ll
00211.4a52fb081c7087c4a82402342751e755,00211__salted__strict__cp200C__single.4a52fb081c7087c4a82402342751e755,strict,200C,single,,ADV,AD‌V,toll,to‌ll
00211.4a52fb081c7087c4a82402342751e755,00211__salted__strict__cp200D__single.4a52fb081c7087c4a82402342751e755,strict,200D,single,,ADV,AD‍V,toll,to‍ll
00211.4a52fb081c7087c4a82402342751e755,00211__salted__strict__cp00AD__single.4a52fb081c7087c4a82402342751e755,strict,00AD,single,,ADV,AD­V,toll,to­ll
00212.87d0c89c4f341d1580908678bf916213,00212__salted__strict__cp200B__single.87d0c89c4f341d1580908678bf916213,strict,200B,single,,ADV,AD​V,toll,to​ll
00212.87d0c89c4f341d1580908678bf916213,00212__salted__strict__cp200C__single.87d0c89c4f341d1580908678bf916213,strict,200C,single,,ADV,AD‌V,toll,to‌ll
00212.87d0c89c4f341d1580908678bf916213,00212__salted__strict__cp200D__single.87d0c89c4f341d1580908678bf916213,strict,200D,single,,ADV,AD‍V,toll,to‍ll
00212.87d0c89c4f341d1580908678bf916213,00212__salted__strict__cp00AD__single.87d0c89c4f341d1580908678bf916213,strict,00AD,single,,ADV,AD­V,toll,to­ll
00214.1367039e50dc6b7adb0f2aa8aba83216,00214__salted__strict__cp200B__single.1367039e50dc6b7adb0f2aa8aba83216,strict,200B,single,,Annuity,An​nuity,"annuity, Guaranteed, mailings","an​nuity, Gu​aranteed, ma​ilings"
00214.1367039e50dc6b7adb0f2aa8aba83216,00214__salted__strict__cp200C__single.1367039e50dc6b7adb0f2aa8aba83216,strict,200C,single,,Annuity,An‌nuity,"annuity, Guaranteed, mailings","an‌nuity, Gu‌aranteed, ma‌ilings"
00214.1367039e50dc6b7adb0f2aa8aba83216,00214__salted__strict__cp200D__single.1367039e50dc6b7adb0f2aa8aba83216,strict,200D,single,,Annuity,An‍nuity,"annuity, Guaranteed, mailings","an‍nuity, Gu‍aranteed, ma‍ilings"
00214.1367039e50dc6b7adb0f2aa8aba83216,00214__salted__strict__cp00AD__single.1367039e50dc6b7adb0f2aa8aba83216,strict,00AD,single,,Annuity,An­nuity,"annuity, Guaranteed, mailings","an­nuity, Gu­aranteed, ma­ilings"
00216.89c1ede0b81fb09f7334f47a5183410a,00216__salted__strict__cp200B__single.89c1ede0b81fb09f7334f47a5183410a,strict,200B,single,,,,"LAGOS, deposit, USD","LA​GOS, de​posit, US​D"
00216.89c1ede0b81fb09f7334f47a5183410a,00216__salted__strict__cp200C__single.89c1ede0b81fb09f7334f47a5183410a,strict,200C,single,,,,"LAGOS, deposit, USD","LA‌GOS, de‌posit, US‌D"
00216.89c1ede0b81fb09f7334f47a5183410a,00216__salted__strict__cp200D__single.89c1ede0b81fb09f7334f47a5183410a,strict,200D,single,,,,"LAGOS, deposit, USD","LA‍GOS, de‍posit, US‍D"
00216.89c1ede0b81fb09f7334f47a5183410a,00216__salted__strict__cp00AD__single.89c1ede0b81fb09f7334f47a5183410a,strict,00AD,single,,,,"LAGOS, deposit, USD","LA­GOS, de­posit, US­D"
00217.43b4ef3d9c56cf42be9c37b546a19e78,00217__salted__strict__cp200B__single.43b4ef3d9c56cf42be9c37b546a19e78,strict,200B,single,,MLM,ML​M,,
00217.43b4ef3d9c56cf42be9c37b546a19e78,00217__salted__strict__cp200C__single.43b4ef3d9c56cf42be9c37b546a19e78,strict,200C,single,,MLM,ML‌M,,
00217.43b4ef3d9c56cf42be9c37b546a19e78,00217__salted__strict__cp200D__single.43b4ef3d9c56cf42be9c37b546a19e78,strict,200D,single,,MLM,ML‍M,,
00217.43b4ef3d9c56cf42be9c37b546a19e78,00217__salted__strict__cp00AD__single.43b4ef3d9c56cf42be9c37b546a19e78,strict,00AD,single,,MLM,ML­M,,
00218.917ed95f5c90c1d9d15d2528b0bd1e79,00218__salted__strict__cp200B__single.917ed95f5c90c1d9d15d2528b0bd1e79,strict,200B,single,,,,"utmost, confidentiality, confidentiality","ut​most, co​nfidentiality, co​nfidentiality"
00218.917ed95f5c90c1d9d15d2528b0bd1e79,00218__salted__strict__cp200C__single.917ed95f5c90c1d9d15d2528b0bd1e79,strict,200C,single,,,,"utmost, confidentiality, confidentiality","ut‌most, co‌nfidentiality, co‌nfidentiality"
00218.917ed95f5c90c1d9d15d2528b0bd1e79,00218__salted__strict__cp200D__single.917ed95f5c90c1d9d15d2528b0bd1e79,strict,200D,single,,,,"utmost, confidentiality, confidentiality","ut‍most, co‍nfidentiality, co‍nfidentiality"
00218.917ed95f5c90c1d9d15d2528b0bd1e79,00218__salted__strict__cp00AD__single.917ed95f5c90c1d9d15d2528b0bd1e79,strict,00AD,single,,,,"utmost, confidentiality, confidentiality","ut­most, co­nfidentiality, co­nfidentiality"
00220.cf7d03e161582887dc589229e2896e26,00220__salted__strict__cp200B__single.cf7d03e161582887dc589229e2896e26,strict,200B,single,,assistance,as​sistance,"ATTN, deposit, deposit","AT​TN, de​posit, de​posit"
00220.cf7d03e161582887dc589229e2896e26,00220__salted__strict__cp200C__single.cf7d03e161582887dc589229e2896e26,strict,200C,single,,assistance,as‌sistance,"ATTN, deposit, deposit","AT‌TN, de‌posit, de‌posit"
00220.cf7d03e161582887dc589229e2896e26,00220__salted__strict__cp200D__single.cf7d03e161582887dc589229e2896e26,strict,200D,single,,assistance,as‍sistance,"ATTN, deposit, deposit","AT‍TN, de‍posit, de‍posit"
00220.cf7d03e161582887dc589229e2896e26,00220__salted__strict__cp00AD__single.cf7d03e161582887dc589229e2896e26,strict,00AD,single,,assistance,as­sistance,"ATTN, deposit, deposit","AT­TN, de­posit, de­posit"
00221.c4dfeecf0cacc9469540337f5baf69db,00221__salted__strict__cp200B__single.c4dfeecf0cacc9469540337f5baf69db,strict,200B,single,,lenders,le​nders,,
00221.c4dfeecf0cacc9469540337f5baf69db,00221__salted__strict__cp200C__single.c4dfeecf0cacc9469540337f5baf69db,strict,200C,single,,lenders,le‌nders,,
00221.c4dfeecf0cacc9469540337f5baf69db,00221__salted__strict__cp200D__single.c4dfeecf0cacc9469540337f5baf69db,strict,200D,single,,lenders,le‍nders,,
00221.c4dfeecf0cacc9469540337f5baf69db,00221__salted__strict__cp00AD__single.c4dfeecf0cacc9469540337f5baf69db,strict,00AD,single,,lenders,le­nders,,
00224.0654fe0af51e1dcefa0eb66eb932f55f,00224__salted__strict__cp200B__single.0654fe0af51e1dcefa0eb66eb932f55f,strict,200B,single,,ASSISTANCE,AS​SISTANCE,"assistance, assistance","as​sistance, as​sistance"
00224.0654fe0af51e1dcefa0eb66eb932f55f,00224__salted__strict__cp200C__single.0654fe0af51e1dcefa0eb66eb932f55f,strict,200C,single,,ASSISTANCE,AS‌SISTANCE,"assistance, assistance","as‌sistance, as‌sistance"
00224.0654fe0af51e1dcefa0eb66eb932f55f,00224__salted__strict__cp200D__single.0654fe0af51e1dcefa0eb66eb932f55f,strict,200D,single,,ASSISTANCE,AS‍SISTANCE,"assistance, assistance","as‍sistance, as‍sistance"
00224.0654fe0af51e1dcefa0eb66eb932f55f,00224__salted__strict__cp00AD__single.0654fe0af51e1dcefa0eb66eb932f55f,strict,00AD,single,,ASSISTANCE,AS­SISTANCE,"assistance, assistance","as­sistance, as­sistance"
00227.1171cc6d8c586141b4110a2abdccba00,00227__salted__strict__cp200B__single.1171cc6d8c586141b4110a2abdccba00,strict,200B,single,,,,"confidentiality, receipt","co​nfidentiality, re​ceipt"
00227.1171cc6d8c586141b4110a2abdccba00,00227__salted__strict__cp200C__single.1171cc6d8c586141b4110a2abdccba00,strict,200C,single,,,,"confidentiality, receipt","co‌nfidentiality, re‌ceipt"
00227.1171cc6d8c586141b4110a2abdccba00,00227__salted__strict__cp200D__single.1171cc6d8c586141b4110a2abdccba00,strict,200D,single,,,,"confidentiality, receipt","co‍nfidentiality, re‍ceipt"
00227.1171cc6d8c586141b4110a2abdccba00,00227__salted__strict__cp00AD__single.1171cc6d8c586141b4110a2abdccba00,strict,00AD,single,,,,"confidentiality, receipt","co­nfidentiality, re­ceipt"
00228.cf58326ab05a757c7e759acc8d6b360d,00228__salted__strict__cp200B__single.cf58326ab05a757c7e759acc8d6b360d,strict,200B,single,,,,"ASSISTANCE, assistance, utmost","AS​SISTANCE, as​sistance, ut​most"
00228.cf58326ab05a757c7e759acc8d6b360d,00228__salted__strict__cp200C__single.cf58326ab05a757c7e759acc8d6b360d,strict,200C,single,,,,"ASSISTANCE, assistance, utmost","AS‌SISTANCE, as‌sistance, ut‌most"
00228.cf58326ab05a757c7e759acc8d6b360d,00228__salted__strict__cp200D__single.cf58326ab05a757c7e759acc8d6b360d,strict,200D,single,,,,"ASSISTANCE, assistance, utmost","AS‍SISTANCE, as‍sistance, ut‍most"
00228.cf58326ab05a757c7e759acc8d6b360d,00228__salted__strict__cp00AD__single.cf58326ab05a757c7e759acc8d6b360d,strict,00AD,single,,,,"ASSISTANCE, assistance, utmost","AS­SISTANCE, as­sistance, ut­most"
00230.214f8d9a756aee75e292056c1f65a005,00230__salted__strict__cp200B__single.214f8d9a756aee75e292056c1f65a005,strict,200B,single,,Attn,At​tn,,
00230.214f8d9a756aee75e292056c1f65a005,00230__salted__strict__cp200C__single.214f8d9a756aee75e292056c1f65a005,strict,200C,single,,Attn,At‌tn,,
00230.214f8d9a756aee75e292056c1f65a005,00230__salted__strict__cp200D__single.214f8d9a756aee75e292056c1f65a005,strict,200D,single,,Attn,At‍tn,,
00230.214f8d9a756aee75e292056c1f65a005,00230__salted__strict__cp00AD__single.214f8d9a756aee75e292056c1f65a005,strict,00AD,single,,Attn,At­tn,,
00231.8c72952de376293bc38d30834c0bb580,00231__salted__strict__cp200B__single.8c72952de376293bc38d30834c0bb580,strict,200B,single,,HGH,HG​H,,
00231.8c72952de376293bc38d30834c0bb580,00231__salted__strict__cp200C__single.8c72952de376293bc38d30834c0bb580,strict,200C,single,,HGH,HG‌H,,
00231.8c72952de376293bc38d30834c0bb580,00231__salted__strict__cp200D__single.8c72952de376293bc38d30834c0bb580,strict,200D,single,,HGH,HG‍H,,
00231.8c72952de376293bc38d30834c0bb580,00231__salted__strict__cp00AD__single.8c72952de376293bc38d30834c0bb580,strict,00AD,single,,HGH,HG­H,,
00232.2d55046b9cf0b192ad6332545ef2a334,00232__salted__strict__cp200B__single.2d55046b9cf0b192ad6332545ef2a334,strict,200B,single,,,,mailings,ma​ilings
00232.2d55046b9cf0b192ad6332545ef2a334,00232__salted__strict__cp200C__single.2d55046b9cf0b192ad6332545ef2a334,strict,200C,single,,,,mailings,ma‌ilings
00232.2d55046b9cf0b192ad6332545ef2a334,00232__salted__strict__cp200D__single.2d55046b9cf0b192ad6332545ef2a334,strict,200D,single,,,,mailings,ma‍ilings
00232.2d55046b9cf0b192ad6332545ef2a334,00232__salted__strict__cp00AD__single.2d55046b9cf0b192ad6332545ef2a334,strict,00AD,single,,,,mailings,ma­ilings
00232.b5eb658434a4099746a0977a0e6cd084,00232__salted__strict__cp200B__single.b5eb658434a4099746a0977a0e6cd084,strict,200B,single,,,,assistance,as​sistance
00232.b5eb658434a4099746a0977a0e6cd084,00232__salted__strict__cp200C__single.b5eb658434a4099746a0977a0e6cd084,strict,200C,single,,,,assistance,as‌sistance
00232.b5eb658434a4099746a0977a0e6cd084,00232__salted__strict__cp200D__single.b5eb658434a4099746a0977a0e6cd084,strict,200D,single,,,,assistance,as‍sistance
00232.b5eb658434a4099746a0977a0e6cd084,00232__salted__strict__cp00AD__single.b5eb658434a4099746a0977a0e6cd084,strict,00AD,single,,,,assistance,as­sistance
00233.3c32285387ebc0675adb029b9e20e581,00233__salted__strict__cp200B__single.3c32285387ebc0675adb029b9e20e581,strict,200B,single,,Guaranteed,Gu​aranteed,mailings,ma​ilings
00233.3c32285387ebc0675adb029b9e20e581,00233__salted__strict__cp200C__single.3c32285387ebc0675adb029b9e20e581,strict,200C,single,,Guaranteed,Gu‌aranteed,mailings,ma‌ilings
00233.3c32285387ebc0675adb029b9e20e581,00233__salted__strict__cp200D__single.3c32285387ebc0675adb029b9e20e581,strict,200D,single,,Guaranteed,Gu‍aranteed,mailings,ma‍ilings
00233.3c32285387ebc0675adb029b9e20e581,00233__salted__strict__cp00AD__single.3c32285387ebc0675adb029b9e20e581,strict,00AD,single,,Guaranteed,Gu­aranteed,mailings,ma­ilings
00234.6b386bd178f4ae52c67b6c6d15ece489,00234__salted__strict__cp200B__single.6b386bd178f4ae52c67b6c6d15ece489,strict,200B,single,,,,"ASSISTANCE, assistance, utmost","AS​SISTANCE, as​sistance, ut​most"
00234.6b386bd178f4ae52c67b6c6d15ece489,00234__salted__strict__cp200C__single.6b386bd178f4ae52c67b6c6d15ece489,strict,200C,single,,,,"ASSISTANCE, assistance, utmost","AS‌SISTANCE, as‌sistance, ut‌most"
00234.6b386bd178f4ae52c67b6c6d15ece489,00234__salted__strict__cp200D__single.6b386bd178f4ae52c67b6c6d15ece489,strict,200D,single,,,,"ASSISTANCE, assistance, utmost","AS‍SISTANCE, as‍sistance, ut‍most"
00234.6b386bd178f4ae52c67b6c6d15ece489,00234__salted__strict__cp00AD__single.6b386bd178f4ae52c67b6c6d15ece489,strict,00AD,single,,,,"ASSISTANCE, assistance, utmost","AS­SISTANCE, as­sistance, ut­most"
00235.45b5f386cf62b5865d9d4440d8b78aab,00235__salted__strict__cp200B__single.45b5f386cf62b5865d9d4440d8b78aab,strict,200B,single,,,,"LAGOS, assistance","LA​GOS, as​sistance"
00235.45b5f386cf62b5865d9d4440d8b78aab,00235__salted__strict__cp200C__single.45b5f386cf62b5865d9d4440d8b78aab,strict,200C,single,,,,"LAGOS, assistance","LA‌GOS, as‌sistance"
00235.45b5f386cf62b5865d9d4440d8b78aab,00235__salted__strict__cp200D__single.45b5f386cf62b5865d9d4440d8b78aab,strict,200D,single,,,,"LAGOS, assistance","LA‍GOS, as‍sistance"
00235.45b5f386cf62b5865d9d4440d8b78aab,00235__salted__strict__cp00AD__single.45b5f386cf62b5865d9d4440d8b78aab,strict,00AD,single,,,,"LAGOS, assistance","LA­GOS, as­sistance"
00236.a46588c69d43e80c618038b95eff2893,00236__salted__strict__cp200B__single.a46588c69d43e80c618038b95eff2893,strict,200B,single,,,,"MASTERCARD, payable, Postal","MA​STERCARD, pa​yable, Po​stal"
00236.a46588c69d43e80c618038b95eff2893,00236__salted__strict__cp200C__single.a46588c69d43e80c618038b95eff2893,strict,200C,single,,,,"MASTERCARD, payable, Postal","MA‌STERCARD, pa‌yable, Po‌stal"
00236.a46588c69d43e80c618038b95eff2893,00236__salted__strict__cp200D__single.a46588c69d43e80c618038b95eff2893,strict,200D,single,,,,"MASTERCARD, payable, Postal","MA‍STERCARD, pa‍yable, Po‍stal"
00236.a46588c69d43e80c618038b95eff2893,00236__salted__strict__cp00AD__single.a46588c69d43e80c618038b95eff2893,strict,00AD,single,,,,"MASTERCARD, payable, Postal","MA­STERCARD, pa­yable, Po­stal"
00237.0faf46ae2bfab24f0464c4a1a0425659,00237__salted__strict__cp200B__single.0faf46ae2bfab24f0464c4a1a0425659,strict,200B,single,,,,mailings,ma​ilings
00237.0faf46ae2bfab24f0464c4a1a0425659,00237__salted__strict__cp200C__single.0faf46ae2bfab24f0464c4a1a0425659,strict,200C,single,,,,mailings,ma‌ilings
00237.0faf46ae2bfab24f0464c4a1a0425659,00237__salted__strict__cp200D__single.0faf46ae2bfab24f0464c4a1a0425659,strict,200D,single,,,,mailings,ma‍ilings
00237.0faf46ae2bfab24f0464c4a1a0425659,00237__salted__strict__cp00AD__single.0faf46ae2bfab24f0464c4a1a0425659,strict,00AD,single,,,,mailings,ma­ilings
00238.1bc0944812aa14bc789ff565710dc0b5,00238__salted__strict__cp200B__single.1bc0944812aa14bc789ff565710dc0b5,strict,200B,single,,ASSISTANCE,AS​SISTANCE,"LAGOS, Lagos, assistance","LA​GOS, La​gos, as​sistance"
00238.1bc0944812aa14bc789ff565710dc0b5,00238__salted__strict__cp200C__single.1bc0944812aa14bc789ff565710dc0b5,strict,200C,single,,ASSISTANCE,AS‌SISTANCE,"LAGOS, Lagos, assistance","LA‌GOS, La‌gos, as‌sistance"
00238.1bc0944812aa14bc789ff565710dc0b5,00238__salted__strict__cp200D__single.1bc0944812aa14bc789ff565710dc0b5,strict,200D,single,,ASSISTANCE,AS‍SISTANCE,"LAGOS, Lagos, assistance","LA‍GOS, La‍gos, as‍sistance"
00238.1bc0944812aa14bc789ff565710dc0b5,00238__salted__strict__cp00AD__single.1bc0944812aa14bc789ff565710dc0b5,strict,00AD,single,,ASSISTANCE,AS­SISTANCE,"LAGOS, Lagos, assistance","LA­GOS, La­gos, as­sistance"
00238.e3e16467d10137fa9a99b1701d76ae94,00238__salted__strict__cp200B__single.e3e16467d10137fa9a99b1701d76ae94,strict,200B,single,,Commissions,Co​mmissions,"commissions, commissions, commissions","co​mmissions, co​mmissions, co​mmissions"
00238.e3e16467d10137fa9a99b1701d76ae94,00238__salted__strict__cp200C__single.e3e16467d10137fa9a99b1701d76ae94,strict,200C,single,,Commissions,Co‌mmissions,"commissions, commissions, commissions","co‌mmissions, co‌mmissions, co‌mmissions"
00238.e3e16467d10137fa9a99b1701d76ae94,00238__salted__strict__cp200D__single.e3e16467d10137fa9a99b1701d76ae94,strict,200D,single,,Commissions,Co‍mmissions,"commissions, commissions, commissions","co‍mmissions, co‍mmissions, co‍mmissions"
00238.e3e16467d10137fa9a99b1701d76ae94,00238__salted__strict__cp00AD__single.e3e16467d10137fa9a99b1701d76ae94,strict,00AD,single,,Commissions,Co­mmissions,"commissions, commissions, commissions","co­mmissions, co­mmissions, co­mmissions"
00239.91d2d5c0e8827c4a42cb24733a0859fa,00239__salted__strict__cp200B__single.91d2d5c0e8827c4a42cb24733a0859fa,strict,200B,single,,,,"confidentiality, assistance, assistance","co​nfidentiality, as​sistance, as​sistance"
00239.91d2d5c0e8827c4a42cb24733a0859fa,00239__salted__strict__cp200C__single.91d2d5c0e8827c4a42cb24733a0859fa,strict,200C,single,,,,"confidentiality, assistance, assistance","co‌nfidentiality, as‌sistance, as‌sistance"
00239.91d2d5c0e8827c4a42cb24733a0859fa,00239__salted__strict__cp200D__single.91d2d5c0e8827c4a42cb24733a0859fa,strict,200D,single,,,,"confidentiality, assistance, assistance","co‍nfidentiality, as‍sistance, as‍sistance"
00239.91d2d5c0e8827c4a42cb24733a0859fa,00239__salted__strict__cp00AD__single.91d2d5c0e8827c4a42cb24733a0859fa,strict,00AD,single,,,,"confidentiality, assistance, assistance","co­nfidentiality, as­sistance, as­sistance"
00241.490af8faa6e4b94e0affed327e670dae,00241__salted__strict__cp200B__single.490af8faa6e4b94e0affed327e670dae,strict,200B,single,,HGH,HG​H,,
00241.490af8faa6e4b94e0affed327e670dae,00241__salted__strict__cp200C__single.490af8faa6e4b94e0affed327e670dae,strict,200C,single,,HGH,HG‌H,,
00241.490af8faa6e4b94e0affed327e670dae,00241__salted__strict__cp200D__single.490af8faa6e4b94e0affed327e670dae,strict,200D,single,,HGH,HG‍H,,
00241.490af8faa6e4b94e0affed327e670dae,00241__salted__strict__cp00AD__single.490af8faa6e4b94e0affed327e670dae,strict,00AD,single,,HGH,HG­H,,
00241.c28ade5771085a8fddd054a219566b7c,00241__salted__strict__cp200B__single.c28ade5771085a8fddd054a219566b7c,strict,200B,single,,,,"promotional, mailings","pr​omotional, ma​ilings"
00241.c28ade5771085a8fddd054a219566b7c,00241__salted__strict__cp200C__single.c28ade5771085a8fddd054a219566b7c,strict,200C,single,,,,"promotional, mailings","pr‌omotional, ma‌ilings"
00241.c28ade5771085a8fddd054a219566b7c,00241__salted__strict__cp200D__single.c28ade5771085a8fddd054a219566b7c,strict,200D,single,,,,"promotional, mailings","pr‍omotional, ma‍ilings"
00241.c28ade5771085a8fddd054a219566b7c,00241__salted__strict__cp00AD__single.c28ade5771085a8fddd054a219566b7c,strict,00AD,single,,,,"promotional, mailings","pr­omotional, ma­ilings"
00242.745749df8cd0da174fd64afc55db4222,00242__salted__strict__cp200B__single.745749df8cd0da174fd64afc55db4222,strict,200B,single,,Annuity,An​nuity,"Guaranteed, GUARANTEED, ANNUITY","Gu​aranteed, GU​ARANTEED, AN​NUITY"
00242.745749df8cd0da174fd64afc55db4222,00242__salted__strict__cp200C__single.745749df8cd0da174fd64afc55db4222,strict,200C,single,,Annuity,An‌nuity,"Guaranteed, GUARANTEED, ANNUITY","Gu‌aranteed, GU‌ARANTEED, AN‌NUITY"
00242.745749df8cd0da174fd64afc55db4222,00242__salted__strict__cp200D__single.745749df8cd0da174fd64afc55db4222,strict,200D,single,,Annuity,An‍nuity,"Guaranteed, GUARANTEED, ANNUITY","Gu‍aranteed, GU‍ARANTEED, AN‍NUITY"
00242.745749df8cd0da174fd64afc55db4222,00242__salted__strict__cp00AD__single.745749df8cd0da174fd64afc55db4222,strict,00AD,single,,Annuity,An­nuity,"Guaranteed, GUARANTEED, ANNUITY","Gu­aranteed, GU­ARANTEED, AN­NUITY"
00245.9d608575062cc3d6368078006d20f61b,00245__salted__strict__cp200B__single.9d608575062cc3d6368078006d20f61b,strict,200B,single,,,,"ASSISTANCE, confidentiality, assistance","AS​SISTANCE, co​nfidentiality, as​sistance"
00245.9d608575062cc3d6368078006d20f61b,00245__salted__strict__cp200C__single.9d608575062cc3d6368078006d20f61b,strict,200C,single,,,,"ASSISTANCE, confidentiality, assistance","AS‌SISTANCE, co‌nfidentiality, as‌sistance"
00245.9d608575062cc3d6368078006d20f61b,00245__salted__strict__cp200D__single.9d608575062cc3d6368078006d20f61b,strict,200D,single,,,,"ASSISTANCE, confidentiality, assistance","AS‍SISTANCE, co‍nfidentiality, as‍sistance"
00245.9d608575062cc3d6368078006d20f61b,00245__salted__strict__cp00AD__single.9d608575062cc3d6368078006d20f61b,strict,00AD,single,,,,"ASSISTANCE, confidentiality, assistance","AS­SISTANCE, co­nfidentiality, as­sistance"
00247.4f7c67c9792706fa90fe218d4b092b7a,00247__salted__strict__cp200B__single.4f7c67c9792706fa90fe218d4b092b7a,strict,200B,single,,ASSISTANCE,AS​SISTANCE,"ATTN, assistance","AT​TN, as​sistance"
00247.4f7c67c9792706fa90fe218d4b092b7a,00247__salted__strict__cp200C__single.4f7c67c9792706fa90fe218d4b092b7a,strict,200C,single,,ASSISTANCE,AS‌SISTANCE,"ATTN, assistance","AT‌TN, as‌sistance"
00247.4f7c67c9792706fa90fe218d4b092b7a,00247__salted__strict__cp200D__single.4f7c67c9792706fa90fe218d4b092b7a,strict,200D,single,,ASSISTANCE,AS‍SISTANCE,"ATTN, assistance","AT‍TN, as‍sistance"
00247.4f7c67c9792706fa90fe218d4b092b7a,00247__salted__strict__cp00AD__single.4f7c67c9792706fa90fe218d4b092b7a,strict,00AD,single,,ASSISTANCE,AS­SISTANCE,"ATTN, assistance","AT­TN, as­sistance"
00247.df14a81cd82cf37e4a125dba41ca21e1,00247__salted__strict__cp200B__single.df14a81cd82cf37e4a125dba41ca21e1,strict,200B,single,,ADV,AD​V,,
00247.df14a81cd82cf37e4a125dba41ca21e1,00247__salted__strict__cp200C__single.df14a81cd82cf37e4a125dba41ca21e1,strict,200C,single,,ADV,AD‌V,,
00247.df14a81cd82cf37e4a125dba41ca21e1,00247__salted__strict__cp200D__single.df14a81cd82cf37e4a125dba41ca21e1,strict,200D,single,,ADV,AD‍V,,
00247.df14a81cd82cf37e4a125dba41ca21e1,00247__salted__strict__cp00AD__single.df14a81cd82cf37e4a125dba41ca21e1,strict,00AD,single,,ADV,AD­V,,
00248.b243bca51ee69d6e428ca2f45f0fe41b,00248__salted__strict__cp200B__single.b243bca51ee69d6e428ca2f45f0fe41b,strict,200B,single,,,,mailings,ma​ilings
00248.b243bca51ee69d6e428ca2f45f0fe41b,00248__salted__strict__cp200C__single.b243bca51ee69d6e428ca2f45f0fe41b,strict,200C,single,,,,mailings,ma‌ilings
00248.b243bca51ee69d6e428ca2f45f0fe41b,00248__salted__strict__cp200D__single.b243bca51ee69d6e428ca2f45f0fe41b,strict,200D,single,,,,mailings,ma‍ilings
00248.b243bca51ee69d6e428ca2f45f0fe41b,00248__salted__strict__cp00AD__single.b243bca51ee69d6e428ca2f45f0fe41b,strict,00AD,single,,,,mailings,ma­ilings
00249.5f45607c1bffe89f60ba1ec9f878039a,00249__salted__strict__cp200B__single.5f45607c1bffe89f60ba1ec9f878039a,strict,200B,single,,mortgage,mo​rtgage,"lenders, Refinance, Mortgage","le​nders, Re​finance, Mo​rtgage"
00249.5f45607c1bffe89f60ba1ec9f878039a,00249__salted__strict__cp200C__single.5f45607c1bffe89f60ba1ec9f878039a,strict,200C,single,,mortgage,mo‌rtgage,"lenders, Refinance, Mortgage","le‌nders, Re‌finance, Mo‌rtgage"
00249.5f45607c1bffe89f60ba1ec9f878039a,00249__salted__strict__cp200D__single.5f45607c1bffe89f60ba1ec9f878039a,strict,200D,single,,mortgage,mo‍rtgage,"lenders, Refinance, Mortgage","le‍nders, Re‍finance, Mo‍rtgage"
00249.5f45607c1bffe89f60ba1ec9f878039a,00249__salted__strict__cp00AD__single.5f45607c1bffe89f60ba1ec9f878039a,strict,00AD,single,,mortgage,mo­rtgage,"lenders, Refinance, Mortgage","le­nders, Re­finance, Mo­rtgage"
00250.32279787338af8a5de4cfbc0b837718e,00250__salted__strict__cp200B__single.32279787338af8a5de4cfbc0b837718e,strict,200B,single,,,,"earn, commissions","ea​rn, co​mmissions"
00250.32279787338af8a5de4cfbc0b837718e,00250__salted__strict__cp200C__single.32279787338af8a5de4cfbc0b837718e,strict,200C,single,,,,"earn, commissions","ea‌rn, co‌mmissions"
00250.32279787338af8a5de4cfbc0b837718e,00250__salted__strict__cp200D__single.32279787338af8a5de4cfbc0b837718e,strict,200D,single,,,,"earn, commissions","ea‍rn, co‍mmissions"
00250.32279787338af8a5de4cfbc0b837718e,00250__salted__strict__cp00AD__single.32279787338af8a5de4cfbc0b837718e,strict,00AD,single,,,,"earn, commissions","ea­rn, co­mmissions"
00251.6b4b7e79e1706156839a00817d774e37,00251__salted__strict__cp200B__single.6b4b7e79e1706156839a00817d774e37,strict,200B,single,,SYSTEMWORKS,SY​STEMWORKS,,
00251.6b4b7e79e1706156839a00817d774e37,00251__salted__strict__cp200C__single.6b4b7e79e1706156839a00817d774e37,strict,200C,single,,SYSTEMWORKS,SY‌STEMWORKS,,
00251.6b4b7e79e1706156839a00817d774e37,00251__salted__strict__cp200D__single.6b4b7e79e1706156839a00817d774e37,strict,200D,single,,SYSTEMWORKS,SY‍STEMWORKS,,
00251.6b4b7e79e1706156839a00817d774e37,00251__salted__strict__cp00AD__single.6b4b7e79e1706156839a00817d774e37,strict,00AD,single,,SYSTEMWORKS,SY­STEMWORKS,,
00252.3b352c8a7266026be4f1c1ba89690cfc,00252__salted__strict__cp200B__single.3b352c8a7266026be4f1c1ba89690cfc,strict,200B,single,,,,"attained, herbal, herbal","at​tained, he​rbal, he​rbal"
00252.3b352c8a7266026be4f1c1ba89690cfc,00252__salted__strict__cp200C__single.3b352c8a7266026be4f1c1ba89690cfc,strict,200C,single,,,,"attained, herbal, herbal","at‌tained, he‌rbal, he‌rbal"
00252.3b352c8a7266026be4f1c1ba89690cfc,00252__salted__strict__cp200D__single.3b352c8a7266026be4f1c1ba89690cfc,strict,200D,single,,,,"attained, herbal, herbal","at‍tained, he‍rbal, he‍rbal"
00252.3b352c8a7266026be4f1c1ba89690cfc,00252__salted__strict__cp00AD__single.3b352c8a7266026be4f1c1ba89690cfc,strict,00AD,single,,,,"attained, herbal, herbal","at­tained, he­rbal, he­rbal"
00253.83b95b05e275286eddcf557ea581e754,00253__salted__strict__cp200B__single.83b95b05e275286eddcf557ea581e754,strict,200B,single,,,,"MLM, btamail","ML​M, bt​amail"
00253.83b95b05e275286eddcf557ea581e754,00253__salted__strict__cp200C__single.83b95b05e275286eddcf557ea581e754,strict,200C,single,,,,"MLM, btamail","ML‌M, bt‌amail"
00253.83b95b05e275286eddcf557ea581e754,00253__salted__strict__cp200D__single.83b95b05e275286eddcf557ea581e754,strict,200D,single,,,,"MLM, btamail","ML‍M, bt‍amail"
00253.83b95b05e275286eddcf557ea581e754,00253__salted__strict__cp00AD__single.83b95b05e275286eddcf557ea581e754,strict,00AD,single,,,,"MLM, btamail","ML­M, bt­amail"
00254.e3e30f2b37ef8db36aa652bb3e563b61,00254__salted__strict__cp200B__single.e3e30f2b37ef8db36aa652bb3e563b61,strict,200B,single,,,,"earn, commissions","ea​rn, co​mmissions"
00254.e3e30f2b37ef8db36aa652bb3e563b61,00254__salted__strict__cp200C__single.e3e30f2b37ef8db36aa652bb3e563b61,strict,200C,single,,,,"earn, commissions","ea‌rn, co‌mmissions"
00254.e3e30f2b37ef8db36aa652bb3e563b61,00254__salted__strict__cp200D__single.e3e30f2b37ef8db36aa652bb3e563b61,strict,200D,single,,,,"earn, commissions","ea‍rn, co‍mmissions"
00254.e3e30f2b37ef8db36aa652bb3e563b61,00254__salted__strict__cp00AD__single.e3e30f2b37ef8db36aa652bb3e563b61,strict,00AD,single,,,,"earn, commissions","ea­rn, co­mmissions"
00255.aeff2fdf2ba6b8b49686df3575859a48,00255__salted__strict__cp200B__single.aeff2fdf2ba6b8b49686df3575859a48,strict,200B,single,,Earn,Ea​rn,"earn, commissions","ea​rn, co​mmissions"
00255.aeff2fdf2ba6b8b49686df3575859a48,00255__salted__strict__cp200C__single.aeff2fdf2ba6b8b49686df3575859a48,strict,200C,single,,Earn,Ea‌rn,"earn, commissions","ea‌rn, co‌mmissions"
00255.aeff2fdf2ba6b8b49686df3575859a48,00255__salted__strict__cp200D__single.aeff2fdf2ba6b8b49686df3575859a48,strict,200D,single,,Earn,Ea‍rn,"earn, commissions","ea‍rn, co‍mmissions"
00255.aeff2fdf2ba6b8b49686df3575859a48,00255__salted__strict__cp00AD__single.aeff2fdf2ba6b8b49686df3575859a48,strict,00AD,single,,Earn,Ea­rn,"earn, commissions","ea­rn, co­mmissions"
00256.ea7bc226396ae0cc08004265b5c2eb02,00256__salted__strict__cp200B__single.ea7bc226396ae0cc08004265b5c2eb02,strict,200B,single,,,,"Mortgage, mailings","Mo​rtgage, ma​ilings"
00256.ea7bc226396ae0cc08004265b5c2eb02,00256__salted__strict__cp200C__single.ea7bc226396ae0cc08004265b5c2eb02,strict,200C,single,,,,"Mortgage, mailings","Mo‌rtgage, ma‌ilings"
00256.ea7bc226396ae0cc08004265b5c2eb02,00256__salted__strict__cp200D__single.ea7bc226396ae0cc08004265b5c2eb02,strict,200D,single,,,,"Mortgage, mailings","Mo‍rtgage, ma‍ilings"
00256.ea7bc226396ae0cc08004265b5c2eb02,00256__salted__strict__cp00AD__single.ea7bc226396ae0cc08004265b5c2eb02,strict,00AD,single,,,,"Mortgage, mailings","Mo­rtgage, ma­ilings"
00257.5c8ef87f8b11d2515df71a7fe46a70b6,00257__salted__strict__cp200B__single.5c8ef87f8b11d2515df71a7fe46a70b6,strict,200B,single,,,,assistance,as​sistance
00257.5c8ef87f8b11d2515df71a7fe46a70b6,00257__salted__strict__cp200C__single.5c8ef87f8b11d2515df71a7fe46a70b6,strict,200C,single,,,,assistance,as‌sistance
00257.5c8ef87f8b11d2515df71a7fe46a70b6,00257__salted__strict__cp200D__single.5c8ef87f8b11d2515df71a7fe46a70b6,strict,200D,single,,,,assistance,as‍sistance
00257.5c8ef87f8b11d2515df71a7fe46a70b6,00257__salted__strict__cp00AD__single.5c8ef87f8b11d2515df71a7fe46a70b6,strict,00AD,single,,,,assistance,as­sistance
00257.96e9617c812f9d9a8ec77c9008e1e960,00257__salted__strict__cp200B__single.96e9617c812f9d9a8ec77c9008e1e960,strict,200B,single,,,,mailings,ma​ilings
00257.96e9617c812f9d9a8ec77c9008e1e960,00257__salted__strict__cp200C__single.96e9617c812f9d9a8ec77c9008e1e960,strict,200C,single,,,,mailings,ma‌ilings
00257.96e9617c812f9d9a8ec77c9008e1e960,00257__salted__strict__cp200D__single.96e9617c812f9d9a8ec77c9008e1e960,strict,200D,single,,,,mailings,ma‍ilings
00257.96e9617c812f9d9a8ec77c9008e1e960,00257__salted__strict__cp00AD__single.96e9617c812f9d9a8ec77c9008e1e960,strict,00AD,single,,,,mailings,ma­ilings
00258.4af5bde7fabd4e797b85cf95bcbbb45a,00258__salted__strict__cp200B__single.4af5bde7fabd4e797b85cf95bcbbb45a,strict,200B,single,,,,assistance,as​sistance
00258.4af5bde7fabd4e797b85cf95bcbbb45a,00258__salted__strict__cp200C__single.4af5bde7fabd4e797b85cf95bcbbb45a,strict,200C,single,,,,assistance,as‌sistance
00258.4af5bde7fabd4e797b85cf95bcbbb45a,00258__salted__strict__cp200D__single.4af5bde7fabd4e797b85cf95bcbbb45a,strict,200D,single,,,,assistance,as‍sistance
00258.4af5bde7fabd4e797b85cf95bcbbb45a,00258__salted__strict__cp00AD__single.4af5bde7fabd4e797b85cf95bcbbb45a,strict,00AD,single,,,,assistance,as­sistance
00261.12b64e557e52daf5fc5a52e47df2f4e3,00261__salted__strict__cp200B__single.12b64e557e52daf5fc5a52e47df2f4e3,strict,200B,single,,,,Mastercard,Ma​stercard
00261.12b64e557e52daf5fc5a52e47df2f4e3,00261__salted__strict__cp200C__single.12b64e557e52daf5fc5a52e47df2f4e3,strict,200C,single,,,,Mastercard,Ma‌stercard
00261.12b64e557e52daf5fc5a52e47df2f4e3,00261__salted__strict__cp200D__single.12b64e557e52daf5fc5a52e47df2f4e3,strict,200D,single,,,,Mastercard,Ma‍stercard
00261.12b64e557e52daf5fc5a52e47df2f4e3,00261__salted__strict__cp00AD__single.12b64e557e52daf5fc5a52e47df2f4e3,strict,00AD,single,,,,Mastercard,Ma­stercard
00262.678598cbe253f19239da03b65dac7392,00262__salted__strict__cp200B__single.678598cbe253f19239da03b65dac7392,strict,200B,single,,,,Mastercard,Ma​stercard
00262.678598cbe253f19239da03b65dac7392,00262__salted__strict__cp200C__single.678598cbe253f19239da03b65dac7392,strict,200C,single,,,,Mastercard,Ma‌stercard
00262.678598cbe253f19239da03b65dac7392,00262__salted__strict__cp200D__single.678598cbe253f19239da03b65dac7392,strict,200D,single,,,,Mastercard,Ma‍stercard
00262.678598cbe253f19239da03b65dac7392,00262__salted__strict__cp00AD__single.678598cbe253f19239da03b65dac7392,strict,00AD,single,,,,Mastercard,Ma­stercard
00263.32b258c4cc08d235b2ca36fc16074f08,00263__salted__strict__cp200B__single.32b258c4cc08d235b2ca36fc16074f08,strict,200B,single,,,,"excite, excite","ex​cite, ex​cite"
00263.32b258c4cc08d235b2ca36fc16074f08,00263__salted__strict__cp200C__single.32b258c4cc08d235b2ca36fc16074f08,strict,200C,single,,,,"excite, excite","ex‌cite, ex‌cite"
00263.32b258c4cc08d235b2ca36fc16074f08,00263__salted__strict__cp200D__single.32b258c4cc08d235b2ca36fc16074f08,strict,200D,single,,,,"excite, excite","ex‍cite, ex‍cite"
00263.32b258c4cc08d235b2ca36fc16074f08,00263__salted__strict__cp00AD__single.32b258c4cc08d235b2ca36fc16074f08,strict,00AD,single,,,,"excite, excite","ex­cite, ex­cite"
00264.8fae38cbbed6a43b40e83aa8496018e4,00264__salted__strict__cp200B__single.8fae38cbbed6a43b40e83aa8496018e4,strict,200B,single,,Mortgage,Mo​rtgage,"refinance, mortgage, refinance","re​finance, mo​rtgage, re​finance"
00264.8fae38cbbed6a43b40e83aa8496018e4,00264__salted__strict__cp200C__single.8fae38cbbed6a43b40e83aa8496018e4,strict,200C,single,,Mortgage,Mo‌rtgage,"refinance, mortgage, refinance","re‌finance, mo‌rtgage, re‌finance"
00264.8fae38cbbed6a43b40e83aa8496018e4,00264__salted__strict__cp200D__single.8fae38cbbed6a43b40e83aa8496018e4,strict,200D,single,,Mortgage,Mo‍rtgage,"refinance, mortgage, refinance","re‍finance, mo‍rtgage, re‍finance"
00264.8fae38cbbed6a43b40e83aa8496018e4,00264__salted__strict__cp00AD__single.8fae38cbbed6a43b40e83aa8496018e4,strict,00AD,single,,Mortgage,Mo­rtgage,"refinance, mortgage, refinance","re­finance, mo­rtgage, re­finance"
00265.d2acd28cf29d90c9b7a1297b219187b3,00265__salted__strict__cp200B__single.d2acd28cf29d90c9b7a1297b219187b3,strict,200B,single,,,,"commissions, mailings","co​mmissions, ma​ilings"
00265.d2acd28cf29d90c9b7a1297b219187b3,00265__salted__strict__cp200C__single.d2acd28cf29d90c9b7a1297b219187b3,strict,200C,single,,,,"commissions, mailings","co‌mmissions, ma‌ilings"
00265.d2acd28cf29d90c9b7a1297b219187b3,00265__salted__strict__cp200D__single.d2acd28cf29d90c9b7a1297b219187b3,strict,200D,single,,,,"commissions, mailings","co‍mmissions, ma‍ilings"
00265.d2acd28cf29d90c9b7a1297b219187b3,00265__salted__strict__cp00AD__single.d2acd28cf29d90c9b7a1297b219187b3,strict,00AD,single,,,,"commissions, mailings","co­mmissions, ma­ilings"
00267.ef433fb350170f28a1567cbc24900e53,00267__salted__strict__cp200B__single.ef433fb350170f28a1567cbc24900e53,strict,200B,single,,assistance,as​sistance,"ATTN, deposit, deposit","AT​TN, de​posit, de​posit"
00267.ef433fb350170f28a1567cbc24900e53,00267__salted__strict__cp200C__single.ef433fb350170f28a1567cbc24900e53,strict,200C,single,,assistance,as‌sistance,"ATTN, deposit, deposit","AT‌TN, de‌posit, de‌posit"
00267.ef433fb350170f28a1567cbc24900e53,00267__salted__strict__cp200D__single.ef433fb350170f28a1567cbc24900e53,strict,200D,single,,assistance,as‍sistance,"ATTN, deposit, deposit","AT‍TN, de‍posit, de‍posit"
00267.ef433fb350170f28a1567cbc24900e53,00267__salted__strict__cp00AD__single.ef433fb350170f28a1567cbc24900e53,strict,00AD,single,,assistance,as­sistance,"ATTN, deposit, deposit","AT­TN, de­posit, de­posit"
00270.5dcd9ce3be2992222b9038d7bf75a23a,00270__salted__strict__cp200B__single.5dcd9ce3be2992222b9038d7bf75a23a,strict,200B,single,,,,"utmost, confidentiality, confidentiality","ut​most, co​nfidentiality, co​nfidentiality"
00270.5dcd9ce3be2992222b9038d7bf75a23a,00270__salted__strict__cp200C__single.5dcd9ce3be2992222b9038d7bf75a23a,strict,200C,single,,,,"utmost, confidentiality, confidentiality","ut‌most, co‌nfidentiality, co‌nfidentiality"
00270.5dcd9ce3be2992222b9038d7bf75a23a,00270__salted__strict__cp200D__single.5dcd9ce3be2992222b9038d7bf75a23a,strict,200D,single,,,,"utmost, confidentiality, confidentiality","ut‍most, co‍nfidentiality, co‍nfidentiality"
00270.5dcd9ce3be2992222b9038d7bf75a23a,00270__salted__strict__cp00AD__single.5dcd9ce3be2992222b9038d7bf75a23a,strict,00AD,single,,,,"utmost, confidentiality, confidentiality","ut­most, co­nfidentiality, co­nfidentiality"
00272.8353b9140b08dab4be0e8ce53f09172b,00272__salted__strict__cp200B__single.8353b9140b08dab4be0e8ce53f09172b,strict,200B,single,,,,mailings,ma​ilings
00272.8353b9140b08dab4be0e8ce53f09172b,00272__salted__strict__cp200C__single.8353b9140b08dab4be0e8ce53f09172b,strict,200C,single,,,,mailings,ma‌ilings
00272.8353b9140b08dab4be0e8ce53f09172b,00272__salted__strict__cp200D__single.8353b9140b08dab4be0e8ce53f09172b,strict,200D,single,,,,mailings,ma‍ilings
00272.8353b9140b08dab4be0e8ce53f09172b,00272__salted__strict__cp00AD__single.8353b9140b08dab4be0e8ce53f09172b,strict,00AD,single,,,,mailings,ma­ilings
00272.ff93eff2b9f05ba28efa69d72d78ede2,00272__salted__strict__cp200B__single.ff93eff2b9f05ba28efa69d72d78ede2,strict,200B,single,,ADV,AD​V,,
00272.ff93eff2b9f05ba28efa69d72d78ede2,00272__salted__strict__cp200C__single.ff93eff2b9f05ba28efa69d72d78ede2,strict,200C,single,,ADV,AD‌V,,
00272.ff93eff2b9f05ba28efa69d72d78ede2,00272__salted__strict__cp200D__single.ff93eff2b9f05ba28efa69d72d78ede2,strict,200D,single,,ADV,AD‍V,,
00272.ff93eff2b9f05ba28efa69d72d78ede2,00272__salted__strict__cp00AD__single.ff93eff2b9f05ba28efa69d72d78ede2,strict,00AD,single,,ADV,AD­V,,
00273.0c7d73771d79e84e2aab8c909c5bb210,00273__salted__strict__cp200B__single.0c7d73771d79e84e2aab8c909c5bb210,strict,200B,single,,,,"commissions, NBC, nbc","co​mmissions, NB​C, nb​c"
00273.0c7d73771d79e84e2aab8c909c5bb210,00273__salted__strict__cp200C__single.0c7d73771d79e84e2aab8c909c5bb210,strict,200C,single,,,,"commissions, NBC, nbc","co‌mmissions, NB‌C, nb‌c"
00273.0c7d73771d79e84e2aab8c909c5bb210,00273__salted__strict__cp200D__single.0c7d73771d79e84e2aab8c909c5bb210,strict,200D,single,,,,"commissions, NBC, nbc","co‍mmissions, NB‍C, nb‍c"
00273.0c7d73771d79e84e2aab8c909c5bb210,00273__salted__strict__cp00AD__single.0c7d73771d79e84e2aab8c909c5bb210,strict,00AD,single,,,,"commissions, NBC, nbc","co­mmissions, NB­C, nb­c"
00273.c832f32bbe447980ad0095b772343563,00273__salted__strict__cp200B__single.c832f32bbe447980ad0095b772343563,strict,200B,single,,ADV,AD​V,,
00273.c832f32bbe447980ad0095b772343563,00273__salted__strict__cp200C__single.c832f32bbe447980ad0095b772343563,strict,200C,single,,ADV,AD‌V,,
00273.c832f32bbe447980ad0095b772343563,00273__salted__strict__cp200D__single.c832f32bbe447980ad0095b772343563,strict,200D,single,,ADV,AD‍V,,
00273.c832f32bbe447980ad0095b772343563,00273__salted__strict__cp00AD__single.c832f32bbe447980ad0095b772343563,strict,00AD,single,,ADV,AD­V,,
00274.192bd3848a65302344dff2d7c0d3f08a,00274__salted__strict__cp200B__single.192bd3848a65302344dff2d7c0d3f08a,strict,200B,single,,,,Mailings,Ma​ilings
00274.192bd3848a65302344dff2d7c0d3f08a,00274__salted__strict__cp200C__single.192bd3848a65302344dff2d7c0d3f08a,strict,200C,single,,,,Mailings,Ma‌ilings
00274.192bd3848a65302344dff2d7c0d3f08a,00274__salted__strict__cp200D__single.192bd3848a65302344dff2d7c0d3f08a,strict,200D,single,,,,Mailings,Ma‍ilings
00274.192bd3848a65302344dff2d7c0d3f08a,00274__salted__strict__cp00AD__single.192bd3848a65302344dff2d7c0d3f08a,strict,00AD,single,,,,Mailings,Ma­ilings
00275.4675c4cce2bf27adaafeef693d562f8b,00275__salted__strict__cp200B__single.4675c4cce2bf27adaafeef693d562f8b,strict,200B,single,,SYSTEMWORKS,SY​STEMWORKS,SystemWorks,Sy​stemWorks
00275.4675c4cce2bf27adaafeef693d562f8b,00275__salted__strict__cp200C__single.4675c4cce2bf27adaafeef693d562f8b,strict,200C,single,,SYSTEMWORKS,SY‌STEMWORKS,SystemWorks,Sy‌stemWorks
00275.4675c4cce2bf27adaafeef693d562f8b,00275__salted__strict__cp200D__single.4675c4cce2bf27adaafeef693d562f8b,strict,200D,single,,SYSTEMWORKS,SY‍STEMWORKS,SystemWorks,Sy‍stemWorks
00275.4675c4cce2bf27adaafeef693d562f8b,00275__salted__strict__cp00AD__single.4675c4cce2bf27adaafeef693d562f8b,strict,00AD,single,,SYSTEMWORKS,SY­STEMWORKS,SystemWorks,Sy­stemWorks
00277.feeedd0a9e052b05e350e93ff7889f0a,00277__salted__strict__cp200B__single.feeedd0a9e052b05e350e93ff7889f0a,strict,200B,single,,,,assistance,as​sistance
00277.feeedd0a9e052b05e350e93ff7889f0a,00277__salted__strict__cp200C__single.feeedd0a9e052b05e350e93ff7889f0a,strict,200C,single,,,,assistance,as‌sistance
00277.feeedd0a9e052b05e350e93ff7889f0a,00277__salted__strict__cp200D__single.feeedd0a9e052b05e350e93ff7889f0a,strict,200D,single,,,,assistance,as‍sistance
00277.feeedd0a9e052b05e350e93ff7889f0a,00277__salted__strict__cp00AD__single.feeedd0a9e052b05e350e93ff7889f0a,strict,00AD,single,,,,assistance,as­sistance
00278.72994f6280bfb4ecaad81592dc31f0d3,00278__salted__strict__cp200B__single.72994f6280bfb4ecaad81592dc31f0d3,strict,200B,single,,,,"testimonials, resell, honesty","te​stimonials, re​sell, ho​nesty"
00278.72994f6280bfb4ecaad81592dc31f0d3,00278__salted__strict__cp200C__single.72994f6280bfb4ecaad81592dc31f0d3,strict,200C,single,,,,"testimonials, resell, honesty","te‌stimonials, re‌sell, ho‌nesty"
00278.72994f6280bfb4ecaad81592dc31f0d3,00278__salted__strict__cp200D__single.72994f6280bfb4ecaad81592dc31f0d3,strict,200D,single,,,,"testimonials, resell, honesty","te‍stimonials, re‍sell, ho‍nesty"
00278.72994f6280bfb4ecaad81592dc31f0d3,00278__salted__strict__cp00AD__single.72994f6280bfb4ecaad81592dc31f0d3,strict,00AD,single,,,,"testimonials, resell, honesty","te­stimonials, re­sell, ho­nesty"
00278.b62c5fc23a2f87760696cb9fa51f073c,00278__salted__strict__cp200B__single.b62c5fc23a2f87760696cb9fa51f073c,strict,200B,single,,assistance,as​sistance,"deposit, assistance, confidentiality","de​posit, as​sistance, co​nfidentiality"
00278.b62c5fc23a2f87760696cb9fa51f073c,00278__salted__strict__cp200C__single.b62c5fc23a2f87760696cb9fa51f073c,strict,200C,single,,assistance,as‌sistance,"deposit, assistance, confidentiality","de‌posit, as‌sistance, co‌nfidentiality"
00278.b62c5fc23a2f87760696cb9fa51f073c,00278__salted__strict__cp200D__single.b62c5fc23a2f87760696cb9fa51f073c,strict,200D,single,,assistance,as‍sistance,"deposit, assistance, confidentiality","de‍posit, as‍sistance, co‍nfidentiality"
00278.b62c5fc23a2f87760696cb9fa51f073c,00278__salted__strict__cp00AD__single.b62c5fc23a2f87760696cb9fa51f073c,strict,00AD,single,,assistance,as­sistance,"deposit, assistance, confidentiality","de­posit, as­sistance, co­nfidentiality"
00279.1d58a13e343c1e53aca2ed2121a3f815,00279__salted__strict__cp200B__single.1d58a13e343c1e53aca2ed2121a3f815,strict,200B,single,,assistance,as​sistance,"deposit, assistance, confidentiality","de​posit, as​sistance, co​nfidentiality"
00279.1d58a13e343c1e53aca2ed2121a3f815,00279__salted__strict__cp200C__single.1d58a13e343c1e53aca2ed2121a3f815,strict,200C,single,,assistance,as‌sistance,"deposit, assistance, confidentiality","de‌posit, as‌sistance, co‌nfidentiality"
00279.1d58a13e343c1e53aca2ed2121a3f815,00279__salted__strict__cp200D__single.1d58a13e343c1e53aca2ed2121a3f815,strict,200D,single,,assistance,as‍sistance,"deposit, assistance, confidentiality","de‍posit, as‍sistance, co‍nfidentiality"
00279.1d58a13e343c1e53aca2ed2121a3f815,00279__salted__strict__cp00AD__single.1d58a13e343c1e53aca2ed2121a3f815,strict,00AD,single,,assistance,as­sistance,"deposit, assistance, confidentiality","de­posit, as­sistance, co­nfidentiality"
00279.d3516102dd7d49480923c6cf3252a216,00279__salted__strict__cp200B__single.d3516102dd7d49480923c6cf3252a216,strict,200B,single,,,,assistance,as​sistance
00279.d3516102dd7d49480923c6cf3252a216,00279__salted__strict__cp200C__single.d3516102dd7d49480923c6cf3252a216,strict,200C,single,,,,assistance,as‌sistance
00279.d3516102dd7d49480923c6cf3252a216,00279__salted__strict__cp200D__single.d3516102dd7d49480923c6cf3252a216,strict,200D,single,,,,assistance,as‍sistance
00279.d3516102dd7d49480923c6cf3252a216,00279__salted__strict__cp00AD__single.d3516102dd7d49480923c6cf3252a216,strict,00AD,single,,,,assistance,as­sistance
00280.026da2bd191f11081b8d8428134b0c66,00280__salted__strict__cp200B__single.026da2bd191f11081b8d8428134b0c66,strict,200B,single,,,,Deposit,De​posit
00280.026da2bd191f11081b8d8428134b0c66,00280__salted__strict__cp200C__single.026da2bd191f11081b8d8428134b0c66,strict,200C,single,,,,Deposit,De‌posit
00280.026da2bd191f11081b8d8428134b0c66,00280__salted__strict__cp200D__single.026da2bd191f11081b8d8428134b0c66,strict,200D,single,,,,Deposit,De‍posit
00280.026da2bd191f11081b8d8428134b0c66,00280__salted__strict__cp00AD__single.026da2bd191f11081b8d8428134b0c66,strict,00AD,single,,,,Deposit,De­posit
00283.e8e42ee52f919afd2a453983f1256b1d,00283__salted__strict__cp200B__single.e8e42ee52f919afd2a453983f1256b1d,strict,200B,single,,,,"earn, Loans","ea​rn, Lo​ans"
00283.e8e42ee52f919afd2a453983f1256b1d,00283__salted__strict__cp200C__single.e8e42ee52f919afd2a453983f1256b1d,strict,200C,single,,,,"earn, Loans","ea‌rn, Lo‌ans"
00283.e8e42ee52f919afd2a453983f1256b1d,00283__salted__strict__cp200D__single.e8e42ee52f919afd2a453983f1256b1d,strict,200D,single,,,,"earn, Loans","ea‍rn, Lo‍ans"
00283.e8e42ee52f919afd2a453983f1256b1d,00283__salted__strict__cp00AD__single.e8e42ee52f919afd2a453983f1256b1d,strict,00AD,single,,,,"earn, Loans","ea­rn, Lo­ans"
00284.227c1ebb961320cd2086d904d698c49b,00284__salted__strict__cp200B__single.227c1ebb961320cd2086d904d698c49b,strict,200B,single,,,,mailings,ma​ilings
00284.227c1ebb961320cd2086d904d698c49b,00284__salted__strict__cp200C__single.227c1ebb961320cd2086d904d698c49b,strict,200C,single,,,,mailings,ma‌ilings
00284.227c1ebb961320cd2086d904d698c49b,00284__salted__strict__cp200D__single.227c1ebb961320cd2086d904d698c49b,strict,200D,single,,,,mailings,ma‍ilings
00284.227c1ebb961320cd2086d904d698c49b,00284__salted__strict__cp00AD__single.227c1ebb961320cd2086d904d698c49b,strict,00AD,single,,,,mailings,ma­ilings
00286.bb7afce31a747b70cf516e4ef174fd8f,00286__salted__strict__cp200B__single.bb7afce31a747b70cf516e4ef174fd8f,strict,200B,single,,,,"NBC, CBS, Oprah","NB​C, CB​S, Op​rah"
00286.bb7afce31a747b70cf516e4ef174fd8f,00286__salted__strict__cp200C__single.bb7afce31a747b70cf516e4ef174fd8f,strict,200C,single,,,,"NBC, CBS, Oprah","NB‌C, CB‌S, Op‌rah"
00286.bb7afce31a747b70cf516e4ef174fd8f,00286__salted__strict__cp200D__single.bb7afce31a747b70cf516e4ef174fd8f,strict,200D,single,,,,"NBC, CBS, Oprah","NB‍C, CB‍S, Op‍rah"
00286.bb7afce31a747b70cf516e4ef174fd8f,00286__salted__strict__cp00AD__single.bb7afce31a747b70cf516e4ef174fd8f,strict,00AD,single,,,,"NBC, CBS, Oprah","NB­C, CB­S, Op­rah"
00287.0d310db88577f69e8c345671d9a8416c,00287__salted__strict__cp200B__single.0d310db88577f69e8c345671d9a8416c,strict,200B,single,,,,"EARN, MasterCard, promotional","EA​RN, Ma​sterCard, pr​omotional"
00287.0d310db88577f69e8c345671d9a8416c,00287__salted__strict__cp200C__single.0d310db88577f69e8c345671d9a8416c,strict,200C,single,,,,"EARN, MasterCard, promotional","EA‌RN, Ma‌sterCard, pr‌omotional"
00287.0d310db88577f69e8c345671d9a8416c,00287__salted__strict__cp200D__single.0d310db88577f69e8c345671d9a8416c,strict,200D,single,,,,"EARN, MasterCard, promotional","EA‍RN, Ma‍sterCard, pr‍omotional"
00287.0d310db88577f69e8c345671d9a8416c,00287__salted__strict__cp00AD__single.0d310db88577f69e8c345671d9a8416c,strict,00AD,single,,,,"EARN, MasterCard, promotional","EA­RN, Ma­sterCard, pr­omotional"
00290.010f9e1b74276ee0a2414699df272efe,00290__salted__strict__cp200B__single.010f9e1b74276ee0a2414699df272efe,strict,200B,single,,ADV,AD​V,,
00290.010f9e1b74276ee0a2414699df272efe,00290__salted__strict__cp200C__single.010f9e1b74276ee0a2414699df272efe,strict,200C,single,,ADV,AD‌V,,
00290.010f9e1b74276ee0a2414699df272efe,00290__salted__strict__cp200D__single.010f9e1b74276ee0a2414699df272efe,strict,200D,single,,ADV,AD‍V,,
00290.010f9e1b74276ee0a2414699df272efe,00290__salted__strict__cp00AD__single.010f9e1b74276ee0a2414699df272efe,strict,00AD,single,,ADV,AD­V,,
00291.7aa227e74e89bdd529a3875459d0d5a2,00291__salted__strict__cp200B__single.7aa227e74e89bdd529a3875459d0d5a2,strict,200B,single,,,,mailings,ma​ilings
00291.7aa227e74e89bdd529a3875459d0d5a2,00291__salted__strict__cp200C__single.7aa227e74e89bdd529a3875459d0d5a2,strict,200C,single,,,,mailings,ma‌ilings
00291.7aa227e74e89bdd529a3875459d0d5a2,00291__salted__strict__cp200D__single.7aa227e74e89bdd529a3875459d0d5a2,strict,200D,single,,,,mailings,ma‍ilings
00291.7aa227e74e89bdd529a3875459d0d5a2,00291__salted__strict__cp00AD__single.7aa227e74e89bdd529a3875459d0d5a2,strict,00AD,single,,,,mailings,ma­ilings
00292.dbf78a2aaa230d288eb80ab843804252,00292__salted__strict__cp200B__single.dbf78a2aaa230d288eb80ab843804252,strict,200B,single,,,,"promotional, mailings","pr​omotional, ma​ilings"
00292.dbf78a2aaa230d288eb80ab843804252,00292__salted__strict__cp200C__single.dbf78a2aaa230d288eb80ab843804252,strict,200C,single,,,,"promotional, mailings","pr‌omotional, ma‌ilings"
00292.dbf78a2aaa230d288eb80ab843804252,00292__salted__strict__cp200D__single.dbf78a2aaa230d288eb80ab843804252,strict,200D,single,,,,"promotional, mailings","pr‍omotional, ma‍ilings"
00292.dbf78a2aaa230d288eb80ab843804252,00292__salted__strict__cp00AD__single.dbf78a2aaa230d288eb80ab843804252,strict,00AD,single,,,,"promotional, mailings","pr­omotional, ma­ilings"
00294.497c7a26968a921c6345a525a2c87496,00294__salted__strict__cp200B__single.497c7a26968a921c6345a525a2c87496,strict,200B,single,,,,"ATTN, FAITHFULLY","AT​TN, FA​ITHFULLY"
00294.497c7a26968a921c6345a525a2c87496,00294__salted__strict__cp200C__single.497c7a26968a921c6345a525a2c87496,strict,200C,single,,,,"ATTN, FAITHFULLY","AT‌TN, FA‌ITHFULLY"
00294.497c7a26968a921c6345a525a2c87496,00294__salted__strict__cp200D__single.497c7a26968a921c6345a525a2c87496,strict,200D,single,,,,"ATTN, FAITHFULLY","AT‍TN, FA‍ITHFULLY"
00294.497c7a26968a921c6345a525a2c87496,00294__salted__strict__cp00AD__single.497c7a26968a921c6345a525a2c87496,strict,00AD,single,,,,"ATTN, FAITHFULLY","AT­TN, FA­ITHFULLY"
00294.df27a988d82cc82296e33e6d727ac47e,00294__salted__strict__cp200B__single.df27a988d82cc82296e33e6d727ac47e,strict,200B,single,,,,Deposit,De​posit
00294.df27a988d82cc82296e33e6d727ac47e,00294__salted__strict__cp200C__single.df27a988d82cc82296e33e6d727ac47e,strict,200C,single,,,,Deposit,De‌posit
00294.df27a988d82cc82296e33e6d727ac47e,00294__salted__strict__cp200D__single.df27a988d82cc82296e33e6d727ac47e,strict,200D,single,,,,Deposit,De‍posit
00294.df27a988d82cc82296e33e6d727ac47e,00294__salted__strict__cp00AD__single.df27a988d82cc82296e33e6d727ac47e,strict,00AD,single,,,,Deposit,De­posit
00296.85aa16f800e0aaf8755cdf23d7e035ff,00296__salted__strict__cp200B__single.85aa16f800e0aaf8755cdf23d7e035ff,strict,200B,single,,Annuity,An​nuity,"annuity, Guaranteed, mailings","an​nuity, Gu​aranteed, ma​ilings"
00296.85aa16f800e0aaf8755cdf23d7e035ff,00296__salted__strict__cp200C__single.85aa16f800e0aaf8755cdf23d7e035ff,strict,200C,single,,Annuity,An‌nuity,"annuity, Guaranteed, mailings","an‌nuity, Gu‌aranteed, ma‌ilings"
00296.85aa16f800e0aaf8755cdf23d7e035ff,00296__salted__strict__cp200D__single.85aa16f800e0aaf8755cdf23d7e035ff,strict,200D,single,,Annuity,An‍nuity,"annuity, Guaranteed, mailings","an‍nuity, Gu‍aranteed, ma‍ilings"
00296.85aa16f800e0aaf8755cdf23d7e035ff,00296__salted__strict__cp00AD__single.85aa16f800e0aaf8755cdf23d7e035ff,strict,00AD,single,,Annuity,An­nuity,"annuity, Guaranteed, mailings","an­nuity, Gu­aranteed, ma­ilings"
00298.792592957289d30448ca3c68b301c896,00298__salted__strict__cp200B__single.792592957289d30448ca3c68b301c896,strict,200B,single,,,,"MLM, Commissions, btamail","ML​M, Co​mmissions, bt​amail"
00298.792592957289d30448ca3c68b301c896,00298__salted__strict__cp200C__single.792592957289d30448ca3c68b301c896,strict,200C,single,,,,"MLM, Commissions, btamail","ML‌M, Co‌mmissions, bt‌amail"
00298.792592957289d30448ca3c68b301c896,00298__salted__strict__cp200D__single.792592957289d30448ca3c68b301c896,strict,200D,single,,,,"MLM, Commissions, btamail","ML‍M, Co‍mmissions, bt‍amail"
00298.792592957289d30448ca3c68b301c896,00298__salted__strict__cp00AD__single.792592957289d30448ca3c68b301c896,strict,00AD,single,,,,"MLM, Commissions, btamail","ML­M, Co­mmissions, bt­amail"
00298.90b548a0816ca0783f012bb9c69166cc,00298__salted__strict__cp200B__single.90b548a0816ca0783f012bb9c69166cc,strict,200B,single,,Annuity,An​nuity,"annuity, annuity, annuity","an​nuity, an​nuity, an​nuity"
00298.90b548a0816ca0783f012bb9c69166cc,00298__salted__strict__cp200C__single.90b548a0816ca0783f012bb9c69166cc,strict,200C,single,,Annuity,An‌nuity,"annuity, annuity, annuity","an‌nuity, an‌nuity, an‌nuity"
00298.90b548a0816ca0783f012bb9c69166cc,00298__salted__strict__cp200D__single.90b548a0816ca0783f012bb9c69166cc,strict,200D,single,,Annuity,An‍nuity,"annuity, annuity, annuity","an‍nuity, an‍nuity, an‍nuity"
00298.90b548a0816ca0783f012bb9c69166cc,00298__salted__strict__cp00AD__single.90b548a0816ca0783f012bb9c69166cc,strict,00AD,single,,Annuity,An­nuity,"annuity, annuity, annuity","an­nuity, an­nuity, an­nuity"
00301.3b6fa92db458408d9468360fc034d280,00301__salted__strict__cp200B__single.3b6fa92db458408d9468360fc034d280,strict,200B,single,,,,"Assistance, mailings","As​sistance, ma​ilings"
00301.3b6fa92db458408d9468360fc034d280,00301__salted__strict__cp200C__single.3b6fa92db458408d9468360fc034d280,strict,200C,single,,,,"Assistance, mailings","As‌sistance, ma‌ilings"
00301.3b6fa92db458408d9468360fc034d280,00301__salted__strict__cp200D__single.3b6fa92db458408d9468360fc034d280,strict,200D,single,,,,"Assistance, mailings","As‍sistance, ma‍ilings"
00301.3b6fa92db458408d9468360fc034d280,00301__salted__strict__cp00AD__single.3b6fa92db458408d9468360fc034d280,strict,00AD,single,,,,"Assistance, mailings","As­sistance, ma­ilings"
00301.68fe7955b96d085360ca916289e8e716,00301__salted__strict__cp200B__single.68fe7955b96d085360ca916289e8e716,strict,200B,single,,,,"guaranteed, mailings","gu​aranteed, ma​ilings"
00301.68fe7955b96d085360ca916289e8e716,00301__salted__strict__cp200C__single.68fe7955b96d085360ca916289e8e716,strict,200C,single,,,,"guaranteed, mailings","gu‌aranteed, ma‌ilings"
00301.68fe7955b96d085360ca916289e8e716,00301__salted__strict__cp200D__single.68fe7955b96d085360ca916289e8e716,strict,200D,single,,,,"guaranteed, mailings","gu‍aranteed, ma‍ilings"
00301.68fe7955b96d085360ca916289e8e716,00301__salted__strict__cp00AD__single.68fe7955b96d085360ca916289e8e716,strict,00AD,single,,,,"guaranteed, mailings","gu­aranteed, ma­ilings"
00302.7f695c69d4cbe06e91cddd2ca7cddf33,00302__salted__strict__cp200B__single.7f695c69d4cbe06e91cddd2ca7cddf33,strict,200B,single,,,,"Guaranteed, herbal, GUARANTEED","Gu​aranteed, he​rbal, GU​ARANTEED"
00302.7f695c69d4cbe06e91cddd2ca7cddf33,00302__salted__strict__cp200C__single.7f695c69d4cbe06e91cddd2ca7cddf33,strict,200C,single,,,,"Guaranteed, herbal, GUARANTEED","Gu‌aranteed, he‌rbal, GU‌ARANTEED"
00302.7f695c69d4cbe06e91cddd2ca7cddf33,00302__salted__strict__cp200D__single.7f695c69d4cbe06e91cddd2ca7cddf33,strict,200D,single,,,,"Guaranteed, herbal, GUARANTEED","Gu‍aranteed, he‍rbal, GU‍ARANTEED"
00302.7f695c69d4cbe06e91cddd2ca7cddf33,00302__salted__strict__cp00AD__single.7f695c69d4cbe06e91cddd2ca7cddf33,strict,00AD,single,,,,"Guaranteed, herbal, GUARANTEED","Gu­aranteed, he­rbal, GU­ARANTEED"
00303.7d749e4a46ceb169ea1af5b9e5ab39a9,00303__salted__strict__cp200B__single.7d749e4a46ceb169ea1af5b9e5ab39a9,strict,200B,single,,ADV,AD​V,,
00303.7d749e4a46ceb169ea1af5b9e5ab39a9,00303__salted__strict__cp200C__single.7d749e4a46ceb169ea1af5b9e5ab39a9,strict,200C,single,,ADV,AD‌V,,
00303.7d749e4a46ceb169ea1af5b9e5ab39a9,00303__salted__strict__cp200D__single.7d749e4a46ceb169ea1af5b9e5ab39a9,strict,200D,single,,ADV,AD‍V,,
00303.7d749e4a46ceb169ea1af5b9e5ab39a9,00303__salted__strict__cp00AD__single.7d749e4a46ceb169ea1af5b9e5ab39a9,strict,00AD,single,,ADV,AD­V,,
00305.1f2a712e25638b0a4868155b37022cf1,00305__salted__strict__cp200B__single.1f2a712e25638b0a4868155b37022cf1,strict,200B,single,,HGH,HG​H,,
00305.1f2a712e25638b0a4868155b37022cf1,00305__salted__strict__cp200C__single.1f2a712e25638b0a4868155b37022cf1,strict,200C,single,,HGH,HG‌H,,
00305.1f2a712e25638b0a4868155b37022cf1,00305__salted__strict__cp200D__single.1f2a712e25638b0a4868155b37022cf1,strict,200D,single,,HGH,HG‍H,,
00305.1f2a712e25638b0a4868155b37022cf1,00305__salted__strict__cp00AD__single.1f2a712e25638b0a4868155b37022cf1,strict,00AD,single,,HGH,HG­H,,
00305.f80c21904d6d4f6facd036450a588b0d,00305__salted__strict__cp200B__single.f80c21904d6d4f6facd036450a588b0d,strict,200B,single,,,,"guaranteed, mailings","gu​aranteed, ma​ilings"
00305.f80c21904d6d4f6facd036450a588b0d,00305__salted__strict__cp200C__single.f80c21904d6d4f6facd036450a588b0d,strict,200C,single,,,,"guaranteed, mailings","gu‌aranteed, ma‌ilings"
00305.f80c21904d6d4f6facd036450a588b0d,00305__salted__strict__cp200D__single.f80c21904d6d4f6facd036450a588b0d,strict,200D,single,,,,"guaranteed, mailings","gu‍aranteed, ma‍ilings"
00305.f80c21904d6d4f6facd036450a588b0d,00305__salted__strict__cp00AD__single.f80c21904d6d4f6facd036450a588b0d,strict,00AD,single,,,,"guaranteed, mailings","gu­aranteed, ma­ilings"
00306.9e12acdecaf3825733a1aadc2455b166,00306__salted__strict__cp200B__single.9e12acdecaf3825733a1aadc2455b166,strict,200B,single,,ADV,AD​V,toll,to​ll
00306.9e12acdecaf3825733a1aadc2455b166,00306__salted__strict__cp200C__single.9e12acdecaf3825733a1aadc2455b166,strict,200C,single,,ADV,AD‌V,toll,to‌ll
00306.9e12acdecaf3825733a1aadc2455b166,00306__salted__strict__cp200D__single.9e12acdecaf3825733a1aadc2455b166,strict,200D,single,,ADV,AD‍V,toll,to‍ll
00306.9e12acdecaf3825733a1aadc2455b166,00306__salted__strict__cp00AD__single.9e12acdecaf3825733a1aadc2455b166,strict,00AD,single,,ADV,AD­V,toll,to­ll
00307.79b64580c5c605583aec7b7a4f8679c0,00307__salted__strict__cp200B__single.79b64580c5c605583aec7b7a4f8679c0,strict,200B,single,,Mortgage,Mo​rtgage,"refinance, mortgage, refinance","re​finance, mo​rtgage, re​finance"
00307.79b64580c5c605583aec7b7a4f8679c0,00307__salted__strict__cp200C__single.79b64580c5c605583aec7b7a4f8679c0,strict,200C,single,,Mortgage,Mo‌rtgage,"refinance, mortgage, refinance","re‌finance, mo‌rtgage, re‌finance"
00307.79b64580c5c605583aec7b7a4f8679c0,00307__salted__strict__cp200D__single.79b64580c5c605583aec7b7a4f8679c0,strict,200D,single,,Mortgage,Mo‍rtgage,"refinance, mortgage, refinance","re‍finance, mo‍rtgage, re‍finance"
00307.79b64580c5c605583aec7b7a4f8679c0,00307__salted__strict__cp00AD__single.79b64580c5c605583aec7b7a4f8679c0,strict,00AD,single,,Mortgage,Mo­rtgage,"refinance, mortgage, refinance","re­finance, mo­rtgage, re­finance"
00308.fc90f8aab51648329b9e705c9021b204,00308__salted__strict__cp200B__single.fc90f8aab51648329b9e705c9021b204,strict,200B,single,,,,mailings,ma​ilings
00308.fc90f8aab51648329b9e705c9021b204,00308__salted__strict__cp200C__single.fc90f8aab51648329b9e705c9021b204,strict,200C,single,,,,mailings,ma‌ilings
00308.fc90f8aab51648329b9e705c9021b204,00308__salted__strict__cp200D__single.fc90f8aab51648329b9e705c9021b204,strict,200D,single,,,,mailings,ma‍ilings
00308.fc90f8aab51648329b9e705c9021b204,00308__salted__strict__cp00AD__single.fc90f8aab51648329b9e705c9021b204,strict,00AD,single,,,,mailings,ma­ilings
00312.5034fee7d265abd7a4194e9300de24bf,00312__salted__strict__cp200B__single.5034fee7d265abd7a4194e9300de24bf,strict,200B,single,,HGH,HG​H,,
00312.5034fee7d265abd7a4194e9300de24bf,00312__salted__strict__cp200C__single.5034fee7d265abd7a4194e9300de24bf,strict,200C,single,,HGH,HG‌H,,
00312.5034fee7d265abd7a4194e9300de24bf,00312__salted__strict__cp200D__single.5034fee7d265abd7a4194e9300de24bf,strict,200D,single,,HGH,HG‍H,,
00312.5034fee7d265abd7a4194e9300de24bf,00312__salted__strict__cp00AD__single.5034fee7d265abd7a4194e9300de24bf,strict,00AD,single,,HGH,HG­H,,
00312.75c839d7d4f6da9e860a11b617904fb5,00312__salted__strict__cp200B__single.75c839d7d4f6da9e860a11b617904fb5,strict,200B,single,,,,"assistance, deposit","as​sistance, de​posit"
00312.75c839d7d4f6da9e860a11b617904fb5,00312__salted__strict__cp200C__single.75c839d7d4f6da9e860a11b617904fb5,strict,200C,single,,,,"assistance, deposit","as‌sistance, de‌posit"
00312.75c839d7d4f6da9e860a11b617904fb5,00312__salted__strict__cp200D__single.75c839d7d4f6da9e860a11b617904fb5,strict,200D,single,,,,"assistance, deposit","as‍sistance, de‍posit"
00312.75c839d7d4f6da9e860a11b617904fb5,00312__salted__strict__cp00AD__single.75c839d7d4f6da9e860a11b617904fb5,strict,00AD,single,,,,"assistance, deposit","as­sistance, de­posit"
00315.0ee82a2e087ffcf6efbd30b36499ead6,00315__salted__strict__cp200B__single.0ee82a2e087ffcf6efbd30b36499ead6,strict,200B,single,,,,"USD, deposit, assistance","US​D, de​posit, as​sistance"
00315.0ee82a2e087ffcf6efbd30b36499ead6,00315__salted__strict__cp200C__single.0ee82a2e087ffcf6efbd30b36499ead6,strict,200C,single,,,,"USD, deposit, assistance","US‌D, de‌posit, as‌sistance"
00315.0ee82a2e087ffcf6efbd30b36499ead6,00315__salted__strict__cp200D__single.0ee82a2e087ffcf6efbd30b36499ead6,strict,200D,single,,,,"USD, deposit, assistance","US‍D, de‍posit, as‍sistance"
00315.0ee82a2e087ffcf6efbd30b36499ead6,00315__salted__strict__cp00AD__single.0ee82a2e087ffcf6efbd30b36499ead6,strict,00AD,single,,,,"USD, deposit, assistance","US­D, de­posit, as­sistance"
00316.311d11f764c6e452b2f0208b53b94ea2,00316__salted__strict__cp200B__single.311d11f764c6e452b2f0208b53b94ea2,strict,200B,single,,,,"mortgage, MASTERCARD, Postal","mo​rtgage, MA​STERCARD, Po​stal"
00316.311d11f764c6e452b2f0208b53b94ea2,00316__salted__strict__cp200C__single.311d11f764c6e452b2f0208b53b94ea2,strict,200C,single,,,,"mortgage, MASTERCARD, Postal","mo‌rtgage, MA‌STERCARD, Po‌stal"
00316.311d11f764c6e452b2f0208b53b94ea2,00316__salted__strict__cp200D__single.311d11f764c6e452b2f0208b53b94ea2,strict,200D,single,,,,"mortgage, MASTERCARD, Postal","mo‍rtgage, MA‍STERCARD, Po‍stal"
00316.311d11f764c6e452b2f0208b53b94ea2,00316__salted__strict__cp00AD__single.311d11f764c6e452b2f0208b53b94ea2,strict,00AD,single,,,,"mortgage, MASTERCARD, Postal","mo­rtgage, MA­STERCARD, Po­stal"
00318.8487006b2a3599ba69edefe8b9cc98d5,00318__salted__strict__cp200B__single.8487006b2a3599ba69edefe8b9cc98d5,strict,200B,single,,GUARANTEED,GU​ARANTEED,"mortgage, mortgage, loans","mo​rtgage, mo​rtgage, lo​ans"
00318.8487006b2a3599ba69edefe8b9cc98d5,00318__salted__strict__cp200C__single.8487006b2a3599ba69edefe8b9cc98d5,strict,200C,single,,GUARANTEED,GU‌ARANTEED,"mortgage, mortgage, loans","mo‌rtgage, mo‌rtgage, lo‌ans"
00318.8487006b2a3599ba69edefe8b9cc98d5,00318__salted__strict__cp200D__single.8487006b2a3599ba69edefe8b9cc98d5,strict,200D,single,,GUARANTEED,GU‍ARANTEED,"mortgage, mortgage, loans","mo‍rtgage, mo‍rtgage, lo‍ans"
00318.8487006b2a3599ba69edefe8b9cc98d5,00318__salted__strict__cp00AD__single.8487006b2a3599ba69edefe8b9cc98d5,strict,00AD,single,,GUARANTEED,GU­ARANTEED,"mortgage, mortgage, loans","mo­rtgage, mo­rtgage, lo­ans"
00325.7e5ac4e91fba8111cce0e8dcc721912c,00325__salted__strict__cp200B__single.7e5ac4e91fba8111cce0e8dcc721912c,strict,200B,single,,Guaranteed,Gu​aranteed,"Annuity, Annuity, guaranteed","An​nuity, An​nuity, gu​aranteed"
00325.7e5ac4e91fba8111cce0e8dcc721912c,00325__salted__strict__cp200C__single.7e5ac4e91fba8111cce0e8dcc721912c,strict,200C,single,,Guaranteed,Gu‌aranteed,"Annuity, Annuity, guaranteed","An‌nuity, An‌nuity, gu‌aranteed"
00325.7e5ac4e91fba8111cce0e8dcc721912c,00325__salted__strict__cp200D__single.7e5ac4e91fba8111cce0e8dcc721912c,strict,200D,single,,Guaranteed,Gu‍aranteed,"Annuity, Annuity, guaranteed","An‍nuity, An‍nuity, gu‍aranteed"
00325.7e5ac4e91fba8111cce0e8dcc721912c,00325__salted__strict__cp00AD__single.7e5ac4e91fba8111cce0e8dcc721912c,strict,00AD,single,,Guaranteed,Gu­aranteed,"Annuity, Annuity, guaranteed","An­nuity, An­nuity, gu­aranteed"
00326.1e5d428b26e2e648a7560a38380cab1f,00326__salted__strict__cp200B__single.1e5d428b26e2e648a7560a38380cab1f,strict,200B,single,,HGH,HG​H,,
00326.1e5d428b26e2e648a7560a38380cab1f,00326__salted__strict__cp200C__single.1e5d428b26e2e648a7560a38380cab1f,strict,200C,single,,HGH,HG‌H,,
00326.1e5d428b26e2e648a7560a38380cab1f,00326__salted__strict__cp200D__single.1e5d428b26e2e648a7560a38380cab1f,strict,200D,single,,HGH,HG‍H,,
00326.1e5d428b26e2e648a7560a38380cab1f,00326__salted__strict__cp00AD__single.1e5d428b26e2e648a7560a38380cab1f,strict,00AD,single,,HGH,HG­H,,
00328.47ba83d868220761b2ff71ce39d91a37,00328__salted__strict__cp200B__single.47ba83d868220761b2ff71ce39d91a37,strict,200B,single,,Mortgage,Mo​rtgage,,
00328.47ba83d868220761b2ff71ce39d91a37,00328__salted__strict__cp200C__single.47ba83d868220761b2ff71ce39d91a37,strict,200C,single,,Mortgage,Mo‌rtgage,,
00328.47ba83d868220761b2ff71ce39d91a37,00328__salted__strict__cp200D__single.47ba83d868220761b2ff71ce39d91a37,strict,200D,single,,Mortgage,Mo‍rtgage,,
00328.47ba83d868220761b2ff71ce39d91a37,00328__salted__strict__cp00AD__single.47ba83d868220761b2ff71ce39d91a37,strict,00AD,single,,Mortgage,Mo­rtgage,,
00331.263b0f2df840360cb4b1ee9016c79d84,00331__salted__strict__cp200B__single.263b0f2df840360cb4b1ee9016c79d84,strict,200B,single,,,,"USD, USD, USD","US​D, US​D, US​D"
00331.263b0f2df840360cb4b1ee9016c79d84,00331__salted__strict__cp200C__single.263b0f2df840360cb4b1ee9016c79d84,strict,200C,single,,,,"USD, USD, USD","US‌D, US‌D, US‌D"
00331.263b0f2df840360cb4b1ee9016c79d84,00331__salted__strict__cp200D__single.263b0f2df840360cb4b1ee9016c79d84,strict,200D,single,,,,"USD, USD, USD","US‍D, US‍D, US‍D"
00331.263b0f2df840360cb4b1ee9016c79d84,00331__salted__strict__cp00AD__single.263b0f2df840360cb4b1ee9016c79d84,strict,00AD,single,,,,"USD, USD, USD","US­D, US­D, US­D"
00335.52db5097040b2b36c0d19047c5617621,00335__salted__strict__cp200B__single.52db5097040b2b36c0d19047c5617621,strict,200B,single,,,,annuity,an​nuity
00335.52db5097040b2b36c0d19047c5617621,00335__salted__strict__cp200C__single.52db5097040b2b36c0d19047c5617621,strict,200C,single,,,,annuity,an‌nuity
00335.52db5097040b2b36c0d19047c5617621,00335__salted__strict__cp200D__single.52db5097040b2b36c0d19047c5617621,strict,200D,single,,,,annuity,an‍nuity
00335.52db5097040b2b36c0d19047c5617621,00335__salted__strict__cp00AD__single.52db5097040b2b36c0d19047c5617621,strict,00AD,single,,,,annuity,an­nuity
00336.b937e6ad1deae309e248580a6fec85d8,00336__salted__strict__cp200B__single.b937e6ad1deae309e248580a6fec85d8,strict,200B,single,,,,mailings,ma​ilings
00336.b937e6ad1deae309e248580a6fec85d8,00336__salted__strict__cp200C__single.b937e6ad1deae309e248580a6fec85d8,strict,200C,single,,,,mailings,ma‌ilings
00336.b937e6ad1deae309e248580a6fec85d8,00336__salted__strict__cp200D__single.b937e6ad1deae309e248580a6fec85d8,strict,200D,single,,,,mailings,ma‍ilings
00336.b937e6ad1deae309e248580a6fec85d8,00336__salted__strict__cp00AD__single.b937e6ad1deae309e248580a6fec85d8,strict,00AD,single,,,,mailings,ma­ilings
00337.813498483bc80a24c002e6e7e8e0f2cb,00337__salted__strict__cp200B__single.813498483bc80a24c002e6e7e8e0f2cb,strict,200B,single,,,,mortgage,mo​rtgage
00337.813498483bc80a24c002e6e7e8e0f2cb,00337__salted__strict__cp200C__single.813498483bc80a24c002e6e7e8e0f2cb,strict,200C,single,,,,mortgage,mo‌rtgage
00337.813498483bc80a24c002e6e7e8e0f2cb,00337__salted__strict__cp200D__single.813498483bc80a24c002e6e7e8e0f2cb,strict,200D,single,,,,mortgage,mo‍rtgage
00337.813498483bc80a24c002e6e7e8e0f2cb,00337__salted__strict__cp00AD__single.813498483bc80a24c002e6e7e8e0f2cb,strict,00AD,single,,,,mortgage,mo­rtgage
00339.16bd110d8aa11e7d9398287c27b1b389,00339__salted__strict__cp200B__single.16bd110d8aa11e7d9398287c27b1b389,strict,200B,single,,SYSTEMWORKS,SY​STEMWORKS,SystemWorks,Sy​stemWorks
00339.16bd110d8aa11e7d9398287c27b1b389,00339__salted__strict__cp200C__single.16bd110d8aa11e7d9398287c27b1b389,strict,200C,single,,SYSTEMWORKS,SY‌STEMWORKS,SystemWorks,Sy‌stemWorks
00339.16bd110d8aa11e7d9398287c27b1b389,00339__salted__strict__cp200D__single.16bd110d8aa11e7d9398287c27b1b389,strict,200D,single,,SYSTEMWORKS,SY‍STEMWORKS,SystemWorks,Sy‍stemWorks
00339.16bd110d8aa11e7d9398287c27b1b389,00339__salted__strict__cp00AD__single.16bd110d8aa11e7d9398287c27b1b389,strict,00AD,single,,SYSTEMWORKS,SY­STEMWORKS,SystemWorks,Sy­stemWorks
00339.5982235f90972c2cf5ecaaf775dace46,00339__salted__strict__cp200B__single.5982235f90972c2cf5ecaaf775dace46,strict,200B,single,,,,"TOLL, billing","TO​LL, bi​lling"
00339.5982235f90972c2cf5ecaaf775dace46,00339__salted__strict__cp200C__single.5982235f90972c2cf5ecaaf775dace46,strict,200C,single,,,,"TOLL, billing","TO‌LL, bi‌lling"
00339.5982235f90972c2cf5ecaaf775dace46,00339__salted__strict__cp200D__single.5982235f90972c2cf5ecaaf775dace46,strict,200D,single,,,,"TOLL, billing","TO‍LL, bi‍lling"
00339.5982235f90972c2cf5ecaaf775dace46,00339__salted__strict__cp00AD__single.5982235f90972c2cf5ecaaf775dace46,strict,00AD,single,,,,"TOLL, billing","TO­LL, bi­lling"
00340.582105f82cc7d1d35e09aacc413853c1,00340__salted__strict__cp200B__single.582105f82cc7d1d35e09aacc413853c1,strict,200B,single,,,,"TOLL, billing","TO​LL, bi​lling"
00340.582105f82cc7d1d35e09aacc413853c1,00340__salted__strict__cp200C__single.582105f82cc7d1d35e09aacc413853c1,strict,200C,single,,,,"TOLL, billing","TO‌LL, bi‌lling"
00340.582105f82cc7d1d35e09aacc413853c1,00340__salted__strict__cp200D__single.582105f82cc7d1d35e09aacc413853c1,strict,200D,single,,,,"TOLL, billing","TO‍LL, bi‍lling"
00340.582105f82cc7d1d35e09aacc413853c1,00340__salted__strict__cp00AD__single.582105f82cc7d1d35e09aacc413853c1,strict,00AD,single,,,,"TOLL, billing","TO­LL, bi­lling"
00341.523b18faf8eb7b835457f2a0797e034f,00341__salted__strict__cp200B__single.523b18faf8eb7b835457f2a0797e034f,strict,200B,single,,,,"TOLL, billing","TO​LL, bi​lling"
00341.523b18faf8eb7b835457f2a0797e034f,00341__salted__strict__cp200C__single.523b18faf8eb7b835457f2a0797e034f,strict,200C,single,,,,"TOLL, billing","TO‌LL, bi‌lling"
00341.523b18faf8eb7b835457f2a0797e034f,00341__salted__strict__cp200D__single.523b18faf8eb7b835457f2a0797e034f,strict,200D,single,,,,"TOLL, billing","TO‍LL, bi‍lling"
00341.523b18faf8eb7b835457f2a0797e034f,00341__salted__strict__cp00AD__single.523b18faf8eb7b835457f2a0797e034f,strict,00AD,single,,,,"TOLL, billing","TO­LL, bi­lling"
00342.847c675d7a39e5e6ecce8387350790ae,00342__salted__strict__cp200B__single.847c675d7a39e5e6ecce8387350790ae,strict,200B,single,,,,"TOLL, billing","TO​LL, bi​lling"
00342.847c675d7a39e5e6ecce8387350790ae,00342__salted__strict__cp200C__single.847c675d7a39e5e6ecce8387350790ae,strict,200C,single,,,,"TOLL, billing","TO‌LL, bi‌lling"
00342.847c675d7a39e5e6ecce8387350790ae,00342__salted__strict__cp200D__single.847c675d7a39e5e6ecce8387350790ae,strict,200D,single,,,,"TOLL, billing","TO‍LL, bi‍lling"
00342.847c675d7a39e5e6ecce8387350790ae,00342__salted__strict__cp00AD__single.847c675d7a39e5e6ecce8387350790ae,strict,00AD,single,,,,"TOLL, billing","TO­LL, bi­lling"
00343.37d895b3a54847548875136ad6b0192d,00343__salted__strict__cp200B__single.37d895b3a54847548875136ad6b0192d,strict,200B,single,,,,"cartridges, cartridges, CARTRIDGES","ca​rtridges, ca​rtridges, CA​RTRIDGES"
00343.37d895b3a54847548875136ad6b0192d,00343__salted__strict__cp200C__single.37d895b3a54847548875136ad6b0192d,strict,200C,single,,,,"cartridges, cartridges, CARTRIDGES","ca‌rtridges, ca‌rtridges, CA‌RTRIDGES"
00343.37d895b3a54847548875136ad6b0192d,00343__salted__strict__cp200D__single.37d895b3a54847548875136ad6b0192d,strict,200D,single,,,,"cartridges, cartridges, CARTRIDGES","ca‍rtridges, ca‍rtridges, CA‍RTRIDGES"
00343.37d895b3a54847548875136ad6b0192d,00343__salted__strict__cp00AD__single.37d895b3a54847548875136ad6b0192d,strict,00AD,single,,,,"cartridges, cartridges, CARTRIDGES","ca­rtridges, ca­rtridges, CA­RTRIDGES"
00343.c84d94ad804925c271bb15b979e11dc7,00343__salted__strict__cp200B__single.c84d94ad804925c271bb15b979e11dc7,strict,200B,single,,,,"TOLL, billing","TO​LL, bi​lling"
00343.c84d94ad804925c271bb15b979e11dc7,00343__salted__strict__cp200C__single.c84d94ad804925c271bb15b979e11dc7,strict,200C,single,,,,"TOLL, billing","TO‌LL, bi‌lling"
00343.c84d94ad804925c271bb15b979e11dc7,00343__salted__strict__cp200D__single.c84d94ad804925c271bb15b979e11dc7,strict,200D,single,,,,"TOLL, billing","TO‍LL, bi‍lling"
00343.c84d94ad804925c271bb15b979e11dc7,00343__salted__strict__cp00AD__single.c84d94ad804925c271bb15b979e11dc7,strict,00AD,single,,,,"TOLL, billing","TO­LL, bi­lling"
00344.e6463530b23a12554d2e6f0e08ae10a7,00344__salted__strict__cp200B__single.e6463530b23a12554d2e6f0e08ae10a7,strict,200B,single,,,,"TOLL, billing","TO​LL, bi​lling"
00344.e6463530b23a12554d2e6f0e08ae10a7,00344__salted__strict__cp200C__single.e6463530b23a12554d2e6f0e08ae10a7,strict,200C,single,,,,"TOLL, billing","TO‌LL, bi‌lling"
00344.e6463530b23a12554d2e6f0e08ae10a7,00344__salted__strict__cp200D__single.e6463530b23a12554d2e6f0e08ae10a7,strict,200D,single,,,,"TOLL, billing","TO‍LL, bi‍lling"
00344.e6463530b23a12554d2e6f0e08ae10a7,00344__salted__strict__cp00AD__single.e6463530b23a12554d2e6f0e08ae10a7,strict,00AD,single,,,,"TOLL, billing","TO­LL, bi­lling"
00346.1ae83883f566cdf6ff18958a33a215b3,00346__salted__strict__cp200B__single.1ae83883f566cdf6ff18958a33a215b3,strict,200B,single,,ASSISTANCE,AS​SISTANCE,"ASSISTANCE, clearance, assistance","AS​SISTANCE, cl​earance, as​sistance"
00346.1ae83883f566cdf6ff18958a33a215b3,00346__salted__strict__cp200C__single.1ae83883f566cdf6ff18958a33a215b3,strict,200C,single,,ASSISTANCE,AS‌SISTANCE,"ASSISTANCE, clearance, assistance","AS‌SISTANCE, cl‌earance, as‌sistance"
00346.1ae83883f566cdf6ff18958a33a215b3,00346__salted__strict__cp200D__single.1ae83883f566cdf6ff18958a33a215b3,strict,200D,single,,ASSISTANCE,AS‍SISTANCE,"ASSISTANCE, clearance, assistance","AS‍SISTANCE, cl‍earance, as‍sistance"
00346.1ae83883f566cdf6ff18958a33a215b3,00346__salted__strict__cp00AD__single.1ae83883f566cdf6ff18958a33a215b3,strict,00AD,single,,ASSISTANCE,AS­SISTANCE,"ASSISTANCE, clearance, assistance","AS­SISTANCE, cl­earance, as­sistance"
00346.d93a823fb3350a5da8f0c612ce1156cd,00346__salted__strict__cp200B__single.d93a823fb3350a5da8f0c612ce1156cd,strict,200B,single,,,,"deposit, USD","de​posit, US​D"
00346.d93a823fb3350a5da8f0c612ce1156cd,00346__salted__strict__cp200C__single.d93a823fb3350a5da8f0c612ce1156cd,strict,200C,single,,,,"deposit, USD","de‌posit, US‌D"
00346.d93a823fb3350a5da8f0c612ce1156cd,00346__salted__strict__cp200D__single.d93a823fb3350a5da8f0c612ce1156cd,strict,200D,single,,,,"deposit, USD","de‍posit, US‍D"
00346.d93a823fb3350a5da8f0c612ce1156cd,00346__salted__strict__cp00AD__single.d93a823fb3350a5da8f0c612ce1156cd,strict,00AD,single,,,,"deposit, USD","de­posit, US­D"
00347.0958e79c14164f0f902d863f41156c0b,00347__salted__strict__cp200B__single.0958e79c14164f0f902d863f41156c0b,strict,200B,single,,,,"mortgage, loans","mo​rtgage, lo​ans"
00347.0958e79c14164f0f902d863f41156c0b,00347__salted__strict__cp200C__single.0958e79c14164f0f902d863f41156c0b,strict,200C,single,,,,"mortgage, loans","mo‌rtgage, lo‌ans"
00347.0958e79c14164f0f902d863f41156c0b,00347__salted__strict__cp200D__single.0958e79c14164f0f902d863f41156c0b,strict,200D,single,,,,"mortgage, loans","mo‍rtgage, lo‍ans"
00347.0958e79c14164f0f902d863f41156c0b,00347__salted__strict__cp00AD__single.0958e79c14164f0f902d863f41156c0b,strict,00AD,single,,,,"mortgage, loans","mo­rtgage, lo­ans"
00347.fd43a734c2e77abee0ca8c508afce993,00347__salted__strict__cp200B__single.fd43a734c2e77abee0ca8c508afce993,strict,200B,single,,MORTGAGE,MO​RTGAGE,,
00347.fd43a734c2e77abee0ca8c508afce993,00347__salted__strict__cp200C__single.fd43a734c2e77abee0ca8c508afce993,strict,200C,single,,MORTGAGE,MO‌RTGAGE,,
00347.fd43a734c2e77abee0ca8c508afce993,00347__salted__strict__cp200D__single.fd43a734c2e77abee0ca8c508afce993,strict,200D,single,,MORTGAGE,MO‍RTGAGE,,
00347.fd43a734c2e77abee0ca8c508afce993,00347__salted__strict__cp00AD__single.fd43a734c2e77abee0ca8c508afce993,strict,00AD,single,,MORTGAGE,MO­RTGAGE,,
00348.eca7fae585d64d16cbb1f6f512d0c761,00348__salted__strict__cp200B__single.eca7fae585d64d16cbb1f6f512d0c761,strict,200B,single,,,,excite,ex​cite
00348.eca7fae585d64d16cbb1f6f512d0c761,00348__salted__strict__cp200C__single.eca7fae585d64d16cbb1f6f512d0c761,strict,200C,single,,,,excite,ex‌cite
00348.eca7fae585d64d16cbb1f6f512d0c761,00348__salted__strict__cp200D__single.eca7fae585d64d16cbb1f6f512d0c761,strict,200D,single,,,,excite,ex‍cite
00348.eca7fae585d64d16cbb1f6f512d0c761,00348__salted__strict__cp00AD__single.eca7fae585d64d16cbb1f6f512d0c761,strict,00AD,single,,,,excite,ex­cite
00349.742d50a3bcbd3a3a60a0bd42cc2b97be,00349__salted__strict__cp200B__single.742d50a3bcbd3a3a60a0bd42cc2b97be,strict,200B,single,,Earn,Ea​rn,"commissions, Honesty","co​mmissions, Ho​nesty"
00349.742d50a3bcbd3a3a60a0bd42cc2b97be,00349__salted__strict__cp200C__single.742d50a3bcbd3a3a60a0bd42cc2b97be,strict,200C,single,,Earn,Ea‌rn,"commissions, Honesty","co‌mmissions, Ho‌nesty"
00349.742d50a3bcbd3a3a60a0bd42cc2b97be,00349__salted__strict__cp200D__single.742d50a3bcbd3a3a60a0bd42cc2b97be,strict,200D,single,,Earn,Ea‍rn,"commissions, Honesty","co‍mmissions, Ho‍nesty"
00349.742d50a3bcbd3a3a60a0bd42cc2b97be,00349__salted__strict__cp00AD__single.742d50a3bcbd3a3a60a0bd42cc2b97be,strict,00AD,single,,Earn,Ea­rn,"commissions, Honesty","co­mmissions, Ho­nesty"
00349.dd7982f40576ff4897c18efc813e38bf,00349__salted__strict__cp200B__single.dd7982f40576ff4897c18efc813e38bf,strict,200B,single,,,,"commissions, btamail, commissions","co​mmissions, bt​amail, co​mmissions"
00349.dd7982f40576ff4897c18efc813e38bf,00349__salted__strict__cp200C__single.dd7982f40576ff4897c18efc813e38bf,strict,200C,single,,,,"commissions, btamail, commissions","co‌mmissions, bt‌amail, co‌mmissions"
00349.dd7982f40576ff4897c18efc813e38bf,00349__salted__strict__cp200D__single.dd7982f40576ff4897c18efc813e38bf,strict,200D,single,,,,"commissions, btamail, commissions","co‍mmissions, bt‍amail, co‍mmissions"
00349.dd7982f40576ff4897c18efc813e38bf,00349__salted__strict__cp00AD__single.dd7982f40576ff4897c18efc813e38bf,strict,00AD,single,,,,"commissions, btamail, commissions","co­mmissions, bt­amail, co­mmissions"
00351.44bc5f6d0afcb67a469191ef2a38fea7,00351__salted__strict__cp200B__single.44bc5f6d0afcb67a469191ef2a38fea7,strict,200B,single,,Annuity,An​nuity,"Annuity, Annuity, Guaranteed","An​nuity, An​nuity, Gu​aranteed"
00351.44bc5f6d0afcb67a469191ef2a38fea7,00351__salted__strict__cp200C__single.44bc5f6d0afcb67a469191ef2a38fea7,strict,200C,single,,Annuity,An‌nuity,"Annuity, Annuity, Guaranteed","An‌nuity, An‌nuity, Gu‌aranteed"
00351.44bc5f6d0afcb67a469191ef2a38fea7,00351__salted__strict__cp200D__single.44bc5f6d0afcb67a469191ef2a38fea7,strict,200D,single,,Annuity,An‍nuity,"Annuity, Annuity, Guaranteed","An‍nuity, An‍nuity, Gu‍aranteed"
00351.44bc5f6d0afcb67a469191ef2a38fea7,00351__salted__strict__cp00AD__single.44bc5f6d0afcb67a469191ef2a38fea7,strict,00AD,single,,Annuity,An­nuity,"Annuity, Annuity, Guaranteed","An­nuity, An­nuity, Gu­aranteed"
00351.fd1b8a6cd42e81125fb38c2660cd9317,00351__salted__strict__cp200B__single.fd1b8a6cd42e81125fb38c2660cd9317,strict,200B,single,,SYSTEMWORKS,SY​STEMWORKS,,
00351.fd1b8a6cd42e81125fb38c2660cd9317,00351__salted__strict__cp200C__single.fd1b8a6cd42e81125fb38c2660cd9317,strict,200C,single,,SYSTEMWORKS,SY‌STEMWORKS,,
00351.fd1b8a6cd42e81125fb38c2660cd9317,00351__salted__strict__cp200D__single.fd1b8a6cd42e81125fb38c2660cd9317,strict,200D,single,,SYSTEMWORKS,SY‍STEMWORKS,,
00351.fd1b8a6cd42e81125fb38c2660cd9317,00351__salted__strict__cp00AD__single.fd1b8a6cd42e81125fb38c2660cd9317,strict,00AD,single,,SYSTEMWORKS,SY­STEMWORKS,,
00352.19a8ba03f566612e0b9e124609d9dbd0,00352__salted__strict__cp200B__single.19a8ba03f566612e0b9e124609d9dbd0,strict,200B,single,,,,mailings,ma​ilings
00352.19a8ba03f566612e0b9e124609d9dbd0,00352__salted__strict__cp200C__single.19a8ba03f566612e0b9e124609d9dbd0,strict,200C,single,,,,mailings,ma‌ilings
00352.19a8ba03f566612e0b9e124609d9dbd0,00352__salted__strict__cp200D__single.19a8ba03f566612e0b9e124609d9dbd0,strict,200D,single,,,,mailings,ma‍ilings
00352.19a8ba03f566612e0b9e124609d9dbd0,00352__salted__strict__cp00AD__single.19a8ba03f566612e0b9e124609d9dbd0,strict,00AD,single,,,,mailings,ma­ilings
00354.dca4b8984863a76ffd01a33888498288,00354__salted__strict__cp200B__single.dca4b8984863a76ffd01a33888498288,strict,200B,single,,,,specials,sp​ecials
00354.dca4b8984863a76ffd01a33888498288,00354__salted__strict__cp200C__single.dca4b8984863a76ffd01a33888498288,strict,200C,single,,,,specials,sp‌ecials
00354.dca4b8984863a76ffd01a33888498288,00354__salted__strict__cp200D__single.dca4b8984863a76ffd01a33888498288,strict,200D,single,,,,specials,sp‍ecials
00354.dca4b8984863a76ffd01a33888498288,00354__salted__strict__cp00AD__single.dca4b8984863a76ffd01a33888498288,strict,00AD,single,,,,specials,sp­ecials
00355.ada725cd0b7f67b279b6d616045d7e84,00355__salted__strict__cp200B__single.ada725cd0b7f67b279b6d616045d7e84,strict,200B,single,,,,"TOLL, billing","TO​LL, bi​lling"
00355.ada725cd0b7f67b279b6d616045d7e84,00355__salted__strict__cp200C__single.ada725cd0b7f67b279b6d616045d7e84,strict,200C,single,,,,"TOLL, billing","TO‌LL, bi‌lling"
00355.ada725cd0b7f67b279b6d616045d7e84,00355__salted__strict__cp200D__single.ada725cd0b7f67b279b6d616045d7e84,strict,200D,single,,,,"TOLL, billing","TO‍LL, bi‍lling"
00355.ada725cd0b7f67b279b6d616045d7e84,00355__salted__strict__cp00AD__single.ada725cd0b7f67b279b6d616045d7e84,strict,00AD,single,,,,"TOLL, billing","TO­LL, bi­lling"
00355.e10c2eba9316a09e612e6675ce339d5e,00355__salted__strict__cp200B__single.e10c2eba9316a09e612e6675ce339d5e,strict,200B,single,,HGH,HG​H,,
00355.e10c2eba9316a09e612e6675ce339d5e,00355__salted__strict__cp200C__single.e10c2eba9316a09e612e6675ce339d5e,strict,200C,single,,HGH,HG‌H,,
00355.e10c2eba9316a09e612e6675ce339d5e,00355__salted__strict__cp200D__single.e10c2eba9316a09e612e6675ce339d5e,strict,200D,single,,HGH,HG‍H,,
00355.e10c2eba9316a09e612e6675ce339d5e,00355__salted__strict__cp00AD__single.e10c2eba9316a09e612e6675ce339d5e,strict,00AD,single,,HGH,HG­H,,
00356.6420c49ea8ad1c5e4120606f97b60e1e,00356__salted__strict__cp200B__single.6420c49ea8ad1c5e4120606f97b60e1e,strict,200B,single,,,,"NBC, NBC, Oprah","NB​C, NB​C, Op​rah"
00356.6420c49ea8ad1c5e4120606f97b60e1e,00356__salted__strict__cp200C__single.6420c49ea8ad1c5e4120606f97b60e1e,strict,200C,single,,,,"NBC, NBC, Oprah","NB‌C, NB‌C, Op‌rah"
00356.6420c49ea8ad1c5e4120606f97b60e1e,00356__salted__strict__cp200D__single.6420c49ea8ad1c5e4120606f97b60e1e,strict,200D,single,,,,"NBC, NBC, Oprah","NB‍C, NB‍C, Op‍rah"
00356.6420c49ea8ad1c5e4120606f97b60e1e,00356__salted__strict__cp00AD__single.6420c49ea8ad1c5e4120606f97b60e1e,strict,00AD,single,,,,"NBC, NBC, Oprah","NB­C, NB­C, Op­rah"
00356.ea7eb32330fa6bf65270023c0d99e2c5,00356__salted__strict__cp200B__single.ea7eb32330fa6bf65270023c0d99e2c5,strict,200B,single,,,,"SystemWorks, TOLL, mailings","Sy​stemWorks, TO​LL, ma​ilings"
00356.ea7eb32330fa6bf65270023c0d99e2c5,00356__salted__strict__cp200C__single.ea7eb32330fa6bf65270023c0d99e2c5,strict,200C,single,,,,"SystemWorks, TOLL, mailings","Sy‌stemWorks, TO‌LL, ma‌ilings"
00356.ea7eb32330fa6bf65270023c0d99e2c5,00356__salted__strict__cp200D__single.ea7eb32330fa6bf65270023c0d99e2c5,strict,200D,single,,,,"SystemWorks, TOLL, mailings","Sy‍stemWorks, TO‍LL, ma‍ilings"
00356.ea7eb32330fa6bf65270023c0d99e2c5,00356__salted__strict__cp00AD__single.ea7eb32330fa6bf65270023c0d99e2c5,strict,00AD,single,,,,"SystemWorks, TOLL, mailings","Sy­stemWorks, TO­LL, ma­ilings"
00358.2cf55d91739f3530d1f4bc8bc9bc0b12,00358__salted__strict__cp200B__single.2cf55d91739f3530d1f4bc8bc9bc0b12,strict,200B,single,,,,Deposit,De​posit
00358.2cf55d91739f3530d1f4bc8bc9bc0b12,00358__salted__strict__cp200C__single.2cf55d91739f3530d1f4bc8bc9bc0b12,strict,200C,single,,,,Deposit,De‌posit
00358.2cf55d91739f3530d1f4bc8bc9bc0b12,00358__salted__strict__cp200D__single.2cf55d91739f3530d1f4bc8bc9bc0b12,strict,200D,single,,,,Deposit,De‍posit
00358.2cf55d91739f3530d1f4bc8bc9bc0b12,00358__salted__strict__cp00AD__single.2cf55d91739f3530d1f4bc8bc9bc0b12,strict,00AD,single,,,,Deposit,De­posit
00359.4ab70de20a198b736ed01940c9745384,00359__salted__strict__cp200B__single.4ab70de20a198b736ed01940c9745384,strict,200B,single,,,,"LAGOS, ATTN, receipt","LA​GOS, AT​TN, re​ceipt"
00359.4ab70de20a198b736ed01940c9745384,00359__salted__strict__cp200C__single.4ab70de20a198b736ed01940c9745384,strict,200C,single,,,,"LAGOS, ATTN, receipt","LA‌GOS, AT‌TN, re‌ceipt"
00359.4ab70de20a198b736ed01940c9745384,00359__salted__strict__cp200D__single.4ab70de20a198b736ed01940c9745384,strict,200D,single,,,,"LAGOS, ATTN, receipt","LA‍GOS, AT‍TN, re‍ceipt"
00359.4ab70de20a198b736ed01940c9745384,00359__salted__strict__cp00AD__single.4ab70de20a198b736ed01940c9745384,strict,00AD,single,,,,"LAGOS, ATTN, receipt","LA­GOS, AT­TN, re­ceipt"
00359.90bec90ebeaf05f024f48594e7d7b0d5,00359__salted__strict__cp200B__single.90bec90ebeaf05f024f48594e7d7b0d5,strict,200B,single,,,,"confidentiality, assistance, assistance","co​nfidentiality, as​sistance, as​sistance"
00359.90bec90ebeaf05f024f48594e7d7b0d5,00359__salted__strict__cp200C__single.90bec90ebeaf05f024f48594e7d7b0d5,strict,200C,single,,,,"confidentiality, assistance, assistance","co‌nfidentiality, as‌sistance, as‌sistance"
00359.90bec90ebeaf05f024f48594e7d7b0d5,00359__salted__strict__cp200D__single.90bec90ebeaf05f024f48594e7d7b0d5,strict,200D,single,,,,"confidentiality, assistance, assistance","co‍nfidentiality, as‍sistance, as‍sistance"
00359.90bec90ebeaf05f024f48594e7d7b0d5,00359__salted__strict__cp00AD__single.90bec90ebeaf05f024f48594e7d7b0d5,strict,00AD,single,,,,"confidentiality, assistance, assistance","co­nfidentiality, as­sistance, as­sistance"
00361.e91ac048b0ede961d3f51009eee1c620,00361__salted__strict__cp200B__single.e91ac048b0ede961d3f51009eee1c620,strict,200B,single,,,,"LAGOS, ATTN, receipt","LA​GOS, AT​TN, re​ceipt"
00361.e91ac048b0ede961d3f51009eee1c620,00361__salted__strict__cp200C__single.e91ac048b0ede961d3f51009eee1c620,strict,200C,single,,,,"LAGOS, ATTN, receipt","LA‌GOS, AT‌TN, re‌ceipt"
00361.e91ac048b0ede961d3f51009eee1c620,00361__salted__strict__cp200D__single.e91ac048b0ede961d3f51009eee1c620,strict,200D,single,,,,"LAGOS, ATTN, receipt","LA‍GOS, AT‍TN, re‍ceipt"
00361.e91ac048b0ede961d3f51009eee1c620,00361__salted__strict__cp00AD__single.e91ac048b0ede961d3f51009eee1c620,strict,00AD,single,,,,"LAGOS, ATTN, receipt","LA­GOS, AT­TN, re­ceipt"
00362.be7a346be8746732d4dc27bc549d7441,00362__salted__strict__cp200B__single.be7a346be8746732d4dc27bc549d7441,strict,200B,single,,,,"ATTN, confidentiality","AT​TN, co​nfidentiality"
00362.be7a346be8746732d4dc27bc549d7441,00362__salted__strict__cp200C__single.be7a346be8746732d4dc27bc549d7441,strict,200C,single,,,,"ATTN, confidentiality","AT‌TN, co‌nfidentiality"
00362.be7a346be8746732d4dc27bc549d7441,00362__salted__strict__cp200D__single.be7a346be8746732d4dc27bc549d7441,strict,200D,single,,,,"ATTN, confidentiality","AT‍TN, co‍nfidentiality"
00362.be7a346be8746732d4dc27bc549d7441,00362__salted__strict__cp00AD__single.be7a346be8746732d4dc27bc549d7441,strict,00AD,single,,,,"ATTN, confidentiality","AT­TN, co­nfidentiality"
00363.e6935b8f87c5984a5c6f6656afa1afb4,00363__salted__strict__cp200B__single.e6935b8f87c5984a5c6f6656afa1afb4,strict,200B,single,,,,"ATTAINED, testimonials, GUARANTEED","AT​TAINED, te​stimonials, GU​ARANTEED"
00363.e6935b8f87c5984a5c6f6656afa1afb4,00363__salted__strict__cp200C__single.e6935b8f87c5984a5c6f6656afa1afb4,strict,200C,single,,,,"ATTAINED, testimonials, GUARANTEED","AT‌TAINED, te‌stimonials, GU‌ARANTEED"
00363.e6935b8f87c5984a5c6f6656afa1afb4,00363__salted__strict__cp200D__single.e6935b8f87c5984a5c6f6656afa1afb4,strict,200D,single,,,,"ATTAINED, testimonials, GUARANTEED","AT‍TAINED, te‍stimonials, GU‍ARANTEED"
00363.e6935b8f87c5984a5c6f6656afa1afb4,00363__salted__strict__cp00AD__single.e6935b8f87c5984a5c6f6656afa1afb4,strict,00AD,single,,,,"ATTAINED, testimonials, GUARANTEED","AT­TAINED, te­stimonials, GU­ARANTEED"
00365.b95733057a51e3571746739a620c0e14,00365__salted__strict__cp200B__single.b95733057a51e3571746739a620c0e14,strict,200B,single,,,,"Guaranteed, herbal","Gu​aranteed, he​rbal"
00365.b95733057a51e3571746739a620c0e14,00365__salted__strict__cp200C__single.b95733057a51e3571746739a620c0e14,strict,200C,single,,,,"Guaranteed, herbal","Gu‌aranteed, he‌rbal"
00365.b95733057a51e3571746739a620c0e14,00365__salted__strict__cp200D__single.b95733057a51e3571746739a620c0e14,strict,200D,single,,,,"Guaranteed, herbal","Gu‍aranteed, he‍rbal"
00365.b95733057a51e3571746739a620c0e14,00365__salted__strict__cp00AD__single.b95733057a51e3571746739a620c0e14,strict,00AD,single,,,,"Guaranteed, herbal","Gu­aranteed, he­rbal"
00366.d0ae92900c398d9adf1dd68d35350a21,00366__salted__strict__cp200B__single.d0ae92900c398d9adf1dd68d35350a21,strict,200B,single,,Mortgage,Mo​rtgage,,
00366.d0ae92900c398d9adf1dd68d35350a21,00366__salted__strict__cp200C__single.d0ae92900c398d9adf1dd68d35350a21,strict,200C,single,,Mortgage,Mo‌rtgage,,
00366.d0ae92900c398d9adf1dd68d35350a21,00366__salted__strict__cp200D__single.d0ae92900c398d9adf1dd68d35350a21,strict,200D,single,,Mortgage,Mo‍rtgage,,
00366.d0ae92900c398d9adf1dd68d35350a21,00366__salted__strict__cp00AD__single.d0ae92900c398d9adf1dd68d35350a21,strict,00AD,single,,Mortgage,Mo­rtgage,,
00366.f0bfcc3c84da11ae1154c6c593362f69,00366__salted__strict__cp200B__single.f0bfcc3c84da11ae1154c6c593362f69,strict,200B,single,,,,mailings,ma​ilings
00366.f0bfcc3c84da11ae1154c6c593362f69,00366__salted__strict__cp200C__single.f0bfcc3c84da11ae1154c6c593362f69,strict,200C,single,,,,mailings,ma‌ilings
00366.f0bfcc3c84da11ae1154c6c593362f69,00366__salted__strict__cp200D__single.f0bfcc3c84da11ae1154c6c593362f69,strict,200D,single,,,,mailings,ma‍ilings
00366.f0bfcc3c84da11ae1154c6c593362f69,00366__salted__strict__cp00AD__single.f0bfcc3c84da11ae1154c6c593362f69,strict,00AD,single,,,,mailings,ma­ilings
00367.9688cdee9dfe720c297672c8f60d998f,00367__salted__strict__cp200B__single.9688cdee9dfe720c297672c8f60d998f,strict,200B,single,,,,"SystemWorks, TOLL, mailings","Sy​stemWorks, TO​LL, ma​ilings"
00367.9688cdee9dfe720c297672c8f60d998f,00367__salted__strict__cp200C__single.9688cdee9dfe720c297672c8f60d998f,strict,200C,single,,,,"SystemWorks, TOLL, mailings","Sy‌stemWorks, TO‌LL, ma‌ilings"
00367.9688cdee9dfe720c297672c8f60d998f,00367__salted__strict__cp200D__single.9688cdee9dfe720c297672c8f60d998f,strict,200D,single,,,,"SystemWorks, TOLL, mailings","Sy‍stemWorks, TO‍LL, ma‍ilings"
00367.9688cdee9dfe720c297672c8f60d998f,00367__salted__strict__cp00AD__single.9688cdee9dfe720c297672c8f60d998f,strict,00AD,single,,,,"SystemWorks, TOLL, mailings","Sy­stemWorks, TO­LL, ma­ilings"
00368.2c1ab4bc7f408e0fcb22dca9b2d5a113,00368__salted__strict__cp200B__single.2c1ab4bc7f408e0fcb22dca9b2d5a113,strict,200B,single,,SYSTEMWORKS,SY​STEMWORKS,,
00368.2c1ab4bc7f408e0fcb22dca9b2d5a113,00368__salted__strict__cp200C__single.2c1ab4bc7f408e0fcb22dca9b2d5a113,strict,200C,single,,SYSTEMWORKS,SY‌STEMWORKS,,
00368.2c1ab4bc7f408e0fcb22dca9b2d5a113,00368__salted__strict__cp200D__single.2c1ab4bc7f408e0fcb22dca9b2d5a113,strict,200D,single,,SYSTEMWORKS,SY‍STEMWORKS,,
00368.2c1ab4bc7f408e0fcb22dca9b2d5a113,00368__salted__strict__cp00AD__single.2c1ab4bc7f408e0fcb22dca9b2d5a113,strict,00AD,single,,SYSTEMWORKS,SY­STEMWORKS,,
00369.845eeb9573484bd88a6a6224c7068d81,00369__salted__strict__cp200B__single.845eeb9573484bd88a6a6224c7068d81,strict,200B,single,,inkjet,in​kjet,,
00369.845eeb9573484bd88a6a6224c7068d81,00369__salted__strict__cp200C__single.845eeb9573484bd88a6a6224c7068d81,strict,200C,single,,inkjet,in‌kjet,,
00369.845eeb9573484bd88a6a6224c7068d81,00369__salted__strict__cp200D__single.845eeb9573484bd88a6a6224c7068d81,strict,200D,single,,inkjet,in‍kjet,,
00369.845eeb9573484bd88a6a6224c7068d81,00369__salted__strict__cp00AD__single.845eeb9573484bd88a6a6224c7068d81,strict,00AD,single,,inkjet,in­kjet,,
00371.3bc80f63aa7c64a56eb77fc82ce22e7f,00371__salted__strict__cp200B__single.3bc80f63aa7c64a56eb77fc82ce22e7f,strict,200B,single,,ADV,AD​V,,
00371.3bc80f63aa7c64a56eb77fc82ce22e7f,00371__salted__strict__cp200C__single.3bc80f63aa7c64a56eb77fc82ce22e7f,strict,200C,single,,ADV,AD‌V,,
00371.3bc80f63aa7c64a56eb77fc82ce22e7f,00371__salted__strict__cp200D__single.3bc80f63aa7c64a56eb77fc82ce22e7f,strict,200D,single,,ADV,AD‍V,,
00371.3bc80f63aa7c64a56eb77fc82ce22e7f,00371__salted__strict__cp00AD__single.3bc80f63aa7c64a56eb77fc82ce22e7f,strict,00AD,single,,ADV,AD­V,,
00372.4ebcb6306af1946c3ff1b2bc933e1203,00372__salted__strict__cp200B__single.4ebcb6306af1946c3ff1b2bc933e1203,strict,200B,single,,,,"earn, toll, toll","ea​rn, to​ll, to​ll"
00372.4ebcb6306af1946c3ff1b2bc933e1203,00372__salted__strict__cp200C__single.4ebcb6306af1946c3ff1b2bc933e1203,strict,200C,single,,,,"earn, toll, toll","ea‌rn, to‌ll, to‌ll"
00372.4ebcb6306af1946c3ff1b2bc933e1203,00372__salted__strict__cp200D__single.4ebcb6306af1946c3ff1b2bc933e1203,strict,200D,single,,,,"earn, toll, toll","ea‍rn, to‍ll, to‍ll"
00372.4ebcb6306af1946c3ff1b2bc933e1203,00372__salted__strict__cp00AD__single.4ebcb6306af1946c3ff1b2bc933e1203,strict,00AD,single,,,,"earn, toll, toll","ea­rn, to­ll, to­ll"
00373.a2e4ba80486fdff8084086d447e01d17,00373__salted__strict__cp200B__single.a2e4ba80486fdff8084086d447e01d17,strict,200B,single,,,,assistance,as​sistance
00373.a2e4ba80486fdff8084086d447e01d17,00373__salted__strict__cp200C__single.a2e4ba80486fdff8084086d447e01d17,strict,200C,single,,,,assistance,as‌sistance
00373.a2e4ba80486fdff8084086d447e01d17,00373__salted__strict__cp200D__single.a2e4ba80486fdff8084086d447e01d17,strict,200D,single,,,,assistance,as‍sistance
00373.a2e4ba80486fdff8084086d447e01d17,00373__salted__strict__cp00AD__single.a2e4ba80486fdff8084086d447e01d17,strict,00AD,single,,,,assistance,as­sistance
00373.ebe8670ac56b04125c25100a36ab0510,00373__salted__strict__cp200B__single.ebe8670ac56b04125c25100a36ab0510,strict,200B,single,,,,SystemWorks,Sy​stemWorks
00373.ebe8670ac56b04125c25100a36ab0510,00373__salted__strict__cp200C__single.ebe8670ac56b04125c25100a36ab0510,strict,200C,single,,,,SystemWorks,Sy‌stemWorks
00373.ebe8670ac56b04125c25100a36ab0510,00373__salted__strict__cp200D__single.ebe8670ac56b04125c25100a36ab0510,strict,200D,single,,,,SystemWorks,Sy‍stemWorks
00373.ebe8670ac56b04125c25100a36ab0510,00373__salted__strict__cp00AD__single.ebe8670ac56b04125c25100a36ab0510,strict,00AD,single,,,,SystemWorks,Sy­stemWorks
00374.8942e17f10389fe620e1e96cba52c9aa,00374__salted__strict__cp200B__single.8942e17f10389fe620e1e96cba52c9aa,strict,200B,single,,ADV,AD​V,,
00374.8942e17f10389fe620e1e96cba52c9aa,00374__salted__strict__cp200C__single.8942e17f10389fe620e1e96cba52c9aa,strict,200C,single,,ADV,AD‌V,,
00374.8942e17f10389fe620e1e96cba52c9aa,00374__salted__strict__cp200D__single.8942e17f10389fe620e1e96cba52c9aa,strict,200D,single,,ADV,AD‍V,,
00374.8942e17f10389fe620e1e96cba52c9aa,00374__salted__strict__cp00AD__single.8942e17f10389fe620e1e96cba52c9aa,strict,00AD,single,,ADV,AD­V,,
00376.8d9a34535bac5fbccdbb8ea5392c82d8,00376__salted__strict__cp200B__single.8d9a34535bac5fbccdbb8ea5392c82d8,strict,200B,single,,Refinance,Re​finance,,
00376.8d9a34535bac5fbccdbb8ea5392c82d8,00376__salted__strict__cp200C__single.8d9a34535bac5fbccdbb8ea5392c82d8,strict,200C,single,,Refinance,Re‌finance,,
00376.8d9a34535bac5fbccdbb8ea5392c82d8,00376__salted__strict__cp200D__single.8d9a34535bac5fbccdbb8ea5392c82d8,strict,200D,single,,Refinance,Re‍finance,,
00376.8d9a34535bac5fbccdbb8ea5392c82d8,00376__salted__strict__cp00AD__single.8d9a34535bac5fbccdbb8ea5392c82d8,strict,00AD,single,,Refinance,Re­finance,,
00376.f4ed5f002f9b6b320a67f1da9cacbe72,00376__salted__strict__cp200B__single.f4ed5f002f9b6b320a67f1da9cacbe72,strict,200B,single,,Hgh,Hg​h,,
00376.f4ed5f002f9b6b320a67f1da9cacbe72,00376__salted__strict__cp200C__single.f4ed5f002f9b6b320a67f1da9cacbe72,strict,200C,single,,Hgh,Hg‌h,,
00376.f4ed5f002f9b6b320a67f1da9cacbe72,00376__salted__strict__cp200D__single.f4ed5f002f9b6b320a67f1da9cacbe72,strict,200D,single,,Hgh,Hg‍h,,
00376.f4ed5f002f9b6b320a67f1da9cacbe72,00376__salted__strict__cp00AD__single.f4ed5f002f9b6b320a67f1da9cacbe72,strict,00AD,single,,Hgh,Hg­h,,
00377.e30c013b7392bf14f132258aa82b1b25,00377__salted__strict__cp200B__single.e30c013b7392bf14f132258aa82b1b25,strict,200B,single,,,,"SystemWorks, TOLL, mailings","Sy​stemWorks, TO​LL, ma​ilings"
00377.e30c013b7392bf14f132258aa82b1b25,00377__salted__strict__cp200C__single.e30c013b7392bf14f132258aa82b1b25,strict,200C,single,,,,"SystemWorks, TOLL, mailings","Sy‌stemWorks, TO‌LL, ma‌ilings"
00377.e30c013b7392bf14f132258aa82b1b25,00377__salted__strict__cp200D__single.e30c013b7392bf14f132258aa82b1b25,strict,200D,single,,,,"SystemWorks, TOLL, mailings","Sy‍stemWorks, TO‍LL, ma‍ilings"
00377.e30c013b7392bf14f132258aa82b1b25,00377__salted__strict__cp00AD__single.e30c013b7392bf14f132258aa82b1b25,strict,00AD,single,,,,"SystemWorks, TOLL, mailings","Sy­stemWorks, TO­LL, ma­ilings"
00379.f04dedf09dce65a80fbe1fd831abefd0,00379__salted__strict__cp200B__single.f04dedf09dce65a80fbe1fd831abefd0,strict,200B,single,,,,Loans,Lo​ans
00379.f04dedf09dce65a80fbe1fd831abefd0,00379__salted__strict__cp200C__single.f04dedf09dce65a80fbe1fd831abefd0,strict,200C,single,,,,Loans,Lo‌ans
00379.f04dedf09dce65a80fbe1fd831abefd0,00379__salted__strict__cp200D__single.f04dedf09dce65a80fbe1fd831abefd0,strict,200D,single,,,,Loans,Lo‍ans
00379.f04dedf09dce65a80fbe1fd831abefd0,00379__salted__strict__cp00AD__single.f04dedf09dce65a80fbe1fd831abefd0,strict,00AD,single,,,,Loans,Lo­ans
00380.717154ebf88ae594956736cc50bdeaf4,00380__salted__strict__cp200B__single.717154ebf88ae594956736cc50bdeaf4,strict,200B,single,,Commissions,Co​mmissions,,
00380.717154ebf88ae594956736cc50bdeaf4,00380__salted__strict__cp200C__single.717154ebf88ae594956736cc50bdeaf4,strict,200C,single,,Commissions,Co‌mmissions,,
00380.717154ebf88ae594956736cc50bdeaf4,00380__salted__strict__cp200D__single.717154ebf88ae594956736cc50bdeaf4,strict,200D,single,,Commissions,Co‍mmissions,,
00380.717154ebf88ae594956736cc50bdeaf4,00380__salted__strict__cp00AD__single.717154ebf88ae594956736cc50bdeaf4,strict,00AD,single,,Commissions,Co­mmissions,,
00381.7d436777379ad18167e4614190b206cf,00381__salted__strict__cp200B__single.7d436777379ad18167e4614190b206cf,strict,200B,single,,,,"MLM, guaranteed","ML​M, gu​aranteed"
00381.7d436777379ad18167e4614190b206cf,00381__salted__strict__cp200C__single.7d436777379ad18167e4614190b206cf,strict,200C,single,,,,"MLM, guaranteed","ML‌M, gu‌aranteed"
00381.7d436777379ad18167e4614190b206cf,00381__salted__strict__cp200D__single.7d436777379ad18167e4614190b206cf,strict,200D,single,,,,"MLM, guaranteed","ML‍M, gu‍aranteed"
00381.7d436777379ad18167e4614190b206cf,00381__salted__strict__cp00AD__single.7d436777379ad18167e4614190b206cf,strict,00AD,single,,,,"MLM, guaranteed","ML­M, gu­aranteed"
00382.98464d934c8402ef42e6dbdb07b18a65,00382__salted__strict__cp200B__single.98464d934c8402ef42e6dbdb07b18a65,strict,200B,single,,,,"SystemWorks, TOLL, mailings","Sy​stemWorks, TO​LL, ma​ilings"
00382.98464d934c8402ef42e6dbdb07b18a65,00382__salted__strict__cp200C__single.98464d934c8402ef42e6dbdb07b18a65,strict,200C,single,,,,"SystemWorks, TOLL, mailings","Sy‌stemWorks, TO‌LL, ma‌ilings"
00382.98464d934c8402ef42e6dbdb07b18a65,00382__salted__strict__cp200D__single.98464d934c8402ef42e6dbdb07b18a65,strict,200D,single,,,,"SystemWorks, TOLL, mailings","Sy‍stemWorks, TO‍LL, ma‍ilings"
00382.98464d934c8402ef42e6dbdb07b18a65,00382__salted__strict__cp00AD__single.98464d934c8402ef42e6dbdb07b18a65,strict,00AD,single,,,,"SystemWorks, TOLL, mailings","Sy­stemWorks, TO­LL, ma­ilings"
00383.14f8e467cb84b977c33f422d7d1691e6,00383__salted__strict__cp200B__single.14f8e467cb84b977c33f422d7d1691e6,strict,200B,single,,mortgage,mo​rtgage,"refinance, mortgage, refinance","re​finance, mo​rtgage, re​finance"
00383.14f8e467cb84b977c33f422d7d1691e6,00383__salted__strict__cp200C__single.14f8e467cb84b977c33f422d7d1691e6,strict,200C,single,,mortgage,mo‌rtgage,"refinance, mortgage, refinance","re‌finance, mo‌rtgage, re‌finance"
00383.14f8e467cb84b977c33f422d7d1691e6,00383__salted__strict__cp200D__single.14f8e467cb84b977c33f422d7d1691e6,strict,200D,single,,mortgage,mo‍rtgage,"refinance, mortgage, refinance","re‍finance, mo‍rtgage, re‍finance"
00383.14f8e467cb84b977c33f422d7d1691e6,00383__salted__strict__cp00AD__single.14f8e467cb84b977c33f422d7d1691e6,strict,00AD,single,,mortgage,mo­rtgage,"refinance, mortgage, refinance","re­finance, mo­rtgage, re­finance"
00384.2054d62f06fd10e4018a43e156b32acf,00384__salted__strict__cp200B__single.2054d62f06fd10e4018a43e156b32acf,strict,200B,single,,Guaranteed,Gu​aranteed,"annuity, annuity, Guaranteed","an​nuity, an​nuity, Gu​aranteed"
00384.2054d62f06fd10e4018a43e156b32acf,00384__salted__strict__cp200C__single.2054d62f06fd10e4018a43e156b32acf,strict,200C,single,,Guaranteed,Gu‌aranteed,"annuity, annuity, Guaranteed","an‌nuity, an‌nuity, Gu‌aranteed"
00384.2054d62f06fd10e4018a43e156b32acf,00384__salted__strict__cp200D__single.2054d62f06fd10e4018a43e156b32acf,strict,200D,single,,Guaranteed,Gu‍aranteed,"annuity, annuity, Guaranteed","an‍nuity, an‍nuity, Gu‍aranteed"
00384.2054d62f06fd10e4018a43e156b32acf,00384__salted__strict__cp00AD__single.2054d62f06fd10e4018a43e156b32acf,strict,00AD,single,,Guaranteed,Gu­aranteed,"annuity, annuity, Guaranteed","an­nuity, an­nuity, Gu­aranteed"
00385.2017c0f15243b44ef7d52ca0a5f1ecaa,00385__salted__strict__cp200B__single.2017c0f15243b44ef7d52ca0a5f1ecaa,strict,200B,single,,,,"NBC, CBS, Oprah","NB​C, CB​S, Op​rah"
00385.2017c0f15243b44ef7d52ca0a5f1ecaa,00385__salted__strict__cp200C__single.2017c0f15243b44ef7d52ca0a5f1ecaa,strict,200C,single,,,,"NBC, CBS, Oprah","NB‌C, CB‌S, Op‌rah"
00385.2017c0f15243b44ef7d52ca0a5f1ecaa,00385__salted__strict__cp200D__single.2017c0f15243b44ef7d52ca0a5f1ecaa,strict,200D,single,,,,"NBC, CBS, Oprah","NB‍C, CB‍S, Op‍rah"
00385.2017c0f15243b44ef7d52ca0a5f1ecaa,00385__salted__strict__cp00AD__single.2017c0f15243b44ef7d52ca0a5f1ecaa,strict,00AD,single,,,,"NBC, CBS, Oprah","NB­C, CB­S, Op­rah"
00386.6074f269f0bd1aec1546f9e654e8fcfe,00386__salted__strict__cp200B__single.6074f269f0bd1aec1546f9e654e8fcfe,strict,200B,single,,,,earn,ea​rn
00386.6074f269f0bd1aec1546f9e654e8fcfe,00386__salted__strict__cp200C__single.6074f269f0bd1aec1546f9e654e8fcfe,strict,200C,single,,,,earn,ea‌rn
00386.6074f269f0bd1aec1546f9e654e8fcfe,00386__salted__strict__cp200D__single.6074f269f0bd1aec1546f9e654e8fcfe,strict,200D,single,,,,earn,ea‍rn
00386.6074f269f0bd1aec1546f9e654e8fcfe,00386__salted__strict__cp00AD__single.6074f269f0bd1aec1546f9e654e8fcfe,strict,00AD,single,,,,earn,ea­rn
00388.a884c42d4423d7e4718db0145b3b9d9b,00388__salted__strict__cp200B__single.a884c42d4423d7e4718db0145b3b9d9b,strict,200B,single,,,,GUARANTEED,GU​ARANTEED
00388.a884c42d4423d7e4718db0145b3b9d9b,00388__salted__strict__cp200C__single.a884c42d4423d7e4718db0145b3b9d9b,strict,200C,single,,,,GUARANTEED,GU‌ARANTEED
00388.a884c42d4423d7e4718db0145b3b9d9b,00388__salted__strict__cp200D__single.a884c42d4423d7e4718db0145b3b9d9b,strict,200D,single,,,,GUARANTEED,GU‍ARANTEED
00388.a884c42d4423d7e4718db0145b3b9d9b,00388__salted__strict__cp00AD__single.a884c42d4423d7e4718db0145b3b9d9b,strict,00AD,single,,,,GUARANTEED,GU­ARANTEED
00389.6222f886a2658f890c49f1853beea193,00389__salted__strict__cp200B__single.6222f886a2658f890c49f1853beea193,strict,200B,single,,,,"USD, deposit, assistance","US​D, de​posit, as​sistance"
00389.6222f886a2658f890c49f1853beea193,00389__salted__strict__cp200C__single.6222f886a2658f890c49f1853beea193,strict,200C,single,,,,"USD, deposit, assistance","US‌D, de‌posit, as‌sistance"
00389.6222f886a2658f890c49f1853beea193,00389__salted__strict__cp200D__single.6222f886a2658f890c49f1853beea193,strict,200D,single,,,,"USD, deposit, assistance","US‍D, de‍posit, as‍sistance"
00389.6222f886a2658f890c49f1853beea193,00389__salted__strict__cp00AD__single.6222f886a2658f890c49f1853beea193,strict,00AD,single,,,,"USD, deposit, assistance","US­D, de­posit, as­sistance"
00389.a4504d4c023b095c4907db14c65ea28f,00389__salted__strict__cp200B__single.a4504d4c023b095c4907db14c65ea28f,strict,200B,single,,ADV,AD​V,,
00389.a4504d4c023b095c4907db14c65ea28f,00389__salted__strict__cp200C__single.a4504d4c023b095c4907db14c65ea28f,strict,200C,single,,ADV,AD‌V,,
00389.a4504d4c023b095c4907db14c65ea28f,00389__salted__strict__cp200D__single.a4504d4c023b095c4907db14c65ea28f,strict,200D,single,,ADV,AD‍V,,
00389.a4504d4c023b095c4907db14c65ea28f,00389__salted__strict__cp00AD__single.a4504d4c023b095c4907db14c65ea28f,strict,00AD,single,,ADV,AD­V,,
00390.ce19abc8034db9e6b435d494a91db87a,00390__salted__strict__cp200B__single.ce19abc8034db9e6b435d494a91db87a,strict,200B,single,,,,"USD, deposit, assistance","US​D, de​posit, as​sistance"
00390.ce19abc8034db9e6b435d494a91db87a,00390__salted__strict__cp200C__single.ce19abc8034db9e6b435d494a91db87a,strict,200C,single,,,,"USD, deposit, assistance","US‌D, de‌posit, as‌sistance"
00390.ce19abc8034db9e6b435d494a91db87a,00390__salted__strict__cp200D__single.ce19abc8034db9e6b435d494a91db87a,strict,200D,single,,,,"USD, deposit, assistance","US‍D, de‍posit, as‍sistance"
00390.ce19abc8034db9e6b435d494a91db87a,00390__salted__strict__cp00AD__single.ce19abc8034db9e6b435d494a91db87a,strict,00AD,single,,,,"USD, deposit, assistance","US­D, de­posit, as­sistance"
00393.13d4d84cb98ea19954f895c629520bf8,00393__salted__strict__cp200B__single.13d4d84cb98ea19954f895c629520bf8,strict,200B,single,,,,"btamail, btamail","bt​amail, bt​amail"
00393.13d4d84cb98ea19954f895c629520bf8,00393__salted__strict__cp200C__single.13d4d84cb98ea19954f895c629520bf8,strict,200C,single,,,,"btamail, btamail","bt‌amail, bt‌amail"
00393.13d4d84cb98ea19954f895c629520bf8,00393__salted__strict__cp200D__single.13d4d84cb98ea19954f895c629520bf8,strict,200D,single,,,,"btamail, btamail","bt‍amail, bt‍amail"
00393.13d4d84cb98ea19954f895c629520bf8,00393__salted__strict__cp00AD__single.13d4d84cb98ea19954f895c629520bf8,strict,00AD,single,,,,"btamail, btamail","bt­amail, bt­amail"
00393.85c9cd10122736d443e69db6fce3ad3f,00393__salted__strict__cp200B__single.85c9cd10122736d443e69db6fce3ad3f,strict,200B,single,,ADV,AD​V,,
00393.85c9cd10122736d443e69db6fce3ad3f,00393__salted__strict__cp200C__single.85c9cd10122736d443e69db6fce3ad3f,strict,200C,single,,ADV,AD‌V,,
00393.85c9cd10122736d443e69db6fce3ad3f,00393__salted__strict__cp200D__single.85c9cd10122736d443e69db6fce3ad3f,strict,200D,single,,ADV,AD‍V,,
00393.85c9cd10122736d443e69db6fce3ad3f,00393__salted__strict__cp00AD__single.85c9cd10122736d443e69db6fce3ad3f,strict,00AD,single,,ADV,AD­V,,
00394.0e95ef1fe71d6bbf6867df86c862d15a,00394__salted__strict__cp200B__single.0e95ef1fe71d6bbf6867df86c862d15a,strict,200B,single,,ADV,AD​V,,
00394.0e95ef1fe71d6bbf6867df86c862d15a,00394__salted__strict__cp200C__single.0e95ef1fe71d6bbf6867df86c862d15a,strict,200C,single,,ADV,AD‌V,,
00394.0e95ef1fe71d6bbf6867df86c862d15a,00394__salted__strict__cp200D__single.0e95ef1fe71d6bbf6867df86c862d15a,strict,200D,single,,ADV,AD‍V,,
00394.0e95ef1fe71d6bbf6867df86c862d15a,00394__salted__strict__cp00AD__single.0e95ef1fe71d6bbf6867df86c862d15a,strict,00AD,single,,ADV,AD­V,,
00395.74aee42fac915ca758047506ec59a21f,00395__salted__strict__cp200B__single.74aee42fac915ca758047506ec59a21f,strict,200B,single,,ADV,AD​V,,
00395.74aee42fac915ca758047506ec59a21f,00395__salted__strict__cp200C__single.74aee42fac915ca758047506ec59a21f,strict,200C,single,,ADV,AD‌V,,
00395.74aee42fac915ca758047506ec59a21f,00395__salted__strict__cp200D__single.74aee42fac915ca758047506ec59a21f,strict,200D,single,,ADV,AD‍V,,
00395.74aee42fac915ca758047506ec59a21f,00395__salted__strict__cp00AD__single.74aee42fac915ca758047506ec59a21f,strict,00AD,single,,ADV,AD­V,,
00395.f9df5b3574ef5ba6143c08a1fa301886,00395__salted__strict__cp200B__single.f9df5b3574ef5ba6143c08a1fa301886,strict,200B,single,,Adv,Ad​v,,
00395.f9df5b3574ef5ba6143c08a1fa301886,00395__salted__strict__cp200C__single.f9df5b3574ef5ba6143c08a1fa301886,strict,200C,single,,Adv,Ad‌v,,
00395.f9df5b3574ef5ba6143c08a1fa301886,00395__salted__strict__cp200D__single.f9df5b3574ef5ba6143c08a1fa301886,strict,200D,single,,Adv,Ad‍v,,
00395.f9df5b3574ef5ba6143c08a1fa301886,00395__salted__strict__cp00AD__single.f9df5b3574ef5ba6143c08a1fa301886,strict,00AD,single,,Adv,Ad­v,,
00396.bb9671c94f0061c7f2a74cde8a507c1f,00396__salted__strict__cp200B__single.bb9671c94f0061c7f2a74cde8a507c1f,strict,200B,single,,,,"Annuity, mailings","An​nuity, ma​ilings"
00396.bb9671c94f0061c7f2a74cde8a507c1f,00396__salted__strict__cp200C__single.bb9671c94f0061c7f2a74cde8a507c1f,strict,200C,single,,,,"Annuity, mailings","An‌nuity, ma‌ilings"
00396.bb9671c94f0061c7f2a74cde8a507c1f,00396__salted__strict__cp200D__single.bb9671c94f0061c7f2a74cde8a507c1f,strict,200D,single,,,,"Annuity, mailings","An‍nuity, ma‍ilings"
00396.bb9671c94f0061c7f2a74cde8a507c1f,00396__salted__strict__cp00AD__single.bb9671c94f0061c7f2a74cde8a507c1f,strict,00AD,single,,,,"Annuity, mailings","An­nuity, ma­ilings"
00398.64f68a9650595170b0e10cc493020a0a,00398__salted__strict__cp200B__single.64f68a9650595170b0e10cc493020a0a,strict,200B,single,,,,mailings,ma​ilings
00398.64f68a9650595170b0e10cc493020a0a,00398__salted__strict__cp200C__single.64f68a9650595170b0e10cc493020a0a,strict,200C,single,,,,mailings,ma‌ilings
00398.64f68a9650595170b0e10cc493020a0a,00398__salted__strict__cp200D__single.64f68a9650595170b0e10cc493020a0a,strict,200D,single,,,,mailings,ma‍ilings
00398.64f68a9650595170b0e10cc493020a0a,00398__salted__strict__cp00AD__single.64f68a9650595170b0e10cc493020a0a,strict,00AD,single,,,,mailings,ma­ilings
00399.cd1239166aa4d43f7c3127c3b48b3f18,00399__salted__strict__cp200B__single.cd1239166aa4d43f7c3127c3b48b3f18,strict,200B,single,,,,"earn, commissions, Earn","ea​rn, co​mmissions, Ea​rn"
00399.cd1239166aa4d43f7c3127c3b48b3f18,00399__salted__strict__cp200C__single.cd1239166aa4d43f7c3127c3b48b3f18,strict,200C,single,,,,"earn, commissions, Earn","ea‌rn, co‌mmissions, Ea‌rn"
00399.cd1239166aa4d43f7c3127c3b48b3f18,00399__salted__strict__cp200D__single.cd1239166aa4d43f7c3127c3b48b3f18,strict,200D,single,,,,"earn, commissions, Earn","ea‍rn, co‍mmissions, Ea‍rn"
00399.cd1239166aa4d43f7c3127c3b48b3f18,00399__salted__strict__cp00AD__single.cd1239166aa4d43f7c3127c3b48b3f18,strict,00AD,single,,,,"earn, commissions, Earn","ea­rn, co­mmissions, Ea­rn"
00402.9fd8762dd436ec868d4c22a17d8ccc3d,00402__salted__strict__cp200B__single.9fd8762dd436ec868d4c22a17d8ccc3d,strict,200B,single,,SYSTEMWORKS,SY​STEMWORKS,,
00402.9fd8762dd436ec868d4c22a17d8ccc3d,00402__salted__strict__cp200C__single.9fd8762dd436ec868d4c22a17d8ccc3d,strict,200C,single,,SYSTEMWORKS,SY‌STEMWORKS,,
00402.9fd8762dd436ec868d4c22a17d8ccc3d,00402__salted__strict__cp200D__single.9fd8762dd436ec868d4c22a17d8ccc3d,strict,200D,single,,SYSTEMWORKS,SY‍STEMWORKS,,
00402.9fd8762dd436ec868d4c22a17d8ccc3d,00402__salted__strict__cp00AD__single.9fd8762dd436ec868d4c22a17d8ccc3d,strict,00AD,single,,SYSTEMWORKS,SY­STEMWORKS,,
00403.46d0face754b6bb7dce8b3ea560f75fb,00403__salted__strict__cp200B__single.46d0face754b6bb7dce8b3ea560f75fb,strict,200B,single,,,,"assistance, confidentiality","as​sistance, co​nfidentiality"
00403.46d0face754b6bb7dce8b3ea560f75fb,00403__salted__strict__cp200C__single.46d0face754b6bb7dce8b3ea560f75fb,strict,200C,single,,,,"assistance, confidentiality","as‌sistance, co‌nfidentiality"
00403.46d0face754b6bb7dce8b3ea560f75fb,00403__salted__strict__cp200D__single.46d0face754b6bb7dce8b3ea560f75fb,strict,200D,single,,,,"assistance, confidentiality","as‍sistance, co‍nfidentiality"
00403.46d0face754b6bb7dce8b3ea560f75fb,00403__salted__strict__cp00AD__single.46d0face754b6bb7dce8b3ea560f75fb,strict,00AD,single,,,,"assistance, confidentiality","as­sistance, co­nfidentiality"
00403.90a79abcb32065d5381a74a84da2e6bd,00403__salted__strict__cp200B__single.90a79abcb32065d5381a74a84da2e6bd,strict,200B,single,,,,"ATTAINED, GUARANTEED, MLM","AT​TAINED, GU​ARANTEED, ML​M"
00403.90a79abcb32065d5381a74a84da2e6bd,00403__salted__strict__cp200C__single.90a79abcb32065d5381a74a84da2e6bd,strict,200C,single,,,,"ATTAINED, GUARANTEED, MLM","AT‌TAINED, GU‌ARANTEED, ML‌M"
00403.90a79abcb32065d5381a74a84da2e6bd,00403__salted__strict__cp200D__single.90a79abcb32065d5381a74a84da2e6bd,strict,200D,single,,,,"ATTAINED, GUARANTEED, MLM","AT‍TAINED, GU‍ARANTEED, ML‍M"
00403.90a79abcb32065d5381a74a84da2e6bd,00403__salted__strict__cp00AD__single.90a79abcb32065d5381a74a84da2e6bd,strict,00AD,single,,,,"ATTAINED, GUARANTEED, MLM","AT­TAINED, GU­ARANTEED, ML­M"
00404.deea51c7b46665faf98fe6c5b5f88810,00404__salted__strict__cp200B__single.deea51c7b46665faf98fe6c5b5f88810,strict,200B,single,,,,"USD, USD, USD","US​D, US​D, US​D"
00404.deea51c7b46665faf98fe6c5b5f88810,00404__salted__strict__cp200C__single.deea51c7b46665faf98fe6c5b5f88810,strict,200C,single,,,,"USD, USD, USD","US‌D, US‌D, US‌D"
00404.deea51c7b46665faf98fe6c5b5f88810,00404__salted__strict__cp200D__single.deea51c7b46665faf98fe6c5b5f88810,strict,200D,single,,,,"USD, USD, USD","US‍D, US‍D, US‍D"
00404.deea51c7b46665faf98fe6c5b5f88810,00404__salted__strict__cp00AD__single.deea51c7b46665faf98fe6c5b5f88810,strict,00AD,single,,,,"USD, USD, USD","US­D, US­D, US­D"
00409.e59f63e813b6766a9a4ddf0790634ca3,00409__salted__strict__cp200B__single.e59f63e813b6766a9a4ddf0790634ca3,strict,200B,single,,,,"guaranteed, Payable, btamail","gu​aranteed, Pa​yable, bt​amail"
00409.e59f63e813b6766a9a4ddf0790634ca3,00409__salted__strict__cp200C__single.e59f63e813b6766a9a4ddf0790634ca3,strict,200C,single,,,,"guaranteed, Payable, btamail","gu‌aranteed, Pa‌yable, bt‌amail"
00409.e59f63e813b6766a9a4ddf0790634ca3,00409__salted__strict__cp200D__single.e59f63e813b6766a9a4ddf0790634ca3,strict,200D,single,,,,"guaranteed, Payable, btamail","gu‍aranteed, Pa‍yable, bt‍amail"
00409.e59f63e813b6766a9a4ddf0790634ca3,00409__salted__strict__cp00AD__single.e59f63e813b6766a9a4ddf0790634ca3,strict,00AD,single,,,,"guaranteed, Payable, btamail","gu­aranteed, Pa­yable, bt­amail"
00411.fae7b15cc1f966d92c2cedc872893268,00411__salted__strict__cp200B__single.fae7b15cc1f966d92c2cedc872893268,strict,200B,single,,,,"USD, USD, GUARANTEED","US​D, US​D, GU​ARANTEED"
00411.fae7b15cc1f966d92c2cedc872893268,00411__salted__strict__cp200C__single.fae7b15cc1f966d92c2cedc872893268,strict,200C,single,,,,"USD, USD, GUARANTEED","US‌D, US‌D, GU‌ARANTEED"
00411.fae7b15cc1f966d92c2cedc872893268,00411__salted__strict__cp200D__single.fae7b15cc1f966d92c2cedc872893268,strict,200D,single,,,,"USD, USD, GUARANTEED","US‍D, US‍D, GU‍ARANTEED"
00411.fae7b15cc1f966d92c2cedc872893268,00411__salted__strict__cp00AD__single.fae7b15cc1f966d92c2cedc872893268,strict,00AD,single,,,,"USD, USD, GUARANTEED","US­D, US­D, GU­ARANTEED"
00415.4af357c0282481dba8f1765f0bf09c09,00415__salted__strict__cp200B__single.4af357c0282481dba8f1765f0bf09c09,strict,200B,single,,,,Annuity,An​nuity
00415.4af357c0282481dba8f1765f0bf09c09,00415__salted__strict__cp200C__single.4af357c0282481dba8f1765f0bf09c09,strict,200C,single,,,,Annuity,An‌nuity
00415.4af357c0282481dba8f1765f0bf09c09,00415__salted__strict__cp200D__single.4af357c0282481dba8f1765f0bf09c09,strict,200D,single,,,,Annuity,An‍nuity
00415.4af357c0282481dba8f1765f0bf09c09,00415__salted__strict__cp00AD__single.4af357c0282481dba8f1765f0bf09c09,strict,00AD,single,,,,Annuity,An­nuity
00415.6faccf48ec514344fc850e8b3c154528,00415__salted__strict__cp200B__single.6faccf48ec514344fc850e8b3c154528,strict,200B,single,,,,"Earn, earn, earn","Ea​rn, ea​rn, ea​rn"
00415.6faccf48ec514344fc850e8b3c154528,00415__salted__strict__cp200C__single.6faccf48ec514344fc850e8b3c154528,strict,200C,single,,,,"Earn, earn, earn","Ea‌rn, ea‌rn, ea‌rn"
00415.6faccf48ec514344fc850e8b3c154528,00415__salted__strict__cp200D__single.6faccf48ec514344fc850e8b3c154528,strict,200D,single,,,,"Earn, earn, earn","Ea‍rn, ea‍rn, ea‍rn"
00415.6faccf48ec514344fc850e8b3c154528,00415__salted__strict__cp00AD__single.6faccf48ec514344fc850e8b3c154528,strict,00AD,single,,,,"Earn, earn, earn","Ea­rn, ea­rn, ea­rn"
00416.7fa9ccac275fe2d97517554ecde57fbe,00416__salted__strict__cp200B__single.7fa9ccac275fe2d97517554ecde57fbe,strict,200B,single,,,,"promotional, mailings","pr​omotional, ma​ilings"
00416.7fa9ccac275fe2d97517554ecde57fbe,00416__salted__strict__cp200C__single.7fa9ccac275fe2d97517554ecde57fbe,strict,200C,single,,,,"promotional, mailings","pr‌omotional, ma‌ilings"
00416.7fa9ccac275fe2d97517554ecde57fbe,00416__salted__strict__cp200D__single.7fa9ccac275fe2d97517554ecde57fbe,strict,200D,single,,,,"promotional, mailings","pr‍omotional, ma‍ilings"
00416.7fa9ccac275fe2d97517554ecde57fbe,00416__salted__strict__cp00AD__single.7fa9ccac275fe2d97517554ecde57fbe,strict,00AD,single,,,,"promotional, mailings","pr­omotional, ma­ilings"
00416.bff1badad869f205fdb54f311f060734,00416__salted__strict__cp200B__single.bff1badad869f205fdb54f311f060734,strict,200B,single,,Guaranteed,Gu​aranteed,,
00416.bff1badad869f205fdb54f311f060734,00416__salted__strict__cp200C__single.bff1badad869f205fdb54f311f060734,strict,200C,single,,Guaranteed,Gu‌aranteed,,
00416.bff1badad869f205fdb54f311f060734,00416__salted__strict__cp200D__single.bff1badad869f205fdb54f311f060734,strict,200D,single,,Guaranteed,Gu‍aranteed,,
00416.bff1badad869f205fdb54f311f060734,00416__salted__strict__cp00AD__single.bff1badad869f205fdb54f311f060734,strict,00AD,single,,Guaranteed,Gu­aranteed,,
00417.715ee099f76e69edbeb5604a82a532b4,00417__salted__strict__cp200B__single.715ee099f76e69edbeb5604a82a532b4,strict,200B,single,,,,"OPRAH, testimonials, TESTIMONIALS","OP​RAH, te​stimonials, TE​STIMONIALS"
00417.715ee099f76e69edbeb5604a82a532b4,00417__salted__strict__cp200C__single.715ee099f76e69edbeb5604a82a532b4,strict,200C,single,,,,"OPRAH, testimonials, TESTIMONIALS","OP‌RAH, te‌stimonials, TE‌STIMONIALS"
00417.715ee099f76e69edbeb5604a82a532b4,00417__salted__strict__cp200D__single.715ee099f76e69edbeb5604a82a532b4,strict,200D,single,,,,"OPRAH, testimonials, TESTIMONIALS","OP‍RAH, te‍stimonials, TE‍STIMONIALS"
00417.715ee099f76e69edbeb5604a82a532b4,00417__salted__strict__cp00AD__single.715ee099f76e69edbeb5604a82a532b4,strict,00AD,single,,,,"OPRAH, testimonials, TESTIMONIALS","OP­RAH, te­stimonials, TE­STIMONIALS"
00417.7b196fd20fd308e0afa9032ccb02474b,00417__salted__strict__cp200B__single.7b196fd20fd308e0afa9032ccb02474b,strict,200B,single,,Adv,Ad​v,,
00417.7b196fd20fd308e0afa9032ccb02474b,00417__salted__strict__cp200C__single.7b196fd20fd308e0afa9032ccb02474b,strict,200C,single,,Adv,Ad‌v,,
00417.7b196fd20fd308e0afa9032ccb02474b,00417__salted__strict__cp200D__single.7b196fd20fd308e0afa9032ccb02474b,strict,200D,single,,Adv,Ad‍v,,
00417.7b196fd20fd308e0afa9032ccb02474b,00417__salted__strict__cp00AD__single.7b196fd20fd308e0afa9032ccb02474b,strict,00AD,single,,Adv,Ad­v,,
00420.e208f7d65551c01efaa3b4ee4bc4df3c,00420__salted__strict__cp200B__single.e208f7d65551c01efaa3b4ee4bc4df3c,strict,200B,single,,,,"promotional, mailings","pr​omotional, ma​ilings"
00420.e208f7d65551c01efaa3b4ee4bc4df3c,00420__salted__strict__cp200C__single.e208f7d65551c01efaa3b4ee4bc4df3c,strict,200C,single,,,,"promotional, mailings","pr‌omotional, ma‌ilings"
00420.e208f7d65551c01efaa3b4ee4bc4df3c,00420__salted__strict__cp200D__single.e208f7d65551c01efaa3b4ee4bc4df3c,strict,200D,single,,,,"promotional, mailings","pr‍omotional, ma‍ilings"
00420.e208f7d65551c01efaa3b4ee4bc4df3c,00420__salted__strict__cp00AD__single.e208f7d65551c01efaa3b4ee4bc4df3c,strict,00AD,single,,,,"promotional, mailings","pr­omotional, ma­ilings"
00422.7d5baf3fe64de8647b41aeb820ada876,00422__salted__strict__cp200B__single.7d5baf3fe64de8647b41aeb820ada876,strict,200B,single,,Earn,Ea​rn,"ATTAINED, testimonials, GUARANTEED","AT​TAINED, te​stimonials, GU​ARANTEED"
00422.7d5baf3fe64de8647b41aeb820ada876,00422__salted__strict__cp200C__single.7d5baf3fe64de8647b41aeb820ada876,strict,200C,single,,Earn,Ea‌rn,"ATTAINED, testimonials, GUARANTEED","AT‌TAINED, te‌stimonials, GU‌ARANTEED"
00422.7d5baf3fe64de8647b41aeb820ada876,00422__salted__strict__cp200D__single.7d5baf3fe64de8647b41aeb820ada876,strict,200D,single,,Earn,Ea‍rn,"ATTAINED, testimonials, GUARANTEED","AT‍TAINED, te‍stimonials, GU‍ARANTEED"
00422.7d5baf3fe64de8647b41aeb820ada876,00422__salted__strict__cp00AD__single.7d5baf3fe64de8647b41aeb820ada876,strict,00AD,single,,Earn,Ea­rn,"ATTAINED, testimonials, GUARANTEED","AT­TAINED, te­stimonials, GU­ARANTEED"
00422.bdbc5ccdcc5058dcb4808fbdbaceffeb,00422__salted__strict__cp200B__single.bdbc5ccdcc5058dcb4808fbdbaceffeb,strict,200B,single,,,,"NBC, CBS, Oprah","NB​C, CB​S, Op​rah"
00422.bdbc5ccdcc5058dcb4808fbdbaceffeb,00422__salted__strict__cp200C__single.bdbc5ccdcc5058dcb4808fbdbaceffeb,strict,200C,single,,,,"NBC, CBS, Oprah","NB‌C, CB‌S, Op‌rah"
00422.bdbc5ccdcc5058dcb4808fbdbaceffeb,00422__salted__strict__cp200D__single.bdbc5ccdcc5058dcb4808fbdbaceffeb,strict,200D,single,,,,"NBC, CBS, Oprah","NB‍C, CB‍S, Op‍rah"
00422.bdbc5ccdcc5058dcb4808fbdbaceffeb,00422__salted__strict__cp00AD__single.bdbc5ccdcc5058dcb4808fbdbaceffeb,strict,00AD,single,,,,"NBC, CBS, Oprah","NB­C, CB­S, Op­rah"
00423.bee32224fd8c9c8c06e2099d9c2adccd,00423__salted__strict__cp200B__single.bee32224fd8c9c8c06e2099d9c2adccd,strict,200B,single,,Earn,Ea​rn,"ATTAINED, testimonials, GUARANTEED","AT​TAINED, te​stimonials, GU​ARANTEED"
00423.bee32224fd8c9c8c06e2099d9c2adccd,00423__salted__strict__cp200C__single.bee32224fd8c9c8c06e2099d9c2adccd,strict,200C,single,,Earn,Ea‌rn,"ATTAINED, testimonials, GUARANTEED","AT‌TAINED, te‌stimonials, GU‌ARANTEED"
00423.bee32224fd8c9c8c06e2099d9c2adccd,00423__salted__strict__cp200D__single.bee32224fd8c9c8c06e2099d9c2adccd,strict,200D,single,,Earn,Ea‍rn,"ATTAINED, testimonials, GUARANTEED","AT‍TAINED, te‍stimonials, GU‍ARANTEED"
00423.bee32224fd8c9c8c06e2099d9c2adccd,00423__salted__strict__cp00AD__single.bee32224fd8c9c8c06e2099d9c2adccd,strict,00AD,single,,Earn,Ea­rn,"ATTAINED, testimonials, GUARANTEED","AT­TAINED, te­stimonials, GU­ARANTEED"
00424.762694cd4e29f39d544e03cd3c974a25,00424__salted__strict__cp200B__single.762694cd4e29f39d544e03cd3c974a25,strict,200B,single,,Guaranteed,Gu​aranteed,,
00424.762694cd4e29f39d544e03cd3c974a25,00424__salted__strict__cp200C__single.762694cd4e29f39d544e03cd3c974a25,strict,200C,single,,Guaranteed,Gu‌aranteed,,
00424.762694cd4e29f39d544e03cd3c974a25,00424__salted__strict__cp200D__single.762694cd4e29f39d544e03cd3c974a25,strict,200D,single,,Guaranteed,Gu‍aranteed,,
00424.762694cd4e29f39d544e03cd3c974a25,00424__salted__strict__cp00AD__single.762694cd4e29f39d544e03cd3c974a25,strict,00AD,single,,Guaranteed,Gu­aranteed,,
00424.9acca894169b3162d76ebddb69097f3c,00424__salted__strict__cp200B__single.9acca894169b3162d76ebddb69097f3c,strict,200B,single,,Guaranteed,Gu​aranteed,,
00424.9acca894169b3162d76ebddb69097f3c,00424__salted__strict__cp200C__single.9acca894169b3162d76ebddb69097f3c,strict,200C,single,,Guaranteed,Gu‌aranteed,,
00424.9acca894169b3162d76ebddb69097f3c,00424__salted__strict__cp200D__single.9acca894169b3162d76ebddb69097f3c,strict,200D,single,,Guaranteed,Gu‍aranteed,,
00424.9acca894169b3162d76ebddb69097f3c,00424__salted__strict__cp00AD__single.9acca894169b3162d76ebddb69097f3c,strict,00AD,single,,Guaranteed,Gu­aranteed,,
00426.36b36cbe96efe9001c4d80363ea7ed4e,00426__salted__strict__cp200B__single.36b36cbe96efe9001c4d80363ea7ed4e,strict,200B,single,,,,"mortgage, loans","mo​rtgage, lo​ans"
00426.36b36cbe96efe9001c4d80363ea7ed4e,00426__salted__strict__cp200C__single.36b36cbe96efe9001c4d80363ea7ed4e,strict,200C,single,,,,"mortgage, loans","mo‌rtgage, lo‌ans"
00426.36b36cbe96efe9001c4d80363ea7ed4e,00426__salted__strict__cp200D__single.36b36cbe96efe9001c4d80363ea7ed4e,strict,200D,single,,,,"mortgage, loans","mo‍rtgage, lo‍ans"
00426.36b36cbe96efe9001c4d80363ea7ed4e,00426__salted__strict__cp00AD__single.36b36cbe96efe9001c4d80363ea7ed4e,strict,00AD,single,,,,"mortgage, loans","mo­rtgage, lo­ans"
00427.fa1252c91a3b89bb64bc2bc217725e26,00427__salted__strict__cp200B__single.fa1252c91a3b89bb64bc2bc217725e26,strict,200B,single,,,,"earn, toll, toll","ea​rn, to​ll, to​ll"
00427.fa1252c91a3b89bb64bc2bc217725e26,00427__salted__strict__cp200C__single.fa1252c91a3b89bb64bc2bc217725e26,strict,200C,single,,,,"earn, toll, toll","ea‌rn, to‌ll, to‌ll"
00427.fa1252c91a3b89bb64bc2bc217725e26,00427__salted__strict__cp200D__single.fa1252c91a3b89bb64bc2bc217725e26,strict,200D,single,,,,"earn, toll, toll","ea‍rn, to‍ll, to‍ll"
00427.fa1252c91a3b89bb64bc2bc217725e26,00427__salted__strict__cp00AD__single.fa1252c91a3b89bb64bc2bc217725e26,strict,00AD,single,,,,"earn, toll, toll","ea­rn, to­ll, to­ll"
00431.12b2043fed99f1202eb0677969d1a61e,00431__salted__strict__cp200B__single.12b2043fed99f1202eb0677969d1a61e,strict,200B,single,,ADV,AD​V,,
00431.12b2043fed99f1202eb0677969d1a61e,00431__salted__strict__cp200C__single.12b2043fed99f1202eb0677969d1a61e,strict,200C,single,,ADV,AD‌V,,
00431.12b2043fed99f1202eb0677969d1a61e,00431__salted__strict__cp200D__single.12b2043fed99f1202eb0677969d1a61e,strict,200D,single,,ADV,AD‍V,,
00431.12b2043fed99f1202eb0677969d1a61e,00431__salted__strict__cp00AD__single.12b2043fed99f1202eb0677969d1a61e,strict,00AD,single,,ADV,AD­V,,
00431.c6a126091c0bcbc44e58e238ca4d02c6,00431__salted__strict__cp200B__single.c6a126091c0bcbc44e58e238ca4d02c6,strict,200B,single,,ADV,AD​V,,
00431.c6a126091c0bcbc44e58e238ca4d02c6,00431__salted__strict__cp200C__single.c6a126091c0bcbc44e58e238ca4d02c6,strict,200C,single,,ADV,AD‌V,,
00431.c6a126091c0bcbc44e58e238ca4d02c6,00431__salted__strict__cp200D__single.c6a126091c0bcbc44e58e238ca4d02c6,strict,200D,single,,ADV,AD‍V,,
00431.c6a126091c0bcbc44e58e238ca4d02c6,00431__salted__strict__cp00AD__single.c6a126091c0bcbc44e58e238ca4d02c6,strict,00AD,single,,ADV,AD­V,,
00432.40ceb2dcb26e292ea6fd8669dfc9b4c5,00432__salted__strict__cp200B__single.40ceb2dcb26e292ea6fd8669dfc9b4c5,strict,200B,single,,,,"ASSISTANCE, DEPOSIT, ASSISTANCE","AS​SISTANCE, DE​POSIT, AS​SISTANCE"
00432.40ceb2dcb26e292ea6fd8669dfc9b4c5,00432__salted__strict__cp200C__single.40ceb2dcb26e292ea6fd8669dfc9b4c5,strict,200C,single,,,,"ASSISTANCE, DEPOSIT, ASSISTANCE","AS‌SISTANCE, DE‌POSIT, AS‌SISTANCE"
00432.40ceb2dcb26e292ea6fd8669dfc9b4c5,00432__salted__strict__cp200D__single.40ceb2dcb26e292ea6fd8669dfc9b4c5,strict,200D,single,,,,"ASSISTANCE, DEPOSIT, ASSISTANCE","AS‍SISTANCE, DE‍POSIT, AS‍SISTANCE"
00432.40ceb2dcb26e292ea6fd8669dfc9b4c5,00432__salted__strict__cp00AD__single.40ceb2dcb26e292ea6fd8669dfc9b4c5,strict,00AD,single,,,,"ASSISTANCE, DEPOSIT, ASSISTANCE","AS­SISTANCE, DE­POSIT, AS­SISTANCE"
00434.8507c67a652e01636df9b92a0a397193,00434__salted__strict__cp200B__single.8507c67a652e01636df9b92a0a397193,strict,200B,single,,Mortgage,Mo​rtgage,,
00434.8507c67a652e01636df9b92a0a397193,00434__salted__strict__cp200C__single.8507c67a652e01636df9b92a0a397193,strict,200C,single,,Mortgage,Mo‌rtgage,,
00434.8507c67a652e01636df9b92a0a397193,00434__salted__strict__cp200D__single.8507c67a652e01636df9b92a0a397193,strict,200D,single,,Mortgage,Mo‍rtgage,,
00434.8507c67a652e01636df9b92a0a397193,00434__salted__strict__cp00AD__single.8507c67a652e01636df9b92a0a397193,strict,00AD,single,,Mortgage,Mo­rtgage,,
00436.4ef1bd17d9202e4229485da7a47afd6c,00436__salted__strict__cp200B__single.4ef1bd17d9202e4229485da7a47afd6c,strict,200B,single,,,,mailings,ma​ilings
00436.4ef1bd17d9202e4229485da7a47afd6c,00436__salted__strict__cp200C__single.4ef1bd17d9202e4229485da7a47afd6c,strict,200C,single,,,,mailings,ma‌ilings
00436.4ef1bd17d9202e4229485da7a47afd6c,00436__salted__strict__cp200D__single.4ef1bd17d9202e4229485da7a47afd6c,strict,200D,single,,,,mailings,ma‍ilings
00436.4ef1bd17d9202e4229485da7a47afd6c,00436__salted__strict__cp00AD__single.4ef1bd17d9202e4229485da7a47afd6c,strict,00AD,single,,,,mailings,ma­ilings
00436.9fc1d953c6a282c5b66e4ed1cf1b866f,00436__salted__strict__cp200B__single.9fc1d953c6a282c5b66e4ed1cf1b866f,strict,200B,single,,annuity,an​nuity,"commissions, annuity, mailings","co​mmissions, an​nuity, ma​ilings"
00436.9fc1d953c6a282c5b66e4ed1cf1b866f,00436__salted__strict__cp200C__single.9fc1d953c6a282c5b66e4ed1cf1b866f,strict,200C,single,,annuity,an‌nuity,"commissions, annuity, mailings","co‌mmissions, an‌nuity, ma‌ilings"
00436.9fc1d953c6a282c5b66e4ed1cf1b866f,00436__salted__strict__cp200D__single.9fc1d953c6a282c5b66e4ed1cf1b866f,strict,200D,single,,annuity,an‍nuity,"commissions, annuity, mailings","co‍mmissions, an‍nuity, ma‍ilings"
00436.9fc1d953c6a282c5b66e4ed1cf1b866f,00436__salted__strict__cp00AD__single.9fc1d953c6a282c5b66e4ed1cf1b866f,strict,00AD,single,,annuity,an­nuity,"commissions, annuity, mailings","co­mmissions, an­nuity, ma­ilings"
00438.41295e1df4b651b7611316331b8468e4,00438__salted__strict__cp200B__single.41295e1df4b651b7611316331b8468e4,strict,200B,single,,Lenders,Le​nders,"lenders, Refinance, Mortgage","le​nders, Re​finance, Mo​rtgage"
00438.41295e1df4b651b7611316331b8468e4,00438__salted__strict__cp200C__single.41295e1df4b651b7611316331b8468e4,strict,200C,single,,Lenders,Le‌nders,"lenders, Refinance, Mortgage","le‌nders, Re‌finance, Mo‌rtgage"
00438.41295e1df4b651b7611316331b8468e4,00438__salted__strict__cp200D__single.41295e1df4b651b7611316331b8468e4,strict,200D,single,,Lenders,Le‍nders,"lenders, Refinance, Mortgage","le‍nders, Re‍finance, Mo‍rtgage"
00438.41295e1df4b651b7611316331b8468e4,00438__salted__strict__cp00AD__single.41295e1df4b651b7611316331b8468e4,strict,00AD,single,,Lenders,Le­nders,"lenders, Refinance, Mortgage","le­nders, Re­finance, Mo­rtgage"
00439.eacffbae5543e6be58178c0d3eb95041,00439__salted__strict__cp200B__single.eacffbae5543e6be58178c0d3eb95041,strict,200B,single,,,,mailings,ma​ilings
00439.eacffbae5543e6be58178c0d3eb95041,00439__salted__strict__cp200C__single.eacffbae5543e6be58178c0d3eb95041,strict,200C,single,,,,mailings,ma‌ilings
00439.eacffbae5543e6be58178c0d3eb95041,00439__salted__strict__cp200D__single.eacffbae5543e6be58178c0d3eb95041,strict,200D,single,,,,mailings,ma‍ilings
00439.eacffbae5543e6be58178c0d3eb95041,00439__salted__strict__cp00AD__single.eacffbae5543e6be58178c0d3eb95041,strict,00AD,single,,,,mailings,ma­ilings
00440.647d9eb44fd0cb069ea92be204966a8e,00440__salted__strict__cp200B__single.647d9eb44fd0cb069ea92be204966a8e,strict,200B,single,,SYSTEMWORKS,SY​STEMWORKS,,
00440.647d9eb44fd0cb069ea92be204966a8e,00440__salted__strict__cp200C__single.647d9eb44fd0cb069ea92be204966a8e,strict,200C,single,,SYSTEMWORKS,SY‌STEMWORKS,,
00440.647d9eb44fd0cb069ea92be204966a8e,00440__salted__strict__cp200D__single.647d9eb44fd0cb069ea92be204966a8e,strict,200D,single,,SYSTEMWORKS,SY‍STEMWORKS,,
00440.647d9eb44fd0cb069ea92be204966a8e,00440__salted__strict__cp00AD__single.647d9eb44fd0cb069ea92be204966a8e,strict,00AD,single,,SYSTEMWORKS,SY­STEMWORKS,,
00441.3b9c3055e08bda4c0f7eea43749e324c,00441__salted__strict__cp200B__single.3b9c3055e08bda4c0f7eea43749e324c,strict,200B,single,,Mortgage,Mo​rtgage,,
00441.3b9c3055e08bda4c0f7eea43749e324c,00441__salted__strict__cp200C__single.3b9c3055e08bda4c0f7eea43749e324c,strict,200C,single,,Mortgage,Mo‌rtgage,,
00441.3b9c3055e08bda4c0f7eea43749e324c,00441__salted__strict__cp200D__single.3b9c3055e08bda4c0f7eea43749e324c,strict,200D,single,,Mortgage,Mo‍rtgage,,
00441.3b9c3055e08bda4c0f7eea43749e324c,00441__salted__strict__cp00AD__single.3b9c3055e08bda4c0f7eea43749e324c,strict,00AD,single,,Mortgage,Mo­rtgage,,
00441.77768298934252b2fa200e7d9482993b,00441__salted__strict__cp200B__single.77768298934252b2fa200e7d9482993b,strict,200B,single,,Refinance,Re​finance,,
00441.77768298934252b2fa200e7d9482993b,00441__salted__strict__cp200C__single.77768298934252b2fa200e7d9482993b,strict,200C,single,,Refinance,Re‌finance,,
00441.77768298934252b2fa200e7d9482993b,00441__salted__strict__cp200D__single.77768298934252b2fa200e7d9482993b,strict,200D,single,,Refinance,Re‍finance,,
00441.77768298934252b2fa200e7d9482993b,00441__salted__strict__cp00AD__single.77768298934252b2fa200e7d9482993b,strict,00AD,single,,Refinance,Re­finance,,
00442.6a4db031f5561b90c04bb3d3aee31e85,00442__salted__strict__cp200B__single.6a4db031f5561b90c04bb3d3aee31e85,strict,200B,single,,,,Loans,Lo​ans
00442.6a4db031f5561b90c04bb3d3aee31e85,00442__salted__strict__cp200C__single.6a4db031f5561b90c04bb3d3aee31e85,strict,200C,single,,,,Loans,Lo‌ans
00442.6a4db031f5561b90c04bb3d3aee31e85,00442__salted__strict__cp200D__single.6a4db031f5561b90c04bb3d3aee31e85,strict,200D,single,,,,Loans,Lo‍ans
00442.6a4db031f5561b90c04bb3d3aee31e85,00442__salted__strict__cp00AD__single.6a4db031f5561b90c04bb3d3aee31e85,strict,00AD,single,,,,Loans,Lo­ans
00443.70c948096c848777e165daacad17ce78,00443__salted__strict__cp200B__single.70c948096c848777e165daacad17ce78,strict,200B,single,,,,excite,ex​cite
00443.70c948096c848777e165daacad17ce78,00443__salted__strict__cp200C__single.70c948096c848777e165daacad17ce78,strict,200C,single,,,,excite,ex‌cite
00443.70c948096c848777e165daacad17ce78,00443__salted__strict__cp200D__single.70c948096c848777e165daacad17ce78,strict,200D,single,,,,excite,ex‍cite
00443.70c948096c848777e165daacad17ce78,00443__salted__strict__cp00AD__single.70c948096c848777e165daacad17ce78,strict,00AD,single,,,,excite,ex­cite
00445.94d3ccfafc541255ff46625091d333e4,00445__salted__strict__cp200B__single.94d3ccfafc541255ff46625091d333e4,strict,200B,single,,,,Earn,Ea​rn
00445.94d3ccfafc541255ff46625091d333e4,00445__salted__strict__cp200C__single.94d3ccfafc541255ff46625091d333e4,strict,200C,single,,,,Earn,Ea‌rn
00445.94d3ccfafc541255ff46625091d333e4,00445__salted__strict__cp200D__single.94d3ccfafc541255ff46625091d333e4,strict,200D,single,,,,Earn,Ea‍rn
00445.94d3ccfafc541255ff46625091d333e4,00445__salted__strict__cp00AD__single.94d3ccfafc541255ff46625091d333e4,strict,00AD,single,,,,Earn,Ea­rn
00445.a5edbd936b830407d1a56b31ff3b82c0,00445__salted__strict__cp200B__single.a5edbd936b830407d1a56b31ff3b82c0,strict,200B,single,,Herbal,He​rbal,,
00445.a5edbd936b830407d1a56b31ff3b82c0,00445__salted__strict__cp200C__single.a5edbd936b830407d1a56b31ff3b82c0,strict,200C,single,,Herbal,He‌rbal,,
00445.a5edbd936b830407d1a56b31ff3b82c0,00445__salted__strict__cp200D__single.a5edbd936b830407d1a56b31ff3b82c0,strict,200D,single,,Herbal,He‍rbal,,
00445.a5edbd936b830407d1a56b31ff3b82c0,00445__salted__strict__cp00AD__single.a5edbd936b830407d1a56b31ff3b82c0,strict,00AD,single,,Herbal,He­rbal,,
00447.32e588c3a1d8888d737f360f825713b8,00447__salted__strict__cp200B__single.32e588c3a1d8888d737f360f825713b8,strict,200B,single,,,,"guaranteed, attained, mailings","gu​aranteed, at​tained, ma​ilings"
00447.32e588c3a1d8888d737f360f825713b8,00447__salted__strict__cp200C__single.32e588c3a1d8888d737f360f825713b8,strict,200C,single,,,,"guaranteed, attained, mailings","gu‌aranteed, at‌tained, ma‌ilings"
00447.32e588c3a1d8888d737f360f825713b8,00447__salted__strict__cp200D__single.32e588c3a1d8888d737f360f825713b8,strict,200D,single,,,,"guaranteed, attained, mailings","gu‍aranteed, at‍tained, ma‍ilings"
00447.32e588c3a1d8888d737f360f825713b8,00447__salted__strict__cp00AD__single.32e588c3a1d8888d737f360f825713b8,strict,00AD,single,,,,"guaranteed, attained, mailings","gu­aranteed, at­tained, ma­ilings"
00447.bd5eb01e94f6d127465bf325513b2516,00447__salted__strict__cp200B__single.bd5eb01e94f6d127465bf325513b2516,strict,200B,single,,,,"btamail, btamail, guaranteed","bt​amail, bt​amail, gu​aranteed"
00447.bd5eb01e94f6d127465bf325513b2516,00447__salted__strict__cp200C__single.bd5eb01e94f6d127465bf325513b2516,strict,200C,single,,,,"btamail, btamail, guaranteed","bt‌amail, bt‌amail, gu‌aranteed"
00447.bd5eb01e94f6d127465bf325513b2516,00447__salted__strict__cp200D__single.bd5eb01e94f6d127465bf325513b2516,strict,200D,single,,,,"btamail, btamail, guaranteed","bt‍amail, bt‍amail, gu‍aranteed"
00447.bd5eb01e94f6d127465bf325513b2516,00447__salted__strict__cp00AD__single.bd5eb01e94f6d127465bf325513b2516,strict,00AD,single,,,,"btamail, btamail, guaranteed","bt­amail, bt­amail, gu­aranteed"
00448.65d06c45ea553e3fddf51645ae6b07f0,00448__salted__strict__cp200B__single.65d06c45ea553e3fddf51645ae6b07f0,strict,200B,single,,ADV,AD​V,,
00448.65d06c45ea553e3fddf51645ae6b07f0,00448__salted__strict__cp200C__single.65d06c45ea553e3fddf51645ae6b07f0,strict,200C,single,,ADV,AD‌V,,
00448.65d06c45ea553e3fddf51645ae6b07f0,00448__salted__strict__cp200D__single.65d06c45ea553e3fddf51645ae6b07f0,strict,200D,single,,ADV,AD‍V,,
00448.65d06c45ea553e3fddf51645ae6b07f0,00448__salted__strict__cp00AD__single.65d06c45ea553e3fddf51645ae6b07f0,strict,00AD,single,,ADV,AD­V,,
00451.bbff6de62f0340d64a044870dbedafba,00451__salted__strict__cp200B__single.bbff6de62f0340d64a044870dbedafba,strict,200B,single,,HGH,HG​H,,
00451.bbff6de62f0340d64a044870dbedafba,00451__salted__strict__cp200C__single.bbff6de62f0340d64a044870dbedafba,strict,200C,single,,HGH,HG‌H,,
00451.bbff6de62f0340d64a044870dbedafba,00451__salted__strict__cp200D__single.bbff6de62f0340d64a044870dbedafba,strict,200D,single,,HGH,HG‍H,,
00451.bbff6de62f0340d64a044870dbedafba,00451__salted__strict__cp00AD__single.bbff6de62f0340d64a044870dbedafba,strict,00AD,single,,HGH,HG­H,,
00452.ed43fc952c31c82aa29646edfbecb03f,00452__salted__strict__cp200B__single.ed43fc952c31c82aa29646edfbecb03f,strict,200B,single,,,,"promotional, mailings","pr​omotional, ma​ilings"
00452.ed43fc952c31c82aa29646edfbecb03f,00452__salted__strict__cp200C__single.ed43fc952c31c82aa29646edfbecb03f,strict,200C,single,,,,"promotional, mailings","pr‌omotional, ma‌ilings"
00452.ed43fc952c31c82aa29646edfbecb03f,00452__salted__strict__cp200D__single.ed43fc952c31c82aa29646edfbecb03f,strict,200D,single,,,,"promotional, mailings","pr‍omotional, ma‍ilings"
00452.ed43fc952c31c82aa29646edfbecb03f,00452__salted__strict__cp00AD__single.ed43fc952c31c82aa29646edfbecb03f,strict,00AD,single,,,,"promotional, mailings","pr­omotional, ma­ilings"
00453.7ff1db57e1e39cb658661ef45b83a715,00453__salted__strict__cp200B__single.7ff1db57e1e39cb658661ef45b83a715,strict,200B,single,,hGH,hG​H,"NBC, CBS, Oprah","NB​C, CB​S, Op​rah"
00453.7ff1db57e1e39cb658661ef45b83a715,00453__salted__strict__cp200C__single.7ff1db57e1e39cb658661ef45b83a715,strict,200C,single,,hGH,hG‌H,"NBC, CBS, Oprah","NB‌C, CB‌S, Op‌rah"
00453.7ff1db57e1e39cb658661ef45b83a715,00453__salted__strict__cp200D__single.7ff1db57e1e39cb658661ef45b83a715,strict,200D,single,,hGH,hG‍H,"NBC, CBS, Oprah","NB‍C, CB‍S, Op‍rah"
00453.7ff1db57e1e39cb658661ef45b83a715,00453__salted__strict__cp00AD__single.7ff1db57e1e39cb658661ef45b83a715,strict,00AD,single,,hGH,hG­H,"NBC, CBS, Oprah","NB­C, CB­S, Op­rah"
00454.1bb460b3ade9801644e4eb60e18d1f8d,00454__salted__strict__cp200B__single.1bb460b3ade9801644e4eb60e18d1f8d,strict,200B,single,,,,"Guaranteed, Annuity, Annuity","Gu​aranteed, An​nuity, An​nuity"
00454.1bb460b3ade9801644e4eb60e18d1f8d,00454__salted__strict__cp200C__single.1bb460b3ade9801644e4eb60e18d1f8d,strict,200C,single,,,,"Guaranteed, Annuity, Annuity","Gu‌aranteed, An‌nuity, An‌nuity"
00454.1bb460b3ade9801644e4eb60e18d1f8d,00454__salted__strict__cp200D__single.1bb460b3ade9801644e4eb60e18d1f8d,strict,200D,single,,,,"Guaranteed, Annuity, Annuity","Gu‍aranteed, An‍nuity, An‍nuity"
00454.1bb460b3ade9801644e4eb60e18d1f8d,00454__salted__strict__cp00AD__single.1bb460b3ade9801644e4eb60e18d1f8d,strict,00AD,single,,,,"Guaranteed, Annuity, Annuity","Gu­aranteed, An­nuity, An­nuity"
00455.8ccdcb205b6f8c3958bb3b2d39edca46,00455__salted__strict__cp200B__single.8ccdcb205b6f8c3958bb3b2d39edca46,strict,200B,single,,ADV,AD​V,,
00455.8ccdcb205b6f8c3958bb3b2d39edca46,00455__salted__strict__cp200C__single.8ccdcb205b6f8c3958bb3b2d39edca46,strict,200C,single,,ADV,AD‌V,,
00455.8ccdcb205b6f8c3958bb3b2d39edca46,00455__salted__strict__cp200D__single.8ccdcb205b6f8c3958bb3b2d39edca46,strict,200D,single,,ADV,AD‍V,,
00455.8ccdcb205b6f8c3958bb3b2d39edca46,00455__salted__strict__cp00AD__single.8ccdcb205b6f8c3958bb3b2d39edca46,strict,00AD,single,,ADV,AD­V,,
00456.c680a0c7d8d8d91bf3fb9f77ce6541b0,00456__salted__strict__cp200B__single.c680a0c7d8d8d91bf3fb9f77ce6541b0,strict,200B,single,,,,"NBC, CBS, Oprah","NB​C, CB​S, Op​rah"
00456.c680a0c7d8d8d91bf3fb9f77ce6541b0,00456__salted__strict__cp200C__single.c680a0c7d8d8d91bf3fb9f77ce6541b0,strict,200C,single,,,,"NBC, CBS, Oprah","NB‌C, CB‌S, Op‌rah"
00456.c680a0c7d8d8d91bf3fb9f77ce6541b0,00456__salted__strict__cp200D__single.c680a0c7d8d8d91bf3fb9f77ce6541b0,strict,200D,single,,,,"NBC, CBS, Oprah","NB‍C, CB‍S, Op‍rah"
00456.c680a0c7d8d8d91bf3fb9f77ce6541b0,00456__salted__strict__cp00AD__single.c680a0c7d8d8d91bf3fb9f77ce6541b0,strict,00AD,single,,,,"NBC, CBS, Oprah","NB­C, CB­S, Op­rah"
00458.62211764fde0dd7128ea4146268b40dd,00458__salted__strict__cp200B__single.62211764fde0dd7128ea4146268b40dd,strict,200B,single,,,,earn,ea​rn
00458.62211764fde0dd7128ea4146268b40dd,00458__salted__strict__cp200C__single.62211764fde0dd7128ea4146268b40dd,strict,200C,single,,,,earn,ea‌rn
00458.62211764fde0dd7128ea4146268b40dd,00458__salted__strict__cp200D__single.62211764fde0dd7128ea4146268b40dd,strict,200D,single,,,,earn,ea‍rn
00458.62211764fde0dd7128ea4146268b40dd,00458__salted__strict__cp00AD__single.62211764fde0dd7128ea4146268b40dd,strict,00AD,single,,,,earn,ea­rn
00460.8996dc28ab56dd7b6f35b956deceaf22,00460__salted__strict__cp200B__single.8996dc28ab56dd7b6f35b956deceaf22,strict,200B,single,,,,Earn,Ea​rn
00460.8996dc28ab56dd7b6f35b956deceaf22,00460__salted__strict__cp200C__single.8996dc28ab56dd7b6f35b956deceaf22,strict,200C,single,,,,Earn,Ea‌rn
00460.8996dc28ab56dd7b6f35b956deceaf22,00460__salted__strict__cp200D__single.8996dc28ab56dd7b6f35b956deceaf22,strict,200D,single,,,,Earn,Ea‍rn
00460.8996dc28ab56dd7b6f35b956deceaf22,00460__salted__strict__cp00AD__single.8996dc28ab56dd7b6f35b956deceaf22,strict,00AD,single,,,,Earn,Ea­rn
00462.868771c8074e480f540a1d2e6a5ac7cb,00462__salted__strict__cp200B__single.868771c8074e480f540a1d2e6a5ac7cb,strict,200B,single,,,,"mailings, attained, mailings","ma​ilings, at​tained, ma​ilings"
00462.868771c8074e480f540a1d2e6a5ac7cb,00462__salted__strict__cp200C__single.868771c8074e480f540a1d2e6a5ac7cb,strict,200C,single,,,,"mailings, attained, mailings","ma‌ilings, at‌tained, ma‌ilings"
00462.868771c8074e480f540a1d2e6a5ac7cb,00462__salted__strict__cp200D__single.868771c8074e480f540a1d2e6a5ac7cb,strict,200D,single,,,,"mailings, attained, mailings","ma‍ilings, at‍tained, ma‍ilings"
00462.868771c8074e480f540a1d2e6a5ac7cb,00462__salted__strict__cp00AD__single.868771c8074e480f540a1d2e6a5ac7cb,strict,00AD,single,,,,"mailings, attained, mailings","ma­ilings, at­tained, ma­ilings"
00463.0bc4e08af0529dd773d9f10f922547db,00463__salted__strict__cp200B__single.0bc4e08af0529dd773d9f10f922547db,strict,200B,single,,HGH,HG​H,,
00463.0bc4e08af0529dd773d9f10f922547db,00463__salted__strict__cp200C__single.0bc4e08af0529dd773d9f10f922547db,strict,200C,single,,HGH,HG‌H,,
00463.0bc4e08af0529dd773d9f10f922547db,00463__salted__strict__cp200D__single.0bc4e08af0529dd773d9f10f922547db,strict,200D,single,,HGH,HG‍H,,
00463.0bc4e08af0529dd773d9f10f922547db,00463__salted__strict__cp00AD__single.0bc4e08af0529dd773d9f10f922547db,strict,00AD,single,,HGH,HG­H,,
00464.8240aba24840864cb7439fc03f94ef6e,00464__salted__strict__cp200B__single.8240aba24840864cb7439fc03f94ef6e,strict,200B,single,,ADV,AD​V,,
00464.8240aba24840864cb7439fc03f94ef6e,00464__salted__strict__cp200C__single.8240aba24840864cb7439fc03f94ef6e,strict,200C,single,,ADV,AD‌V,,
00464.8240aba24840864cb7439fc03f94ef6e,00464__salted__strict__cp200D__single.8240aba24840864cb7439fc03f94ef6e,strict,200D,single,,ADV,AD‍V,,
00464.8240aba24840864cb7439fc03f94ef6e,00464__salted__strict__cp00AD__single.8240aba24840864cb7439fc03f94ef6e,strict,00AD,single,,ADV,AD­V,,
00465.81b738fc646c03b1db38a456cd087ad7,00465__salted__strict__cp200B__single.81b738fc646c03b1db38a456cd087ad7,strict,200B,single,,,,"promotional, mailings","pr​omotional, ma​ilings"
00465.81b738fc646c03b1db38a456cd087ad7,00465__salted__strict__cp200C__single.81b738fc646c03b1db38a456cd087ad7,strict,200C,single,,,,"promotional, mailings","pr‌omotional, ma‌ilings"
00465.81b738fc646c03b1db38a456cd087ad7,00465__salted__strict__cp200D__single.81b738fc646c03b1db38a456cd087ad7,strict,200D,single,,,,"promotional, mailings","pr‍omotional, ma‍ilings"
00465.81b738fc646c03b1db38a456cd087ad7,00465__salted__strict__cp00AD__single.81b738fc646c03b1db38a456cd087ad7,strict,00AD,single,,,,"promotional, mailings","pr­omotional, ma­ilings"
00465.ca5d79d0e5dadee322c117789196ebb4,00465__salted__strict__cp200B__single.ca5d79d0e5dadee322c117789196ebb4,strict,200B,single,,,,"Lagos, Lagos, Deposit","La​gos, La​gos, De​posit"
00465.ca5d79d0e5dadee322c117789196ebb4,00465__salted__strict__cp200C__single.ca5d79d0e5dadee322c117789196ebb4,strict,200C,single,,,,"Lagos, Lagos, Deposit","La‌gos, La‌gos, De‌posit"
00465.ca5d79d0e5dadee322c117789196ebb4,00465__salted__strict__cp200D__single.ca5d79d0e5dadee322c117789196ebb4,strict,200D,single,,,,"Lagos, Lagos, Deposit","La‍gos, La‍gos, De‍posit"
00465.ca5d79d0e5dadee322c117789196ebb4,00465__salted__strict__cp00AD__single.ca5d79d0e5dadee322c117789196ebb4,strict,00AD,single,,,,"Lagos, Lagos, Deposit","La­gos, La­gos, De­posit"
00466.936900f20aa2c6aa724d2f6d6af53b9b,00466__salted__strict__cp200B__single.936900f20aa2c6aa724d2f6d6af53b9b,strict,200B,single,,guaranteed,gu​aranteed,guaranteed,gu​aranteed
00466.936900f20aa2c6aa724d2f6d6af53b9b,00466__salted__strict__cp200C__single.936900f20aa2c6aa724d2f6d6af53b9b,strict,200C,single,,guaranteed,gu‌aranteed,guaranteed,gu‌aranteed
00466.936900f20aa2c6aa724d2f6d6af53b9b,00466__salted__strict__cp200D__single.936900f20aa2c6aa724d2f6d6af53b9b,strict,200D,single,,guaranteed,gu‍aranteed,guaranteed,gu‍aranteed
00466.936900f20aa2c6aa724d2f6d6af53b9b,00466__salted__strict__cp00AD__single.936900f20aa2c6aa724d2f6d6af53b9b,strict,00AD,single,,guaranteed,gu­aranteed,guaranteed,gu­aranteed
00466.ecb11c98ec4511b5422b20476d935bd1,00466__salted__strict__cp200B__single.ecb11c98ec4511b5422b20476d935bd1,strict,200B,single,,,,"assistance, assistance","as​sistance, as​sistance"
00466.ecb11c98ec4511b5422b20476d935bd1,00466__salted__strict__cp200C__single.ecb11c98ec4511b5422b20476d935bd1,strict,200C,single,,,,"assistance, assistance","as‌sistance, as‌sistance"
00466.ecb11c98ec4511b5422b20476d935bd1,00466__salted__strict__cp200D__single.ecb11c98ec4511b5422b20476d935bd1,strict,200D,single,,,,"assistance, assistance","as‍sistance, as‍sistance"
00466.ecb11c98ec4511b5422b20476d935bd1,00466__salted__strict__cp00AD__single.ecb11c98ec4511b5422b20476d935bd1,strict,00AD,single,,,,"assistance, assistance","as­sistance, as­sistance"
00467.3748c927c32a9c4e8988dad52a843b5c,00467__salted__strict__cp200B__single.3748c927c32a9c4e8988dad52a843b5c,strict,200B,single,,,,mailings,ma​ilings
00467.3748c927c32a9c4e8988dad52a843b5c,00467__salted__strict__cp200C__single.3748c927c32a9c4e8988dad52a843b5c,strict,200C,single,,,,mailings,ma‌ilings
00467.3748c927c32a9c4e8988dad52a843b5c,00467__salted__strict__cp200D__single.3748c927c32a9c4e8988dad52a843b5c,strict,200D,single,,,,mailings,ma‍ilings
00467.3748c927c32a9c4e8988dad52a843b5c,00467__salted__strict__cp00AD__single.3748c927c32a9c4e8988dad52a843b5c,strict,00AD,single,,,,mailings,ma­ilings
00467.5b733c506b7165424a0d4a298e67970f,00467__salted__strict__cp200B__single.5b733c506b7165424a0d4a298e67970f,strict,200B,single,,Cartridges,Ca​rtridges,,
00467.5b733c506b7165424a0d4a298e67970f,00467__salted__strict__cp200C__single.5b733c506b7165424a0d4a298e67970f,strict,200C,single,,Cartridges,Ca‌rtridges,,
00467.5b733c506b7165424a0d4a298e67970f,00467__salted__strict__cp200D__single.5b733c506b7165424a0d4a298e67970f,strict,200D,single,,Cartridges,Ca‍rtridges,,
00467.5b733c506b7165424a0d4a298e67970f,00467__salted__strict__cp00AD__single.5b733c506b7165424a0d4a298e67970f,strict,00AD,single,,Cartridges,Ca­rtridges,,
00469.ee3b2f31459cc2ec43ae7cae00d40cf6,00469__salted__strict__cp200B__single.ee3b2f31459cc2ec43ae7cae00d40cf6,strict,200B,single,,ADV,AD​V,,
00469.ee3b2f31459cc2ec43ae7cae00d40cf6,00469__salted__strict__cp200C__single.ee3b2f31459cc2ec43ae7cae00d40cf6,strict,200C,single,,ADV,AD‌V,,
00469.ee3b2f31459cc2ec43ae7cae00d40cf6,00469__salted__strict__cp200D__single.ee3b2f31459cc2ec43ae7cae00d40cf6,strict,200D,single,,ADV,AD‍V,,
00469.ee3b2f31459cc2ec43ae7cae00d40cf6,00469__salted__strict__cp00AD__single.ee3b2f31459cc2ec43ae7cae00d40cf6,strict,00AD,single,,ADV,AD­V,,
00470.68eed3d237f85b225b1ad31bceac203a,00470__salted__strict__cp200B__single.68eed3d237f85b225b1ad31bceac203a,strict,200B,single,,,,guaranteed,gu​aranteed
00470.68eed3d237f85b225b1ad31bceac203a,00470__salted__strict__cp200C__single.68eed3d237f85b225b1ad31bceac203a,strict,200C,single,,,,guaranteed,gu‌aranteed
00470.68eed3d237f85b225b1ad31bceac203a,00470__salted__strict__cp200D__single.68eed3d237f85b225b1ad31bceac203a,strict,200D,single,,,,guaranteed,gu‍aranteed
00470.68eed3d237f85b225b1ad31bceac203a,00470__salted__strict__cp00AD__single.68eed3d237f85b225b1ad31bceac203a,strict,00AD,single,,,,guaranteed,gu­aranteed
00471.fc87286572c99b7a554dc8c86f34506c,00471__salted__strict__cp200B__single.fc87286572c99b7a554dc8c86f34506c,strict,200B,single,,mortgage,mo​rtgage,,
00471.fc87286572c99b7a554dc8c86f34506c,00471__salted__strict__cp200C__single.fc87286572c99b7a554dc8c86f34506c,strict,200C,single,,mortgage,mo‌rtgage,,
00471.fc87286572c99b7a554dc8c86f34506c,00471__salted__strict__cp200D__single.fc87286572c99b7a554dc8c86f34506c,strict,200D,single,,mortgage,mo‍rtgage,,
00471.fc87286572c99b7a554dc8c86f34506c,00471__salted__strict__cp00AD__single.fc87286572c99b7a554dc8c86f34506c,strict,00AD,single,,mortgage,mo­rtgage,,
00472.3c51cf86307bc98c54d856887a81e9ac,00472__salted__strict__cp200B__single.3c51cf86307bc98c54d856887a81e9ac,strict,200B,single,,,,"attained, herbal, herbal","at​tained, he​rbal, he​rbal"
00472.3c51cf86307bc98c54d856887a81e9ac,00472__salted__strict__cp200C__single.3c51cf86307bc98c54d856887a81e9ac,strict,200C,single,,,,"attained, herbal, herbal","at‌tained, he‌rbal, he‌rbal"
00472.3c51cf86307bc98c54d856887a81e9ac,00472__salted__strict__cp200D__single.3c51cf86307bc98c54d856887a81e9ac,strict,200D,single,,,,"attained, herbal, herbal","at‍tained, he‍rbal, he‍rbal"
00472.3c51cf86307bc98c54d856887a81e9ac,00472__salted__strict__cp00AD__single.3c51cf86307bc98c54d856887a81e9ac,strict,00AD,single,,,,"attained, herbal, herbal","at­tained, he­rbal, he­rbal"
00473.594d47d74b993e949b2b472af3430aed,00473__salted__strict__cp200B__single.594d47d74b993e949b2b472af3430aed,strict,200B,single,,Mortgage,Mo​rtgage,,
00473.594d47d74b993e949b2b472af3430aed,00473__salted__strict__cp200C__single.594d47d74b993e949b2b472af3430aed,strict,200C,single,,Mortgage,Mo‌rtgage,,
00473.594d47d74b993e949b2b472af3430aed,00473__salted__strict__cp200D__single.594d47d74b993e949b2b472af3430aed,strict,200D,single,,Mortgage,Mo‍rtgage,,
00473.594d47d74b993e949b2b472af3430aed,00473__salted__strict__cp00AD__single.594d47d74b993e949b2b472af3430aed,strict,00AD,single,,Mortgage,Mo­rtgage,,
00474.c1835a35419f2bbdccbabfd8547faf4a,00474__salted__strict__cp200B__single.c1835a35419f2bbdccbabfd8547faf4a,strict,200B,single,,ADV,AD​V,mailings,ma​ilings
00474.c1835a35419f2bbdccbabfd8547faf4a,00474__salted__strict__cp200C__single.c1835a35419f2bbdccbabfd8547faf4a,strict,200C,single,,ADV,AD‌V,mailings,ma‌ilings
00474.c1835a35419f2bbdccbabfd8547faf4a,00474__salted__strict__cp200D__single.c1835a35419f2bbdccbabfd8547faf4a,strict,200D,single,,ADV,AD‍V,mailings,ma‍ilings
00474.c1835a35419f2bbdccbabfd8547faf4a,00474__salted__strict__cp00AD__single.c1835a35419f2bbdccbabfd8547faf4a,strict,00AD,single,,ADV,AD­V,mailings,ma­ilings
00475.71f75afb1960d619af86e1c64dcb11fc,00475__salted__strict__cp200B__single.71f75afb1960d619af86e1c64dcb11fc,strict,200B,single,,Commissions,Co​mmissions,,
00475.71f75afb1960d619af86e1c64dcb11fc,00475__salted__strict__cp200C__single.71f75afb1960d619af86e1c64dcb11fc,strict,200C,single,,Commissions,Co‌mmissions,,
00475.71f75afb1960d619af86e1c64dcb11fc,00475__salted__strict__cp200D__single.71f75afb1960d619af86e1c64dcb11fc,strict,200D,single,,Commissions,Co‍mmissions,,
00475.71f75afb1960d619af86e1c64dcb11fc,00475__salted__strict__cp00AD__single.71f75afb1960d619af86e1c64dcb11fc,strict,00AD,single,,Commissions,Co­mmissions,,
00478.6c50ff18ef92c52a3342f1c9f090740b,00478__salted__strict__cp200B__single.6c50ff18ef92c52a3342f1c9f090740b,strict,200B,single,,Attn,At​tn,"SYSTEMWORKS, SYSTEMWORKS, SYSTEMWORKS","SY​STEMWORKS, SY​STEMWORKS, SY​STEMWORKS"
00478.6c50ff18ef92c52a3342f1c9f090740b,00478__salted__strict__cp200C__single.6c50ff18ef92c52a3342f1c9f090740b,strict,200C,single,,Attn,At‌tn,"SYSTEMWORKS, SYSTEMWORKS, SYSTEMWORKS","SY‌STEMWORKS, SY‌STEMWORKS, SY‌STEMWORKS"
00478.6c50ff18ef92c52a3342f1c9f090740b,00478__salted__strict__cp200D__single.6c50ff18ef92c52a3342f1c9f090740b,strict,200D,single,,Attn,At‍tn,"SYSTEMWORKS, SYSTEMWORKS, SYSTEMWORKS","SY‍STEMWORKS, SY‍STEMWORKS, SY‍STEMWORKS"
00478.6c50ff18ef92c52a3342f1c9f090740b,00478__salted__strict__cp00AD__single.6c50ff18ef92c52a3342f1c9f090740b,strict,00AD,single,,Attn,At­tn,"SYSTEMWORKS, SYSTEMWORKS, SYSTEMWORKS","SY­STEMWORKS, SY­STEMWORKS, SY­STEMWORKS"
00480.a5931465ca6f5b22eff24943b5c8b17d,00480__salted__strict__cp200B__single.a5931465ca6f5b22eff24943b5c8b17d,strict,200B,single,,ASSISTANCE,AS​SISTANCE,"Deposit, Receipt, USD","De​posit, Re​ceipt, US​D"
00480.a5931465ca6f5b22eff24943b5c8b17d,00480__salted__strict__cp200C__single.a5931465ca6f5b22eff24943b5c8b17d,strict,200C,single,,ASSISTANCE,AS‌SISTANCE,"Deposit, Receipt, USD","De‌posit, Re‌ceipt, US‌D"
00480.a5931465ca6f5b22eff24943b5c8b17d,00480__salted__strict__cp200D__single.a5931465ca6f5b22eff24943b5c8b17d,strict,200D,single,,ASSISTANCE,AS‍SISTANCE,"Deposit, Receipt, USD","De‍posit, Re‍ceipt, US‍D"
00480.a5931465ca6f5b22eff24943b5c8b17d,00480__salted__strict__cp00AD__single.a5931465ca6f5b22eff24943b5c8b17d,strict,00AD,single,,ASSISTANCE,AS­SISTANCE,"Deposit, Receipt, USD","De­posit, Re­ceipt, US­D"
00481.b6fbd76bcc24999350ae6a3188f3809f,00481__salted__strict__cp200B__single.b6fbd76bcc24999350ae6a3188f3809f,strict,200B,single,,,,mailings,ma​ilings
00481.b6fbd76bcc24999350ae6a3188f3809f,00481__salted__strict__cp200C__single.b6fbd76bcc24999350ae6a3188f3809f,strict,200C,single,,,,mailings,ma‌ilings
00481.b6fbd76bcc24999350ae6a3188f3809f,00481__salted__strict__cp200D__single.b6fbd76bcc24999350ae6a3188f3809f,strict,200D,single,,,,mailings,ma‍ilings
00481.b6fbd76bcc24999350ae6a3188f3809f,00481__salted__strict__cp00AD__single.b6fbd76bcc24999350ae6a3188f3809f,strict,00AD,single,,,,mailings,ma­ilings
00482.980c7ceb9333bc5027cd8d1d360a8c6f,00482__salted__strict__cp200B__single.980c7ceb9333bc5027cd8d1d360a8c6f,strict,200B,single,,,,"promotional, mailings","pr​omotional, ma​ilings"
00482.980c7ceb9333bc5027cd8d1d360a8c6f,00482__salted__strict__cp200C__single.980c7ceb9333bc5027cd8d1d360a8c6f,strict,200C,single,,,,"promotional, mailings","pr‌omotional, ma‌ilings"
00482.980c7ceb9333bc5027cd8d1d360a8c6f,00482__salted__strict__cp200D__single.980c7ceb9333bc5027cd8d1d360a8c6f,strict,200D,single,,,,"promotional, mailings","pr‍omotional, ma‍ilings"
00482.980c7ceb9333bc5027cd8d1d360a8c6f,00482__salted__strict__cp00AD__single.980c7ceb9333bc5027cd8d1d360a8c6f,strict,00AD,single,,,,"promotional, mailings","pr­omotional, ma­ilings"
00482.f839ea522f1ee459661a6b2fbd71e823,00482__salted__strict__cp200B__single.f839ea522f1ee459661a6b2fbd71e823,strict,200B,single,,ADV,AD​V,,
00482.f839ea522f1ee459661a6b2fbd71e823,00482__salted__strict__cp200C__single.f839ea522f1ee459661a6b2fbd71e823,strict,200C,single,,ADV,AD‌V,,
00482.f839ea522f1ee459661a6b2fbd71e823,00482__salted__strict__cp200D__single.f839ea522f1ee459661a6b2fbd71e823,strict,200D,single,,ADV,AD‍V,,
00482.f839ea522f1ee459661a6b2fbd71e823,00482__salted__strict__cp00AD__single.f839ea522f1ee459661a6b2fbd71e823,strict,00AD,single,,ADV,AD­V,,
00483.e583ffb0efd3958cdef2e9f3b043ef0d,00483__salted__strict__cp200B__single.e583ffb0efd3958cdef2e9f3b043ef0d,strict,200B,single,,Herbal,He​rbal,,
00483.e583ffb0efd3958cdef2e9f3b043ef0d,00483__salted__strict__cp200C__single.e583ffb0efd3958cdef2e9f3b043ef0d,strict,200C,single,,Herbal,He‌rbal,,
00483.e583ffb0efd3958cdef2e9f3b043ef0d,00483__salted__strict__cp200D__single.e583ffb0efd3958cdef2e9f3b043ef0d,strict,200D,single,,Herbal,He‍rbal,,
00483.e583ffb0efd3958cdef2e9f3b043ef0d,00483__salted__strict__cp00AD__single.e583ffb0efd3958cdef2e9f3b043ef0d,strict,00AD,single,,Herbal,He­rbal,,
00484.a34bda1ad8a88b5b21b13b8ad05d0dd3,00484__salted__strict__cp200B__single.a34bda1ad8a88b5b21b13b8ad05d0dd3,strict,200B,single,,,,"MLM, Toll, btamail","ML​M, To​ll, bt​amail"
00484.a34bda1ad8a88b5b21b13b8ad05d0dd3,00484__salted__strict__cp200C__single.a34bda1ad8a88b5b21b13b8ad05d0dd3,strict,200C,single,,,,"MLM, Toll, btamail","ML‌M, To‌ll, bt‌amail"
00484.a34bda1ad8a88b5b21b13b8ad05d0dd3,00484__salted__strict__cp200D__single.a34bda1ad8a88b5b21b13b8ad05d0dd3,strict,200D,single,,,,"MLM, Toll, btamail","ML‍M, To‍ll, bt‍amail"
00484.a34bda1ad8a88b5b21b13b8ad05d0dd3,00484__salted__strict__cp00AD__single.a34bda1ad8a88b5b21b13b8ad05d0dd3,strict,00AD,single,,,,"MLM, Toll, btamail","ML­M, To­ll, bt­amail"
00485.a5d28b804adbceff7fd75ed9fc8138bb,00485__salted__strict__cp200B__single.a5d28b804adbceff7fd75ed9fc8138bb,strict,200B,single,,,,"MLM, Toll, btamail","ML​M, To​ll, bt​amail"
00485.a5d28b804adbceff7fd75ed9fc8138bb,00485__salted__strict__cp200C__single.a5d28b804adbceff7fd75ed9fc8138bb,strict,200C,single,,,,"MLM, Toll, btamail","ML‌M, To‌ll, bt‌amail"
00485.a5d28b804adbceff7fd75ed9fc8138bb,00485__salted__strict__cp200D__single.a5d28b804adbceff7fd75ed9fc8138bb,strict,200D,single,,,,"MLM, Toll, btamail","ML‍M, To‍ll, bt‍amail"
00485.a5d28b804adbceff7fd75ed9fc8138bb,00485__salted__strict__cp00AD__single.a5d28b804adbceff7fd75ed9fc8138bb,strict,00AD,single,,,,"MLM, Toll, btamail","ML­M, To­ll, bt­amail"
00486.c0a2036a3da75d6d5ac6d19ab4b3d6ec,00486__salted__strict__cp200B__single.c0a2036a3da75d6d5ac6d19ab4b3d6ec,strict,200B,single,,,,"annuity, annuity","an​nuity, an​nuity"
00486.c0a2036a3da75d6d5ac6d19ab4b3d6ec,00486__salted__strict__cp200C__single.c0a2036a3da75d6d5ac6d19ab4b3d6ec,strict,200C,single,,,,"annuity, annuity","an‌nuity, an‌nuity"
00486.c0a2036a3da75d6d5ac6d19ab4b3d6ec,00486__salted__strict__cp200D__single.c0a2036a3da75d6d5ac6d19ab4b3d6ec,strict,200D,single,,,,"annuity, annuity","an‍nuity, an‍nuity"
00486.c0a2036a3da75d6d5ac6d19ab4b3d6ec,00486__salted__strict__cp00AD__single.c0a2036a3da75d6d5ac6d19ab4b3d6ec,strict,00AD,single,,,,"annuity, annuity","an­nuity, an­nuity"
00487.edd96ac74c081d65c2106cf51daab9d7,00487__salted__strict__cp200B__single.edd96ac74c081d65c2106cf51daab9d7,strict,200B,single,,MORTGAGE,MO​RTGAGE,,
00487.edd96ac74c081d65c2106cf51daab9d7,00487__salted__strict__cp200C__single.edd96ac74c081d65c2106cf51daab9d7,strict,200C,single,,MORTGAGE,MO‌RTGAGE,,
00487.edd96ac74c081d65c2106cf51daab9d7,00487__salted__strict__cp200D__single.edd96ac74c081d65c2106cf51daab9d7,strict,200D,single,,MORTGAGE,MO‍RTGAGE,,
00487.edd96ac74c081d65c2106cf51daab9d7,00487__salted__strict__cp00AD__single.edd96ac74c081d65c2106cf51daab9d7,strict,00AD,single,,MORTGAGE,MO­RTGAGE,,
00489.023c1d77de9365cad956a4c9118aee4b,00489__salted__strict__cp200B__single.023c1d77de9365cad956a4c9118aee4b,strict,200B,single,,,,"GUARANTEED, attained, herbal","GU​ARANTEED, at​tained, he​rbal"
00489.023c1d77de9365cad956a4c9118aee4b,00489__salted__strict__cp200C__single.023c1d77de9365cad956a4c9118aee4b,strict,200C,single,,,,"GUARANTEED, attained, herbal","GU‌ARANTEED, at‌tained, he‌rbal"
00489.023c1d77de9365cad956a4c9118aee4b,00489__salted__strict__cp200D__single.023c1d77de9365cad956a4c9118aee4b,strict,200D,single,,,,"GUARANTEED, attained, herbal","GU‍ARANTEED, at‍tained, he‍rbal"
00489.023c1d77de9365cad956a4c9118aee4b,00489__salted__strict__cp00AD__single.023c1d77de9365cad956a4c9118aee4b,strict,00AD,single,,,,"GUARANTEED, attained, herbal","GU­ARANTEED, at­tained, he­rbal"
00491.008606ae6538b605f82b61913814d3dd,00491__salted__strict__cp200B__single.008606ae6538b605f82b61913814d3dd,strict,200B,single,,,,MasterCard,Ma​sterCard
00491.008606ae6538b605f82b61913814d3dd,00491__salted__strict__cp200C__single.008606ae6538b605f82b61913814d3dd,strict,200C,single,,,,MasterCard,Ma‌sterCard
00491.008606ae6538b605f82b61913814d3dd,00491__salted__strict__cp200D__single.008606ae6538b605f82b61913814d3dd,strict,200D,single,,,,MasterCard,Ma‍sterCard
00491.008606ae6538b605f82b61913814d3dd,00491__salted__strict__cp00AD__single.008606ae6538b605f82b61913814d3dd,strict,00AD,single,,,,MasterCard,Ma­sterCard
00493.1c5f59825f7a246187c137614fb1ea82,00493__salted__strict__cp200B__single.1c5f59825f7a246187c137614fb1ea82,strict,200B,single,,GUARANTEED,GU​ARANTEED,,
00493.1c5f59825f7a246187c137614fb1ea82,00493__salted__strict__cp200C__single.1c5f59825f7a246187c137614fb1ea82,strict,200C,single,,GUARANTEED,GU‌ARANTEED,,
00493.1c5f59825f7a246187c137614fb1ea82,00493__salted__strict__cp200D__single.1c5f59825f7a246187c137614fb1ea82,strict,200D,single,,GUARANTEED,GU‍ARANTEED,,
00493.1c5f59825f7a246187c137614fb1ea82,00493__salted__strict__cp00AD__single.1c5f59825f7a246187c137614fb1ea82,strict,00AD,single,,GUARANTEED,GU­ARANTEED,,
00494.fd2efa67e63247ee89cdcf3a6fe7906d,00494__salted__strict__cp200B__single.fd2efa67e63247ee89cdcf3a6fe7906d,strict,200B,single,,,,"ATTN, assistance, confidentiality","AT​TN, as​sistance, co​nfidentiality"
00494.fd2efa67e63247ee89cdcf3a6fe7906d,00494__salted__strict__cp200C__single.fd2efa67e63247ee89cdcf3a6fe7906d,strict,200C,single,,,,"ATTN, assistance, confidentiality","AT‌TN, as‌sistance, co‌nfidentiality"
00494.fd2efa67e63247ee89cdcf3a6fe7906d,00494__salted__strict__cp200D__single.fd2efa67e63247ee89cdcf3a6fe7906d,strict,200D,single,,,,"ATTN, assistance, confidentiality","AT‍TN, as‍sistance, co‍nfidentiality"
00494.fd2efa67e63247ee89cdcf3a6fe7906d,00494__salted__strict__cp00AD__single.fd2efa67e63247ee89cdcf3a6fe7906d,strict,00AD,single,,,,"ATTN, assistance, confidentiality","AT­TN, as­sistance, co­nfidentiality"
00495.88a3a957082447d2e6cad8c9cb18b3b7,00495__salted__strict__cp200B__single.88a3a957082447d2e6cad8c9cb18b3b7,strict,200B,single,,,,btamail,bt​amail
00495.88a3a957082447d2e6cad8c9cb18b3b7,00495__salted__strict__cp200C__single.88a3a957082447d2e6cad8c9cb18b3b7,strict,200C,single,,,,btamail,bt‌amail
00495.88a3a957082447d2e6cad8c9cb18b3b7,00495__salted__strict__cp200D__single.88a3a957082447d2e6cad8c9cb18b3b7,strict,200D,single,,,,btamail,bt‍amail
00495.88a3a957082447d2e6cad8c9cb18b3b7,00495__salted__strict__cp00AD__single.88a3a957082447d2e6cad8c9cb18b3b7,strict,00AD,single,,,,btamail,bt­amail
00495.e22a609b7dc412c120d09e11544c67fb,00495__salted__strict__cp200B__single.e22a609b7dc412c120d09e11544c67fb,strict,200B,single,,,,"ASSISTANCE, DEPOSIT, FAITHFULLY","AS​SISTANCE, DE​POSIT, FA​ITHFULLY"
00495.e22a609b7dc412c120d09e11544c67fb,00495__salted__strict__cp200C__single.e22a609b7dc412c120d09e11544c67fb,strict,200C,single,,,,"ASSISTANCE, DEPOSIT, FAITHFULLY","AS‌SISTANCE, DE‌POSIT, FA‌ITHFULLY"
00495.e22a609b7dc412c120d09e11544c67fb,00495__salted__strict__cp200D__single.e22a609b7dc412c120d09e11544c67fb,strict,200D,single,,,,"ASSISTANCE, DEPOSIT, FAITHFULLY","AS‍SISTANCE, DE‍POSIT, FA‍ITHFULLY"
00495.e22a609b7dc412c120d09e11544c67fb,00495__salted__strict__cp00AD__single.e22a609b7dc412c120d09e11544c67fb,strict,00AD,single,,,,"ASSISTANCE, DEPOSIT, FAITHFULLY","AS­SISTANCE, DE­POSIT, FA­ITHFULLY"
00496.acf53035be6cb4c667fd342551c5d467,00496__salted__strict__cp200B__single.acf53035be6cb4c667fd342551c5d467,strict,200B,single,,,,"promotional, mailings","pr​omotional, ma​ilings"
00496.acf53035be6cb4c667fd342551c5d467,00496__salted__strict__cp200C__single.acf53035be6cb4c667fd342551c5d467,strict,200C,single,,,,"promotional, mailings","pr‌omotional, ma‌ilings"
00496.acf53035be6cb4c667fd342551c5d467,00496__salted__strict__cp200D__single.acf53035be6cb4c667fd342551c5d467,strict,200D,single,,,,"promotional, mailings","pr‍omotional, ma‍ilings"
00496.acf53035be6cb4c667fd342551c5d467,00496__salted__strict__cp00AD__single.acf53035be6cb4c667fd342551c5d467,strict,00AD,single,,,,"promotional, mailings","pr­omotional, ma­ilings"
00497.353a61b265f11dd0bae116c0149abbe1,00497__salted__strict__cp200B__single.353a61b265f11dd0bae116c0149abbe1,strict,200B,single,,,,"Testimonials, mailings","Te​stimonials, ma​ilings"
00497.353a61b265f11dd0bae116c0149abbe1,00497__salted__strict__cp200C__single.353a61b265f11dd0bae116c0149abbe1,strict,200C,single,,,,"Testimonials, mailings","Te‌stimonials, ma‌ilings"
00497.353a61b265f11dd0bae116c0149abbe1,00497__salted__strict__cp200D__single.353a61b265f11dd0bae116c0149abbe1,strict,200D,single,,,,"Testimonials, mailings","Te‍stimonials, ma‍ilings"
00497.353a61b265f11dd0bae116c0149abbe1,00497__salted__strict__cp00AD__single.353a61b265f11dd0bae116c0149abbe1,strict,00AD,single,,,,"Testimonials, mailings","Te­stimonials, ma­ilings"
00497.ebf699da617b11135f3aa9173b9781b9,00497__salted__strict__cp200B__single.ebf699da617b11135f3aa9173b9781b9,strict,200B,single,,MORTGAGE,MO​RTGAGE,,
00497.ebf699da617b11135f3aa9173b9781b9,00497__salted__strict__cp200C__single.ebf699da617b11135f3aa9173b9781b9,strict,200C,single,,MORTGAGE,MO‌RTGAGE,,
00497.ebf699da617b11135f3aa9173b9781b9,00497__salted__strict__cp200D__single.ebf699da617b11135f3aa9173b9781b9,strict,200D,single,,MORTGAGE,MO‍RTGAGE,,
00497.ebf699da617b11135f3aa9173b9781b9,00497__salted__strict__cp00AD__single.ebf699da617b11135f3aa9173b9781b9,strict,00AD,single,,MORTGAGE,MO­RTGAGE,,
00498.7f293b818e2e46d3a8bad44eda672947,00498__salted__strict__cp200B__single.7f293b818e2e46d3a8bad44eda672947,strict,200B,single,,,,btamail,bt​amail
00498.7f293b818e2e46d3a8bad44eda672947,00498__salted__strict__cp200C__single.7f293b818e2e46d3a8bad44eda672947,strict,200C,single,,,,btamail,bt‌amail
00498.7f293b818e2e46d3a8bad44eda672947,00498__salted__strict__cp200D__single.7f293b818e2e46d3a8bad44eda672947,strict,200D,single,,,,btamail,bt‍amail
00498.7f293b818e2e46d3a8bad44eda672947,00498__salted__strict__cp00AD__single.7f293b818e2e46d3a8bad44eda672947,strict,00AD,single,,,,btamail,bt­amail
00499.988506a852cf86b396771a8bdc8cf839,00499__salted__strict__cp200B__single.988506a852cf86b396771a8bdc8cf839,strict,200B,single,,Earn,Ea​rn,,
00499.988506a852cf86b396771a8bdc8cf839,00499__salted__strict__cp200C__single.988506a852cf86b396771a8bdc8cf839,strict,200C,single,,Earn,Ea‌rn,,
00499.988506a852cf86b396771a8bdc8cf839,00499__salted__strict__cp200D__single.988506a852cf86b396771a8bdc8cf839,strict,200D,single,,Earn,Ea‍rn,,
00499.988506a852cf86b396771a8bdc8cf839,00499__salted__strict__cp00AD__single.988506a852cf86b396771a8bdc8cf839,strict,00AD,single,,Earn,Ea­rn,,
00500.87320162ab5b79f67978406cf909c3d1,00500__salted__strict__cp200B__single.87320162ab5b79f67978406cf909c3d1,strict,200B,single,,mortgage,mo​rtgage,"refinance, mortgage, refinance","re​finance, mo​rtgage, re​finance"
00500.87320162ab5b79f67978406cf909c3d1,00500__salted__strict__cp200C__single.87320162ab5b79f67978406cf909c3d1,strict,200C,single,,mortgage,mo‌rtgage,"refinance, mortgage, refinance","re‌finance, mo‌rtgage, re‌finance"
00500.87320162ab5b79f67978406cf909c3d1,00500__salted__strict__cp200D__single.87320162ab5b79f67978406cf909c3d1,strict,200D,single,,mortgage,mo‍rtgage,"refinance, mortgage, refinance","re‍finance, mo‍rtgage, re‍finance"
00500.87320162ab5b79f67978406cf909c3d1,00500__salted__strict__cp00AD__single.87320162ab5b79f67978406cf909c3d1,strict,00AD,single,,mortgage,mo­rtgage,"refinance, mortgage, refinance","re­finance, mo­rtgage, re­finance"
00506.85af6cd716febc6265ac7b362a4a1da6,00506__salted__strict__cp200B__single.85af6cd716febc6265ac7b362a4a1da6,strict,200B,single,,MORTGAGE,MO​RTGAGE,,
00506.85af6cd716febc6265ac7b362a4a1da6,00506__salted__strict__cp200C__single.85af6cd716febc6265ac7b362a4a1da6,strict,200C,single,,MORTGAGE,MO‌RTGAGE,,
00506.85af6cd716febc6265ac7b362a4a1da6,00506__salted__strict__cp200D__single.85af6cd716febc6265ac7b362a4a1da6,strict,200D,single,,MORTGAGE,MO‍RTGAGE,,
00506.85af6cd716febc6265ac7b362a4a1da6,00506__salted__strict__cp00AD__single.85af6cd716febc6265ac7b362a4a1da6,strict,00AD,single,,MORTGAGE,MO­RTGAGE,,
00508.a5b222ad6078c7242f6c73333e009d98,00508__salted__strict__cp200B__single.a5b222ad6078c7242f6c73333e009d98,strict,200B,single,,,,"Postal, MasterCard, Billing","Po​stal, Ma​sterCard, Bi​lling"
00508.a5b222ad6078c7242f6c73333e009d98,00508__salted__strict__cp200C__single.a5b222ad6078c7242f6c73333e009d98,strict,200C,single,,,,"Postal, MasterCard, Billing","Po‌stal, Ma‌sterCard, Bi‌lling"
00508.a5b222ad6078c7242f6c73333e009d98,00508__salted__strict__cp200D__single.a5b222ad6078c7242f6c73333e009d98,strict,200D,single,,,,"Postal, MasterCard, Billing","Po‍stal, Ma‍sterCard, Bi‍lling"
00508.a5b222ad6078c7242f6c73333e009d98,00508__salted__strict__cp00AD__single.a5b222ad6078c7242f6c73333e009d98,strict,00AD,single,,,,"Postal, MasterCard, Billing","Po­stal, Ma­sterCard, Bi­lling"
00509.385c788f39e46a86be4c6af8679a0c80,00509__salted__strict__cp200B__single.385c788f39e46a86be4c6af8679a0c80,strict,200B,single,,,,"Postal, MasterCard, Billing","Po​stal, Ma​sterCard, Bi​lling"
00509.385c788f39e46a86be4c6af8679a0c80,00509__salted__strict__cp200C__single.385c788f39e46a86be4c6af8679a0c80,strict,200C,single,,,,"Postal, MasterCard, Billing","Po‌stal, Ma‌sterCard, Bi‌lling"
00509.385c788f39e46a86be4c6af8679a0c80,00509__salted__strict__cp200D__single.385c788f39e46a86be4c6af8679a0c80,strict,200D,single,,,,"Postal, MasterCard, Billing","Po‍stal, Ma‍sterCard, Bi‍lling"
00509.385c788f39e46a86be4c6af8679a0c80,00509__salted__strict__cp00AD__single.385c788f39e46a86be4c6af8679a0c80,strict,00AD,single,,,,"Postal, MasterCard, Billing","Po­stal, Ma­sterCard, Bi­lling"
00510.ce04ead27e498e82285ea6dbb0837c13,00510__salted__strict__cp200B__single.ce04ead27e498e82285ea6dbb0837c13,strict,200B,single,,adv,ad​v,,
00510.ce04ead27e498e82285ea6dbb0837c13,00510__salted__strict__cp200C__single.ce04ead27e498e82285ea6dbb0837c13,strict,200C,single,,adv,ad‌v,,
00510.ce04ead27e498e82285ea6dbb0837c13,00510__salted__strict__cp200D__single.ce04ead27e498e82285ea6dbb0837c13,strict,200D,single,,adv,ad‍v,,
00510.ce04ead27e498e82285ea6dbb0837c13,00510__salted__strict__cp00AD__single.ce04ead27e498e82285ea6dbb0837c13,strict,00AD,single,,adv,ad­v,,
00513.08c05933ceb2092de8a4866b91d6f274,00513__salted__strict__cp200B__single.08c05933ceb2092de8a4866b91d6f274,strict,200B,single,,,,Commissions,Co​mmissions
00513.08c05933ceb2092de8a4866b91d6f274,00513__salted__strict__cp200C__single.08c05933ceb2092de8a4866b91d6f274,strict,200C,single,,,,Commissions,Co‌mmissions
00513.08c05933ceb2092de8a4866b91d6f274,00513__salted__strict__cp200D__single.08c05933ceb2092de8a4866b91d6f274,strict,200D,single,,,,Commissions,Co‍mmissions
00513.08c05933ceb2092de8a4866b91d6f274,00513__salted__strict__cp00AD__single.08c05933ceb2092de8a4866b91d6f274,strict,00AD,single,,,,Commissions,Co­mmissions
00516.36cd648f23e91a831256f8ef32823573,00516__salted__strict__cp200B__single.36cd648f23e91a831256f8ef32823573,strict,200B,single,,,,"NBC, CBS, Oprah","NB​C, CB​S, Op​rah"
00516.36cd648f23e91a831256f8ef32823573,00516__salted__strict__cp200C__single.36cd648f23e91a831256f8ef32823573,strict,200C,single,,,,"NBC, CBS, Oprah","NB‌C, CB‌S, Op‌rah"
00516.36cd648f23e91a831256f8ef32823573,00516__salted__strict__cp200D__single.36cd648f23e91a831256f8ef32823573,strict,200D,single,,,,"NBC, CBS, Oprah","NB‍C, CB‍S, Op‍rah"
00516.36cd648f23e91a831256f8ef32823573,00516__salted__strict__cp00AD__single.36cd648f23e91a831256f8ef32823573,strict,00AD,single,,,,"NBC, CBS, Oprah","NB­C, CB­S, Op­rah"
00517.08bde5f35a9480cf76111e2e3ed57cca,00517__salted__strict__cp200B__single.08bde5f35a9480cf76111e2e3ed57cca,strict,200B,single,,,,"mortgage, loans","mo​rtgage, lo​ans"
00517.08bde5f35a9480cf76111e2e3ed57cca,00517__salted__strict__cp200C__single.08bde5f35a9480cf76111e2e3ed57cca,strict,200C,single,,,,"mortgage, loans","mo‌rtgage, lo‌ans"
00517.08bde5f35a9480cf76111e2e3ed57cca,00517__salted__strict__cp200D__single.08bde5f35a9480cf76111e2e3ed57cca,strict,200D,single,,,,"mortgage, loans","mo‍rtgage, lo‍ans"
00517.08bde5f35a9480cf76111e2e3ed57cca,00517__salted__strict__cp00AD__single.08bde5f35a9480cf76111e2e3ed57cca,strict,00AD,single,,,,"mortgage, loans","mo­rtgage, lo­ans"
00523.8dad1340c87f606b1f0696df64d9063c,00523__salted__strict__cp200B__single.8dad1340c87f606b1f0696df64d9063c,strict,200B,single,,MORTGAGE,MO​RTGAGE,,
00523.8dad1340c87f606b1f0696df64d9063c,00523__salted__strict__cp200C__single.8dad1340c87f606b1f0696df64d9063c,strict,200C,single,,MORTGAGE,MO‌RTGAGE,,
00523.8dad1340c87f606b1f0696df64d9063c,00523__salted__strict__cp200D__single.8dad1340c87f606b1f0696df64d9063c,strict,200D,single,,MORTGAGE,MO‍RTGAGE,,
00523.8dad1340c87f606b1f0696df64d9063c,00523__salted__strict__cp00AD__single.8dad1340c87f606b1f0696df64d9063c,strict,00AD,single,,MORTGAGE,MO­RTGAGE,,
00525.979fd0c4cc9c0f2495c564c5501a46ed,00525__salted__strict__cp200B__single.979fd0c4cc9c0f2495c564c5501a46ed,strict,200B,single,,ADV,AD​V,,
00525.979fd0c4cc9c0f2495c564c5501a46ed,00525__salted__strict__cp200C__single.979fd0c4cc9c0f2495c564c5501a46ed,strict,200C,single,,ADV,AD‌V,,
00525.979fd0c4cc9c0f2495c564c5501a46ed,00525__salted__strict__cp200D__single.979fd0c4cc9c0f2495c564c5501a46ed,strict,200D,single,,ADV,AD‍V,,
00525.979fd0c4cc9c0f2495c564c5501a46ed,00525__salted__strict__cp00AD__single.979fd0c4cc9c0f2495c564c5501a46ed,strict,00AD,single,,ADV,AD­V,,
00526.9a55d84e77b13b309a15ccce04901f94,00526__salted__strict__cp200B__single.9a55d84e77b13b309a15ccce04901f94,strict,200B,single,,HGH,HG​H,,
00526.9a55d84e77b13b309a15ccce04901f94,00526__salted__strict__cp200C__single.9a55d84e77b13b309a15ccce04901f94,strict,200C,single,,HGH,HG‌H,,
00526.9a55d84e77b13b309a15ccce04901f94,00526__salted__strict__cp200D__single.9a55d84e77b13b309a15ccce04901f94,strict,200D,single,,HGH,HG‍H,,
00526.9a55d84e77b13b309a15ccce04901f94,00526__salted__strict__cp00AD__single.9a55d84e77b13b309a15ccce04901f94,strict,00AD,single,,HGH,HG­H,,
00527.692952717b3f63cd2964ff2ff73ed91d,00527__salted__strict__cp200B__single.692952717b3f63cd2964ff2ff73ed91d,strict,200B,single,,,,"Earn, Commissions, mailings","Ea​rn, Co​mmissions, ma​ilings"
00527.692952717b3f63cd2964ff2ff73ed91d,00527__salted__strict__cp200C__single.692952717b3f63cd2964ff2ff73ed91d,strict,200C,single,,,,"Earn, Commissions, mailings","Ea‌rn, Co‌mmissions, ma‌ilings"
00527.692952717b3f63cd2964ff2ff73ed91d,00527__salted__strict__cp200D__single.692952717b3f63cd2964ff2ff73ed91d,strict,200D,single,,,,"Earn, Commissions, mailings","Ea‍rn, Co‍mmissions, ma‍ilings"
00527.692952717b3f63cd2964ff2ff73ed91d,00527__salted__strict__cp00AD__single.692952717b3f63cd2964ff2ff73ed91d,strict,00AD,single,,,,"Earn, Commissions, mailings","Ea­rn, Co­mmissions, ma­ilings"
00536.196dbf0abb48ceeeedb3a9172823702c,00536__salted__strict__cp200B__single.196dbf0abb48ceeeedb3a9172823702c,strict,200B,single,,,,"resell, resell, Mastercard","re​sell, re​sell, Ma​stercard"
00536.196dbf0abb48ceeeedb3a9172823702c,00536__salted__strict__cp200C__single.196dbf0abb48ceeeedb3a9172823702c,strict,200C,single,,,,"resell, resell, Mastercard","re‌sell, re‌sell, Ma‌stercard"
00536.196dbf0abb48ceeeedb3a9172823702c,00536__salted__strict__cp200D__single.196dbf0abb48ceeeedb3a9172823702c,strict,200D,single,,,,"resell, resell, Mastercard","re‍sell, re‍sell, Ma‍stercard"
00536.196dbf0abb48ceeeedb3a9172823702c,00536__salted__strict__cp00AD__single.196dbf0abb48ceeeedb3a9172823702c,strict,00AD,single,,,,"resell, resell, Mastercard","re­sell, re­sell, Ma­stercard"
00539.6e6f7b032b644f9b1355f46d20944350,00539__salted__strict__cp200B__single.6e6f7b032b644f9b1355f46d20944350,strict,200B,single,,,,"resell, Mastercard, specials","re​sell, Ma​stercard, sp​ecials"
00539.6e6f7b032b644f9b1355f46d20944350,00539__salted__strict__cp200C__single.6e6f7b032b644f9b1355f46d20944350,strict,200C,single,,,,"resell, Mastercard, specials","re‌sell, Ma‌stercard, sp‌ecials"
00539.6e6f7b032b644f9b1355f46d20944350,00539__salted__strict__cp200D__single.6e6f7b032b644f9b1355f46d20944350,strict,200D,single,,,,"resell, Mastercard, specials","re‍sell, Ma‍stercard, sp‍ecials"
00539.6e6f7b032b644f9b1355f46d20944350,00539__salted__strict__cp00AD__single.6e6f7b032b644f9b1355f46d20944350,strict,00AD,single,,,,"resell, Mastercard, specials","re­sell, Ma­stercard, sp­ecials"
00540.d66cdfb53617f2192367e7f327a018c7,00540__salted__strict__cp200B__single.d66cdfb53617f2192367e7f327a018c7,strict,200B,single,,mortgage,mo​rtgage,"refinance, mortgage, refinance","re​finance, mo​rtgage, re​finance"
00540.d66cdfb53617f2192367e7f327a018c7,00540__salted__strict__cp200C__single.d66cdfb53617f2192367e7f327a018c7,strict,200C,single,,mortgage,mo‌rtgage,"refinance, mortgage, refinance","re‌finance, mo‌rtgage, re‌finance"
00540.d66cdfb53617f2192367e7f327a018c7,00540__salted__strict__cp200D__single.d66cdfb53617f2192367e7f327a018c7,strict,200D,single,,mortgage,mo‍rtgage,"refinance, mortgage, refinance","re‍finance, mo‍rtgage, re‍finance"
00540.d66cdfb53617f2192367e7f327a018c7,00540__salted__strict__cp00AD__single.d66cdfb53617f2192367e7f327a018c7,strict,00AD,single,,mortgage,mo­rtgage,"refinance, mortgage, refinance","re­finance, mo­rtgage, re­finance"
00541.b3145925dccfa163547afa1299e61807,00541__salted__strict__cp200B__single.b3145925dccfa163547afa1299e61807,strict,200B,single,,Refinance,Re​finance,,
00541.b3145925dccfa163547afa1299e61807,00541__salted__strict__cp200C__single.b3145925dccfa163547afa1299e61807,strict,200C,single,,Refinance,Re‌finance,,
00541.b3145925dccfa163547afa1299e61807,00541__salted__strict__cp200D__single.b3145925dccfa163547afa1299e61807,strict,200D,single,,Refinance,Re‍finance,,
00541.b3145925dccfa163547afa1299e61807,00541__salted__strict__cp00AD__single.b3145925dccfa163547afa1299e61807,strict,00AD,single,,Refinance,Re­finance,,
00543.e69bd0a0effd4a12537fb358d79ea337,00543__salted__strict__cp200B__single.e69bd0a0effd4a12537fb358d79ea337,strict,200B,single,,,,mailings,ma​ilings
00543.e69bd0a0effd4a12537fb358d79ea337,00543__salted__strict__cp200C__single.e69bd0a0effd4a12537fb358d79ea337,strict,200C,single,,,,mailings,ma‌ilings
00543.e69bd0a0effd4a12537fb358d79ea337,00543__salted__strict__cp200D__single.e69bd0a0effd4a12537fb358d79ea337,strict,200D,single,,,,mailings,ma‍ilings
00543.e69bd0a0effd4a12537fb358d79ea337,00543__salted__strict__cp00AD__single.e69bd0a0effd4a12537fb358d79ea337,strict,00AD,single,,,,mailings,ma­ilings
00544.b40f8f2923fe96b02cd7c46fef0adea0,00544__salted__strict__cp200B__single.b40f8f2923fe96b02cd7c46fef0adea0,strict,200B,single,,ADV,AD​V,,
00544.b40f8f2923fe96b02cd7c46fef0adea0,00544__salted__strict__cp200C__single.b40f8f2923fe96b02cd7c46fef0adea0,strict,200C,single,,ADV,AD‌V,,
00544.b40f8f2923fe96b02cd7c46fef0adea0,00544__salted__strict__cp200D__single.b40f8f2923fe96b02cd7c46fef0adea0,strict,200D,single,,ADV,AD‍V,,
00544.b40f8f2923fe96b02cd7c46fef0adea0,00544__salted__strict__cp00AD__single.b40f8f2923fe96b02cd7c46fef0adea0,strict,00AD,single,,ADV,AD­V,,
00545.296b31ed5391f5e3674c734171643f45,00545__salted__strict__cp200B__single.296b31ed5391f5e3674c734171643f45,strict,200B,single,,inkjet,in​kjet,,
00545.296b31ed5391f5e3674c734171643f45,00545__salted__strict__cp200C__single.296b31ed5391f5e3674c734171643f45,strict,200C,single,,inkjet,in‌kjet,,
00545.296b31ed5391f5e3674c734171643f45,00545__salted__strict__cp200D__single.296b31ed5391f5e3674c734171643f45,strict,200D,single,,inkjet,in‍kjet,,
00545.296b31ed5391f5e3674c734171643f45,00545__salted__strict__cp00AD__single.296b31ed5391f5e3674c734171643f45,strict,00AD,single,,inkjet,in­kjet,,
00546.86d0c1b7a2080d8b2068935ab83cab03,00546__salted__strict__cp200B__single.86d0c1b7a2080d8b2068935ab83cab03,strict,200B,single,,,,"NBC, CBS, Oprah","NB​C, CB​S, Op​rah"
00546.86d0c1b7a2080d8b2068935ab83cab03,00546__salted__strict__cp200C__single.86d0c1b7a2080d8b2068935ab83cab03,strict,200C,single,,,,"NBC, CBS, Oprah","NB‌C, CB‌S, Op‌rah"
00546.86d0c1b7a2080d8b2068935ab83cab03,00546__salted__strict__cp200D__single.86d0c1b7a2080d8b2068935ab83cab03,strict,200D,single,,,,"NBC, CBS, Oprah","NB‍C, CB‍S, Op‍rah"
00546.86d0c1b7a2080d8b2068935ab83cab03,00546__salted__strict__cp00AD__single.86d0c1b7a2080d8b2068935ab83cab03,strict,00AD,single,,,,"NBC, CBS, Oprah","NB­C, CB­S, Op­rah"
00547.8519a982bb78c6994959d9a4b3d4c9a3,00547__salted__strict__cp200B__single.8519a982bb78c6994959d9a4b3d4c9a3,strict,200B,single,,ADV,AD​V,,
00547.8519a982bb78c6994959d9a4b3d4c9a3,00547__salted__strict__cp200C__single.8519a982bb78c6994959d9a4b3d4c9a3,strict,200C,single,,ADV,AD‌V,,
00547.8519a982bb78c6994959d9a4b3d4c9a3,00547__salted__strict__cp200D__single.8519a982bb78c6994959d9a4b3d4c9a3,strict,200D,single,,ADV,AD‍V,,
00547.8519a982bb78c6994959d9a4b3d4c9a3,00547__salted__strict__cp00AD__single.8519a982bb78c6994959d9a4b3d4c9a3,strict,00AD,single,,ADV,AD­V,,
00552.877d8dbff829787aa8349b433a8421f0,00552__salted__strict__cp200B__single.877d8dbff829787aa8349b433a8421f0,strict,200B,single,,Mortgage,Mo​rtgage,,
00552.877d8dbff829787aa8349b433a8421f0,00552__salted__strict__cp200C__single.877d8dbff829787aa8349b433a8421f0,strict,200C,single,,Mortgage,Mo‌rtgage,,
00552.877d8dbff829787aa8349b433a8421f0,00552__salted__strict__cp200D__single.877d8dbff829787aa8349b433a8421f0,strict,200D,single,,Mortgage,Mo‍rtgage,,
00552.877d8dbff829787aa8349b433a8421f0,00552__salted__strict__cp00AD__single.877d8dbff829787aa8349b433a8421f0,strict,00AD,single,,Mortgage,Mo­rtgage,,
00553.4e22bb923ee41a61d04f8b275157366b,00553__salted__strict__cp200B__single.4e22bb923ee41a61d04f8b275157366b,strict,200B,single,,ADV,AD​V,,
00553.4e22bb923ee41a61d04f8b275157366b,00553__salted__strict__cp200C__single.4e22bb923ee41a61d04f8b275157366b,strict,200C,single,,ADV,AD‌V,,
00553.4e22bb923ee41a61d04f8b275157366b,00553__salted__strict__cp200D__single.4e22bb923ee41a61d04f8b275157366b,strict,200D,single,,ADV,AD‍V,,
00553.4e22bb923ee41a61d04f8b275157366b,00553__salted__strict__cp00AD__single.4e22bb923ee41a61d04f8b275157366b,strict,00AD,single,,ADV,AD­V,,
00554.c325ab7400fb7e3f053ed0cac4ed7545,00554__salted__strict__cp200B__single.c325ab7400fb7e3f053ed0cac4ed7545,strict,200B,single,,Assistance,As​sistance,"utmost, confidentiality, assistance","ut​most, co​nfidentiality, as​sistance"
00554.c325ab7400fb7e3f053ed0cac4ed7545,00554__salted__strict__cp200C__single.c325ab7400fb7e3f053ed0cac4ed7545,strict,200C,single,,Assistance,As‌sistance,"utmost, confidentiality, assistance","ut‌most, co‌nfidentiality, as‌sistance"
00554.c325ab7400fb7e3f053ed0cac4ed7545,00554__salted__strict__cp200D__single.c325ab7400fb7e3f053ed0cac4ed7545,strict,200D,single,,Assistance,As‍sistance,"utmost, confidentiality, assistance","ut‍most, co‍nfidentiality, as‍sistance"
00554.c325ab7400fb7e3f053ed0cac4ed7545,00554__salted__strict__cp00AD__single.c325ab7400fb7e3f053ed0cac4ed7545,strict,00AD,single,,Assistance,As­sistance,"utmost, confidentiality, assistance","ut­most, co­nfidentiality, as­sistance"
00558.dcb747a55d9b7d4f9ca6c66717bd36c7,00558__salted__strict__cp200B__single.dcb747a55d9b7d4f9ca6c66717bd36c7,strict,200B,single,,HGH,HG​H,,
00558.dcb747a55d9b7d4f9ca6c66717bd36c7,00558__salted__strict__cp200C__single.dcb747a55d9b7d4f9ca6c66717bd36c7,strict,200C,single,,HGH,HG‌H,,
00558.dcb747a55d9b7d4f9ca6c66717bd36c7,00558__salted__strict__cp200D__single.dcb747a55d9b7d4f9ca6c66717bd36c7,strict,200D,single,,HGH,HG‍H,,
00558.dcb747a55d9b7d4f9ca6c66717bd36c7,00558__salted__strict__cp00AD__single.dcb747a55d9b7d4f9ca6c66717bd36c7,strict,00AD,single,,HGH,HG­H,,
00560.dfc4142bdb51d4ac3f9a3460c9254a18,00560__salted__strict__cp200B__single.dfc4142bdb51d4ac3f9a3460c9254a18,strict,200B,single,,,,Guaranteed,Gu​aranteed
00560.dfc4142bdb51d4ac3f9a3460c9254a18,00560__salted__strict__cp200C__single.dfc4142bdb51d4ac3f9a3460c9254a18,strict,200C,single,,,,Guaranteed,Gu‌aranteed
00560.dfc4142bdb51d4ac3f9a3460c9254a18,00560__salted__strict__cp200D__single.dfc4142bdb51d4ac3f9a3460c9254a18,strict,200D,single,,,,Guaranteed,Gu‍aranteed
00560.dfc4142bdb51d4ac3f9a3460c9254a18,00560__salted__strict__cp00AD__single.dfc4142bdb51d4ac3f9a3460c9254a18,strict,00AD,single,,,,Guaranteed,Gu­aranteed
00561.c1919574614e88fbabbfb266153560f2,00561__salted__strict__cp200B__single.c1919574614e88fbabbfb266153560f2,strict,200B,single,,,,"NBC, CBS, Oprah","NB​C, CB​S, Op​rah"
00561.c1919574614e88fbabbfb266153560f2,00561__salted__strict__cp200C__single.c1919574614e88fbabbfb266153560f2,strict,200C,single,,,,"NBC, CBS, Oprah","NB‌C, CB‌S, Op‌rah"
00561.c1919574614e88fbabbfb266153560f2,00561__salted__strict__cp200D__single.c1919574614e88fbabbfb266153560f2,strict,200D,single,,,,"NBC, CBS, Oprah","NB‍C, CB‍S, Op‍rah"
00561.c1919574614e88fbabbfb266153560f2,00561__salted__strict__cp00AD__single.c1919574614e88fbabbfb266153560f2,strict,00AD,single,,,,"NBC, CBS, Oprah","NB­C, CB­S, Op­rah"
00562.09f8bb89193c2c5b8e8722ea0aa170a9,00562__salted__strict__cp200B__single.09f8bb89193c2c5b8e8722ea0aa170a9,strict,200B,single,,,,"promotional, mailings","pr​omotional, ma​ilings"
00562.09f8bb89193c2c5b8e8722ea0aa170a9,00562__salted__strict__cp200C__single.09f8bb89193c2c5b8e8722ea0aa170a9,strict,200C,single,,,,"promotional, mailings","pr‌omotional, ma‌ilings"
00562.09f8bb89193c2c5b8e8722ea0aa170a9,00562__salted__strict__cp200D__single.09f8bb89193c2c5b8e8722ea0aa170a9,strict,200D,single,,,,"promotional, mailings","pr‍omotional, ma‍ilings"
00562.09f8bb89193c2c5b8e8722ea0aa170a9,00562__salted__strict__cp00AD__single.09f8bb89193c2c5b8e8722ea0aa170a9,strict,00AD,single,,,,"promotional, mailings","pr­omotional, ma­ilings"
00565.a1a4b8367b5c7f5e865df0539b52969a,00565__salted__strict__cp200B__single.a1a4b8367b5c7f5e865df0539b52969a,strict,200B,single,,Annuity,An​nuity,"ANNUITY, Guaranteed, mailings","AN​NUITY, Gu​aranteed, ma​ilings"
00565.a1a4b8367b5c7f5e865df0539b52969a,00565__salted__strict__cp200C__single.a1a4b8367b5c7f5e865df0539b52969a,strict,200C,single,,Annuity,An‌nuity,"ANNUITY, Guaranteed, mailings","AN‌NUITY, Gu‌aranteed, ma‌ilings"
00565.a1a4b8367b5c7f5e865df0539b52969a,00565__salted__strict__cp200D__single.a1a4b8367b5c7f5e865df0539b52969a,strict,200D,single,,Annuity,An‍nuity,"ANNUITY, Guaranteed, mailings","AN‍NUITY, Gu‍aranteed, ma‍ilings"
00565.a1a4b8367b5c7f5e865df0539b52969a,00565__salted__strict__cp00AD__single.a1a4b8367b5c7f5e865df0539b52969a,strict,00AD,single,,Annuity,An­nuity,"ANNUITY, Guaranteed, mailings","AN­NUITY, Gu­aranteed, ma­ilings"
00573.f33cc9f9253eda8eceaa7ace8f1a0f50,00573__salted__strict__cp200B__single.f33cc9f9253eda8eceaa7ace8f1a0f50,strict,200B,single,,,,"Postal, Promotional, POSTAL","Po​stal, Pr​omotional, PO​STAL"
00573.f33cc9f9253eda8eceaa7ace8f1a0f50,00573__salted__strict__cp200C__single.f33cc9f9253eda8eceaa7ace8f1a0f50,strict,200C,single,,,,"Postal, Promotional, POSTAL","Po‌stal, Pr‌omotional, PO‌STAL"
00573.f33cc9f9253eda8eceaa7ace8f1a0f50,00573__salted__strict__cp200D__single.f33cc9f9253eda8eceaa7ace8f1a0f50,strict,200D,single,,,,"Postal, Promotional, POSTAL","Po‍stal, Pr‍omotional, PO‍STAL"
00573.f33cc9f9253eda8eceaa7ace8f1a0f50,00573__salted__strict__cp00AD__single.f33cc9f9253eda8eceaa7ace8f1a0f50,strict,00AD,single,,,,"Postal, Promotional, POSTAL","Po­stal, Pr­omotional, PO­STAL"
00575.cbefce767b904bb435fd9162d7165e9e,00575__salted__strict__cp200B__single.cbefce767b904bb435fd9162d7165e9e,strict,200B,single,,MLM,ML​M,"MLM, MLM, MLM","ML​M, ML​M, ML​M"
00575.cbefce767b904bb435fd9162d7165e9e,00575__salted__strict__cp200C__single.cbefce767b904bb435fd9162d7165e9e,strict,200C,single,,MLM,ML‌M,"MLM, MLM, MLM","ML‌M, ML‌M, ML‌M"
00575.cbefce767b904bb435fd9162d7165e9e,00575__salted__strict__cp200D__single.cbefce767b904bb435fd9162d7165e9e,strict,200D,single,,MLM,ML‍M,"MLM, MLM, MLM","ML‍M, ML‍M, ML‍M"
00575.cbefce767b904bb435fd9162d7165e9e,00575__salted__strict__cp00AD__single.cbefce767b904bb435fd9162d7165e9e,strict,00AD,single,,MLM,ML­M,"MLM, MLM, MLM","ML­M, ML­M, ML­M"
00582.2db3b12f1cbf87ef3a64d26c35561a5b,00582__salted__strict__cp200B__single.2db3b12f1cbf87ef3a64d26c35561a5b,strict,200B,single,,ADV,AD​V,,
00582.2db3b12f1cbf87ef3a64d26c35561a5b,00582__salted__strict__cp200C__single.2db3b12f1cbf87ef3a64d26c35561a5b,strict,200C,single,,ADV,AD‌V,,
00582.2db3b12f1cbf87ef3a64d26c35561a5b,00582__salted__strict__cp200D__single.2db3b12f1cbf87ef3a64d26c35561a5b,strict,200D,single,,ADV,AD‍V,,
00582.2db3b12f1cbf87ef3a64d26c35561a5b,00582__salted__strict__cp00AD__single.2db3b12f1cbf87ef3a64d26c35561a5b,strict,00AD,single,,ADV,AD­V,,
00583.b780ea187746d4722e9a684fe34f0cc9,00583__salted__strict__cp200B__single.b780ea187746d4722e9a684fe34f0cc9,strict,200B,single,,,,"guaranteed, mailings","gu​aranteed, ma​ilings"
00583.b780ea187746d4722e9a684fe34f0cc9,00583__salted__strict__cp200C__single.b780ea187746d4722e9a684fe34f0cc9,strict,200C,single,,,,"guaranteed, mailings","gu‌aranteed, ma‌ilings"
00583.b780ea187746d4722e9a684fe34f0cc9,00583__salted__strict__cp200D__single.b780ea187746d4722e9a684fe34f0cc9,strict,200D,single,,,,"guaranteed, mailings","gu‍aranteed, ma‍ilings"
00583.b780ea187746d4722e9a684fe34f0cc9,00583__salted__strict__cp00AD__single.b780ea187746d4722e9a684fe34f0cc9,strict,00AD,single,,,,"guaranteed, mailings","gu­aranteed, ma­ilings"
00584.0f2dbef1c4238beb69443e0273484d76,00584__salted__strict__cp200B__single.0f2dbef1c4238beb69443e0273484d76,strict,200B,single,,,,"NBC, CBS, Oprah","NB​C, CB​S, Op​rah"
00584.0f2dbef1c4238beb69443e0273484d76,00584__salted__strict__cp200C__single.0f2dbef1c4238beb69443e0273484d76,strict,200C,single,,,,"NBC, CBS, Oprah","NB‌C, CB‌S, Op‌rah"
00584.0f2dbef1c4238beb69443e0273484d76,00584__salted__strict__cp200D__single.0f2dbef1c4238beb69443e0273484d76,strict,200D,single,,,,"NBC, CBS, Oprah","NB‍C, CB‍S, Op‍rah"
00584.0f2dbef1c4238beb69443e0273484d76,00584__salted__strict__cp00AD__single.0f2dbef1c4238beb69443e0273484d76,strict,00AD,single,,,,"NBC, CBS, Oprah","NB­C, CB­S, Op­rah"
00592.8da31ade2e259569f9741cca3d98d952,00592__salted__strict__cp200B__single.8da31ade2e259569f9741cca3d98d952,strict,200B,single,,,,"Mortgage, Lenders, refinance","Mo​rtgage, Le​nders, re​finance"
00592.8da31ade2e259569f9741cca3d98d952,00592__salted__strict__cp200C__single.8da31ade2e259569f9741cca3d98d952,strict,200C,single,,,,"Mortgage, Lenders, refinance","Mo‌rtgage, Le‌nders, re‌finance"
00592.8da31ade2e259569f9741cca3d98d952,00592__salted__strict__cp200D__single.8da31ade2e259569f9741cca3d98d952,strict,200D,single,,,,"Mortgage, Lenders, refinance","Mo‍rtgage, Le‍nders, re‍finance"
00592.8da31ade2e259569f9741cca3d98d952,00592__salted__strict__cp00AD__single.8da31ade2e259569f9741cca3d98d952,strict,00AD,single,,,,"Mortgage, Lenders, refinance","Mo­rtgage, Le­nders, re­finance"
00595.11ff52fbcc4dfc5ddd499c27746b2c8b,00595__salted__strict__cp200B__single.11ff52fbcc4dfc5ddd499c27746b2c8b,strict,200B,single,,Systemworks,Sy​stemworks,,
00595.11ff52fbcc4dfc5ddd499c27746b2c8b,00595__salted__strict__cp200C__single.11ff52fbcc4dfc5ddd499c27746b2c8b,strict,200C,single,,Systemworks,Sy‌stemworks,,
00595.11ff52fbcc4dfc5ddd499c27746b2c8b,00595__salted__strict__cp200D__single.11ff52fbcc4dfc5ddd499c27746b2c8b,strict,200D,single,,Systemworks,Sy‍stemworks,,
00595.11ff52fbcc4dfc5ddd499c27746b2c8b,00595__salted__strict__cp00AD__single.11ff52fbcc4dfc5ddd499c27746b2c8b,strict,00AD,single,,Systemworks,Sy­stemworks,,
00597.77c914c24bd38a4cfa7ef06aae438d17,00597__salted__strict__cp200B__single.77c914c24bd38a4cfa7ef06aae438d17,strict,200B,single,,ADV,AD​V,toll,to​ll
00597.77c914c24bd38a4cfa7ef06aae438d17,00597__salted__strict__cp200C__single.77c914c24bd38a4cfa7ef06aae438d17,strict,200C,single,,ADV,AD‌V,toll,to‌ll
00597.77c914c24bd38a4cfa7ef06aae438d17,00597__salted__strict__cp200D__single.77c914c24bd38a4cfa7ef06aae438d17,strict,200D,single,,ADV,AD‍V,toll,to‍ll
00597.77c914c24bd38a4cfa7ef06aae438d17,00597__salted__strict__cp00AD__single.77c914c24bd38a4cfa7ef06aae438d17,strict,00AD,single,,ADV,AD­V,toll,to­ll
00598.55751466eb0cbc307da570a603daa3d6,00598__salted__strict__cp200B__single.55751466eb0cbc307da570a603daa3d6,strict,200B,single,,Earn,Ea​rn,"earn, Guaranteed, mailings","ea​rn, Gu​aranteed, ma​ilings"
00598.55751466eb0cbc307da570a603daa3d6,00598__salted__strict__cp200C__single.55751466eb0cbc307da570a603daa3d6,strict,200C,single,,Earn,Ea‌rn,"earn, Guaranteed, mailings","ea‌rn, Gu‌aranteed, ma‌ilings"
00598.55751466eb0cbc307da570a603daa3d6,00598__salted__strict__cp200D__single.55751466eb0cbc307da570a603daa3d6,strict,200D,single,,Earn,Ea‍rn,"earn, Guaranteed, mailings","ea‍rn, Gu‍aranteed, ma‍ilings"
00598.55751466eb0cbc307da570a603daa3d6,00598__salted__strict__cp00AD__single.55751466eb0cbc307da570a603daa3d6,strict,00AD,single,,Earn,Ea­rn,"earn, Guaranteed, mailings","ea­rn, Gu­aranteed, ma­ilings"
00600.d113e8e0ac2d8d42f500f4faef61061b,00600__salted__strict__cp200B__single.d113e8e0ac2d8d42f500f4faef61061b,strict,200B,single,,,,"resell, resell, Mastercard","re​sell, re​sell, Ma​stercard"
00600.d113e8e0ac2d8d42f500f4faef61061b,00600__salted__strict__cp200C__single.d113e8e0ac2d8d42f500f4faef61061b,strict,200C,single,,,,"resell, resell, Mastercard","re‌sell, re‌sell, Ma‌stercard"
00600.d113e8e0ac2d8d42f500f4faef61061b,00600__salted__strict__cp200D__single.d113e8e0ac2d8d42f500f4faef61061b,strict,200D,single,,,,"resell, resell, Mastercard","re‍sell, re‍sell, Ma‍stercard"
00600.d113e8e0ac2d8d42f500f4faef61061b,00600__salted__strict__cp00AD__single.d113e8e0ac2d8d42f500f4faef61061b,strict,00AD,single,,,,"resell, resell, Mastercard","re­sell, re­sell, Ma­stercard"
00605.8a2e83e442d0052a2b2e9cff1ef0793c,00605__salted__strict__cp200B__single.8a2e83e442d0052a2b2e9cff1ef0793c,strict,200B,single,,Mortgage,Mo​rtgage,mortgage,mo​rtgage
00605.8a2e83e442d0052a2b2e9cff1ef0793c,00605__salted__strict__cp200C__single.8a2e83e442d0052a2b2e9cff1ef0793c,strict,200C,single,,Mortgage,Mo‌rtgage,mortgage,mo‌rtgage
00605.8a2e83e442d0052a2b2e9cff1ef0793c,00605__salted__strict__cp200D__single.8a2e83e442d0052a2b2e9cff1ef0793c,strict,200D,single,,Mortgage,Mo‍rtgage,mortgage,mo‍rtgage
00605.8a2e83e442d0052a2b2e9cff1ef0793c,00605__salted__strict__cp00AD__single.8a2e83e442d0052a2b2e9cff1ef0793c,strict,00AD,single,,Mortgage,Mo­rtgage,mortgage,mo­rtgage
00606.f078f6f48ae2e41f553882449f2aa613,00606__salted__strict__cp200B__single.f078f6f48ae2e41f553882449f2aa613,strict,200B,single,,MORTGAGE,MO​RTGAGE,,
00606.f078f6f48ae2e41f553882449f2aa613,00606__salted__strict__cp200C__single.f078f6f48ae2e41f553882449f2aa613,strict,200C,single,,MORTGAGE,MO‌RTGAGE,,
00606.f078f6f48ae2e41f553882449f2aa613,00606__salted__strict__cp200D__single.f078f6f48ae2e41f553882449f2aa613,strict,200D,single,,MORTGAGE,MO‍RTGAGE,,
00606.f078f6f48ae2e41f553882449f2aa613,00606__salted__strict__cp00AD__single.f078f6f48ae2e41f553882449f2aa613,strict,00AD,single,,MORTGAGE,MO­RTGAGE,,
00609.4dfe7912017772587dc62fecc3cf6553,00609__salted__strict__cp200B__single.4dfe7912017772587dc62fecc3cf6553,strict,200B,single,,,,"guaranteed, MORTGAGE, btamail","gu​aranteed, MO​RTGAGE, bt​amail"
00609.4dfe7912017772587dc62fecc3cf6553,00609__salted__strict__cp200C__single.4dfe7912017772587dc62fecc3cf6553,strict,200C,single,,,,"guaranteed, MORTGAGE, btamail","gu‌aranteed, MO‌RTGAGE, bt‌amail"
00609.4dfe7912017772587dc62fecc3cf6553,00609__salted__strict__cp200D__single.4dfe7912017772587dc62fecc3cf6553,strict,200D,single,,,,"guaranteed, MORTGAGE, btamail","gu‍aranteed, MO‍RTGAGE, bt‍amail"
00609.4dfe7912017772587dc62fecc3cf6553,00609__salted__strict__cp00AD__single.4dfe7912017772587dc62fecc3cf6553,strict,00AD,single,,,,"guaranteed, MORTGAGE, btamail","gu­aranteed, MO­RTGAGE, bt­amail"
00611.58f9a1db64c83da2bfd3b1acf8d38338,00611__salted__strict__cp200B__single.58f9a1db64c83da2bfd3b1acf8d38338,strict,200B,single,,,,"ASSISTANCE, assistance, deposit","AS​SISTANCE, as​sistance, de​posit"
00611.58f9a1db64c83da2bfd3b1acf8d38338,00611__salted__strict__cp200C__single.58f9a1db64c83da2bfd3b1acf8d38338,strict,200C,single,,,,"ASSISTANCE, assistance, deposit","AS‌SISTANCE, as‌sistance, de‌posit"
00611.58f9a1db64c83da2bfd3b1acf8d38338,00611__salted__strict__cp200D__single.58f9a1db64c83da2bfd3b1acf8d38338,strict,200D,single,,,,"ASSISTANCE, assistance, deposit","AS‍SISTANCE, as‍sistance, de‍posit"
00611.58f9a1db64c83da2bfd3b1acf8d38338,00611__salted__strict__cp00AD__single.58f9a1db64c83da2bfd3b1acf8d38338,strict,00AD,single,,,,"ASSISTANCE, assistance, deposit","AS­SISTANCE, as­sistance, de­posit"
00612.cd362b97ee34d41e72a66ed5199dd62e,00612__salted__strict__cp200B__single.cd362b97ee34d41e72a66ed5199dd62e,strict,200B,single,,,,honesty,ho​nesty
00612.cd362b97ee34d41e72a66ed5199dd62e,00612__salted__strict__cp200C__single.cd362b97ee34d41e72a66ed5199dd62e,strict,200C,single,,,,honesty,ho‌nesty
00612.cd362b97ee34d41e72a66ed5199dd62e,00612__salted__strict__cp200D__single.cd362b97ee34d41e72a66ed5199dd62e,strict,200D,single,,,,honesty,ho‍nesty
00612.cd362b97ee34d41e72a66ed5199dd62e,00612__salted__strict__cp00AD__single.cd362b97ee34d41e72a66ed5199dd62e,strict,00AD,single,,,,honesty,ho­nesty
00613.047cf0bcc74950bd9e1eaf8d336c385c,00613__salted__strict__cp200B__single.047cf0bcc74950bd9e1eaf8d336c385c,strict,200B,single,,,,"Annuity, guaranteed, Annuity","An​nuity, gu​aranteed, An​nuity"
00613.047cf0bcc74950bd9e1eaf8d336c385c,00613__salted__strict__cp200C__single.047cf0bcc74950bd9e1eaf8d336c385c,strict,200C,single,,,,"Annuity, guaranteed, Annuity","An‌nuity, gu‌aranteed, An‌nuity"
00613.047cf0bcc74950bd9e1eaf8d336c385c,00613__salted__strict__cp200D__single.047cf0bcc74950bd9e1eaf8d336c385c,strict,200D,single,,,,"Annuity, guaranteed, Annuity","An‍nuity, gu‍aranteed, An‍nuity"
00613.047cf0bcc74950bd9e1eaf8d336c385c,00613__salted__strict__cp00AD__single.047cf0bcc74950bd9e1eaf8d336c385c,strict,00AD,single,,,,"Annuity, guaranteed, Annuity","An­nuity, gu­aranteed, An­nuity"
00615.e47bff6118d4ff6d98581fa6f40ab871,00615__salted__strict__cp200B__single.e47bff6118d4ff6d98581fa6f40ab871,strict,200B,single,,,,"lagos, Attn, receipt","la​gos, At​tn, re​ceipt"
00615.e47bff6118d4ff6d98581fa6f40ab871,00615__salted__strict__cp200C__single.e47bff6118d4ff6d98581fa6f40ab871,strict,200C,single,,,,"lagos, Attn, receipt","la‌gos, At‌tn, re‌ceipt"
00615.e47bff6118d4ff6d98581fa6f40ab871,00615__salted__strict__cp200D__single.e47bff6118d4ff6d98581fa6f40ab871,strict,200D,single,,,,"lagos, Attn, receipt","la‍gos, At‍tn, re‍ceipt"
00615.e47bff6118d4ff6d98581fa6f40ab871,00615__salted__strict__cp00AD__single.e47bff6118d4ff6d98581fa6f40ab871,strict,00AD,single,,,,"lagos, Attn, receipt","la­gos, At­tn, re­ceipt"
00616.1e86f2d3478f10a3a413844bba74f450,00616__salted__strict__cp200B__single.1e86f2d3478f10a3a413844bba74f450,strict,200B,single,,,,"lagos, Attn, receipt","la​gos, At​tn, re​ceipt"
00616.1e86f2d3478f10a3a413844bba74f450,00616__salted__strict__cp200C__single.1e86f2d3478f10a3a413844bba74f450,strict,200C,single,,,,"lagos, Attn, receipt","la‌gos, At‌tn, re‌ceipt"
00616.1e86f2d3478f10a3a413844bba74f450,00616__salted__strict__cp200D__single.1e86f2d3478f10a3a413844bba74f450,strict,200D,single,,,,"lagos, Attn, receipt","la‍gos, At‍tn, re‍ceipt"
00616.1e86f2d3478f10a3a413844bba74f450,00616__salted__strict__cp00AD__single.1e86f2d3478f10a3a413844bba74f450,strict,00AD,single,,,,"lagos, Attn, receipt","la­gos, At­tn, re­ceipt"
00623.f80874598b1a22fbaa5d979d14d8ca2e,00623__salted__strict__cp200B__single.f80874598b1a22fbaa5d979d14d8ca2e,strict,200B,single,,mortgage,mo​rtgage,"refinance, refinance","re​finance, re​finance"
00623.f80874598b1a22fbaa5d979d14d8ca2e,00623__salted__strict__cp200C__single.f80874598b1a22fbaa5d979d14d8ca2e,strict,200C,single,,mortgage,mo‌rtgage,"refinance, refinance","re‌finance, re‌finance"
00623.f80874598b1a22fbaa5d979d14d8ca2e,00623__salted__strict__cp200D__single.f80874598b1a22fbaa5d979d14d8ca2e,strict,200D,single,,mortgage,mo‍rtgage,"refinance, refinance","re‍finance, re‍finance"
00623.f80874598b1a22fbaa5d979d14d8ca2e,00623__salted__strict__cp00AD__single.f80874598b1a22fbaa5d979d14d8ca2e,strict,00AD,single,,mortgage,mo­rtgage,"refinance, refinance","re­finance, re­finance"
00628.c8b4109860178c05436e1e855ba2e9bf,00628__salted__strict__cp200B__single.c8b4109860178c05436e1e855ba2e9bf,strict,200B,single,,ADV,AD​V,,
00628.c8b4109860178c05436e1e855ba2e9bf,00628__salted__strict__cp200C__single.c8b4109860178c05436e1e855ba2e9bf,strict,200C,single,,ADV,AD‌V,,
00628.c8b4109860178c05436e1e855ba2e9bf,00628__salted__strict__cp200D__single.c8b4109860178c05436e1e855ba2e9bf,strict,200D,single,,ADV,AD‍V,,
00628.c8b4109860178c05436e1e855ba2e9bf,00628__salted__strict__cp00AD__single.c8b4109860178c05436e1e855ba2e9bf,strict,00AD,single,,ADV,AD­V,,
00629.5feadfcb7530c08a54c98178600b2f70,00629__salted__strict__cp200B__single.5feadfcb7530c08a54c98178600b2f70,strict,200B,single,,,,mailings,ma​ilings
00629.5feadfcb7530c08a54c98178600b2f70,00629__salted__strict__cp200C__single.5feadfcb7530c08a54c98178600b2f70,strict,200C,single,,,,mailings,ma‌ilings
00629.5feadfcb7530c08a54c98178600b2f70,00629__salted__strict__cp200D__single.5feadfcb7530c08a54c98178600b2f70,strict,200D,single,,,,mailings,ma‍ilings
00629.5feadfcb7530c08a54c98178600b2f70,00629__salted__strict__cp00AD__single.5feadfcb7530c08a54c98178600b2f70,strict,00AD,single,,,,mailings,ma­ilings
00630.ece73cd5ba46bf19ac2ceb9d7e21cea1,00630__salted__strict__cp200B__single.ece73cd5ba46bf19ac2ceb9d7e21cea1,strict,200B,single,,ADV,AD​V,,
00630.ece73cd5ba46bf19ac2ceb9d7e21cea1,00630__salted__strict__cp200C__single.ece73cd5ba46bf19ac2ceb9d7e21cea1,strict,200C,single,,ADV,AD‌V,,
00630.ece73cd5ba46bf19ac2ceb9d7e21cea1,00630__salted__strict__cp200D__single.ece73cd5ba46bf19ac2ceb9d7e21cea1,strict,200D,single,,ADV,AD‍V,,
00630.ece73cd5ba46bf19ac2ceb9d7e21cea1,00630__salted__strict__cp00AD__single.ece73cd5ba46bf19ac2ceb9d7e21cea1,strict,00AD,single,,ADV,AD­V,,
00631.5b4f290bc474889ff457b314996553b1,00631__salted__strict__cp200B__single.5b4f290bc474889ff457b314996553b1,strict,200B,single,,Guaranteed,Gu​aranteed,,
00631.5b4f290bc474889ff457b314996553b1,00631__salted__strict__cp200C__single.5b4f290bc474889ff457b314996553b1,strict,200C,single,,Guaranteed,Gu‌aranteed,,
00631.5b4f290bc474889ff457b314996553b1,00631__salted__strict__cp200D__single.5b4f290bc474889ff457b314996553b1,strict,200D,single,,Guaranteed,Gu‍aranteed,,
00631.5b4f290bc474889ff457b314996553b1,00631__salted__strict__cp00AD__single.5b4f290bc474889ff457b314996553b1,strict,00AD,single,,Guaranteed,Gu­aranteed,,
00632.f90d0f620d4a4c4976e1c5884333f329,00632__salted__strict__cp200B__single.f90d0f620d4a4c4976e1c5884333f329,strict,200B,single,,,,"resell, GUARANTEED, testimonials","re​sell, GU​ARANTEED, te​stimonials"
00632.f90d0f620d4a4c4976e1c5884333f329,00632__salted__strict__cp200C__single.f90d0f620d4a4c4976e1c5884333f329,strict,200C,single,,,,"resell, GUARANTEED, testimonials","re‌sell, GU‌ARANTEED, te‌stimonials"
00632.f90d0f620d4a4c4976e1c5884333f329,00632__salted__strict__cp200D__single.f90d0f620d4a4c4976e1c5884333f329,strict,200D,single,,,,"resell, GUARANTEED, testimonials","re‍sell, GU‍ARANTEED, te‍stimonials"
00632.f90d0f620d4a4c4976e1c5884333f329,00632__salted__strict__cp00AD__single.f90d0f620d4a4c4976e1c5884333f329,strict,00AD,single,,,,"resell, GUARANTEED, testimonials","re­sell, GU­ARANTEED, te­stimonials"
00633.60e6bd78b497893f8b33650bd1c2c0b0,00633__salted__strict__cp200B__single.60e6bd78b497893f8b33650bd1c2c0b0,strict,200B,single,,annuity,an​nuity,"annuity, mailings","an​nuity, ma​ilings"
00633.60e6bd78b497893f8b33650bd1c2c0b0,00633__salted__strict__cp200C__single.60e6bd78b497893f8b33650bd1c2c0b0,strict,200C,single,,annuity,an‌nuity,"annuity, mailings","an‌nuity, ma‌ilings"
00633.60e6bd78b497893f8b33650bd1c2c0b0,00633__salted__strict__cp200D__single.60e6bd78b497893f8b33650bd1c2c0b0,strict,200D,single,,annuity,an‍nuity,"annuity, mailings","an‍nuity, ma‍ilings"
00633.60e6bd78b497893f8b33650bd1c2c0b0,00633__salted__strict__cp00AD__single.60e6bd78b497893f8b33650bd1c2c0b0,strict,00AD,single,,annuity,an­nuity,"annuity, mailings","an­nuity, ma­ilings"
00634.c37efb809c3c54c2d9661063e7b72f5b,00634__salted__strict__cp200B__single.c37efb809c3c54c2d9661063e7b72f5b,strict,200B,single,,ADV,AD​V,,
00634.c37efb809c3c54c2d9661063e7b72f5b,00634__salted__strict__cp200C__single.c37efb809c3c54c2d9661063e7b72f5b,strict,200C,single,,ADV,AD‌V,,
00634.c37efb809c3c54c2d9661063e7b72f5b,00634__salted__strict__cp200D__single.c37efb809c3c54c2d9661063e7b72f5b,strict,200D,single,,ADV,AD‍V,,
00634.c37efb809c3c54c2d9661063e7b72f5b,00634__salted__strict__cp00AD__single.c37efb809c3c54c2d9661063e7b72f5b,strict,00AD,single,,ADV,AD­V,,
00635.f144125beb9621e7a73d1a2eadce7e06,00635__salted__strict__cp200B__single.f144125beb9621e7a73d1a2eadce7e06,strict,200B,single,,,,Confidentiality,Co​nfidentiality
00635.f144125beb9621e7a73d1a2eadce7e06,00635__salted__strict__cp200C__single.f144125beb9621e7a73d1a2eadce7e06,strict,200C,single,,,,Confidentiality,Co‌nfidentiality
00635.f144125beb9621e7a73d1a2eadce7e06,00635__salted__strict__cp200D__single.f144125beb9621e7a73d1a2eadce7e06,strict,200D,single,,,,Confidentiality,Co‍nfidentiality
00635.f144125beb9621e7a73d1a2eadce7e06,00635__salted__strict__cp00AD__single.f144125beb9621e7a73d1a2eadce7e06,strict,00AD,single,,,,Confidentiality,Co­nfidentiality
00637.29a22c81a2a36a70c4a9d9ec2c1a2844,00637__salted__strict__cp200B__single.29a22c81a2a36a70c4a9d9ec2c1a2844,strict,200B,single,,,,"Earn, MLM","Ea​rn, ML​M"
00637.29a22c81a2a36a70c4a9d9ec2c1a2844,00637__salted__strict__cp200C__single.29a22c81a2a36a70c4a9d9ec2c1a2844,strict,200C,single,,,,"Earn, MLM","Ea‌rn, ML‌M"
00637.29a22c81a2a36a70c4a9d9ec2c1a2844,00637__salted__strict__cp200D__single.29a22c81a2a36a70c4a9d9ec2c1a2844,strict,200D,single,,,,"Earn, MLM","Ea‍rn, ML‍M"
00637.29a22c81a2a36a70c4a9d9ec2c1a2844,00637__salted__strict__cp00AD__single.29a22c81a2a36a70c4a9d9ec2c1a2844,strict,00AD,single,,,,"Earn, MLM","Ea­rn, ML­M"
00638.ae5006a001e88e8cd956b7a142e41984,00638__salted__strict__cp200B__single.ae5006a001e88e8cd956b7a142e41984,strict,200B,single,,,,"COMMISSIONS, MLM, EARN","CO​MMISSIONS, ML​M, EA​RN"
00638.ae5006a001e88e8cd956b7a142e41984,00638__salted__strict__cp200C__single.ae5006a001e88e8cd956b7a142e41984,strict,200C,single,,,,"COMMISSIONS, MLM, EARN","CO‌MMISSIONS, ML‌M, EA‌RN"
00638.ae5006a001e88e8cd956b7a142e41984,00638__salted__strict__cp200D__single.ae5006a001e88e8cd956b7a142e41984,strict,200D,single,,,,"COMMISSIONS, MLM, EARN","CO‍MMISSIONS, ML‍M, EA‍RN"
00638.ae5006a001e88e8cd956b7a142e41984,00638__salted__strict__cp00AD__single.ae5006a001e88e8cd956b7a142e41984,strict,00AD,single,,,,"COMMISSIONS, MLM, EARN","CO­MMISSIONS, ML­M, EA­RN"
00639.d528429f61fab2c81e093851be84a31d,00639__salted__strict__cp200B__single.d528429f61fab2c81e093851be84a31d,strict,200B,single,,,,mailings,ma​ilings
00639.d528429f61fab2c81e093851be84a31d,00639__salted__strict__cp200C__single.d528429f61fab2c81e093851be84a31d,strict,200C,single,,,,mailings,ma‌ilings
00639.d528429f61fab2c81e093851be84a31d,00639__salted__strict__cp200D__single.d528429f61fab2c81e093851be84a31d,strict,200D,single,,,,mailings,ma‍ilings
00639.d528429f61fab2c81e093851be84a31d,00639__salted__strict__cp00AD__single.d528429f61fab2c81e093851be84a31d,strict,00AD,single,,,,mailings,ma­ilings
00640.564b03520087bb4595384ae024ceb929,00640__salted__strict__cp200B__single.564b03520087bb4595384ae024ceb929,strict,200B,single,,,,"ATTN, Deposit, Receipt","AT​TN, De​posit, Re​ceipt"
00640.564b03520087bb4595384ae024ceb929,00640__salted__strict__cp200C__single.564b03520087bb4595384ae024ceb929,strict,200C,single,,,,"ATTN, Deposit, Receipt","AT‌TN, De‌posit, Re‌ceipt"
00640.564b03520087bb4595384ae024ceb929,00640__salted__strict__cp200D__single.564b03520087bb4595384ae024ceb929,strict,200D,single,,,,"ATTN, Deposit, Receipt","AT‍TN, De‍posit, Re‍ceipt"
00640.564b03520087bb4595384ae024ceb929,00640__salted__strict__cp00AD__single.564b03520087bb4595384ae024ceb929,strict,00AD,single,,,,"ATTN, Deposit, Receipt","AT­TN, De­posit, Re­ceipt"
00641.b3c1c440f7940c86ab5d1e4f9fa3518b,00641__salted__strict__cp200B__single.b3c1c440f7940c86ab5d1e4f9fa3518b,strict,200B,single,,,,"ATTN, Deposit, Receipt","AT​TN, De​posit, Re​ceipt"
00641.b3c1c440f7940c86ab5d1e4f9fa3518b,00641__salted__strict__cp200C__single.b3c1c440f7940c86ab5d1e4f9fa3518b,strict,200C,single,,,,"ATTN, Deposit, Receipt","AT‌TN, De‌posit, Re‌ceipt"
00641.b3c1c440f7940c86ab5d1e4f9fa3518b,00641__salted__strict__cp200D__single.b3c1c440f7940c86ab5d1e4f9fa3518b,strict,200D,single,,,,"ATTN, Deposit, Receipt","AT‍TN, De‍posit, Re‍ceipt"
00641.b3c1c440f7940c86ab5d1e4f9fa3518b,00641__salted__strict__cp00AD__single.b3c1c440f7940c86ab5d1e4f9fa3518b,strict,00AD,single,,,,"ATTN, Deposit, Receipt","AT­TN, De­posit, Re­ceipt"
00643.d177c04238b4299813b7d8cca9fb2f18,00643__salted__strict__cp200B__single.d177c04238b4299813b7d8cca9fb2f18,strict,200B,single,,,,mailings,ma​ilings
00643.d177c04238b4299813b7d8cca9fb2f18,00643__salted__strict__cp200C__single.d177c04238b4299813b7d8cca9fb2f18,strict,200C,single,,,,mailings,ma‌ilings
00643.d177c04238b4299813b7d8cca9fb2f18,00643__salted__strict__cp200D__single.d177c04238b4299813b7d8cca9fb2f18,strict,200D,single,,,,mailings,ma‍ilings
00643.d177c04238b4299813b7d8cca9fb2f18,00643__salted__strict__cp00AD__single.d177c04238b4299813b7d8cca9fb2f18,strict,00AD,single,,,,mailings,ma­ilings
00645.dd7d8ec1eb687c5966c516b720fcc3d5,00645__salted__strict__cp200B__single.dd7d8ec1eb687c5966c516b720fcc3d5,strict,200B,single,,,,"ATTAINED, testimonials, GUARANTEED","AT​TAINED, te​stimonials, GU​ARANTEED"
00645.dd7d8ec1eb687c5966c516b720fcc3d5,00645__salted__strict__cp200C__single.dd7d8ec1eb687c5966c516b720fcc3d5,strict,200C,single,,,,"ATTAINED, testimonials, GUARANTEED","AT‌TAINED, te‌stimonials, GU‌ARANTEED"
00645.dd7d8ec1eb687c5966c516b720fcc3d5,00645__salted__strict__cp200D__single.dd7d8ec1eb687c5966c516b720fcc3d5,strict,200D,single,,,,"ATTAINED, testimonials, GUARANTEED","AT‍TAINED, te‍stimonials, GU‍ARANTEED"
00645.dd7d8ec1eb687c5966c516b720fcc3d5,00645__salted__strict__cp00AD__single.dd7d8ec1eb687c5966c516b720fcc3d5,strict,00AD,single,,,,"ATTAINED, testimonials, GUARANTEED","AT­TAINED, te­stimonials, GU­ARANTEED"
00646.c04903867557fb7a1fefb25c08cdc112,00646__salted__strict__cp200B__single.c04903867557fb7a1fefb25c08cdc112,strict,200B,single,,,,"NBC, CBS, Oprah","NB​C, CB​S, Op​rah"
00646.c04903867557fb7a1fefb25c08cdc112,00646__salted__strict__cp200C__single.c04903867557fb7a1fefb25c08cdc112,strict,200C,single,,,,"NBC, CBS, Oprah","NB‌C, CB‌S, Op‌rah"
00646.c04903867557fb7a1fefb25c08cdc112,00646__salted__strict__cp200D__single.c04903867557fb7a1fefb25c08cdc112,strict,200D,single,,,,"NBC, CBS, Oprah","NB‍C, CB‍S, Op‍rah"
00646.c04903867557fb7a1fefb25c08cdc112,00646__salted__strict__cp00AD__single.c04903867557fb7a1fefb25c08cdc112,strict,00AD,single,,,,"NBC, CBS, Oprah","NB­C, CB­S, Op­rah"
00649.f2906445faa39d4fa49b944a6729eef9,00649__salted__strict__cp200B__single.f2906445faa39d4fa49b944a6729eef9,strict,200B,single,,,,"Assistance, mailings, btamail","As​sistance, ma​ilings, bt​amail"
00649.f2906445faa39d4fa49b944a6729eef9,00649__salted__strict__cp200C__single.f2906445faa39d4fa49b944a6729eef9,strict,200C,single,,,,"Assistance, mailings, btamail","As‌sistance, ma‌ilings, bt‌amail"
00649.f2906445faa39d4fa49b944a6729eef9,00649__salted__strict__cp200D__single.f2906445faa39d4fa49b944a6729eef9,strict,200D,single,,,,"Assistance, mailings, btamail","As‍sistance, ma‍ilings, bt‍amail"
00649.f2906445faa39d4fa49b944a6729eef9,00649__salted__strict__cp00AD__single.f2906445faa39d4fa49b944a6729eef9,strict,00AD,single,,,,"Assistance, mailings, btamail","As­sistance, ma­ilings, bt­amail"
00652.b8c5d053737017caa4c2d29c4e690573,00652__salted__strict__cp200B__single.b8c5d053737017caa4c2d29c4e690573,strict,200B,single,,,,Confidentiality,Co​nfidentiality
00652.b8c5d053737017caa4c2d29c4e690573,00652__salted__strict__cp200C__single.b8c5d053737017caa4c2d29c4e690573,strict,200C,single,,,,Confidentiality,Co‌nfidentiality
00652.b8c5d053737017caa4c2d29c4e690573,00652__salted__strict__cp200D__single.b8c5d053737017caa4c2d29c4e690573,strict,200D,single,,,,Confidentiality,Co‍nfidentiality
00652.b8c5d053737017caa4c2d29c4e690573,00652__salted__strict__cp00AD__single.b8c5d053737017caa4c2d29c4e690573,strict,00AD,single,,,,Confidentiality,Co­nfidentiality
00653.dcb006e0c0aaa7aa3e5bd7cb3d444f23,00653__salted__strict__cp200B__single.dcb006e0c0aaa7aa3e5bd7cb3d444f23,strict,200B,single,,HGH,HG​H,"NBC, CBS, Oprah","NB​C, CB​S, Op​rah"
00653.dcb006e0c0aaa7aa3e5bd7cb3d444f23,00653__salted__strict__cp200C__single.dcb006e0c0aaa7aa3e5bd7cb3d444f23,strict,200C,single,,HGH,HG‌H,"NBC, CBS, Oprah","NB‌C, CB‌S, Op‌rah"
00653.dcb006e0c0aaa7aa3e5bd7cb3d444f23,00653__salted__strict__cp200D__single.dcb006e0c0aaa7aa3e5bd7cb3d444f23,strict,200D,single,,HGH,HG‍H,"NBC, CBS, Oprah","NB‍C, CB‍S, Op‍rah"
00653.dcb006e0c0aaa7aa3e5bd7cb3d444f23,00653__salted__strict__cp00AD__single.dcb006e0c0aaa7aa3e5bd7cb3d444f23,strict,00AD,single,,HGH,HG­H,"NBC, CBS, Oprah","NB­C, CB­S, Op­rah"
00656.01241a0a9af570787841694e9781a5b6,00656__salted__strict__cp200B__single.01241a0a9af570787841694e9781a5b6,strict,200B,single,,Herbal,He​rbal,,
00656.01241a0a9af570787841694e9781a5b6,00656__salted__strict__cp200C__single.01241a0a9af570787841694e9781a5b6,strict,200C,single,,Herbal,He‌rbal,,
00656.01241a0a9af570787841694e9781a5b6,00656__salted__strict__cp200D__single.01241a0a9af570787841694e9781a5b6,strict,200D,single,,Herbal,He‍rbal,,
00656.01241a0a9af570787841694e9781a5b6,00656__salted__strict__cp00AD__single.01241a0a9af570787841694e9781a5b6,strict,00AD,single,,Herbal,He­rbal,,
00657.7e326e955029c898a6ddf27e3c79cdf0,00657__salted__strict__cp200B__single.7e326e955029c898a6ddf27e3c79cdf0,strict,200B,single,,,,mailings,ma​ilings
00657.7e326e955029c898a6ddf27e3c79cdf0,00657__salted__strict__cp200C__single.7e326e955029c898a6ddf27e3c79cdf0,strict,200C,single,,,,mailings,ma‌ilings
00657.7e326e955029c898a6ddf27e3c79cdf0,00657__salted__strict__cp200D__single.7e326e955029c898a6ddf27e3c79cdf0,strict,200D,single,,,,mailings,ma‍ilings
00657.7e326e955029c898a6ddf27e3c79cdf0,00657__salted__strict__cp00AD__single.7e326e955029c898a6ddf27e3c79cdf0,strict,00AD,single,,,,mailings,ma­ilings
00658.2324b3351e766248275bace98fd3c7b3,00658__salted__strict__cp200B__single.2324b3351e766248275bace98fd3c7b3,strict,200B,single,,,,"promotional, mailings","pr​omotional, ma​ilings"
00658.2324b3351e766248275bace98fd3c7b3,00658__salted__strict__cp200C__single.2324b3351e766248275bace98fd3c7b3,strict,200C,single,,,,"promotional, mailings","pr‌omotional, ma‌ilings"
00658.2324b3351e766248275bace98fd3c7b3,00658__salted__strict__cp200D__single.2324b3351e766248275bace98fd3c7b3,strict,200D,single,,,,"promotional, mailings","pr‍omotional, ma‍ilings"
00658.2324b3351e766248275bace98fd3c7b3,00658__salted__strict__cp00AD__single.2324b3351e766248275bace98fd3c7b3,strict,00AD,single,,,,"promotional, mailings","pr­omotional, ma­ilings"
00659.668ba8daca71e86de0ee5e412b177015,00659__salted__strict__cp200B__single.668ba8daca71e86de0ee5e412b177015,strict,200B,single,,,,GUARANTEED,GU​ARANTEED
00659.668ba8daca71e86de0ee5e412b177015,00659__salted__strict__cp200C__single.668ba8daca71e86de0ee5e412b177015,strict,200C,single,,,,GUARANTEED,GU‌ARANTEED
00659.668ba8daca71e86de0ee5e412b177015,00659__salted__strict__cp200D__single.668ba8daca71e86de0ee5e412b177015,strict,200D,single,,,,GUARANTEED,GU‍ARANTEED
00659.668ba8daca71e86de0ee5e412b177015,00659__salted__strict__cp00AD__single.668ba8daca71e86de0ee5e412b177015,strict,00AD,single,,,,GUARANTEED,GU­ARANTEED
00663.4baa9521293a04306b038be1f65d4471,00663__salted__strict__cp200B__single.4baa9521293a04306b038be1f65d4471,strict,200B,single,,,,GUARANTEED,GU​ARANTEED
00663.4baa9521293a04306b038be1f65d4471,00663__salted__strict__cp200C__single.4baa9521293a04306b038be1f65d4471,strict,200C,single,,,,GUARANTEED,GU‌ARANTEED
00663.4baa9521293a04306b038be1f65d4471,00663__salted__strict__cp200D__single.4baa9521293a04306b038be1f65d4471,strict,200D,single,,,,GUARANTEED,GU‍ARANTEED
00663.4baa9521293a04306b038be1f65d4471,00663__salted__strict__cp00AD__single.4baa9521293a04306b038be1f65d4471,strict,00AD,single,,,,GUARANTEED,GU­ARANTEED
00664.c4f198903588cdc4af385772bb580d90,00664__salted__strict__cp200B__single.c4f198903588cdc4af385772bb580d90,strict,200B,single,,mortgage,mo​rtgage,,
00664.c4f198903588cdc4af385772bb580d90,00664__salted__strict__cp200C__single.c4f198903588cdc4af385772bb580d90,strict,200C,single,,mortgage,mo‌rtgage,,
00664.c4f198903588cdc4af385772bb580d90,00664__salted__strict__cp200D__single.c4f198903588cdc4af385772bb580d90,strict,200D,single,,mortgage,mo‍rtgage,,
00664.c4f198903588cdc4af385772bb580d90,00664__salted__strict__cp00AD__single.c4f198903588cdc4af385772bb580d90,strict,00AD,single,,mortgage,mo­rtgage,,
00667.6bf743b1b5bdfe9340d438c0661e4bff,00667__salted__strict__cp200B__single.6bf743b1b5bdfe9340d438c0661e4bff,strict,200B,single,,,,"Earn, Annuity, Annuity","Ea​rn, An​nuity, An​nuity"
00667.6bf743b1b5bdfe9340d438c0661e4bff,00667__salted__strict__cp200C__single.6bf743b1b5bdfe9340d438c0661e4bff,strict,200C,single,,,,"Earn, Annuity, Annuity","Ea‌rn, An‌nuity, An‌nuity"
00667.6bf743b1b5bdfe9340d438c0661e4bff,00667__salted__strict__cp200D__single.6bf743b1b5bdfe9340d438c0661e4bff,strict,200D,single,,,,"Earn, Annuity, Annuity","Ea‍rn, An‍nuity, An‍nuity"
00667.6bf743b1b5bdfe9340d438c0661e4bff,00667__salted__strict__cp00AD__single.6bf743b1b5bdfe9340d438c0661e4bff,strict,00AD,single,,,,"Earn, Annuity, Annuity","Ea­rn, An­nuity, An­nuity"
00668.a28b3329f4c8fe4b0761a214362ed3f9,00668__salted__strict__cp200B__single.a28b3329f4c8fe4b0761a214362ed3f9,strict,200B,single,,,,"LAGOS, ATTN, confidentiality","LA​GOS, AT​TN, co​nfidentiality"
00668.a28b3329f4c8fe4b0761a214362ed3f9,00668__salted__strict__cp200C__single.a28b3329f4c8fe4b0761a214362ed3f9,strict,200C,single,,,,"LAGOS, ATTN, confidentiality","LA‌GOS, AT‌TN, co‌nfidentiality"
00668.a28b3329f4c8fe4b0761a214362ed3f9,00668__salted__strict__cp200D__single.a28b3329f4c8fe4b0761a214362ed3f9,strict,200D,single,,,,"LAGOS, ATTN, confidentiality","LA‍GOS, AT‍TN, co‍nfidentiality"
00668.a28b3329f4c8fe4b0761a214362ed3f9,00668__salted__strict__cp00AD__single.a28b3329f4c8fe4b0761a214362ed3f9,strict,00AD,single,,,,"LAGOS, ATTN, confidentiality","LA­GOS, AT­TN, co­nfidentiality"
00669.790cde659c7d18535eb46cfa4398458d,00669__salted__strict__cp200B__single.790cde659c7d18535eb46cfa4398458d,strict,200B,single,,,,"promotional, mailings","pr​omotional, ma​ilings"
00669.790cde659c7d18535eb46cfa4398458d,00669__salted__strict__cp200C__single.790cde659c7d18535eb46cfa4398458d,strict,200C,single,,,,"promotional, mailings","pr‌omotional, ma‌ilings"
00669.790cde659c7d18535eb46cfa4398458d,00669__salted__strict__cp200D__single.790cde659c7d18535eb46cfa4398458d,strict,200D,single,,,,"promotional, mailings","pr‍omotional, ma‍ilings"
00669.790cde659c7d18535eb46cfa4398458d,00669__salted__strict__cp00AD__single.790cde659c7d18535eb46cfa4398458d,strict,00AD,single,,,,"promotional, mailings","pr­omotional, ma­ilings"
00673.89b0df1a8a6e1a95c48f1f63e48648f4,00673__salted__strict__cp200B__single.89b0df1a8a6e1a95c48f1f63e48648f4,strict,200B,single,,ADV,AD​V,"MORTGAGE, Refinance, Mortgage","MO​RTGAGE, Re​finance, Mo​rtgage"
00673.89b0df1a8a6e1a95c48f1f63e48648f4,00673__salted__strict__cp200C__single.89b0df1a8a6e1a95c48f1f63e48648f4,strict,200C,single,,ADV,AD‌V,"MORTGAGE, Refinance, Mortgage","MO‌RTGAGE, Re‌finance, Mo‌rtgage"
00673.89b0df1a8a6e1a95c48f1f63e48648f4,00673__salted__strict__cp200D__single.89b0df1a8a6e1a95c48f1f63e48648f4,strict,200D,single,,ADV,AD‍V,"MORTGAGE, Refinance, Mortgage","MO‍RTGAGE, Re‍finance, Mo‍rtgage"
00673.89b0df1a8a6e1a95c48f1f63e48648f4,00673__salted__strict__cp00AD__single.89b0df1a8a6e1a95c48f1f63e48648f4,strict,00AD,single,,ADV,AD­V,"MORTGAGE, Refinance, Mortgage","MO­RTGAGE, Re­finance, Mo­rtgage"
00675.233738762477d382d3954e043f866842,00675__salted__strict__cp200B__single.233738762477d382d3954e043f866842,strict,200B,single,,,,"ATTAINED, testimonials, GUARANTEED","AT​TAINED, te​stimonials, GU​ARANTEED"
00675.233738762477d382d3954e043f866842,00675__salted__strict__cp200C__single.233738762477d382d3954e043f866842,strict,200C,single,,,,"ATTAINED, testimonials, GUARANTEED","AT‌TAINED, te‌stimonials, GU‌ARANTEED"
00675.233738762477d382d3954e043f866842,00675__salted__strict__cp200D__single.233738762477d382d3954e043f866842,strict,200D,single,,,,"ATTAINED, testimonials, GUARANTEED","AT‍TAINED, te‍stimonials, GU‍ARANTEED"
00675.233738762477d382d3954e043f866842,00675__salted__strict__cp00AD__single.233738762477d382d3954e043f866842,strict,00AD,single,,,,"ATTAINED, testimonials, GUARANTEED","AT­TAINED, te­stimonials, GU­ARANTEED"
00676.db7b2b22e127c1a69e369bc62f7fcedb,00676__salted__strict__cp200B__single.db7b2b22e127c1a69e369bc62f7fcedb,strict,200B,single,,,,mailings,ma​ilings
00676.db7b2b22e127c1a69e369bc62f7fcedb,00676__salted__strict__cp200C__single.db7b2b22e127c1a69e369bc62f7fcedb,strict,200C,single,,,,mailings,ma‌ilings
00676.db7b2b22e127c1a69e369bc62f7fcedb,00676__salted__strict__cp200D__single.db7b2b22e127c1a69e369bc62f7fcedb,strict,200D,single,,,,mailings,ma‍ilings
00676.db7b2b22e127c1a69e369bc62f7fcedb,00676__salted__strict__cp00AD__single.db7b2b22e127c1a69e369bc62f7fcedb,strict,00AD,single,,,,mailings,ma­ilings
00678.7c54f6e0fac3e7d26a9513d2c60e2b98,00678__salted__strict__cp200B__single.7c54f6e0fac3e7d26a9513d2c60e2b98,strict,200B,single,,Mortgage,Mo​rtgage,"mortgage, refinance, Mortgage","mo​rtgage, re​finance, Mo​rtgage"
00678.7c54f6e0fac3e7d26a9513d2c60e2b98,00678__salted__strict__cp200C__single.7c54f6e0fac3e7d26a9513d2c60e2b98,strict,200C,single,,Mortgage,Mo‌rtgage,"mortgage, refinance, Mortgage","mo‌rtgage, re‌finance, Mo‌rtgage"
00678.7c54f6e0fac3e7d26a9513d2c60e2b98,00678__salted__strict__cp200D__single.7c54f6e0fac3e7d26a9513d2c60e2b98,strict,200D,single,,Mortgage,Mo‍rtgage,"mortgage, refinance, Mortgage","mo‍rtgage, re‍finance, Mo‍rtgage"
00678.7c54f6e0fac3e7d26a9513d2c60e2b98,00678__salted__strict__cp00AD__single.7c54f6e0fac3e7d26a9513d2c60e2b98,strict,00AD,single,,Mortgage,Mo­rtgage,"mortgage, refinance, Mortgage","mo­rtgage, re­finance, Mo­rtgage"
00679.a0ad2b887acad77749720b6004a17f13,00679__salted__strict__cp200B__single.a0ad2b887acad77749720b6004a17f13,strict,200B,single,,,,"excite, excite, excite","ex​cite, ex​cite, ex​cite"
00679.a0ad2b887acad77749720b6004a17f13,00679__salted__strict__cp200C__single.a0ad2b887acad77749720b6004a17f13,strict,200C,single,,,,"excite, excite, excite","ex‌cite, ex‌cite, ex‌cite"
00679.a0ad2b887acad77749720b6004a17f13,00679__salted__strict__cp200D__single.a0ad2b887acad77749720b6004a17f13,strict,200D,single,,,,"excite, excite, excite","ex‍cite, ex‍cite, ex‍cite"
00679.a0ad2b887acad77749720b6004a17f13,00679__salted__strict__cp00AD__single.a0ad2b887acad77749720b6004a17f13,strict,00AD,single,,,,"excite, excite, excite","ex­cite, ex­cite, ex­cite"
00685.1371a47585f33a9b808d68b024c7101b,00685__salted__strict__cp200B__single.1371a47585f33a9b808d68b024c7101b,strict,200B,single,,,,excite,ex​cite
00685.1371a47585f33a9b808d68b024c7101b,00685__salted__strict__cp200C__single.1371a47585f33a9b808d68b024c7101b,strict,200C,single,,,,excite,ex‌cite
00685.1371a47585f33a9b808d68b024c7101b,00685__salted__strict__cp200D__single.1371a47585f33a9b808d68b024c7101b,strict,200D,single,,,,excite,ex‍cite
00685.1371a47585f33a9b808d68b024c7101b,00685__salted__strict__cp00AD__single.1371a47585f33a9b808d68b024c7101b,strict,00AD,single,,,,excite,ex­cite
00688.9a0a9490593c7e2c9500d06bb9386819,00688__salted__strict__cp200B__single.9a0a9490593c7e2c9500d06bb9386819,strict,200B,single,,HGH,HG​H,,
00688.9a0a9490593c7e2c9500d06bb9386819,00688__salted__strict__cp200C__single.9a0a9490593c7e2c9500d06bb9386819,strict,200C,single,,HGH,HG‌H,,
00688.9a0a9490593c7e2c9500d06bb9386819,00688__salted__strict__cp200D__single.9a0a9490593c7e2c9500d06bb9386819,strict,200D,single,,HGH,HG‍H,,
00688.9a0a9490593c7e2c9500d06bb9386819,00688__salted__strict__cp00AD__single.9a0a9490593c7e2c9500d06bb9386819,strict,00AD,single,,HGH,HG­H,,
00690.5dd358321ab2f5139ccf636223251d1f,00690__salted__strict__cp200B__single.5dd358321ab2f5139ccf636223251d1f,strict,200B,single,,,,"Annuity, Annuity, Commissions","An​nuity, An​nuity, Co​mmissions"
00690.5dd358321ab2f5139ccf636223251d1f,00690__salted__strict__cp200C__single.5dd358321ab2f5139ccf636223251d1f,strict,200C,single,,,,"Annuity, Annuity, Commissions","An‌nuity, An‌nuity, Co‌mmissions"
00690.5dd358321ab2f5139ccf636223251d1f,00690__salted__strict__cp200D__single.5dd358321ab2f5139ccf636223251d1f,strict,200D,single,,,,"Annuity, Annuity, Commissions","An‍nuity, An‍nuity, Co‍mmissions"
00690.5dd358321ab2f5139ccf636223251d1f,00690__salted__strict__cp00AD__single.5dd358321ab2f5139ccf636223251d1f,strict,00AD,single,,,,"Annuity, Annuity, Commissions","An­nuity, An­nuity, Co­mmissions"
00691.3fc62f976ac2502a426d132d165dde1c,00691__salted__strict__cp200B__single.3fc62f976ac2502a426d132d165dde1c,strict,200B,single,,,,"NBC, CBS, Oprah","NB​C, CB​S, Op​rah"
00691.3fc62f976ac2502a426d132d165dde1c,00691__salted__strict__cp200C__single.3fc62f976ac2502a426d132d165dde1c,strict,200C,single,,,,"NBC, CBS, Oprah","NB‌C, CB‌S, Op‌rah"
00691.3fc62f976ac2502a426d132d165dde1c,00691__salted__strict__cp200D__single.3fc62f976ac2502a426d132d165dde1c,strict,200D,single,,,,"NBC, CBS, Oprah","NB‍C, CB‍S, Op‍rah"
00691.3fc62f976ac2502a426d132d165dde1c,00691__salted__strict__cp00AD__single.3fc62f976ac2502a426d132d165dde1c,strict,00AD,single,,,,"NBC, CBS, Oprah","NB­C, CB­S, Op­rah"
00694.3aca5f2a3d0d2ccbc47ef868eb051abd,00694__salted__strict__cp200B__single.3aca5f2a3d0d2ccbc47ef868eb051abd,strict,200B,single,,,,"Guaranteed, herbal, GUARANTEED","Gu​aranteed, he​rbal, GU​ARANTEED"
00694.3aca5f2a3d0d2ccbc47ef868eb051abd,00694__salted__strict__cp200C__single.3aca5f2a3d0d2ccbc47ef868eb051abd,strict,200C,single,,,,"Guaranteed, herbal, GUARANTEED","Gu‌aranteed, he‌rbal, GU‌ARANTEED"
00694.3aca5f2a3d0d2ccbc47ef868eb051abd,00694__salted__strict__cp200D__single.3aca5f2a3d0d2ccbc47ef868eb051abd,strict,200D,single,,,,"Guaranteed, herbal, GUARANTEED","Gu‍aranteed, he‍rbal, GU‍ARANTEED"
00694.3aca5f2a3d0d2ccbc47ef868eb051abd,00694__salted__strict__cp00AD__single.3aca5f2a3d0d2ccbc47ef868eb051abd,strict,00AD,single,,,,"Guaranteed, herbal, GUARANTEED","Gu­aranteed, he­rbal, GU­ARANTEED"
00697.2d221d167d2814a6a6bc7a74b65bcb0e,00697__salted__strict__cp200B__single.2d221d167d2814a6a6bc7a74b65bcb0e,strict,200B,single,,adv,ad​v,,
00697.2d221d167d2814a6a6bc7a74b65bcb0e,00697__salted__strict__cp200C__single.2d221d167d2814a6a6bc7a74b65bcb0e,strict,200C,single,,adv,ad‌v,,
00697.2d221d167d2814a6a6bc7a74b65bcb0e,00697__salted__strict__cp200D__single.2d221d167d2814a6a6bc7a74b65bcb0e,strict,200D,single,,adv,ad‍v,,
00697.2d221d167d2814a6a6bc7a74b65bcb0e,00697__salted__strict__cp00AD__single.2d221d167d2814a6a6bc7a74b65bcb0e,strict,00AD,single,,adv,ad­v,,
00701.ea27d8eea96c7d361ea78613d0a3c481,00701__salted__strict__cp200B__single.ea27d8eea96c7d361ea78613d0a3c481,strict,200B,single,,Mortgage,Mo​rtgage,,
00701.ea27d8eea96c7d361ea78613d0a3c481,00701__salted__strict__cp200C__single.ea27d8eea96c7d361ea78613d0a3c481,strict,200C,single,,Mortgage,Mo‌rtgage,,
00701.ea27d8eea96c7d361ea78613d0a3c481,00701__salted__strict__cp200D__single.ea27d8eea96c7d361ea78613d0a3c481,strict,200D,single,,Mortgage,Mo‍rtgage,,
00701.ea27d8eea96c7d361ea78613d0a3c481,00701__salted__strict__cp00AD__single.ea27d8eea96c7d361ea78613d0a3c481,strict,00AD,single,,Mortgage,Mo­rtgage,,
00703.9fd09a1270c8dab92ec5802e917178aa,00703__salted__strict__cp200B__single.9fd09a1270c8dab92ec5802e917178aa,strict,200B,single,,Lenders,Le​nders,,
00703.9fd09a1270c8dab92ec5802e917178aa,00703__salted__strict__cp200C__single.9fd09a1270c8dab92ec5802e917178aa,strict,200C,single,,Lenders,Le‌nders,,
00703.9fd09a1270c8dab92ec5802e917178aa,00703__salted__strict__cp200D__single.9fd09a1270c8dab92ec5802e917178aa,strict,200D,single,,Lenders,Le‍nders,,
00703.9fd09a1270c8dab92ec5802e917178aa,00703__salted__strict__cp00AD__single.9fd09a1270c8dab92ec5802e917178aa,strict,00AD,single,,Lenders,Le­nders,,
00707.c863801ca5be49e90ee68ab449ba5a84,00707__salted__strict__cp200B__single.c863801ca5be49e90ee68ab449ba5a84,strict,200B,single,,inkjet,in​kjet,,
00707.c863801ca5be49e90ee68ab449ba5a84,00707__salted__strict__cp200C__single.c863801ca5be49e90ee68ab449ba5a84,strict,200C,single,,inkjet,in‌kjet,,
00707.c863801ca5be49e90ee68ab449ba5a84,00707__salted__strict__cp200D__single.c863801ca5be49e90ee68ab449ba5a84,strict,200D,single,,inkjet,in‍kjet,,
00707.c863801ca5be49e90ee68ab449ba5a84,00707__salted__strict__cp00AD__single.c863801ca5be49e90ee68ab449ba5a84,strict,00AD,single,,inkjet,in­kjet,,
00709.59ca382f87c5eacb934430e28cd98d98,00709__salted__strict__cp200B__single.59ca382f87c5eacb934430e28cd98d98,strict,200B,single,,Mortgage,Mo​rtgage,,
00709.59ca382f87c5eacb934430e28cd98d98,00709__salted__strict__cp200C__single.59ca382f87c5eacb934430e28cd98d98,strict,200C,single,,Mortgage,Mo‌rtgage,,
00709.59ca382f87c5eacb934430e28cd98d98,00709__salted__strict__cp200D__single.59ca382f87c5eacb934430e28cd98d98,strict,200D,single,,Mortgage,Mo‍rtgage,,
00709.59ca382f87c5eacb934430e28cd98d98,00709__salted__strict__cp00AD__single.59ca382f87c5eacb934430e28cd98d98,strict,00AD,single,,Mortgage,Mo­rtgage,,
00710.64d9eb4c4a7b8c33ebcdb279e0c96d05,00710__salted__strict__cp200B__single.64d9eb4c4a7b8c33ebcdb279e0c96d05,strict,200B,single,,,,"earn, toll, toll","ea​rn, to​ll, to​ll"
00710.64d9eb4c4a7b8c33ebcdb279e0c96d05,00710__salted__strict__cp200C__single.64d9eb4c4a7b8c33ebcdb279e0c96d05,strict,200C,single,,,,"earn, toll, toll","ea‌rn, to‌ll, to‌ll"
00710.64d9eb4c4a7b8c33ebcdb279e0c96d05,00710__salted__strict__cp200D__single.64d9eb4c4a7b8c33ebcdb279e0c96d05,strict,200D,single,,,,"earn, toll, toll","ea‍rn, to‍ll, to‍ll"
00710.64d9eb4c4a7b8c33ebcdb279e0c96d05,00710__salted__strict__cp00AD__single.64d9eb4c4a7b8c33ebcdb279e0c96d05,strict,00AD,single,,,,"earn, toll, toll","ea­rn, to­ll, to­ll"
00713.8d1b1c5afc226377ec951564ad402b9c,00713__salted__strict__cp200B__single.8d1b1c5afc226377ec951564ad402b9c,strict,200B,single,,,,"commissions, NBC, nbc","co​mmissions, NB​C, nb​c"
00713.8d1b1c5afc226377ec951564ad402b9c,00713__salted__strict__cp200C__single.8d1b1c5afc226377ec951564ad402b9c,strict,200C,single,,,,"commissions, NBC, nbc","co‌mmissions, NB‌C, nb‌c"
00713.8d1b1c5afc226377ec951564ad402b9c,00713__salted__strict__cp200D__single.8d1b1c5afc226377ec951564ad402b9c,strict,200D,single,,,,"commissions, NBC, nbc","co‍mmissions, NB‍C, nb‍c"
00713.8d1b1c5afc226377ec951564ad402b9c,00713__salted__strict__cp00AD__single.8d1b1c5afc226377ec951564ad402b9c,strict,00AD,single,,,,"commissions, NBC, nbc","co­mmissions, NB­C, nb­c"
00721.09d243c9c4da88c5f517003d26196aaa,00721__salted__strict__cp200B__single.09d243c9c4da88c5f517003d26196aaa,strict,200B,single,,Guaranteed,Gu​aranteed,,
00721.09d243c9c4da88c5f517003d26196aaa,00721__salted__strict__cp200C__single.09d243c9c4da88c5f517003d26196aaa,strict,200C,single,,Guaranteed,Gu‌aranteed,,
00721.09d243c9c4da88c5f517003d26196aaa,00721__salted__strict__cp200D__single.09d243c9c4da88c5f517003d26196aaa,strict,200D,single,,Guaranteed,Gu‍aranteed,,
00721.09d243c9c4da88c5f517003d26196aaa,00721__salted__strict__cp00AD__single.09d243c9c4da88c5f517003d26196aaa,strict,00AD,single,,Guaranteed,Gu­aranteed,,
00724.edc5a3ce2ea91fedbf00aa0c30459a87,00724__salted__strict__cp200B__single.edc5a3ce2ea91fedbf00aa0c30459a87,strict,200B,single,,,,"deposit, Deposit","de​posit, De​posit"
00724.edc5a3ce2ea91fedbf00aa0c30459a87,00724__salted__strict__cp200C__single.edc5a3ce2ea91fedbf00aa0c30459a87,strict,200C,single,,,,"deposit, Deposit","de‌posit, De‌posit"
00724.edc5a3ce2ea91fedbf00aa0c30459a87,00724__salted__strict__cp200D__single.edc5a3ce2ea91fedbf00aa0c30459a87,strict,200D,single,,,,"deposit, Deposit","de‍posit, De‍posit"
00724.edc5a3ce2ea91fedbf00aa0c30459a87,00724__salted__strict__cp00AD__single.edc5a3ce2ea91fedbf00aa0c30459a87,strict,00AD,single,,,,"deposit, Deposit","de­posit, De­posit"
00725.260c7aa4ae8ce594c0c671b2611d313d,00725__salted__strict__cp200B__single.260c7aa4ae8ce594c0c671b2611d313d,strict,200B,single,,,,specials,sp​ecials
00725.260c7aa4ae8ce594c0c671b2611d313d,00725__salted__strict__cp200C__single.260c7aa4ae8ce594c0c671b2611d313d,strict,200C,single,,,,specials,sp‌ecials
00725.260c7aa4ae8ce594c0c671b2611d313d,00725__salted__strict__cp200D__single.260c7aa4ae8ce594c0c671b2611d313d,strict,200D,single,,,,specials,sp‍ecials
00725.260c7aa4ae8ce594c0c671b2611d313d,00725__salted__strict__cp00AD__single.260c7aa4ae8ce594c0c671b2611d313d,strict,00AD,single,,,,specials,sp­ecials
00726.26fb8f2aeedad636c461a560247d4f46,00726__salted__strict__cp200B__single.26fb8f2aeedad636c461a560247d4f46,strict,200B,single,,Herbal,He​rbal,,
00726.26fb8f2aeedad636c461a560247d4f46,00726__salted__strict__cp200C__single.26fb8f2aeedad636c461a560247d4f46,strict,200C,single,,Herbal,He‌rbal,,
00726.26fb8f2aeedad636c461a560247d4f46,00726__salted__strict__cp200D__single.26fb8f2aeedad636c461a560247d4f46,strict,200D,single,,Herbal,He‍rbal,,
00726.26fb8f2aeedad636c461a560247d4f46,00726__salted__strict__cp00AD__single.26fb8f2aeedad636c461a560247d4f46,strict,00AD,single,,Herbal,He­rbal,,
00728.6337ac1dd7bf9fa481c30c7cd01b496c,00728__salted__strict__cp200B__single.6337ac1dd7bf9fa481c30c7cd01b496c,strict,200B,single,,MLM,ML​M,"MLM, MLM, MLM","ML​M, ML​M, ML​M"
00728.6337ac1dd7bf9fa481c30c7cd01b496c,00728__salted__strict__cp200C__single.6337ac1dd7bf9fa481c30c7cd01b496c,strict,200C,single,,MLM,ML‌M,"MLM, MLM, MLM","ML‌M, ML‌M, ML‌M"
00728.6337ac1dd7bf9fa481c30c7cd01b496c,00728__salted__strict__cp200D__single.6337ac1dd7bf9fa481c30c7cd01b496c,strict,200D,single,,MLM,ML‍M,"MLM, MLM, MLM","ML‍M, ML‍M, ML‍M"
00728.6337ac1dd7bf9fa481c30c7cd01b496c,00728__salted__strict__cp00AD__single.6337ac1dd7bf9fa481c30c7cd01b496c,strict,00AD,single,,MLM,ML­M,"MLM, MLM, MLM","ML­M, ML­M, ML­M"
00729.b4b709ee7cb85908bdec0b050a11e518,00729__salted__strict__cp200B__single.b4b709ee7cb85908bdec0b050a11e518,strict,200B,single,,Commissions,Co​mmissions,,
00729.b4b709ee7cb85908bdec0b050a11e518,00729__salted__strict__cp200C__single.b4b709ee7cb85908bdec0b050a11e518,strict,200C,single,,Commissions,Co‌mmissions,,
00729.b4b709ee7cb85908bdec0b050a11e518,00729__salted__strict__cp200D__single.b4b709ee7cb85908bdec0b050a11e518,strict,200D,single,,Commissions,Co‍mmissions,,
00729.b4b709ee7cb85908bdec0b050a11e518,00729__salted__strict__cp00AD__single.b4b709ee7cb85908bdec0b050a11e518,strict,00AD,single,,Commissions,Co­mmissions,,
00730.0082840b49157df044b094b1a0461063,00730__salted__strict__cp200B__single.0082840b49157df044b094b1a0461063,strict,200B,single,,,,EARN,EA​RN
00730.0082840b49157df044b094b1a0461063,00730__salted__strict__cp200C__single.0082840b49157df044b094b1a0461063,strict,200C,single,,,,EARN,EA‌RN
00730.0082840b49157df044b094b1a0461063,00730__salted__strict__cp200D__single.0082840b49157df044b094b1a0461063,strict,200D,single,,,,EARN,EA‍RN
00730.0082840b49157df044b094b1a0461063,00730__salted__strict__cp00AD__single.0082840b49157df044b094b1a0461063,strict,00AD,single,,,,EARN,EA­RN
00731.f62550b637d55a42158889ef47fcab7e,00731__salted__strict__cp200B__single.f62550b637d55a42158889ef47fcab7e,strict,200B,single,,,,specials,sp​ecials
00731.f62550b637d55a42158889ef47fcab7e,00731__salted__strict__cp200C__single.f62550b637d55a42158889ef47fcab7e,strict,200C,single,,,,specials,sp‌ecials
00731.f62550b637d55a42158889ef47fcab7e,00731__salted__strict__cp200D__single.f62550b637d55a42158889ef47fcab7e,strict,200D,single,,,,specials,sp‍ecials
00731.f62550b637d55a42158889ef47fcab7e,00731__salted__strict__cp00AD__single.f62550b637d55a42158889ef47fcab7e,strict,00AD,single,,,,specials,sp­ecials
00732.bc344aaabb0aae7f3e1600f2d72c2232,00732__salted__strict__cp200B__single.bc344aaabb0aae7f3e1600f2d72c2232,strict,200B,single,,adv,ad​v,"btamail, btamail","bt​amail, bt​amail"
00732.bc344aaabb0aae7f3e1600f2d72c2232,00732__salted__strict__cp200C__single.bc344aaabb0aae7f3e1600f2d72c2232,strict,200C,single,,adv,ad‌v,"btamail, btamail","bt‌amail, bt‌amail"
00732.bc344aaabb0aae7f3e1600f2d72c2232,00732__salted__strict__cp200D__single.bc344aaabb0aae7f3e1600f2d72c2232,strict,200D,single,,adv,ad‍v,"btamail, btamail","bt‍amail, bt‍amail"
00732.bc344aaabb0aae7f3e1600f2d72c2232,00732__salted__strict__cp00AD__single.bc344aaabb0aae7f3e1600f2d72c2232,strict,00AD,single,,adv,ad­v,"btamail, btamail","bt­amail, bt­amail"
00733.095d8b33e938efa091f1771c622986c9,00733__salted__strict__cp200B__single.095d8b33e938efa091f1771c622986c9,strict,200B,single,,adv,ad​v,"btamail, btamail","bt​amail, bt​amail"
00733.095d8b33e938efa091f1771c622986c9,00733__salted__strict__cp200C__single.095d8b33e938efa091f1771c622986c9,strict,200C,single,,adv,ad‌v,"btamail, btamail","bt‌amail, bt‌amail"
00733.095d8b33e938efa091f1771c622986c9,00733__salted__strict__cp200D__single.095d8b33e938efa091f1771c622986c9,strict,200D,single,,adv,ad‍v,"btamail, btamail","bt‍amail, bt‍amail"
00733.095d8b33e938efa091f1771c622986c9,00733__salted__strict__cp00AD__single.095d8b33e938efa091f1771c622986c9,strict,00AD,single,,adv,ad­v,"btamail, btamail","bt­amail, bt­amail"
00736.5bbe6ad663aa598a1b4a6d2d5f3ff0cc,00736__salted__strict__cp200B__single.5bbe6ad663aa598a1b4a6d2d5f3ff0cc,strict,200B,single,,inkjet,in​kjet,,
00736.5bbe6ad663aa598a1b4a6d2d5f3ff0cc,00736__salted__strict__cp200C__single.5bbe6ad663aa598a1b4a6d2d5f3ff0cc,strict,200C,single,,inkjet,in‌kjet,,
00736.5bbe6ad663aa598a1b4a6d2d5f3ff0cc,00736__salted__strict__cp200D__single.5bbe6ad663aa598a1b4a6d2d5f3ff0cc,strict,200D,single,,inkjet,in‍kjet,,
00736.5bbe6ad663aa598a1b4a6d2d5f3ff0cc,00736__salted__strict__cp00AD__single.5bbe6ad663aa598a1b4a6d2d5f3ff0cc,strict,00AD,single,,inkjet,in­kjet,,
00738.10deb784a63c0bdc5e78b019720f3e9f,00738__salted__strict__cp200B__single.10deb784a63c0bdc5e78b019720f3e9f,strict,200B,single,,Adv,Ad​v,,
00738.10deb784a63c0bdc5e78b019720f3e9f,00738__salted__strict__cp200C__single.10deb784a63c0bdc5e78b019720f3e9f,strict,200C,single,,Adv,Ad‌v,,
00738.10deb784a63c0bdc5e78b019720f3e9f,00738__salted__strict__cp200D__single.10deb784a63c0bdc5e78b019720f3e9f,strict,200D,single,,Adv,Ad‍v,,
00738.10deb784a63c0bdc5e78b019720f3e9f,00738__salted__strict__cp00AD__single.10deb784a63c0bdc5e78b019720f3e9f,strict,00AD,single,,Adv,Ad­v,,
00739.150e80f7508e247fa15d43697e80ed30,00739__salted__strict__cp200B__single.150e80f7508e247fa15d43697e80ed30,strict,200B,single,,,,"promotional, mailings","pr​omotional, ma​ilings"
00739.150e80f7508e247fa15d43697e80ed30,00739__salted__strict__cp200C__single.150e80f7508e247fa15d43697e80ed30,strict,200C,single,,,,"promotional, mailings","pr‌omotional, ma‌ilings"
00739.150e80f7508e247fa15d43697e80ed30,00739__salted__strict__cp200D__single.150e80f7508e247fa15d43697e80ed30,strict,200D,single,,,,"promotional, mailings","pr‍omotional, ma‍ilings"
00739.150e80f7508e247fa15d43697e80ed30,00739__salted__strict__cp00AD__single.150e80f7508e247fa15d43697e80ed30,strict,00AD,single,,,,"promotional, mailings","pr­omotional, ma­ilings"
00740.ce4777381c2bc6bee30bef6bd274233f,00740__salted__strict__cp200B__single.ce4777381c2bc6bee30bef6bd274233f,strict,200B,single,,Mortgage,Mo​rtgage,"mortgage, refinance, Mortgage","mo​rtgage, re​finance, Mo​rtgage"
00740.ce4777381c2bc6bee30bef6bd274233f,00740__salted__strict__cp200C__single.ce4777381c2bc6bee30bef6bd274233f,strict,200C,single,,Mortgage,Mo‌rtgage,"mortgage, refinance, Mortgage","mo‌rtgage, re‌finance, Mo‌rtgage"
00740.ce4777381c2bc6bee30bef6bd274233f,00740__salted__strict__cp200D__single.ce4777381c2bc6bee30bef6bd274233f,strict,200D,single,,Mortgage,Mo‍rtgage,"mortgage, refinance, Mortgage","mo‍rtgage, re‍finance, Mo‍rtgage"
00740.ce4777381c2bc6bee30bef6bd274233f,00740__salted__strict__cp00AD__single.ce4777381c2bc6bee30bef6bd274233f,strict,00AD,single,,Mortgage,Mo­rtgage,"mortgage, refinance, Mortgage","mo­rtgage, re­finance, Mo­rtgage"
00741.00c61b5577b6fa232434c2ae62d52394,00741__salted__strict__cp200B__single.00c61b5577b6fa232434c2ae62d52394,strict,200B,single,,,,"attained, herbal, herbal","at​tained, he​rbal, he​rbal"
00741.00c61b5577b6fa232434c2ae62d52394,00741__salted__strict__cp200C__single.00c61b5577b6fa232434c2ae62d52394,strict,200C,single,,,,"attained, herbal, herbal","at‌tained, he‌rbal, he‌rbal"
00741.00c61b5577b6fa232434c2ae62d52394,00741__salted__strict__cp200D__single.00c61b5577b6fa232434c2ae62d52394,strict,200D,single,,,,"attained, herbal, herbal","at‍tained, he‍rbal, he‍rbal"
00741.00c61b5577b6fa232434c2ae62d52394,00741__salted__strict__cp00AD__single.00c61b5577b6fa232434c2ae62d52394,strict,00AD,single,,,,"attained, herbal, herbal","at­tained, he­rbal, he­rbal"
00742.2700b00dc2dcc121ee0a1322040de188,00742__salted__strict__cp200B__single.2700b00dc2dcc121ee0a1322040de188,strict,200B,single,,,,"attained, herbal, herbal","at​tained, he​rbal, he​rbal"
00742.2700b00dc2dcc121ee0a1322040de188,00742__salted__strict__cp200C__single.2700b00dc2dcc121ee0a1322040de188,strict,200C,single,,,,"attained, herbal, herbal","at‌tained, he‌rbal, he‌rbal"
00742.2700b00dc2dcc121ee0a1322040de188,00742__salted__strict__cp200D__single.2700b00dc2dcc121ee0a1322040de188,strict,200D,single,,,,"attained, herbal, herbal","at‍tained, he‍rbal, he‍rbal"
00742.2700b00dc2dcc121ee0a1322040de188,00742__salted__strict__cp00AD__single.2700b00dc2dcc121ee0a1322040de188,strict,00AD,single,,,,"attained, herbal, herbal","at­tained, he­rbal, he­rbal"
00743.7889a6b188891a33c088f3d29d48251a,00743__salted__strict__cp200B__single.7889a6b188891a33c088f3d29d48251a,strict,200B,single,,,,"cartridges, cartridges, Guaranteed","ca​rtridges, ca​rtridges, Gu​aranteed"
00743.7889a6b188891a33c088f3d29d48251a,00743__salted__strict__cp200C__single.7889a6b188891a33c088f3d29d48251a,strict,200C,single,,,,"cartridges, cartridges, Guaranteed","ca‌rtridges, ca‌rtridges, Gu‌aranteed"
00743.7889a6b188891a33c088f3d29d48251a,00743__salted__strict__cp200D__single.7889a6b188891a33c088f3d29d48251a,strict,200D,single,,,,"cartridges, cartridges, Guaranteed","ca‍rtridges, ca‍rtridges, Gu‍aranteed"
00743.7889a6b188891a33c088f3d29d48251a,00743__salted__strict__cp00AD__single.7889a6b188891a33c088f3d29d48251a,strict,00AD,single,,,,"cartridges, cartridges, Guaranteed","ca­rtridges, ca­rtridges, Gu­aranteed"
00745.a0f2c78f1a75fe880532f0c432aa12d2,00745__salted__strict__cp200B__single.a0f2c78f1a75fe880532f0c432aa12d2,strict,200B,single,,Earn,Ea​rn,,
00745.a0f2c78f1a75fe880532f0c432aa12d2,00745__salted__strict__cp200C__single.a0f2c78f1a75fe880532f0c432aa12d2,strict,200C,single,,Earn,Ea‌rn,,
00745.a0f2c78f1a75fe880532f0c432aa12d2,00745__salted__strict__cp200D__single.a0f2c78f1a75fe880532f0c432aa12d2,strict,200D,single,,Earn,Ea‍rn,,
00745.a0f2c78f1a75fe880532f0c432aa12d2,00745__salted__strict__cp00AD__single.a0f2c78f1a75fe880532f0c432aa12d2,strict,00AD,single,,Earn,Ea­rn,,
00748.2b1fcd8621caf857e9ec0b08555ae5db,00748__salted__strict__cp200B__single.2b1fcd8621caf857e9ec0b08555ae5db,strict,200B,single,,,,"resell, GUARANTEED, GUARANTEED","re​sell, GU​ARANTEED, GU​ARANTEED"
00748.2b1fcd8621caf857e9ec0b08555ae5db,00748__salted__strict__cp200C__single.2b1fcd8621caf857e9ec0b08555ae5db,strict,200C,single,,,,"resell, GUARANTEED, GUARANTEED","re‌sell, GU‌ARANTEED, GU‌ARANTEED"
00748.2b1fcd8621caf857e9ec0b08555ae5db,00748__salted__strict__cp200D__single.2b1fcd8621caf857e9ec0b08555ae5db,strict,200D,single,,,,"resell, GUARANTEED, GUARANTEED","re‍sell, GU‍ARANTEED, GU‍ARANTEED"
00748.2b1fcd8621caf857e9ec0b08555ae5db,00748__salted__strict__cp00AD__single.2b1fcd8621caf857e9ec0b08555ae5db,strict,00AD,single,,,,"resell, GUARANTEED, GUARANTEED","re­sell, GU­ARANTEED, GU­ARANTEED"
00750.dfc392478300e11189d61d29bed9cecc,00750__salted__strict__cp200B__single.dfc392478300e11189d61d29bed9cecc,strict,200B,single,,,,ATTN,AT​TN
00750.dfc392478300e11189d61d29bed9cecc,00750__salted__strict__cp200C__single.dfc392478300e11189d61d29bed9cecc,strict,200C,single,,,,ATTN,AT‌TN
00750.dfc392478300e11189d61d29bed9cecc,00750__salted__strict__cp200D__single.dfc392478300e11189d61d29bed9cecc,strict,200D,single,,,,ATTN,AT‍TN
00750.dfc392478300e11189d61d29bed9cecc,00750__salted__strict__cp00AD__single.dfc392478300e11189d61d29bed9cecc,strict,00AD,single,,,,ATTN,AT­TN
00752.c0892cd4ffff618e689dec28f2f4695e,00752__salted__strict__cp200B__single.c0892cd4ffff618e689dec28f2f4695e,strict,200B,single,,,,"toll, MasterCard","to​ll, Ma​sterCard"
00752.c0892cd4ffff618e689dec28f2f4695e,00752__salted__strict__cp200C__single.c0892cd4ffff618e689dec28f2f4695e,strict,200C,single,,,,"toll, MasterCard","to‌ll, Ma‌sterCard"
00752.c0892cd4ffff618e689dec28f2f4695e,00752__salted__strict__cp200D__single.c0892cd4ffff618e689dec28f2f4695e,strict,200D,single,,,,"toll, MasterCard","to‍ll, Ma‍sterCard"
00752.c0892cd4ffff618e689dec28f2f4695e,00752__salted__strict__cp00AD__single.c0892cd4ffff618e689dec28f2f4695e,strict,00AD,single,,,,"toll, MasterCard","to­ll, Ma­sterCard"
00754.9922dfbaee98abc6e1a3a00909a8d24e,00754__salted__strict__cp200B__single.9922dfbaee98abc6e1a3a00909a8d24e,strict,200B,single,,MORTGAGE,MO​RTGAGE,"MORTGAGE, mortgage, mortgage","MO​RTGAGE, mo​rtgage, mo​rtgage"
00754.9922dfbaee98abc6e1a3a00909a8d24e,00754__salted__strict__cp200C__single.9922dfbaee98abc6e1a3a00909a8d24e,strict,200C,single,,MORTGAGE,MO‌RTGAGE,"MORTGAGE, mortgage, mortgage","MO‌RTGAGE, mo‌rtgage, mo‌rtgage"
00754.9922dfbaee98abc6e1a3a00909a8d24e,00754__salted__strict__cp200D__single.9922dfbaee98abc6e1a3a00909a8d24e,strict,200D,single,,MORTGAGE,MO‍RTGAGE,"MORTGAGE, mortgage, mortgage","MO‍RTGAGE, mo‍rtgage, mo‍rtgage"
00754.9922dfbaee98abc6e1a3a00909a8d24e,00754__salted__strict__cp00AD__single.9922dfbaee98abc6e1a3a00909a8d24e,strict,00AD,single,,MORTGAGE,MO­RTGAGE,"MORTGAGE, mortgage, mortgage","MO­RTGAGE, mo­rtgage, mo­rtgage"
00755.4280e5603d66801661cbd0fe0b33eec8,00755__salted__strict__cp200B__single.4280e5603d66801661cbd0fe0b33eec8,strict,200B,single,,,,"Annuity, Annuity","An​nuity, An​nuity"
00755.4280e5603d66801661cbd0fe0b33eec8,00755__salted__strict__cp200C__single.4280e5603d66801661cbd0fe0b33eec8,strict,200C,single,,,,"Annuity, Annuity","An‌nuity, An‌nuity"
00755.4280e5603d66801661cbd0fe0b33eec8,00755__salted__strict__cp200D__single.4280e5603d66801661cbd0fe0b33eec8,strict,200D,single,,,,"Annuity, Annuity","An‍nuity, An‍nuity"
00755.4280e5603d66801661cbd0fe0b33eec8,00755__salted__strict__cp00AD__single.4280e5603d66801661cbd0fe0b33eec8,strict,00AD,single,,,,"Annuity, Annuity","An­nuity, An­nuity"
00759.23e678ecd735ad618ad151d311c81070,00759__salted__strict__cp200B__single.23e678ecd735ad618ad151d311c81070,strict,200B,single,,,,"LAGOS, assistance","LA​GOS, as​sistance"
00759.23e678ecd735ad618ad151d311c81070,00759__salted__strict__cp200C__single.23e678ecd735ad618ad151d311c81070,strict,200C,single,,,,"LAGOS, assistance","LA‌GOS, as‌sistance"
00759.23e678ecd735ad618ad151d311c81070,00759__salted__strict__cp200D__single.23e678ecd735ad618ad151d311c81070,strict,200D,single,,,,"LAGOS, assistance","LA‍GOS, as‍sistance"
00759.23e678ecd735ad618ad151d311c81070,00759__salted__strict__cp00AD__single.23e678ecd735ad618ad151d311c81070,strict,00AD,single,,,,"LAGOS, assistance","LA­GOS, as­sistance"
00772.deb64399accba9b54b5f10ae57c7bbb5,00772__salted__strict__cp200B__single.deb64399accba9b54b5f10ae57c7bbb5,strict,200B,single,,cartridges,ca​rtridges,,
00772.deb64399accba9b54b5f10ae57c7bbb5,00772__salted__strict__cp200C__single.deb64399accba9b54b5f10ae57c7bbb5,strict,200C,single,,cartridges,ca‌rtridges,,
00772.deb64399accba9b54b5f10ae57c7bbb5,00772__salted__strict__cp200D__single.deb64399accba9b54b5f10ae57c7bbb5,strict,200D,single,,cartridges,ca‍rtridges,,
00772.deb64399accba9b54b5f10ae57c7bbb5,00772__salted__strict__cp00AD__single.deb64399accba9b54b5f10ae57c7bbb5,strict,00AD,single,,cartridges,ca­rtridges,,
00776.22f3f3942932c3d3b6e254bcab9673d1,00776__salted__strict__cp200B__single.22f3f3942932c3d3b6e254bcab9673d1,strict,200B,single,,Mortgage,Mo​rtgage,,
00776.22f3f3942932c3d3b6e254bcab9673d1,00776__salted__strict__cp200C__single.22f3f3942932c3d3b6e254bcab9673d1,strict,200C,single,,Mortgage,Mo‌rtgage,,
00776.22f3f3942932c3d3b6e254bcab9673d1,00776__salted__strict__cp200D__single.22f3f3942932c3d3b6e254bcab9673d1,strict,200D,single,,Mortgage,Mo‍rtgage,,
00776.22f3f3942932c3d3b6e254bcab9673d1,00776__salted__strict__cp00AD__single.22f3f3942932c3d3b6e254bcab9673d1,strict,00AD,single,,Mortgage,Mo­rtgage,,
00777.284d3dc66b4f1bdedb5a5eba41d18d14,00777__salted__strict__cp200B__single.284d3dc66b4f1bdedb5a5eba41d18d14,strict,200B,single,,,,"USD, USD","US​D, US​D"
00777.284d3dc66b4f1bdedb5a5eba41d18d14,00777__salted__strict__cp200C__single.284d3dc66b4f1bdedb5a5eba41d18d14,strict,200C,single,,,,"USD, USD","US‌D, US‌D"
00777.284d3dc66b4f1bdedb5a5eba41d18d14,00777__salted__strict__cp200D__single.284d3dc66b4f1bdedb5a5eba41d18d14,strict,200D,single,,,,"USD, USD","US‍D, US‍D"
00777.284d3dc66b4f1bdedb5a5eba41d18d14,00777__salted__strict__cp00AD__single.284d3dc66b4f1bdedb5a5eba41d18d14,strict,00AD,single,,,,"USD, USD","US­D, US­D"
00779.cfeedd9839de273525bae85b56ebf146,00779__salted__strict__cp200B__single.cfeedd9839de273525bae85b56ebf146,strict,200B,single,,Mortgage,Mo​rtgage,,
00779.cfeedd9839de273525bae85b56ebf146,00779__salted__strict__cp200C__single.cfeedd9839de273525bae85b56ebf146,strict,200C,single,,Mortgage,Mo‌rtgage,,
00779.cfeedd9839de273525bae85b56ebf146,00779__salted__strict__cp200D__single.cfeedd9839de273525bae85b56ebf146,strict,200D,single,,Mortgage,Mo‍rtgage,,
00779.cfeedd9839de273525bae85b56ebf146,00779__salted__strict__cp00AD__single.cfeedd9839de273525bae85b56ebf146,strict,00AD,single,,Mortgage,Mo­rtgage,,
00781.8657bfadc87dd7fbcb174982f2c9d34e,00781__salted__strict__cp200B__single.8657bfadc87dd7fbcb174982f2c9d34e,strict,200B,single,,inkjet,in​kjet,,
00781.8657bfadc87dd7fbcb174982f2c9d34e,00781__salted__strict__cp200C__single.8657bfadc87dd7fbcb174982f2c9d34e,strict,200C,single,,inkjet,in‌kjet,,
00781.8657bfadc87dd7fbcb174982f2c9d34e,00781__salted__strict__cp200D__single.8657bfadc87dd7fbcb174982f2c9d34e,strict,200D,single,,inkjet,in‍kjet,,
00781.8657bfadc87dd7fbcb174982f2c9d34e,00781__salted__strict__cp00AD__single.8657bfadc87dd7fbcb174982f2c9d34e,strict,00AD,single,,inkjet,in­kjet,,
00782.1a0cff70694be0ab6f02dbee8b5b482e,00782__salted__strict__cp200B__single.1a0cff70694be0ab6f02dbee8b5b482e,strict,200B,single,,ADV,AD​V,,
00782.1a0cff70694be0ab6f02dbee8b5b482e,00782__salted__strict__cp200C__single.1a0cff70694be0ab6f02dbee8b5b482e,strict,200C,single,,ADV,AD‌V,,
00782.1a0cff70694be0ab6f02dbee8b5b482e,00782__salted__strict__cp200D__single.1a0cff70694be0ab6f02dbee8b5b482e,strict,200D,single,,ADV,AD‍V,,
00782.1a0cff70694be0ab6f02dbee8b5b482e,00782__salted__strict__cp00AD__single.1a0cff70694be0ab6f02dbee8b5b482e,strict,00AD,single,,ADV,AD­V,,
00784.daac746f35f3bc27817777fa48673781,00784__salted__strict__cp200B__single.daac746f35f3bc27817777fa48673781,strict,200B,single,,,,"Annuity, earn, Annuity","An​nuity, ea​rn, An​nuity"
00784.daac746f35f3bc27817777fa48673781,00784__salted__strict__cp200C__single.daac746f35f3bc27817777fa48673781,strict,200C,single,,,,"Annuity, earn, Annuity","An‌nuity, ea‌rn, An‌nuity"
00784.daac746f35f3bc27817777fa48673781,00784__salted__strict__cp200D__single.daac746f35f3bc27817777fa48673781,strict,200D,single,,,,"Annuity, earn, Annuity","An‍nuity, ea‍rn, An‍nuity"
00784.daac746f35f3bc27817777fa48673781,00784__salted__strict__cp00AD__single.daac746f35f3bc27817777fa48673781,strict,00AD,single,,,,"Annuity, earn, Annuity","An­nuity, ea­rn, An­nuity"
00790.365798c56fbfc98b2c8e4cbce0417999,00790__salted__strict__cp200B__single.365798c56fbfc98b2c8e4cbce0417999,strict,200B,single,,,,earn,ea​rn
00790.365798c56fbfc98b2c8e4cbce0417999,00790__salted__strict__cp200C__single.365798c56fbfc98b2c8e4cbce0417999,strict,200C,single,,,,earn,ea‌rn
00790.365798c56fbfc98b2c8e4cbce0417999,00790__salted__strict__cp200D__single.365798c56fbfc98b2c8e4cbce0417999,strict,200D,single,,,,earn,ea‍rn
00790.365798c56fbfc98b2c8e4cbce0417999,00790__salted__strict__cp00AD__single.365798c56fbfc98b2c8e4cbce0417999,strict,00AD,single,,,,earn,ea­rn
00791.68d57323ce71a6f706248a709363e9a8,00791__salted__strict__cp200B__single.68d57323ce71a6f706248a709363e9a8,strict,200B,single,,,,"excite, btamail","ex​cite, bt​amail"
00791.68d57323ce71a6f706248a709363e9a8,00791__salted__strict__cp200C__single.68d57323ce71a6f706248a709363e9a8,strict,200C,single,,,,"excite, btamail","ex‌cite, bt‌amail"
00791.68d57323ce71a6f706248a709363e9a8,00791__salted__strict__cp200D__single.68d57323ce71a6f706248a709363e9a8,strict,200D,single,,,,"excite, btamail","ex‍cite, bt‍amail"
00791.68d57323ce71a6f706248a709363e9a8,00791__salted__strict__cp00AD__single.68d57323ce71a6f706248a709363e9a8,strict,00AD,single,,,,"excite, btamail","ex­cite, bt­amail"
00794.5e45ec5eb133c2c960f54bf7e4822f77,00794__salted__strict__cp200B__single.5e45ec5eb133c2c960f54bf7e4822f77,strict,200B,single,,mortgage,mo​rtgage,"Mortgage, lenders, mortgage","Mo​rtgage, le​nders, mo​rtgage"
00794.5e45ec5eb133c2c960f54bf7e4822f77,00794__salted__strict__cp200C__single.5e45ec5eb133c2c960f54bf7e4822f77,strict,200C,single,,mortgage,mo‌rtgage,"Mortgage, lenders, mortgage","Mo‌rtgage, le‌nders, mo‌rtgage"
00794.5e45ec5eb133c2c960f54bf7e4822f77,00794__salted__strict__cp200D__single.5e45ec5eb133c2c960f54bf7e4822f77,strict,200D,single,,mortgage,mo‍rtgage,"Mortgage, lenders, mortgage","Mo‍rtgage, le‍nders, mo‍rtgage"
00794.5e45ec5eb133c2c960f54bf7e4822f77,00794__salted__strict__cp00AD__single.5e45ec5eb133c2c960f54bf7e4822f77,strict,00AD,single,,mortgage,mo­rtgage,"Mortgage, lenders, mortgage","Mo­rtgage, le­nders, mo­rtgage"
00795.61fe820f7755e4b4e66e715ea667b338,00795__salted__strict__cp200B__single.61fe820f7755e4b4e66e715ea667b338,strict,200B,single,,,,earn,ea​rn
00795.61fe820f7755e4b4e66e715ea667b338,00795__salted__strict__cp200C__single.61fe820f7755e4b4e66e715ea667b338,strict,200C,single,,,,earn,ea‌rn
00795.61fe820f7755e4b4e66e715ea667b338,00795__salted__strict__cp200D__single.61fe820f7755e4b4e66e715ea667b338,strict,200D,single,,,,earn,ea‍rn
00795.61fe820f7755e4b4e66e715ea667b338,00795__salted__strict__cp00AD__single.61fe820f7755e4b4e66e715ea667b338,strict,00AD,single,,,,earn,ea­rn
00796.1f29c490fd2bd8581d19e3e193978a3d,00796__salted__strict__cp200B__single.1f29c490fd2bd8581d19e3e193978a3d,strict,200B,single,,GUARANTEED,GU​ARANTEED,,
00796.1f29c490fd2bd8581d19e3e193978a3d,00796__salted__strict__cp200C__single.1f29c490fd2bd8581d19e3e193978a3d,strict,200C,single,,GUARANTEED,GU‌ARANTEED,,
00796.1f29c490fd2bd8581d19e3e193978a3d,00796__salted__strict__cp200D__single.1f29c490fd2bd8581d19e3e193978a3d,strict,200D,single,,GUARANTEED,GU‍ARANTEED,,
00796.1f29c490fd2bd8581d19e3e193978a3d,00796__salted__strict__cp00AD__single.1f29c490fd2bd8581d19e3e193978a3d,strict,00AD,single,,GUARANTEED,GU­ARANTEED,,
00798.f4f637b8f59ad0e9f154f137b64dd5bf,00798__salted__strict__cp200B__single.f4f637b8f59ad0e9f154f137b64dd5bf,strict,200B,single,,inkjet,in​kjet,,
00798.f4f637b8f59ad0e9f154f137b64dd5bf,00798__salted__strict__cp200C__single.f4f637b8f59ad0e9f154f137b64dd5bf,strict,200C,single,,inkjet,in‌kjet,,
00798.f4f637b8f59ad0e9f154f137b64dd5bf,00798__salted__strict__cp200D__single.f4f637b8f59ad0e9f154f137b64dd5bf,strict,200D,single,,inkjet,in‍kjet,,
00798.f4f637b8f59ad0e9f154f137b64dd5bf,00798__salted__strict__cp00AD__single.f4f637b8f59ad0e9f154f137b64dd5bf,strict,00AD,single,,inkjet,in­kjet,,
00800.770c5025e1f05a52d805d04cbc74252f,00800__salted__strict__cp200B__single.770c5025e1f05a52d805d04cbc74252f,strict,200B,single,,ADV,AD​V,,
00800.770c5025e1f05a52d805d04cbc74252f,00800__salted__strict__cp200C__single.770c5025e1f05a52d805d04cbc74252f,strict,200C,single,,ADV,AD‌V,,
00800.770c5025e1f05a52d805d04cbc74252f,00800__salted__strict__cp200D__single.770c5025e1f05a52d805d04cbc74252f,strict,200D,single,,ADV,AD‍V,,
00800.770c5025e1f05a52d805d04cbc74252f,00800__salted__strict__cp00AD__single.770c5025e1f05a52d805d04cbc74252f,strict,00AD,single,,ADV,AD­V,,
00802.0812cab595172a326e8808357b98fcc5,00802__salted__strict__cp200B__single.0812cab595172a326e8808357b98fcc5,strict,200B,single,,,,"NBC, CBS, Oprah","NB​C, CB​S, Op​rah"
00802.0812cab595172a326e8808357b98fcc5,00802__salted__strict__cp200C__single.0812cab595172a326e8808357b98fcc5,strict,200C,single,,,,"NBC, CBS, Oprah","NB‌C, CB‌S, Op‌rah"
00802.0812cab595172a326e8808357b98fcc5,00802__salted__strict__cp200D__single.0812cab595172a326e8808357b98fcc5,strict,200D,single,,,,"NBC, CBS, Oprah","NB‍C, CB‍S, Op‍rah"
00802.0812cab595172a326e8808357b98fcc5,00802__salted__strict__cp00AD__single.0812cab595172a326e8808357b98fcc5,strict,00AD,single,,,,"NBC, CBS, Oprah","NB­C, CB­S, Op­rah"
00807.8abdd26ba778758f5e46b84a54ac62f4,00807__salted__strict__cp200B__single.8abdd26ba778758f5e46b84a54ac62f4,strict,200B,single,,,,"mortgage, loans","mo​rtgage, lo​ans"
00807.8abdd26ba778758f5e46b84a54ac62f4,00807__salted__strict__cp200C__single.8abdd26ba778758f5e46b84a54ac62f4,strict,200C,single,,,,"mortgage, loans","mo‌rtgage, lo‌ans"
00807.8abdd26ba778758f5e46b84a54ac62f4,00807__salted__strict__cp200D__single.8abdd26ba778758f5e46b84a54ac62f4,strict,200D,single,,,,"mortgage, loans","mo‍rtgage, lo‍ans"
00807.8abdd26ba778758f5e46b84a54ac62f4,00807__salted__strict__cp00AD__single.8abdd26ba778758f5e46b84a54ac62f4,strict,00AD,single,,,,"mortgage, loans","mo­rtgage, lo­ans"
00810.bceaa748f9cee012c466212d8a608acf,00810__salted__strict__cp200B__single.bceaa748f9cee012c466212d8a608acf,strict,200B,single,,,,"MLM, earn","ML​M, ea​rn"
00810.bceaa748f9cee012c466212d8a608acf,00810__salted__strict__cp200C__single.bceaa748f9cee012c466212d8a608acf,strict,200C,single,,,,"MLM, earn","ML‌M, ea‌rn"
00810.bceaa748f9cee012c466212d8a608acf,00810__salted__strict__cp200D__single.bceaa748f9cee012c466212d8a608acf,strict,200D,single,,,,"MLM, earn","ML‍M, ea‍rn"
00810.bceaa748f9cee012c466212d8a608acf,00810__salted__strict__cp00AD__single.bceaa748f9cee012c466212d8a608acf,strict,00AD,single,,,,"MLM, earn","ML­M, ea­rn"
00811.1a510ce29a20ec57048d6b29d0056d57,00811__salted__strict__cp200B__single.1a510ce29a20ec57048d6b29d0056d57,strict,200B,single,,HGH,HG​H,,
00811.1a510ce29a20ec57048d6b29d0056d57,00811__salted__strict__cp200C__single.1a510ce29a20ec57048d6b29d0056d57,strict,200C,single,,HGH,HG‌H,,
00811.1a510ce29a20ec57048d6b29d0056d57,00811__salted__strict__cp200D__single.1a510ce29a20ec57048d6b29d0056d57,strict,200D,single,,HGH,HG‍H,,
00811.1a510ce29a20ec57048d6b29d0056d57,00811__salted__strict__cp00AD__single.1a510ce29a20ec57048d6b29d0056d57,strict,00AD,single,,HGH,HG­H,,
00812.275141f8033735b80bdca7c9dcabc8ad,00812__salted__strict__cp200B__single.275141f8033735b80bdca7c9dcabc8ad,strict,200B,single,,,,"promotional, mailings","pr​omotional, ma​ilings"
00812.275141f8033735b80bdca7c9dcabc8ad,00812__salted__strict__cp200C__single.275141f8033735b80bdca7c9dcabc8ad,strict,200C,single,,,,"promotional, mailings","pr‌omotional, ma‌ilings"
00812.275141f8033735b80bdca7c9dcabc8ad,00812__salted__strict__cp200D__single.275141f8033735b80bdca7c9dcabc8ad,strict,200D,single,,,,"promotional, mailings","pr‍omotional, ma‍ilings"
00812.275141f8033735b80bdca7c9dcabc8ad,00812__salted__strict__cp00AD__single.275141f8033735b80bdca7c9dcabc8ad,strict,00AD,single,,,,"promotional, mailings","pr­omotional, ma­ilings"
00815.a94675622ac65f9a21ab1b83cc869ee6,00815__salted__strict__cp200B__single.a94675622ac65f9a21ab1b83cc869ee6,strict,200B,single,,ADV,AD​V,,
00815.a94675622ac65f9a21ab1b83cc869ee6,00815__salted__strict__cp200C__single.a94675622ac65f9a21ab1b83cc869ee6,strict,200C,single,,ADV,AD‌V,,
00815.a94675622ac65f9a21ab1b83cc869ee6,00815__salted__strict__cp200D__single.a94675622ac65f9a21ab1b83cc869ee6,strict,200D,single,,ADV,AD‍V,,
00815.a94675622ac65f9a21ab1b83cc869ee6,00815__salted__strict__cp00AD__single.a94675622ac65f9a21ab1b83cc869ee6,strict,00AD,single,,ADV,AD­V,,
00816.a4d225bcdd61ba45407b9617397c82c0,00816__salted__strict__cp200B__single.a4d225bcdd61ba45407b9617397c82c0,strict,200B,single,,inkjet,in​kjet,,
00816.a4d225bcdd61ba45407b9617397c82c0,00816__salted__strict__cp200C__single.a4d225bcdd61ba45407b9617397c82c0,strict,200C,single,,inkjet,in‌kjet,,
00816.a4d225bcdd61ba45407b9617397c82c0,00816__salted__strict__cp200D__single.a4d225bcdd61ba45407b9617397c82c0,strict,200D,single,,inkjet,in‍kjet,,
00816.a4d225bcdd61ba45407b9617397c82c0,00816__salted__strict__cp00AD__single.a4d225bcdd61ba45407b9617397c82c0,strict,00AD,single,,inkjet,in­kjet,,
00817.446795af3e79a13e7c3aa784573bcaa0,00817__salted__strict__cp200B__single.446795af3e79a13e7c3aa784573bcaa0,strict,200B,single,,Mortgage,Mo​rtgage,,
00817.446795af3e79a13e7c3aa784573bcaa0,00817__salted__strict__cp200C__single.446795af3e79a13e7c3aa784573bcaa0,strict,200C,single,,Mortgage,Mo‌rtgage,,
00817.446795af3e79a13e7c3aa784573bcaa0,00817__salted__strict__cp200D__single.446795af3e79a13e7c3aa784573bcaa0,strict,200D,single,,Mortgage,Mo‍rtgage,,
00817.446795af3e79a13e7c3aa784573bcaa0,00817__salted__strict__cp00AD__single.446795af3e79a13e7c3aa784573bcaa0,strict,00AD,single,,Mortgage,Mo­rtgage,,
00818.3939063d91d49a0c8e7d01efb2fb95a1,00818__salted__strict__cp200B__single.3939063d91d49a0c8e7d01efb2fb95a1,strict,200B,single,,ADV,AD​V,,
00818.3939063d91d49a0c8e7d01efb2fb95a1,00818__salted__strict__cp200C__single.3939063d91d49a0c8e7d01efb2fb95a1,strict,200C,single,,ADV,AD‌V,,
00818.3939063d91d49a0c8e7d01efb2fb95a1,00818__salted__strict__cp200D__single.3939063d91d49a0c8e7d01efb2fb95a1,strict,200D,single,,ADV,AD‍V,,
00818.3939063d91d49a0c8e7d01efb2fb95a1,00818__salted__strict__cp00AD__single.3939063d91d49a0c8e7d01efb2fb95a1,strict,00AD,single,,ADV,AD­V,,
00819.00de24076c1599b80c13f1e028094b6c,00819__salted__strict__cp200B__single.00de24076c1599b80c13f1e028094b6c,strict,200B,single,,,,"Mortgage, MASTERCARD, payable","Mo​rtgage, MA​STERCARD, pa​yable"
00819.00de24076c1599b80c13f1e028094b6c,00819__salted__strict__cp200C__single.00de24076c1599b80c13f1e028094b6c,strict,200C,single,,,,"Mortgage, MASTERCARD, payable","Mo‌rtgage, MA‌STERCARD, pa‌yable"
00819.00de24076c1599b80c13f1e028094b6c,00819__salted__strict__cp200D__single.00de24076c1599b80c13f1e028094b6c,strict,200D,single,,,,"Mortgage, MASTERCARD, payable","Mo‍rtgage, MA‍STERCARD, pa‍yable"
00819.00de24076c1599b80c13f1e028094b6c,00819__salted__strict__cp00AD__single.00de24076c1599b80c13f1e028094b6c,strict,00AD,single,,,,"Mortgage, MASTERCARD, payable","Mo­rtgage, MA­STERCARD, pa­yable"
00820.bc04797ff065e0ddf83cf6f61697f4fe,00820__salted__strict__cp200B__single.bc04797ff065e0ddf83cf6f61697f4fe,strict,200B,single,,ADV,AD​V,,
00820.bc04797ff065e0ddf83cf6f61697f4fe,00820__salted__strict__cp200C__single.bc04797ff065e0ddf83cf6f61697f4fe,strict,200C,single,,ADV,AD‌V,,
00820.bc04797ff065e0ddf83cf6f61697f4fe,00820__salted__strict__cp200D__single.bc04797ff065e0ddf83cf6f61697f4fe,strict,200D,single,,ADV,AD‍V,,
00820.bc04797ff065e0ddf83cf6f61697f4fe,00820__salted__strict__cp00AD__single.bc04797ff065e0ddf83cf6f61697f4fe,strict,00AD,single,,ADV,AD­V,,
00824.eec96f74d95afedbe574498808d29395,00824__salted__strict__cp200B__single.eec96f74d95afedbe574498808d29395,strict,200B,single,,,,mailings,ma​ilings
00824.eec96f74d95afedbe574498808d29395,00824__salted__strict__cp200C__single.eec96f74d95afedbe574498808d29395,strict,200C,single,,,,mailings,ma‌ilings
00824.eec96f74d95afedbe574498808d29395,00824__salted__strict__cp200D__single.eec96f74d95afedbe574498808d29395,strict,200D,single,,,,mailings,ma‍ilings
00824.eec96f74d95afedbe574498808d29395,00824__salted__strict__cp00AD__single.eec96f74d95afedbe574498808d29395,strict,00AD,single,,,,mailings,ma­ilings
00829.afe2abb0aa5184c633944ac2859f10c9,00829__salted__strict__cp200B__single.afe2abb0aa5184c633944ac2859f10c9,strict,200B,single,,,,"promotional, guaranteed, guaranteed","pr​omotional, gu​aranteed, gu​aranteed"
00829.afe2abb0aa5184c633944ac2859f10c9,00829__salted__strict__cp200C__single.afe2abb0aa5184c633944ac2859f10c9,strict,200C,single,,,,"promotional, guaranteed, guaranteed","pr‌omotional, gu‌aranteed, gu‌aranteed"
00829.afe2abb0aa5184c633944ac2859f10c9,00829__salted__strict__cp200D__single.afe2abb0aa5184c633944ac2859f10c9,strict,200D,single,,,,"promotional, guaranteed, guaranteed","pr‍omotional, gu‍aranteed, gu‍aranteed"
00829.afe2abb0aa5184c633944ac2859f10c9,00829__salted__strict__cp00AD__single.afe2abb0aa5184c633944ac2859f10c9,strict,00AD,single,,,,"promotional, guaranteed, guaranteed","pr­omotional, gu­aranteed, gu­aranteed"
00830.079ed7d24f78024e023b82417a6fe2ca,00830__salted__strict__cp200B__single.079ed7d24f78024e023b82417a6fe2ca,strict,200B,single,,,,"earn, GUARANTEED, resell","ea​rn, GU​ARANTEED, re​sell"
00830.079ed7d24f78024e023b82417a6fe2ca,00830__salted__strict__cp200C__single.079ed7d24f78024e023b82417a6fe2ca,strict,200C,single,,,,"earn, GUARANTEED, resell","ea‌rn, GU‌ARANTEED, re‌sell"
00830.079ed7d24f78024e023b82417a6fe2ca,00830__salted__strict__cp200D__single.079ed7d24f78024e023b82417a6fe2ca,strict,200D,single,,,,"earn, GUARANTEED, resell","ea‍rn, GU‍ARANTEED, re‍sell"
00830.079ed7d24f78024e023b82417a6fe2ca,00830__salted__strict__cp00AD__single.079ed7d24f78024e023b82417a6fe2ca,strict,00AD,single,,,,"earn, GUARANTEED, resell","ea­rn, GU­ARANTEED, re­sell"
00838.a9f6a5bc71c83bd73764f3945b5b9074,00838__salted__strict__cp200B__single.a9f6a5bc71c83bd73764f3945b5b9074,strict,200B,single,,,,"Commissions, Commissions","Co​mmissions, Co​mmissions"
00838.a9f6a5bc71c83bd73764f3945b5b9074,00838__salted__strict__cp200C__single.a9f6a5bc71c83bd73764f3945b5b9074,strict,200C,single,,,,"Commissions, Commissions","Co‌mmissions, Co‌mmissions"
00838.a9f6a5bc71c83bd73764f3945b5b9074,00838__salted__strict__cp200D__single.a9f6a5bc71c83bd73764f3945b5b9074,strict,200D,single,,,,"Commissions, Commissions","Co‍mmissions, Co‍mmissions"
00838.a9f6a5bc71c83bd73764f3945b5b9074,00838__salted__strict__cp00AD__single.a9f6a5bc71c83bd73764f3945b5b9074,strict,00AD,single,,,,"Commissions, Commissions","Co­mmissions, Co­mmissions"
00840.819e7f38c3eced79f5e956fd95103957,00840__salted__strict__cp200B__single.819e7f38c3eced79f5e956fd95103957,strict,200B,single,,,,"assistance, confidentiality, Deposit","as​sistance, co​nfidentiality, De​posit"
00840.819e7f38c3eced79f5e956fd95103957,00840__salted__strict__cp200C__single.819e7f38c3eced79f5e956fd95103957,strict,200C,single,,,,"assistance, confidentiality, Deposit","as‌sistance, co‌nfidentiality, De‌posit"
00840.819e7f38c3eced79f5e956fd95103957,00840__salted__strict__cp200D__single.819e7f38c3eced79f5e956fd95103957,strict,200D,single,,,,"assistance, confidentiality, Deposit","as‍sistance, co‍nfidentiality, De‍posit"
00840.819e7f38c3eced79f5e956fd95103957,00840__salted__strict__cp00AD__single.819e7f38c3eced79f5e956fd95103957,strict,00AD,single,,,,"assistance, confidentiality, Deposit","as­sistance, co­nfidentiality, De­posit"
00841.1daced0eafff035e9fb8aa9f58e6bcce,00841__salted__strict__cp200B__single.1daced0eafff035e9fb8aa9f58e6bcce,strict,200B,single,,,,"MLM, excite, excite","ML​M, ex​cite, ex​cite"
00841.1daced0eafff035e9fb8aa9f58e6bcce,00841__salted__strict__cp200C__single.1daced0eafff035e9fb8aa9f58e6bcce,strict,200C,single,,,,"MLM, excite, excite","ML‌M, ex‌cite, ex‌cite"
00841.1daced0eafff035e9fb8aa9f58e6bcce,00841__salted__strict__cp200D__single.1daced0eafff035e9fb8aa9f58e6bcce,strict,200D,single,,,,"MLM, excite, excite","ML‍M, ex‍cite, ex‍cite"
00841.1daced0eafff035e9fb8aa9f58e6bcce,00841__salted__strict__cp00AD__single.1daced0eafff035e9fb8aa9f58e6bcce,strict,00AD,single,,,,"MLM, excite, excite","ML­M, ex­cite, ex­cite"
00842.bd26298437dec2f1d09fd757afbcb13f,00842__salted__strict__cp200B__single.bd26298437dec2f1d09fd757afbcb13f,strict,200B,single,,,,"Earn, excite, DeathToSpamDeathToSpamDeathToSpam","Ea​rn, ex​cite, De​athToSpamDeathToSpamDeathToSpam"
00842.bd26298437dec2f1d09fd757afbcb13f,00842__salted__strict__cp200C__single.bd26298437dec2f1d09fd757afbcb13f,strict,200C,single,,,,"Earn, excite, DeathToSpamDeathToSpamDeathToSpam","Ea‌rn, ex‌cite, De‌athToSpamDeathToSpamDeathToSpam"
00842.bd26298437dec2f1d09fd757afbcb13f,00842__salted__strict__cp200D__single.bd26298437dec2f1d09fd757afbcb13f,strict,200D,single,,,,"Earn, excite, DeathToSpamDeathToSpamDeathToSpam","Ea‍rn, ex‍cite, De‍athToSpamDeathToSpamDeathToSpam"
00842.bd26298437dec2f1d09fd757afbcb13f,00842__salted__strict__cp00AD__single.bd26298437dec2f1d09fd757afbcb13f,strict,00AD,single,,,,"Earn, excite, DeathToSpamDeathToSpamDeathToSpam","Ea­rn, ex­cite, De­athToSpamDeathToSpamDeathToSpam"
00843.92ef4b70e051724249f825731dfc456a,00843__salted__strict__cp200B__single.92ef4b70e051724249f825731dfc456a,strict,200B,single,,ADV,AD​V,,
00843.92ef4b70e051724249f825731dfc456a,00843__salted__strict__cp200C__single.92ef4b70e051724249f825731dfc456a,strict,200C,single,,ADV,AD‌V,,
00843.92ef4b70e051724249f825731dfc456a,00843__salted__strict__cp200D__single.92ef4b70e051724249f825731dfc456a,strict,200D,single,,ADV,AD‍V,,
00843.92ef4b70e051724249f825731dfc456a,00843__salted__strict__cp00AD__single.92ef4b70e051724249f825731dfc456a,strict,00AD,single,,ADV,AD­V,,
00845.50e08b3f38d440f61b858415e012a9bb,00845__salted__strict__cp200B__single.50e08b3f38d440f61b858415e012a9bb,strict,200B,single,,,,"excite, excite, excite","ex​cite, ex​cite, ex​cite"
00845.50e08b3f38d440f61b858415e012a9bb,00845__salted__strict__cp200C__single.50e08b3f38d440f61b858415e012a9bb,strict,200C,single,,,,"excite, excite, excite","ex‌cite, ex‌cite, ex‌cite"
00845.50e08b3f38d440f61b858415e012a9bb,00845__salted__strict__cp200D__single.50e08b3f38d440f61b858415e012a9bb,strict,200D,single,,,,"excite, excite, excite","ex‍cite, ex‍cite, ex‍cite"
00845.50e08b3f38d440f61b858415e012a9bb,00845__salted__strict__cp00AD__single.50e08b3f38d440f61b858415e012a9bb,strict,00AD,single,,,,"excite, excite, excite","ex­cite, ex­cite, ex­cite"
00858.86651f55da5fa60fa633876354e0aead,00858__salted__strict__cp200B__single.86651f55da5fa60fa633876354e0aead,strict,200B,single,,,,"mailings, mailings","ma​ilings, ma​ilings"
00858.86651f55da5fa60fa633876354e0aead,00858__salted__strict__cp200C__single.86651f55da5fa60fa633876354e0aead,strict,200C,single,,,,"mailings, mailings","ma‌ilings, ma‌ilings"
00858.86651f55da5fa60fa633876354e0aead,00858__salted__strict__cp200D__single.86651f55da5fa60fa633876354e0aead,strict,200D,single,,,,"mailings, mailings","ma‍ilings, ma‍ilings"
00858.86651f55da5fa60fa633876354e0aead,00858__salted__strict__cp00AD__single.86651f55da5fa60fa633876354e0aead,strict,00AD,single,,,,"mailings, mailings","ma­ilings, ma­ilings"
00859.9d4f4626b7bcd9d24e20667bf0f22b24,00859__salted__strict__cp200B__single.9d4f4626b7bcd9d24e20667bf0f22b24,strict,200B,single,,,,specials,sp​ecials
00859.9d4f4626b7bcd9d24e20667bf0f22b24,00859__salted__strict__cp200C__single.9d4f4626b7bcd9d24e20667bf0f22b24,strict,200C,single,,,,specials,sp‌ecials
00859.9d4f4626b7bcd9d24e20667bf0f22b24,00859__salted__strict__cp200D__single.9d4f4626b7bcd9d24e20667bf0f22b24,strict,200D,single,,,,specials,sp‍ecials
00859.9d4f4626b7bcd9d24e20667bf0f22b24,00859__salted__strict__cp00AD__single.9d4f4626b7bcd9d24e20667bf0f22b24,strict,00AD,single,,,,specials,sp­ecials
00861.e8b94fc9514d2d2cbb541b01e2dda726,00861__salted__strict__cp200B__single.e8b94fc9514d2d2cbb541b01e2dda726,strict,200B,single,,,,"mailings, DeathToSpamDeathToSpamDeathToSpam","ma​ilings, De​athToSpamDeathToSpamDeathToSpam"
00861.e8b94fc9514d2d2cbb541b01e2dda726,00861__salted__strict__cp200C__single.e8b94fc9514d2d2cbb541b01e2dda726,strict,200C,single,,,,"mailings, DeathToSpamDeathToSpamDeathToSpam","ma‌ilings, De‌athToSpamDeathToSpamDeathToSpam"
00861.e8b94fc9514d2d2cbb541b01e2dda726,00861__salted__strict__cp200D__single.e8b94fc9514d2d2cbb541b01e2dda726,strict,200D,single,,,,"mailings, DeathToSpamDeathToSpamDeathToSpam","ma‍ilings, De‍athToSpamDeathToSpamDeathToSpam"
00861.e8b94fc9514d2d2cbb541b01e2dda726,00861__salted__strict__cp00AD__single.e8b94fc9514d2d2cbb541b01e2dda726,strict,00AD,single,,,,"mailings, DeathToSpamDeathToSpamDeathToSpam","ma­ilings, De­athToSpamDeathToSpamDeathToSpam"
00863.21d7abedcd9baef5741247adc3b50717,00863__salted__strict__cp200B__single.21d7abedcd9baef5741247adc3b50717,strict,200B,single,,,,"excite, excite, excite","ex​cite, ex​cite, ex​cite"
00863.21d7abedcd9baef5741247adc3b50717,00863__salted__strict__cp200C__single.21d7abedcd9baef5741247adc3b50717,strict,200C,single,,,,"excite, excite, excite","ex‌cite, ex‌cite, ex‌cite"
00863.21d7abedcd9baef5741247adc3b50717,00863__salted__strict__cp200D__single.21d7abedcd9baef5741247adc3b50717,strict,200D,single,,,,"excite, excite, excite","ex‍cite, ex‍cite, ex‍cite"
00863.21d7abedcd9baef5741247adc3b50717,00863__salted__strict__cp00AD__single.21d7abedcd9baef5741247adc3b50717,strict,00AD,single,,,,"excite, excite, excite","ex­cite, ex­cite, ex­cite"
00864.26b74488b46463e16a5fa0f521786a48,00864__salted__strict__cp200B__single.26b74488b46463e16a5fa0f521786a48,strict,200B,single,,,,"mailings, DeathToSpamDeathToSpamDeathToSpam","ma​ilings, De​athToSpamDeathToSpamDeathToSpam"
00864.26b74488b46463e16a5fa0f521786a48,00864__salted__strict__cp200C__single.26b74488b46463e16a5fa0f521786a48,strict,200C,single,,,,"mailings, DeathToSpamDeathToSpamDeathToSpam","ma‌ilings, De‌athToSpamDeathToSpamDeathToSpam"
00864.26b74488b46463e16a5fa0f521786a48,00864__salted__strict__cp200D__single.26b74488b46463e16a5fa0f521786a48,strict,200D,single,,,,"mailings, DeathToSpamDeathToSpamDeathToSpam","ma‍ilings, De‍athToSpamDeathToSpamDeathToSpam"
00864.26b74488b46463e16a5fa0f521786a48,00864__salted__strict__cp00AD__single.26b74488b46463e16a5fa0f521786a48,strict,00AD,single,,,,"mailings, DeathToSpamDeathToSpamDeathToSpam","ma­ilings, De­athToSpamDeathToSpamDeathToSpam"
00865.5021e39ed3259477237997ff88595997,00865__salted__strict__cp200B__single.5021e39ed3259477237997ff88595997,strict,200B,single,,Mortgage,Mo​rtgage,,
00865.5021e39ed3259477237997ff88595997,00865__salted__strict__cp200C__single.5021e39ed3259477237997ff88595997,strict,200C,single,,Mortgage,Mo‌rtgage,,
00865.5021e39ed3259477237997ff88595997,00865__salted__strict__cp200D__single.5021e39ed3259477237997ff88595997,strict,200D,single,,Mortgage,Mo‍rtgage,,
00865.5021e39ed3259477237997ff88595997,00865__salted__strict__cp00AD__single.5021e39ed3259477237997ff88595997,strict,00AD,single,,Mortgage,Mo­rtgage,,
00871.48d32184662134852f20566c47c217f2,00871__salted__strict__cp200B__single.48d32184662134852f20566c47c217f2,strict,200B,single,,MORTGAGE,MO​RTGAGE,,
00871.48d32184662134852f20566c47c217f2,00871__salted__strict__cp200C__single.48d32184662134852f20566c47c217f2,strict,200C,single,,MORTGAGE,MO‌RTGAGE,,
00871.48d32184662134852f20566c47c217f2,00871__salted__strict__cp200D__single.48d32184662134852f20566c47c217f2,strict,200D,single,,MORTGAGE,MO‍RTGAGE,,
00871.48d32184662134852f20566c47c217f2,00871__salted__strict__cp00AD__single.48d32184662134852f20566c47c217f2,strict,00AD,single,,MORTGAGE,MO­RTGAGE,,
00873.9aafc086e6f619ccaaed6b3ddb68b013,00873__salted__strict__cp200B__single.9aafc086e6f619ccaaed6b3ddb68b013,strict,200B,single,,Herbal,He​rbal,,
00873.9aafc086e6f619ccaaed6b3ddb68b013,00873__salted__strict__cp200C__single.9aafc086e6f619ccaaed6b3ddb68b013,strict,200C,single,,Herbal,He‌rbal,,
00873.9aafc086e6f619ccaaed6b3ddb68b013,00873__salted__strict__cp200D__single.9aafc086e6f619ccaaed6b3ddb68b013,strict,200D,single,,Herbal,He‍rbal,,
00873.9aafc086e6f619ccaaed6b3ddb68b013,00873__salted__strict__cp00AD__single.9aafc086e6f619ccaaed6b3ddb68b013,strict,00AD,single,,Herbal,He­rbal,,
00874.5a8822c0bc7366b22f3c99c0e6dd058a,00874__salted__strict__cp200B__single.5a8822c0bc7366b22f3c99c0e6dd058a,strict,200B,single,,,,DeathToSpamDeathToSpamDeathToSpam,De​athToSpamDeathToSpamDeathToSpam
00874.5a8822c0bc7366b22f3c99c0e6dd058a,00874__salted__strict__cp200C__single.5a8822c0bc7366b22f3c99c0e6dd058a,strict,200C,single,,,,DeathToSpamDeathToSpamDeathToSpam,De‌athToSpamDeathToSpamDeathToSpam
00874.5a8822c0bc7366b22f3c99c0e6dd058a,00874__salted__strict__cp200D__single.5a8822c0bc7366b22f3c99c0e6dd058a,strict,200D,single,,,,DeathToSpamDeathToSpamDeathToSpam,De‍athToSpamDeathToSpamDeathToSpam
00874.5a8822c0bc7366b22f3c99c0e6dd058a,00874__salted__strict__cp00AD__single.5a8822c0bc7366b22f3c99c0e6dd058a,strict,00AD,single,,,,DeathToSpamDeathToSpamDeathToSpam,De­athToSpamDeathToSpamDeathToSpam
00875.535ae4621326594a8c9edbc33c06b408,00875__salted__strict__cp200B__single.535ae4621326594a8c9edbc33c06b408,strict,200B,single,,,,"lenders, Loans, Loans","le​nders, Lo​ans, Lo​ans"
00875.535ae4621326594a8c9edbc33c06b408,00875__salted__strict__cp200C__single.535ae4621326594a8c9edbc33c06b408,strict,200C,single,,,,"lenders, Loans, Loans","le‌nders, Lo‌ans, Lo‌ans"
00875.535ae4621326594a8c9edbc33c06b408,00875__salted__strict__cp200D__single.535ae4621326594a8c9edbc33c06b408,strict,200D,single,,,,"lenders, Loans, Loans","le‍nders, Lo‍ans, Lo‍ans"
00875.535ae4621326594a8c9edbc33c06b408,00875__salted__strict__cp00AD__single.535ae4621326594a8c9edbc33c06b408,strict,00AD,single,,,,"lenders, Loans, Loans","le­nders, Lo­ans, Lo­ans"
00881.ec61388b6f9f09b285950e2f11aec158,00881__salted__strict__cp200B__single.ec61388b6f9f09b285950e2f11aec158,strict,200B,single,,earn,ea​rn,DeathToSpamDeathToSpamDeathToSpam,De​athToSpamDeathToSpamDeathToSpam
00881.ec61388b6f9f09b285950e2f11aec158,00881__salted__strict__cp200C__single.ec61388b6f9f09b285950e2f11aec158,strict,200C,single,,earn,ea‌rn,DeathToSpamDeathToSpamDeathToSpam,De‌athToSpamDeathToSpamDeathToSpam
00881.ec61388b6f9f09b285950e2f11aec158,00881__salted__strict__cp200D__single.ec61388b6f9f09b285950e2f11aec158,strict,200D,single,,earn,ea‍rn,DeathToSpamDeathToSpamDeathToSpam,De‍athToSpamDeathToSpamDeathToSpam
00881.ec61388b6f9f09b285950e2f11aec158,00881__salted__strict__cp00AD__single.ec61388b6f9f09b285950e2f11aec158,strict,00AD,single,,earn,ea­rn,DeathToSpamDeathToSpamDeathToSpam,De­athToSpamDeathToSpamDeathToSpam
00883.a154f7c7619d620a00deb7da892ca4ce,00883__salted__strict__cp200B__single.a154f7c7619d620a00deb7da892ca4ce,strict,200B,single,,Adv,Ad​v,"Earn, GUARANTEED, excite","Ea​rn, GU​ARANTEED, ex​cite"
00883.a154f7c7619d620a00deb7da892ca4ce,00883__salted__strict__cp200C__single.a154f7c7619d620a00deb7da892ca4ce,strict,200C,single,,Adv,Ad‌v,"Earn, GUARANTEED, excite","Ea‌rn, GU‌ARANTEED, ex‌cite"
00883.a154f7c7619d620a00deb7da892ca4ce,00883__salted__strict__cp200D__single.a154f7c7619d620a00deb7da892ca4ce,strict,200D,single,,Adv,Ad‍v,"Earn, GUARANTEED, excite","Ea‍rn, GU‍ARANTEED, ex‍cite"
00883.a154f7c7619d620a00deb7da892ca4ce,00883__salted__strict__cp00AD__single.a154f7c7619d620a00deb7da892ca4ce,strict,00AD,single,,Adv,Ad­v,"Earn, GUARANTEED, excite","Ea­rn, GU­ARANTEED, ex­cite"
00885.6f8bc5aec58114e2d8ae91f3d1b464fc,00885__salted__strict__cp200B__single.6f8bc5aec58114e2d8ae91f3d1b464fc,strict,200B,single,,,,"postal, DeathToSpamDeathToSpamDeathToSpam","po​stal, De​athToSpamDeathToSpamDeathToSpam"
00885.6f8bc5aec58114e2d8ae91f3d1b464fc,00885__salted__strict__cp200C__single.6f8bc5aec58114e2d8ae91f3d1b464fc,strict,200C,single,,,,"postal, DeathToSpamDeathToSpamDeathToSpam","po‌stal, De‌athToSpamDeathToSpamDeathToSpam"
00885.6f8bc5aec58114e2d8ae91f3d1b464fc,00885__salted__strict__cp200D__single.6f8bc5aec58114e2d8ae91f3d1b464fc,strict,200D,single,,,,"postal, DeathToSpamDeathToSpamDeathToSpam","po‍stal, De‍athToSpamDeathToSpamDeathToSpam"
00885.6f8bc5aec58114e2d8ae91f3d1b464fc,00885__salted__strict__cp00AD__single.6f8bc5aec58114e2d8ae91f3d1b464fc,strict,00AD,single,,,,"postal, DeathToSpamDeathToSpamDeathToSpam","po­stal, De­athToSpamDeathToSpamDeathToSpam"
00887.7a8cc64a563c42af29184459e6c1a97f,00887__salted__strict__cp200B__single.7a8cc64a563c42af29184459e6c1a97f,strict,200B,single,,,,DeathToSpamDeathToSpamDeathToSpam,De​athToSpamDeathToSpamDeathToSpam
00887.7a8cc64a563c42af29184459e6c1a97f,00887__salted__strict__cp200C__single.7a8cc64a563c42af29184459e6c1a97f,strict,200C,single,,,,DeathToSpamDeathToSpamDeathToSpam,De‌athToSpamDeathToSpamDeathToSpam
00887.7a8cc64a563c42af29184459e6c1a97f,00887__salted__strict__cp200D__single.7a8cc64a563c42af29184459e6c1a97f,strict,200D,single,,,,DeathToSpamDeathToSpamDeathToSpam,De‍athToSpamDeathToSpamDeathToSpam
00887.7a8cc64a563c42af29184459e6c1a97f,00887__salted__strict__cp00AD__single.7a8cc64a563c42af29184459e6c1a97f,strict,00AD,single,,,,DeathToSpamDeathToSpamDeathToSpam,De­athToSpamDeathToSpamDeathToSpam
00889.272969152a8ce2d6ece155571e862683,00889__salted__strict__cp200B__single.272969152a8ce2d6ece155571e862683,strict,200B,single,,CARTRIDGES,CA​RTRIDGES,,
00889.272969152a8ce2d6ece155571e862683,00889__salted__strict__cp200C__single.272969152a8ce2d6ece155571e862683,strict,200C,single,,CARTRIDGES,CA‌RTRIDGES,,
00889.272969152a8ce2d6ece155571e862683,00889__salted__strict__cp200D__single.272969152a8ce2d6ece155571e862683,strict,200D,single,,CARTRIDGES,CA‍RTRIDGES,,
00889.272969152a8ce2d6ece155571e862683,00889__salted__strict__cp00AD__single.272969152a8ce2d6ece155571e862683,strict,00AD,single,,CARTRIDGES,CA­RTRIDGES,,
00890.3996b985f81cb29cba9dfda9844c47e2,00890__salted__strict__cp200B__single.3996b985f81cb29cba9dfda9844c47e2,strict,200B,single,,,,specials,sp​ecials
00890.3996b985f81cb29cba9dfda9844c47e2,00890__salted__strict__cp200C__single.3996b985f81cb29cba9dfda9844c47e2,strict,200C,single,,,,specials,sp‌ecials
00890.3996b985f81cb29cba9dfda9844c47e2,00890__salted__strict__cp200D__single.3996b985f81cb29cba9dfda9844c47e2,strict,200D,single,,,,specials,sp‍ecials
00890.3996b985f81cb29cba9dfda9844c47e2,00890__salted__strict__cp00AD__single.3996b985f81cb29cba9dfda9844c47e2,strict,00AD,single,,,,specials,sp­ecials
00891.730d12d96dcfa7812a51d12d9a3b6a1c,00891__salted__strict__cp200B__single.730d12d96dcfa7812a51d12d9a3b6a1c,strict,200B,single,,,,"assistance, deposit, assistance","as​sistance, de​posit, as​sistance"
00891.730d12d96dcfa7812a51d12d9a3b6a1c,00891__salted__strict__cp200C__single.730d12d96dcfa7812a51d12d9a3b6a1c,strict,200C,single,,,,"assistance, deposit, assistance","as‌sistance, de‌posit, as‌sistance"
00891.730d12d96dcfa7812a51d12d9a3b6a1c,00891__salted__strict__cp200D__single.730d12d96dcfa7812a51d12d9a3b6a1c,strict,200D,single,,,,"assistance, deposit, assistance","as‍sistance, de‍posit, as‍sistance"
00891.730d12d96dcfa7812a51d12d9a3b6a1c,00891__salted__strict__cp00AD__single.730d12d96dcfa7812a51d12d9a3b6a1c,strict,00AD,single,,,,"assistance, deposit, assistance","as­sistance, de­posit, as­sistance"
00892.98aff9f92339cedef0ce0b9bade2765f,00892__salted__strict__cp200B__single.98aff9f92339cedef0ce0b9bade2765f,strict,200B,single,,Herbal,He​rbal,,
00892.98aff9f92339cedef0ce0b9bade2765f,00892__salted__strict__cp200C__single.98aff9f92339cedef0ce0b9bade2765f,strict,200C,single,,Herbal,He‌rbal,,
00892.98aff9f92339cedef0ce0b9bade2765f,00892__salted__strict__cp200D__single.98aff9f92339cedef0ce0b9bade2765f,strict,200D,single,,Herbal,He‍rbal,,
00892.98aff9f92339cedef0ce0b9bade2765f,00892__salted__strict__cp00AD__single.98aff9f92339cedef0ce0b9bade2765f,strict,00AD,single,,Herbal,He­rbal,,
00893.89d5fc38f24e7e2241888c19ec260994,00893__salted__strict__cp200B__single.89d5fc38f24e7e2241888c19ec260994,strict,200B,single,,SYSTEMWORKS,SY​STEMWORKS,"SystemWorks, btamail","Sy​stemWorks, bt​amail"
00893.89d5fc38f24e7e2241888c19ec260994,00893__salted__strict__cp200C__single.89d5fc38f24e7e2241888c19ec260994,strict,200C,single,,SYSTEMWORKS,SY‌STEMWORKS,"SystemWorks, btamail","Sy‌stemWorks, bt‌amail"
00893.89d5fc38f24e7e2241888c19ec260994,00893__salted__strict__cp200D__single.89d5fc38f24e7e2241888c19ec260994,strict,200D,single,,SYSTEMWORKS,SY‍STEMWORKS,"SystemWorks, btamail","Sy‍stemWorks, bt‍amail"
00893.89d5fc38f24e7e2241888c19ec260994,00893__salted__strict__cp00AD__single.89d5fc38f24e7e2241888c19ec260994,strict,00AD,single,,SYSTEMWORKS,SY­STEMWORKS,"SystemWorks, btamail","Sy­stemWorks, bt­amail"
00894.f54f07418fc8e677fe0fe5ac60a251ab,00894__salted__strict__cp200B__single.f54f07418fc8e677fe0fe5ac60a251ab,strict,200B,single,,,,earn,ea​rn
00894.f54f07418fc8e677fe0fe5ac60a251ab,00894__salted__strict__cp200C__single.f54f07418fc8e677fe0fe5ac60a251ab,strict,200C,single,,,,earn,ea‌rn
00894.f54f07418fc8e677fe0fe5ac60a251ab,00894__salted__strict__cp200D__single.f54f07418fc8e677fe0fe5ac60a251ab,strict,200D,single,,,,earn,ea‍rn
00894.f54f07418fc8e677fe0fe5ac60a251ab,00894__salted__strict__cp00AD__single.f54f07418fc8e677fe0fe5ac60a251ab,strict,00AD,single,,,,earn,ea­rn
00895.d7895e10504f34149655062fe20d5174,00895__salted__strict__cp200B__single.d7895e10504f34149655062fe20d5174,strict,200B,single,,ASSISTANCE,AS​SISTANCE,"Lagos, ASSISTANCE, clearance","La​gos, AS​SISTANCE, cl​earance"
00895.d7895e10504f34149655062fe20d5174,00895__salted__strict__cp200C__single.d7895e10504f34149655062fe20d5174,strict,200C,single,,ASSISTANCE,AS‌SISTANCE,"Lagos, ASSISTANCE, clearance","La‌gos, AS‌SISTANCE, cl‌earance"
00895.d7895e10504f34149655062fe20d5174,00895__salted__strict__cp200D__single.d7895e10504f34149655062fe20d5174,strict,200D,single,,ASSISTANCE,AS‍SISTANCE,"Lagos, ASSISTANCE, clearance","La‍gos, AS‍SISTANCE, cl‍earance"
00895.d7895e10504f34149655062fe20d5174,00895__salted__strict__cp00AD__single.d7895e10504f34149655062fe20d5174,strict,00AD,single,,ASSISTANCE,AS­SISTANCE,"Lagos, ASSISTANCE, clearance","La­gos, AS­SISTANCE, cl­earance"
00896.c6f6a4e29a114b9d7d5751e4292520de,00896__salted__strict__cp200B__single.c6f6a4e29a114b9d7d5751e4292520de,strict,200B,single,,ASSISTANCE,AS​SISTANCE,"Lagos, ASSISTANCE, clearance","La​gos, AS​SISTANCE, cl​earance"
00896.c6f6a4e29a114b9d7d5751e4292520de,00896__salted__strict__cp200C__single.c6f6a4e29a114b9d7d5751e4292520de,strict,200C,single,,ASSISTANCE,AS‌SISTANCE,"Lagos, ASSISTANCE, clearance","La‌gos, AS‌SISTANCE, cl‌earance"
00896.c6f6a4e29a114b9d7d5751e4292520de,00896__salted__strict__cp200D__single.c6f6a4e29a114b9d7d5751e4292520de,strict,200D,single,,ASSISTANCE,AS‍SISTANCE,"Lagos, ASSISTANCE, clearance","La‍gos, AS‍SISTANCE, cl‍earance"
00896.c6f6a4e29a114b9d7d5751e4292520de,00896__salted__strict__cp00AD__single.c6f6a4e29a114b9d7d5751e4292520de,strict,00AD,single,,ASSISTANCE,AS­SISTANCE,"Lagos, ASSISTANCE, clearance","La­gos, AS­SISTANCE, cl­earance"
00897.b95ab214fa940540786f7bb4284b275d,00897__salted__strict__cp200B__single.b95ab214fa940540786f7bb4284b275d,strict,200B,single,,Herbal,He​rbal,,
00897.b95ab214fa940540786f7bb4284b275d,00897__salted__strict__cp200C__single.b95ab214fa940540786f7bb4284b275d,strict,200C,single,,Herbal,He‌rbal,,
00897.b95ab214fa940540786f7bb4284b275d,00897__salted__strict__cp200D__single.b95ab214fa940540786f7bb4284b275d,strict,200D,single,,Herbal,He‍rbal,,
00897.b95ab214fa940540786f7bb4284b275d,00897__salted__strict__cp00AD__single.b95ab214fa940540786f7bb4284b275d,strict,00AD,single,,Herbal,He­rbal,,
00898.8b3fe8deaa79f08133be78fc63e726c9,00898__salted__strict__cp200B__single.8b3fe8deaa79f08133be78fc63e726c9,strict,200B,single,,ASSISTANCE,AS​SISTANCE,"Lagos, ASSISTANCE, clearance","La​gos, AS​SISTANCE, cl​earance"
00898.8b3fe8deaa79f08133be78fc63e726c9,00898__salted__strict__cp200C__single.8b3fe8deaa79f08133be78fc63e726c9,strict,200C,single,,ASSISTANCE,AS‌SISTANCE,"Lagos, ASSISTANCE, clearance","La‌gos, AS‌SISTANCE, cl‌earance"
00898.8b3fe8deaa79f08133be78fc63e726c9,00898__salted__strict__cp200D__single.8b3fe8deaa79f08133be78fc63e726c9,strict,200D,single,,ASSISTANCE,AS‍SISTANCE,"Lagos, ASSISTANCE, clearance","La‍gos, AS‍SISTANCE, cl‍earance"
00898.8b3fe8deaa79f08133be78fc63e726c9,00898__salted__strict__cp00AD__single.8b3fe8deaa79f08133be78fc63e726c9,strict,00AD,single,,ASSISTANCE,AS­SISTANCE,"Lagos, ASSISTANCE, clearance","La­gos, AS­SISTANCE, cl­earance"
00899.957a4f3be27468470183f978db53c753,00899__salted__strict__cp200B__single.957a4f3be27468470183f978db53c753,strict,200B,single,,ASSISTANCE,AS​SISTANCE,"Lagos, ASSISTANCE, clearance","La​gos, AS​SISTANCE, cl​earance"
00899.957a4f3be27468470183f978db53c753,00899__salted__strict__cp200C__single.957a4f3be27468470183f978db53c753,strict,200C,single,,ASSISTANCE,AS‌SISTANCE,"Lagos, ASSISTANCE, clearance","La‌gos, AS‌SISTANCE, cl‌earance"
00899.957a4f3be27468470183f978db53c753,00899__salted__strict__cp200D__single.957a4f3be27468470183f978db53c753,strict,200D,single,,ASSISTANCE,AS‍SISTANCE,"Lagos, ASSISTANCE, clearance","La‍gos, AS‍SISTANCE, cl‍earance"
00899.957a4f3be27468470183f978db53c753,00899__salted__strict__cp00AD__single.957a4f3be27468470183f978db53c753,strict,00AD,single,,ASSISTANCE,AS­SISTANCE,"Lagos, ASSISTANCE, clearance","La­gos, AS­SISTANCE, cl­earance"
00901.95250e8c5c190d1b0320b9e6fe0f5a82,00901__salted__strict__cp200B__single.95250e8c5c190d1b0320b9e6fe0f5a82,strict,200B,single,,,,"Earn, excite, DeathToSpamDeathToSpamDeathToSpam","Ea​rn, ex​cite, De​athToSpamDeathToSpamDeathToSpam"
00901.95250e8c5c190d1b0320b9e6fe0f5a82,00901__salted__strict__cp200C__single.95250e8c5c190d1b0320b9e6fe0f5a82,strict,200C,single,,,,"Earn, excite, DeathToSpamDeathToSpamDeathToSpam","Ea‌rn, ex‌cite, De‌athToSpamDeathToSpamDeathToSpam"
00901.95250e8c5c190d1b0320b9e6fe0f5a82,00901__salted__strict__cp200D__single.95250e8c5c190d1b0320b9e6fe0f5a82,strict,200D,single,,,,"Earn, excite, DeathToSpamDeathToSpamDeathToSpam","Ea‍rn, ex‍cite, De‍athToSpamDeathToSpamDeathToSpam"
00901.95250e8c5c190d1b0320b9e6fe0f5a82,00901__salted__strict__cp00AD__single.95250e8c5c190d1b0320b9e6fe0f5a82,strict,00AD,single,,,,"Earn, excite, DeathToSpamDeathToSpamDeathToSpam","Ea­rn, ex­cite, De­athToSpamDeathToSpamDeathToSpam"
00902.5cf0d5b3c8c28418fd5aac308db88a47,00902__salted__strict__cp200B__single.5cf0d5b3c8c28418fd5aac308db88a47,strict,200B,single,,Hgh,Hg​h,"NBC, CBS, Oprah","NB​C, CB​S, Op​rah"
00902.5cf0d5b3c8c28418fd5aac308db88a47,00902__salted__strict__cp200C__single.5cf0d5b3c8c28418fd5aac308db88a47,strict,200C,single,,Hgh,Hg‌h,"NBC, CBS, Oprah","NB‌C, CB‌S, Op‌rah"
00902.5cf0d5b3c8c28418fd5aac308db88a47,00902__salted__strict__cp200D__single.5cf0d5b3c8c28418fd5aac308db88a47,strict,200D,single,,Hgh,Hg‍h,"NBC, CBS, Oprah","NB‍C, CB‍S, Op‍rah"
00902.5cf0d5b3c8c28418fd5aac308db88a47,00902__salted__strict__cp00AD__single.5cf0d5b3c8c28418fd5aac308db88a47,strict,00AD,single,,Hgh,Hg­h,"NBC, CBS, Oprah","NB­C, CB­S, Op­rah"
00903.1b151e48aafed20229a1880c1d558992,00903__salted__strict__cp200B__single.1b151e48aafed20229a1880c1d558992,strict,200B,single,,,,"annuity, Commissions, Commissions","an​nuity, Co​mmissions, Co​mmissions"
00903.1b151e48aafed20229a1880c1d558992,00903__salted__strict__cp200C__single.1b151e48aafed20229a1880c1d558992,strict,200C,single,,,,"annuity, Commissions, Commissions","an‌nuity, Co‌mmissions, Co‌mmissions"
00903.1b151e48aafed20229a1880c1d558992,00903__salted__strict__cp200D__single.1b151e48aafed20229a1880c1d558992,strict,200D,single,,,,"annuity, Commissions, Commissions","an‍nuity, Co‍mmissions, Co‍mmissions"
00903.1b151e48aafed20229a1880c1d558992,00903__salted__strict__cp00AD__single.1b151e48aafed20229a1880c1d558992,strict,00AD,single,,,,"annuity, Commissions, Commissions","an­nuity, Co­mmissions, Co­mmissions"
00907.74983d9d0d6ee3c681a48cf893f123b5,00907__salted__strict__cp200B__single.74983d9d0d6ee3c681a48cf893f123b5,strict,200B,single,,,,"Earn, earn, MLM","Ea​rn, ea​rn, ML​M"
00907.74983d9d0d6ee3c681a48cf893f123b5,00907__salted__strict__cp200C__single.74983d9d0d6ee3c681a48cf893f123b5,strict,200C,single,,,,"Earn, earn, MLM","Ea‌rn, ea‌rn, ML‌M"
00907.74983d9d0d6ee3c681a48cf893f123b5,00907__salted__strict__cp200D__single.74983d9d0d6ee3c681a48cf893f123b5,strict,200D,single,,,,"Earn, earn, MLM","Ea‍rn, ea‍rn, ML‍M"
00907.74983d9d0d6ee3c681a48cf893f123b5,00907__salted__strict__cp00AD__single.74983d9d0d6ee3c681a48cf893f123b5,strict,00AD,single,,,,"Earn, earn, MLM","Ea­rn, ea­rn, ML­M"
00908.718f913e615b66df1c33cfb0af8e8885,00908__salted__strict__cp200B__single.718f913e615b66df1c33cfb0af8e8885,strict,200B,single,,,,"mortgage, refinance, Mortgage","mo​rtgage, re​finance, Mo​rtgage"
00908.718f913e615b66df1c33cfb0af8e8885,00908__salted__strict__cp200C__single.718f913e615b66df1c33cfb0af8e8885,strict,200C,single,,,,"mortgage, refinance, Mortgage","mo‌rtgage, re‌finance, Mo‌rtgage"
00908.718f913e615b66df1c33cfb0af8e8885,00908__salted__strict__cp200D__single.718f913e615b66df1c33cfb0af8e8885,strict,200D,single,,,,"mortgage, refinance, Mortgage","mo‍rtgage, re‍finance, Mo‍rtgage"
00908.718f913e615b66df1c33cfb0af8e8885,00908__salted__strict__cp00AD__single.718f913e615b66df1c33cfb0af8e8885,strict,00AD,single,,,,"mortgage, refinance, Mortgage","mo­rtgage, re­finance, Mo­rtgage"
00916.018fdcfbee3a549dc675f169a1243e16,00916__salted__strict__cp200B__single.018fdcfbee3a549dc675f169a1243e16,strict,200B,single,,Commissions,Co​mmissions,"earn, earn, excite","ea​rn, ea​rn, ex​cite"
00916.018fdcfbee3a549dc675f169a1243e16,00916__salted__strict__cp200C__single.018fdcfbee3a549dc675f169a1243e16,strict,200C,single,,Commissions,Co‌mmissions,"earn, earn, excite","ea‌rn, ea‌rn, ex‌cite"
00916.018fdcfbee3a549dc675f169a1243e16,00916__salted__strict__cp200D__single.018fdcfbee3a549dc675f169a1243e16,strict,200D,single,,Commissions,Co‍mmissions,"earn, earn, excite","ea‍rn, ea‍rn, ex‍cite"
00916.018fdcfbee3a549dc675f169a1243e16,00916__salted__strict__cp00AD__single.018fdcfbee3a549dc675f169a1243e16,strict,00AD,single,,Commissions,Co­mmissions,"earn, earn, excite","ea­rn, ea­rn, ex­cite"
00919.0b677a6b8d8bff153989d1708850f985,00919__salted__strict__cp200B__single.0b677a6b8d8bff153989d1708850f985,strict,200B,single,,,,"LAGOS, receipt, receipt","LA​GOS, re​ceipt, re​ceipt"
00919.0b677a6b8d8bff153989d1708850f985,00919__salted__strict__cp200C__single.0b677a6b8d8bff153989d1708850f985,strict,200C,single,,,,"LAGOS, receipt, receipt","LA‌GOS, re‌ceipt, re‌ceipt"
00919.0b677a6b8d8bff153989d1708850f985,00919__salted__strict__cp200D__single.0b677a6b8d8bff153989d1708850f985,strict,200D,single,,,,"LAGOS, receipt, receipt","LA‍GOS, re‍ceipt, re‍ceipt"
00919.0b677a6b8d8bff153989d1708850f985,00919__salted__strict__cp00AD__single.0b677a6b8d8bff153989d1708850f985,strict,00AD,single,,,,"LAGOS, receipt, receipt","LA­GOS, re­ceipt, re­ceipt"
00922.06a743f9aa0c1d27703342dac65a308b,00922__salted__strict__cp200B__single.06a743f9aa0c1d27703342dac65a308b,strict,200B,single,,,,"mailings, btamail","ma​ilings, bt​amail"
00922.06a743f9aa0c1d27703342dac65a308b,00922__salted__strict__cp200C__single.06a743f9aa0c1d27703342dac65a308b,strict,200C,single,,,,"mailings, btamail","ma‌ilings, bt‌amail"
00922.06a743f9aa0c1d27703342dac65a308b,00922__salted__strict__cp200D__single.06a743f9aa0c1d27703342dac65a308b,strict,200D,single,,,,"mailings, btamail","ma‍ilings, bt‍amail"
00922.06a743f9aa0c1d27703342dac65a308b,00922__salted__strict__cp00AD__single.06a743f9aa0c1d27703342dac65a308b,strict,00AD,single,,,,"mailings, btamail","ma­ilings, bt­amail"
00925.6ba2770acb214c661a26e54b4d03c119,00925__salted__strict__cp200B__single.6ba2770acb214c661a26e54b4d03c119,strict,200B,single,,ADV,AD​V,toll,to​ll
00925.6ba2770acb214c661a26e54b4d03c119,00925__salted__strict__cp200C__single.6ba2770acb214c661a26e54b4d03c119,strict,200C,single,,ADV,AD‌V,toll,to‌ll
00925.6ba2770acb214c661a26e54b4d03c119,00925__salted__strict__cp200D__single.6ba2770acb214c661a26e54b4d03c119,strict,200D,single,,ADV,AD‍V,toll,to‍ll
00925.6ba2770acb214c661a26e54b4d03c119,00925__salted__strict__cp00AD__single.6ba2770acb214c661a26e54b4d03c119,strict,00AD,single,,ADV,AD­V,toll,to­ll
00936.1f06517cffff4360820ff6012b392b93,00936__salted__strict__cp200B__single.1f06517cffff4360820ff6012b392b93,strict,200B,single,,,,"Lagos, assistance, assistance","La​gos, as​sistance, as​sistance"
00936.1f06517cffff4360820ff6012b392b93,00936__salted__strict__cp200C__single.1f06517cffff4360820ff6012b392b93,strict,200C,single,,,,"Lagos, assistance, assistance","La‌gos, as‌sistance, as‌sistance"
00936.1f06517cffff4360820ff6012b392b93,00936__salted__strict__cp200D__single.1f06517cffff4360820ff6012b392b93,strict,200D,single,,,,"Lagos, assistance, assistance","La‍gos, as‍sistance, as‍sistance"
00936.1f06517cffff4360820ff6012b392b93,00936__salted__strict__cp00AD__single.1f06517cffff4360820ff6012b392b93,strict,00AD,single,,,,"Lagos, assistance, assistance","La­gos, as­sistance, as­sistance"
00937.ab1a356a481bf9a59d00fd39d309e33f,00937__salted__strict__cp200B__single.ab1a356a481bf9a59d00fd39d309e33f,strict,200B,single,,,,"Lagos, assistance, assistance","La​gos, as​sistance, as​sistance"
00937.ab1a356a481bf9a59d00fd39d309e33f,00937__salted__strict__cp200C__single.ab1a356a481bf9a59d00fd39d309e33f,strict,200C,single,,,,"Lagos, assistance, assistance","La‌gos, as‌sistance, as‌sistance"
00937.ab1a356a481bf9a59d00fd39d309e33f,00937__salted__strict__cp200D__single.ab1a356a481bf9a59d00fd39d309e33f,strict,200D,single,,,,"Lagos, assistance, assistance","La‍gos, as‍sistance, as‍sistance"
00937.ab1a356a481bf9a59d00fd39d309e33f,00937__salted__strict__cp00AD__single.ab1a356a481bf9a59d00fd39d309e33f,strict,00AD,single,,,,"Lagos, assistance, assistance","La­gos, as­sistance, as­sistance"
00939.8d335bc76836e51b449de9f6b38aa0f8,00939__salted__strict__cp200B__single.8d335bc76836e51b449de9f6b38aa0f8,strict,200B,single,,,,DeathToSpamDeathToSpamDeathToSpam,De​athToSpamDeathToSpamDeathToSpam
00939.8d335bc76836e51b449de9f6b38aa0f8,00939__salted__strict__cp200C__single.8d335bc76836e51b449de9f6b38aa0f8,strict,200C,single,,,,DeathToSpamDeathToSpamDeathToSpam,De‌athToSpamDeathToSpamDeathToSpam
00939.8d335bc76836e51b449de9f6b38aa0f8,00939__salted__strict__cp200D__single.8d335bc76836e51b449de9f6b38aa0f8,strict,200D,single,,,,DeathToSpamDeathToSpamDeathToSpam,De‍athToSpamDeathToSpamDeathToSpam
00939.8d335bc76836e51b449de9f6b38aa0f8,00939__salted__strict__cp00AD__single.8d335bc76836e51b449de9f6b38aa0f8,strict,00AD,single,,,,DeathToSpamDeathToSpamDeathToSpam,De­athToSpamDeathToSpamDeathToSpam
00940.33bee147237876bc1f28b1bf21b586a0,00940__salted__strict__cp200B__single.33bee147237876bc1f28b1bf21b586a0,strict,200B,single,,Assistance,As​sistance,"assistance, USD, assistance","as​sistance, US​D, as​sistance"
00940.33bee147237876bc1f28b1bf21b586a0,00940__salted__strict__cp200C__single.33bee147237876bc1f28b1bf21b586a0,strict,200C,single,,Assistance,As‌sistance,"assistance, USD, assistance","as‌sistance, US‌D, as‌sistance"
00940.33bee147237876bc1f28b1bf21b586a0,00940__salted__strict__cp200D__single.33bee147237876bc1f28b1bf21b586a0,strict,200D,single,,Assistance,As‍sistance,"assistance, USD, assistance","as‍sistance, US‍D, as‍sistance"
00940.33bee147237876bc1f28b1bf21b586a0,00940__salted__strict__cp00AD__single.33bee147237876bc1f28b1bf21b586a0,strict,00AD,single,,Assistance,As­sistance,"assistance, USD, assistance","as­sistance, US­D, as­sistance"
00941.3ad67a2e6c3bc19d2187dd5a98e05c9d,00941__salted__strict__cp200B__single.3ad67a2e6c3bc19d2187dd5a98e05c9d,strict,200B,single,,,,"mailings, DeathToSpamDeathToSpamDeathToSpam","ma​ilings, De​athToSpamDeathToSpamDeathToSpam"
00941.3ad67a2e6c3bc19d2187dd5a98e05c9d,00941__salted__strict__cp200C__single.3ad67a2e6c3bc19d2187dd5a98e05c9d,strict,200C,single,,,,"mailings, DeathToSpamDeathToSpamDeathToSpam","ma‌ilings, De‌athToSpamDeathToSpamDeathToSpam"
00941.3ad67a2e6c3bc19d2187dd5a98e05c9d,00941__salted__strict__cp200D__single.3ad67a2e6c3bc19d2187dd5a98e05c9d,strict,200D,single,,,,"mailings, DeathToSpamDeathToSpamDeathToSpam","ma‍ilings, De‍athToSpamDeathToSpamDeathToSpam"
00941.3ad67a2e6c3bc19d2187dd5a98e05c9d,00941__salted__strict__cp00AD__single.3ad67a2e6c3bc19d2187dd5a98e05c9d,strict,00AD,single,,,,"mailings, DeathToSpamDeathToSpamDeathToSpam","ma­ilings, De­athToSpamDeathToSpamDeathToSpam"
00946.b2d8cc12ec881dc3ad32998e292ad772,00946__salted__strict__cp200B__single.b2d8cc12ec881dc3ad32998e292ad772,strict,200B,single,,EARN,EA​RN,DeathToSpamDeathToSpamDeathToSpam,De​athToSpamDeathToSpamDeathToSpam
00946.b2d8cc12ec881dc3ad32998e292ad772,00946__salted__strict__cp200C__single.b2d8cc12ec881dc3ad32998e292ad772,strict,200C,single,,EARN,EA‌RN,DeathToSpamDeathToSpamDeathToSpam,De‌athToSpamDeathToSpamDeathToSpam
00946.b2d8cc12ec881dc3ad32998e292ad772,00946__salted__strict__cp200D__single.b2d8cc12ec881dc3ad32998e292ad772,strict,200D,single,,EARN,EA‍RN,DeathToSpamDeathToSpamDeathToSpam,De‍athToSpamDeathToSpamDeathToSpam
00946.b2d8cc12ec881dc3ad32998e292ad772,00946__salted__strict__cp00AD__single.b2d8cc12ec881dc3ad32998e292ad772,strict,00AD,single,,EARN,EA­RN,DeathToSpamDeathToSpamDeathToSpam,De­athToSpamDeathToSpamDeathToSpam
00947.e4d80402e902f1ea42cfc539bb279afd,00947__salted__strict__cp200B__single.e4d80402e902f1ea42cfc539bb279afd,strict,200B,single,,inkjet,in​kjet,,
00947.e4d80402e902f1ea42cfc539bb279afd,00947__salted__strict__cp200C__single.e4d80402e902f1ea42cfc539bb279afd,strict,200C,single,,inkjet,in‌kjet,,
00947.e4d80402e902f1ea42cfc539bb279afd,00947__salted__strict__cp200D__single.e4d80402e902f1ea42cfc539bb279afd,strict,200D,single,,inkjet,in‍kjet,,
00947.e4d80402e902f1ea42cfc539bb279afd,00947__salted__strict__cp00AD__single.e4d80402e902f1ea42cfc539bb279afd,strict,00AD,single,,inkjet,in­kjet,,
00954.f92e3e1383d3882a4287fb8d6a1b1eb0,00954__salted__strict__cp200B__single.f92e3e1383d3882a4287fb8d6a1b1eb0,strict,200B,single,,,,"Lagos, ATTN","La​gos, AT​TN"
00954.f92e3e1383d3882a4287fb8d6a1b1eb0,00954__salted__strict__cp200C__single.f92e3e1383d3882a4287fb8d6a1b1eb0,strict,200C,single,,,,"Lagos, ATTN","La‌gos, AT‌TN"
00954.f92e3e1383d3882a4287fb8d6a1b1eb0,00954__salted__strict__cp200D__single.f92e3e1383d3882a4287fb8d6a1b1eb0,strict,200D,single,,,,"Lagos, ATTN","La‍gos, AT‍TN"
00954.f92e3e1383d3882a4287fb8d6a1b1eb0,00954__salted__strict__cp00AD__single.f92e3e1383d3882a4287fb8d6a1b1eb0,strict,00AD,single,,,,"Lagos, ATTN","La­gos, AT­TN"
00956.bd15831ffe9661a5395b8ec491a4fed2,00956__salted__strict__cp200B__single.bd15831ffe9661a5395b8ec491a4fed2,strict,200B,single,,Cartridges,Ca​rtridges,,
00956.bd15831ffe9661a5395b8ec491a4fed2,00956__salted__strict__cp200C__single.bd15831ffe9661a5395b8ec491a4fed2,strict,200C,single,,Cartridges,Ca‌rtridges,,
00956.bd15831ffe9661a5395b8ec491a4fed2,00956__salted__strict__cp200D__single.bd15831ffe9661a5395b8ec491a4fed2,strict,200D,single,,Cartridges,Ca‍rtridges,,
00956.bd15831ffe9661a5395b8ec491a4fed2,00956__salted__strict__cp00AD__single.bd15831ffe9661a5395b8ec491a4fed2,strict,00AD,single,,Cartridges,Ca­rtridges,,
00958.c624269d8005dce3d754defab3a3d691,00958__salted__strict__cp200B__single.c624269d8005dce3d754defab3a3d691,strict,200B,single,,inkjet,in​kjet,,
00958.c624269d8005dce3d754defab3a3d691,00958__salted__strict__cp200C__single.c624269d8005dce3d754defab3a3d691,strict,200C,single,,inkjet,in‌kjet,,
00958.c624269d8005dce3d754defab3a3d691,00958__salted__strict__cp200D__single.c624269d8005dce3d754defab3a3d691,strict,200D,single,,inkjet,in‍kjet,,
00958.c624269d8005dce3d754defab3a3d691,00958__salted__strict__cp00AD__single.c624269d8005dce3d754defab3a3d691,strict,00AD,single,,inkjet,in­kjet,,
00962.452e4bd0724bf1139c9bc4eb9ec0fe43,00962__salted__strict__cp200B__single.452e4bd0724bf1139c9bc4eb9ec0fe43,strict,200B,single,,inkjet,in​kjet,,
00962.452e4bd0724bf1139c9bc4eb9ec0fe43,00962__salted__strict__cp200C__single.452e4bd0724bf1139c9bc4eb9ec0fe43,strict,200C,single,,inkjet,in‌kjet,,
00962.452e4bd0724bf1139c9bc4eb9ec0fe43,00962__salted__strict__cp200D__single.452e4bd0724bf1139c9bc4eb9ec0fe43,strict,200D,single,,inkjet,in‍kjet,,
00962.452e4bd0724bf1139c9bc4eb9ec0fe43,00962__salted__strict__cp00AD__single.452e4bd0724bf1139c9bc4eb9ec0fe43,strict,00AD,single,,inkjet,in­kjet,,
00963.fa300a7faa192b0315a2b2122a97953d,00963__salted__strict__cp200B__single.fa300a7faa192b0315a2b2122a97953d,strict,200B,single,,Earn,Ea​rn,DeathToSpamDeathToSpamDeathToSpam,De​athToSpamDeathToSpamDeathToSpam
00963.fa300a7faa192b0315a2b2122a97953d,00963__salted__strict__cp200C__single.fa300a7faa192b0315a2b2122a97953d,strict,200C,single,,Earn,Ea‌rn,DeathToSpamDeathToSpamDeathToSpam,De‌athToSpamDeathToSpamDeathToSpam
00963.fa300a7faa192b0315a2b2122a97953d,00963__salted__strict__cp200D__single.fa300a7faa192b0315a2b2122a97953d,strict,200D,single,,Earn,Ea‍rn,DeathToSpamDeathToSpamDeathToSpam,De‍athToSpamDeathToSpamDeathToSpam
00963.fa300a7faa192b0315a2b2122a97953d,00963__salted__strict__cp00AD__single.fa300a7faa192b0315a2b2122a97953d,strict,00AD,single,,Earn,Ea­rn,DeathToSpamDeathToSpamDeathToSpam,De­athToSpamDeathToSpamDeathToSpam
00970.4166b8fab10bbf38aa782c311a70ee6b,00970__salted__strict__cp200B__single.4166b8fab10bbf38aa782c311a70ee6b,strict,200B,single,,,,mailings,ma​ilings
00970.4166b8fab10bbf38aa782c311a70ee6b,00970__salted__strict__cp200C__single.4166b8fab10bbf38aa782c311a70ee6b,strict,200C,single,,,,mailings,ma‌ilings
00970.4166b8fab10bbf38aa782c311a70ee6b,00970__salted__strict__cp200D__single.4166b8fab10bbf38aa782c311a70ee6b,strict,200D,single,,,,mailings,ma‍ilings
00970.4166b8fab10bbf38aa782c311a70ee6b,00970__salted__strict__cp00AD__single.4166b8fab10bbf38aa782c311a70ee6b,strict,00AD,single,,,,mailings,ma­ilings
00971.6d8acd89e1b2e699acc6a3443c6d2d6d,00971__salted__strict__cp200B__single.6d8acd89e1b2e699acc6a3443c6d2d6d,strict,200B,single,,,,"Guaranteed, Guaranteed, Annuity","Gu​aranteed, Gu​aranteed, An​nuity"
00971.6d8acd89e1b2e699acc6a3443c6d2d6d,00971__salted__strict__cp200C__single.6d8acd89e1b2e699acc6a3443c6d2d6d,strict,200C,single,,,,"Guaranteed, Guaranteed, Annuity","Gu‌aranteed, Gu‌aranteed, An‌nuity"
00971.6d8acd89e1b2e699acc6a3443c6d2d6d,00971__salted__strict__cp200D__single.6d8acd89e1b2e699acc6a3443c6d2d6d,strict,200D,single,,,,"Guaranteed, Guaranteed, Annuity","Gu‍aranteed, Gu‍aranteed, An‍nuity"
00971.6d8acd89e1b2e699acc6a3443c6d2d6d,00971__salted__strict__cp00AD__single.6d8acd89e1b2e699acc6a3443c6d2d6d,strict,00AD,single,,,,"Guaranteed, Guaranteed, Annuity","Gu­aranteed, Gu­aranteed, An­nuity"
00972.5290463cd76d76c7dc9e2d2fb88cb8d1,00972__salted__strict__cp200B__single.5290463cd76d76c7dc9e2d2fb88cb8d1,strict,200B,single,,MLM,ML​M,,
00972.5290463cd76d76c7dc9e2d2fb88cb8d1,00972__salted__strict__cp200C__single.5290463cd76d76c7dc9e2d2fb88cb8d1,strict,200C,single,,MLM,ML‌M,,
00972.5290463cd76d76c7dc9e2d2fb88cb8d1,00972__salted__strict__cp200D__single.5290463cd76d76c7dc9e2d2fb88cb8d1,strict,200D,single,,MLM,ML‍M,,
00972.5290463cd76d76c7dc9e2d2fb88cb8d1,00972__salted__strict__cp00AD__single.5290463cd76d76c7dc9e2d2fb88cb8d1,strict,00AD,single,,MLM,ML­M,,
00973.ca8a425093e9994271e922f4d60f775c,00973__salted__strict__cp200B__single.ca8a425093e9994271e922f4d60f775c,strict,200B,single,,,,DeathToSpamDeathToSpamDeathToSpam,De​athToSpamDeathToSpamDeathToSpam
00973.ca8a425093e9994271e922f4d60f775c,00973__salted__strict__cp200C__single.ca8a425093e9994271e922f4d60f775c,strict,200C,single,,,,DeathToSpamDeathToSpamDeathToSpam,De‌athToSpamDeathToSpamDeathToSpam
00973.ca8a425093e9994271e922f4d60f775c,00973__salted__strict__cp200D__single.ca8a425093e9994271e922f4d60f775c,strict,200D,single,,,,DeathToSpamDeathToSpamDeathToSpam,De‍athToSpamDeathToSpamDeathToSpam
00973.ca8a425093e9994271e922f4d60f775c,00973__salted__strict__cp00AD__single.ca8a425093e9994271e922f4d60f775c,strict,00AD,single,,,,DeathToSpamDeathToSpamDeathToSpam,De­athToSpamDeathToSpamDeathToSpam
00975.5e2e7c9d8b2c04929ff41e010163e5e8,00975__salted__strict__cp200B__single.5e2e7c9d8b2c04929ff41e010163e5e8,strict,200B,single,,,,mailings,ma​ilings
00975.5e2e7c9d8b2c04929ff41e010163e5e8,00975__salted__strict__cp200C__single.5e2e7c9d8b2c04929ff41e010163e5e8,strict,200C,single,,,,mailings,ma‌ilings
00975.5e2e7c9d8b2c04929ff41e010163e5e8,00975__salted__strict__cp200D__single.5e2e7c9d8b2c04929ff41e010163e5e8,strict,200D,single,,,,mailings,ma‍ilings
00975.5e2e7c9d8b2c04929ff41e010163e5e8,00975__salted__strict__cp00AD__single.5e2e7c9d8b2c04929ff41e010163e5e8,strict,00AD,single,,,,mailings,ma­ilings
00976.82ecfa404e2e597e113dc0278c5861c2,00976__salted__strict__cp200B__single.82ecfa404e2e597e113dc0278c5861c2,strict,200B,single,,HGH,HG​H,"NBC, CBS, Oprah","NB​C, CB​S, Op​rah"
00976.82ecfa404e2e597e113dc0278c5861c2,00976__salted__strict__cp200C__single.82ecfa404e2e597e113dc0278c5861c2,strict,200C,single,,HGH,HG‌H,"NBC, CBS, Oprah","NB‌C, CB‌S, Op‌rah"
00976.82ecfa404e2e597e113dc0278c5861c2,00976__salted__strict__cp200D__single.82ecfa404e2e597e113dc0278c5861c2,strict,200D,single,,HGH,HG‍H,"NBC, CBS, Oprah","NB‍C, CB‍S, Op‍rah"
00976.82ecfa404e2e597e113dc0278c5861c2,00976__salted__strict__cp00AD__single.82ecfa404e2e597e113dc0278c5861c2,strict,00AD,single,,HGH,HG­H,"NBC, CBS, Oprah","NB­C, CB­S, Op­rah"
00978.707d7b7ae170aebe3d5b0fd28c55114e,00978__salted__strict__cp200B__single.707d7b7ae170aebe3d5b0fd28c55114e,strict,200B,single,,,,"LAGOS, Lagos, Lagos","LA​GOS, La​gos, La​gos"
00978.707d7b7ae170aebe3d5b0fd28c55114e,00978__salted__strict__cp200C__single.707d7b7ae170aebe3d5b0fd28c55114e,strict,200C,single,,,,"LAGOS, Lagos, Lagos","LA‌GOS, La‌gos, La‌gos"
00978.707d7b7ae170aebe3d5b0fd28c55114e,00978__salted__strict__cp200D__single.707d7b7ae170aebe3d5b0fd28c55114e,strict,200D,single,,,,"LAGOS, Lagos, Lagos","LA‍GOS, La‍gos, La‍gos"
00978.707d7b7ae170aebe3d5b0fd28c55114e,00978__salted__strict__cp00AD__single.707d7b7ae170aebe3d5b0fd28c55114e,strict,00AD,single,,,,"LAGOS, Lagos, Lagos","LA­GOS, La­gos, La­gos"
00984.9521bd4c46b37f795efb665266cf5ab5,00984__salted__strict__cp200B__single.9521bd4c46b37f795efb665266cf5ab5,strict,200B,single,,Mortgage,Mo​rtgage,"Mortgage, Mortgage, mortgage","Mo​rtgage, Mo​rtgage, mo​rtgage"
00984.9521bd4c46b37f795efb665266cf5ab5,00984__salted__strict__cp200C__single.9521bd4c46b37f795efb665266cf5ab5,strict,200C,single,,Mortgage,Mo‌rtgage,"Mortgage, Mortgage, mortgage","Mo‌rtgage, Mo‌rtgage, mo‌rtgage"
00984.9521bd4c46b37f795efb665266cf5ab5,00984__salted__strict__cp200D__single.9521bd4c46b37f795efb665266cf5ab5,strict,200D,single,,Mortgage,Mo‍rtgage,"Mortgage, Mortgage, mortgage","Mo‍rtgage, Mo‍rtgage, mo‍rtgage"
00984.9521bd4c46b37f795efb665266cf5ab5,00984__salted__strict__cp00AD__single.9521bd4c46b37f795efb665266cf5ab5,strict,00AD,single,,Mortgage,Mo­rtgage,"Mortgage, Mortgage, mortgage","Mo­rtgage, Mo­rtgage, mo­rtgage"
00993.32d00ccd0a831830838667fed1371d5f,00993__salted__strict__cp200B__single.32d00ccd0a831830838667fed1371d5f,strict,200B,single,,,,"MLM, MLM, commissions","ML​M, ML​M, co​mmissions"
00993.32d00ccd0a831830838667fed1371d5f,00993__salted__strict__cp200C__single.32d00ccd0a831830838667fed1371d5f,strict,200C,single,,,,"MLM, MLM, commissions","ML‌M, ML‌M, co‌mmissions"
00993.32d00ccd0a831830838667fed1371d5f,00993__salted__strict__cp200D__single.32d00ccd0a831830838667fed1371d5f,strict,200D,single,,,,"MLM, MLM, commissions","ML‍M, ML‍M, co‍mmissions"
00993.32d00ccd0a831830838667fed1371d5f,00993__salted__strict__cp00AD__single.32d00ccd0a831830838667fed1371d5f,strict,00AD,single,,,,"MLM, MLM, commissions","ML­M, ML­M, co­mmissions"
00999.f46c3f4b40ebbd0cf2752066c9372ecc,00999__salted__strict__cp200B__single.f46c3f4b40ebbd0cf2752066c9372ecc,strict,200B,single,,MLM,ML​M,,
00999.f46c3f4b40ebbd0cf2752066c9372ecc,00999__salted__strict__cp200C__single.f46c3f4b40ebbd0cf2752066c9372ecc,strict,200C,single,,MLM,ML‌M,,
00999.f46c3f4b40ebbd0cf2752066c9372ecc,00999__salted__strict__cp200D__single.f46c3f4b40ebbd0cf2752066c9372ecc,strict,200D,single,,MLM,ML‍M,,
00999.f46c3f4b40ebbd0cf2752066c9372ecc,00999__salted__strict__cp00AD__single.f46c3f4b40ebbd0cf2752066c9372ecc,strict,00AD,single,,MLM,ML­M,,
01001.742869a142437dc82db21228edcaff32,01001__salted__strict__cp200B__single.742869a142437dc82db21228edcaff32,strict,200B,single,,,,"earn, toll, toll","ea​rn, to​ll, to​ll"
01001.742869a142437dc82db21228edcaff32,01001__salted__strict__cp200C__single.742869a142437dc82db21228edcaff32,strict,200C,single,,,,"earn, toll, toll","ea‌rn, to‌ll, to‌ll"
01001.742869a142437dc82db21228edcaff32,01001__salted__strict__cp200D__single.742869a142437dc82db21228edcaff32,strict,200D,single,,,,"earn, toll, toll","ea‍rn, to‍ll, to‍ll"
01001.742869a142437dc82db21228edcaff32,01001__salted__strict__cp00AD__single.742869a142437dc82db21228edcaff32,strict,00AD,single,,,,"earn, toll, toll","ea­rn, to­ll, to­ll"
01007.255b826a1098e8b7d603c7dcf79f3fba,01007__salted__strict__cp200B__single.255b826a1098e8b7d603c7dcf79f3fba,strict,200B,single,,,,DeathToSpamDeathToSpamDeathToSpam,De​athToSpamDeathToSpamDeathToSpam
01007.255b826a1098e8b7d603c7dcf79f3fba,01007__salted__strict__cp200C__single.255b826a1098e8b7d603c7dcf79f3fba,strict,200C,single,,,,DeathToSpamDeathToSpamDeathToSpam,De‌athToSpamDeathToSpamDeathToSpam
01007.255b826a1098e8b7d603c7dcf79f3fba,01007__salted__strict__cp200D__single.255b826a1098e8b7d603c7dcf79f3fba,strict,200D,single,,,,DeathToSpamDeathToSpamDeathToSpam,De‍athToSpamDeathToSpamDeathToSpam
01007.255b826a1098e8b7d603c7dcf79f3fba,01007__salted__strict__cp00AD__single.255b826a1098e8b7d603c7dcf79f3fba,strict,00AD,single,,,,DeathToSpamDeathToSpamDeathToSpam,De­athToSpamDeathToSpamDeathToSpam
01008.5e932696d8f33950af53eb9461a014a2,01008__salted__strict__cp200B__single.5e932696d8f33950af53eb9461a014a2,strict,200B,single,,,,"promotional, guaranteed, guaranteed","pr​omotional, gu​aranteed, gu​aranteed"
01008.5e932696d8f33950af53eb9461a014a2,01008__salted__strict__cp200C__single.5e932696d8f33950af53eb9461a014a2,strict,200C,single,,,,"promotional, guaranteed, guaranteed","pr‌omotional, gu‌aranteed, gu‌aranteed"
01008.5e932696d8f33950af53eb9461a014a2,01008__salted__strict__cp200D__single.5e932696d8f33950af53eb9461a014a2,strict,200D,single,,,,"promotional, guaranteed, guaranteed","pr‍omotional, gu‍aranteed, gu‍aranteed"
01008.5e932696d8f33950af53eb9461a014a2,01008__salted__strict__cp00AD__single.5e932696d8f33950af53eb9461a014a2,strict,00AD,single,,,,"promotional, guaranteed, guaranteed","pr­omotional, gu­aranteed, gu­aranteed"
01009.546dc7364ebc4365ba70ee9d9618ad8e,01009__salted__strict__cp200B__single.546dc7364ebc4365ba70ee9d9618ad8e,strict,200B,single,,HGH,HG​H,,
01009.546dc7364ebc4365ba70ee9d9618ad8e,01009__salted__strict__cp200C__single.546dc7364ebc4365ba70ee9d9618ad8e,strict,200C,single,,HGH,HG‌H,,
01009.546dc7364ebc4365ba70ee9d9618ad8e,01009__salted__strict__cp200D__single.546dc7364ebc4365ba70ee9d9618ad8e,strict,200D,single,,HGH,HG‍H,,
01009.546dc7364ebc4365ba70ee9d9618ad8e,01009__salted__strict__cp00AD__single.546dc7364ebc4365ba70ee9d9618ad8e,strict,00AD,single,,HGH,HG­H,,
01010.584ca28025d60d58521b4dd453125431,01010__salted__strict__cp200B__single.584ca28025d60d58521b4dd453125431,strict,200B,single,,,,"assistance, assistance, assistance","as​sistance, as​sistance, as​sistance"
01010.584ca28025d60d58521b4dd453125431,01010__salted__strict__cp200C__single.584ca28025d60d58521b4dd453125431,strict,200C,single,,,,"assistance, assistance, assistance","as‌sistance, as‌sistance, as‌sistance"
01010.584ca28025d60d58521b4dd453125431,01010__salted__strict__cp200D__single.584ca28025d60d58521b4dd453125431,strict,200D,single,,,,"assistance, assistance, assistance","as‍sistance, as‍sistance, as‍sistance"
01010.584ca28025d60d58521b4dd453125431,01010__salted__strict__cp00AD__single.584ca28025d60d58521b4dd453125431,strict,00AD,single,,,,"assistance, assistance, assistance","as­sistance, as­sistance, as­sistance"
01011.d4812088cad8553fb214dab8003add9b,01011__salted__strict__cp200B__single.d4812088cad8553fb214dab8003add9b,strict,200B,single,,,,"assistance, assistance, assistance","as​sistance, as​sistance, as​sistance"
01011.d4812088cad8553fb214dab8003add9b,01011__salted__strict__cp200C__single.d4812088cad8553fb214dab8003add9b,strict,200C,single,,,,"assistance, assistance, assistance","as‌sistance, as‌sistance, as‌sistance"
01011.d4812088cad8553fb214dab8003add9b,01011__salted__strict__cp200D__single.d4812088cad8553fb214dab8003add9b,strict,200D,single,,,,"assistance, assistance, assistance","as‍sistance, as‍sistance, as‍sistance"
01011.d4812088cad8553fb214dab8003add9b,01011__salted__strict__cp00AD__single.d4812088cad8553fb214dab8003add9b,strict,00AD,single,,,,"assistance, assistance, assistance","as­sistance, as­sistance, as­sistance"
01014.98c1d0a70f88efb979d9ca65e945363e,01014__salted__strict__cp200B__single.98c1d0a70f88efb979d9ca65e945363e,strict,200B,single,,,,mailings,ma​ilings
01014.98c1d0a70f88efb979d9ca65e945363e,01014__salted__strict__cp200C__single.98c1d0a70f88efb979d9ca65e945363e,strict,200C,single,,,,mailings,ma‌ilings
01014.98c1d0a70f88efb979d9ca65e945363e,01014__salted__strict__cp200D__single.98c1d0a70f88efb979d9ca65e945363e,strict,200D,single,,,,mailings,ma‍ilings
01014.98c1d0a70f88efb979d9ca65e945363e,01014__salted__strict__cp00AD__single.98c1d0a70f88efb979d9ca65e945363e,strict,00AD,single,,,,mailings,ma­ilings
01016.ac6ce255291deba2f46cdd8ddba3ea01,01016__salted__strict__cp200B__single.ac6ce255291deba2f46cdd8ddba3ea01,strict,200B,single,,cartridges,ca​rtridges,,
01016.ac6ce255291deba2f46cdd8ddba3ea01,01016__salted__strict__cp200C__single.ac6ce255291deba2f46cdd8ddba3ea01,strict,200C,single,,cartridges,ca‌rtridges,,
01016.ac6ce255291deba2f46cdd8ddba3ea01,01016__salted__strict__cp200D__single.ac6ce255291deba2f46cdd8ddba3ea01,strict,200D,single,,cartridges,ca‍rtridges,,
01016.ac6ce255291deba2f46cdd8ddba3ea01,01016__salted__strict__cp00AD__single.ac6ce255291deba2f46cdd8ddba3ea01,strict,00AD,single,,cartridges,ca­rtridges,,
01018.3954fb1ddf16896826a0c03270587195,01018__salted__strict__cp200B__single.3954fb1ddf16896826a0c03270587195,strict,200B,single,,,,DeathToSpamDeathToSpamDeathToSpam,De​athToSpamDeathToSpamDeathToSpam
01018.3954fb1ddf16896826a0c03270587195,01018__salted__strict__cp200C__single.3954fb1ddf16896826a0c03270587195,strict,200C,single,,,,DeathToSpamDeathToSpamDeathToSpam,De‌athToSpamDeathToSpamDeathToSpam
01018.3954fb1ddf16896826a0c03270587195,01018__salted__strict__cp200D__single.3954fb1ddf16896826a0c03270587195,strict,200D,single,,,,DeathToSpamDeathToSpamDeathToSpam,De‍athToSpamDeathToSpamDeathToSpam
01018.3954fb1ddf16896826a0c03270587195,01018__salted__strict__cp00AD__single.3954fb1ddf16896826a0c03270587195,strict,00AD,single,,,,DeathToSpamDeathToSpamDeathToSpam,De­athToSpamDeathToSpamDeathToSpam
01019.994b153571324a2adad60a129c65546a,01019__salted__strict__cp200B__single.994b153571324a2adad60a129c65546a,strict,200B,single,,Refinance,Re​finance,,
01019.994b153571324a2adad60a129c65546a,01019__salted__strict__cp200C__single.994b153571324a2adad60a129c65546a,strict,200C,single,,Refinance,Re‌finance,,
01019.994b153571324a2adad60a129c65546a,01019__salted__strict__cp200D__single.994b153571324a2adad60a129c65546a,strict,200D,single,,Refinance,Re‍finance,,
01019.994b153571324a2adad60a129c65546a,01019__salted__strict__cp00AD__single.994b153571324a2adad60a129c65546a,strict,00AD,single,,Refinance,Re­finance,,
01023.1f96236c94e92482c058e950ccd7a590,01023__salted__strict__cp200B__single.1f96236c94e92482c058e950ccd7a590,strict,200B,single,,,,"resell, GUARANTEED, GUARANTEED","re​sell, GU​ARANTEED, GU​ARANTEED"
01023.1f96236c94e92482c058e950ccd7a590,01023__salted__strict__cp200C__single.1f96236c94e92482c058e950ccd7a590,strict,200C,single,,,,"resell, GUARANTEED, GUARANTEED","re‌sell, GU‌ARANTEED, GU‌ARANTEED"
01023.1f96236c94e92482c058e950ccd7a590,01023__salted__strict__cp200D__single.1f96236c94e92482c058e950ccd7a590,strict,200D,single,,,,"resell, GUARANTEED, GUARANTEED","re‍sell, GU‍ARANTEED, GU‍ARANTEED"
01023.1f96236c94e92482c058e950ccd7a590,01023__salted__strict__cp00AD__single.1f96236c94e92482c058e950ccd7a590,strict,00AD,single,,,,"resell, GUARANTEED, GUARANTEED","re­sell, GU­ARANTEED, GU­ARANTEED"
01025.936514974d8ee8794cf80e3effea92c7,01025__salted__strict__cp200B__single.936514974d8ee8794cf80e3effea92c7,strict,200B,single,,,,"resell, GUARANTEED, GUARANTEED","re​sell, GU​ARANTEED, GU​ARANTEED"
01025.936514974d8ee8794cf80e3effea92c7,01025__salted__strict__cp200C__single.936514974d8ee8794cf80e3effea92c7,strict,200C,single,,,,"resell, GUARANTEED, GUARANTEED","re‌sell, GU‌ARANTEED, GU‌ARANTEED"
01025.936514974d8ee8794cf80e3effea92c7,01025__salted__strict__cp200D__single.936514974d8ee8794cf80e3effea92c7,strict,200D,single,,,,"resell, GUARANTEED, GUARANTEED","re‍sell, GU‍ARANTEED, GU‍ARANTEED"
01025.936514974d8ee8794cf80e3effea92c7,01025__salted__strict__cp00AD__single.936514974d8ee8794cf80e3effea92c7,strict,00AD,single,,,,"resell, GUARANTEED, GUARANTEED","re­sell, GU­ARANTEED, GU­ARANTEED"
01029.d08161f9c60d767804dd9b5148a82025,01029__salted__strict__cp200B__single.d08161f9c60d767804dd9b5148a82025,strict,200B,single,,,,"annuity, mailings","an​nuity, ma​ilings"
01029.d08161f9c60d767804dd9b5148a82025,01029__salted__strict__cp200C__single.d08161f9c60d767804dd9b5148a82025,strict,200C,single,,,,"annuity, mailings","an‌nuity, ma‌ilings"
01029.d08161f9c60d767804dd9b5148a82025,01029__salted__strict__cp200D__single.d08161f9c60d767804dd9b5148a82025,strict,200D,single,,,,"annuity, mailings","an‍nuity, ma‍ilings"
01029.d08161f9c60d767804dd9b5148a82025,01029__salted__strict__cp00AD__single.d08161f9c60d767804dd9b5148a82025,strict,00AD,single,,,,"annuity, mailings","an­nuity, ma­ilings"
01035.9fc118cfb7ee6b9d5fc08fa324f57827,01035__salted__strict__cp200B__single.9fc118cfb7ee6b9d5fc08fa324f57827,strict,200B,single,,,,"mortgage, refinance, Mortgage","mo​rtgage, re​finance, Mo​rtgage"
01035.9fc118cfb7ee6b9d5fc08fa324f57827,01035__salted__strict__cp200C__single.9fc118cfb7ee6b9d5fc08fa324f57827,strict,200C,single,,,,"mortgage, refinance, Mortgage","mo‌rtgage, re‌finance, Mo‌rtgage"
01035.9fc118cfb7ee6b9d5fc08fa324f57827,01035__salted__strict__cp200D__single.9fc118cfb7ee6b9d5fc08fa324f57827,strict,200D,single,,,,"mortgage, refinance, Mortgage","mo‍rtgage, re‍finance, Mo‍rtgage"
01035.9fc118cfb7ee6b9d5fc08fa324f57827,01035__salted__strict__cp00AD__single.9fc118cfb7ee6b9d5fc08fa324f57827,strict,00AD,single,,,,"mortgage, refinance, Mortgage","mo­rtgage, re­finance, Mo­rtgage"
01039.40b21f41dcf48f380729c22cd2a62122,01039__salted__strict__cp200B__single.40b21f41dcf48f380729c22cd2a62122,strict,200B,single,,MLM,ML​M,,
01039.40b21f41dcf48f380729c22cd2a62122,01039__salted__strict__cp200C__single.40b21f41dcf48f380729c22cd2a62122,strict,200C,single,,MLM,ML‌M,,
01039.40b21f41dcf48f380729c22cd2a62122,01039__salted__strict__cp200D__single.40b21f41dcf48f380729c22cd2a62122,strict,200D,single,,MLM,ML‍M,,
01039.40b21f41dcf48f380729c22cd2a62122,01039__salted__strict__cp00AD__single.40b21f41dcf48f380729c22cd2a62122,strict,00AD,single,,MLM,ML­M,,
01040.24856bbcaedd4d7b28eae47d8f89a62f,01040__salted__strict__cp200B__single.24856bbcaedd4d7b28eae47d8f89a62f,strict,200B,single,,HGH,HG​H,,
01040.24856bbcaedd4d7b28eae47d8f89a62f,01040__salted__strict__cp200C__single.24856bbcaedd4d7b28eae47d8f89a62f,strict,200C,single,,HGH,HG‌H,,
01040.24856bbcaedd4d7b28eae47d8f89a62f,01040__salted__strict__cp200D__single.24856bbcaedd4d7b28eae47d8f89a62f,strict,200D,single,,HGH,HG‍H,,
01040.24856bbcaedd4d7b28eae47d8f89a62f,01040__salted__strict__cp00AD__single.24856bbcaedd4d7b28eae47d8f89a62f,strict,00AD,single,,HGH,HG­H,,
01042.7b53680639a0b4ec9e333ce3046b6af4,01042__salted__strict__cp200B__single.7b53680639a0b4ec9e333ce3046b6af4,strict,200B,single,,Commissions,Co​mmissions,,
01042.7b53680639a0b4ec9e333ce3046b6af4,01042__salted__strict__cp200C__single.7b53680639a0b4ec9e333ce3046b6af4,strict,200C,single,,Commissions,Co‌mmissions,,
01042.7b53680639a0b4ec9e333ce3046b6af4,01042__salted__strict__cp200D__single.7b53680639a0b4ec9e333ce3046b6af4,strict,200D,single,,Commissions,Co‍mmissions,,
01042.7b53680639a0b4ec9e333ce3046b6af4,01042__salted__strict__cp00AD__single.7b53680639a0b4ec9e333ce3046b6af4,strict,00AD,single,,Commissions,Co­mmissions,,
01044.dfd13c2800168c897a2c7056f6e6e2ce,01044__salted__strict__cp200B__single.dfd13c2800168c897a2c7056f6e6e2ce,strict,200B,single,,,,DeathToSpamDeathToSpamDeathToSpam,De​athToSpamDeathToSpamDeathToSpam
01044.dfd13c2800168c897a2c7056f6e6e2ce,01044__salted__strict__cp200C__single.dfd13c2800168c897a2c7056f6e6e2ce,strict,200C,single,,,,DeathToSpamDeathToSpamDeathToSpam,De‌athToSpamDeathToSpamDeathToSpam
01044.dfd13c2800168c897a2c7056f6e6e2ce,01044__salted__strict__cp200D__single.dfd13c2800168c897a2c7056f6e6e2ce,strict,200D,single,,,,DeathToSpamDeathToSpamDeathToSpam,De‍athToSpamDeathToSpamDeathToSpam
01044.dfd13c2800168c897a2c7056f6e6e2ce,01044__salted__strict__cp00AD__single.dfd13c2800168c897a2c7056f6e6e2ce,strict,00AD,single,,,,DeathToSpamDeathToSpamDeathToSpam,De­athToSpamDeathToSpamDeathToSpam
01045.21a9ee890753696f026212b3d25f28e6,01045__salted__strict__cp200B__single.21a9ee890753696f026212b3d25f28e6,strict,200B,single,,,,DeathToSpamDeathToSpamDeathToSpam,De​athToSpamDeathToSpamDeathToSpam
01045.21a9ee890753696f026212b3d25f28e6,01045__salted__strict__cp200C__single.21a9ee890753696f026212b3d25f28e6,strict,200C,single,,,,DeathToSpamDeathToSpamDeathToSpam,De‌athToSpamDeathToSpamDeathToSpam
01045.21a9ee890753696f026212b3d25f28e6,01045__salted__strict__cp200D__single.21a9ee890753696f026212b3d25f28e6,strict,200D,single,,,,DeathToSpamDeathToSpamDeathToSpam,De‍athToSpamDeathToSpamDeathToSpam
01045.21a9ee890753696f026212b3d25f28e6,01045__salted__strict__cp00AD__single.21a9ee890753696f026212b3d25f28e6,strict,00AD,single,,,,DeathToSpamDeathToSpamDeathToSpam,De­athToSpamDeathToSpamDeathToSpam
01046.00df3a73895dd0f6a8f22434141257f6,01046__salted__strict__cp200B__single.00df3a73895dd0f6a8f22434141257f6,strict,200B,single,,,,"ASSISTANCE, RECEIPT, ASSISTANCE","AS​SISTANCE, RE​CEIPT, AS​SISTANCE"
01046.00df3a73895dd0f6a8f22434141257f6,01046__salted__strict__cp200C__single.00df3a73895dd0f6a8f22434141257f6,strict,200C,single,,,,"ASSISTANCE, RECEIPT, ASSISTANCE","AS‌SISTANCE, RE‌CEIPT, AS‌SISTANCE"
01046.00df3a73895dd0f6a8f22434141257f6,01046__salted__strict__cp200D__single.00df3a73895dd0f6a8f22434141257f6,strict,200D,single,,,,"ASSISTANCE, RECEIPT, ASSISTANCE","AS‍SISTANCE, RE‍CEIPT, AS‍SISTANCE"
01046.00df3a73895dd0f6a8f22434141257f6,01046__salted__strict__cp00AD__single.00df3a73895dd0f6a8f22434141257f6,strict,00AD,single,,,,"ASSISTANCE, RECEIPT, ASSISTANCE","AS­SISTANCE, RE­CEIPT, AS­SISTANCE"
01051.a87f28b7d023a840cb54ed7aa5f4e19b,01051__salted__strict__cp200B__single.a87f28b7d023a840cb54ed7aa5f4e19b,strict,200B,single,,,,mailings,ma​ilings
01051.a87f28b7d023a840cb54ed7aa5f4e19b,01051__salted__strict__cp200C__single.a87f28b7d023a840cb54ed7aa5f4e19b,strict,200C,single,,,,mailings,ma‌ilings
01051.a87f28b7d023a840cb54ed7aa5f4e19b,01051__salted__strict__cp200D__single.a87f28b7d023a840cb54ed7aa5f4e19b,strict,200D,single,,,,mailings,ma‍ilings
01051.a87f28b7d023a840cb54ed7aa5f4e19b,01051__salted__strict__cp00AD__single.a87f28b7d023a840cb54ed7aa5f4e19b,strict,00AD,single,,,,mailings,ma­ilings
01054.3b393992b2d9b3c2209719e6ac83da11,01054__salted__strict__cp200B__single.3b393992b2d9b3c2209719e6ac83da11,strict,200B,single,,cartridges,ca​rtridges,,
01054.3b393992b2d9b3c2209719e6ac83da11,01054__salted__strict__cp200C__single.3b393992b2d9b3c2209719e6ac83da11,strict,200C,single,,cartridges,ca‌rtridges,,
01054.3b393992b2d9b3c2209719e6ac83da11,01054__salted__strict__cp200D__single.3b393992b2d9b3c2209719e6ac83da11,strict,200D,single,,cartridges,ca‍rtridges,,
01054.3b393992b2d9b3c2209719e6ac83da11,01054__salted__strict__cp00AD__single.3b393992b2d9b3c2209719e6ac83da11,strict,00AD,single,,cartridges,ca­rtridges,,
01055.6235123a9b08a94a2262000419edd68a,01055__salted__strict__cp200B__single.6235123a9b08a94a2262000419edd68a,strict,200B,single,,,,DeathToSpamDeathToSpamDeathToSpam,De​athToSpamDeathToSpamDeathToSpam
01055.6235123a9b08a94a2262000419edd68a,01055__salted__strict__cp200C__single.6235123a9b08a94a2262000419edd68a,strict,200C,single,,,,DeathToSpamDeathToSpamDeathToSpam,De‌athToSpamDeathToSpamDeathToSpam
01055.6235123a9b08a94a2262000419edd68a,01055__salted__strict__cp200D__single.6235123a9b08a94a2262000419edd68a,strict,200D,single,,,,DeathToSpamDeathToSpamDeathToSpam,De‍athToSpamDeathToSpamDeathToSpam
01055.6235123a9b08a94a2262000419edd68a,01055__salted__strict__cp00AD__single.6235123a9b08a94a2262000419edd68a,strict,00AD,single,,,,DeathToSpamDeathToSpamDeathToSpam,De­athToSpamDeathToSpamDeathToSpam
01056.c7e5574c3a036313b160b31234e7d81e,01056__salted__strict__cp200B__single.c7e5574c3a036313b160b31234e7d81e,strict,200B,single,,,,"specials, DeathToSpamDeathToSpamDeathToSpam","sp​ecials, De​athToSpamDeathToSpamDeathToSpam"
01056.c7e5574c3a036313b160b31234e7d81e,01056__salted__strict__cp200C__single.c7e5574c3a036313b160b31234e7d81e,strict,200C,single,,,,"specials, DeathToSpamDeathToSpamDeathToSpam","sp‌ecials, De‌athToSpamDeathToSpamDeathToSpam"
01056.c7e5574c3a036313b160b31234e7d81e,01056__salted__strict__cp200D__single.c7e5574c3a036313b160b31234e7d81e,strict,200D,single,,,,"specials, DeathToSpamDeathToSpamDeathToSpam","sp‍ecials, De‍athToSpamDeathToSpamDeathToSpam"
01056.c7e5574c3a036313b160b31234e7d81e,01056__salted__strict__cp00AD__single.c7e5574c3a036313b160b31234e7d81e,strict,00AD,single,,,,"specials, DeathToSpamDeathToSpamDeathToSpam","sp­ecials, De­athToSpamDeathToSpamDeathToSpam"
01060.d72413ea3af9e1c5530a3570e0bb517e,01060__salted__strict__cp200B__single.d72413ea3af9e1c5530a3570e0bb517e,strict,200B,single,,,,"resell, GUARANTEED, GUARANTEED","re​sell, GU​ARANTEED, GU​ARANTEED"
01060.d72413ea3af9e1c5530a3570e0bb517e,01060__salted__strict__cp200C__single.d72413ea3af9e1c5530a3570e0bb517e,strict,200C,single,,,,"resell, GUARANTEED, GUARANTEED","re‌sell, GU‌ARANTEED, GU‌ARANTEED"
01060.d72413ea3af9e1c5530a3570e0bb517e,01060__salted__strict__cp200D__single.d72413ea3af9e1c5530a3570e0bb517e,strict,200D,single,,,,"resell, GUARANTEED, GUARANTEED","re‍sell, GU‍ARANTEED, GU‍ARANTEED"
01060.d72413ea3af9e1c5530a3570e0bb517e,01060__salted__strict__cp00AD__single.d72413ea3af9e1c5530a3570e0bb517e,strict,00AD,single,,,,"resell, GUARANTEED, GUARANTEED","re­sell, GU­ARANTEED, GU­ARANTEED"
01067.cbfadba14efd2125f98bf8ae03c68f68,01067__salted__strict__cp200B__single.cbfadba14efd2125f98bf8ae03c68f68,strict,200B,single,,inkjet,in​kjet,,
01067.cbfadba14efd2125f98bf8ae03c68f68,01067__salted__strict__cp200C__single.cbfadba14efd2125f98bf8ae03c68f68,strict,200C,single,,inkjet,in‌kjet,,
01067.cbfadba14efd2125f98bf8ae03c68f68,01067__salted__strict__cp200D__single.cbfadba14efd2125f98bf8ae03c68f68,strict,200D,single,,inkjet,in‍kjet,,
01067.cbfadba14efd2125f98bf8ae03c68f68,01067__salted__strict__cp00AD__single.cbfadba14efd2125f98bf8ae03c68f68,strict,00AD,single,,inkjet,in­kjet,,
01071.d9be48eb5a3359dd72dd7d0e9627fff3,01071__salted__strict__cp200B__single.d9be48eb5a3359dd72dd7d0e9627fff3,strict,200B,single,,,,DeathToSpamDeathToSpamDeathToSpam,De​athToSpamDeathToSpamDeathToSpam
01071.d9be48eb5a3359dd72dd7d0e9627fff3,01071__salted__strict__cp200C__single.d9be48eb5a3359dd72dd7d0e9627fff3,strict,200C,single,,,,DeathToSpamDeathToSpamDeathToSpam,De‌athToSpamDeathToSpamDeathToSpam
01071.d9be48eb5a3359dd72dd7d0e9627fff3,01071__salted__strict__cp200D__single.d9be48eb5a3359dd72dd7d0e9627fff3,strict,200D,single,,,,DeathToSpamDeathToSpamDeathToSpam,De‍athToSpamDeathToSpamDeathToSpam
01071.d9be48eb5a3359dd72dd7d0e9627fff3,01071__salted__strict__cp00AD__single.d9be48eb5a3359dd72dd7d0e9627fff3,strict,00AD,single,,,,DeathToSpamDeathToSpamDeathToSpam,De­athToSpamDeathToSpamDeathToSpam
01073.bfc8a301fd274efde213c0249d5a85b7,01073__salted__strict__cp200B__single.bfc8a301fd274efde213c0249d5a85b7,strict,200B,single,,,,promotional,pr​omotional
01073.bfc8a301fd274efde213c0249d5a85b7,01073__salted__strict__cp200C__single.bfc8a301fd274efde213c0249d5a85b7,strict,200C,single,,,,promotional,pr‌omotional
01073.bfc8a301fd274efde213c0249d5a85b7,01073__salted__strict__cp200D__single.bfc8a301fd274efde213c0249d5a85b7,strict,200D,single,,,,promotional,pr‍omotional
01073.bfc8a301fd274efde213c0249d5a85b7,01073__salted__strict__cp00AD__single.bfc8a301fd274efde213c0249d5a85b7,strict,00AD,single,,,,promotional,pr­omotional
01075.07ee7f1ab5ad6659c47baa5ef3691a80,01075__salted__strict__cp200B__single.07ee7f1ab5ad6659c47baa5ef3691a80,strict,200B,single,,,,"specials, DeathToSpamDeathToSpamDeathToSpam","sp​ecials, De​athToSpamDeathToSpamDeathToSpam"
01075.07ee7f1ab5ad6659c47baa5ef3691a80,01075__salted__strict__cp200C__single.07ee7f1ab5ad6659c47baa5ef3691a80,strict,200C,single,,,,"specials, DeathToSpamDeathToSpamDeathToSpam","sp‌ecials, De‌athToSpamDeathToSpamDeathToSpam"
01075.07ee7f1ab5ad6659c47baa5ef3691a80,01075__salted__strict__cp200D__single.07ee7f1ab5ad6659c47baa5ef3691a80,strict,200D,single,,,,"specials, DeathToSpamDeathToSpamDeathToSpam","sp‍ecials, De‍athToSpamDeathToSpamDeathToSpam"
01075.07ee7f1ab5ad6659c47baa5ef3691a80,01075__salted__strict__cp00AD__single.07ee7f1ab5ad6659c47baa5ef3691a80,strict,00AD,single,,,,"specials, DeathToSpamDeathToSpamDeathToSpam","sp­ecials, De­athToSpamDeathToSpamDeathToSpam"
01079.9eb95fd88f3d9d551f8c64359470ae7e,01079__salted__strict__cp200B__single.9eb95fd88f3d9d551f8c64359470ae7e,strict,200B,single,,inkjet,in​kjet,,
01079.9eb95fd88f3d9d551f8c64359470ae7e,01079__salted__strict__cp200C__single.9eb95fd88f3d9d551f8c64359470ae7e,strict,200C,single,,inkjet,in‌kjet,,
01079.9eb95fd88f3d9d551f8c64359470ae7e,01079__salted__strict__cp200D__single.9eb95fd88f3d9d551f8c64359470ae7e,strict,200D,single,,inkjet,in‍kjet,,
01079.9eb95fd88f3d9d551f8c64359470ae7e,01079__salted__strict__cp00AD__single.9eb95fd88f3d9d551f8c64359470ae7e,strict,00AD,single,,inkjet,in­kjet,,
01083.a6b3c50be5abf782b585995d2c11176b,01083__salted__strict__cp200B__single.a6b3c50be5abf782b585995d2c11176b,strict,200B,single,,,,"honesty, assistance, receipt","ho​nesty, as​sistance, re​ceipt"
01083.a6b3c50be5abf782b585995d2c11176b,01083__salted__strict__cp200C__single.a6b3c50be5abf782b585995d2c11176b,strict,200C,single,,,,"honesty, assistance, receipt","ho‌nesty, as‌sistance, re‌ceipt"
01083.a6b3c50be5abf782b585995d2c11176b,01083__salted__strict__cp200D__single.a6b3c50be5abf782b585995d2c11176b,strict,200D,single,,,,"honesty, assistance, receipt","ho‍nesty, as‍sistance, re‍ceipt"
01083.a6b3c50be5abf782b585995d2c11176b,01083__salted__strict__cp00AD__single.a6b3c50be5abf782b585995d2c11176b,strict,00AD,single,,,,"honesty, assistance, receipt","ho­nesty, as­sistance, re­ceipt"
01084.c0005822ea0294c6eb9143276b93eb41,01084__salted__strict__cp200B__single.c0005822ea0294c6eb9143276b93eb41,strict,200B,single,,,,"guaranteed, Guaranteed, Guaranteed","gu​aranteed, Gu​aranteed, Gu​aranteed"
01084.c0005822ea0294c6eb9143276b93eb41,01084__salted__strict__cp200C__single.c0005822ea0294c6eb9143276b93eb41,strict,200C,single,,,,"guaranteed, Guaranteed, Guaranteed","gu‌aranteed, Gu‌aranteed, Gu‌aranteed"
01084.c0005822ea0294c6eb9143276b93eb41,01084__salted__strict__cp200D__single.c0005822ea0294c6eb9143276b93eb41,strict,200D,single,,,,"guaranteed, Guaranteed, Guaranteed","gu‍aranteed, Gu‍aranteed, Gu‍aranteed"
01084.c0005822ea0294c6eb9143276b93eb41,01084__salted__strict__cp00AD__single.c0005822ea0294c6eb9143276b93eb41,strict,00AD,single,,,,"guaranteed, Guaranteed, Guaranteed","gu­aranteed, Gu­aranteed, Gu­aranteed"
01094.91779ec04e5e6b27e84297c28fc7369f,01094__salted__strict__cp200B__single.91779ec04e5e6b27e84297c28fc7369f,strict,200B,single,,,,"Guaranteed, testimonials, Guaranteed","Gu​aranteed, te​stimonials, Gu​aranteed"
01094.91779ec04e5e6b27e84297c28fc7369f,01094__salted__strict__cp200C__single.91779ec04e5e6b27e84297c28fc7369f,strict,200C,single,,,,"Guaranteed, testimonials, Guaranteed","Gu‌aranteed, te‌stimonials, Gu‌aranteed"
01094.91779ec04e5e6b27e84297c28fc7369f,01094__salted__strict__cp200D__single.91779ec04e5e6b27e84297c28fc7369f,strict,200D,single,,,,"Guaranteed, testimonials, Guaranteed","Gu‍aranteed, te‍stimonials, Gu‍aranteed"
01094.91779ec04e5e6b27e84297c28fc7369f,01094__salted__strict__cp00AD__single.91779ec04e5e6b27e84297c28fc7369f,strict,00AD,single,,,,"Guaranteed, testimonials, Guaranteed","Gu­aranteed, te­stimonials, Gu­aranteed"
01095.520dcad6e0ebb4d30222292f51ee76ab,01095__salted__strict__cp200B__single.520dcad6e0ebb4d30222292f51ee76ab,strict,200B,single,,,,"Guaranteed, testimonials, Guaranteed","Gu​aranteed, te​stimonials, Gu​aranteed"
01095.520dcad6e0ebb4d30222292f51ee76ab,01095__salted__strict__cp200C__single.520dcad6e0ebb4d30222292f51ee76ab,strict,200C,single,,,,"Guaranteed, testimonials, Guaranteed","Gu‌aranteed, te‌stimonials, Gu‌aranteed"
01095.520dcad6e0ebb4d30222292f51ee76ab,01095__salted__strict__cp200D__single.520dcad6e0ebb4d30222292f51ee76ab,strict,200D,single,,,,"Guaranteed, testimonials, Guaranteed","Gu‍aranteed, te‍stimonials, Gu‍aranteed"
01095.520dcad6e0ebb4d30222292f51ee76ab,01095__salted__strict__cp00AD__single.520dcad6e0ebb4d30222292f51ee76ab,strict,00AD,single,,,,"Guaranteed, testimonials, Guaranteed","Gu­aranteed, te­stimonials, Gu­aranteed"
01103.1ad34526adee0adab5a8cda98d3f2182,01103__salted__strict__cp200B__single.1ad34526adee0adab5a8cda98d3f2182,strict,200B,single,,Mortgage,Mo​rtgage,"lenders, Refinance, Mortgage","le​nders, Re​finance, Mo​rtgage"
01103.1ad34526adee0adab5a8cda98d3f2182,01103__salted__strict__cp200C__single.1ad34526adee0adab5a8cda98d3f2182,strict,200C,single,,Mortgage,Mo‌rtgage,"lenders, Refinance, Mortgage","le‌nders, Re‌finance, Mo‌rtgage"
01103.1ad34526adee0adab5a8cda98d3f2182,01103__salted__strict__cp200D__single.1ad34526adee0adab5a8cda98d3f2182,strict,200D,single,,Mortgage,Mo‍rtgage,"lenders, Refinance, Mortgage","le‍nders, Re‍finance, Mo‍rtgage"
01103.1ad34526adee0adab5a8cda98d3f2182,01103__salted__strict__cp00AD__single.1ad34526adee0adab5a8cda98d3f2182,strict,00AD,single,,Mortgage,Mo­rtgage,"lenders, Refinance, Mortgage","le­nders, Re­finance, Mo­rtgage"
01104.ec267abf01fe81c42dc90dfd16c930bc,01104__salted__strict__cp200B__single.ec267abf01fe81c42dc90dfd16c930bc,strict,200B,single,,,,"USD, USD, USD","US​D, US​D, US​D"
01104.ec267abf01fe81c42dc90dfd16c930bc,01104__salted__strict__cp200C__single.ec267abf01fe81c42dc90dfd16c930bc,strict,200C,single,,,,"USD, USD, USD","US‌D, US‌D, US‌D"
01104.ec267abf01fe81c42dc90dfd16c930bc,01104__salted__strict__cp200D__single.ec267abf01fe81c42dc90dfd16c930bc,strict,200D,single,,,,"USD, USD, USD","US‍D, US‍D, US‍D"
01104.ec267abf01fe81c42dc90dfd16c930bc,01104__salted__strict__cp00AD__single.ec267abf01fe81c42dc90dfd16c930bc,strict,00AD,single,,,,"USD, USD, USD","US­D, US­D, US­D"
01105.2582a4afba9b0b06bed5d48e3e8b29df,01105__salted__strict__cp200B__single.2582a4afba9b0b06bed5d48e3e8b29df,strict,200B,single,,,,"USD, USD, USD","US​D, US​D, US​D"
01105.2582a4afba9b0b06bed5d48e3e8b29df,01105__salted__strict__cp200C__single.2582a4afba9b0b06bed5d48e3e8b29df,strict,200C,single,,,,"USD, USD, USD","US‌D, US‌D, US‌D"
01105.2582a4afba9b0b06bed5d48e3e8b29df,01105__salted__strict__cp200D__single.2582a4afba9b0b06bed5d48e3e8b29df,strict,200D,single,,,,"USD, USD, USD","US‍D, US‍D, US‍D"
01105.2582a4afba9b0b06bed5d48e3e8b29df,01105__salted__strict__cp00AD__single.2582a4afba9b0b06bed5d48e3e8b29df,strict,00AD,single,,,,"USD, USD, USD","US­D, US­D, US­D"
01106.37f316c0f77e739cb5fe0e37aaea2046,01106__salted__strict__cp200B__single.37f316c0f77e739cb5fe0e37aaea2046,strict,200B,single,,,,"USD, USD, USD","US​D, US​D, US​D"
01106.37f316c0f77e739cb5fe0e37aaea2046,01106__salted__strict__cp200C__single.37f316c0f77e739cb5fe0e37aaea2046,strict,200C,single,,,,"USD, USD, USD","US‌D, US‌D, US‌D"
01106.37f316c0f77e739cb5fe0e37aaea2046,01106__salted__strict__cp200D__single.37f316c0f77e739cb5fe0e37aaea2046,strict,200D,single,,,,"USD, USD, USD","US‍D, US‍D, US‍D"
01106.37f316c0f77e739cb5fe0e37aaea2046,01106__salted__strict__cp00AD__single.37f316c0f77e739cb5fe0e37aaea2046,strict,00AD,single,,,,"USD, USD, USD","US­D, US­D, US­D"
01107.5b3ad5e88347b08967ec627b815f2fc3,01107__salted__strict__cp200B__single.5b3ad5e88347b08967ec627b815f2fc3,strict,200B,single,,,,"USD, USD, USD","US​D, US​D, US​D"
01107.5b3ad5e88347b08967ec627b815f2fc3,01107__salted__strict__cp200C__single.5b3ad5e88347b08967ec627b815f2fc3,strict,200C,single,,,,"USD, USD, USD","US‌D, US‌D, US‌D"
01107.5b3ad5e88347b08967ec627b815f2fc3,01107__salted__strict__cp200D__single.5b3ad5e88347b08967ec627b815f2fc3,strict,200D,single,,,,"USD, USD, USD","US‍D, US‍D, US‍D"
01107.5b3ad5e88347b08967ec627b815f2fc3,01107__salted__strict__cp00AD__single.5b3ad5e88347b08967ec627b815f2fc3,strict,00AD,single,,,,"USD, USD, USD","US­D, US­D, US­D"
01109.88a5be2e14a78393b1495d355995a122,01109__salted__strict__cp200B__single.88a5be2e14a78393b1495d355995a122,strict,200B,single,,inkjet,in​kjet,,
01109.88a5be2e14a78393b1495d355995a122,01109__salted__strict__cp200C__single.88a5be2e14a78393b1495d355995a122,strict,200C,single,,inkjet,in‌kjet,,
01109.88a5be2e14a78393b1495d355995a122,01109__salted__strict__cp200D__single.88a5be2e14a78393b1495d355995a122,strict,200D,single,,inkjet,in‍kjet,,
01109.88a5be2e14a78393b1495d355995a122,01109__salted__strict__cp00AD__single.88a5be2e14a78393b1495d355995a122,strict,00AD,single,,inkjet,in­kjet,,
01111.75bdbd4d859574b9e095f9f7b81ed106,01111__salted__strict__cp200B__single.75bdbd4d859574b9e095f9f7b81ed106,strict,200B,single,,HGH,HG​H,,
01111.75bdbd4d859574b9e095f9f7b81ed106,01111__salted__strict__cp200C__single.75bdbd4d859574b9e095f9f7b81ed106,strict,200C,single,,HGH,HG‌H,,
01111.75bdbd4d859574b9e095f9f7b81ed106,01111__salted__strict__cp200D__single.75bdbd4d859574b9e095f9f7b81ed106,strict,200D,single,,HGH,HG‍H,,
01111.75bdbd4d859574b9e095f9f7b81ed106,01111__salted__strict__cp00AD__single.75bdbd4d859574b9e095f9f7b81ed106,strict,00AD,single,,HGH,HG­H,,
01114.1499922e828350a4f6076ef4a0de3ec5,01114__salted__strict__cp200B__single.1499922e828350a4f6076ef4a0de3ec5,strict,200B,single,,,,"Guaranteed, herbal, GUARANTEED","Gu​aranteed, he​rbal, GU​ARANTEED"
01114.1499922e828350a4f6076ef4a0de3ec5,01114__salted__strict__cp200C__single.1499922e828350a4f6076ef4a0de3ec5,strict,200C,single,,,,"Guaranteed, herbal, GUARANTEED","Gu‌aranteed, he‌rbal, GU‌ARANTEED"
01114.1499922e828350a4f6076ef4a0de3ec5,01114__salted__strict__cp200D__single.1499922e828350a4f6076ef4a0de3ec5,strict,200D,single,,,,"Guaranteed, herbal, GUARANTEED","Gu‍aranteed, he‍rbal, GU‍ARANTEED"
01114.1499922e828350a4f6076ef4a0de3ec5,01114__salted__strict__cp00AD__single.1499922e828350a4f6076ef4a0de3ec5,strict,00AD,single,,,,"Guaranteed, herbal, GUARANTEED","Gu­aranteed, he­rbal, GU­ARANTEED"
01115.bd63b2430d4bebf2a49a6caef0ee3974,01115__salted__strict__cp200B__single.bd63b2430d4bebf2a49a6caef0ee3974,strict,200B,single,,,,"usd, receipt","us​d, re​ceipt"
01115.bd63b2430d4bebf2a49a6caef0ee3974,01115__salted__strict__cp200C__single.bd63b2430d4bebf2a49a6caef0ee3974,strict,200C,single,,,,"usd, receipt","us‌d, re‌ceipt"
01115.bd63b2430d4bebf2a49a6caef0ee3974,01115__salted__strict__cp200D__single.bd63b2430d4bebf2a49a6caef0ee3974,strict,200D,single,,,,"usd, receipt","us‍d, re‍ceipt"
01115.bd63b2430d4bebf2a49a6caef0ee3974,01115__salted__strict__cp00AD__single.bd63b2430d4bebf2a49a6caef0ee3974,strict,00AD,single,,,,"usd, receipt","us­d, re­ceipt"
01117.c018f3f0f9df7fe31cce608189589fd6,01117__salted__strict__cp200B__single.c018f3f0f9df7fe31cce608189589fd6,strict,200B,single,,,,"Guaranteed, herbal, GUARANTEED","Gu​aranteed, he​rbal, GU​ARANTEED"
01117.c018f3f0f9df7fe31cce608189589fd6,01117__salted__strict__cp200C__single.c018f3f0f9df7fe31cce608189589fd6,strict,200C,single,,,,"Guaranteed, herbal, GUARANTEED","Gu‌aranteed, he‌rbal, GU‌ARANTEED"
01117.c018f3f0f9df7fe31cce608189589fd6,01117__salted__strict__cp200D__single.c018f3f0f9df7fe31cce608189589fd6,strict,200D,single,,,,"Guaranteed, herbal, GUARANTEED","Gu‍aranteed, he‍rbal, GU‍ARANTEED"
01117.c018f3f0f9df7fe31cce608189589fd6,01117__salted__strict__cp00AD__single.c018f3f0f9df7fe31cce608189589fd6,strict,00AD,single,,,,"Guaranteed, herbal, GUARANTEED","Gu­aranteed, he­rbal, GU­ARANTEED"
01119.343c5318a6ef39de4aea0f081009f391,01119__salted__strict__cp200B__single.343c5318a6ef39de4aea0f081009f391,strict,200B,single,,inkjet,in​kjet,,
01119.343c5318a6ef39de4aea0f081009f391,01119__salted__strict__cp200C__single.343c5318a6ef39de4aea0f081009f391,strict,200C,single,,inkjet,in‌kjet,,
01119.343c5318a6ef39de4aea0f081009f391,01119__salted__strict__cp200D__single.343c5318a6ef39de4aea0f081009f391,strict,200D,single,,inkjet,in‍kjet,,
01119.343c5318a6ef39de4aea0f081009f391,01119__salted__strict__cp00AD__single.343c5318a6ef39de4aea0f081009f391,strict,00AD,single,,inkjet,in­kjet,,
01121.4dda94a3a06563e7f5e3fa659cf5519a,01121__salted__strict__cp200B__single.4dda94a3a06563e7f5e3fa659cf5519a,strict,200B,single,,,,"promotional, mailings","pr​omotional, ma​ilings"
01121.4dda94a3a06563e7f5e3fa659cf5519a,01121__salted__strict__cp200C__single.4dda94a3a06563e7f5e3fa659cf5519a,strict,200C,single,,,,"promotional, mailings","pr‌omotional, ma‌ilings"
01121.4dda94a3a06563e7f5e3fa659cf5519a,01121__salted__strict__cp200D__single.4dda94a3a06563e7f5e3fa659cf5519a,strict,200D,single,,,,"promotional, mailings","pr‍omotional, ma‍ilings"
01121.4dda94a3a06563e7f5e3fa659cf5519a,01121__salted__strict__cp00AD__single.4dda94a3a06563e7f5e3fa659cf5519a,strict,00AD,single,,,,"promotional, mailings","pr­omotional, ma­ilings"
01130.f286229e3c2eeb5c682204de85d903c0,01130__salted__strict__cp200B__single.f286229e3c2eeb5c682204de85d903c0,strict,200B,single,,SYSTEMWORKS,SY​STEMWORKS,,
01130.f286229e3c2eeb5c682204de85d903c0,01130__salted__strict__cp200C__single.f286229e3c2eeb5c682204de85d903c0,strict,200C,single,,SYSTEMWORKS,SY‌STEMWORKS,,
01130.f286229e3c2eeb5c682204de85d903c0,01130__salted__strict__cp200D__single.f286229e3c2eeb5c682204de85d903c0,strict,200D,single,,SYSTEMWORKS,SY‍STEMWORKS,,
01130.f286229e3c2eeb5c682204de85d903c0,01130__salted__strict__cp00AD__single.f286229e3c2eeb5c682204de85d903c0,strict,00AD,single,,SYSTEMWORKS,SY­STEMWORKS,,
01132.3d0e60ced92087634f1433f12810096d,01132__salted__strict__cp200B__single.3d0e60ced92087634f1433f12810096d,strict,200B,single,,,,"guaranteed, btamail, guaranteed","gu​aranteed, bt​amail, gu​aranteed"
01132.3d0e60ced92087634f1433f12810096d,01132__salted__strict__cp200C__single.3d0e60ced92087634f1433f12810096d,strict,200C,single,,,,"guaranteed, btamail, guaranteed","gu‌aranteed, bt‌amail, gu‌aranteed"
01132.3d0e60ced92087634f1433f12810096d,01132__salted__strict__cp200D__single.3d0e60ced92087634f1433f12810096d,strict,200D,single,,,,"guaranteed, btamail, guaranteed","gu‍aranteed, bt‍amail, gu‍aranteed"
01132.3d0e60ced92087634f1433f12810096d,01132__salted__strict__cp00AD__single.3d0e60ced92087634f1433f12810096d,strict,00AD,single,,,,"guaranteed, btamail, guaranteed","gu­aranteed, bt­amail, gu­aranteed"
01133.facfc10e99d36c8da8e62f27aa065aa2,01133__salted__strict__cp200B__single.facfc10e99d36c8da8e62f27aa065aa2,strict,200B,single,,,,"Guaranteed, herbal, GUARANTEED","Gu​aranteed, he​rbal, GU​ARANTEED"
01133.facfc10e99d36c8da8e62f27aa065aa2,01133__salted__strict__cp200C__single.facfc10e99d36c8da8e62f27aa065aa2,strict,200C,single,,,,"Guaranteed, herbal, GUARANTEED","Gu‌aranteed, he‌rbal, GU‌ARANTEED"
01133.facfc10e99d36c8da8e62f27aa065aa2,01133__salted__strict__cp200D__single.facfc10e99d36c8da8e62f27aa065aa2,strict,200D,single,,,,"Guaranteed, herbal, GUARANTEED","Gu‍aranteed, he‍rbal, GU‍ARANTEED"
01133.facfc10e99d36c8da8e62f27aa065aa2,01133__salted__strict__cp00AD__single.facfc10e99d36c8da8e62f27aa065aa2,strict,00AD,single,,,,"Guaranteed, herbal, GUARANTEED","Gu­aranteed, he­rbal, GU­ARANTEED"
01135.0a652f28eb7e06830ca75be5d2f41eaa,01135__salted__strict__cp200B__single.0a652f28eb7e06830ca75be5d2f41eaa,strict,200B,single,,Mortgage,Mo​rtgage,"lenders, Refinance, Mortgage","le​nders, Re​finance, Mo​rtgage"
01135.0a652f28eb7e06830ca75be5d2f41eaa,01135__salted__strict__cp200C__single.0a652f28eb7e06830ca75be5d2f41eaa,strict,200C,single,,Mortgage,Mo‌rtgage,"lenders, Refinance, Mortgage","le‌nders, Re‌finance, Mo‌rtgage"
01135.0a652f28eb7e06830ca75be5d2f41eaa,01135__salted__strict__cp200D__single.0a652f28eb7e06830ca75be5d2f41eaa,strict,200D,single,,Mortgage,Mo‍rtgage,"lenders, Refinance, Mortgage","le‍nders, Re‍finance, Mo‍rtgage"
01135.0a652f28eb7e06830ca75be5d2f41eaa,01135__salted__strict__cp00AD__single.0a652f28eb7e06830ca75be5d2f41eaa,strict,00AD,single,,Mortgage,Mo­rtgage,"lenders, Refinance, Mortgage","le­nders, Re­finance, Mo­rtgage"
01142.1d5b741cdc5cb3c026d678a4c8f613d6,01142__salted__strict__cp200B__single.1d5b741cdc5cb3c026d678a4c8f613d6,strict,200B,single,,Mortgage,Mo​rtgage,"mortgage, refinance, Mortgage","mo​rtgage, re​finance, Mo​rtgage"
01142.1d5b741cdc5cb3c026d678a4c8f613d6,01142__salted__strict__cp200C__single.1d5b741cdc5cb3c026d678a4c8f613d6,strict,200C,single,,Mortgage,Mo‌rtgage,"mortgage, refinance, Mortgage","mo‌rtgage, re‌finance, Mo‌rtgage"
01142.1d5b741cdc5cb3c026d678a4c8f613d6,01142__salted__strict__cp200D__single.1d5b741cdc5cb3c026d678a4c8f613d6,strict,200D,single,,Mortgage,Mo‍rtgage,"mortgage, refinance, Mortgage","mo‍rtgage, re‍finance, Mo‍rtgage"
01142.1d5b741cdc5cb3c026d678a4c8f613d6,01142__salted__strict__cp00AD__single.1d5b741cdc5cb3c026d678a4c8f613d6,strict,00AD,single,,Mortgage,Mo­rtgage,"mortgage, refinance, Mortgage","mo­rtgage, re­finance, Mo­rtgage"
01143.b92dc050e0b748b5e7c9f1cf1b469306,01143__salted__strict__cp200B__single.b92dc050e0b748b5e7c9f1cf1b469306,strict,200B,single,,,,"NBC, CBS, Oprah","NB​C, CB​S, Op​rah"
01143.b92dc050e0b748b5e7c9f1cf1b469306,01143__salted__strict__cp200C__single.b92dc050e0b748b5e7c9f1cf1b469306,strict,200C,single,,,,"NBC, CBS, Oprah","NB‌C, CB‌S, Op‌rah"
01143.b92dc050e0b748b5e7c9f1cf1b469306,01143__salted__strict__cp200D__single.b92dc050e0b748b5e7c9f1cf1b469306,strict,200D,single,,,,"NBC, CBS, Oprah","NB‍C, CB‍S, Op‍rah"
01143.b92dc050e0b748b5e7c9f1cf1b469306,01143__salted__strict__cp00AD__single.b92dc050e0b748b5e7c9f1cf1b469306,strict,00AD,single,,,,"NBC, CBS, Oprah","NB­C, CB­S, Op­rah"
01145.a34477ade6db9376e4f8ccbfa8607881,01145__salted__strict__cp200B__single.a34477ade6db9376e4f8ccbfa8607881,strict,200B,single,,MORTGAGE,MO​RTGAGE,"lenders, Loans, Loans","le​nders, Lo​ans, Lo​ans"
01145.a34477ade6db9376e4f8ccbfa8607881,01145__salted__strict__cp200C__single.a34477ade6db9376e4f8ccbfa8607881,strict,200C,single,,MORTGAGE,MO‌RTGAGE,"lenders, Loans, Loans","le‌nders, Lo‌ans, Lo‌ans"
01145.a34477ade6db9376e4f8ccbfa8607881,01145__salted__strict__cp200D__single.a34477ade6db9376e4f8ccbfa8607881,strict,200D,single,,MORTGAGE,MO‍RTGAGE,"lenders, Loans, Loans","le‍nders, Lo‍ans, Lo‍ans"
01145.a34477ade6db9376e4f8ccbfa8607881,01145__salted__strict__cp00AD__single.a34477ade6db9376e4f8ccbfa8607881,strict,00AD,single,,MORTGAGE,MO­RTGAGE,"lenders, Loans, Loans","le­nders, Lo­ans, Lo­ans"
01146.f8a114b8bf65962ec02a1bcc2241e5d7,01146__salted__strict__cp200B__single.f8a114b8bf65962ec02a1bcc2241e5d7,strict,200B,single,,,,"ATTAINED, testimonials, GUARANTEED","AT​TAINED, te​stimonials, GU​ARANTEED"
01146.f8a114b8bf65962ec02a1bcc2241e5d7,01146__salted__strict__cp200C__single.f8a114b8bf65962ec02a1bcc2241e5d7,strict,200C,single,,,,"ATTAINED, testimonials, GUARANTEED","AT‌TAINED, te‌stimonials, GU‌ARANTEED"
01146.f8a114b8bf65962ec02a1bcc2241e5d7,01146__salted__strict__cp200D__single.f8a114b8bf65962ec02a1bcc2241e5d7,strict,200D,single,,,,"ATTAINED, testimonials, GUARANTEED","AT‍TAINED, te‍stimonials, GU‍ARANTEED"
01146.f8a114b8bf65962ec02a1bcc2241e5d7,01146__salted__strict__cp00AD__single.f8a114b8bf65962ec02a1bcc2241e5d7,strict,00AD,single,,,,"ATTAINED, testimonials, GUARANTEED","AT­TAINED, te­stimonials, GU­ARANTEED"
01150.c429b55e3a5834c74d18f9b0bfc968cd,01150__salted__strict__cp200B__single.c429b55e3a5834c74d18f9b0bfc968cd,strict,200B,single,,,,GUARANTEED,GU​ARANTEED
01150.c429b55e3a5834c74d18f9b0bfc968cd,01150__salted__strict__cp200C__single.c429b55e3a5834c74d18f9b0bfc968cd,strict,200C,single,,,,GUARANTEED,GU‌ARANTEED
01150.c429b55e3a5834c74d18f9b0bfc968cd,01150__salted__strict__cp200D__single.c429b55e3a5834c74d18f9b0bfc968cd,strict,200D,single,,,,GUARANTEED,GU‍ARANTEED
01150.c429b55e3a5834c74d18f9b0bfc968cd,01150__salted__strict__cp00AD__single.c429b55e3a5834c74d18f9b0bfc968cd,strict,00AD,single,,,,GUARANTEED,GU­ARANTEED
01153.423d8f8120ab7fa0946c45a60a44c059,01153__salted__strict__cp200B__single.423d8f8120ab7fa0946c45a60a44c059,strict,200B,single,,Earn,Ea​rn,,
01153.423d8f8120ab7fa0946c45a60a44c059,01153__salted__strict__cp200C__single.423d8f8120ab7fa0946c45a60a44c059,strict,200C,single,,Earn,Ea‌rn,,
01153.423d8f8120ab7fa0946c45a60a44c059,01153__salted__strict__cp200D__single.423d8f8120ab7fa0946c45a60a44c059,strict,200D,single,,Earn,Ea‍rn,,
01153.423d8f8120ab7fa0946c45a60a44c059,01153__salted__strict__cp00AD__single.423d8f8120ab7fa0946c45a60a44c059,strict,00AD,single,,Earn,Ea­rn,,
01155.e8634e51df914973d548076958ed90b2,01155__salted__strict__cp200B__single.e8634e51df914973d548076958ed90b2,strict,200B,single,,,,"ATTAINED, testimonials, GUARANTEED","AT​TAINED, te​stimonials, GU​ARANTEED"
01155.e8634e51df914973d548076958ed90b2,01155__salted__strict__cp200C__single.e8634e51df914973d548076958ed90b2,strict,200C,single,,,,"ATTAINED, testimonials, GUARANTEED","AT‌TAINED, te‌stimonials, GU‌ARANTEED"
01155.e8634e51df914973d548076958ed90b2,01155__salted__strict__cp200D__single.e8634e51df914973d548076958ed90b2,strict,200D,single,,,,"ATTAINED, testimonials, GUARANTEED","AT‍TAINED, te‍stimonials, GU‍ARANTEED"
01155.e8634e51df914973d548076958ed90b2,01155__salted__strict__cp00AD__single.e8634e51df914973d548076958ed90b2,strict,00AD,single,,,,"ATTAINED, testimonials, GUARANTEED","AT­TAINED, te­stimonials, GU­ARANTEED"
01157.0b96d63f8b171b5b5f8a872029371480,01157__salted__strict__cp200B__single.0b96d63f8b171b5b5f8a872029371480,strict,200B,single,,,,"commissions, mailings","co​mmissions, ma​ilings"
01157.0b96d63f8b171b5b5f8a872029371480,01157__salted__strict__cp200C__single.0b96d63f8b171b5b5f8a872029371480,strict,200C,single,,,,"commissions, mailings","co‌mmissions, ma‌ilings"
01157.0b96d63f8b171b5b5f8a872029371480,01157__salted__strict__cp200D__single.0b96d63f8b171b5b5f8a872029371480,strict,200D,single,,,,"commissions, mailings","co‍mmissions, ma‍ilings"
01157.0b96d63f8b171b5b5f8a872029371480,01157__salted__strict__cp00AD__single.0b96d63f8b171b5b5f8a872029371480,strict,00AD,single,,,,"commissions, mailings","co­mmissions, ma­ilings"
01158.5acbdb7eb695f96c08d960a56058481d,01158__salted__strict__cp200B__single.5acbdb7eb695f96c08d960a56058481d,strict,200B,single,,Refinance,Re​finance,"Refinance, mortgage, Mortgage","Re​finance, mo​rtgage, Mo​rtgage"
01158.5acbdb7eb695f96c08d960a56058481d,01158__salted__strict__cp200C__single.5acbdb7eb695f96c08d960a56058481d,strict,200C,single,,Refinance,Re‌finance,"Refinance, mortgage, Mortgage","Re‌finance, mo‌rtgage, Mo‌rtgage"
01158.5acbdb7eb695f96c08d960a56058481d,01158__salted__strict__cp200D__single.5acbdb7eb695f96c08d960a56058481d,strict,200D,single,,Refinance,Re‍finance,"Refinance, mortgage, Mortgage","Re‍finance, mo‍rtgage, Mo‍rtgage"
01158.5acbdb7eb695f96c08d960a56058481d,01158__salted__strict__cp00AD__single.5acbdb7eb695f96c08d960a56058481d,strict,00AD,single,,Refinance,Re­finance,"Refinance, mortgage, Mortgage","Re­finance, mo­rtgage, Mo­rtgage"
01163.1c25ecdd147c3f4eef84b13fa6061c9b,01163__salted__strict__cp200B__single.1c25ecdd147c3f4eef84b13fa6061c9b,strict,200B,single,,Herbal,He​rbal,,
01163.1c25ecdd147c3f4eef84b13fa6061c9b,01163__salted__strict__cp200C__single.1c25ecdd147c3f4eef84b13fa6061c9b,strict,200C,single,,Herbal,He‌rbal,,
01163.1c25ecdd147c3f4eef84b13fa6061c9b,01163__salted__strict__cp200D__single.1c25ecdd147c3f4eef84b13fa6061c9b,strict,200D,single,,Herbal,He‍rbal,,
01163.1c25ecdd147c3f4eef84b13fa6061c9b,01163__salted__strict__cp00AD__single.1c25ecdd147c3f4eef84b13fa6061c9b,strict,00AD,single,,Herbal,He­rbal,,
01165.8c661bf07a1a7a5fe8a9efc2439d17a1,01165__salted__strict__cp200B__single.8c661bf07a1a7a5fe8a9efc2439d17a1,strict,200B,single,,,,"mortgage, refinance, Mortgage","mo​rtgage, re​finance, Mo​rtgage"
01165.8c661bf07a1a7a5fe8a9efc2439d17a1,01165__salted__strict__cp200C__single.8c661bf07a1a7a5fe8a9efc2439d17a1,strict,200C,single,,,,"mortgage, refinance, Mortgage","mo‌rtgage, re‌finance, Mo‌rtgage"
01165.8c661bf07a1a7a5fe8a9efc2439d17a1,01165__salted__strict__cp200D__single.8c661bf07a1a7a5fe8a9efc2439d17a1,strict,200D,single,,,,"mortgage, refinance, Mortgage","mo‍rtgage, re‍finance, Mo‍rtgage"
01165.8c661bf07a1a7a5fe8a9efc2439d17a1,01165__salted__strict__cp00AD__single.8c661bf07a1a7a5fe8a9efc2439d17a1,strict,00AD,single,,,,"mortgage, refinance, Mortgage","mo­rtgage, re­finance, Mo­rtgage"
01167.2ac57a0189fa2b8713202b84e587b707,01167__salted__strict__cp200B__single.2ac57a0189fa2b8713202b84e587b707,strict,200B,single,,Postal,Po​stal,,
01167.2ac57a0189fa2b8713202b84e587b707,01167__salted__strict__cp200C__single.2ac57a0189fa2b8713202b84e587b707,strict,200C,single,,Postal,Po‌stal,,
01167.2ac57a0189fa2b8713202b84e587b707,01167__salted__strict__cp200D__single.2ac57a0189fa2b8713202b84e587b707,strict,200D,single,,Postal,Po‍stal,,
01167.2ac57a0189fa2b8713202b84e587b707,01167__salted__strict__cp00AD__single.2ac57a0189fa2b8713202b84e587b707,strict,00AD,single,,Postal,Po­stal,,
01169.4e5cf6c3e8863047dbba1bfca2ebab97,01169__salted__strict__cp200B__single.4e5cf6c3e8863047dbba1bfca2ebab97,strict,200B,single,,,,GUARANTEED,GU​ARANTEED
01169.4e5cf6c3e8863047dbba1bfca2ebab97,01169__salted__strict__cp200C__single.4e5cf6c3e8863047dbba1bfca2ebab97,strict,200C,single,,,,GUARANTEED,GU‌ARANTEED
01169.4e5cf6c3e8863047dbba1bfca2ebab97,01169__salted__strict__cp200D__single.4e5cf6c3e8863047dbba1bfca2ebab97,strict,200D,single,,,,GUARANTEED,GU‍ARANTEED
01169.4e5cf6c3e8863047dbba1bfca2ebab97,01169__salted__strict__cp00AD__single.4e5cf6c3e8863047dbba1bfca2ebab97,strict,00AD,single,,,,GUARANTEED,GU­ARANTEED
01173.e0da19fcbb5649aa5104320ce38c6906,01173__salted__strict__cp200B__single.e0da19fcbb5649aa5104320ce38c6906,strict,200B,single,,,,specials,sp​ecials
01173.e0da19fcbb5649aa5104320ce38c6906,01173__salted__strict__cp200C__single.e0da19fcbb5649aa5104320ce38c6906,strict,200C,single,,,,specials,sp‌ecials
01173.e0da19fcbb5649aa5104320ce38c6906,01173__salted__strict__cp200D__single.e0da19fcbb5649aa5104320ce38c6906,strict,200D,single,,,,specials,sp‍ecials
01173.e0da19fcbb5649aa5104320ce38c6906,01173__salted__strict__cp00AD__single.e0da19fcbb5649aa5104320ce38c6906,strict,00AD,single,,,,specials,sp­ecials
01174.701ed2374fd181a0a63c8bfbc52a911c,01174__salted__strict__cp200B__single.701ed2374fd181a0a63c8bfbc52a911c,strict,200B,single,,ADV,AD​V,,
01174.701ed2374fd181a0a63c8bfbc52a911c,01174__salted__strict__cp200C__single.701ed2374fd181a0a63c8bfbc52a911c,strict,200C,single,,ADV,AD‌V,,
01174.701ed2374fd181a0a63c8bfbc52a911c,01174__salted__strict__cp200D__single.701ed2374fd181a0a63c8bfbc52a911c,strict,200D,single,,ADV,AD‍V,,
01174.701ed2374fd181a0a63c8bfbc52a911c,01174__salted__strict__cp00AD__single.701ed2374fd181a0a63c8bfbc52a911c,strict,00AD,single,,ADV,AD­V,,
01177.e6db3bae11ac87679c7f241a2c19b4c7,01177__salted__strict__cp200B__single.e6db3bae11ac87679c7f241a2c19b4c7,strict,200B,single,,,,GUARANTEED,GU​ARANTEED
01177.e6db3bae11ac87679c7f241a2c19b4c7,01177__salted__strict__cp200C__single.e6db3bae11ac87679c7f241a2c19b4c7,strict,200C,single,,,,GUARANTEED,GU‌ARANTEED
01177.e6db3bae11ac87679c7f241a2c19b4c7,01177__salted__strict__cp200D__single.e6db3bae11ac87679c7f241a2c19b4c7,strict,200D,single,,,,GUARANTEED,GU‍ARANTEED
01177.e6db3bae11ac87679c7f241a2c19b4c7,01177__salted__strict__cp00AD__single.e6db3bae11ac87679c7f241a2c19b4c7,strict,00AD,single,,,,GUARANTEED,GU­ARANTEED
01181.9f4734afdec4aae228d20e63649253a1,01181__salted__strict__cp200B__single.9f4734afdec4aae228d20e63649253a1,strict,200B,single,,EARN,EA​RN,,
01181.9f4734afdec4aae228d20e63649253a1,01181__salted__strict__cp200C__single.9f4734afdec4aae228d20e63649253a1,strict,200C,single,,EARN,EA‌RN,,
01181.9f4734afdec4aae228d20e63649253a1,01181__salted__strict__cp200D__single.9f4734afdec4aae228d20e63649253a1,strict,200D,single,,EARN,EA‍RN,,
01181.9f4734afdec4aae228d20e63649253a1,01181__salted__strict__cp00AD__single.9f4734afdec4aae228d20e63649253a1,strict,00AD,single,,EARN,EA­RN,,
01189.5593d25cf7b731b1c9f3e708cd05c96b,01189__salted__strict__cp200B__single.5593d25cf7b731b1c9f3e708cd05c96b,strict,200B,single,,,,"assistance, confidentiality","as​sistance, co​nfidentiality"
01189.5593d25cf7b731b1c9f3e708cd05c96b,01189__salted__strict__cp200C__single.5593d25cf7b731b1c9f3e708cd05c96b,strict,200C,single,,,,"assistance, confidentiality","as‌sistance, co‌nfidentiality"
01189.5593d25cf7b731b1c9f3e708cd05c96b,01189__salted__strict__cp200D__single.5593d25cf7b731b1c9f3e708cd05c96b,strict,200D,single,,,,"assistance, confidentiality","as‍sistance, co‍nfidentiality"
01189.5593d25cf7b731b1c9f3e708cd05c96b,01189__salted__strict__cp00AD__single.5593d25cf7b731b1c9f3e708cd05c96b,strict,00AD,single,,,,"assistance, confidentiality","as­sistance, co­nfidentiality"
01192.ae36c1ea662d5daa57777838507cceef,01192__salted__strict__cp200B__single.ae36c1ea662d5daa57777838507cceef,strict,200B,single,,ADV,AD​V,Lenders,Le​nders
01192.ae36c1ea662d5daa57777838507cceef,01192__salted__strict__cp200C__single.ae36c1ea662d5daa57777838507cceef,strict,200C,single,,ADV,AD‌V,Lenders,Le‌nders
01192.ae36c1ea662d5daa57777838507cceef,01192__salted__strict__cp200D__single.ae36c1ea662d5daa57777838507cceef,strict,200D,single,,ADV,AD‍V,Lenders,Le‍nders
01192.ae36c1ea662d5daa57777838507cceef,01192__salted__strict__cp00AD__single.ae36c1ea662d5daa57777838507cceef,strict,00AD,single,,ADV,AD­V,Lenders,Le­nders
01193.7c4b9a0e900fdb7cafb86c1131f79a48,01193__salted__strict__cp200B__single.7c4b9a0e900fdb7cafb86c1131f79a48,strict,200B,single,,ADV,AD​V,Lenders,Le​nders
01193.7c4b9a0e900fdb7cafb86c1131f79a48,01193__salted__strict__cp200C__single.7c4b9a0e900fdb7cafb86c1131f79a48,strict,200C,single,,ADV,AD‌V,Lenders,Le‌nders
01193.7c4b9a0e900fdb7cafb86c1131f79a48,01193__salted__strict__cp200D__single.7c4b9a0e900fdb7cafb86c1131f79a48,strict,200D,single,,ADV,AD‍V,Lenders,Le‍nders
01193.7c4b9a0e900fdb7cafb86c1131f79a48,01193__salted__strict__cp00AD__single.7c4b9a0e900fdb7cafb86c1131f79a48,strict,00AD,single,,ADV,AD­V,Lenders,Le­nders
01195.2e0668d1365c631aa09d21c813ce013f,01195__salted__strict__cp200B__single.2e0668d1365c631aa09d21c813ce013f,strict,200B,single,,,,GUARANTEED,GU​ARANTEED
01195.2e0668d1365c631aa09d21c813ce013f,01195__salted__strict__cp200C__single.2e0668d1365c631aa09d21c813ce013f,strict,200C,single,,,,GUARANTEED,GU‌ARANTEED
01195.2e0668d1365c631aa09d21c813ce013f,01195__salted__strict__cp200D__single.2e0668d1365c631aa09d21c813ce013f,strict,200D,single,,,,GUARANTEED,GU‍ARANTEED
01195.2e0668d1365c631aa09d21c813ce013f,01195__salted__strict__cp00AD__single.2e0668d1365c631aa09d21c813ce013f,strict,00AD,single,,,,GUARANTEED,GU­ARANTEED
01199.5a219c9b3e55a0136d8039fd74675570,01199__salted__strict__cp200B__single.5a219c9b3e55a0136d8039fd74675570,strict,200B,single,,,,"Guaranteed, billing, mailings","Gu​aranteed, bi​lling, ma​ilings"
01199.5a219c9b3e55a0136d8039fd74675570,01199__salted__strict__cp200C__single.5a219c9b3e55a0136d8039fd74675570,strict,200C,single,,,,"Guaranteed, billing, mailings","Gu‌aranteed, bi‌lling, ma‌ilings"
01199.5a219c9b3e55a0136d8039fd74675570,01199__salted__strict__cp200D__single.5a219c9b3e55a0136d8039fd74675570,strict,200D,single,,,,"Guaranteed, billing, mailings","Gu‍aranteed, bi‍lling, ma‍ilings"
01199.5a219c9b3e55a0136d8039fd74675570,01199__salted__strict__cp00AD__single.5a219c9b3e55a0136d8039fd74675570,strict,00AD,single,,,,"Guaranteed, billing, mailings","Gu­aranteed, bi­lling, ma­ilings"
01203.f4c9144a594fb81ff323053fbd626a55,01203__salted__strict__cp200B__single.f4c9144a594fb81ff323053fbd626a55,strict,200B,single,,GUARANTEED,GU​ARANTEED,"mortgage, loans","mo​rtgage, lo​ans"
01203.f4c9144a594fb81ff323053fbd626a55,01203__salted__strict__cp200C__single.f4c9144a594fb81ff323053fbd626a55,strict,200C,single,,GUARANTEED,GU‌ARANTEED,"mortgage, loans","mo‌rtgage, lo‌ans"
01203.f4c9144a594fb81ff323053fbd626a55,01203__salted__strict__cp200D__single.f4c9144a594fb81ff323053fbd626a55,strict,200D,single,,GUARANTEED,GU‍ARANTEED,"mortgage, loans","mo‍rtgage, lo‍ans"
01203.f4c9144a594fb81ff323053fbd626a55,01203__salted__strict__cp00AD__single.f4c9144a594fb81ff323053fbd626a55,strict,00AD,single,,GUARANTEED,GU­ARANTEED,"mortgage, loans","mo­rtgage, lo­ans"
01211.e9c2c3b1d544e8618d6f87c1871021e9,01211__salted__strict__cp200B__single.e9c2c3b1d544e8618d6f87c1871021e9,strict,200B,single,,,,GUARANTEED,GU​ARANTEED
01211.e9c2c3b1d544e8618d6f87c1871021e9,01211__salted__strict__cp200C__single.e9c2c3b1d544e8618d6f87c1871021e9,strict,200C,single,,,,GUARANTEED,GU‌ARANTEED
01211.e9c2c3b1d544e8618d6f87c1871021e9,01211__salted__strict__cp200D__single.e9c2c3b1d544e8618d6f87c1871021e9,strict,200D,single,,,,GUARANTEED,GU‍ARANTEED
01211.e9c2c3b1d544e8618d6f87c1871021e9,01211__salted__strict__cp00AD__single.e9c2c3b1d544e8618d6f87c1871021e9,strict,00AD,single,,,,GUARANTEED,GU­ARANTEED
01213.7889eb65b4b7f2cde2a9bd3bb9f230dd,01213__salted__strict__cp200B__single.7889eb65b4b7f2cde2a9bd3bb9f230dd,strict,200B,single,,ADV,AD​V,,
01213.7889eb65b4b7f2cde2a9bd3bb9f230dd,01213__salted__strict__cp200C__single.7889eb65b4b7f2cde2a9bd3bb9f230dd,strict,200C,single,,ADV,AD‌V,,
01213.7889eb65b4b7f2cde2a9bd3bb9f230dd,01213__salted__strict__cp200D__single.7889eb65b4b7f2cde2a9bd3bb9f230dd,strict,200D,single,,ADV,AD‍V,,
01213.7889eb65b4b7f2cde2a9bd3bb9f230dd,01213__salted__strict__cp00AD__single.7889eb65b4b7f2cde2a9bd3bb9f230dd,strict,00AD,single,,ADV,AD­V,,
01215.e879c633ccfba3b6dcf761d8ac0764c0,01215__salted__strict__cp200B__single.e879c633ccfba3b6dcf761d8ac0764c0,strict,200B,single,,SYSTEMWORKS,SY​STEMWORKS,,
01215.e879c633ccfba3b6dcf761d8ac0764c0,01215__salted__strict__cp200C__single.e879c633ccfba3b6dcf761d8ac0764c0,strict,200C,single,,SYSTEMWORKS,SY‌STEMWORKS,,
01215.e879c633ccfba3b6dcf761d8ac0764c0,01215__salted__strict__cp200D__single.e879c633ccfba3b6dcf761d8ac0764c0,strict,200D,single,,SYSTEMWORKS,SY‍STEMWORKS,,
01215.e879c633ccfba3b6dcf761d8ac0764c0,01215__salted__strict__cp00AD__single.e879c633ccfba3b6dcf761d8ac0764c0,strict,00AD,single,,SYSTEMWORKS,SY­STEMWORKS,,
01216.e293653cab0c486ba135cf8fbe6700fc,01216__salted__strict__cp200B__single.e293653cab0c486ba135cf8fbe6700fc,strict,200B,single,,HGH,HG​H,,
01216.e293653cab0c486ba135cf8fbe6700fc,01216__salted__strict__cp200C__single.e293653cab0c486ba135cf8fbe6700fc,strict,200C,single,,HGH,HG‌H,,
01216.e293653cab0c486ba135cf8fbe6700fc,01216__salted__strict__cp200D__single.e293653cab0c486ba135cf8fbe6700fc,strict,200D,single,,HGH,HG‍H,,
01216.e293653cab0c486ba135cf8fbe6700fc,01216__salted__strict__cp00AD__single.e293653cab0c486ba135cf8fbe6700fc,strict,00AD,single,,HGH,HG­H,,
01218.4bb5c5746d9f19d8551437c242bfd79e,01218__salted__strict__cp200B__single.4bb5c5746d9f19d8551437c242bfd79e,strict,200B,single,,,,"Commissions, Guaranteed, Guaranteed","Co​mmissions, Gu​aranteed, Gu​aranteed"
01218.4bb5c5746d9f19d8551437c242bfd79e,01218__salted__strict__cp200C__single.4bb5c5746d9f19d8551437c242bfd79e,strict,200C,single,,,,"Commissions, Guaranteed, Guaranteed","Co‌mmissions, Gu‌aranteed, Gu‌aranteed"
01218.4bb5c5746d9f19d8551437c242bfd79e,01218__salted__strict__cp200D__single.4bb5c5746d9f19d8551437c242bfd79e,strict,200D,single,,,,"Commissions, Guaranteed, Guaranteed","Co‍mmissions, Gu‍aranteed, Gu‍aranteed"
01218.4bb5c5746d9f19d8551437c242bfd79e,01218__salted__strict__cp00AD__single.4bb5c5746d9f19d8551437c242bfd79e,strict,00AD,single,,,,"Commissions, Guaranteed, Guaranteed","Co­mmissions, Gu­aranteed, Gu­aranteed"
01220.e399b9acc45a23ec853a9bb1d2a1a859,01220__salted__strict__cp200B__single.e399b9acc45a23ec853a9bb1d2a1a859,strict,200B,single,,,,btamail,bt​amail
01220.e399b9acc45a23ec853a9bb1d2a1a859,01220__salted__strict__cp200C__single.e399b9acc45a23ec853a9bb1d2a1a859,strict,200C,single,,,,btamail,bt‌amail
01220.e399b9acc45a23ec853a9bb1d2a1a859,01220__salted__strict__cp200D__single.e399b9acc45a23ec853a9bb1d2a1a859,strict,200D,single,,,,btamail,bt‍amail
01220.e399b9acc45a23ec853a9bb1d2a1a859,01220__salted__strict__cp00AD__single.e399b9acc45a23ec853a9bb1d2a1a859,strict,00AD,single,,,,btamail,bt­amail
01223.0321f73febcffd82fcf12b36cce2c6c9,01223__salted__strict__cp200B__single.0321f73febcffd82fcf12b36cce2c6c9,strict,200B,single,,ADV,AD​V,,
01223.0321f73febcffd82fcf12b36cce2c6c9,01223__salted__strict__cp200C__single.0321f73febcffd82fcf12b36cce2c6c9,strict,200C,single,,ADV,AD‌V,,
01223.0321f73febcffd82fcf12b36cce2c6c9,01223__salted__strict__cp200D__single.0321f73febcffd82fcf12b36cce2c6c9,strict,200D,single,,ADV,AD‍V,,
01223.0321f73febcffd82fcf12b36cce2c6c9,01223__salted__strict__cp00AD__single.0321f73febcffd82fcf12b36cce2c6c9,strict,00AD,single,,ADV,AD­V,,
01225.a07c90bc24b619d5e8b786675dc2d118,01225__salted__strict__cp200B__single.a07c90bc24b619d5e8b786675dc2d118,strict,200B,single,,Mortgage,Mo​rtgage,,
01225.a07c90bc24b619d5e8b786675dc2d118,01225__salted__strict__cp200C__single.a07c90bc24b619d5e8b786675dc2d118,strict,200C,single,,Mortgage,Mo‌rtgage,,
01225.a07c90bc24b619d5e8b786675dc2d118,01225__salted__strict__cp200D__single.a07c90bc24b619d5e8b786675dc2d118,strict,200D,single,,Mortgage,Mo‍rtgage,,
01225.a07c90bc24b619d5e8b786675dc2d118,01225__salted__strict__cp00AD__single.a07c90bc24b619d5e8b786675dc2d118,strict,00AD,single,,Mortgage,Mo­rtgage,,
01230.0589bade8df0c343a49c6712f62dfca0,01230__salted__strict__cp200B__single.0589bade8df0c343a49c6712f62dfca0,strict,200B,single,,,,"Guaranteed, Guaranteed, guaranteed","Gu​aranteed, Gu​aranteed, gu​aranteed"
01230.0589bade8df0c343a49c6712f62dfca0,01230__salted__strict__cp200C__single.0589bade8df0c343a49c6712f62dfca0,strict,200C,single,,,,"Guaranteed, Guaranteed, guaranteed","Gu‌aranteed, Gu‌aranteed, gu‌aranteed"
01230.0589bade8df0c343a49c6712f62dfca0,01230__salted__strict__cp200D__single.0589bade8df0c343a49c6712f62dfca0,strict,200D,single,,,,"Guaranteed, Guaranteed, guaranteed","Gu‍aranteed, Gu‍aranteed, gu‍aranteed"
01230.0589bade8df0c343a49c6712f62dfca0,01230__salted__strict__cp00AD__single.0589bade8df0c343a49c6712f62dfca0,strict,00AD,single,,,,"Guaranteed, Guaranteed, guaranteed","Gu­aranteed, Gu­aranteed, gu­aranteed"
01232.2c1fbf4d9cb31dd039c1bbb078225b5a,01232__salted__strict__cp200B__single.2c1fbf4d9cb31dd039c1bbb078225b5a,strict,200B,single,,Adv,Ad​v,,
01232.2c1fbf4d9cb31dd039c1bbb078225b5a,01232__salted__strict__cp200C__single.2c1fbf4d9cb31dd039c1bbb078225b5a,strict,200C,single,,Adv,Ad‌v,,
01232.2c1fbf4d9cb31dd039c1bbb078225b5a,01232__salted__strict__cp200D__single.2c1fbf4d9cb31dd039c1bbb078225b5a,strict,200D,single,,Adv,Ad‍v,,
01232.2c1fbf4d9cb31dd039c1bbb078225b5a,01232__salted__strict__cp00AD__single.2c1fbf4d9cb31dd039c1bbb078225b5a,strict,00AD,single,,Adv,Ad­v,,
01234.0bcd772346e2970c6246f40359cf4de5,01234__salted__strict__cp200B__single.0bcd772346e2970c6246f40359cf4de5,strict,200B,single,,ADV,AD​V,,
01234.0bcd772346e2970c6246f40359cf4de5,01234__salted__strict__cp200C__single.0bcd772346e2970c6246f40359cf4de5,strict,200C,single,,ADV,AD‌V,,
01234.0bcd772346e2970c6246f40359cf4de5,01234__salted__strict__cp200D__single.0bcd772346e2970c6246f40359cf4de5,strict,200D,single,,ADV,AD‍V,,
01234.0bcd772346e2970c6246f40359cf4de5,01234__salted__strict__cp00AD__single.0bcd772346e2970c6246f40359cf4de5,strict,00AD,single,,ADV,AD­V,,
01236.903d52340bf3ed1a328b039bcd94e1c9,01236__salted__strict__cp200B__single.903d52340bf3ed1a328b039bcd94e1c9,strict,200B,single,,inkjet,in​kjet,,
01236.903d52340bf3ed1a328b039bcd94e1c9,01236__salted__strict__cp200C__single.903d52340bf3ed1a328b039bcd94e1c9,strict,200C,single,,inkjet,in‌kjet,,
01236.903d52340bf3ed1a328b039bcd94e1c9,01236__salted__strict__cp200D__single.903d52340bf3ed1a328b039bcd94e1c9,strict,200D,single,,inkjet,in‍kjet,,
01236.903d52340bf3ed1a328b039bcd94e1c9,01236__salted__strict__cp00AD__single.903d52340bf3ed1a328b039bcd94e1c9,strict,00AD,single,,inkjet,in­kjet,,
01237.245ac1766016b756a3ddb3b463cc9645,01237__salted__strict__cp200B__single.245ac1766016b756a3ddb3b463cc9645,strict,200B,single,,,,GUARANTEED,GU​ARANTEED
01237.245ac1766016b756a3ddb3b463cc9645,01237__salted__strict__cp200C__single.245ac1766016b756a3ddb3b463cc9645,strict,200C,single,,,,GUARANTEED,GU‌ARANTEED
01237.245ac1766016b756a3ddb3b463cc9645,01237__salted__strict__cp200D__single.245ac1766016b756a3ddb3b463cc9645,strict,200D,single,,,,GUARANTEED,GU‍ARANTEED
01237.245ac1766016b756a3ddb3b463cc9645,01237__salted__strict__cp00AD__single.245ac1766016b756a3ddb3b463cc9645,strict,00AD,single,,,,GUARANTEED,GU­ARANTEED
01240.7d6ae3682a3dd3fe457516b188eb105c,01240__salted__strict__cp200B__single.7d6ae3682a3dd3fe457516b188eb105c,strict,200B,single,,assistance,as​sistance,PAINS,PA​INS
01240.7d6ae3682a3dd3fe457516b188eb105c,01240__salted__strict__cp200C__single.7d6ae3682a3dd3fe457516b188eb105c,strict,200C,single,,assistance,as‌sistance,PAINS,PA‌INS
01240.7d6ae3682a3dd3fe457516b188eb105c,01240__salted__strict__cp200D__single.7d6ae3682a3dd3fe457516b188eb105c,strict,200D,single,,assistance,as‍sistance,PAINS,PA‍INS
01240.7d6ae3682a3dd3fe457516b188eb105c,01240__salted__strict__cp00AD__single.7d6ae3682a3dd3fe457516b188eb105c,strict,00AD,single,,assistance,as­sistance,PAINS,PA­INS
01242.3743099b115c6a8a273d8eca34a9c738,01242__salted__strict__cp200B__single.3743099b115c6a8a273d8eca34a9c738,strict,200B,single,,Cartridges,Ca​rtridges,,
01242.3743099b115c6a8a273d8eca34a9c738,01242__salted__strict__cp200C__single.3743099b115c6a8a273d8eca34a9c738,strict,200C,single,,Cartridges,Ca‌rtridges,,
01242.3743099b115c6a8a273d8eca34a9c738,01242__salted__strict__cp200D__single.3743099b115c6a8a273d8eca34a9c738,strict,200D,single,,Cartridges,Ca‍rtridges,,
01242.3743099b115c6a8a273d8eca34a9c738,01242__salted__strict__cp00AD__single.3743099b115c6a8a273d8eca34a9c738,strict,00AD,single,,Cartridges,Ca­rtridges,,
01250.2bfc033f9ced1c70e480ec75b0094431,01250__salted__strict__cp200B__single.2bfc033f9ced1c70e480ec75b0094431,strict,200B,single,,,,mailings,ma​ilings
01250.2bfc033f9ced1c70e480ec75b0094431,01250__salted__strict__cp200C__single.2bfc033f9ced1c70e480ec75b0094431,strict,200C,single,,,,mailings,ma‌ilings
01250.2bfc033f9ced1c70e480ec75b0094431,01250__salted__strict__cp200D__single.2bfc033f9ced1c70e480ec75b0094431,strict,200D,single,,,,mailings,ma‍ilings
01250.2bfc033f9ced1c70e480ec75b0094431,01250__salted__strict__cp00AD__single.2bfc033f9ced1c70e480ec75b0094431,strict,00AD,single,,,,mailings,ma­ilings
01252.85c2b9eb83de6e0447fdf956e9bd499c,01252__salted__strict__cp200B__single.85c2b9eb83de6e0447fdf956e9bd499c,strict,200B,single,,mortgage,mo​rtgage,,
01252.85c2b9eb83de6e0447fdf956e9bd499c,01252__salted__strict__cp200C__single.85c2b9eb83de6e0447fdf956e9bd499c,strict,200C,single,,mortgage,mo‌rtgage,,
01252.85c2b9eb83de6e0447fdf956e9bd499c,01252__salted__strict__cp200D__single.85c2b9eb83de6e0447fdf956e9bd499c,strict,200D,single,,mortgage,mo‍rtgage,,
01252.85c2b9eb83de6e0447fdf956e9bd499c,01252__salted__strict__cp00AD__single.85c2b9eb83de6e0447fdf956e9bd499c,strict,00AD,single,,mortgage,mo­rtgage,,
01253.26e421b9623002d636c29f79f68a58fb,01253__salted__strict__cp200B__single.26e421b9623002d636c29f79f68a58fb,strict,200B,single,,inkjet,in​kjet,,
01253.26e421b9623002d636c29f79f68a58fb,01253__salted__strict__cp200C__single.26e421b9623002d636c29f79f68a58fb,strict,200C,single,,inkjet,in‌kjet,,
01253.26e421b9623002d636c29f79f68a58fb,01253__salted__strict__cp200D__single.26e421b9623002d636c29f79f68a58fb,strict,200D,single,,inkjet,in‍kjet,,
01253.26e421b9623002d636c29f79f68a58fb,01253__salted__strict__cp00AD__single.26e421b9623002d636c29f79f68a58fb,strict,00AD,single,,inkjet,in­kjet,,
01255.e04eae4539f81463a930dfe44ebd6af8,01255__salted__strict__cp200B__single.e04eae4539f81463a930dfe44ebd6af8,strict,200B,single,,HGH,HG​H,,
01255.e04eae4539f81463a930dfe44ebd6af8,01255__salted__strict__cp200C__single.e04eae4539f81463a930dfe44ebd6af8,strict,200C,single,,HGH,HG‌H,,
01255.e04eae4539f81463a930dfe44ebd6af8,01255__salted__strict__cp200D__single.e04eae4539f81463a930dfe44ebd6af8,strict,200D,single,,HGH,HG‍H,,
01255.e04eae4539f81463a930dfe44ebd6af8,01255__salted__strict__cp00AD__single.e04eae4539f81463a930dfe44ebd6af8,strict,00AD,single,,HGH,HG­H,,
01256.93c359e7a1edb27054778deaa633b72b,01256__salted__strict__cp200B__single.93c359e7a1edb27054778deaa633b72b,strict,200B,single,,,,Confidentiality,Co​nfidentiality
01256.93c359e7a1edb27054778deaa633b72b,01256__salted__strict__cp200C__single.93c359e7a1edb27054778deaa633b72b,strict,200C,single,,,,Confidentiality,Co‌nfidentiality
01256.93c359e7a1edb27054778deaa633b72b,01256__salted__strict__cp200D__single.93c359e7a1edb27054778deaa633b72b,strict,200D,single,,,,Confidentiality,Co‍nfidentiality
01256.93c359e7a1edb27054778deaa633b72b,01256__salted__strict__cp00AD__single.93c359e7a1edb27054778deaa633b72b,strict,00AD,single,,,,Confidentiality,Co­nfidentiality
01259.b4dff1ed93bc931b271888cd42e41b85,01259__salted__strict__cp200B__single.b4dff1ed93bc931b271888cd42e41b85,strict,200B,single,,,,"attained, herbal, herbal","at​tained, he​rbal, he​rbal"
01259.b4dff1ed93bc931b271888cd42e41b85,01259__salted__strict__cp200C__single.b4dff1ed93bc931b271888cd42e41b85,strict,200C,single,,,,"attained, herbal, herbal","at‌tained, he‌rbal, he‌rbal"
01259.b4dff1ed93bc931b271888cd42e41b85,01259__salted__strict__cp200D__single.b4dff1ed93bc931b271888cd42e41b85,strict,200D,single,,,,"attained, herbal, herbal","at‍tained, he‍rbal, he‍rbal"
01259.b4dff1ed93bc931b271888cd42e41b85,01259__salted__strict__cp00AD__single.b4dff1ed93bc931b271888cd42e41b85,strict,00AD,single,,,,"attained, herbal, herbal","at­tained, he­rbal, he­rbal"
01260.fae84d2193ed2d65a14e2c8b612fb7fe,01260__salted__strict__cp200B__single.fae84d2193ed2d65a14e2c8b612fb7fe,strict,200B,single,,,,"attained, herbal, herbal","at​tained, he​rbal, he​rbal"
01260.fae84d2193ed2d65a14e2c8b612fb7fe,01260__salted__strict__cp200C__single.fae84d2193ed2d65a14e2c8b612fb7fe,strict,200C,single,,,,"attained, herbal, herbal","at‌tained, he‌rbal, he‌rbal"
01260.fae84d2193ed2d65a14e2c8b612fb7fe,01260__salted__strict__cp200D__single.fae84d2193ed2d65a14e2c8b612fb7fe,strict,200D,single,,,,"attained, herbal, herbal","at‍tained, he‍rbal, he‍rbal"
01260.fae84d2193ed2d65a14e2c8b612fb7fe,01260__salted__strict__cp00AD__single.fae84d2193ed2d65a14e2c8b612fb7fe,strict,00AD,single,,,,"attained, herbal, herbal","at­tained, he­rbal, he­rbal"
01263.4e9dc99aae6eafdf9233e60b6d3225f9,01263__salted__strict__cp200B__single.4e9dc99aae6eafdf9233e60b6d3225f9,strict,200B,single,,Attn,At​tn,,
01263.4e9dc99aae6eafdf9233e60b6d3225f9,01263__salted__strict__cp200C__single.4e9dc99aae6eafdf9233e60b6d3225f9,strict,200C,single,,Attn,At‌tn,,
01263.4e9dc99aae6eafdf9233e60b6d3225f9,01263__salted__strict__cp200D__single.4e9dc99aae6eafdf9233e60b6d3225f9,strict,200D,single,,Attn,At‍tn,,
01263.4e9dc99aae6eafdf9233e60b6d3225f9,01263__salted__strict__cp00AD__single.4e9dc99aae6eafdf9233e60b6d3225f9,strict,00AD,single,,Attn,At­tn,,
01266.78f4e45d9e8699babb2e38f04d4401a5,01266__salted__strict__cp200B__single.78f4e45d9e8699babb2e38f04d4401a5,strict,200B,single,,EARN,EA​RN,"earn, MLM, btamail","ea​rn, ML​M, bt​amail"
01266.78f4e45d9e8699babb2e38f04d4401a5,01266__salted__strict__cp200C__single.78f4e45d9e8699babb2e38f04d4401a5,strict,200C,single,,EARN,EA‌RN,"earn, MLM, btamail","ea‌rn, ML‌M, bt‌amail"
01266.78f4e45d9e8699babb2e38f04d4401a5,01266__salted__strict__cp200D__single.78f4e45d9e8699babb2e38f04d4401a5,strict,200D,single,,EARN,EA‍RN,"earn, MLM, btamail","ea‍rn, ML‍M, bt‍amail"
01266.78f4e45d9e8699babb2e38f04d4401a5,01266__salted__strict__cp00AD__single.78f4e45d9e8699babb2e38f04d4401a5,strict,00AD,single,,EARN,EA­RN,"earn, MLM, btamail","ea­rn, ML­M, bt­amail"
01267.6e9de9ba20f59c26028ebdb4550685fb,01267__salted__strict__cp200B__single.6e9de9ba20f59c26028ebdb4550685fb,strict,200B,single,,SYSTEMWORKS,SY​STEMWORKS,,
01267.6e9de9ba20f59c26028ebdb4550685fb,01267__salted__strict__cp200C__single.6e9de9ba20f59c26028ebdb4550685fb,strict,200C,single,,SYSTEMWORKS,SY‌STEMWORKS,,
01267.6e9de9ba20f59c26028ebdb4550685fb,01267__salted__strict__cp200D__single.6e9de9ba20f59c26028ebdb4550685fb,strict,200D,single,,SYSTEMWORKS,SY‍STEMWORKS,,
01267.6e9de9ba20f59c26028ebdb4550685fb,01267__salted__strict__cp00AD__single.6e9de9ba20f59c26028ebdb4550685fb,strict,00AD,single,,SYSTEMWORKS,SY­STEMWORKS,,
01270.f55f31ae8a3b92cdcddf7257aa9616a0,01270__salted__strict__cp200B__single.f55f31ae8a3b92cdcddf7257aa9616a0,strict,200B,single,,,,"assistance, deposit","as​sistance, de​posit"
01270.f55f31ae8a3b92cdcddf7257aa9616a0,01270__salted__strict__cp200C__single.f55f31ae8a3b92cdcddf7257aa9616a0,strict,200C,single,,,,"assistance, deposit","as‌sistance, de‌posit"
01270.f55f31ae8a3b92cdcddf7257aa9616a0,01270__salted__strict__cp200D__single.f55f31ae8a3b92cdcddf7257aa9616a0,strict,200D,single,,,,"assistance, deposit","as‍sistance, de‍posit"
01270.f55f31ae8a3b92cdcddf7257aa9616a0,01270__salted__strict__cp00AD__single.f55f31ae8a3b92cdcddf7257aa9616a0,strict,00AD,single,,,,"assistance, deposit","as­sistance, de­posit"
01273.b738ce23f30ea10c7ad44d949d111199,01273__salted__strict__cp200B__single.b738ce23f30ea10c7ad44d949d111199,strict,200B,single,,Systemworks,Sy​stemworks,,
01273.b738ce23f30ea10c7ad44d949d111199,01273__salted__strict__cp200C__single.b738ce23f30ea10c7ad44d949d111199,strict,200C,single,,Systemworks,Sy‌stemworks,,
01273.b738ce23f30ea10c7ad44d949d111199,01273__salted__strict__cp200D__single.b738ce23f30ea10c7ad44d949d111199,strict,200D,single,,Systemworks,Sy‍stemworks,,
01273.b738ce23f30ea10c7ad44d949d111199,01273__salted__strict__cp00AD__single.b738ce23f30ea10c7ad44d949d111199,strict,00AD,single,,Systemworks,Sy­stemworks,,
01274.6eb8dc0890717ae45385f0393024c30e,01274__salted__strict__cp200B__single.6eb8dc0890717ae45385f0393024c30e,strict,200B,single,,ADV,AD​V,,
01274.6eb8dc0890717ae45385f0393024c30e,01274__salted__strict__cp200C__single.6eb8dc0890717ae45385f0393024c30e,strict,200C,single,,ADV,AD‌V,,
01274.6eb8dc0890717ae45385f0393024c30e,01274__salted__strict__cp200D__single.6eb8dc0890717ae45385f0393024c30e,strict,200D,single,,ADV,AD‍V,,
01274.6eb8dc0890717ae45385f0393024c30e,01274__salted__strict__cp00AD__single.6eb8dc0890717ae45385f0393024c30e,strict,00AD,single,,ADV,AD­V,,
01275.9ce1257b70028a741bd7877f0bc2ba0e,01275__salted__strict__cp200B__single.9ce1257b70028a741bd7877f0bc2ba0e,strict,200B,single,,Mortgage,Mo​rtgage,,
01275.9ce1257b70028a741bd7877f0bc2ba0e,01275__salted__strict__cp200C__single.9ce1257b70028a741bd7877f0bc2ba0e,strict,200C,single,,Mortgage,Mo‌rtgage,,
01275.9ce1257b70028a741bd7877f0bc2ba0e,01275__salted__strict__cp200D__single.9ce1257b70028a741bd7877f0bc2ba0e,strict,200D,single,,Mortgage,Mo‍rtgage,,
01275.9ce1257b70028a741bd7877f0bc2ba0e,01275__salted__strict__cp00AD__single.9ce1257b70028a741bd7877f0bc2ba0e,strict,00AD,single,,Mortgage,Mo­rtgage,,
01277.6763a79fad1f1b39cb7d5b7faf92ea98,01277__salted__strict__cp200B__single.6763a79fad1f1b39cb7d5b7faf92ea98,strict,200B,single,,Mortgage,Mo​rtgage,"mortgage, refinance, Mortgage","mo​rtgage, re​finance, Mo​rtgage"
01277.6763a79fad1f1b39cb7d5b7faf92ea98,01277__salted__strict__cp200C__single.6763a79fad1f1b39cb7d5b7faf92ea98,strict,200C,single,,Mortgage,Mo‌rtgage,"mortgage, refinance, Mortgage","mo‌rtgage, re‌finance, Mo‌rtgage"
01277.6763a79fad1f1b39cb7d5b7faf92ea98,01277__salted__strict__cp200D__single.6763a79fad1f1b39cb7d5b7faf92ea98,strict,200D,single,,Mortgage,Mo‍rtgage,"mortgage, refinance, Mortgage","mo‍rtgage, re‍finance, Mo‍rtgage"
01277.6763a79fad1f1b39cb7d5b7faf92ea98,01277__salted__strict__cp00AD__single.6763a79fad1f1b39cb7d5b7faf92ea98,strict,00AD,single,,Mortgage,Mo­rtgage,"mortgage, refinance, Mortgage","mo­rtgage, re­finance, Mo­rtgage"
01280.34dde162b3c6b2e873fc9f094d28b0fd,01280__salted__strict__cp200B__single.34dde162b3c6b2e873fc9f094d28b0fd,strict,200B,single,,,,"commissions, mailings","co​mmissions, ma​ilings"
01280.34dde162b3c6b2e873fc9f094d28b0fd,01280__salted__strict__cp200C__single.34dde162b3c6b2e873fc9f094d28b0fd,strict,200C,single,,,,"commissions, mailings","co‌mmissions, ma‌ilings"
01280.34dde162b3c6b2e873fc9f094d28b0fd,01280__salted__strict__cp200D__single.34dde162b3c6b2e873fc9f094d28b0fd,strict,200D,single,,,,"commissions, mailings","co‍mmissions, ma‍ilings"
01280.34dde162b3c6b2e873fc9f094d28b0fd,01280__salted__strict__cp00AD__single.34dde162b3c6b2e873fc9f094d28b0fd,strict,00AD,single,,,,"commissions, mailings","co­mmissions, ma­ilings"
01281.889130eed8c0fabfe29f7ffe62d1afe1,01281__salted__strict__cp200B__single.889130eed8c0fabfe29f7ffe62d1afe1,strict,200B,single,,Annuity,An​nuity,"Annuity, promotional, Annuity","An​nuity, pr​omotional, An​nuity"
01281.889130eed8c0fabfe29f7ffe62d1afe1,01281__salted__strict__cp200C__single.889130eed8c0fabfe29f7ffe62d1afe1,strict,200C,single,,Annuity,An‌nuity,"Annuity, promotional, Annuity","An‌nuity, pr‌omotional, An‌nuity"
01281.889130eed8c0fabfe29f7ffe62d1afe1,01281__salted__strict__cp200D__single.889130eed8c0fabfe29f7ffe62d1afe1,strict,200D,single,,Annuity,An‍nuity,"Annuity, promotional, Annuity","An‍nuity, pr‍omotional, An‍nuity"
01281.889130eed8c0fabfe29f7ffe62d1afe1,01281__salted__strict__cp00AD__single.889130eed8c0fabfe29f7ffe62d1afe1,strict,00AD,single,,Annuity,An­nuity,"Annuity, promotional, Annuity","An­nuity, pr­omotional, An­nuity"
01282.9ae018dd0cf3c1f3345eb44074fd5635,01282__salted__strict__cp200B__single.9ae018dd0cf3c1f3345eb44074fd5635,strict,200B,single,,,,mailings,ma​ilings
01282.9ae018dd0cf3c1f3345eb44074fd5635,01282__salted__strict__cp200C__single.9ae018dd0cf3c1f3345eb44074fd5635,strict,200C,single,,,,mailings,ma‌ilings
01282.9ae018dd0cf3c1f3345eb44074fd5635,01282__salted__strict__cp200D__single.9ae018dd0cf3c1f3345eb44074fd5635,strict,200D,single,,,,mailings,ma‍ilings
01282.9ae018dd0cf3c1f3345eb44074fd5635,01282__salted__strict__cp00AD__single.9ae018dd0cf3c1f3345eb44074fd5635,strict,00AD,single,,,,mailings,ma­ilings
01284.218c046acbc79f6f52c767fcb3fabbbc,01284__salted__strict__cp200B__single.218c046acbc79f6f52c767fcb3fabbbc,strict,200B,single,,ADV,AD​V,,
01284.218c046acbc79f6f52c767fcb3fabbbc,01284__salted__strict__cp200C__single.218c046acbc79f6f52c767fcb3fabbbc,strict,200C,single,,ADV,AD‌V,,
01284.218c046acbc79f6f52c767fcb3fabbbc,01284__salted__strict__cp200D__single.218c046acbc79f6f52c767fcb3fabbbc,strict,200D,single,,ADV,AD‍V,,
01284.218c046acbc79f6f52c767fcb3fabbbc,01284__salted__strict__cp00AD__single.218c046acbc79f6f52c767fcb3fabbbc,strict,00AD,single,,ADV,AD­V,,
01286.80a17353e03cab185cb52237b60359e4,01286__salted__strict__cp200B__single.80a17353e03cab185cb52237b60359e4,strict,200B,single,,,,Confidentiality,Co​nfidentiality
01286.80a17353e03cab185cb52237b60359e4,01286__salted__strict__cp200C__single.80a17353e03cab185cb52237b60359e4,strict,200C,single,,,,Confidentiality,Co‌nfidentiality
01286.80a17353e03cab185cb52237b60359e4,01286__salted__strict__cp200D__single.80a17353e03cab185cb52237b60359e4,strict,200D,single,,,,Confidentiality,Co‍nfidentiality
01286.80a17353e03cab185cb52237b60359e4,01286__salted__strict__cp00AD__single.80a17353e03cab185cb52237b60359e4,strict,00AD,single,,,,Confidentiality,Co­nfidentiality
01287.45b0eefc02506c5c82e5ab4ffe2fc625,01287__salted__strict__cp200B__single.45b0eefc02506c5c82e5ab4ffe2fc625,strict,200B,single,,Herbal,He​rbal,,
01287.45b0eefc02506c5c82e5ab4ffe2fc625,01287__salted__strict__cp200C__single.45b0eefc02506c5c82e5ab4ffe2fc625,strict,200C,single,,Herbal,He‌rbal,,
01287.45b0eefc02506c5c82e5ab4ffe2fc625,01287__salted__strict__cp200D__single.45b0eefc02506c5c82e5ab4ffe2fc625,strict,200D,single,,Herbal,He‍rbal,,
01287.45b0eefc02506c5c82e5ab4ffe2fc625,01287__salted__strict__cp00AD__single.45b0eefc02506c5c82e5ab4ffe2fc625,strict,00AD,single,,Herbal,He­rbal,,
01290.cc97aad0960efa7c8b76464b39d54bc9,01290__salted__strict__cp200B__single.cc97aad0960efa7c8b76464b39d54bc9,strict,200B,single,,ADV,AD​V,,
01290.cc97aad0960efa7c8b76464b39d54bc9,01290__salted__strict__cp200C__single.cc97aad0960efa7c8b76464b39d54bc9,strict,200C,single,,ADV,AD‌V,,
01290.cc97aad0960efa7c8b76464b39d54bc9,01290__salted__strict__cp200D__single.cc97aad0960efa7c8b76464b39d54bc9,strict,200D,single,,ADV,AD‍V,,
01290.cc97aad0960efa7c8b76464b39d54bc9,01290__salted__strict__cp00AD__single.cc97aad0960efa7c8b76464b39d54bc9,strict,00AD,single,,ADV,AD­V,,
01292.3cfdacd938c6a4a7544581399e28e81c,01292__salted__strict__cp200B__single.3cfdacd938c6a4a7544581399e28e81c,strict,200B,single,,Adv,Ad​v,,
01292.3cfdacd938c6a4a7544581399e28e81c,01292__salted__strict__cp200C__single.3cfdacd938c6a4a7544581399e28e81c,strict,200C,single,,Adv,Ad‌v,,
01292.3cfdacd938c6a4a7544581399e28e81c,01292__salted__strict__cp200D__single.3cfdacd938c6a4a7544581399e28e81c,strict,200D,single,,Adv,Ad‍v,,
01292.3cfdacd938c6a4a7544581399e28e81c,01292__salted__strict__cp00AD__single.3cfdacd938c6a4a7544581399e28e81c,strict,00AD,single,,Adv,Ad­v,,
01296.34052422109f131a8b1fb59d1d42f899,01296__salted__strict__cp200B__single.34052422109f131a8b1fb59d1d42f899,strict,200B,single,,,,GUARANTEED,GU​ARANTEED
01296.34052422109f131a8b1fb59d1d42f899,01296__salted__strict__cp200C__single.34052422109f131a8b1fb59d1d42f899,strict,200C,single,,,,GUARANTEED,GU‌ARANTEED
01296.34052422109f131a8b1fb59d1d42f899,01296__salted__strict__cp200D__single.34052422109f131a8b1fb59d1d42f899,strict,200D,single,,,,GUARANTEED,GU‍ARANTEED
01296.34052422109f131a8b1fb59d1d42f899,01296__salted__strict__cp00AD__single.34052422109f131a8b1fb59d1d42f899,strict,00AD,single,,,,GUARANTEED,GU­ARANTEED
01297.6899dd73603e94dcefaba9970c3cfb69,01297__salted__strict__cp200B__single.6899dd73603e94dcefaba9970c3cfb69,strict,200B,single,,ADV,AD​V,,
01297.6899dd73603e94dcefaba9970c3cfb69,01297__salted__strict__cp200C__single.6899dd73603e94dcefaba9970c3cfb69,strict,200C,single,,ADV,AD‌V,,
01297.6899dd73603e94dcefaba9970c3cfb69,01297__salted__strict__cp200D__single.6899dd73603e94dcefaba9970c3cfb69,strict,200D,single,,ADV,AD‍V,,
01297.6899dd73603e94dcefaba9970c3cfb69,01297__salted__strict__cp00AD__single.6899dd73603e94dcefaba9970c3cfb69,strict,00AD,single,,ADV,AD­V,,
01298.3e410f64d440f9c883243bcc942b0f41,01298__salted__strict__cp200B__single.3e410f64d440f9c883243bcc942b0f41,strict,200B,single,,,,mailings,ma​ilings
01298.3e410f64d440f9c883243bcc942b0f41,01298__salted__strict__cp200C__single.3e410f64d440f9c883243bcc942b0f41,strict,200C,single,,,,mailings,ma‌ilings
01298.3e410f64d440f9c883243bcc942b0f41,01298__salted__strict__cp200D__single.3e410f64d440f9c883243bcc942b0f41,strict,200D,single,,,,mailings,ma‍ilings
01298.3e410f64d440f9c883243bcc942b0f41,01298__salted__strict__cp00AD__single.3e410f64d440f9c883243bcc942b0f41,strict,00AD,single,,,,mailings,ma­ilings
01300.74283a1a03062473904cd6f9965df1d5,01300__salted__strict__cp200B__single.74283a1a03062473904cd6f9965df1d5,strict,200B,single,,,,"Toll, Annuity, Annuity","To​ll, An​nuity, An​nuity"
01300.74283a1a03062473904cd6f9965df1d5,01300__salted__strict__cp200C__single.74283a1a03062473904cd6f9965df1d5,strict,200C,single,,,,"Toll, Annuity, Annuity","To‌ll, An‌nuity, An‌nuity"
01300.74283a1a03062473904cd6f9965df1d5,01300__salted__strict__cp200D__single.74283a1a03062473904cd6f9965df1d5,strict,200D,single,,,,"Toll, Annuity, Annuity","To‍ll, An‍nuity, An‍nuity"
01300.74283a1a03062473904cd6f9965df1d5,01300__salted__strict__cp00AD__single.74283a1a03062473904cd6f9965df1d5,strict,00AD,single,,,,"Toll, Annuity, Annuity","To­ll, An­nuity, An­nuity"
01303.59ad6322f5af1c3672849f504ad86fce,01303__salted__strict__cp200B__single.59ad6322f5af1c3672849f504ad86fce,strict,200B,single,,MLM,ML​M,"earn, MLM, MLM","ea​rn, ML​M, ML​M"
01303.59ad6322f5af1c3672849f504ad86fce,01303__salted__strict__cp200C__single.59ad6322f5af1c3672849f504ad86fce,strict,200C,single,,MLM,ML‌M,"earn, MLM, MLM","ea‌rn, ML‌M, ML‌M"
01303.59ad6322f5af1c3672849f504ad86fce,01303__salted__strict__cp200D__single.59ad6322f5af1c3672849f504ad86fce,strict,200D,single,,MLM,ML‍M,"earn, MLM, MLM","ea‍rn, ML‍M, ML‍M"
01303.59ad6322f5af1c3672849f504ad86fce,01303__salted__strict__cp00AD__single.59ad6322f5af1c3672849f504ad86fce,strict,00AD,single,,MLM,ML­M,"earn, MLM, MLM","ea­rn, ML­M, ML­M"
01305.2456653e0fbd780a77a3d25229109432,01305__salted__strict__cp200B__single.2456653e0fbd780a77a3d25229109432,strict,200B,single,,ADV,AD​V,,
01305.2456653e0fbd780a77a3d25229109432,01305__salted__strict__cp200C__single.2456653e0fbd780a77a3d25229109432,strict,200C,single,,ADV,AD‌V,,
01305.2456653e0fbd780a77a3d25229109432,01305__salted__strict__cp200D__single.2456653e0fbd780a77a3d25229109432,strict,200D,single,,ADV,AD‍V,,
01305.2456653e0fbd780a77a3d25229109432,01305__salted__strict__cp00AD__single.2456653e0fbd780a77a3d25229109432,strict,00AD,single,,ADV,AD­V,,
01308.c46f1215ccd8cedf162e0cf308b94dcd,01308__salted__strict__cp200B__single.c46f1215ccd8cedf162e0cf308b94dcd,strict,200B,single,,,,"ATTAINED, testimonials, GUARANTEED","AT​TAINED, te​stimonials, GU​ARANTEED"
01308.c46f1215ccd8cedf162e0cf308b94dcd,01308__salted__strict__cp200C__single.c46f1215ccd8cedf162e0cf308b94dcd,strict,200C,single,,,,"ATTAINED, testimonials, GUARANTEED","AT‌TAINED, te‌stimonials, GU‌ARANTEED"
01308.c46f1215ccd8cedf162e0cf308b94dcd,01308__salted__strict__cp200D__single.c46f1215ccd8cedf162e0cf308b94dcd,strict,200D,single,,,,"ATTAINED, testimonials, GUARANTEED","AT‍TAINED, te‍stimonials, GU‍ARANTEED"
01308.c46f1215ccd8cedf162e0cf308b94dcd,01308__salted__strict__cp00AD__single.c46f1215ccd8cedf162e0cf308b94dcd,strict,00AD,single,,,,"ATTAINED, testimonials, GUARANTEED","AT­TAINED, te­stimonials, GU­ARANTEED"
01311.43bfe86df65d53c5f7ca2365dc12582b,01311__salted__strict__cp200B__single.43bfe86df65d53c5f7ca2365dc12582b,strict,200B,single,,mortgage,mo​rtgage,,
01311.43bfe86df65d53c5f7ca2365dc12582b,01311__salted__strict__cp200C__single.43bfe86df65d53c5f7ca2365dc12582b,strict,200C,single,,mortgage,mo‌rtgage,,
01311.43bfe86df65d53c5f7ca2365dc12582b,01311__salted__strict__cp200D__single.43bfe86df65d53c5f7ca2365dc12582b,strict,200D,single,,mortgage,mo‍rtgage,,
01311.43bfe86df65d53c5f7ca2365dc12582b,01311__salted__strict__cp00AD__single.43bfe86df65d53c5f7ca2365dc12582b,strict,00AD,single,,mortgage,mo­rtgage,,
01315.88a113666f60469492624820111ee3be,01315__salted__strict__cp200B__single.88a113666f60469492624820111ee3be,strict,200B,single,,,,GUARANTEED,GU​ARANTEED
01315.88a113666f60469492624820111ee3be,01315__salted__strict__cp200C__single.88a113666f60469492624820111ee3be,strict,200C,single,,,,GUARANTEED,GU‌ARANTEED
01315.88a113666f60469492624820111ee3be,01315__salted__strict__cp200D__single.88a113666f60469492624820111ee3be,strict,200D,single,,,,GUARANTEED,GU‍ARANTEED
01315.88a113666f60469492624820111ee3be,01315__salted__strict__cp00AD__single.88a113666f60469492624820111ee3be,strict,00AD,single,,,,GUARANTEED,GU­ARANTEED
01318.5ceb2b7a8b5780b006500266f5a508ca,01318__salted__strict__cp200B__single.5ceb2b7a8b5780b006500266f5a508ca,strict,200B,single,,Mortgage,Mo​rtgage,,
01318.5ceb2b7a8b5780b006500266f5a508ca,01318__salted__strict__cp200C__single.5ceb2b7a8b5780b006500266f5a508ca,strict,200C,single,,Mortgage,Mo‌rtgage,,
01318.5ceb2b7a8b5780b006500266f5a508ca,01318__salted__strict__cp200D__single.5ceb2b7a8b5780b006500266f5a508ca,strict,200D,single,,Mortgage,Mo‍rtgage,,
01318.5ceb2b7a8b5780b006500266f5a508ca,01318__salted__strict__cp00AD__single.5ceb2b7a8b5780b006500266f5a508ca,strict,00AD,single,,Mortgage,Mo­rtgage,,
01319.ec67d39c89f4a5865b730879685f3092,01319__salted__strict__cp200B__single.ec67d39c89f4a5865b730879685f3092,strict,200B,single,,,,guaranteed,gu​aranteed
01319.ec67d39c89f4a5865b730879685f3092,01319__salted__strict__cp200C__single.ec67d39c89f4a5865b730879685f3092,strict,200C,single,,,,guaranteed,gu‌aranteed
01319.ec67d39c89f4a5865b730879685f3092,01319__salted__strict__cp200D__single.ec67d39c89f4a5865b730879685f3092,strict,200D,single,,,,guaranteed,gu‍aranteed
01319.ec67d39c89f4a5865b730879685f3092,01319__salted__strict__cp00AD__single.ec67d39c89f4a5865b730879685f3092,strict,00AD,single,,,,guaranteed,gu­aranteed
01320.9d28c111c72720b5cd64a025591dbce5,01320__salted__strict__cp200B__single.9d28c111c72720b5cd64a025591dbce5,strict,200B,single,,Attn,At​tn,,
01320.9d28c111c72720b5cd64a025591dbce5,01320__salted__strict__cp200C__single.9d28c111c72720b5cd64a025591dbce5,strict,200C,single,,Attn,At‌tn,,
01320.9d28c111c72720b5cd64a025591dbce5,01320__salted__strict__cp200D__single.9d28c111c72720b5cd64a025591dbce5,strict,200D,single,,Attn,At‍tn,,
01320.9d28c111c72720b5cd64a025591dbce5,01320__salted__strict__cp00AD__single.9d28c111c72720b5cd64a025591dbce5,strict,00AD,single,,Attn,At­tn,,
01322.ff3e699f59f732ca886de5873eef313e,01322__salted__strict__cp200B__single.ff3e699f59f732ca886de5873eef313e,strict,200B,single,,,,"Guaranteed, Guaranteed, Annuity","Gu​aranteed, Gu​aranteed, An​nuity"
01322.ff3e699f59f732ca886de5873eef313e,01322__salted__strict__cp200C__single.ff3e699f59f732ca886de5873eef313e,strict,200C,single,,,,"Guaranteed, Guaranteed, Annuity","Gu‌aranteed, Gu‌aranteed, An‌nuity"
01322.ff3e699f59f732ca886de5873eef313e,01322__salted__strict__cp200D__single.ff3e699f59f732ca886de5873eef313e,strict,200D,single,,,,"Guaranteed, Guaranteed, Annuity","Gu‍aranteed, Gu‍aranteed, An‍nuity"
01322.ff3e699f59f732ca886de5873eef313e,01322__salted__strict__cp00AD__single.ff3e699f59f732ca886de5873eef313e,strict,00AD,single,,,,"Guaranteed, Guaranteed, Annuity","Gu­aranteed, Gu­aranteed, An­nuity"
01324.6ae300702ee69538834dccea9b774fef,01324__salted__strict__cp200B__single.6ae300702ee69538834dccea9b774fef,strict,200B,single,,MLM,ML​M,"earn, MLM, MLM","ea​rn, ML​M, ML​M"
01324.6ae300702ee69538834dccea9b774fef,01324__salted__strict__cp200C__single.6ae300702ee69538834dccea9b774fef,strict,200C,single,,MLM,ML‌M,"earn, MLM, MLM","ea‌rn, ML‌M, ML‌M"
01324.6ae300702ee69538834dccea9b774fef,01324__salted__strict__cp200D__single.6ae300702ee69538834dccea9b774fef,strict,200D,single,,MLM,ML‍M,"earn, MLM, MLM","ea‍rn, ML‍M, ML‍M"
01324.6ae300702ee69538834dccea9b774fef,01324__salted__strict__cp00AD__single.6ae300702ee69538834dccea9b774fef,strict,00AD,single,,MLM,ML­M,"earn, MLM, MLM","ea­rn, ML­M, ML­M"
01326.32e7912cae22a40e7b27f7d020de08fe,01326__salted__strict__cp200B__single.32e7912cae22a40e7b27f7d020de08fe,strict,200B,single,,,,NBC,NB​C
01326.32e7912cae22a40e7b27f7d020de08fe,01326__salted__strict__cp200C__single.32e7912cae22a40e7b27f7d020de08fe,strict,200C,single,,,,NBC,NB‌C
01326.32e7912cae22a40e7b27f7d020de08fe,01326__salted__strict__cp200D__single.32e7912cae22a40e7b27f7d020de08fe,strict,200D,single,,,,NBC,NB‍C
01326.32e7912cae22a40e7b27f7d020de08fe,01326__salted__strict__cp00AD__single.32e7912cae22a40e7b27f7d020de08fe,strict,00AD,single,,,,NBC,NB­C
01328.b23902de23cb3ca1f3334517282372b2,01328__salted__strict__cp200B__single.b23902de23cb3ca1f3334517282372b2,strict,200B,single,,,,mailings,ma​ilings
01328.b23902de23cb3ca1f3334517282372b2,01328__salted__strict__cp200C__single.b23902de23cb3ca1f3334517282372b2,strict,200C,single,,,,mailings,ma‌ilings
01328.b23902de23cb3ca1f3334517282372b2,01328__salted__strict__cp200D__single.b23902de23cb3ca1f3334517282372b2,strict,200D,single,,,,mailings,ma‍ilings
01328.b23902de23cb3ca1f3334517282372b2,01328__salted__strict__cp00AD__single.b23902de23cb3ca1f3334517282372b2,strict,00AD,single,,,,mailings,ma­ilings
01329.75ca6f174da63761de16480f22089dae,01329__salted__strict__cp200B__single.75ca6f174da63761de16480f22089dae,strict,200B,single,,inkjet,in​kjet,,
01329.75ca6f174da63761de16480f22089dae,01329__salted__strict__cp200C__single.75ca6f174da63761de16480f22089dae,strict,200C,single,,inkjet,in‌kjet,,
01329.75ca6f174da63761de16480f22089dae,01329__salted__strict__cp200D__single.75ca6f174da63761de16480f22089dae,strict,200D,single,,inkjet,in‍kjet,,
01329.75ca6f174da63761de16480f22089dae,01329__salted__strict__cp00AD__single.75ca6f174da63761de16480f22089dae,strict,00AD,single,,inkjet,in­kjet,,
01330.dafb0dd3006f86f73f42b4e24266277c,01330__salted__strict__cp200B__single.dafb0dd3006f86f73f42b4e24266277c,strict,200B,single,,,,GUARANTEED,GU​ARANTEED
01330.dafb0dd3006f86f73f42b4e24266277c,01330__salted__strict__cp200C__single.dafb0dd3006f86f73f42b4e24266277c,strict,200C,single,,,,GUARANTEED,GU‌ARANTEED
01330.dafb0dd3006f86f73f42b4e24266277c,01330__salted__strict__cp200D__single.dafb0dd3006f86f73f42b4e24266277c,strict,200D,single,,,,GUARANTEED,GU‍ARANTEED
01330.dafb0dd3006f86f73f42b4e24266277c,01330__salted__strict__cp00AD__single.dafb0dd3006f86f73f42b4e24266277c,strict,00AD,single,,,,GUARANTEED,GU­ARANTEED
01335.ca70ab7f2d1accef8b3cf646e3004ef8,01335__salted__strict__cp200B__single.ca70ab7f2d1accef8b3cf646e3004ef8,strict,200B,single,,mortgage,mo​rtgage,,
01335.ca70ab7f2d1accef8b3cf646e3004ef8,01335__salted__strict__cp200C__single.ca70ab7f2d1accef8b3cf646e3004ef8,strict,200C,single,,mortgage,mo‌rtgage,,
01335.ca70ab7f2d1accef8b3cf646e3004ef8,01335__salted__strict__cp200D__single.ca70ab7f2d1accef8b3cf646e3004ef8,strict,200D,single,,mortgage,mo‍rtgage,,
01335.ca70ab7f2d1accef8b3cf646e3004ef8,01335__salted__strict__cp00AD__single.ca70ab7f2d1accef8b3cf646e3004ef8,strict,00AD,single,,mortgage,mo­rtgage,,
01339.d94a16532a6f42497266dcc327a40163,01339__salted__strict__cp200B__single.d94a16532a6f42497266dcc327a40163,strict,200B,single,,mortgage,mo​rtgage,,
01339.d94a16532a6f42497266dcc327a40163,01339__salted__strict__cp200C__single.d94a16532a6f42497266dcc327a40163,strict,200C,single,,mortgage,mo‌rtgage,,
01339.d94a16532a6f42497266dcc327a40163,01339__salted__strict__cp200D__single.d94a16532a6f42497266dcc327a40163,strict,200D,single,,mortgage,mo‍rtgage,,
01339.d94a16532a6f42497266dcc327a40163,01339__salted__strict__cp00AD__single.d94a16532a6f42497266dcc327a40163,strict,00AD,single,,mortgage,mo­rtgage,,
01340.0b77f53fb084eb948e07dc7ed2ab5c34,01340__salted__strict__cp200B__single.0b77f53fb084eb948e07dc7ed2ab5c34,strict,200B,single,,,,Confidentiality,Co​nfidentiality
01340.0b77f53fb084eb948e07dc7ed2ab5c34,01340__salted__strict__cp200C__single.0b77f53fb084eb948e07dc7ed2ab5c34,strict,200C,single,,,,Confidentiality,Co‌nfidentiality
01340.0b77f53fb084eb948e07dc7ed2ab5c34,01340__salted__strict__cp200D__single.0b77f53fb084eb948e07dc7ed2ab5c34,strict,200D,single,,,,Confidentiality,Co‍nfidentiality
01340.0b77f53fb084eb948e07dc7ed2ab5c34,01340__salted__strict__cp00AD__single.0b77f53fb084eb948e07dc7ed2ab5c34,strict,00AD,single,,,,Confidentiality,Co­nfidentiality
01341.62703c6047c508d1d84bde0b7653b556,01341__salted__strict__cp200B__single.62703c6047c508d1d84bde0b7653b556,strict,200B,single,,ADV,AD​V,,
01341.62703c6047c508d1d84bde0b7653b556,01341__salted__strict__cp200C__single.62703c6047c508d1d84bde0b7653b556,strict,200C,single,,ADV,AD‌V,,
01341.62703c6047c508d1d84bde0b7653b556,01341__salted__strict__cp200D__single.62703c6047c508d1d84bde0b7653b556,strict,200D,single,,ADV,AD‍V,,
01341.62703c6047c508d1d84bde0b7653b556,01341__salted__strict__cp00AD__single.62703c6047c508d1d84bde0b7653b556,strict,00AD,single,,ADV,AD­V,,
01342.7f89acf56fb4398340a0b07481e3193f,01342__salted__strict__cp200B__single.7f89acf56fb4398340a0b07481e3193f,strict,200B,single,,,,"Postal, MasterCard, Billing","Po​stal, Ma​sterCard, Bi​lling"
01342.7f89acf56fb4398340a0b07481e3193f,01342__salted__strict__cp200C__single.7f89acf56fb4398340a0b07481e3193f,strict,200C,single,,,,"Postal, MasterCard, Billing","Po‌stal, Ma‌sterCard, Bi‌lling"
01342.7f89acf56fb4398340a0b07481e3193f,01342__salted__strict__cp200D__single.7f89acf56fb4398340a0b07481e3193f,strict,200D,single,,,,"Postal, MasterCard, Billing","Po‍stal, Ma‍sterCard, Bi‍lling"
01342.7f89acf56fb4398340a0b07481e3193f,01342__salted__strict__cp00AD__single.7f89acf56fb4398340a0b07481e3193f,strict,00AD,single,,,,"Postal, MasterCard, Billing","Po­stal, Ma­sterCard, Bi­lling"
01344.43dbbbac0d006790dd696123d455f5b9,01344__salted__strict__cp200B__single.43dbbbac0d006790dd696123d455f5b9,strict,200B,single,,Mortgage,Mo​rtgage,,
01344.43dbbbac0d006790dd696123d455f5b9,01344__salted__strict__cp200C__single.43dbbbac0d006790dd696123d455f5b9,strict,200C,single,,Mortgage,Mo‌rtgage,,
01344.43dbbbac0d006790dd696123d455f5b9,01344__salted__strict__cp200D__single.43dbbbac0d006790dd696123d455f5b9,strict,200D,single,,Mortgage,Mo‍rtgage,,
01344.43dbbbac0d006790dd696123d455f5b9,01344__salted__strict__cp00AD__single.43dbbbac0d006790dd696123d455f5b9,strict,00AD,single,,Mortgage,Mo­rtgage,,
01345.436954c32bbf82773e33853ac26ef881,01345__salted__strict__cp200B__single.436954c32bbf82773e33853ac26ef881,strict,200B,single,,,,"guaranteed, mailings","gu​aranteed, ma​ilings"
01345.436954c32bbf82773e33853ac26ef881,01345__salted__strict__cp200C__single.436954c32bbf82773e33853ac26ef881,strict,200C,single,,,,"guaranteed, mailings","gu‌aranteed, ma‌ilings"
01345.436954c32bbf82773e33853ac26ef881,01345__salted__strict__cp200D__single.436954c32bbf82773e33853ac26ef881,strict,200D,single,,,,"guaranteed, mailings","gu‍aranteed, ma‍ilings"
01345.436954c32bbf82773e33853ac26ef881,01345__salted__strict__cp00AD__single.436954c32bbf82773e33853ac26ef881,strict,00AD,single,,,,"guaranteed, mailings","gu­aranteed, ma­ilings"
01347.e2cd456cd2d58601fec5a5b6323463e1,01347__salted__strict__cp200B__single.e2cd456cd2d58601fec5a5b6323463e1,strict,200B,single,,Herbal,He​rbal,,
01347.e2cd456cd2d58601fec5a5b6323463e1,01347__salted__strict__cp200C__single.e2cd456cd2d58601fec5a5b6323463e1,strict,200C,single,,Herbal,He‌rbal,,
01347.e2cd456cd2d58601fec5a5b6323463e1,01347__salted__strict__cp200D__single.e2cd456cd2d58601fec5a5b6323463e1,strict,200D,single,,Herbal,He‍rbal,,
01347.e2cd456cd2d58601fec5a5b6323463e1,01347__salted__strict__cp00AD__single.e2cd456cd2d58601fec5a5b6323463e1,strict,00AD,single,,Herbal,He­rbal,,
01348.0ed90bb4a1ba1ea2309ffdbbce093753,01348__salted__strict__cp200B__single.0ed90bb4a1ba1ea2309ffdbbce093753,strict,200B,single,,inkjet,in​kjet,,
01348.0ed90bb4a1ba1ea2309ffdbbce093753,01348__salted__strict__cp200C__single.0ed90bb4a1ba1ea2309ffdbbce093753,strict,200C,single,,inkjet,in‌kjet,,
01348.0ed90bb4a1ba1ea2309ffdbbce093753,01348__salted__strict__cp200D__single.0ed90bb4a1ba1ea2309ffdbbce093753,strict,200D,single,,inkjet,in‍kjet,,
01348.0ed90bb4a1ba1ea2309ffdbbce093753,01348__salted__strict__cp00AD__single.0ed90bb4a1ba1ea2309ffdbbce093753,strict,00AD,single,,inkjet,in­kjet,,
01349.71c7c224e68df0a19c1834065368c89f,01349__salted__strict__cp200B__single.71c7c224e68df0a19c1834065368c89f,strict,200B,single,,Mortgage,Mo​rtgage,"lenders, Refinance, Mortgage","le​nders, Re​finance, Mo​rtgage"
01349.71c7c224e68df0a19c1834065368c89f,01349__salted__strict__cp200C__single.71c7c224e68df0a19c1834065368c89f,strict,200C,single,,Mortgage,Mo‌rtgage,"lenders, Refinance, Mortgage","le‌nders, Re‌finance, Mo‌rtgage"
01349.71c7c224e68df0a19c1834065368c89f,01349__salted__strict__cp200D__single.71c7c224e68df0a19c1834065368c89f,strict,200D,single,,Mortgage,Mo‍rtgage,"lenders, Refinance, Mortgage","le‍nders, Re‍finance, Mo‍rtgage"
01349.71c7c224e68df0a19c1834065368c89f,01349__salted__strict__cp00AD__single.71c7c224e68df0a19c1834065368c89f,strict,00AD,single,,Mortgage,Mo­rtgage,"lenders, Refinance, Mortgage","le­nders, Re­finance, Mo­rtgage"
01352.875dff8a1fd32766be05e136950add70,01352__salted__strict__cp200B__single.875dff8a1fd32766be05e136950add70,strict,200B,single,,ADV,AD​V,,
01352.875dff8a1fd32766be05e136950add70,01352__salted__strict__cp200C__single.875dff8a1fd32766be05e136950add70,strict,200C,single,,ADV,AD‌V,,
01352.875dff8a1fd32766be05e136950add70,01352__salted__strict__cp200D__single.875dff8a1fd32766be05e136950add70,strict,200D,single,,ADV,AD‍V,,
01352.875dff8a1fd32766be05e136950add70,01352__salted__strict__cp00AD__single.875dff8a1fd32766be05e136950add70,strict,00AD,single,,ADV,AD­V,,
01355.a47c042a6e16456c5b49c18d5b3868cb,01355__salted__strict__cp200B__single.a47c042a6e16456c5b49c18d5b3868cb,strict,200B,single,,,,mailings,ma​ilings
01355.a47c042a6e16456c5b49c18d5b3868cb,01355__salted__strict__cp200C__single.a47c042a6e16456c5b49c18d5b3868cb,strict,200C,single,,,,mailings,ma‌ilings
01355.a47c042a6e16456c5b49c18d5b3868cb,01355__salted__strict__cp200D__single.a47c042a6e16456c5b49c18d5b3868cb,strict,200D,single,,,,mailings,ma‍ilings
01355.a47c042a6e16456c5b49c18d5b3868cb,01355__salted__strict__cp00AD__single.a47c042a6e16456c5b49c18d5b3868cb,strict,00AD,single,,,,mailings,ma­ilings
01358.eb6c715f631ee3d22b135adb4dc4e67d,01358__salted__strict__cp200B__single.eb6c715f631ee3d22b135adb4dc4e67d,strict,200B,single,,Systemworks,Sy​stemworks,,
01358.eb6c715f631ee3d22b135adb4dc4e67d,01358__salted__strict__cp200C__single.eb6c715f631ee3d22b135adb4dc4e67d,strict,200C,single,,Systemworks,Sy‌stemworks,,
01358.eb6c715f631ee3d22b135adb4dc4e67d,01358__salted__strict__cp200D__single.eb6c715f631ee3d22b135adb4dc4e67d,strict,200D,single,,Systemworks,Sy‍stemworks,,
01358.eb6c715f631ee3d22b135adb4dc4e67d,01358__salted__strict__cp00AD__single.eb6c715f631ee3d22b135adb4dc4e67d,strict,00AD,single,,Systemworks,Sy­stemworks,,
01365.d90d27bbb210dbdc63ed704b00161315,01365__salted__strict__cp200B__single.d90d27bbb210dbdc63ed704b00161315,strict,200B,single,,,,GUARANTEED,GU​ARANTEED
01365.d90d27bbb210dbdc63ed704b00161315,01365__salted__strict__cp200C__single.d90d27bbb210dbdc63ed704b00161315,strict,200C,single,,,,GUARANTEED,GU‌ARANTEED
01365.d90d27bbb210dbdc63ed704b00161315,01365__salted__strict__cp200D__single.d90d27bbb210dbdc63ed704b00161315,strict,200D,single,,,,GUARANTEED,GU‍ARANTEED
01365.d90d27bbb210dbdc63ed704b00161315,01365__salted__strict__cp00AD__single.d90d27bbb210dbdc63ed704b00161315,strict,00AD,single,,,,GUARANTEED,GU­ARANTEED
01369.8ea24235c6c50337d9dcd234e61a5132,01369__salted__strict__cp200B__single.8ea24235c6c50337d9dcd234e61a5132,strict,200B,single,,,,GUARANTEED,GU​ARANTEED
01369.8ea24235c6c50337d9dcd234e61a5132,01369__salted__strict__cp200C__single.8ea24235c6c50337d9dcd234e61a5132,strict,200C,single,,,,GUARANTEED,GU‌ARANTEED
01369.8ea24235c6c50337d9dcd234e61a5132,01369__salted__strict__cp200D__single.8ea24235c6c50337d9dcd234e61a5132,strict,200D,single,,,,GUARANTEED,GU‍ARANTEED
01369.8ea24235c6c50337d9dcd234e61a5132,01369__salted__strict__cp00AD__single.8ea24235c6c50337d9dcd234e61a5132,strict,00AD,single,,,,GUARANTEED,GU­ARANTEED
01370.38a1c6fbbad5804a9978112005535de1,01370__salted__strict__cp200B__single.38a1c6fbbad5804a9978112005535de1,strict,200B,single,,mortgage,mo​rtgage,"mortgage, loans","mo​rtgage, lo​ans"
01370.38a1c6fbbad5804a9978112005535de1,01370__salted__strict__cp200C__single.38a1c6fbbad5804a9978112005535de1,strict,200C,single,,mortgage,mo‌rtgage,"mortgage, loans","mo‌rtgage, lo‌ans"
01370.38a1c6fbbad5804a9978112005535de1,01370__salted__strict__cp200D__single.38a1c6fbbad5804a9978112005535de1,strict,200D,single,,mortgage,mo‍rtgage,"mortgage, loans","mo‍rtgage, lo‍ans"
01370.38a1c6fbbad5804a9978112005535de1,01370__salted__strict__cp00AD__single.38a1c6fbbad5804a9978112005535de1,strict,00AD,single,,mortgage,mo­rtgage,"mortgage, loans","mo­rtgage, lo­ans"
01372.5d236077d94148a0ca71751f8f0a2e58,01372__salted__strict__cp200B__single.5d236077d94148a0ca71751f8f0a2e58,strict,200B,single,,Herbal,He​rbal,,
01372.5d236077d94148a0ca71751f8f0a2e58,01372__salted__strict__cp200C__single.5d236077d94148a0ca71751f8f0a2e58,strict,200C,single,,Herbal,He‌rbal,,
01372.5d236077d94148a0ca71751f8f0a2e58,01372__salted__strict__cp200D__single.5d236077d94148a0ca71751f8f0a2e58,strict,200D,single,,Herbal,He‍rbal,,
01372.5d236077d94148a0ca71751f8f0a2e58,01372__salted__strict__cp00AD__single.5d236077d94148a0ca71751f8f0a2e58,strict,00AD,single,,Herbal,He­rbal,,
01376.73e738e4cd8121ce3dfb42d190b193c9,01376__salted__strict__cp200B__single.73e738e4cd8121ce3dfb42d190b193c9,strict,200B,single,,,,"earn, Confidentiality","ea​rn, Co​nfidentiality"
01376.73e738e4cd8121ce3dfb42d190b193c9,01376__salted__strict__cp200C__single.73e738e4cd8121ce3dfb42d190b193c9,strict,200C,single,,,,"earn, Confidentiality","ea‌rn, Co‌nfidentiality"
01376.73e738e4cd8121ce3dfb42d190b193c9,01376__salted__strict__cp200D__single.73e738e4cd8121ce3dfb42d190b193c9,strict,200D,single,,,,"earn, Confidentiality","ea‍rn, Co‍nfidentiality"
01376.73e738e4cd8121ce3dfb42d190b193c9,01376__salted__strict__cp00AD__single.73e738e4cd8121ce3dfb42d190b193c9,strict,00AD,single,,,,"earn, Confidentiality","ea­rn, Co­nfidentiality"
01378.73df5252cb71f89c885ad49b6ae5fa82,01378__salted__strict__cp200B__single.73df5252cb71f89c885ad49b6ae5fa82,strict,200B,single,,,,"toll, Assistance","to​ll, As​sistance"
01378.73df5252cb71f89c885ad49b6ae5fa82,01378__salted__strict__cp200C__single.73df5252cb71f89c885ad49b6ae5fa82,strict,200C,single,,,,"toll, Assistance","to‌ll, As‌sistance"
01378.73df5252cb71f89c885ad49b6ae5fa82,01378__salted__strict__cp200D__single.73df5252cb71f89c885ad49b6ae5fa82,strict,200D,single,,,,"toll, Assistance","to‍ll, As‍sistance"
01378.73df5252cb71f89c885ad49b6ae5fa82,01378__salted__strict__cp00AD__single.73df5252cb71f89c885ad49b6ae5fa82,strict,00AD,single,,,,"toll, Assistance","to­ll, As­sistance"
01379.0d39498608cd170bbbc8cd33ffd18e35,01379__salted__strict__cp200B__single.0d39498608cd170bbbc8cd33ffd18e35,strict,200B,single,,,,"guaranteed, MasterCard","gu​aranteed, Ma​sterCard"
01379.0d39498608cd170bbbc8cd33ffd18e35,01379__salted__strict__cp200C__single.0d39498608cd170bbbc8cd33ffd18e35,strict,200C,single,,,,"guaranteed, MasterCard","gu‌aranteed, Ma‌sterCard"
01379.0d39498608cd170bbbc8cd33ffd18e35,01379__salted__strict__cp200D__single.0d39498608cd170bbbc8cd33ffd18e35,strict,200D,single,,,,"guaranteed, MasterCard","gu‍aranteed, Ma‍sterCard"
01379.0d39498608cd170bbbc8cd33ffd18e35,01379__salted__strict__cp00AD__single.0d39498608cd170bbbc8cd33ffd18e35,strict,00AD,single,,,,"guaranteed, MasterCard","gu­aranteed, Ma­sterCard"
01380.fa9b4e89ba485def2921e01ae9fb7671,01380__salted__strict__cp200B__single.fa9b4e89ba485def2921e01ae9fb7671,strict,200B,single,,,,assistance,as​sistance
01380.fa9b4e89ba485def2921e01ae9fb7671,01380__salted__strict__cp200C__single.fa9b4e89ba485def2921e01ae9fb7671,strict,200C,single,,,,assistance,as‌sistance
01380.fa9b4e89ba485def2921e01ae9fb7671,01380__salted__strict__cp200D__single.fa9b4e89ba485def2921e01ae9fb7671,strict,200D,single,,,,assistance,as‍sistance
01380.fa9b4e89ba485def2921e01ae9fb7671,01380__salted__strict__cp00AD__single.fa9b4e89ba485def2921e01ae9fb7671,strict,00AD,single,,,,assistance,as­sistance
01382.37400f7a1f36cd45165c2a72a9ec8baa,01382__salted__strict__cp200B__single.37400f7a1f36cd45165c2a72a9ec8baa,strict,200B,single,,,,"earn, Confidentiality","ea​rn, Co​nfidentiality"
01382.37400f7a1f36cd45165c2a72a9ec8baa,01382__salted__strict__cp200C__single.37400f7a1f36cd45165c2a72a9ec8baa,strict,200C,single,,,,"earn, Confidentiality","ea‌rn, Co‌nfidentiality"
01382.37400f7a1f36cd45165c2a72a9ec8baa,01382__salted__strict__cp200D__single.37400f7a1f36cd45165c2a72a9ec8baa,strict,200D,single,,,,"earn, Confidentiality","ea‍rn, Co‍nfidentiality"
01382.37400f7a1f36cd45165c2a72a9ec8baa,01382__salted__strict__cp00AD__single.37400f7a1f36cd45165c2a72a9ec8baa,strict,00AD,single,,,,"earn, Confidentiality","ea­rn, Co­nfidentiality"
01389.35f4d2a5f47c4b434434b3ca8dc5a924,01389__salted__strict__cp200B__single.35f4d2a5f47c4b434434b3ca8dc5a924,strict,200B,single,,,,mlm,ml​m
01389.35f4d2a5f47c4b434434b3ca8dc5a924,01389__salted__strict__cp200C__single.35f4d2a5f47c4b434434b3ca8dc5a924,strict,200C,single,,,,mlm,ml‌m
01389.35f4d2a5f47c4b434434b3ca8dc5a924,01389__salted__strict__cp200D__single.35f4d2a5f47c4b434434b3ca8dc5a924,strict,200D,single,,,,mlm,ml‍m
01389.35f4d2a5f47c4b434434b3ca8dc5a924,01389__salted__strict__cp00AD__single.35f4d2a5f47c4b434434b3ca8dc5a924,strict,00AD,single,,,,mlm,ml­m
01395.cb33d1d72f42e4ab9268729917bf428b,01395__salted__strict__cp200B__single.cb33d1d72f42e4ab9268729917bf428b,strict,200B,single,,ADV,AD​V,,
01395.cb33d1d72f42e4ab9268729917bf428b,01395__salted__strict__cp200C__single.cb33d1d72f42e4ab9268729917bf428b,strict,200C,single,,ADV,AD‌V,,
01395.cb33d1d72f42e4ab9268729917bf428b,01395__salted__strict__cp200D__single.cb33d1d72f42e4ab9268729917bf428b,strict,200D,single,,ADV,AD‍V,,
01395.cb33d1d72f42e4ab9268729917bf428b,01395__salted__strict__cp00AD__single.cb33d1d72f42e4ab9268729917bf428b,strict,00AD,single,,ADV,AD­V,,
01397.f75f0dd0dd923faefa3e9cc5ecb8c906,01397__salted__strict__cp200B__single.f75f0dd0dd923faefa3e9cc5ecb8c906,strict,200B,single,,,,mailings,ma​ilings
01397.f75f0dd0dd923faefa3e9cc5ecb8c906,01397__salted__strict__cp200C__single.f75f0dd0dd923faefa3e9cc5ecb8c906,strict,200C,single,,,,mailings,ma‌ilings
01397.f75f0dd0dd923faefa3e9cc5ecb8c906,01397__salted__strict__cp200D__single.f75f0dd0dd923faefa3e9cc5ecb8c906,strict,200D,single,,,,mailings,ma‍ilings
01397.f75f0dd0dd923faefa3e9cc5ecb8c906,01397__salted__strict__cp00AD__single.f75f0dd0dd923faefa3e9cc5ecb8c906,strict,00AD,single,,,,mailings,ma­ilings
01398.8ca7045aae4184d56e8509dc5ad6d979,01398__salted__strict__cp200B__single.8ca7045aae4184d56e8509dc5ad6d979,strict,200B,single,,,,DeathToSpamDeathToSpamDeathToSpam,De​athToSpamDeathToSpamDeathToSpam
01398.8ca7045aae4184d56e8509dc5ad6d979,01398__salted__strict__cp200C__single.8ca7045aae4184d56e8509dc5ad6d979,strict,200C,single,,,,DeathToSpamDeathToSpamDeathToSpam,De‌athToSpamDeathToSpamDeathToSpam
01398.8ca7045aae4184d56e8509dc5ad6d979,01398__salted__strict__cp200D__single.8ca7045aae4184d56e8509dc5ad6d979,strict,200D,single,,,,DeathToSpamDeathToSpamDeathToSpam,De‍athToSpamDeathToSpamDeathToSpam
01398.8ca7045aae4184d56e8509dc5ad6d979,01398__salted__strict__cp00AD__single.8ca7045aae4184d56e8509dc5ad6d979,strict,00AD,single,,,,DeathToSpamDeathToSpamDeathToSpam,De­athToSpamDeathToSpamDeathToSpam
01399.2319643317e2c5193d574e40a71809c2,01399__salted__strict__cp200B__single.2319643317e2c5193d574e40a71809c2,strict,200B,single,,,,"attained, herbal, attained","at​tained, he​rbal, at​tained"
01399.2319643317e2c5193d574e40a71809c2,01399__salted__strict__cp200C__single.2319643317e2c5193d574e40a71809c2,strict,200C,single,,,,"attained, herbal, attained","at‌tained, he‌rbal, at‌tained"
01399.2319643317e2c5193d574e40a71809c2,01399__salted__strict__cp200D__single.2319643317e2c5193d574e40a71809c2,strict,200D,single,,,,"attained, herbal, attained","at‍tained, he‍rbal, at‍tained"
01399.2319643317e2c5193d574e40a71809c2,01399__salted__strict__cp00AD__single.2319643317e2c5193d574e40a71809c2,strict,00AD,single,,,,"attained, herbal, attained","at­tained, he­rbal, at­tained"
01400.b444b69845db2fa0a4693ca04e6ac5c5,01400__salted__strict__cp200B__single.b444b69845db2fa0a4693ca04e6ac5c5,strict,200B,single,,,,"ATTN, assistance, confidentiality","AT​TN, as​sistance, co​nfidentiality"
01400.b444b69845db2fa0a4693ca04e6ac5c5,01400__salted__strict__cp200C__single.b444b69845db2fa0a4693ca04e6ac5c5,strict,200C,single,,,,"ATTN, assistance, confidentiality","AT‌TN, as‌sistance, co‌nfidentiality"
01400.b444b69845db2fa0a4693ca04e6ac5c5,01400__salted__strict__cp200D__single.b444b69845db2fa0a4693ca04e6ac5c5,strict,200D,single,,,,"ATTN, assistance, confidentiality","AT‍TN, as‍sistance, co‍nfidentiality"
01400.b444b69845db2fa0a4693ca04e6ac5c5,01400__salted__strict__cp00AD__single.b444b69845db2fa0a4693ca04e6ac5c5,strict,00AD,single,,,,"ATTN, assistance, confidentiality","AT­TN, as­sistance, co­nfidentiality"
