message_id,variant_filename,vocab_type,codepoint,salt_mode,fragment_max_positions,subject_original_tokens,subject_salted_tokens,body_original_tokens,body_salted_tokens
00002.d94f1b97e48ed3b553b3508d116e6a09,00002__salted__broad__cp200B__fragment.d94f1b97e48ed3b553b3508d116e6a09,broad,200B,fragment,,Guaranteed,G​u​a​r​a​n​t​e​e​d,"Risk, Guaranteed, lose","R​i​s​k, G​u​a​r​a​n​t​e​e​d, l​o​s​e"
00002.d94f1b97e48ed3b553b3508d116e6a09,00002__salted__broad__cp200C__fragment.d94f1b97e48ed3b553b3508d116e6a09,broad,200C,fragment,,Guaranteed,G‌u‌a‌r‌a‌n‌t‌e‌e‌d,"Risk, Guaranteed, lose","R‌i‌s‌k, G‌u‌a‌r‌a‌n‌t‌e‌e‌d, l‌o‌s‌e"
00002.d94f1b97e48ed3b553b3508d116e6a09,00002__salted__broad__cp200D__fragment.d94f1b97e48ed3b553b3508d116e6a09,broad,200D,fragment,,Guaranteed,G‍u‍a‍r‍a‍n‍t‍e‍e‍d,"Risk, Guaranteed, lose","R‍i‍s‍k, G‍u‍a‍r‍a‍n‍t‍e‍e‍d, l‍o‍s‍e"
00002.d94f1b97e48ed3b553b3508d116e6a09,00002__salted__broad__cp00AD__fragment.d94f1b97e48ed3b553b3508d116e6a09,broad,00AD,fragment,,Guaranteed,G­u­a­r­a­n­t­e­e­d,"Risk, Guaranteed, lose","R­i­s­k, G­u­a­r­a­n­t­e­e­d, l­o­s­e"
00003.2ee33bc6eacdb11f38d052c44819ba6c,00003__salted__broad__cp200B__fragment.2ee33bc6eacdb11f38d052c44819ba6c,broad,200B,fragment,,Guaranteed,G​u​a​r​a​n​t​e​e​d,"Risk, Guaranteed, lose","R​i​s​k, G​u​a​r​a​n​t​e​e​d, l​o​s​e"
00003.2ee33bc6eacdb11f38d052c44819ba6c,00003__salted__broad__cp200C__fragment.2ee33bc6eacdb11f38d052c44819ba6c,broad,200C,fragment,,Guaranteed,G‌u‌a‌r‌a‌n‌t‌e‌e‌d,"Risk, Guaranteed, lose","R‌i‌s‌k, G‌u‌a‌r‌a‌n‌t‌e‌e‌d, l‌o‌s‌e"
00003.2ee33bc6eacdb11f38d052c44819ba6c,00003__salted__broad__cp200D__fragment.2ee33bc6eacdb11f38d052c44819ba6c,broad,200D,fragment,,Guaranteed,G‍u‍a‍r‍a‍n‍t‍e‍e‍d,"Risk, Guaranteed, lose","R‍i‍s‍k, G‍u‍a‍r‍a‍n‍t‍e‍e‍d, l‍o‍s‍e"
00003.2ee33bc6eacdb11f38d052c44819ba6c,00003__salted__broad__cp00AD__fragment.2ee33bc6eacdb11f38d052c44819ba6c,broad,00AD,fragment,,Guaranteed,G­u­a­r­a­n­t­e­e­d,"Risk, Guaranteed, lose","R­i­s­k, G­u­a­r­a­n­t­e­e­d, l­o­s­e"
00004.eac8de8d759b7e74154f142194282724,00004__salted__broad__cp200B__fragment.eac8de8d759b7e74154f142194282724,broad,200B,fragment,,Membership,M​e​m​b​e​r​s​h​i​p,"Adult, Offers, Membership","A​d​u​l​t, O​f​f​e​r​s, M​e​m​b​e​r​s​h​i​p"
00004.eac8de8d759b7e74154f142194282724,00004__salted__broad__cp200C__fragment.eac8de8d759b7e74154f142194282724,broad,200C,fragment,,Membership,M‌e‌m‌b‌e‌r‌s‌h‌i‌p,"Adult, Offers, Membership","A‌d‌u‌l‌t, O‌f‌f‌e‌r‌s, M‌e‌m‌b‌e‌r‌s‌h‌i‌p"
00004.eac8de8d759b7e74154f142194282724,00004__salted__broad__cp200D__fragment.eac8de8d759b7e74154f142194282724,broad,200D,fragment,,Membership,M‍e‍m‍b‍e‍r‍s‍h‍i‍p,"Adult, Offers, Membership","A‍d‍u‍l‍t, O‍f‍f‍e‍r‍s, M‍e‍m‍b‍e‍r‍s‍h‍i‍p"
00004.eac8de8d759b7e74154f142194282724,00004__salted__broad__cp00AD__fragment.eac8de8d759b7e74154f142194282724,broad,00AD,fragment,,Membership,M­e­m­b­e­r­s­h­i­p,"Adult, Offers, Membership","A­d­u­l­t, O­f­f­e­r­s, M­e­m­b­e­r­s­h­i­p"
00009.1e1a8cb4b57532ab38aa23287523659d,00009__salted__broad__cp200B__fragment.1e1a8cb4b57532ab38aa23287523659d,broad,200B,fragment,,URGENT,U​R​G​E​N​T,"DEAR, SIR, URGENT","D​E​A​R, S​I​R, U​R​G​E​N​T"
00009.1e1a8cb4b57532ab38aa23287523659d,00009__salted__broad__cp200C__fragment.1e1a8cb4b57532ab38aa23287523659d,broad,200C,fragment,,URGENT,U‌R‌G‌E‌N‌T,"DEAR, SIR, URGENT","D‌E‌A‌R, S‌I‌R, U‌R‌G‌E‌N‌T"
00009.1e1a8cb4b57532ab38aa23287523659d,00009__salted__broad__cp200D__fragment.1e1a8cb4b57532ab38aa23287523659d,broad,200D,fragment,,URGENT,U‍R‍G‍E‍N‍T,"DEAR, SIR, URGENT","D‍E‍A‍R, S‍I‍R, U‍R‍G‍E‍N‍T"
00009.1e1a8cb4b57532ab38aa23287523659d,00009__salted__broad__cp00AD__fragment.1e1a8cb4b57532ab38aa23287523659d,broad,00AD,fragment,,URGENT,U­R­G­E­N­T,"DEAR, SIR, URGENT","D­E­A­R, S­I­R, U­R­G­E­N­T"
00012.cb9c9f2a25196f5b16512338625a85b4,00012__salted__broad__cp200B__fragment.cb9c9f2a25196f5b16512338625a85b4,broad,200B,fragment,,Cash,C​a​s​h,,
00012.cb9c9f2a25196f5b16512338625a85b4,00012__salted__broad__cp200C__fragment.cb9c9f2a25196f5b16512338625a85b4,broad,200C,fragment,,Cash,C‌a‌s‌h,,
00012.cb9c9f2a25196f5b16512338625a85b4,00012__salted__broad__cp200D__fragment.cb9c9f2a25196f5b16512338625a85b4,broad,200D,fragment,,Cash,C‍a‍s‍h,,
00012.cb9c9f2a25196f5b16512338625a85b4,00012__salted__broad__cp00AD__fragment.cb9c9f2a25196f5b16512338625a85b4,broad,00AD,fragment,,Cash,C­a­s­h,,
00024.6b5437b14d403176c3f046c871b5b52f,00024__salted__broad__cp200B__fragment.6b5437b14d403176c3f046c871b5b52f,broad,200B,fragment,,,,"Unlimited, Price, Price","U​n​l​i​m​i​t​e​d, P​r​i​c​e, P​r​i​c​e"
00024.6b5437b14d403176c3f046c871b5b52f,00024__salted__broad__cp200C__fragment.6b5437b14d403176c3f046c871b5b52f,broad,200C,fragment,,,,"Unlimited, Price, Price","U‌n‌l‌i‌m‌i‌t‌e‌d, P‌r‌i‌c‌e, P‌r‌i‌c‌e"
00024.6b5437b14d403176c3f046c871b5b52f,00024__salted__broad__cp200D__fragment.6b5437b14d403176c3f046c871b5b52f,broad,200D,fragment,,,,"Unlimited, Price, Price","U‍n‍l‍i‍m‍i‍t‍e‍d, P‍r‍i‍c‍e, P‍r‍i‍c‍e"
00024.6b5437b14d403176c3f046c871b5b52f,00024__salted__broad__cp00AD__fragment.6b5437b14d403176c3f046c871b5b52f,broad,00AD,fragment,,,,"Unlimited, Price, Price","U­n­l­i­m­i­t­e­d, P­r­i­c­e, P­r­i­c­e"
00025.619ab8051359048795e3cd09e82ad1a0,00025__salted__broad__cp200B__fragment.619ab8051359048795e3cd09e82ad1a0,broad,200B,fragment,,DEBT,D​E​B​T,,
00025.619ab8051359048795e3cd09e82ad1a0,00025__salted__broad__cp200C__fragment.619ab8051359048795e3cd09e82ad1a0,broad,200C,fragment,,DEBT,D‌E‌B‌T,,
00025.619ab8051359048795e3cd09e82ad1a0,00025__salted__broad__cp200D__fragment.619ab8051359048795e3cd09e82ad1a0,broad,200D,fragment,,DEBT,D‍E‍B‍T,,
00025.619ab8051359048795e3cd09e82ad1a0,00025__salted__broad__cp00AD__fragment.619ab8051359048795e3cd09e82ad1a0,broad,00AD,fragment,,DEBT,D­E­B­T,,
00040.949a3d300eadb91d8745f1c1dab51133,00040__salted__broad__cp200B__fragment.949a3d300eadb91d8745f1c1dab51133,broad,200B,fragment,,,,"Dear, Sir, Madam","D​e​a​r, S​i​r, M​a​d​a​m"
00040.949a3d300eadb91d8745f1c1dab51133,00040__salted__broad__cp200C__fragment.949a3d300eadb91d8745f1c1dab51133,broad,200C,fragment,,,,"Dear, Sir, Madam","D‌e‌a‌r, S‌i‌r, M‌a‌d‌a‌m"
00040.949a3d300eadb91d8745f1c1dab51133,00040__salted__broad__cp200D__fragment.949a3d300eadb91d8745f1c1dab51133,broad,200D,fragment,,,,"Dear, Sir, Madam","D‍e‍a‍r, S‍i‍r, M‍a‍d‍a‍m"
00040.949a3d300eadb91d8745f1c1dab51133,00040__salted__broad__cp00AD__fragment.949a3d300eadb91d8745f1c1dab51133,broad,00AD,fragment,,,,"Dear, Sir, Madam","D­e­a­r, S­i­r, M­a­d­a­m"
00041.f1b3402799046db3c1f143a911dc085d,00041__salted__broad__cp200B__fragment.f1b3402799046db3c1f143a911dc085d,broad,200B,fragment,,,,"Dear, Sir, Madam","D​e​a​r, S​i​r, M​a​d​a​m"
00041.f1b3402799046db3c1f143a911dc085d,00041__salted__broad__cp200C__fragment.f1b3402799046db3c1f143a911dc085d,broad,200C,fragment,,,,"Dear, Sir, Madam","D‌e‌a‌r, S‌i‌r, M‌a‌d‌a‌m"
00041.f1b3402799046db3c1f143a911dc085d,00041__salted__broad__cp200D__fragment.f1b3402799046db3c1f143a911dc085d,broad,200D,fragment,,,,"Dear, Sir, Madam","D‍e‍a‍r, S‍i‍r, M‍a‍d‍a‍m"
00041.f1b3402799046db3c1f143a911dc085d,00041__salted__broad__cp00AD__fragment.f1b3402799046db3c1f143a911dc085d,broad,00AD,fragment,,,,"Dear, Sir, Madam","D­e­a­r, S­i­r, M­a­d­a­m"
00044.9f8c4b9ae007c6ded3d57476082bf2b2,00044__salted__broad__cp200B__fragment.9f8c4b9ae007c6ded3d57476082bf2b2,broad,200B,fragment,,Membership,M​e​m​b​e​r​s​h​i​p,,
00044.9f8c4b9ae007c6ded3d57476082bf2b2,00044__salted__broad__cp200C__fragment.9f8c4b9ae007c6ded3d57476082bf2b2,broad,200C,fragment,,Membership,M‌e‌m‌b‌e‌r‌s‌h‌i‌p,,
00044.9f8c4b9ae007c6ded3d57476082bf2b2,00044__salted__broad__cp200D__fragment.9f8c4b9ae007c6ded3d57476082bf2b2,broad,200D,fragment,,Membership,M‍e‍m‍b‍e‍r‍s‍h‍i‍p,,
00044.9f8c4b9ae007c6ded3d57476082bf2b2,00044__salted__broad__cp00AD__fragment.9f8c4b9ae007c6ded3d57476082bf2b2,broad,00AD,fragment,,Membership,M­e­m­b­e­r­s­h­i­p,,
00045.7282c2c4e009744f2f3450d370009235,00045__salted__broad__cp200B__fragment.7282c2c4e009744f2f3450d370009235,broad,200B,fragment,,,,"Risk, Guaranteed, lose","R​i​s​k, G​u​a​r​a​n​t​e​e​d, l​o​s​e"
00045.7282c2c4e009744f2f3450d370009235,00045__salted__broad__cp200C__fragment.7282c2c4e009744f2f3450d370009235,broad,200C,fragment,,,,"Risk, Guaranteed, lose","R‌i‌s‌k, G‌u‌a‌r‌a‌n‌t‌e‌e‌d, l‌o‌s‌e"
00045.7282c2c4e009744f2f3450d370009235,00045__salted__broad__cp200D__fragment.7282c2c4e009744f2f3450d370009235,broad,200D,fragment,,,,"Risk, Guaranteed, lose","R‍i‍s‍k, G‍u‍a‍r‍a‍n‍t‍e‍e‍d, l‍o‍s‍e"
00045.7282c2c4e009744f2f3450d370009235,00045__salted__broad__cp00AD__fragment.7282c2c4e009744f2f3450d370009235,broad,00AD,fragment,,,,"Risk, Guaranteed, lose","R­i­s­k, G­u­a­r­a­n­t­e­e­d, l­o­s­e"
00054.62863160db27f89df8c73275b6dae134,00054__salted__broad__cp200B__fragment.62863160db27f89df8c73275b6dae134,broad,200B,fragment,,ADV,A​D​V,,
00054.62863160db27f89df8c73275b6dae134,00054__salted__broad__cp200C__fragment.62863160db27f89df8c73275b6dae134,broad,200C,fragment,,ADV,A‌D‌V,,
00054.62863160db27f89df8c73275b6dae134,00054__salted__broad__cp200D__fragment.62863160db27f89df8c73275b6dae134,broad,200D,fragment,,ADV,A‍D‍V,,
00054.62863160db27f89df8c73275b6dae134,00054__salted__broad__cp00AD__fragment.62863160db27f89df8c73275b6dae134,broad,00AD,fragment,,ADV,A­D­V,,
00058.64bb1902c4e561fb3e521a6dbf8625be,00058__salted__broad__cp200B__fragment.64bb1902c4e561fb3e521a6dbf8625be,broad,200B,fragment,,Insurance,I​n​s​u​r​a​n​c​e,,
00058.64bb1902c4e561fb3e521a6dbf8625be,00058__salted__broad__cp200C__fragment.64bb1902c4e561fb3e521a6dbf8625be,broad,200C,fragment,,Insurance,I‌n‌s‌u‌r‌a‌n‌c‌e,,
00058.64bb1902c4e561fb3e521a6dbf8625be,00058__salted__broad__cp200D__fragment.64bb1902c4e561fb3e521a6dbf8625be,broad,200D,fragment,,Insurance,I‍n‍s‍u‍r‍a‍n‍c‍e,,
00058.64bb1902c4e561fb3e521a6dbf8625be,00058__salted__broad__cp00AD__fragment.64bb1902c4e561fb3e521a6dbf8625be,broad,00AD,fragment,,Insurance,I­n­s­u­r­a­n­c­e,,
00064.65b95365450ebe5eef61e7f1c60edc5e,00064__salted__broad__cp200B__fragment.65b95365450ebe5eef61e7f1c60edc5e,broad,200B,fragment,,Investment,I​n​v​e​s​t​m​e​n​t,"Investment, Premium, Earn","I​n​v​e​s​t​m​e​n​t, P​r​e​m​i​u​m, E​a​r​n"
00064.65b95365450ebe5eef61e7f1c60edc5e,00064__salted__broad__cp200C__fragment.65b95365450ebe5eef61e7f1c60edc5e,broad,200C,fragment,,Investment,I‌n‌v‌e‌s‌t‌m‌e‌n‌t,"Investment, Premium, Earn","I‌n‌v‌e‌s‌t‌m‌e‌n‌t, P‌r‌e‌m‌i‌u‌m, E‌a‌r‌n"
00064.65b95365450ebe5eef61e7f1c60edc5e,00064__salted__broad__cp200D__fragment.65b95365450ebe5eef61e7f1c60edc5e,broad,200D,fragment,,Investment,I‍n‍v‍e‍s‍t‍m‍e‍n‍t,"Investment, Premium, Earn","I‍n‍v‍e‍s‍t‍m‍e‍n‍t, P‍r‍e‍m‍i‍u‍m, E‍a‍r‍n"
00064.65b95365450ebe5eef61e7f1c60edc5e,00064__salted__broad__cp00AD__fragment.65b95365450ebe5eef61e7f1c60edc5e,broad,00AD,fragment,,Investment,I­n­v­e­s­t­m­e­n­t,"Investment, Premium, Earn","I­n­v­e­s­t­m­e­n­t, P­r­e­m­i­u­m, E­a­r­n"
00067.ec108870b01dc3ccb8fabc5def869ca5,00067__salted__broad__cp200B__fragment.ec108870b01dc3ccb8fabc5def869ca5,broad,200B,fragment,,SYSTEMWORKS,S​Y​S​T​E​M​W​O​R​K​S,,
00067.ec108870b01dc3ccb8fabc5def869ca5,00067__salted__broad__cp200C__fragment.ec108870b01dc3ccb8fabc5def869ca5,broad,200C,fragment,,SYSTEMWORKS,S‌Y‌S‌T‌E‌M‌W‌O‌R‌K‌S,,
00067.ec108870b01dc3ccb8fabc5def869ca5,00067__salted__broad__cp200D__fragment.ec108870b01dc3ccb8fabc5def869ca5,broad,200D,fragment,,SYSTEMWORKS,S‍Y‍S‍T‍E‍M‍W‍O‍R‍K‍S,,
00067.ec108870b01dc3ccb8fabc5def869ca5,00067__salted__broad__cp00AD__fragment.ec108870b01dc3ccb8fabc5def869ca5,broad,00AD,fragment,,SYSTEMWORKS,S­Y­S­T­E­M­W­O­R­K­S,,
00074.f7cfc6a5142e788004e0cff70e3a36c0,00074__salted__broad__cp200B__fragment.f7cfc6a5142e788004e0cff70e3a36c0,broad,200B,fragment,,HOURS,H​O​U​R​S,,
00074.f7cfc6a5142e788004e0cff70e3a36c0,00074__salted__broad__cp200C__fragment.f7cfc6a5142e788004e0cff70e3a36c0,broad,200C,fragment,,HOURS,H‌O‌U‌R‌S,,
00074.f7cfc6a5142e788004e0cff70e3a36c0,00074__salted__broad__cp200D__fragment.f7cfc6a5142e788004e0cff70e3a36c0,broad,200D,fragment,,HOURS,H‍O‍U‍R‍S,,
00074.f7cfc6a5142e788004e0cff70e3a36c0,00074__salted__broad__cp00AD__fragment.f7cfc6a5142e788004e0cff70e3a36c0,broad,00AD,fragment,,HOURS,H­O­U­R­S,,
00078.6944f51ce9c0586d8f9137d2d2207df0,00078__salted__broad__cp200B__fragment.6944f51ce9c0586d8f9137d2d2207df0,broad,200B,fragment,,Approved,A​p​p​r​o​v​e​d,,
00078.6944f51ce9c0586d8f9137d2d2207df0,00078__salted__broad__cp200C__fragment.6944f51ce9c0586d8f9137d2d2207df0,broad,200C,fragment,,Approved,A‌p‌p‌r‌o‌v‌e‌d,,
00078.6944f51ce9c0586d8f9137d2d2207df0,00078__salted__broad__cp200D__fragment.6944f51ce9c0586d8f9137d2d2207df0,broad,200D,fragment,,Approved,A‍p‍p‍r‍o‍v‍e‍d,,
00078.6944f51ce9c0586d8f9137d2d2207df0,00078__salted__broad__cp00AD__fragment.6944f51ce9c0586d8f9137d2d2207df0,broad,00AD,fragment,,Approved,A­p­p­r­o­v­e­d,,
00090.52630c4c07cd069c7bc7658c1a7a7253,00090__salted__broad__cp200B__fragment.52630c4c07cd069c7bc7658c1a7a7253,broad,200B,fragment,,cash,c​a​s​h,"annuity, Earn, cash","a​n​n​u​i​t​y, E​a​r​n, c​a​s​h"
00090.52630c4c07cd069c7bc7658c1a7a7253,00090__salted__broad__cp200C__fragment.52630c4c07cd069c7bc7658c1a7a7253,broad,200C,fragment,,cash,c‌a‌s‌h,"annuity, Earn, cash","a‌n‌n‌u‌i‌t‌y, E‌a‌r‌n, c‌a‌s‌h"
00090.52630c4c07cd069c7bc7658c1a7a7253,00090__salted__broad__cp200D__fragment.52630c4c07cd069c7bc7658c1a7a7253,broad,200D,fragment,,cash,c‍a‍s‍h,"annuity, Earn, cash","a‍n‍n‍u‍i‍t‍y, E‍a‍r‍n, c‍a‍s‍h"
00090.52630c4c07cd069c7bc7658c1a7a7253,00090__salted__broad__cp00AD__fragment.52630c4c07cd069c7bc7658c1a7a7253,broad,00AD,fragment,,cash,c­a­s­h,"annuity, Earn, cash","a­n­n­u­i­t­y, E­a­r­n, c­a­s­h"
00101.5a24bf3ba3962442179b1a0325a1d1cb,00101__salted__broad__cp200B__fragment.5a24bf3ba3962442179b1a0325a1d1cb,broad,200B,fragment,,Marketing,M​a​r​k​e​t​i​n​g,,
00101.5a24bf3ba3962442179b1a0325a1d1cb,00101__salted__broad__cp200C__fragment.5a24bf3ba3962442179b1a0325a1d1cb,broad,200C,fragment,,Marketing,M‌a‌r‌k‌e‌t‌i‌n‌g,,
00101.5a24bf3ba3962442179b1a0325a1d1cb,00101__salted__broad__cp200D__fragment.5a24bf3ba3962442179b1a0325a1d1cb,broad,200D,fragment,,Marketing,M‍a‍r‍k‍e‍t‍i‍n‍g,,
00101.5a24bf3ba3962442179b1a0325a1d1cb,00101__salted__broad__cp00AD__fragment.5a24bf3ba3962442179b1a0325a1d1cb,broad,00AD,fragment,,Marketing,M­a­r­k­e­t­i­n­g,,
00104.67ea4a37ac02d37f4baa7631ba17a824,00104__salted__broad__cp200B__fragment.67ea4a37ac02d37f4baa7631ba17a824,broad,200B,fragment,,brand,b​r​a​n​d,,
00104.67ea4a37ac02d37f4baa7631ba17a824,00104__salted__broad__cp200C__fragment.67ea4a37ac02d37f4baa7631ba17a824,broad,200C,fragment,,brand,b‌r‌a‌n‌d,,
00104.67ea4a37ac02d37f4baa7631ba17a824,00104__salted__broad__cp200D__fragment.67ea4a37ac02d37f4baa7631ba17a824,broad,200D,fragment,,brand,b‍r‍a‍n‍d,,
00104.67ea4a37ac02d37f4baa7631ba17a824,00104__salted__broad__cp00AD__fragment.67ea4a37ac02d37f4baa7631ba17a824,broad,00AD,fragment,,brand,b­r­a­n­d,,
00105.d8f25617befc5289aa4ed9602457050b,00105__salted__broad__cp200B__fragment.d8f25617befc5289aa4ed9602457050b,broad,200B,fragment,,Loans,L​o​a​n​s,,
00105.d8f25617befc5289aa4ed9602457050b,00105__salted__broad__cp200C__fragment.d8f25617befc5289aa4ed9602457050b,broad,200C,fragment,,Loans,L‌o‌a‌n‌s,,
00105.d8f25617befc5289aa4ed9602457050b,00105__salted__broad__cp200D__fragment.d8f25617befc5289aa4ed9602457050b,broad,200D,fragment,,Loans,L‍o‍a‍n‍s,,
00105.d8f25617befc5289aa4ed9602457050b,00105__salted__broad__cp00AD__fragment.d8f25617befc5289aa4ed9602457050b,broad,00AD,fragment,,Loans,L­o­a­n­s,,
00113.0449844c534e41730bb7a0ab513580e9,00113__salted__broad__cp200B__fragment.0449844c534e41730bb7a0ab513580e9,broad,200B,fragment,,Viagra,V​i​a​g​r​a,,
00113.0449844c534e41730bb7a0ab513580e9,00113__salted__broad__cp200C__fragment.0449844c534e41730bb7a0ab513580e9,broad,200C,fragment,,Viagra,V‌i‌a‌g‌r‌a,,
00113.0449844c534e41730bb7a0ab513580e9,00113__salted__broad__cp200D__fragment.0449844c534e41730bb7a0ab513580e9,broad,200D,fragment,,Viagra,V‍i‍a‍g‍r‍a,,
00113.0449844c534e41730bb7a0ab513580e9,00113__salted__broad__cp00AD__fragment.0449844c534e41730bb7a0ab513580e9,broad,00AD,fragment,,Viagra,V­i­a­g­r­a,,
00115.c97af50ef7ccd816f95bbdc6f4d226b2,00115__salted__broad__cp200B__fragment.c97af50ef7ccd816f95bbdc6f4d226b2,broad,200B,fragment,,,,"fortune, opportunity, income","f​o​r​t​u​n​e, o​p​p​o​r​t​u​n​i​t​y, i​n​c​o​m​e"
00115.c97af50ef7ccd816f95bbdc6f4d226b2,00115__salted__broad__cp200C__fragment.c97af50ef7ccd816f95bbdc6f4d226b2,broad,200C,fragment,,,,"fortune, opportunity, income","f‌o‌r‌t‌u‌n‌e, o‌p‌p‌o‌r‌t‌u‌n‌i‌t‌y, i‌n‌c‌o‌m‌e"
00115.c97af50ef7ccd816f95bbdc6f4d226b2,00115__salted__broad__cp200D__fragment.c97af50ef7ccd816f95bbdc6f4d226b2,broad,200D,fragment,,,,"fortune, opportunity, income","f‍o‍r‍t‍u‍n‍e, o‍p‍p‍o‍r‍t‍u‍n‍i‍t‍y, i‍n‍c‍o‍m‍e"
00115.c97af50ef7ccd816f95bbdc6f4d226b2,00115__salted__broad__cp00AD__fragment.c97af50ef7ccd816f95bbdc6f4d226b2,broad,00AD,fragment,,,,"fortune, opportunity, income","f­o­r­t­u­n­e, o­p­p­o­r­t­u­n­i­t­y, i­n­c­o­m­e"
00120.58579af867ff9a702cff23e7b8818a59,00120__salted__broad__cp200B__fragment.58579af867ff9a702cff23e7b8818a59,broad,200B,fragment,,,,"Guaranteed, lose, Weight","G​u​a​r​a​n​t​e​e​d, l​o​s​e, W​e​i​g​h​t"
00120.58579af867ff9a702cff23e7b8818a59,00120__salted__broad__cp200C__fragment.58579af867ff9a702cff23e7b8818a59,broad,200C,fragment,,,,"Guaranteed, lose, Weight","G‌u‌a‌r‌a‌n‌t‌e‌e‌d, l‌o‌s‌e, W‌e‌i‌g‌h‌t"
00120.58579af867ff9a702cff23e7b8818a59,00120__salted__broad__cp200D__fragment.58579af867ff9a702cff23e7b8818a59,broad,200D,fragment,,,,"Guaranteed, lose, Weight","G‍u‍a‍r‍a‍n‍t‍e‍e‍d, l‍o‍s‍e, W‍e‍i‍g‍h‍t"
00120.58579af867ff9a702cff23e7b8818a59,00120__salted__broad__cp00AD__fragment.58579af867ff9a702cff23e7b8818a59,broad,00AD,fragment,,,,"Guaranteed, lose, Weight","G­u­a­r­a­n­t­e­e­d, l­o­s­e, W­e­i­g­h­t"
00123.a5ee0040ec9a30b3f32f61e547fa5f8f,00123__salted__broad__cp200B__fragment.a5ee0040ec9a30b3f32f61e547fa5f8f,broad,200B,fragment,,Incredible,I​n​c​r​e​d​i​b​l​e,,
00123.a5ee0040ec9a30b3f32f61e547fa5f8f,00123__salted__broad__cp200C__fragment.a5ee0040ec9a30b3f32f61e547fa5f8f,broad,200C,fragment,,Incredible,I‌n‌c‌r‌e‌d‌i‌b‌l‌e,,
00123.a5ee0040ec9a30b3f32f61e547fa5f8f,00123__salted__broad__cp200D__fragment.a5ee0040ec9a30b3f32f61e547fa5f8f,broad,200D,fragment,,Incredible,I‍n‍c‍r‍e‍d‍i‍b‍l‍e,,
00123.a5ee0040ec9a30b3f32f61e547fa5f8f,00123__salted__broad__cp00AD__fragment.a5ee0040ec9a30b3f32f61e547fa5f8f,broad,00AD,fragment,,Incredible,I­n­c­r­e­d­i­b­l­e,,
00127.3500d109361b544b0937523adb763588,00127__salted__broad__cp200B__fragment.3500d109361b544b0937523adb763588,broad,200B,fragment,,,,"Guaranteed, herbal, Proven","G​u​a​r​a​n​t​e​e​d, h​e​r​b​a​l, P​r​o​v​e​n"
00127.3500d109361b544b0937523adb763588,00127__salted__broad__cp200C__fragment.3500d109361b544b0937523adb763588,broad,200C,fragment,,,,"Guaranteed, herbal, Proven","G‌u‌a‌r‌a‌n‌t‌e‌e‌d, h‌e‌r‌b‌a‌l, P‌r‌o‌v‌e‌n"
00127.3500d109361b544b0937523adb763588,00127__salted__broad__cp200D__fragment.3500d109361b544b0937523adb763588,broad,200D,fragment,,,,"Guaranteed, herbal, Proven","G‍u‍a‍r‍a‍n‍t‍e‍e‍d, h‍e‍r‍b‍a‍l, P‍r‍o‍v‍e‍n"
00127.3500d109361b544b0937523adb763588,00127__salted__broad__cp00AD__fragment.3500d109361b544b0937523adb763588,broad,00AD,fragment,,,,"Guaranteed, herbal, Proven","G­u­a­r­a­n­t­e­e­d, h­e­r­b­a­l, P­r­o­v­e­n"
00128.721b6b20d5834d490662e2ae8c5c0684,00128__salted__broad__cp200B__fragment.721b6b20d5834d490662e2ae8c5c0684,broad,200B,fragment,,CAREER,C​A​R​E​E​R,"fortune, opportunity, income","f​o​r​t​u​n​e, o​p​p​o​r​t​u​n​i​t​y, i​n​c​o​m​e"
00128.721b6b20d5834d490662e2ae8c5c0684,00128__salted__broad__cp200C__fragment.721b6b20d5834d490662e2ae8c5c0684,broad,200C,fragment,,CAREER,C‌A‌R‌E‌E‌R,"fortune, opportunity, income","f‌o‌r‌t‌u‌n‌e, o‌p‌p‌o‌r‌t‌u‌n‌i‌t‌y, i‌n‌c‌o‌m‌e"
00128.721b6b20d5834d490662e2ae8c5c0684,00128__salted__broad__cp200D__fragment.721b6b20d5834d490662e2ae8c5c0684,broad,200D,fragment,,CAREER,C‍A‍R‍E‍E‍R,"fortune, opportunity, income","f‍o‍r‍t‍u‍n‍e, o‍p‍p‍o‍r‍t‍u‍n‍i‍t‍y, i‍n‍c‍o‍m‍e"
00128.721b6b20d5834d490662e2ae8c5c0684,00128__salted__broad__cp00AD__fragment.721b6b20d5834d490662e2ae8c5c0684,broad,00AD,fragment,,CAREER,C­A­R­E­E­R,"fortune, opportunity, income","f­o­r­t­u­n­e, o­p­p­o­r­t­u­n­i­t­y, i­n­c­o­m­e"
00130.1ad579dc65cd646549fe87f565bdec5c,00130__salted__broad__cp200B__fragment.1ad579dc65cd646549fe87f565bdec5c,broad,200B,fragment,,CREDIT,C​R​E​D​I​T,,
00130.1ad579dc65cd646549fe87f565bdec5c,00130__salted__broad__cp200C__fragment.1ad579dc65cd646549fe87f565bdec5c,broad,200C,fragment,,CREDIT,C‌R‌E‌D‌I‌T,,
00130.1ad579dc65cd646549fe87f565bdec5c,00130__salted__broad__cp200D__fragment.1ad579dc65cd646549fe87f565bdec5c,broad,200D,fragment,,CREDIT,C‍R‍E‍D‍I‍T,,
00130.1ad579dc65cd646549fe87f565bdec5c,00130__salted__broad__cp00AD__fragment.1ad579dc65cd646549fe87f565bdec5c,broad,00AD,fragment,,CREDIT,C­R­E­D­I­T,,
00144.a439c28b51d6b53f4fbf3bf427b55ed2,00144__salted__broad__cp200B__fragment.a439c28b51d6b53f4fbf3bf427b55ed2,broad,200B,fragment,,Debt,D​e​b​t,,
00144.a439c28b51d6b53f4fbf3bf427b55ed2,00144__salted__broad__cp200C__fragment.a439c28b51d6b53f4fbf3bf427b55ed2,broad,200C,fragment,,Debt,D‌e‌b‌t,,
00144.a439c28b51d6b53f4fbf3bf427b55ed2,00144__salted__broad__cp200D__fragment.a439c28b51d6b53f4fbf3bf427b55ed2,broad,200D,fragment,,Debt,D‍e‍b‍t,,
00144.a439c28b51d6b53f4fbf3bf427b55ed2,00144__salted__broad__cp00AD__fragment.a439c28b51d6b53f4fbf3bf427b55ed2,broad,00AD,fragment,,Debt,D­e­b­t,,
00153.6a5ffe584834ea334041ab958cadcadb,00153__salted__broad__cp200B__fragment.6a5ffe584834ea334041ab958cadcadb,broad,200B,fragment,,Recruiting,R​e​c​r​u​i​t​i​n​g,"recruiting, Click, REMOVE","r​e​c​r​u​i​t​i​n​g, C​l​i​c​k, R​E​M​O​V​E"
00153.6a5ffe584834ea334041ab958cadcadb,00153__salted__broad__cp200C__fragment.6a5ffe584834ea334041ab958cadcadb,broad,200C,fragment,,Recruiting,R‌e‌c‌r‌u‌i‌t‌i‌n‌g,"recruiting, Click, REMOVE","r‌e‌c‌r‌u‌i‌t‌i‌n‌g, C‌l‌i‌c‌k, R‌E‌M‌O‌V‌E"
00153.6a5ffe584834ea334041ab958cadcadb,00153__salted__broad__cp200D__fragment.6a5ffe584834ea334041ab958cadcadb,broad,200D,fragment,,Recruiting,R‍e‍c‍r‍u‍i‍t‍i‍n‍g,"recruiting, Click, REMOVE","r‍e‍c‍r‍u‍i‍t‍i‍n‍g, C‍l‍i‍c‍k, R‍E‍M‍O‍V‍E"
00153.6a5ffe584834ea334041ab958cadcadb,00153__salted__broad__cp00AD__fragment.6a5ffe584834ea334041ab958cadcadb,broad,00AD,fragment,,Recruiting,R­e­c­r­u­i­t­i­n­g,"recruiting, Click, REMOVE","r­e­c­r­u­i­t­i­n­g, C­l­i­c­k, R­E­M­O­V­E"
00154.b6c448ccff434e2dbe2c7c200a36aa31,00154__salted__broad__cp200B__fragment.b6c448ccff434e2dbe2c7c200a36aa31,broad,200B,fragment,,,,"currency, currency, visit","c​u​r​r​e​n​c​y, c​u​r​r​e​n​c​y, v​i​s​i​t"
00154.b6c448ccff434e2dbe2c7c200a36aa31,00154__salted__broad__cp200C__fragment.b6c448ccff434e2dbe2c7c200a36aa31,broad,200C,fragment,,,,"currency, currency, visit","c‌u‌r‌r‌e‌n‌c‌y, c‌u‌r‌r‌e‌n‌c‌y, v‌i‌s‌i‌t"
00154.b6c448ccff434e2dbe2c7c200a36aa31,00154__salted__broad__cp200D__fragment.b6c448ccff434e2dbe2c7c200a36aa31,broad,200D,fragment,,,,"currency, currency, visit","c‍u‍r‍r‍e‍n‍c‍y, c‍u‍r‍r‍e‍n‍c‍y, v‍i‍s‍i‍t"
00154.b6c448ccff434e2dbe2c7c200a36aa31,00154__salted__broad__cp00AD__fragment.b6c448ccff434e2dbe2c7c200a36aa31,broad,00AD,fragment,,,,"currency, currency, visit","c­u­r­r­e­n­c­y, c­u­r­r­e­n­c­y, v­i­s­i­t"
00155.b043f6801a72ada945205709c44c8ac4,00155__salted__broad__cp200B__fragment.b043f6801a72ada945205709c44c8ac4,broad,200B,fragment,,prices,p​r​i​c​e​s,,
00155.b043f6801a72ada945205709c44c8ac4,00155__salted__broad__cp200C__fragment.b043f6801a72ada945205709c44c8ac4,broad,200C,fragment,,prices,p‌r‌i‌c‌e‌s,,
00155.b043f6801a72ada945205709c44c8ac4,00155__salted__broad__cp200D__fragment.b043f6801a72ada945205709c44c8ac4,broad,200D,fragment,,prices,p‍r‍i‍c‍e‍s,,
00155.b043f6801a72ada945205709c44c8ac4,00155__salted__broad__cp00AD__fragment.b043f6801a72ada945205709c44c8ac4,broad,00AD,fragment,,prices,p­r­i­c­e­s,,
00159.6b641c70d79fd5a69b84a94b4e88150a,00159__salted__broad__cp200B__fragment.6b641c70d79fd5a69b84a94b4e88150a,broad,200B,fragment,,,,"Guarantee, Warranty, receive","G​u​a​r​a​n​t​e​e, W​a​r​r​a​n​t​y, r​e​c​e​i​v​e"
00159.6b641c70d79fd5a69b84a94b4e88150a,00159__salted__broad__cp200C__fragment.6b641c70d79fd5a69b84a94b4e88150a,broad,200C,fragment,,,,"Guarantee, Warranty, receive","G‌u‌a‌r‌a‌n‌t‌e‌e, W‌a‌r‌r‌a‌n‌t‌y, r‌e‌c‌e‌i‌v‌e"
00159.6b641c70d79fd5a69b84a94b4e88150a,00159__salted__broad__cp200D__fragment.6b641c70d79fd5a69b84a94b4e88150a,broad,200D,fragment,,,,"Guarantee, Warranty, receive","G‍u‍a‍r‍a‍n‍t‍e‍e, W‍a‍r‍r‍a‍n‍t‍y, r‍e‍c‍e‍i‍v‍e"
00159.6b641c70d79fd5a69b84a94b4e88150a,00159__salted__broad__cp00AD__fragment.6b641c70d79fd5a69b84a94b4e88150a,broad,00AD,fragment,,,,"Guarantee, Warranty, receive","G­u­a­r­a­n­t­e­e, W­a­r­r­a­n­t­y, r­e­c­e­i­v­e"
00160.cec5f611ae665ff0add6c4928d47f2be,00160__salted__broad__cp200B__fragment.cec5f611ae665ff0add6c4928d47f2be,broad,200B,fragment,,HGH,H​G​H,"HGH, Younger, Lose","H​G​H, Y​o​u​n​g​e​r, L​o​s​e"
00160.cec5f611ae665ff0add6c4928d47f2be,00160__salted__broad__cp200C__fragment.cec5f611ae665ff0add6c4928d47f2be,broad,200C,fragment,,HGH,H‌G‌H,"HGH, Younger, Lose","H‌G‌H, Y‌o‌u‌n‌g‌e‌r, L‌o‌s‌e"
00160.cec5f611ae665ff0add6c4928d47f2be,00160__salted__broad__cp200D__fragment.cec5f611ae665ff0add6c4928d47f2be,broad,200D,fragment,,HGH,H‍G‍H,"HGH, Younger, Lose","H‍G‍H, Y‍o‍u‍n‍g‍e‍r, L‍o‍s‍e"
00160.cec5f611ae665ff0add6c4928d47f2be,00160__salted__broad__cp00AD__fragment.cec5f611ae665ff0add6c4928d47f2be,broad,00AD,fragment,,HGH,H­G­H,"HGH, Younger, Lose","H­G­H, Y­o­u­n­g­e­r, L­o­s­e"
00161.37836bbc77bdab253f914d7a5233badb,00161__salted__broad__cp200B__fragment.37836bbc77bdab253f914d7a5233badb,broad,200B,fragment,,rates,r​a​t​e​s,,
00161.37836bbc77bdab253f914d7a5233badb,00161__salted__broad__cp200C__fragment.37836bbc77bdab253f914d7a5233badb,broad,200C,fragment,,rates,r‌a‌t‌e‌s,,
00161.37836bbc77bdab253f914d7a5233badb,00161__salted__broad__cp200D__fragment.37836bbc77bdab253f914d7a5233badb,broad,200D,fragment,,rates,r‍a‍t‍e‍s,,
00161.37836bbc77bdab253f914d7a5233badb,00161__salted__broad__cp00AD__fragment.37836bbc77bdab253f914d7a5233badb,broad,00AD,fragment,,rates,r­a­t­e­s,,
00163.2ceade6f8b0c1c342f5f95d57ac551f5,00163__salted__broad__cp200B__fragment.2ceade6f8b0c1c342f5f95d57ac551f5,broad,200B,fragment,,,,"Guarantee, Warranty, receive","G​u​a​r​a​n​t​e​e, W​a​r​r​a​n​t​y, r​e​c​e​i​v​e"
00163.2ceade6f8b0c1c342f5f95d57ac551f5,00163__salted__broad__cp200C__fragment.2ceade6f8b0c1c342f5f95d57ac551f5,broad,200C,fragment,,,,"Guarantee, Warranty, receive","G‌u‌a‌r‌a‌n‌t‌e‌e, W‌a‌r‌r‌a‌n‌t‌y, r‌e‌c‌e‌i‌v‌e"
00163.2ceade6f8b0c1c342f5f95d57ac551f5,00163__salted__broad__cp200D__fragment.2ceade6f8b0c1c342f5f95d57ac551f5,broad,200D,fragment,,,,"Guarantee, Warranty, receive","G‍u‍a‍r‍a‍n‍t‍e‍e, W‍a‍r‍r‍a‍n‍t‍y, r‍e‍c‍e‍i‍v‍e"
00163.2ceade6f8b0c1c342f5f95d57ac551f5,00163__salted__broad__cp00AD__fragment.2ceade6f8b0c1c342f5f95d57ac551f5,broad,00AD,fragment,,,,"Guarantee, Warranty, receive","G­u­a­r­a­n­t­e­e, W­a­r­r­a­n­t­y, r­e­c­e­i­v­e"
00169.86268e75abd1bd4bda4d6c129681df34,00169__salted__broad__cp200B__fragment.86268e75abd1bd4bda4d6c129681df34,broad,200B,fragment,,,,"MILLIONAIRE, earn, financial","M​I​L​L​I​O​N​A​I​R​E, e​a​r​n, f​i​n​a​n​c​i​a​l"
00169.86268e75abd1bd4bda4d6c129681df34,00169__salted__broad__cp200C__fragment.86268e75abd1bd4bda4d6c129681df34,broad,200C,fragment,,,,"MILLIONAIRE, earn, financial","M‌I‌L‌L‌I‌O‌N‌A‌I‌R‌E, e‌a‌r‌n, f‌i‌n‌a‌n‌c‌i‌a‌l"
00169.86268e75abd1bd4bda4d6c129681df34,00169__salted__broad__cp200D__fragment.86268e75abd1bd4bda4d6c129681df34,broad,200D,fragment,,,,"MILLIONAIRE, earn, financial","M‍I‍L‍L‍I‍O‍N‍A‍I‍R‍E, e‍a‍r‍n, f‍i‍n‍a‍n‍c‍i‍a‍l"
00169.86268e75abd1bd4bda4d6c129681df34,00169__salted__broad__cp00AD__fragment.86268e75abd1bd4bda4d6c129681df34,broad,00AD,fragment,,,,"MILLIONAIRE, earn, financial","M­I­L­L­I­O­N­A­I­R­E, e­a­r­n, f­i­n­a­n­c­i­a­l"
00172.0935a6d0aef9a3d6d64e07e3f6c453ec,00172__salted__broad__cp200B__fragment.0935a6d0aef9a3d6d64e07e3f6c453ec,broad,200B,fragment,,Proposal,P​r​o​p​o​s​a​l,"contact, professional, orders","c​o​n​t​a​c​t, p​r​o​f​e​s​s​i​o​n​a​l, o​r​d​e​r​s"
00172.0935a6d0aef9a3d6d64e07e3f6c453ec,00172__salted__broad__cp200C__fragment.0935a6d0aef9a3d6d64e07e3f6c453ec,broad,200C,fragment,,Proposal,P‌r‌o‌p‌o‌s‌a‌l,"contact, professional, orders","c‌o‌n‌t‌a‌c‌t, p‌r‌o‌f‌e‌s‌s‌i‌o‌n‌a‌l, o‌r‌d‌e‌r‌s"
00172.0935a6d0aef9a3d6d64e07e3f6c453ec,00172__salted__broad__cp200D__fragment.0935a6d0aef9a3d6d64e07e3f6c453ec,broad,200D,fragment,,Proposal,P‍r‍o‍p‍o‍s‍a‍l,"contact, professional, orders","c‍o‍n‍t‍a‍c‍t, p‍r‍o‍f‍e‍s‍s‍i‍o‍n‍a‍l, o‍r‍d‍e‍r‍s"
00172.0935a6d0aef9a3d6d64e07e3f6c453ec,00172__salted__broad__cp00AD__fragment.0935a6d0aef9a3d6d64e07e3f6c453ec,broad,00AD,fragment,,Proposal,P­r­o­p­o­s­a­l,"contact, professional, orders","c­o­n­t­a­c­t, p­r­o­f­e­s­s­i­o­n­a­l, o­r­d­e­r­s"
00173.e10eb62e2c7808674c43d6a5e9e08a1c,00173__salted__broad__cp200B__fragment.e10eb62e2c7808674c43d6a5e9e08a1c,broad,200B,fragment,,HGH,H​G​H,,
00173.e10eb62e2c7808674c43d6a5e9e08a1c,00173__salted__broad__cp200C__fragment.e10eb62e2c7808674c43d6a5e9e08a1c,broad,200C,fragment,,HGH,H‌G‌H,,
00173.e10eb62e2c7808674c43d6a5e9e08a1c,00173__salted__broad__cp200D__fragment.e10eb62e2c7808674c43d6a5e9e08a1c,broad,200D,fragment,,HGH,H‍G‍H,,
00173.e10eb62e2c7808674c43d6a5e9e08a1c,00173__salted__broad__cp00AD__fragment.e10eb62e2c7808674c43d6a5e9e08a1c,broad,00AD,fragment,,HGH,H­G­H,,
00179.ef2f7cf60806a96b59f4477b025580ee,00179__salted__broad__cp200B__fragment.ef2f7cf60806a96b59f4477b025580ee,broad,200B,fragment,,urgent,u​r​g​e​n​t,"REPLY, africa, confidential","R​E​P​L​Y, a​f​r​i​c​a, c​o​n​f​i​d​e​n​t​i​a​l"
00179.ef2f7cf60806a96b59f4477b025580ee,00179__salted__broad__cp200C__fragment.ef2f7cf60806a96b59f4477b025580ee,broad,200C,fragment,,urgent,u‌r‌g‌e‌n‌t,"REPLY, africa, confidential","R‌E‌P‌L‌Y, a‌f‌r‌i‌c‌a, c‌o‌n‌f‌i‌d‌e‌n‌t‌i‌a‌l"
00179.ef2f7cf60806a96b59f4477b025580ee,00179__salted__broad__cp200D__fragment.ef2f7cf60806a96b59f4477b025580ee,broad,200D,fragment,,urgent,u‍r‍g‍e‍n‍t,"REPLY, africa, confidential","R‍E‍P‍L‍Y, a‍f‍r‍i‍c‍a, c‍o‍n‍f‍i‍d‍e‍n‍t‍i‍a‍l"
00179.ef2f7cf60806a96b59f4477b025580ee,00179__salted__broad__cp00AD__fragment.ef2f7cf60806a96b59f4477b025580ee,broad,00AD,fragment,,urgent,u­r­g­e­n­t,"REPLY, africa, confidential","R­E­P­L­Y, a­f­r­i­c­a, c­o­n­f­i­d­e­n­t­i­a­l"
00180.751cb63992e172566b3a296d970c425d,00180__salted__broad__cp200B__fragment.751cb63992e172566b3a296d970c425d,broad,200B,fragment,,,,"Thank, emails, emails","T​h​a​n​k, e​m​a​i​l​s, e​m​a​i​l​s"
00180.751cb63992e172566b3a296d970c425d,00180__salted__broad__cp200C__fragment.751cb63992e172566b3a296d970c425d,broad,200C,fragment,,,,"Thank, emails, emails","T‌h‌a‌n‌k, e‌m‌a‌i‌l‌s, e‌m‌a‌i‌l‌s"
00180.751cb63992e172566b3a296d970c425d,00180__salted__broad__cp200D__fragment.751cb63992e172566b3a296d970c425d,broad,200D,fragment,,,,"Thank, emails, emails","T‍h‍a‍n‍k, e‍m‍a‍i‍l‍s, e‍m‍a‍i‍l‍s"
00180.751cb63992e172566b3a296d970c425d,00180__salted__broad__cp00AD__fragment.751cb63992e172566b3a296d970c425d,broad,00AD,fragment,,,,"Thank, emails, emails","T­h­a­n­k, e­m­a­i­l­s, e­m­a­i­l­s"
00182.1b9ba0f95506a6f2bf256f40fad0687d,00182__salted__broad__cp200B__fragment.1b9ba0f95506a6f2bf256f40fad0687d,broad,200B,fragment,,investment,i​n​v​e​s​t​m​e​n​t,"mailings, removal, instructions","m​a​i​l​i​n​g​s, r​e​m​o​v​a​l, i​n​s​t​r​u​c​t​i​o​n​s"
00182.1b9ba0f95506a6f2bf256f40fad0687d,00182__salted__broad__cp200C__fragment.1b9ba0f95506a6f2bf256f40fad0687d,broad,200C,fragment,,investment,i‌n‌v‌e‌s‌t‌m‌e‌n‌t,"mailings, removal, instructions","m‌a‌i‌l‌i‌n‌g‌s, r‌e‌m‌o‌v‌a‌l, i‌n‌s‌t‌r‌u‌c‌t‌i‌o‌n‌s"
00182.1b9ba0f95506a6f2bf256f40fad0687d,00182__salted__broad__cp200D__fragment.1b9ba0f95506a6f2bf256f40fad0687d,broad,200D,fragment,,investment,i‍n‍v‍e‍s‍t‍m‍e‍n‍t,"mailings, removal, instructions","m‍a‍i‍l‍i‍n‍g‍s, r‍e‍m‍o‍v‍a‍l, i‍n‍s‍t‍r‍u‍c‍t‍i‍o‍n‍s"
00182.1b9ba0f95506a6f2bf256f40fad0687d,00182__salted__broad__cp00AD__fragment.1b9ba0f95506a6f2bf256f40fad0687d,broad,00AD,fragment,,investment,i­n­v­e­s­t­m­e­n­t,"mailings, removal, instructions","m­a­i­l­i­n­g­s, r­e­m­o­v­a­l, i­n­s­t­r­u­c­t­i­o­n­s"
00185.8ca19012fa3f2a906f23c3b41f11ffed,00185__salted__broad__cp200B__fragment.8ca19012fa3f2a906f23c3b41f11ffed,broad,200B,fragment,,,,"price, click","p​r​i​c​e, c​l​i​c​k"
00185.8ca19012fa3f2a906f23c3b41f11ffed,00185__salted__broad__cp200C__fragment.8ca19012fa3f2a906f23c3b41f11ffed,broad,200C,fragment,,,,"price, click","p‌r‌i‌c‌e, c‌l‌i‌c‌k"
00185.8ca19012fa3f2a906f23c3b41f11ffed,00185__salted__broad__cp200D__fragment.8ca19012fa3f2a906f23c3b41f11ffed,broad,200D,fragment,,,,"price, click","p‍r‍i‍c‍e, c‍l‍i‍c‍k"
00185.8ca19012fa3f2a906f23c3b41f11ffed,00185__salted__broad__cp00AD__fragment.8ca19012fa3f2a906f23c3b41f11ffed,broad,00AD,fragment,,,,"price, click","p­r­i­c­e, c­l­i­c­k"
00186.a66b4fc4ab114c9cb37e1a31d1ea1aeb,00186__salted__broad__cp200B__fragment.a66b4fc4ab114c9cb37e1a31d1ea1aeb,broad,200B,fragment,,,,"Click, City, receive","C​l​i​c​k, C​i​t​y, r​e​c​e​i​v​e"
00186.a66b4fc4ab114c9cb37e1a31d1ea1aeb,00186__salted__broad__cp200C__fragment.a66b4fc4ab114c9cb37e1a31d1ea1aeb,broad,200C,fragment,,,,"Click, City, receive","C‌l‌i‌c‌k, C‌i‌t‌y, r‌e‌c‌e‌i‌v‌e"
00186.a66b4fc4ab114c9cb37e1a31d1ea1aeb,00186__salted__broad__cp200D__fragment.a66b4fc4ab114c9cb37e1a31d1ea1aeb,broad,200D,fragment,,,,"Click, City, receive","C‍l‍i‍c‍k, C‍i‍t‍y, r‍e‍c‍e‍i‍v‍e"
00186.a66b4fc4ab114c9cb37e1a31d1ea1aeb,00186__salted__broad__cp00AD__fragment.a66b4fc4ab114c9cb37e1a31d1ea1aeb,broad,00AD,fragment,,,,"Click, City, receive","C­l­i­c­k, C­i­t­y, r­e­c­e­i­v­e"
00187.3fb9a7078bff0530ea52484a32c5d7e0,00187__salted__broad__cp200B__fragment.3fb9a7078bff0530ea52484a32c5d7e0,broad,200B,fragment,,Opportunity,O​p​p​o​r​t​u​n​i​t​y,"opportunity, advertise, opportunity","o​p​p​o​r​t​u​n​i​t​y, a​d​v​e​r​t​i​s​e, o​p​p​o​r​t​u​n​i​t​y"
00187.3fb9a7078bff0530ea52484a32c5d7e0,00187__salted__broad__cp200C__fragment.3fb9a7078bff0530ea52484a32c5d7e0,broad,200C,fragment,,Opportunity,O‌p‌p‌o‌r‌t‌u‌n‌i‌t‌y,"opportunity, advertise, opportunity","o‌p‌p‌o‌r‌t‌u‌n‌i‌t‌y, a‌d‌v‌e‌r‌t‌i‌s‌e, o‌p‌p‌o‌r‌t‌u‌n‌i‌t‌y"
00187.3fb9a7078bff0530ea52484a32c5d7e0,00187__salted__broad__cp200D__fragment.3fb9a7078bff0530ea52484a32c5d7e0,broad,200D,fragment,,Opportunity,O‍p‍p‍o‍r‍t‍u‍n‍i‍t‍y,"opportunity, advertise, opportunity","o‍p‍p‍o‍r‍t‍u‍n‍i‍t‍y, a‍d‍v‍e‍r‍t‍i‍s‍e, o‍p‍p‍o‍r‍t‍u‍n‍i‍t‍y"
00187.3fb9a7078bff0530ea52484a32c5d7e0,00187__salted__broad__cp00AD__fragment.3fb9a7078bff0530ea52484a32c5d7e0,broad,00AD,fragment,,Opportunity,O­p­p­o­r­t­u­n­i­t­y,"opportunity, advertise, opportunity","o­p­p­o­r­t­u­n­i­t­y, a­d­v­e­r­t­i­s­e, o­p­p­o­r­t­u­n­i­t­y"
00187.efd97ab2034b3384606e21db00014ecb,00187__salted__broad__cp200B__fragment.efd97ab2034b3384606e21db00014ecb,broad,200B,fragment,,,,"Instructions, Risk, Trial","I​n​s​t​r​u​c​t​i​o​n​s, R​i​s​k, T​r​i​a​l"
00187.efd97ab2034b3384606e21db00014ecb,00187__salted__broad__cp200C__fragment.efd97ab2034b3384606e21db00014ecb,broad,200C,fragment,,,,"Instructions, Risk, Trial","I‌n‌s‌t‌r‌u‌c‌t‌i‌o‌n‌s, R‌i‌s‌k, T‌r‌i‌a‌l"
00187.efd97ab2034b3384606e21db00014ecb,00187__salted__broad__cp200D__fragment.efd97ab2034b3384606e21db00014ecb,broad,200D,fragment,,,,"Instructions, Risk, Trial","I‍n‍s‍t‍r‍u‍c‍t‍i‍o‍n‍s, R‍i‍s‍k, T‍r‍i‍a‍l"
00187.efd97ab2034b3384606e21db00014ecb,00187__salted__broad__cp00AD__fragment.efd97ab2034b3384606e21db00014ecb,broad,00AD,fragment,,,,"Instructions, Risk, Trial","I­n­s­t­r­u­c­t­i­o­n­s, R­i­s­k, T­r­i­a­l"
00188.b12197b37ceb97fa0cd802566c1e08db,00188__salted__broad__cp200B__fragment.b12197b37ceb97fa0cd802566c1e08db,broad,200B,fragment,,,,"trial, hours, trial","t​r​i​a​l, h​o​u​r​s, t​r​i​a​l"
00188.b12197b37ceb97fa0cd802566c1e08db,00188__salted__broad__cp200C__fragment.b12197b37ceb97fa0cd802566c1e08db,broad,200C,fragment,,,,"trial, hours, trial","t‌r‌i‌a‌l, h‌o‌u‌r‌s, t‌r‌i‌a‌l"
00188.b12197b37ceb97fa0cd802566c1e08db,00188__salted__broad__cp200D__fragment.b12197b37ceb97fa0cd802566c1e08db,broad,200D,fragment,,,,"trial, hours, trial","t‍r‍i‍a‍l, h‍o‍u‍r‍s, t‍r‍i‍a‍l"
00188.b12197b37ceb97fa0cd802566c1e08db,00188__salted__broad__cp00AD__fragment.b12197b37ceb97fa0cd802566c1e08db,broad,00AD,fragment,,,,"trial, hours, trial","t­r­i­a­l, h­o­u­r­s, t­r­i­a­l"
00190.ee2ea200e7efa602221c6492f9d9d8c0,00190__salted__broad__cp200B__fragment.ee2ea200e7efa602221c6492f9d9d8c0,broad,200B,fragment,,,,"trial, hours, trial","t​r​i​a​l, h​o​u​r​s, t​r​i​a​l"
00190.ee2ea200e7efa602221c6492f9d9d8c0,00190__salted__broad__cp200C__fragment.ee2ea200e7efa602221c6492f9d9d8c0,broad,200C,fragment,,,,"trial, hours, trial","t‌r‌i‌a‌l, h‌o‌u‌r‌s, t‌r‌i‌a‌l"
00190.ee2ea200e7efa602221c6492f9d9d8c0,00190__salted__broad__cp200D__fragment.ee2ea200e7efa602221c6492f9d9d8c0,broad,200D,fragment,,,,"trial, hours, trial","t‍r‍i‍a‍l, h‍o‍u‍r‍s, t‍r‍i‍a‍l"
00190.ee2ea200e7efa602221c6492f9d9d8c0,00190__salted__broad__cp00AD__fragment.ee2ea200e7efa602221c6492f9d9d8c0,broad,00AD,fragment,,,,"trial, hours, trial","t­r­i­a­l, h­o­u­r­s, t­r­i­a­l"
00191.9ff80a41f015b7a6c409732e41c0df07,00191__salted__broad__cp200B__fragment.9ff80a41f015b7a6c409732e41c0df07,broad,200B,fragment,,,,"offer, visitors, introduce","o​f​f​e​r, v​i​s​i​t​o​r​s, i​n​t​r​o​d​u​c​e"
00191.9ff80a41f015b7a6c409732e41c0df07,00191__salted__broad__cp200C__fragment.9ff80a41f015b7a6c409732e41c0df07,broad,200C,fragment,,,,"offer, visitors, introduce","o‌f‌f‌e‌r, v‌i‌s‌i‌t‌o‌r‌s, i‌n‌t‌r‌o‌d‌u‌c‌e"
00191.9ff80a41f015b7a6c409732e41c0df07,00191__salted__broad__cp200D__fragment.9ff80a41f015b7a6c409732e41c0df07,broad,200D,fragment,,,,"offer, visitors, introduce","o‍f‍f‍e‍r, v‍i‍s‍i‍t‍o‍r‍s, i‍n‍t‍r‍o‍d‍u‍c‍e"
00191.9ff80a41f015b7a6c409732e41c0df07,00191__salted__broad__cp00AD__fragment.9ff80a41f015b7a6c409732e41c0df07,broad,00AD,fragment,,,,"offer, visitors, introduce","o­f­f­e­r, v­i­s­i­t­o­r­s, i­n­t­r­o­d­u­c­e"
00194.767c323b4ae7a4909397e42cbd0c56a4,00194__salted__broad__cp200B__fragment.767c323b4ae7a4909397e42cbd0c56a4,broad,200B,fragment,,,,"receive, emails, remove","r​e​c​e​i​v​e, e​m​a​i​l​s, r​e​m​o​v​e"
00194.767c323b4ae7a4909397e42cbd0c56a4,00194__salted__broad__cp200C__fragment.767c323b4ae7a4909397e42cbd0c56a4,broad,200C,fragment,,,,"receive, emails, remove","r‌e‌c‌e‌i‌v‌e, e‌m‌a‌i‌l‌s, r‌e‌m‌o‌v‌e"
00194.767c323b4ae7a4909397e42cbd0c56a4,00194__salted__broad__cp200D__fragment.767c323b4ae7a4909397e42cbd0c56a4,broad,200D,fragment,,,,"receive, emails, remove","r‍e‍c‍e‍i‍v‍e, e‍m‍a‍i‍l‍s, r‍e‍m‍o‍v‍e"
00194.767c323b4ae7a4909397e42cbd0c56a4,00194__salted__broad__cp00AD__fragment.767c323b4ae7a4909397e42cbd0c56a4,broad,00AD,fragment,,,,"receive, emails, remove","r­e­c­e­i­v­e, e­m­a­i­l­s, r­e­m­o­v­e"
00196.dd21040c7757d477c967ae71b537810e,00196__salted__broad__cp200B__fragment.dd21040c7757d477c967ae71b537810e,broad,200B,fragment,,SYSTEMWORKS,S​Y​S​T​E​M​W​O​R​K​S,,
00196.dd21040c7757d477c967ae71b537810e,00196__salted__broad__cp200C__fragment.dd21040c7757d477c967ae71b537810e,broad,200C,fragment,,SYSTEMWORKS,S‌Y‌S‌T‌E‌M‌W‌O‌R‌K‌S,,
00196.dd21040c7757d477c967ae71b537810e,00196__salted__broad__cp200D__fragment.dd21040c7757d477c967ae71b537810e,broad,200D,fragment,,SYSTEMWORKS,S‍Y‍S‍T‍E‍M‍W‍O‍R‍K‍S,,
00196.dd21040c7757d477c967ae71b537810e,00196__salted__broad__cp00AD__fragment.dd21040c7757d477c967ae71b537810e,broad,00AD,fragment,,SYSTEMWORKS,S­Y­S­T­E­M­W­O­R­K­S,,
00198.150ad975a44e356b479b88d8b57edc40,00198__salted__broad__cp200B__fragment.150ad975a44e356b479b88d8b57edc40,broad,200B,fragment,,Unlimited,U​n​l​i​m​i​t​e​d,"Unlimited, registered, wish","U​n​l​i​m​i​t​e​d, r​e​g​i​s​t​e​r​e​d, w​i​s​h"
00198.150ad975a44e356b479b88d8b57edc40,00198__salted__broad__cp200C__fragment.150ad975a44e356b479b88d8b57edc40,broad,200C,fragment,,Unlimited,U‌n‌l‌i‌m‌i‌t‌e‌d,"Unlimited, registered, wish","U‌n‌l‌i‌m‌i‌t‌e‌d, r‌e‌g‌i‌s‌t‌e‌r‌e‌d, w‌i‌s‌h"
00198.150ad975a44e356b479b88d8b57edc40,00198__salted__broad__cp200D__fragment.150ad975a44e356b479b88d8b57edc40,broad,200D,fragment,,Unlimited,U‍n‍l‍i‍m‍i‍t‍e‍d,"Unlimited, registered, wish","U‍n‍l‍i‍m‍i‍t‍e‍d, r‍e‍g‍i‍s‍t‍e‍r‍e‍d, w‍i‍s‍h"
00198.150ad975a44e356b479b88d8b57edc40,00198__salted__broad__cp00AD__fragment.150ad975a44e356b479b88d8b57edc40,broad,00AD,fragment,,Unlimited,U­n­l­i­m­i­t­e­d,"Unlimited, registered, wish","U­n­l­i­m­i­t­e­d, r­e­g­i­s­t­e­r­e­d, w­i­s­h"
00207.0b71ac81a360455c1514f5872564b1e1,00207__salted__broad__cp200B__fragment.0b71ac81a360455c1514f5872564b1e1,broad,200B,fragment,,Income,I​n​c​o​m​e,"offers, products, offer","o​f​f​e​r​s, p​r​o​d​u​c​t​s, o​f​f​e​r"
00207.0b71ac81a360455c1514f5872564b1e1,00207__salted__broad__cp200C__fragment.0b71ac81a360455c1514f5872564b1e1,broad,200C,fragment,,Income,I‌n‌c‌o‌m‌e,"offers, products, offer","o‌f‌f‌e‌r‌s, p‌r‌o‌d‌u‌c‌t‌s, o‌f‌f‌e‌r"
00207.0b71ac81a360455c1514f5872564b1e1,00207__salted__broad__cp200D__fragment.0b71ac81a360455c1514f5872564b1e1,broad,200D,fragment,,Income,I‍n‍c‍o‍m‍e,"offers, products, offer","o‍f‍f‍e‍r‍s, p‍r‍o‍d‍u‍c‍t‍s, o‍f‍f‍e‍r"
00207.0b71ac81a360455c1514f5872564b1e1,00207__salted__broad__cp00AD__fragment.0b71ac81a360455c1514f5872564b1e1,broad,00AD,fragment,,Income,I­n­c­o­m­e,"offers, products, offer","o­f­f­e­r­s, p­r­o­d­u­c­t­s, o­f­f­e­r"
00209.5276f967533f2ce0209c1eff631a86ff,00209__salted__broad__cp200B__fragment.5276f967533f2ce0209c1eff631a86ff,broad,200B,fragment,,,,"rates, City, financial","r​a​t​e​s, C​i​t​y, f​i​n​a​n​c​i​a​l"
00209.5276f967533f2ce0209c1eff631a86ff,00209__salted__broad__cp200C__fragment.5276f967533f2ce0209c1eff631a86ff,broad,200C,fragment,,,,"rates, City, financial","r‌a‌t‌e‌s, C‌i‌t‌y, f‌i‌n‌a‌n‌c‌i‌a‌l"
00209.5276f967533f2ce0209c1eff631a86ff,00209__salted__broad__cp200D__fragment.5276f967533f2ce0209c1eff631a86ff,broad,200D,fragment,,,,"rates, City, financial","r‍a‍t‍e‍s, C‍i‍t‍y, f‍i‍n‍a‍n‍c‍i‍a‍l"
00209.5276f967533f2ce0209c1eff631a86ff,00209__salted__broad__cp00AD__fragment.5276f967533f2ce0209c1eff631a86ff,broad,00AD,fragment,,,,"rates, City, financial","r­a­t­e­s, C­i­t­y, f­i­n­a­n­c­i­a­l"
00211.4a52fb081c7087c4a82402342751e755,00211__salted__broad__cp200B__fragment.4a52fb081c7087c4a82402342751e755,broad,200B,fragment,,ADV,A​D​V,"remove, toll, Sincerely","r​e​m​o​v​e, t​o​l​l, S​i​n​c​e​r​e​l​y"
00211.4a52fb081c7087c4a82402342751e755,00211__salted__broad__cp200C__fragment.4a52fb081c7087c4a82402342751e755,broad,200C,fragment,,ADV,A‌D‌V,"remove, toll, Sincerely","r‌e‌m‌o‌v‌e, t‌o‌l‌l, S‌i‌n‌c‌e‌r‌e‌l‌y"
00211.4a52fb081c7087c4a82402342751e755,00211__salted__broad__cp200D__fragment.4a52fb081c7087c4a82402342751e755,broad,200D,fragment,,ADV,A‍D‍V,"remove, toll, Sincerely","r‍e‍m‍o‍v‍e, t‍o‍l‍l, S‍i‍n‍c‍e‍r‍e‍l‍y"
00211.4a52fb081c7087c4a82402342751e755,00211__salted__broad__cp00AD__fragment.4a52fb081c7087c4a82402342751e755,broad,00AD,fragment,,ADV,A­D­V,"remove, toll, Sincerely","r­e­m­o­v­e, t­o­l­l, S­i­n­c­e­r­e­l­y"
00214.1367039e50dc6b7adb0f2aa8aba83216,00214__salted__broad__cp200B__fragment.1367039e50dc6b7adb0f2aa8aba83216,broad,200B,fragment,,Dare,D​a​r​e,"dare, annuity, Guaranteed","d​a​r​e, a​n​n​u​i​t​y, G​u​a​r​a​n​t​e​e​d"
00214.1367039e50dc6b7adb0f2aa8aba83216,00214__salted__broad__cp200C__fragment.1367039e50dc6b7adb0f2aa8aba83216,broad,200C,fragment,,Dare,D‌a‌r‌e,"dare, annuity, Guaranteed","d‌a‌r‌e, a‌n‌n‌u‌i‌t‌y, G‌u‌a‌r‌a‌n‌t‌e‌e‌d"
00214.1367039e50dc6b7adb0f2aa8aba83216,00214__salted__broad__cp200D__fragment.1367039e50dc6b7adb0f2aa8aba83216,broad,200D,fragment,,Dare,D‍a‍r‍e,"dare, annuity, Guaranteed","d‍a‍r‍e, a‍n‍n‍u‍i‍t‍y, G‍u‍a‍r‍a‍n‍t‍e‍e‍d"
00214.1367039e50dc6b7adb0f2aa8aba83216,00214__salted__broad__cp00AD__fragment.1367039e50dc6b7adb0f2aa8aba83216,broad,00AD,fragment,,Dare,D­a­r­e,"dare, annuity, Guaranteed","d­a­r­e, a­n­n­u­i­t­y, G­u­a­r­a­n­t­e­e­d"
00217.43b4ef3d9c56cf42be9c37b546a19e78,00217__salted__broad__cp200B__fragment.43b4ef3d9c56cf42be9c37b546a19e78,broad,200B,fragment,,MLM,M​L​M,,
00217.43b4ef3d9c56cf42be9c37b546a19e78,00217__salted__broad__cp200C__fragment.43b4ef3d9c56cf42be9c37b546a19e78,broad,200C,fragment,,MLM,M‌L‌M,,
00217.43b4ef3d9c56cf42be9c37b546a19e78,00217__salted__broad__cp200D__fragment.43b4ef3d9c56cf42be9c37b546a19e78,broad,200D,fragment,,MLM,M‍L‍M,,
00217.43b4ef3d9c56cf42be9c37b546a19e78,00217__salted__broad__cp00AD__fragment.43b4ef3d9c56cf42be9c37b546a19e78,broad,00AD,fragment,,MLM,M­L­M,,
00224.0654fe0af51e1dcefa0eb66eb932f55f,00224__salted__broad__cp200B__fragment.0654fe0af51e1dcefa0eb66eb932f55f,broad,200B,fragment,,URGENT,U​R​G​E​N​T,"Dear, sir, investment","D​e​a​r, s​i​r, i​n​v​e​s​t​m​e​n​t"
00224.0654fe0af51e1dcefa0eb66eb932f55f,00224__salted__broad__cp200C__fragment.0654fe0af51e1dcefa0eb66eb932f55f,broad,200C,fragment,,URGENT,U‌R‌G‌E‌N‌T,"Dear, sir, investment","D‌e‌a‌r, s‌i‌r, i‌n‌v‌e‌s‌t‌m‌e‌n‌t"
00224.0654fe0af51e1dcefa0eb66eb932f55f,00224__salted__broad__cp200D__fragment.0654fe0af51e1dcefa0eb66eb932f55f,broad,200D,fragment,,URGENT,U‍R‍G‍E‍N‍T,"Dear, sir, investment","D‍e‍a‍r, s‍i‍r, i‍n‍v‍e‍s‍t‍m‍e‍n‍t"
00224.0654fe0af51e1dcefa0eb66eb932f55f,00224__salted__broad__cp00AD__fragment.0654fe0af51e1dcefa0eb66eb932f55f,broad,00AD,fragment,,URGENT,U­R­G­E­N­T,"Dear, sir, investment","D­e­a­r, s­i­r, i­n­v­e­s­t­m­e­n­t"
00228.cf58326ab05a757c7e759acc8d6b360d,00228__salted__broad__cp200B__fragment.cf58326ab05a757c7e759acc8d6b360d,broad,200B,fragment,,kindly,k​i​n​d​l​y,"URGENT, ASSISTANCE, contact","U​R​G​E​N​T, A​S​S​I​S​T​A​N​C​E, c​o​n​t​a​c​t"
00228.cf58326ab05a757c7e759acc8d6b360d,00228__salted__broad__cp200C__fragment.cf58326ab05a757c7e759acc8d6b360d,broad,200C,fragment,,kindly,k‌i‌n‌d‌l‌y,"URGENT, ASSISTANCE, contact","U‌R‌G‌E‌N‌T, A‌S‌S‌I‌S‌T‌A‌N‌C‌E, c‌o‌n‌t‌a‌c‌t"
00228.cf58326ab05a757c7e759acc8d6b360d,00228__salted__broad__cp200D__fragment.cf58326ab05a757c7e759acc8d6b360d,broad,200D,fragment,,kindly,k‍i‍n‍d‍l‍y,"URGENT, ASSISTANCE, contact","U‍R‍G‍E‍N‍T, A‍S‍S‍I‍S‍T‍A‍N‍C‍E, c‍o‍n‍t‍a‍c‍t"
00228.cf58326ab05a757c7e759acc8d6b360d,00228__salted__broad__cp00AD__fragment.cf58326ab05a757c7e759acc8d6b360d,broad,00AD,fragment,,kindly,k­i­n­d­l­y,"URGENT, ASSISTANCE, contact","U­R­G­E­N­T, A­S­S­I­S­T­A­N­C­E, c­o­n­t­a­c­t"
00231.8c72952de376293bc38d30834c0bb580,00231__salted__broad__cp200B__fragment.8c72952de376293bc38d30834c0bb580,broad,200B,fragment,,HGH,H​G​H,,
00231.8c72952de376293bc38d30834c0bb580,00231__salted__broad__cp200C__fragment.8c72952de376293bc38d30834c0bb580,broad,200C,fragment,,HGH,H‌G‌H,,
00231.8c72952de376293bc38d30834c0bb580,00231__salted__broad__cp200D__fragment.8c72952de376293bc38d30834c0bb580,broad,200D,fragment,,HGH,H‍G‍H,,
00231.8c72952de376293bc38d30834c0bb580,00231__salted__broad__cp00AD__fragment.8c72952de376293bc38d30834c0bb580,broad,00AD,fragment,,HGH,H­G­H,,
00233.3c32285387ebc0675adb029b9e20e581,00233__salted__broad__cp200B__fragment.3c32285387ebc0675adb029b9e20e581,broad,200B,fragment,,Guaranteed,G​u​a​r​a​n​t​e​e​d,"Guarantee, Payments, Rates","G​u​a​r​a​n​t​e​e, P​a​y​m​e​n​t​s, R​a​t​e​s"
00233.3c32285387ebc0675adb029b9e20e581,00233__salted__broad__cp200C__fragment.3c32285387ebc0675adb029b9e20e581,broad,200C,fragment,,Guaranteed,G‌u‌a‌r‌a‌n‌t‌e‌e‌d,"Guarantee, Payments, Rates","G‌u‌a‌r‌a‌n‌t‌e‌e, P‌a‌y‌m‌e‌n‌t‌s, R‌a‌t‌e‌s"
00233.3c32285387ebc0675adb029b9e20e581,00233__salted__broad__cp200D__fragment.3c32285387ebc0675adb029b9e20e581,broad,200D,fragment,,Guaranteed,G‍u‍a‍r‍a‍n‍t‍e‍e‍d,"Guarantee, Payments, Rates","G‍u‍a‍r‍a‍n‍t‍e‍e, P‍a‍y‍m‍e‍n‍t‍s, R‍a‍t‍e‍s"
00233.3c32285387ebc0675adb029b9e20e581,00233__salted__broad__cp00AD__fragment.3c32285387ebc0675adb029b9e20e581,broad,00AD,fragment,,Guaranteed,G­u­a­r­a­n­t­e­e­d,"Guarantee, Payments, Rates","G­u­a­r­a­n­t­e­e, P­a­y­m­e­n­t­s, R­a­t­e­s"
00236.a46588c69d43e80c618038b95eff2893,00236__salted__broad__cp200B__fragment.a46588c69d43e80c618038b95eff2893,broad,200B,fragment,,MILLION,M​I​L​L​I​O​N,"TARGETED, MILLION, Opportunity","T​A​R​G​E​T​E​D, M​I​L​L​I​O​N, O​p​p​o​r​t​u​n​i​t​y"
00236.a46588c69d43e80c618038b95eff2893,00236__salted__broad__cp200C__fragment.a46588c69d43e80c618038b95eff2893,broad,200C,fragment,,MILLION,M‌I‌L‌L‌I‌O‌N,"TARGETED, MILLION, Opportunity","T‌A‌R‌G‌E‌T‌E‌D, M‌I‌L‌L‌I‌O‌N, O‌p‌p‌o‌r‌t‌u‌n‌i‌t‌y"
00236.a46588c69d43e80c618038b95eff2893,00236__salted__broad__cp200D__fragment.a46588c69d43e80c618038b95eff2893,broad,200D,fragment,,MILLION,M‍I‍L‍L‍I‍O‍N,"TARGETED, MILLION, Opportunity","T‍A‍R‍G‍E‍T‍E‍D, M‍I‍L‍L‍I‍O‍N, O‍p‍p‍o‍r‍t‍u‍n‍i‍t‍y"
00236.a46588c69d43e80c618038b95eff2893,00236__salted__broad__cp00AD__fragment.a46588c69d43e80c618038b95eff2893,broad,00AD,fragment,,MILLION,M­I­L­L­I­O­N,"TARGETED, MILLION, Opportunity","T­A­R­G­E­T­E­D, M­I­L­L­I­O­N, O­p­p­o­r­t­u­n­i­t­y"
00246.4dc5830a5a3e1fda805613b61822bac8,00246__salted__broad__cp200B__fragment.4dc5830a5a3e1fda805613b61822bac8,broad,200B,fragment,,Profits,P​r​o​f​i​t​s,,
00246.4dc5830a5a3e1fda805613b61822bac8,00246__salted__broad__cp200C__fragment.4dc5830a5a3e1fda805613b61822bac8,broad,200C,fragment,,Profits,P‌r‌o‌f‌i‌t‌s,,
00246.4dc5830a5a3e1fda805613b61822bac8,00246__salted__broad__cp200D__fragment.4dc5830a5a3e1fda805613b61822bac8,broad,200D,fragment,,Profits,P‍r‍o‍f‍i‍t‍s,,
00246.4dc5830a5a3e1fda805613b61822bac8,00246__salted__broad__cp00AD__fragment.4dc5830a5a3e1fda805613b61822bac8,broad,00AD,fragment,,Profits,P­r­o­f­i­t­s,,
00248.2212008dd1bd6e4d2326d8c6ce81d01a,00248__salted__broad__cp200B__fragment.2212008dd1bd6e4d2326d8c6ce81d01a,broad,200B,fragment,,Financial,F​i​n​a​n​c​i​a​l,,
00248.2212008dd1bd6e4d2326d8c6ce81d01a,00248__salted__broad__cp200C__fragment.2212008dd1bd6e4d2326d8c6ce81d01a,broad,200C,fragment,,Financial,F‌i‌n‌a‌n‌c‌i‌a‌l,,
00248.2212008dd1bd6e4d2326d8c6ce81d01a,00248__salted__broad__cp200D__fragment.2212008dd1bd6e4d2326d8c6ce81d01a,broad,200D,fragment,,Financial,F‍i‍n‍a‍n‍c‍i‍a‍l,,
00248.2212008dd1bd6e4d2326d8c6ce81d01a,00248__salted__broad__cp00AD__fragment.2212008dd1bd6e4d2326d8c6ce81d01a,broad,00AD,fragment,,Financial,F­i­n­a­n­c­i­a­l,,
00248.b243bca51ee69d6e428ca2f45f0fe41b,00248__salted__broad__cp200B__fragment.b243bca51ee69d6e428ca2f45f0fe41b,broad,200B,fragment,,,,"Qualified, Approved, proposal","Q​u​a​l​i​f​i​e​d, A​p​p​r​o​v​e​d, p​r​o​p​o​s​a​l"
00248.b243bca51ee69d6e428ca2f45f0fe41b,00248__salted__broad__cp200C__fragment.b243bca51ee69d6e428ca2f45f0fe41b,broad,200C,fragment,,,,"Qualified, Approved, proposal","Q‌u‌a‌l‌i‌f‌i‌e‌d, A‌p‌p‌r‌o‌v‌e‌d, p‌r‌o‌p‌o‌s‌a‌l"
00248.b243bca51ee69d6e428ca2f45f0fe41b,00248__salted__broad__cp200D__fragment.b243bca51ee69d6e428ca2f45f0fe41b,broad,200D,fragment,,,,"Qualified, Approved, proposal","Q‍u‍a‍l‍i‍f‍i‍e‍d, A‍p‍p‍r‍o‍v‍e‍d, p‍r‍o‍p‍o‍s‍a‍l"
00248.b243bca51ee69d6e428ca2f45f0fe41b,00248__salted__broad__cp00AD__fragment.b243bca51ee69d6e428ca2f45f0fe41b,broad,00AD,fragment,,,,"Qualified, Approved, proposal","Q­u­a­l­i­f­i­e­d, A­p­p­r­o­v­e­d, p­r­o­p­o­s­a­l"
00249.5f45607c1bffe89f60ba1ec9f878039a,00249__salted__broad__cp200B__fragment.5f45607c1bffe89f60ba1ec9f878039a,broad,200B,fragment,,mortgage,m​o​r​t​g​a​g​e,"Dear, Rates, lowest","D​e​a​r, R​a​t​e​s, l​o​w​e​s​t"
00249.5f45607c1bffe89f60ba1ec9f878039a,00249__salted__broad__cp200C__fragment.5f45607c1bffe89f60ba1ec9f878039a,broad,200C,fragment,,mortgage,m‌o‌r‌t‌g‌a‌g‌e,"Dear, Rates, lowest","D‌e‌a‌r, R‌a‌t‌e‌s, l‌o‌w‌e‌s‌t"
00249.5f45607c1bffe89f60ba1ec9f878039a,00249__salted__broad__cp200D__fragment.5f45607c1bffe89f60ba1ec9f878039a,broad,200D,fragment,,mortgage,m‍o‍r‍t‍g‍a‍g‍e,"Dear, Rates, lowest","D‍e‍a‍r, R‍a‍t‍e‍s, l‍o‍w‍e‍s‍t"
00249.5f45607c1bffe89f60ba1ec9f878039a,00249__salted__broad__cp00AD__fragment.5f45607c1bffe89f60ba1ec9f878039a,broad,00AD,fragment,,mortgage,m­o­r­t­g­a­g­e,"Dear, Rates, lowest","D­e­a­r, R­a­t­e­s, l­o­w­e­s­t"
00251.6b4b7e79e1706156839a00817d774e37,00251__salted__broad__cp200B__fragment.6b4b7e79e1706156839a00817d774e37,broad,200B,fragment,,SYSTEMWORKS,S​Y​S​T​E​M​W​O​R​K​S,,
00251.6b4b7e79e1706156839a00817d774e37,00251__salted__broad__cp200C__fragment.6b4b7e79e1706156839a00817d774e37,broad,200C,fragment,,SYSTEMWORKS,S‌Y‌S‌T‌E‌M‌W‌O‌R‌K‌S,,
00251.6b4b7e79e1706156839a00817d774e37,00251__salted__broad__cp200D__fragment.6b4b7e79e1706156839a00817d774e37,broad,200D,fragment,,SYSTEMWORKS,S‍Y‍S‍T‍E‍M‍W‍O‍R‍K‍S,,
00251.6b4b7e79e1706156839a00817d774e37,00251__salted__broad__cp00AD__fragment.6b4b7e79e1706156839a00817d774e37,broad,00AD,fragment,,SYSTEMWORKS,S­Y­S­T­E­M­W­O­R­K­S,,
00261.12b64e557e52daf5fc5a52e47df2f4e3,00261__salted__broad__cp200B__fragment.12b64e557e52daf5fc5a52e47df2f4e3,broad,200B,fragment,,Skills,S​k​i​l​l​s,"skills, comprehensive, RISK","s​k​i​l​l​s, c​o​m​p​r​e​h​e​n​s​i​v​e, R​I​S​K"
00261.12b64e557e52daf5fc5a52e47df2f4e3,00261__salted__broad__cp200C__fragment.12b64e557e52daf5fc5a52e47df2f4e3,broad,200C,fragment,,Skills,S‌k‌i‌l‌l‌s,"skills, comprehensive, RISK","s‌k‌i‌l‌l‌s, c‌o‌m‌p‌r‌e‌h‌e‌n‌s‌i‌v‌e, R‌I‌S‌K"
00261.12b64e557e52daf5fc5a52e47df2f4e3,00261__salted__broad__cp200D__fragment.12b64e557e52daf5fc5a52e47df2f4e3,broad,200D,fragment,,Skills,S‍k‍i‍l‍l‍s,"skills, comprehensive, RISK","s‍k‍i‍l‍l‍s, c‍o‍m‍p‍r‍e‍h‍e‍n‍s‍i‍v‍e, R‍I‍S‍K"
00261.12b64e557e52daf5fc5a52e47df2f4e3,00261__salted__broad__cp00AD__fragment.12b64e557e52daf5fc5a52e47df2f4e3,broad,00AD,fragment,,Skills,S­k­i­l­l­s,"skills, comprehensive, RISK","s­k­i­l­l­s, c­o­m­p­r­e­h­e­n­s­i­v­e, R­I­S­K"
00263.32b258c4cc08d235b2ca36fc16074f08,00263__salted__broad__cp200B__fragment.32b258c4cc08d235b2ca36fc16074f08,broad,200B,fragment,,Desk,D​e​s​k,"Click, enemies, click","C​l​i​c​k, e​n​e​m​i​e​s, c​l​i​c​k"
00263.32b258c4cc08d235b2ca36fc16074f08,00263__salted__broad__cp200C__fragment.32b258c4cc08d235b2ca36fc16074f08,broad,200C,fragment,,Desk,D‌e‌s‌k,"Click, enemies, click","C‌l‌i‌c‌k, e‌n‌e‌m‌i‌e‌s, c‌l‌i‌c‌k"
00263.32b258c4cc08d235b2ca36fc16074f08,00263__salted__broad__cp200D__fragment.32b258c4cc08d235b2ca36fc16074f08,broad,200D,fragment,,Desk,D‍e‍s‍k,"Click, enemies, click","C‍l‍i‍c‍k, e‍n‍e‍m‍i‍e‍s, c‍l‍i‍c‍k"
00263.32b258c4cc08d235b2ca36fc16074f08,00263__salted__broad__cp00AD__fragment.32b258c4cc08d235b2ca36fc16074f08,broad,00AD,fragment,,Desk,D­e­s­k,"Click, enemies, click","C­l­i­c­k, e­n­e­m­i­e­s, c­l­i­c­k"
00264.02b614f34aa0d5970959123b9386b285,00264__salted__broad__cp200B__fragment.02b614f34aa0d5970959123b9386b285,broad,200B,fragment,,,,"offer, visitors, introduce","o​f​f​e​r, v​i​s​i​t​o​r​s, i​n​t​r​o​d​u​c​e"
00264.02b614f34aa0d5970959123b9386b285,00264__salted__broad__cp200C__fragment.02b614f34aa0d5970959123b9386b285,broad,200C,fragment,,,,"offer, visitors, introduce","o‌f‌f‌e‌r, v‌i‌s‌i‌t‌o‌r‌s, i‌n‌t‌r‌o‌d‌u‌c‌e"
00264.02b614f34aa0d5970959123b9386b285,00264__salted__broad__cp200D__fragment.02b614f34aa0d5970959123b9386b285,broad,200D,fragment,,,,"offer, visitors, introduce","o‍f‍f‍e‍r, v‍i‍s‍i‍t‍o‍r‍s, i‍n‍t‍r‍o‍d‍u‍c‍e"
00264.02b614f34aa0d5970959123b9386b285,00264__salted__broad__cp00AD__fragment.02b614f34aa0d5970959123b9386b285,broad,00AD,fragment,,,,"offer, visitors, introduce","o­f­f­e­r, v­i­s­i­t­o­r­s, i­n­t­r­o­d­u­c­e"
00279.1d58a13e343c1e53aca2ed2121a3f815,00279__salted__broad__cp200B__fragment.1d58a13e343c1e53aca2ed2121a3f815,broad,200B,fragment,,urgent,u​r​g​e​n​t,"City, DEAR, SIR","C​i​t​y, D​E​A​R, S​I​R"
00279.1d58a13e343c1e53aca2ed2121a3f815,00279__salted__broad__cp200C__fragment.1d58a13e343c1e53aca2ed2121a3f815,broad,200C,fragment,,urgent,u‌r‌g‌e‌n‌t,"City, DEAR, SIR","C‌i‌t‌y, D‌E‌A‌R, S‌I‌R"
00279.1d58a13e343c1e53aca2ed2121a3f815,00279__salted__broad__cp200D__fragment.1d58a13e343c1e53aca2ed2121a3f815,broad,200D,fragment,,urgent,u‍r‍g‍e‍n‍t,"City, DEAR, SIR","C‍i‍t‍y, D‍E‍A‍R, S‍I‍R"
00279.1d58a13e343c1e53aca2ed2121a3f815,00279__salted__broad__cp00AD__fragment.1d58a13e343c1e53aca2ed2121a3f815,broad,00AD,fragment,,urgent,u­r­g­e­n­t,"City, DEAR, SIR","C­i­t­y, D­E­A­R, S­I­R"
00280.026da2bd191f11081b8d8428134b0c66,00280__salted__broad__cp200B__fragment.026da2bd191f11081b8d8428134b0c66,broad,200B,fragment,,,,"million, Promotion, Deposit","m​i​l​l​i​o​n, P​r​o​m​o​t​i​o​n, D​e​p​o​s​i​t"
00280.026da2bd191f11081b8d8428134b0c66,00280__salted__broad__cp200C__fragment.026da2bd191f11081b8d8428134b0c66,broad,200C,fragment,,,,"million, Promotion, Deposit","m‌i‌l‌l‌i‌o‌n, P‌r‌o‌m‌o‌t‌i‌o‌n, D‌e‌p‌o‌s‌i‌t"
00280.026da2bd191f11081b8d8428134b0c66,00280__salted__broad__cp200D__fragment.026da2bd191f11081b8d8428134b0c66,broad,200D,fragment,,,,"million, Promotion, Deposit","m‍i‍l‍l‍i‍o‍n, P‍r‍o‍m‍o‍t‍i‍o‍n, D‍e‍p‍o‍s‍i‍t"
00280.026da2bd191f11081b8d8428134b0c66,00280__salted__broad__cp00AD__fragment.026da2bd191f11081b8d8428134b0c66,broad,00AD,fragment,,,,"million, Promotion, Deposit","m­i­l­l­i­o­n, P­r­o­m­o­t­i­o­n, D­e­p­o­s­i­t"
00284.227c1ebb961320cd2086d904d698c49b,00284__salted__broad__cp200B__fragment.227c1ebb961320cd2086d904d698c49b,broad,200B,fragment,,,,"Financial, RATES, Premium","F​i​n​a​n​c​i​a​l, R​A​T​E​S, P​r​e​m​i​u​m"
00284.227c1ebb961320cd2086d904d698c49b,00284__salted__broad__cp200C__fragment.227c1ebb961320cd2086d904d698c49b,broad,200C,fragment,,,,"Financial, RATES, Premium","F‌i‌n‌a‌n‌c‌i‌a‌l, R‌A‌T‌E‌S, P‌r‌e‌m‌i‌u‌m"
00284.227c1ebb961320cd2086d904d698c49b,00284__salted__broad__cp200D__fragment.227c1ebb961320cd2086d904d698c49b,broad,200D,fragment,,,,"Financial, RATES, Premium","F‍i‍n‍a‍n‍c‍i‍a‍l, R‍A‍T‍E‍S, P‍r‍e‍m‍i‍u‍m"
00284.227c1ebb961320cd2086d904d698c49b,00284__salted__broad__cp00AD__fragment.227c1ebb961320cd2086d904d698c49b,broad,00AD,fragment,,,,"Financial, RATES, Premium","F­i­n­a­n­c­i­a­l, R­A­T­E­S, P­r­e­m­i­u­m"
00287.b0495a4dbdff36654c3b3ee2f92bdbf3,00287__salted__broad__cp200B__fragment.b0495a4dbdff36654c3b3ee2f92bdbf3,broad,200B,fragment,,,,"sale, sale, receive","s​a​l​e, s​a​l​e, r​e​c​e​i​v​e"
00287.b0495a4dbdff36654c3b3ee2f92bdbf3,00287__salted__broad__cp200C__fragment.b0495a4dbdff36654c3b3ee2f92bdbf3,broad,200C,fragment,,,,"sale, sale, receive","s‌a‌l‌e, s‌a‌l‌e, r‌e‌c‌e‌i‌v‌e"
00287.b0495a4dbdff36654c3b3ee2f92bdbf3,00287__salted__broad__cp200D__fragment.b0495a4dbdff36654c3b3ee2f92bdbf3,broad,200D,fragment,,,,"sale, sale, receive","s‍a‍l‍e, s‍a‍l‍e, r‍e‍c‍e‍i‍v‍e"
00287.b0495a4dbdff36654c3b3ee2f92bdbf3,00287__salted__broad__cp00AD__fragment.b0495a4dbdff36654c3b3ee2f92bdbf3,broad,00AD,fragment,,,,"sale, sale, receive","s­a­l­e, s­a­l­e, r­e­c­e­i­v­e"
00289.61a681a72c71512f115ad65033acc7c9,00289__salted__broad__cp200B__fragment.61a681a72c71512f115ad65033acc7c9,broad,200B,fragment,,Million,M​i​l​l​i​o​n,"independent, Visit, Visit","i​n​d​e​p​e​n​d​e​n​t, V​i​s​i​t, V​i​s​i​t"
00289.61a681a72c71512f115ad65033acc7c9,00289__salted__broad__cp200C__fragment.61a681a72c71512f115ad65033acc7c9,broad,200C,fragment,,Million,M‌i‌l‌l‌i‌o‌n,"independent, Visit, Visit","i‌n‌d‌e‌p‌e‌n‌d‌e‌n‌t, V‌i‌s‌i‌t, V‌i‌s‌i‌t"
00289.61a681a72c71512f115ad65033acc7c9,00289__salted__broad__cp200D__fragment.61a681a72c71512f115ad65033acc7c9,broad,200D,fragment,,Million,M‍i‍l‍l‍i‍o‍n,"independent, Visit, Visit","i‍n‍d‍e‍p‍e‍n‍d‍e‍n‍t, V‍i‍s‍i‍t, V‍i‍s‍i‍t"
00289.61a681a72c71512f115ad65033acc7c9,00289__salted__broad__cp00AD__fragment.61a681a72c71512f115ad65033acc7c9,broad,00AD,fragment,,Million,M­i­l­l­i­o­n,"independent, Visit, Visit","i­n­d­e­p­e­n­d­e­n­t, V­i­s­i­t, V­i­s­i­t"
00291.7aa227e74e89bdd529a3875459d0d5a2,00291__salted__broad__cp200B__fragment.7aa227e74e89bdd529a3875459d0d5a2,broad,200B,fragment,,,,"Click, City, receive","C​l​i​c​k, C​i​t​y, r​e​c​e​i​v​e"
00291.7aa227e74e89bdd529a3875459d0d5a2,00291__salted__broad__cp200C__fragment.7aa227e74e89bdd529a3875459d0d5a2,broad,200C,fragment,,,,"Click, City, receive","C‌l‌i‌c‌k, C‌i‌t‌y, r‌e‌c‌e‌i‌v‌e"
00291.7aa227e74e89bdd529a3875459d0d5a2,00291__salted__broad__cp200D__fragment.7aa227e74e89bdd529a3875459d0d5a2,broad,200D,fragment,,,,"Click, City, receive","C‍l‍i‍c‍k, C‍i‍t‍y, r‍e‍c‍e‍i‍v‍e"
00291.7aa227e74e89bdd529a3875459d0d5a2,00291__salted__broad__cp00AD__fragment.7aa227e74e89bdd529a3875459d0d5a2,broad,00AD,fragment,,,,"Click, City, receive","C­l­i­c­k, C­i­t­y, r­e­c­e­i­v­e"
00292.dbf78a2aaa230d288eb80ab843804252,00292__salted__broad__cp200B__fragment.dbf78a2aaa230d288eb80ab843804252,broad,200B,fragment,,,,"discount, prices, exciting","d​i​s​c​o​u​n​t, p​r​i​c​e​s, e​x​c​i​t​i​n​g"
00292.dbf78a2aaa230d288eb80ab843804252,00292__salted__broad__cp200C__fragment.dbf78a2aaa230d288eb80ab843804252,broad,200C,fragment,,,,"discount, prices, exciting","d‌i‌s‌c‌o‌u‌n‌t, p‌r‌i‌c‌e‌s, e‌x‌c‌i‌t‌i‌n‌g"
00292.dbf78a2aaa230d288eb80ab843804252,00292__salted__broad__cp200D__fragment.dbf78a2aaa230d288eb80ab843804252,broad,200D,fragment,,,,"discount, prices, exciting","d‍i‍s‍c‍o‍u‍n‍t, p‍r‍i‍c‍e‍s, e‍x‍c‍i‍t‍i‍n‍g"
00292.dbf78a2aaa230d288eb80ab843804252,00292__salted__broad__cp00AD__fragment.dbf78a2aaa230d288eb80ab843804252,broad,00AD,fragment,,,,"discount, prices, exciting","d­i­s­c­o­u­n­t, p­r­i­c­e­s, e­x­c­i­t­i­n­g"
00296.85aa16f800e0aaf8755cdf23d7e035ff,00296__salted__broad__cp200B__fragment.85aa16f800e0aaf8755cdf23d7e035ff,broad,200B,fragment,,Annuity,A​n​n​u​i​t​y,"annuity, Commission, Minimum","a​n​n​u​i​t​y, C​o​m​m​i​s​s​i​o​n, M​i​n​i​m​u​m"
00296.85aa16f800e0aaf8755cdf23d7e035ff,00296__salted__broad__cp200C__fragment.85aa16f800e0aaf8755cdf23d7e035ff,broad,200C,fragment,,Annuity,A‌n‌n‌u‌i‌t‌y,"annuity, Commission, Minimum","a‌n‌n‌u‌i‌t‌y, C‌o‌m‌m‌i‌s‌s‌i‌o‌n, M‌i‌n‌i‌m‌u‌m"
00296.85aa16f800e0aaf8755cdf23d7e035ff,00296__salted__broad__cp200D__fragment.85aa16f800e0aaf8755cdf23d7e035ff,broad,200D,fragment,,Annuity,A‍n‍n‍u‍i‍t‍y,"annuity, Commission, Minimum","a‍n‍n‍u‍i‍t‍y, C‍o‍m‍m‍i‍s‍s‍i‍o‍n, M‍i‍n‍i‍m‍u‍m"
00296.85aa16f800e0aaf8755cdf23d7e035ff,00296__salted__broad__cp00AD__fragment.85aa16f800e0aaf8755cdf23d7e035ff,broad,00AD,fragment,,Annuity,A­n­n­u­i­t­y,"annuity, Commission, Minimum","a­n­n­u­i­t­y, C­o­m­m­i­s­s­i­o­n, M­i­n­i­m­u­m"
00302.7f695c69d4cbe06e91cddd2ca7cddf33,00302__salted__broad__cp200B__fragment.7f695c69d4cbe06e91cddd2ca7cddf33,broad,200B,fragment,,,,"Guaranteed, herbal, Proven","G​u​a​r​a​n​t​e​e​d, h​e​r​b​a​l, P​r​o​v​e​n"
00302.7f695c69d4cbe06e91cddd2ca7cddf33,00302__salted__broad__cp200C__fragment.7f695c69d4cbe06e91cddd2ca7cddf33,broad,200C,fragment,,,,"Guaranteed, herbal, Proven","G‌u‌a‌r‌a‌n‌t‌e‌e‌d, h‌e‌r‌b‌a‌l, P‌r‌o‌v‌e‌n"
00302.7f695c69d4cbe06e91cddd2ca7cddf33,00302__salted__broad__cp200D__fragment.7f695c69d4cbe06e91cddd2ca7cddf33,broad,200D,fragment,,,,"Guaranteed, herbal, Proven","G‍u‍a‍r‍a‍n‍t‍e‍e‍d, h‍e‍r‍b‍a‍l, P‍r‍o‍v‍e‍n"
00302.7f695c69d4cbe06e91cddd2ca7cddf33,00302__salted__broad__cp00AD__fragment.7f695c69d4cbe06e91cddd2ca7cddf33,broad,00AD,fragment,,,,"Guaranteed, herbal, Proven","G­u­a­r­a­n­t­e­e­d, h­e­r­b­a­l, P­r­o­v­e­n"
00303.22239f1393297a691eb5df3dfe7a5001,00303__salted__broad__cp200B__fragment.22239f1393297a691eb5df3dfe7a5001,broad,200B,fragment,,,,"Instructions, Risk, Trial","I​n​s​t​r​u​c​t​i​o​n​s, R​i​s​k, T​r​i​a​l"
00303.22239f1393297a691eb5df3dfe7a5001,00303__salted__broad__cp200C__fragment.22239f1393297a691eb5df3dfe7a5001,broad,200C,fragment,,,,"Instructions, Risk, Trial","I‌n‌s‌t‌r‌u‌c‌t‌i‌o‌n‌s, R‌i‌s‌k, T‌r‌i‌a‌l"
00303.22239f1393297a691eb5df3dfe7a5001,00303__salted__broad__cp200D__fragment.22239f1393297a691eb5df3dfe7a5001,broad,200D,fragment,,,,"Instructions, Risk, Trial","I‍n‍s‍t‍r‍u‍c‍t‍i‍o‍n‍s, R‍i‍s‍k, T‍r‍i‍a‍l"
00303.22239f1393297a691eb5df3dfe7a5001,00303__salted__broad__cp00AD__fragment.22239f1393297a691eb5df3dfe7a5001,broad,00AD,fragment,,,,"Instructions, Risk, Trial","I­n­s­t­r­u­c­t­i­o­n­s, R­i­s­k, T­r­i­a­l"
00305.1f2a712e25638b0a4868155b37022cf1,00305__salted__broad__cp200B__fragment.1f2a712e25638b0a4868155b37022cf1,broad,200B,fragment,,HGH,H​G​H,,
00305.1f2a712e25638b0a4868155b37022cf1,00305__salted__broad__cp200C__fragment.1f2a712e25638b0a4868155b37022cf1,broad,200C,fragment,,HGH,H‌G‌H,,
00305.1f2a712e25638b0a4868155b37022cf1,00305__salted__broad__cp200D__fragment.1f2a712e25638b0a4868155b37022cf1,broad,200D,fragment,,HGH,H‍G‍H,,
00305.1f2a712e25638b0a4868155b37022cf1,00305__salted__broad__cp00AD__fragment.1f2a712e25638b0a4868155b37022cf1,broad,00AD,fragment,,HGH,H­G­H,,
00305.f80c21904d6d4f6facd036450a588b0d,00305__salted__broad__cp200B__fragment.f80c21904d6d4f6facd036450a588b0d,broad,200B,fragment,,Prices,P​r​i​c​e​s,"BONUS, OFFER, price","B​O​N​U​S, O​F​F​E​R, p​r​i​c​e"
00305.f80c21904d6d4f6facd036450a588b0d,00305__salted__broad__cp200C__fragment.f80c21904d6d4f6facd036450a588b0d,broad,200C,fragment,,Prices,P‌r‌i‌c‌e‌s,"BONUS, OFFER, price","B‌O‌N‌U‌S, O‌F‌F‌E‌R, p‌r‌i‌c‌e"
00305.f80c21904d6d4f6facd036450a588b0d,00305__salted__broad__cp200D__fragment.f80c21904d6d4f6facd036450a588b0d,broad,200D,fragment,,Prices,P‍r‍i‍c‍e‍s,"BONUS, OFFER, price","B‍O‍N‍U‍S, O‍F‍F‍E‍R, p‍r‍i‍c‍e"
00305.f80c21904d6d4f6facd036450a588b0d,00305__salted__broad__cp00AD__fragment.f80c21904d6d4f6facd036450a588b0d,broad,00AD,fragment,,Prices,P­r­i­c­e­s,"BONUS, OFFER, price","B­O­N­U­S, O­F­F­E­R, p­r­i­c­e"
00308.fc90f8aab51648329b9e705c9021b204,00308__salted__broad__cp200B__fragment.fc90f8aab51648329b9e705c9021b204,broad,200B,fragment,,Offer,O​f​f​e​r,"Offer, bonus, premium","O​f​f​e​r, b​o​n​u​s, p​r​e​m​i​u​m"
00308.fc90f8aab51648329b9e705c9021b204,00308__salted__broad__cp200C__fragment.fc90f8aab51648329b9e705c9021b204,broad,200C,fragment,,Offer,O‌f‌f‌e‌r,"Offer, bonus, premium","O‌f‌f‌e‌r, b‌o‌n‌u‌s, p‌r‌e‌m‌i‌u‌m"
00308.fc90f8aab51648329b9e705c9021b204,00308__salted__broad__cp200D__fragment.fc90f8aab51648329b9e705c9021b204,broad,200D,fragment,,Offer,O‍f‍f‍e‍r,"Offer, bonus, premium","O‍f‍f‍e‍r, b‍o‍n‍u‍s, p‍r‍e‍m‍i‍u‍m"
00308.fc90f8aab51648329b9e705c9021b204,00308__salted__broad__cp00AD__fragment.fc90f8aab51648329b9e705c9021b204,broad,00AD,fragment,,Offer,O­f­f­e­r,"Offer, bonus, premium","O­f­f­e­r, b­o­n­u­s, p­r­e­m­i­u­m"
00311.176626eb0ec0de8f451a079083104975,00311__salted__broad__cp200B__fragment.176626eb0ec0de8f451a079083104975,broad,200B,fragment,,Financial,F​i​n​a​n​c​i​a​l,,
00311.176626eb0ec0de8f451a079083104975,00311__salted__broad__cp200C__fragment.176626eb0ec0de8f451a079083104975,broad,200C,fragment,,Financial,F‌i‌n‌a‌n‌c‌i‌a‌l,,
00311.176626eb0ec0de8f451a079083104975,00311__salted__broad__cp200D__fragment.176626eb0ec0de8f451a079083104975,broad,200D,fragment,,Financial,F‍i‍n‍a‍n‍c‍i‍a‍l,,
00311.176626eb0ec0de8f451a079083104975,00311__salted__broad__cp00AD__fragment.176626eb0ec0de8f451a079083104975,broad,00AD,fragment,,Financial,F­i­n­a­n­c­i­a­l,,
00312.5034fee7d265abd7a4194e9300de24bf,00312__salted__broad__cp200B__fragment.5034fee7d265abd7a4194e9300de24bf,broad,200B,fragment,,HGH,H​G​H,,
00312.5034fee7d265abd7a4194e9300de24bf,00312__salted__broad__cp200C__fragment.5034fee7d265abd7a4194e9300de24bf,broad,200C,fragment,,HGH,H‌G‌H,,
00312.5034fee7d265abd7a4194e9300de24bf,00312__salted__broad__cp200D__fragment.5034fee7d265abd7a4194e9300de24bf,broad,200D,fragment,,HGH,H‍G‍H,,
00312.5034fee7d265abd7a4194e9300de24bf,00312__salted__broad__cp00AD__fragment.5034fee7d265abd7a4194e9300de24bf,broad,00AD,fragment,,HGH,H­G­H,,
00319.a99dff9c010e00ec182ed5701556d330,00319__salted__broad__cp200B__fragment.a99dff9c010e00ec182ed5701556d330,broad,200B,fragment,,,,"thirty, adult, prospects","t​h​i​r​t​y, a​d​u​l​t, p​r​o​s​p​e​c​t​s"
00319.a99dff9c010e00ec182ed5701556d330,00319__salted__broad__cp200C__fragment.a99dff9c010e00ec182ed5701556d330,broad,200C,fragment,,,,"thirty, adult, prospects","t‌h‌i‌r‌t‌y, a‌d‌u‌l‌t, p‌r‌o‌s‌p‌e‌c‌t‌s"
00319.a99dff9c010e00ec182ed5701556d330,00319__salted__broad__cp200D__fragment.a99dff9c010e00ec182ed5701556d330,broad,200D,fragment,,,,"thirty, adult, prospects","t‍h‍i‍r‍t‍y, a‍d‍u‍l‍t, p‍r‍o‍s‍p‍e‍c‍t‍s"
00319.a99dff9c010e00ec182ed5701556d330,00319__salted__broad__cp00AD__fragment.a99dff9c010e00ec182ed5701556d330,broad,00AD,fragment,,,,"thirty, adult, prospects","t­h­i­r­t­y, a­d­u­l­t, p­r­o­s­p­e­c­t­s"
00333.050a95c5ed10d1e01e5da42d27d087bd,00333__salted__broad__cp200B__fragment.050a95c5ed10d1e01e5da42d27d087bd,broad,200B,fragment,,SEXUAL,S​E​X​U​A​L,,
00333.050a95c5ed10d1e01e5da42d27d087bd,00333__salted__broad__cp200C__fragment.050a95c5ed10d1e01e5da42d27d087bd,broad,200C,fragment,,SEXUAL,S‌E‌X‌U‌A‌L,,
00333.050a95c5ed10d1e01e5da42d27d087bd,00333__salted__broad__cp200D__fragment.050a95c5ed10d1e01e5da42d27d087bd,broad,200D,fragment,,SEXUAL,S‍E‍X‍U‍A‍L,,
00333.050a95c5ed10d1e01e5da42d27d087bd,00333__salted__broad__cp00AD__fragment.050a95c5ed10d1e01e5da42d27d087bd,broad,00AD,fragment,,SEXUAL,S­E­X­U­A­L,,
00337.813498483bc80a24c002e6e7e8e0f2cb,00337__salted__broad__cp200B__fragment.813498483bc80a24c002e6e7e8e0f2cb,broad,200B,fragment,,,,"investment, invest, loan","i​n​v​e​s​t​m​e​n​t, i​n​v​e​s​t, l​o​a​n"
00337.813498483bc80a24c002e6e7e8e0f2cb,00337__salted__broad__cp200C__fragment.813498483bc80a24c002e6e7e8e0f2cb,broad,200C,fragment,,,,"investment, invest, loan","i‌n‌v‌e‌s‌t‌m‌e‌n‌t, i‌n‌v‌e‌s‌t, l‌o‌a‌n"
00337.813498483bc80a24c002e6e7e8e0f2cb,00337__salted__broad__cp200D__fragment.813498483bc80a24c002e6e7e8e0f2cb,broad,200D,fragment,,,,"investment, invest, loan","i‍n‍v‍e‍s‍t‍m‍e‍n‍t, i‍n‍v‍e‍s‍t, l‍o‍a‍n"
00337.813498483bc80a24c002e6e7e8e0f2cb,00337__salted__broad__cp00AD__fragment.813498483bc80a24c002e6e7e8e0f2cb,broad,00AD,fragment,,,,"investment, invest, loan","i­n­v­e­s­t­m­e­n­t, i­n­v­e­s­t, l­o­a­n"
00344.17882edad13c2c761e6d8d99eef5a346,00344__salted__broad__cp200B__fragment.17882edad13c2c761e6d8d99eef5a346,broad,200B,fragment,,,,"instructions, Purchase, Click","i​n​s​t​r​u​c​t​i​o​n​s, P​u​r​c​h​a​s​e, C​l​i​c​k"
00344.17882edad13c2c761e6d8d99eef5a346,00344__salted__broad__cp200C__fragment.17882edad13c2c761e6d8d99eef5a346,broad,200C,fragment,,,,"instructions, Purchase, Click","i‌n‌s‌t‌r‌u‌c‌t‌i‌o‌n‌s, P‌u‌r‌c‌h‌a‌s‌e, C‌l‌i‌c‌k"
00344.17882edad13c2c761e6d8d99eef5a346,00344__salted__broad__cp200D__fragment.17882edad13c2c761e6d8d99eef5a346,broad,200D,fragment,,,,"instructions, Purchase, Click","i‍n‍s‍t‍r‍u‍c‍t‍i‍o‍n‍s, P‍u‍r‍c‍h‍a‍s‍e, C‍l‍i‍c‍k"
00344.17882edad13c2c761e6d8d99eef5a346,00344__salted__broad__cp00AD__fragment.17882edad13c2c761e6d8d99eef5a346,broad,00AD,fragment,,,,"instructions, Purchase, Click","i­n­s­t­r­u­c­t­i­o­n­s, P­u­r­c­h­a­s­e, C­l­i­c­k"
00344.e6463530b23a12554d2e6f0e08ae10a7,00344__salted__broad__cp200B__fragment.e6463530b23a12554d2e6f0e08ae10a7,broad,200B,fragment,,,,"TOLL, TEEN","T​O​L​L, T​E​E​N"
00344.e6463530b23a12554d2e6f0e08ae10a7,00344__salted__broad__cp200C__fragment.e6463530b23a12554d2e6f0e08ae10a7,broad,200C,fragment,,,,"TOLL, TEEN","T‌O‌L‌L, T‌E‌E‌N"
00344.e6463530b23a12554d2e6f0e08ae10a7,00344__salted__broad__cp200D__fragment.e6463530b23a12554d2e6f0e08ae10a7,broad,200D,fragment,,,,"TOLL, TEEN","T‍O‍L‍L, T‍E‍E‍N"
00344.e6463530b23a12554d2e6f0e08ae10a7,00344__salted__broad__cp00AD__fragment.e6463530b23a12554d2e6f0e08ae10a7,broad,00AD,fragment,,,,"TOLL, TEEN","T­O­L­L, T­E­E­N"
00345.613b3c2aeac033eebb379c91b8ce9fba,00345__salted__broad__cp200B__fragment.613b3c2aeac033eebb379c91b8ce9fba,broad,200B,fragment,,Monthly,M​o​n​t​h​l​y,,
00345.613b3c2aeac033eebb379c91b8ce9fba,00345__salted__broad__cp200C__fragment.613b3c2aeac033eebb379c91b8ce9fba,broad,200C,fragment,,Monthly,M‌o‌n‌t‌h‌l‌y,,
00345.613b3c2aeac033eebb379c91b8ce9fba,00345__salted__broad__cp200D__fragment.613b3c2aeac033eebb379c91b8ce9fba,broad,200D,fragment,,Monthly,M‍o‍n‍t‍h‍l‍y,,
00345.613b3c2aeac033eebb379c91b8ce9fba,00345__salted__broad__cp00AD__fragment.613b3c2aeac033eebb379c91b8ce9fba,broad,00AD,fragment,,Monthly,M­o­n­t­h­l­y,,
00346.d93a823fb3350a5da8f0c612ce1156cd,00346__salted__broad__cp200B__fragment.d93a823fb3350a5da8f0c612ce1156cd,broad,200B,fragment,,,,"Dear, Sir, Africa","D​e​a​r, S​i​r, A​f​r​i​c​a"
00346.d93a823fb3350a5da8f0c612ce1156cd,00346__salted__broad__cp200C__fragment.d93a823fb3350a5da8f0c612ce1156cd,broad,200C,fragment,,,,"Dear, Sir, Africa","D‌e‌a‌r, S‌i‌r, A‌f‌r‌i‌c‌a"
00346.d93a823fb3350a5da8f0c612ce1156cd,00346__salted__broad__cp200D__fragment.d93a823fb3350a5da8f0c612ce1156cd,broad,200D,fragment,,,,"Dear, Sir, Africa","D‍e‍a‍r, S‍i‍r, A‍f‍r‍i‍c‍a"
00346.d93a823fb3350a5da8f0c612ce1156cd,00346__salted__broad__cp00AD__fragment.d93a823fb3350a5da8f0c612ce1156cd,broad,00AD,fragment,,,,"Dear, Sir, Africa","D­e­a­r, S­i­r, A­f­r­i­c­a"
00354.dca4b8984863a76ffd01a33888498288,00354__salted__broad__cp200B__fragment.dca4b8984863a76ffd01a33888498288,broad,200B,fragment,,,,"Account, Offering, adult","A​c​c​o​u​n​t, O​f​f​e​r​i​n​g, a​d​u​l​t"
00354.dca4b8984863a76ffd01a33888498288,00354__salted__broad__cp200C__fragment.dca4b8984863a76ffd01a33888498288,broad,200C,fragment,,,,"Account, Offering, adult","A‌c‌c‌o‌u‌n‌t, O‌f‌f‌e‌r‌i‌n‌g, a‌d‌u‌l‌t"
00354.dca4b8984863a76ffd01a33888498288,00354__salted__broad__cp200D__fragment.dca4b8984863a76ffd01a33888498288,broad,200D,fragment,,,,"Account, Offering, adult","A‍c‍c‍o‍u‍n‍t, O‍f‍f‍e‍r‍i‍n‍g, a‍d‍u‍l‍t"
00354.dca4b8984863a76ffd01a33888498288,00354__salted__broad__cp00AD__fragment.dca4b8984863a76ffd01a33888498288,broad,00AD,fragment,,,,"Account, Offering, adult","A­c­c­o­u­n­t, O­f­f­e­r­i­n­g, a­d­u­l­t"
00356.ea7eb32330fa6bf65270023c0d99e2c5,00356__salted__broad__cp200B__fragment.ea7eb32330fa6bf65270023c0d99e2c5,broad,200B,fragment,,,,"SystemWorks, Professional, Price","S​y​s​t​e​m​W​o​r​k​s, P​r​o​f​e​s​s​i​o​n​a​l, P​r​i​c​e"
00356.ea7eb32330fa6bf65270023c0d99e2c5,00356__salted__broad__cp200C__fragment.ea7eb32330fa6bf65270023c0d99e2c5,broad,200C,fragment,,,,"SystemWorks, Professional, Price","S‌y‌s‌t‌e‌m‌W‌o‌r‌k‌s, P‌r‌o‌f‌e‌s‌s‌i‌o‌n‌a‌l, P‌r‌i‌c‌e"
00356.ea7eb32330fa6bf65270023c0d99e2c5,00356__salted__broad__cp200D__fragment.ea7eb32330fa6bf65270023c0d99e2c5,broad,200D,fragment,,,,"SystemWorks, Professional, Price","S‍y‍s‍t‍e‍m‍W‍o‍r‍k‍s, P‍r‍o‍f‍e‍s‍s‍i‍o‍n‍a‍l, P‍r‍i‍c‍e"
00356.ea7eb32330fa6bf65270023c0d99e2c5,00356__salted__broad__cp00AD__fragment.ea7eb32330fa6bf65270023c0d99e2c5,broad,00AD,fragment,,,,"SystemWorks, Professional, Price","S­y­s­t­e­m­W­o­r­k­s, P­r­o­f­e­s­s­i­o­n­a­l, P­r­i­c­e"
00359.90bec90ebeaf05f024f48594e7d7b0d5,00359__salted__broad__cp200B__fragment.90bec90ebeaf05f024f48594e7d7b0d5,broad,200B,fragment,,,,"DEAR, SIR, URGENT","D​E​A​R, S​I​R, U​R​G​E​N​T"
00359.90bec90ebeaf05f024f48594e7d7b0d5,00359__salted__broad__cp200C__fragment.90bec90ebeaf05f024f48594e7d7b0d5,broad,200C,fragment,,,,"DEAR, SIR, URGENT","D‌E‌A‌R, S‌I‌R, U‌R‌G‌E‌N‌T"
00359.90bec90ebeaf05f024f48594e7d7b0d5,00359__salted__broad__cp200D__fragment.90bec90ebeaf05f024f48594e7d7b0d5,broad,200D,fragment,,,,"DEAR, SIR, URGENT","D‍E‍A‍R, S‍I‍R, U‍R‍G‍E‍N‍T"
00359.90bec90ebeaf05f024f48594e7d7b0d5,00359__salted__broad__cp00AD__fragment.90bec90ebeaf05f024f48594e7d7b0d5,broad,00AD,fragment,,,,"DEAR, SIR, URGENT","D­E­A­R, S­I­R, U­R­G­E­N­T"
00360.3c1e6c84cb93d024c1f1aa85cd56ac9c,00360__salted__broad__cp200B__fragment.3c1e6c84cb93d024c1f1aa85cd56ac9c,broad,200B,fragment,,,,reply,r​e​p​l​y
00360.3c1e6c84cb93d024c1f1aa85cd56ac9c,00360__salted__broad__cp200C__fragment.3c1e6c84cb93d024c1f1aa85cd56ac9c,broad,200C,fragment,,,,reply,r‌e‌p‌l‌y
00360.3c1e6c84cb93d024c1f1aa85cd56ac9c,00360__salted__broad__cp200D__fragment.3c1e6c84cb93d024c1f1aa85cd56ac9c,broad,200D,fragment,,,,reply,r‍e‍p‍l‍y
00360.3c1e6c84cb93d024c1f1aa85cd56ac9c,00360__salted__broad__cp00AD__fragment.3c1e6c84cb93d024c1f1aa85cd56ac9c,broad,00AD,fragment,,,,reply,r­e­p­l­y
00361.e91ac048b0ede961d3f51009eee1c620,00361__salted__broad__cp200B__fragment.e91ac048b0ede961d3f51009eee1c620,broad,200B,fragment,,,,"LAGOS, ATTN, transaction","L​A​G​O​S, A​T​T​N, t​r​a​n​s​a​c​t​i​o​n"
00361.e91ac048b0ede961d3f51009eee1c620,00361__salted__broad__cp200C__fragment.e91ac048b0ede961d3f51009eee1c620,broad,200C,fragment,,,,"LAGOS, ATTN, transaction","L‌A‌G‌O‌S, A‌T‌T‌N, t‌r‌a‌n‌s‌a‌c‌t‌i‌o‌n"
00361.e91ac048b0ede961d3f51009eee1c620,00361__salted__broad__cp200D__fragment.e91ac048b0ede961d3f51009eee1c620,broad,200D,fragment,,,,"LAGOS, ATTN, transaction","L‍A‍G‍O‍S, A‍T‍T‍N, t‍r‍a‍n‍s‍a‍c‍t‍i‍o‍n"
00361.e91ac048b0ede961d3f51009eee1c620,00361__salted__broad__cp00AD__fragment.e91ac048b0ede961d3f51009eee1c620,broad,00AD,fragment,,,,"LAGOS, ATTN, transaction","L­A­G­O­S, A­T­T­N, t­r­a­n­s­a­c­t­i­o­n"
00369.845eeb9573484bd88a6a6224c7068d81,00369__salted__broad__cp200B__fragment.845eeb9573484bd88a6a6224c7068d81,broad,200B,fragment,,cartridges,c​a​r​t​r​i​d​g​e​s,,
00369.845eeb9573484bd88a6a6224c7068d81,00369__salted__broad__cp200C__fragment.845eeb9573484bd88a6a6224c7068d81,broad,200C,fragment,,cartridges,c‌a‌r‌t‌r‌i‌d‌g‌e‌s,,
00369.845eeb9573484bd88a6a6224c7068d81,00369__salted__broad__cp200D__fragment.845eeb9573484bd88a6a6224c7068d81,broad,200D,fragment,,cartridges,c‍a‍r‍t‍r‍i‍d‍g‍e‍s,,
00369.845eeb9573484bd88a6a6224c7068d81,00369__salted__broad__cp00AD__fragment.845eeb9573484bd88a6a6224c7068d81,broad,00AD,fragment,,cartridges,c­a­r­t­r­i­d­g­e­s,,
00373.ebe8670ac56b04125c25100a36ab0510,00373__salted__broad__cp200B__fragment.ebe8670ac56b04125c25100a36ab0510,broad,200B,fragment,,,,"SystemWorks, Professional, Price","S​y​s​t​e​m​W​o​r​k​s, P​r​o​f​e​s​s​i​o​n​a​l, P​r​i​c​e"
00373.ebe8670ac56b04125c25100a36ab0510,00373__salted__broad__cp200C__fragment.ebe8670ac56b04125c25100a36ab0510,broad,200C,fragment,,,,"SystemWorks, Professional, Price","S‌y‌s‌t‌e‌m‌W‌o‌r‌k‌s, P‌r‌o‌f‌e‌s‌s‌i‌o‌n‌a‌l, P‌r‌i‌c‌e"
00373.ebe8670ac56b04125c25100a36ab0510,00373__salted__broad__cp200D__fragment.ebe8670ac56b04125c25100a36ab0510,broad,200D,fragment,,,,"SystemWorks, Professional, Price","S‍y‍s‍t‍e‍m‍W‍o‍r‍k‍s, P‍r‍o‍f‍e‍s‍s‍i‍o‍n‍a‍l, P‍r‍i‍c‍e"
00373.ebe8670ac56b04125c25100a36ab0510,00373__salted__broad__cp00AD__fragment.ebe8670ac56b04125c25100a36ab0510,broad,00AD,fragment,,,,"SystemWorks, Professional, Price","S­y­s­t­e­m­W­o­r­k­s, P­r­o­f­e­s­s­i­o­n­a­l, P­r­i­c­e"
00374.b174d1e94449f519f3ceba87e7cefea7,00374__salted__broad__cp200B__fragment.b174d1e94449f519f3ceba87e7cefea7,broad,200B,fragment,,account,a​c​c​o​u​n​t,,
00374.b174d1e94449f519f3ceba87e7cefea7,00374__salted__broad__cp200C__fragment.b174d1e94449f519f3ceba87e7cefea7,broad,200C,fragment,,account,a‌c‌c‌o‌u‌n‌t,,
00374.b174d1e94449f519f3ceba87e7cefea7,00374__salted__broad__cp200D__fragment.b174d1e94449f519f3ceba87e7cefea7,broad,200D,fragment,,account,a‍c‍c‍o‍u‍n‍t,,
00374.b174d1e94449f519f3ceba87e7cefea7,00374__salted__broad__cp00AD__fragment.b174d1e94449f519f3ceba87e7cefea7,broad,00AD,fragment,,account,a­c­c­o­u­n­t,,
00384.2054d62f06fd10e4018a43e156b32acf,00384__salted__broad__cp200B__fragment.2054d62f06fd10e4018a43e156b32acf,broad,200B,fragment,,Guaranteed,G​u​a​r​a​n​t​e​e​d,"annuity, annuity, Financial","a​n​n​u​i​t​y, a​n​n​u​i​t​y, F​i​n​a​n​c​i​a​l"
00384.2054d62f06fd10e4018a43e156b32acf,00384__salted__broad__cp200C__fragment.2054d62f06fd10e4018a43e156b32acf,broad,200C,fragment,,Guaranteed,G‌u‌a‌r‌a‌n‌t‌e‌e‌d,"annuity, annuity, Financial","a‌n‌n‌u‌i‌t‌y, a‌n‌n‌u‌i‌t‌y, F‌i‌n‌a‌n‌c‌i‌a‌l"
00384.2054d62f06fd10e4018a43e156b32acf,00384__salted__broad__cp200D__fragment.2054d62f06fd10e4018a43e156b32acf,broad,200D,fragment,,Guaranteed,G‍u‍a‍r‍a‍n‍t‍e‍e‍d,"annuity, annuity, Financial","a‍n‍n‍u‍i‍t‍y, a‍n‍n‍u‍i‍t‍y, F‍i‍n‍a‍n‍c‍i‍a‍l"
00384.2054d62f06fd10e4018a43e156b32acf,00384__salted__broad__cp00AD__fragment.2054d62f06fd10e4018a43e156b32acf,broad,00AD,fragment,,Guaranteed,G­u­a­r­a­n­t­e­e­d,"annuity, annuity, Financial","a­n­n­u­i­t­y, a­n­n­u­i­t­y, F­i­n­a­n­c­i­a­l"
00386.6074f269f0bd1aec1546f9e654e8fcfe,00386__salted__broad__cp200B__fragment.6074f269f0bd1aec1546f9e654e8fcfe,broad,200B,fragment,,FORTUNE,F​O​R​T​U​N​E,"fortune, motivated, earn","f​o​r​t​u​n​e, m​o​t​i​v​a​t​e​d, e​a​r​n"
00386.6074f269f0bd1aec1546f9e654e8fcfe,00386__salted__broad__cp200C__fragment.6074f269f0bd1aec1546f9e654e8fcfe,broad,200C,fragment,,FORTUNE,F‌O‌R‌T‌U‌N‌E,"fortune, motivated, earn","f‌o‌r‌t‌u‌n‌e, m‌o‌t‌i‌v‌a‌t‌e‌d, e‌a‌r‌n"
00386.6074f269f0bd1aec1546f9e654e8fcfe,00386__salted__broad__cp200D__fragment.6074f269f0bd1aec1546f9e654e8fcfe,broad,200D,fragment,,FORTUNE,F‍O‍R‍T‍U‍N‍E,"fortune, motivated, earn","f‍o‍r‍t‍u‍n‍e, m‍o‍t‍i‍v‍a‍t‍e‍d, e‍a‍r‍n"
00386.6074f269f0bd1aec1546f9e654e8fcfe,00386__salted__broad__cp00AD__fragment.6074f269f0bd1aec1546f9e654e8fcfe,broad,00AD,fragment,,FORTUNE,F­O­R­T­U­N­E,"fortune, motivated, earn","f­o­r­t­u­n­e, m­o­t­i­v­a­t­e­d, e­a­r­n"
00388.a884c42d4423d7e4718db0145b3b9d9b,00388__salted__broad__cp200B__fragment.a884c42d4423d7e4718db0145b3b9d9b,broad,200B,fragment,,,,GUARANTEED,G​U​A​R​A​N​T​E​E​D
00388.a884c42d4423d7e4718db0145b3b9d9b,00388__salted__broad__cp200C__fragment.a884c42d4423d7e4718db0145b3b9d9b,broad,200C,fragment,,,,GUARANTEED,G‌U‌A‌R‌A‌N‌T‌E‌E‌D
00388.a884c42d4423d7e4718db0145b3b9d9b,00388__salted__broad__cp200D__fragment.a884c42d4423d7e4718db0145b3b9d9b,broad,200D,fragment,,,,GUARANTEED,G‍U‍A‍R‍A‍N‍T‍E‍E‍D
00388.a884c42d4423d7e4718db0145b3b9d9b,00388__salted__broad__cp00AD__fragment.a884c42d4423d7e4718db0145b3b9d9b,broad,00AD,fragment,,,,GUARANTEED,G­U­A­R­A­N­T­E­E­D
00395.74aee42fac915ca758047506ec59a21f,00395__salted__broad__cp200B__fragment.74aee42fac915ca758047506ec59a21f,broad,200B,fragment,,ADV,A​D​V,,
00395.74aee42fac915ca758047506ec59a21f,00395__salted__broad__cp200C__fragment.74aee42fac915ca758047506ec59a21f,broad,200C,fragment,,ADV,A‌D‌V,,
00395.74aee42fac915ca758047506ec59a21f,00395__salted__broad__cp200D__fragment.74aee42fac915ca758047506ec59a21f,broad,200D,fragment,,ADV,A‍D‍V,,
00395.74aee42fac915ca758047506ec59a21f,00395__salted__broad__cp00AD__fragment.74aee42fac915ca758047506ec59a21f,broad,00AD,fragment,,ADV,A­D­V,,
00409.1faf0d6f87e8b70f0bb05b9040d56fca,00409__salted__broad__cp200B__fragment.1faf0d6f87e8b70f0bb05b9040d56fca,broad,200B,fragment,,SEXUAL,S​E​X​U​A​L,,
00409.1faf0d6f87e8b70f0bb05b9040d56fca,00409__salted__broad__cp200C__fragment.1faf0d6f87e8b70f0bb05b9040d56fca,broad,200C,fragment,,SEXUAL,S‌E‌X‌U‌A‌L,,
00409.1faf0d6f87e8b70f0bb05b9040d56fca,00409__salted__broad__cp200D__fragment.1faf0d6f87e8b70f0bb05b9040d56fca,broad,200D,fragment,,SEXUAL,S‍E‍X‍U‍A‍L,,
00409.1faf0d6f87e8b70f0bb05b9040d56fca,00409__salted__broad__cp00AD__fragment.1faf0d6f87e8b70f0bb05b9040d56fca,broad,00AD,fragment,,SEXUAL,S­E­X­U­A­L,,
00409.e59f63e813b6766a9a4ddf0790634ca3,00409__salted__broad__cp200B__fragment.e59f63e813b6766a9a4ddf0790634ca3,broad,200B,fragment,,,,"Advertising, prospects, advertise","A​d​v​e​r​t​i​s​i​n​g, p​r​o​s​p​e​c​t​s, a​d​v​e​r​t​i​s​e"
00409.e59f63e813b6766a9a4ddf0790634ca3,00409__salted__broad__cp200C__fragment.e59f63e813b6766a9a4ddf0790634ca3,broad,200C,fragment,,,,"Advertising, prospects, advertise","A‌d‌v‌e‌r‌t‌i‌s‌i‌n‌g, p‌r‌o‌s‌p‌e‌c‌t‌s, a‌d‌v‌e‌r‌t‌i‌s‌e"
00409.e59f63e813b6766a9a4ddf0790634ca3,00409__salted__broad__cp200D__fragment.e59f63e813b6766a9a4ddf0790634ca3,broad,200D,fragment,,,,"Advertising, prospects, advertise","A‍d‍v‍e‍r‍t‍i‍s‍i‍n‍g, p‍r‍o‍s‍p‍e‍c‍t‍s, a‍d‍v‍e‍r‍t‍i‍s‍e"
00409.e59f63e813b6766a9a4ddf0790634ca3,00409__salted__broad__cp00AD__fragment.e59f63e813b6766a9a4ddf0790634ca3,broad,00AD,fragment,,,,"Advertising, prospects, advertise","A­d­v­e­r­t­i­s­i­n­g, p­r­o­s­p­e­c­t­s, a­d­v­e­r­t­i­s­e"
00413.28e8cb47d7429bf78c711079da50fcd4,00413__salted__broad__cp200B__fragment.28e8cb47d7429bf78c711079da50fcd4,broad,200B,fragment,,ACCOUNT,A​C​C​O​U​N​T,"removed, ACCOUNT, ACCOUNT","r​e​m​o​v​e​d, A​C​C​O​U​N​T, A​C​C​O​U​N​T"
00413.28e8cb47d7429bf78c711079da50fcd4,00413__salted__broad__cp200C__fragment.28e8cb47d7429bf78c711079da50fcd4,broad,200C,fragment,,ACCOUNT,A‌C‌C‌O‌U‌N‌T,"removed, ACCOUNT, ACCOUNT","r‌e‌m‌o‌v‌e‌d, A‌C‌C‌O‌U‌N‌T, A‌C‌C‌O‌U‌N‌T"
00413.28e8cb47d7429bf78c711079da50fcd4,00413__salted__broad__cp200D__fragment.28e8cb47d7429bf78c711079da50fcd4,broad,200D,fragment,,ACCOUNT,A‍C‍C‍O‍U‍N‍T,"removed, ACCOUNT, ACCOUNT","r‍e‍m‍o‍v‍e‍d, A‍C‍C‍O‍U‍N‍T, A‍C‍C‍O‍U‍N‍T"
00413.28e8cb47d7429bf78c711079da50fcd4,00413__salted__broad__cp00AD__fragment.28e8cb47d7429bf78c711079da50fcd4,broad,00AD,fragment,,ACCOUNT,A­C­C­O­U­N­T,"removed, ACCOUNT, ACCOUNT","r­e­m­o­v­e­d, A­C­C­O­U­N­T, A­C­C­O­U­N­T"
00414.583be7dd0ab2492309a3fbd7960e90be,00414__salted__broad__cp200B__fragment.583be7dd0ab2492309a3fbd7960e90be,broad,200B,fragment,,credit,c​r​e​d​i​t,,
00414.583be7dd0ab2492309a3fbd7960e90be,00414__salted__broad__cp200C__fragment.583be7dd0ab2492309a3fbd7960e90be,broad,200C,fragment,,credit,c‌r‌e‌d‌i‌t,,
00414.583be7dd0ab2492309a3fbd7960e90be,00414__salted__broad__cp200D__fragment.583be7dd0ab2492309a3fbd7960e90be,broad,200D,fragment,,credit,c‍r‍e‍d‍i‍t,,
00414.583be7dd0ab2492309a3fbd7960e90be,00414__salted__broad__cp00AD__fragment.583be7dd0ab2492309a3fbd7960e90be,broad,00AD,fragment,,credit,c­r­e­d­i­t,,
00415.4af357c0282481dba8f1765f0bf09c09,00415__salted__broad__cp200B__fragment.4af357c0282481dba8f1765f0bf09c09,broad,200B,fragment,,,,"Bonus, Annuity, Premium","B​o​n​u​s, A​n​n​u​i​t​y, P​r​e​m​i​u​m"
00415.4af357c0282481dba8f1765f0bf09c09,00415__salted__broad__cp200C__fragment.4af357c0282481dba8f1765f0bf09c09,broad,200C,fragment,,,,"Bonus, Annuity, Premium","B‌o‌n‌u‌s, A‌n‌n‌u‌i‌t‌y, P‌r‌e‌m‌i‌u‌m"
00415.4af357c0282481dba8f1765f0bf09c09,00415__salted__broad__cp200D__fragment.4af357c0282481dba8f1765f0bf09c09,broad,200D,fragment,,,,"Bonus, Annuity, Premium","B‍o‍n‍u‍s, A‍n‍n‍u‍i‍t‍y, P‍r‍e‍m‍i‍u‍m"
00415.4af357c0282481dba8f1765f0bf09c09,00415__salted__broad__cp00AD__fragment.4af357c0282481dba8f1765f0bf09c09,broad,00AD,fragment,,,,"Bonus, Annuity, Premium","B­o­n­u­s, A­n­n­u­i­t­y, P­r­e­m­i­u­m"
00416.bff1badad869f205fdb54f311f060734,00416__salted__broad__cp200B__fragment.bff1badad869f205fdb54f311f060734,broad,200B,fragment,,Guaranteed,G​u​a​r​a​n​t​e​e​d,,
00416.bff1badad869f205fdb54f311f060734,00416__salted__broad__cp200C__fragment.bff1badad869f205fdb54f311f060734,broad,200C,fragment,,Guaranteed,G‌u‌a‌r‌a‌n‌t‌e‌e‌d,,
00416.bff1badad869f205fdb54f311f060734,00416__salted__broad__cp200D__fragment.bff1badad869f205fdb54f311f060734,broad,200D,fragment,,Guaranteed,G‍u‍a‍r‍a‍n‍t‍e‍e‍d,,
00416.bff1badad869f205fdb54f311f060734,00416__salted__broad__cp00AD__fragment.bff1badad869f205fdb54f311f060734,broad,00AD,fragment,,Guaranteed,G­u­a­r­a­n­t­e­e­d,,
00426.36b36cbe96efe9001c4d80363ea7ed4e,00426__salted__broad__cp200B__fragment.36b36cbe96efe9001c4d80363ea7ed4e,broad,200B,fragment,,lowest,l​o​w​e​s​t,"Opportunity, mortgage, rates","O​p​p​o​r​t​u​n​i​t​y, m​o​r​t​g​a​g​e, r​a​t​e​s"
00426.36b36cbe96efe9001c4d80363ea7ed4e,00426__salted__broad__cp200C__fragment.36b36cbe96efe9001c4d80363ea7ed4e,broad,200C,fragment,,lowest,l‌o‌w‌e‌s‌t,"Opportunity, mortgage, rates","O‌p‌p‌o‌r‌t‌u‌n‌i‌t‌y, m‌o‌r‌t‌g‌a‌g‌e, r‌a‌t‌e‌s"
00426.36b36cbe96efe9001c4d80363ea7ed4e,00426__salted__broad__cp200D__fragment.36b36cbe96efe9001c4d80363ea7ed4e,broad,200D,fragment,,lowest,l‍o‍w‍e‍s‍t,"Opportunity, mortgage, rates","O‍p‍p‍o‍r‍t‍u‍n‍i‍t‍y, m‍o‍r‍t‍g‍a‍g‍e, r‍a‍t‍e‍s"
00426.36b36cbe96efe9001c4d80363ea7ed4e,00426__salted__broad__cp00AD__fragment.36b36cbe96efe9001c4d80363ea7ed4e,broad,00AD,fragment,,lowest,l­o­w­e­s­t,"Opportunity, mortgage, rates","O­p­p­o­r­t­u­n­i­t­y, m­o­r­t­g­a­g­e, r­a­t­e­s"
00426.c743511223777504c01a35f90914b230,00426__salted__broad__cp200B__fragment.c743511223777504c01a35f90914b230,broad,200B,fragment,,Fees,F​e​e​s,,
00426.c743511223777504c01a35f90914b230,00426__salted__broad__cp200C__fragment.c743511223777504c01a35f90914b230,broad,200C,fragment,,Fees,F‌e‌e‌s,,
00426.c743511223777504c01a35f90914b230,00426__salted__broad__cp200D__fragment.c743511223777504c01a35f90914b230,broad,200D,fragment,,Fees,F‍e‍e‍s,,
00426.c743511223777504c01a35f90914b230,00426__salted__broad__cp00AD__fragment.c743511223777504c01a35f90914b230,broad,00AD,fragment,,Fees,F­e­e­s,,
00428.5fe2c974b49315a6fbf9f3b09b47f030,00428__salted__broad__cp200B__fragment.5fe2c974b49315a6fbf9f3b09b47f030,broad,200B,fragment,,Insurance,I​n​s​u​r​a​n​c​e,,
00428.5fe2c974b49315a6fbf9f3b09b47f030,00428__salted__broad__cp200C__fragment.5fe2c974b49315a6fbf9f3b09b47f030,broad,200C,fragment,,Insurance,I‌n‌s‌u‌r‌a‌n‌c‌e,,
00428.5fe2c974b49315a6fbf9f3b09b47f030,00428__salted__broad__cp200D__fragment.5fe2c974b49315a6fbf9f3b09b47f030,broad,200D,fragment,,Insurance,I‍n‍s‍u‍r‍a‍n‍c‍e,,
00428.5fe2c974b49315a6fbf9f3b09b47f030,00428__salted__broad__cp00AD__fragment.5fe2c974b49315a6fbf9f3b09b47f030,broad,00AD,fragment,,Insurance,I­n­s­u­r­a­n­c­e,,
00430.d2179c2841013fea688db8bbcf60b3b0,00430__salted__broad__cp200B__fragment.d2179c2841013fea688db8bbcf60b3b0,broad,200B,fragment,,Fees,F​e​e​s,,
00430.d2179c2841013fea688db8bbcf60b3b0,00430__salted__broad__cp200C__fragment.d2179c2841013fea688db8bbcf60b3b0,broad,200C,fragment,,Fees,F‌e‌e‌s,,
00430.d2179c2841013fea688db8bbcf60b3b0,00430__salted__broad__cp200D__fragment.d2179c2841013fea688db8bbcf60b3b0,broad,200D,fragment,,Fees,F‍e‍e‍s,,
00430.d2179c2841013fea688db8bbcf60b3b0,00430__salted__broad__cp00AD__fragment.d2179c2841013fea688db8bbcf60b3b0,broad,00AD,fragment,,Fees,F­e­e­s,,
00439.eacffbae5543e6be58178c0d3eb95041,00439__salted__broad__cp200B__fragment.eacffbae5543e6be58178c0d3eb95041,broad,200B,fragment,,,,"professional, sale, secrets","p​r​o​f​e​s​s​i​o​n​a​l, s​a​l​e, s​e​c​r​e​t​s"
00439.eacffbae5543e6be58178c0d3eb95041,00439__salted__broad__cp200C__fragment.eacffbae5543e6be58178c0d3eb95041,broad,200C,fragment,,,,"professional, sale, secrets","p‌r‌o‌f‌e‌s‌s‌i‌o‌n‌a‌l, s‌a‌l‌e, s‌e‌c‌r‌e‌t‌s"
00439.eacffbae5543e6be58178c0d3eb95041,00439__salted__broad__cp200D__fragment.eacffbae5543e6be58178c0d3eb95041,broad,200D,fragment,,,,"professional, sale, secrets","p‍r‍o‍f‍e‍s‍s‍i‍o‍n‍a‍l, s‍a‍l‍e, s‍e‍c‍r‍e‍t‍s"
00439.eacffbae5543e6be58178c0d3eb95041,00439__salted__broad__cp00AD__fragment.eacffbae5543e6be58178c0d3eb95041,broad,00AD,fragment,,,,"professional, sale, secrets","p­r­o­f­e­s­s­i­o­n­a­l, s­a­l­e, s­e­c­r­e­t­s"
00440.647d9eb44fd0cb069ea92be204966a8e,00440__salted__broad__cp200B__fragment.647d9eb44fd0cb069ea92be204966a8e,broad,200B,fragment,,SYSTEMWORKS,S​Y​S​T​E​M​W​O​R​K​S,,
00440.647d9eb44fd0cb069ea92be204966a8e,00440__salted__broad__cp200C__fragment.647d9eb44fd0cb069ea92be204966a8e,broad,200C,fragment,,SYSTEMWORKS,S‌Y‌S‌T‌E‌M‌W‌O‌R‌K‌S,,
00440.647d9eb44fd0cb069ea92be204966a8e,00440__salted__broad__cp200D__fragment.647d9eb44fd0cb069ea92be204966a8e,broad,200D,fragment,,SYSTEMWORKS,S‍Y‍S‍T‍E‍M‍W‍O‍R‍K‍S,,
00440.647d9eb44fd0cb069ea92be204966a8e,00440__salted__broad__cp00AD__fragment.647d9eb44fd0cb069ea92be204966a8e,broad,00AD,fragment,,SYSTEMWORKS,S­Y­S­T­E­M­W­O­R­K­S,,
00441.77768298934252b2fa200e7d9482993b,00441__salted__broad__cp200B__fragment.77768298934252b2fa200e7d9482993b,broad,200B,fragment,,Bills,B​i​l​l​s,,
00441.77768298934252b2fa200e7d9482993b,00441__salted__broad__cp200C__fragment.77768298934252b2fa200e7d9482993b,broad,200C,fragment,,Bills,B‌i‌l‌l‌s,,
00441.77768298934252b2fa200e7d9482993b,00441__salted__broad__cp200D__fragment.77768298934252b2fa200e7d9482993b,broad,200D,fragment,,Bills,B‍i‍l‍l‍s,,
00441.77768298934252b2fa200e7d9482993b,00441__salted__broad__cp00AD__fragment.77768298934252b2fa200e7d9482993b,broad,00AD,fragment,,Bills,B­i­l­l­s,,
00445.a5edbd936b830407d1a56b31ff3b82c0,00445__salted__broad__cp200B__fragment.a5edbd936b830407d1a56b31ff3b82c0,broad,200B,fragment,,Herbal,H​e​r​b​a​l,,
00445.a5edbd936b830407d1a56b31ff3b82c0,00445__salted__broad__cp200C__fragment.a5edbd936b830407d1a56b31ff3b82c0,broad,200C,fragment,,Herbal,H‌e‌r‌b‌a‌l,,
00445.a5edbd936b830407d1a56b31ff3b82c0,00445__salted__broad__cp200D__fragment.a5edbd936b830407d1a56b31ff3b82c0,broad,200D,fragment,,Herbal,H‍e‍r‍b‍a‍l,,
00445.a5edbd936b830407d1a56b31ff3b82c0,00445__salted__broad__cp00AD__fragment.a5edbd936b830407d1a56b31ff3b82c0,broad,00AD,fragment,,Herbal,H­e­r­b­a­l,,
00447.32e588c3a1d8888d737f360f825713b8,00447__salted__broad__cp200B__fragment.32e588c3a1d8888d737f360f825713b8,broad,200B,fragment,,,,"products, guaranteed, premium","p​r​o​d​u​c​t​s, g​u​a​r​a​n​t​e​e​d, p​r​e​m​i​u​m"
00447.32e588c3a1d8888d737f360f825713b8,00447__salted__broad__cp200C__fragment.32e588c3a1d8888d737f360f825713b8,broad,200C,fragment,,,,"products, guaranteed, premium","p‌r‌o‌d‌u‌c‌t‌s, g‌u‌a‌r‌a‌n‌t‌e‌e‌d, p‌r‌e‌m‌i‌u‌m"
00447.32e588c3a1d8888d737f360f825713b8,00447__salted__broad__cp200D__fragment.32e588c3a1d8888d737f360f825713b8,broad,200D,fragment,,,,"products, guaranteed, premium","p‍r‍o‍d‍u‍c‍t‍s, g‍u‍a‍r‍a‍n‍t‍e‍e‍d, p‍r‍e‍m‍i‍u‍m"
00447.32e588c3a1d8888d737f360f825713b8,00447__salted__broad__cp00AD__fragment.32e588c3a1d8888d737f360f825713b8,broad,00AD,fragment,,,,"products, guaranteed, premium","p­r­o­d­u­c­t­s, g­u­a­r­a­n­t­e­e­d, p­r­e­m­i­u­m"
00450.93d3d59fcdd0f8fda9ef4678535182e8,00450__salted__broad__cp200B__fragment.93d3d59fcdd0f8fda9ef4678535182e8,broad,200B,fragment,,Millionaire,M​i​l​l​i​o​n​a​i​r​e,,
00450.93d3d59fcdd0f8fda9ef4678535182e8,00450__salted__broad__cp200C__fragment.93d3d59fcdd0f8fda9ef4678535182e8,broad,200C,fragment,,Millionaire,M‌i‌l‌l‌i‌o‌n‌a‌i‌r‌e,,
00450.93d3d59fcdd0f8fda9ef4678535182e8,00450__salted__broad__cp200D__fragment.93d3d59fcdd0f8fda9ef4678535182e8,broad,200D,fragment,,Millionaire,M‍i‍l‍l‍i‍o‍n‍a‍i‍r‍e,,
00450.93d3d59fcdd0f8fda9ef4678535182e8,00450__salted__broad__cp00AD__fragment.93d3d59fcdd0f8fda9ef4678535182e8,broad,00AD,fragment,,Millionaire,M­i­l­l­i­o­n­a­i­r­e,,
00453.456abc0bc83034492888f63725796d5b,00453__salted__broad__cp200B__fragment.456abc0bc83034492888f63725796d5b,broad,200B,fragment,,TRIAL,T​R​I​A​L,,
00453.456abc0bc83034492888f63725796d5b,00453__salted__broad__cp200C__fragment.456abc0bc83034492888f63725796d5b,broad,200C,fragment,,TRIAL,T‌R‌I‌A‌L,,
00453.456abc0bc83034492888f63725796d5b,00453__salted__broad__cp200D__fragment.456abc0bc83034492888f63725796d5b,broad,200D,fragment,,TRIAL,T‍R‍I‍A‍L,,
00453.456abc0bc83034492888f63725796d5b,00453__salted__broad__cp00AD__fragment.456abc0bc83034492888f63725796d5b,broad,00AD,fragment,,TRIAL,T­R­I­A­L,,
00455.8ccdcb205b6f8c3958bb3b2d39edca46,00455__salted__broad__cp200B__fragment.8ccdcb205b6f8c3958bb3b2d39edca46,broad,200B,fragment,,ADV,A​D​V,,
00455.8ccdcb205b6f8c3958bb3b2d39edca46,00455__salted__broad__cp200C__fragment.8ccdcb205b6f8c3958bb3b2d39edca46,broad,200C,fragment,,ADV,A‌D‌V,,
00455.8ccdcb205b6f8c3958bb3b2d39edca46,00455__salted__broad__cp200D__fragment.8ccdcb205b6f8c3958bb3b2d39edca46,broad,200D,fragment,,ADV,A‍D‍V,,
00455.8ccdcb205b6f8c3958bb3b2d39edca46,00455__salted__broad__cp00AD__fragment.8ccdcb205b6f8c3958bb3b2d39edca46,broad,00AD,fragment,,ADV,A­D­V,,
00458.62211764fde0dd7128ea4146268b40dd,00458__salted__broad__cp200B__fragment.62211764fde0dd7128ea4146268b40dd,broad,200B,fragment,,FORTUNE,F​O​R​T​U​N​E,"fortune, motivated, earn","f​o​r​t​u​n​e, m​o​t​i​v​a​t​e​d, e​a​r​n"
00458.62211764fde0dd7128ea4146268b40dd,00458__salted__broad__cp200C__fragment.62211764fde0dd7128ea4146268b40dd,broad,200C,fragment,,FORTUNE,F‌O‌R‌T‌U‌N‌E,"fortune, motivated, earn","f‌o‌r‌t‌u‌n‌e, m‌o‌t‌i‌v‌a‌t‌e‌d, e‌a‌r‌n"
00458.62211764fde0dd7128ea4146268b40dd,00458__salted__broad__cp200D__fragment.62211764fde0dd7128ea4146268b40dd,broad,200D,fragment,,FORTUNE,F‍O‍R‍T‍U‍N‍E,"fortune, motivated, earn","f‍o‍r‍t‍u‍n‍e, m‍o‍t‍i‍v‍a‍t‍e‍d, e‍a‍r‍n"
00458.62211764fde0dd7128ea4146268b40dd,00458__salted__broad__cp00AD__fragment.62211764fde0dd7128ea4146268b40dd,broad,00AD,fragment,,FORTUNE,F­O­R­T­U­N­E,"fortune, motivated, earn","f­o­r­t­u­n­e, m­o­t­i­v­a­t­e­d, e­a­r­n"
00467.3748c927c32a9c4e8988dad52a843b5c,00467__salted__broad__cp200B__fragment.3748c927c32a9c4e8988dad52a843b5c,broad,200B,fragment,,Prospects,P​r​o​s​p​e​c​t​s,"PROSPECTS, Financial, qualified","P​R​O​S​P​E​C​T​S, F​i​n​a​n​c​i​a​l, q​u​a​l​i​f​i​e​d"
00467.3748c927c32a9c4e8988dad52a843b5c,00467__salted__broad__cp200C__fragment.3748c927c32a9c4e8988dad52a843b5c,broad,200C,fragment,,Prospects,P‌r‌o‌s‌p‌e‌c‌t‌s,"PROSPECTS, Financial, qualified","P‌R‌O‌S‌P‌E‌C‌T‌S, F‌i‌n‌a‌n‌c‌i‌a‌l, q‌u‌a‌l‌i‌f‌i‌e‌d"
00467.3748c927c32a9c4e8988dad52a843b5c,00467__salted__broad__cp200D__fragment.3748c927c32a9c4e8988dad52a843b5c,broad,200D,fragment,,Prospects,P‍r‍o‍s‍p‍e‍c‍t‍s,"PROSPECTS, Financial, qualified","P‍R‍O‍S‍P‍E‍C‍T‍S, F‍i‍n‍a‍n‍c‍i‍a‍l, q‍u‍a‍l‍i‍f‍i‍e‍d"
00467.3748c927c32a9c4e8988dad52a843b5c,00467__salted__broad__cp00AD__fragment.3748c927c32a9c4e8988dad52a843b5c,broad,00AD,fragment,,Prospects,P­r­o­s­p­e­c­t­s,"PROSPECTS, Financial, qualified","P­R­O­S­P­E­C­T­S, F­i­n­a­n­c­i­a­l, q­u­a­l­i­f­i­e­d"
00475.71f75afb1960d619af86e1c64dcb11fc,00475__salted__broad__cp200B__fragment.71f75afb1960d619af86e1c64dcb11fc,broad,200B,fragment,,Commissions,C​o​m​m​i​s​s​i​o​n​s,"Premium, Commission, Commission","P​r​e​m​i​u​m, C​o​m​m​i​s​s​i​o​n, C​o​m​m​i​s​s​i​o​n"
00475.71f75afb1960d619af86e1c64dcb11fc,00475__salted__broad__cp200C__fragment.71f75afb1960d619af86e1c64dcb11fc,broad,200C,fragment,,Commissions,C‌o‌m‌m‌i‌s‌s‌i‌o‌n‌s,"Premium, Commission, Commission","P‌r‌e‌m‌i‌u‌m, C‌o‌m‌m‌i‌s‌s‌i‌o‌n, C‌o‌m‌m‌i‌s‌s‌i‌o‌n"
00475.71f75afb1960d619af86e1c64dcb11fc,00475__salted__broad__cp200D__fragment.71f75afb1960d619af86e1c64dcb11fc,broad,200D,fragment,,Commissions,C‍o‍m‍m‍i‍s‍s‍i‍o‍n‍s,"Premium, Commission, Commission","P‍r‍e‍m‍i‍u‍m, C‍o‍m‍m‍i‍s‍s‍i‍o‍n, C‍o‍m‍m‍i‍s‍s‍i‍o‍n"
00475.71f75afb1960d619af86e1c64dcb11fc,00475__salted__broad__cp00AD__fragment.71f75afb1960d619af86e1c64dcb11fc,broad,00AD,fragment,,Commissions,C­o­m­m­i­s­s­i­o­n­s,"Premium, Commission, Commission","P­r­e­m­i­u­m, C­o­m­m­i­s­s­i­o­n, C­o­m­m­i­s­s­i­o­n"
00477.24ef7a042f97482f884387c75249380c,00477__salted__broad__cp200B__fragment.24ef7a042f97482f884387c75249380c,broad,200B,fragment,,Shipping,S​h​i​p​p​i​n​g,,
00477.24ef7a042f97482f884387c75249380c,00477__salted__broad__cp200C__fragment.24ef7a042f97482f884387c75249380c,broad,200C,fragment,,Shipping,S‌h‌i‌p‌p‌i‌n‌g,,
00477.24ef7a042f97482f884387c75249380c,00477__salted__broad__cp200D__fragment.24ef7a042f97482f884387c75249380c,broad,200D,fragment,,Shipping,S‍h‍i‍p‍p‍i‍n‍g,,
00477.24ef7a042f97482f884387c75249380c,00477__salted__broad__cp00AD__fragment.24ef7a042f97482f884387c75249380c,broad,00AD,fragment,,Shipping,S­h­i­p­p­i­n­g,,
00479.84c58aa8adff520d7f58dfde02c1cf10,00479__salted__broad__cp200B__fragment.84c58aa8adff520d7f58dfde02c1cf10,broad,200B,fragment,,expenses,e​x​p​e​n​s​e​s,,
00479.84c58aa8adff520d7f58dfde02c1cf10,00479__salted__broad__cp200C__fragment.84c58aa8adff520d7f58dfde02c1cf10,broad,200C,fragment,,expenses,e‌x‌p‌e‌n‌s‌e‌s,,
00479.84c58aa8adff520d7f58dfde02c1cf10,00479__salted__broad__cp200D__fragment.84c58aa8adff520d7f58dfde02c1cf10,broad,200D,fragment,,expenses,e‍x‍p‍e‍n‍s‍e‍s,,
00479.84c58aa8adff520d7f58dfde02c1cf10,00479__salted__broad__cp00AD__fragment.84c58aa8adff520d7f58dfde02c1cf10,broad,00AD,fragment,,expenses,e­x­p­e­n­s­e­s,,
00482.f839ea522f1ee459661a6b2fbd71e823,00482__salted__broad__cp200B__fragment.f839ea522f1ee459661a6b2fbd71e823,broad,200B,fragment,,ADV,A​D​V,,
00482.f839ea522f1ee459661a6b2fbd71e823,00482__salted__broad__cp200C__fragment.f839ea522f1ee459661a6b2fbd71e823,broad,200C,fragment,,ADV,A‌D‌V,,
00482.f839ea522f1ee459661a6b2fbd71e823,00482__salted__broad__cp200D__fragment.f839ea522f1ee459661a6b2fbd71e823,broad,200D,fragment,,ADV,A‍D‍V,,
00482.f839ea522f1ee459661a6b2fbd71e823,00482__salted__broad__cp00AD__fragment.f839ea522f1ee459661a6b2fbd71e823,broad,00AD,fragment,,ADV,A­D­V,,
00483.e583ffb0efd3958cdef2e9f3b043ef0d,00483__salted__broad__cp200B__fragment.e583ffb0efd3958cdef2e9f3b043ef0d,broad,200B,fragment,,Herbal,H​e​r​b​a​l,,
00483.e583ffb0efd3958cdef2e9f3b043ef0d,00483__salted__broad__cp200C__fragment.e583ffb0efd3958cdef2e9f3b043ef0d,broad,200C,fragment,,Herbal,H‌e‌r‌b‌a‌l,,
00483.e583ffb0efd3958cdef2e9f3b043ef0d,00483__salted__broad__cp200D__fragment.e583ffb0efd3958cdef2e9f3b043ef0d,broad,200D,fragment,,Herbal,H‍e‍r‍b‍a‍l,,
00483.e583ffb0efd3958cdef2e9f3b043ef0d,00483__salted__broad__cp00AD__fragment.e583ffb0efd3958cdef2e9f3b043ef0d,broad,00AD,fragment,,Herbal,H­e­r­b­a­l,,
00485.a5d28b804adbceff7fd75ed9fc8138bb,00485__salted__broad__cp200B__fragment.a5d28b804adbceff7fd75ed9fc8138bb,broad,200B,fragment,,sales,s​a​l​e​s,"marketing, MLM, marketing","m​a​r​k​e​t​i​n​g, M​L​M, m​a​r​k​e​t​i​n​g"
00485.a5d28b804adbceff7fd75ed9fc8138bb,00485__salted__broad__cp200C__fragment.a5d28b804adbceff7fd75ed9fc8138bb,broad,200C,fragment,,sales,s‌a‌l‌e‌s,"marketing, MLM, marketing","m‌a‌r‌k‌e‌t‌i‌n‌g, M‌L‌M, m‌a‌r‌k‌e‌t‌i‌n‌g"
00485.a5d28b804adbceff7fd75ed9fc8138bb,00485__salted__broad__cp200D__fragment.a5d28b804adbceff7fd75ed9fc8138bb,broad,200D,fragment,,sales,s‍a‍l‍e‍s,"marketing, MLM, marketing","m‍a‍r‍k‍e‍t‍i‍n‍g, M‍L‍M, m‍a‍r‍k‍e‍t‍i‍n‍g"
00485.a5d28b804adbceff7fd75ed9fc8138bb,00485__salted__broad__cp00AD__fragment.a5d28b804adbceff7fd75ed9fc8138bb,broad,00AD,fragment,,sales,s­a­l­e­s,"marketing, MLM, marketing","m­a­r­k­e­t­i­n­g, M­L­M, m­a­r­k­e­t­i­n­g"
00488.29e96da757cc5566c848833e26abdd65,00488__salted__broad__cp200B__fragment.29e96da757cc5566c848833e26abdd65,broad,200B,fragment,,Fortune,F​o​r​t​u​n​e,,
00488.29e96da757cc5566c848833e26abdd65,00488__salted__broad__cp200C__fragment.29e96da757cc5566c848833e26abdd65,broad,200C,fragment,,Fortune,F‌o‌r‌t‌u‌n‌e,,
00488.29e96da757cc5566c848833e26abdd65,00488__salted__broad__cp200D__fragment.29e96da757cc5566c848833e26abdd65,broad,200D,fragment,,Fortune,F‍o‍r‍t‍u‍n‍e,,
00488.29e96da757cc5566c848833e26abdd65,00488__salted__broad__cp00AD__fragment.29e96da757cc5566c848833e26abdd65,broad,00AD,fragment,,Fortune,F­o­r­t­u­n­e,,
00494.6d13d2217c5cc00c26b72d97c7fe6014,00494__salted__broad__cp200B__fragment.6d13d2217c5cc00c26b72d97c7fe6014,broad,200B,fragment,,insurance,i​n​s​u​r​a​n​c​e,,
00494.6d13d2217c5cc00c26b72d97c7fe6014,00494__salted__broad__cp200C__fragment.6d13d2217c5cc00c26b72d97c7fe6014,broad,200C,fragment,,insurance,i‌n‌s‌u‌r‌a‌n‌c‌e,,
00494.6d13d2217c5cc00c26b72d97c7fe6014,00494__salted__broad__cp200D__fragment.6d13d2217c5cc00c26b72d97c7fe6014,broad,200D,fragment,,insurance,i‍n‍s‍u‍r‍a‍n‍c‍e,,
00494.6d13d2217c5cc00c26b72d97c7fe6014,00494__salted__broad__cp00AD__fragment.6d13d2217c5cc00c26b72d97c7fe6014,broad,00AD,fragment,,insurance,i­n­s­u­r­a­n­c­e,,
00494.fd2efa67e63247ee89cdcf3a6fe7906d,00494__salted__broad__cp200B__fragment.fd2efa67e63247ee89cdcf3a6fe7906d,broad,200B,fragment,,,,"ATTN, SIR, CONFIDENTIAL","A​T​T​N, S​I​R, C​O​N​F​I​D​E​N​T​I​A​L"
00494.fd2efa67e63247ee89cdcf3a6fe7906d,00494__salted__broad__cp200C__fragment.fd2efa67e63247ee89cdcf3a6fe7906d,broad,200C,fragment,,,,"ATTN, SIR, CONFIDENTIAL","A‌T‌T‌N, S‌I‌R, C‌O‌N‌F‌I‌D‌E‌N‌T‌I‌A‌L"
00494.fd2efa67e63247ee89cdcf3a6fe7906d,00494__salted__broad__cp200D__fragment.fd2efa67e63247ee89cdcf3a6fe7906d,broad,200D,fragment,,,,"ATTN, SIR, CONFIDENTIAL","A‍T‍T‍N, S‍I‍R, C‍O‍N‍F‍I‍D‍E‍N‍T‍I‍A‍L"
00494.fd2efa67e63247ee89cdcf3a6fe7906d,00494__salted__broad__cp00AD__fragment.fd2efa67e63247ee89cdcf3a6fe7906d,broad,00AD,fragment,,,,"ATTN, SIR, CONFIDENTIAL","A­T­T­N, S­I­R, C­O­N­F­I­D­E­N­T­I­A­L"
00506.85af6cd716febc6265ac7b362a4a1da6,00506__salted__broad__cp200B__fragment.85af6cd716febc6265ac7b362a4a1da6,broad,200B,fragment,,MORTGAGE,M​O​R​T​G​A​G​E,,
00506.85af6cd716febc6265ac7b362a4a1da6,00506__salted__broad__cp200C__fragment.85af6cd716febc6265ac7b362a4a1da6,broad,200C,fragment,,MORTGAGE,M‌O‌R‌T‌G‌A‌G‌E,,
00506.85af6cd716febc6265ac7b362a4a1da6,00506__salted__broad__cp200D__fragment.85af6cd716febc6265ac7b362a4a1da6,broad,200D,fragment,,MORTGAGE,M‍O‍R‍T‍G‍A‍G‍E,,
00506.85af6cd716febc6265ac7b362a4a1da6,00506__salted__broad__cp00AD__fragment.85af6cd716febc6265ac7b362a4a1da6,broad,00AD,fragment,,MORTGAGE,M­O­R­T­G­A­G­E,,
00509.385c788f39e46a86be4c6af8679a0c80,00509__salted__broad__cp200B__fragment.385c788f39e46a86be4c6af8679a0c80,broad,200B,fragment,,,,"offer, million, products","o​f​f​e​r, m​i​l​l​i​o​n, p​r​o​d​u​c​t​s"
00509.385c788f39e46a86be4c6af8679a0c80,00509__salted__broad__cp200C__fragment.385c788f39e46a86be4c6af8679a0c80,broad,200C,fragment,,,,"offer, million, products","o‌f‌f‌e‌r, m‌i‌l‌l‌i‌o‌n, p‌r‌o‌d‌u‌c‌t‌s"
00509.385c788f39e46a86be4c6af8679a0c80,00509__salted__broad__cp200D__fragment.385c788f39e46a86be4c6af8679a0c80,broad,200D,fragment,,,,"offer, million, products","o‍f‍f‍e‍r, m‍i‍l‍l‍i‍o‍n, p‍r‍o‍d‍u‍c‍t‍s"
00509.385c788f39e46a86be4c6af8679a0c80,00509__salted__broad__cp00AD__fragment.385c788f39e46a86be4c6af8679a0c80,broad,00AD,fragment,,,,"offer, million, products","o­f­f­e­r, m­i­l­l­i­o­n, p­r­o­d­u­c­t­s"
00510.ce04ead27e498e82285ea6dbb0837c13,00510__salted__broad__cp200B__fragment.ce04ead27e498e82285ea6dbb0837c13,broad,200B,fragment,,adv,a​d​v,"Dear, skills, skills","D​e​a​r, s​k​i​l​l​s, s​k​i​l​l​s"
00510.ce04ead27e498e82285ea6dbb0837c13,00510__salted__broad__cp200C__fragment.ce04ead27e498e82285ea6dbb0837c13,broad,200C,fragment,,adv,a‌d‌v,"Dear, skills, skills","D‌e‌a‌r, s‌k‌i‌l‌l‌s, s‌k‌i‌l‌l‌s"
00510.ce04ead27e498e82285ea6dbb0837c13,00510__salted__broad__cp200D__fragment.ce04ead27e498e82285ea6dbb0837c13,broad,200D,fragment,,adv,a‍d‍v,"Dear, skills, skills","D‍e‍a‍r, s‍k‍i‍l‍l‍s, s‍k‍i‍l‍l‍s"
00510.ce04ead27e498e82285ea6dbb0837c13,00510__salted__broad__cp00AD__fragment.ce04ead27e498e82285ea6dbb0837c13,broad,00AD,fragment,,adv,a­d­v,"Dear, skills, skills","D­e­a­r, s­k­i­l­l­s, s­k­i­l­l­s"
00518.3b454f92294b060a41b0771941394bd3,00518__salted__broad__cp200B__fragment.3b454f92294b060a41b0771941394bd3,broad,200B,fragment,,credit,c​r​e​d​i​t,,
00518.3b454f92294b060a41b0771941394bd3,00518__salted__broad__cp200C__fragment.3b454f92294b060a41b0771941394bd3,broad,200C,fragment,,credit,c‌r‌e‌d‌i‌t,,
00518.3b454f92294b060a41b0771941394bd3,00518__salted__broad__cp200D__fragment.3b454f92294b060a41b0771941394bd3,broad,200D,fragment,,credit,c‍r‍e‍d‍i‍t,,
00518.3b454f92294b060a41b0771941394bd3,00518__salted__broad__cp00AD__fragment.3b454f92294b060a41b0771941394bd3,broad,00AD,fragment,,credit,c­r­e­d­i­t,,
00523.8dad1340c87f606b1f0696df64d9063c,00523__salted__broad__cp200B__fragment.8dad1340c87f606b1f0696df64d9063c,broad,200B,fragment,,MORTGAGE,M​O​R​T​G​A​G​E,,
00523.8dad1340c87f606b1f0696df64d9063c,00523__salted__broad__cp200C__fragment.8dad1340c87f606b1f0696df64d9063c,broad,200C,fragment,,MORTGAGE,M‌O‌R‌T‌G‌A‌G‌E,,
00523.8dad1340c87f606b1f0696df64d9063c,00523__salted__broad__cp200D__fragment.8dad1340c87f606b1f0696df64d9063c,broad,200D,fragment,,MORTGAGE,M‍O‍R‍T‍G‍A‍G‍E,,
00523.8dad1340c87f606b1f0696df64d9063c,00523__salted__broad__cp00AD__fragment.8dad1340c87f606b1f0696df64d9063c,broad,00AD,fragment,,MORTGAGE,M­O­R­T­G­A­G­E,,
00531.f3fffa4504c7009a03dd0d44a4562a84,00531__salted__broad__cp200B__fragment.f3fffa4504c7009a03dd0d44a4562a84,broad,200B,fragment,,ordering,o​r​d​e​r​i​n​g,,
00531.f3fffa4504c7009a03dd0d44a4562a84,00531__salted__broad__cp200C__fragment.f3fffa4504c7009a03dd0d44a4562a84,broad,200C,fragment,,ordering,o‌r‌d‌e‌r‌i‌n‌g,,
00531.f3fffa4504c7009a03dd0d44a4562a84,00531__salted__broad__cp200D__fragment.f3fffa4504c7009a03dd0d44a4562a84,broad,200D,fragment,,ordering,o‍r‍d‍e‍r‍i‍n‍g,,
00531.f3fffa4504c7009a03dd0d44a4562a84,00531__salted__broad__cp00AD__fragment.f3fffa4504c7009a03dd0d44a4562a84,broad,00AD,fragment,,ordering,o­r­d­e­r­i­n­g,,
00538.46858b6122a85685022250db2f25b32a,00538__salted__broad__cp200B__fragment.46858b6122a85685022250db2f25b32a,broad,200B,fragment,,,,sexual,s​e​x​u​a​l
00538.46858b6122a85685022250db2f25b32a,00538__salted__broad__cp200C__fragment.46858b6122a85685022250db2f25b32a,broad,200C,fragment,,,,sexual,s‌e‌x‌u‌a‌l
00538.46858b6122a85685022250db2f25b32a,00538__salted__broad__cp200D__fragment.46858b6122a85685022250db2f25b32a,broad,200D,fragment,,,,sexual,s‍e‍x‍u‍a‍l
00538.46858b6122a85685022250db2f25b32a,00538__salted__broad__cp00AD__fragment.46858b6122a85685022250db2f25b32a,broad,00AD,fragment,,,,sexual,s­e­x­u­a­l
00554.c325ab7400fb7e3f053ed0cac4ed7545,00554__salted__broad__cp200B__fragment.c325ab7400fb7e3f053ed0cac4ed7545,broad,200B,fragment,,Assistance,A​s​s​i​s​t​a​n​c​e,"health, proposal, proposal","h​e​a​l​t​h, p​r​o​p​o​s​a​l, p​r​o​p​o​s​a​l"
00554.c325ab7400fb7e3f053ed0cac4ed7545,00554__salted__broad__cp200C__fragment.c325ab7400fb7e3f053ed0cac4ed7545,broad,200C,fragment,,Assistance,A‌s‌s‌i‌s‌t‌a‌n‌c‌e,"health, proposal, proposal","h‌e‌a‌l‌t‌h, p‌r‌o‌p‌o‌s‌a‌l, p‌r‌o‌p‌o‌s‌a‌l"
00554.c325ab7400fb7e3f053ed0cac4ed7545,00554__salted__broad__cp200D__fragment.c325ab7400fb7e3f053ed0cac4ed7545,broad,200D,fragment,,Assistance,A‍s‍s‍i‍s‍t‍a‍n‍c‍e,"health, proposal, proposal","h‍e‍a‍l‍t‍h, p‍r‍o‍p‍o‍s‍a‍l, p‍r‍o‍p‍o‍s‍a‍l"
00554.c325ab7400fb7e3f053ed0cac4ed7545,00554__salted__broad__cp00AD__fragment.c325ab7400fb7e3f053ed0cac4ed7545,broad,00AD,fragment,,Assistance,A­s­s­i­s­t­a­n­c­e,"health, proposal, proposal","h­e­a­l­t­h, p­r­o­p­o­s­a­l, p­r­o­p­o­s­a­l"
00568.9099cfcce869f4ecf337fc666f04c11d,00568__salted__broad__cp200B__fragment.9099cfcce869f4ecf337fc666f04c11d,broad,200B,fragment,,,,"HOURS, Click, contacts","H​O​U​R​S, C​l​i​c​k, c​o​n​t​a​c​t​s"
00568.9099cfcce869f4ecf337fc666f04c11d,00568__salted__broad__cp200C__fragment.9099cfcce869f4ecf337fc666f04c11d,broad,200C,fragment,,,,"HOURS, Click, contacts","H‌O‌U‌R‌S, C‌l‌i‌c‌k, c‌o‌n‌t‌a‌c‌t‌s"
00568.9099cfcce869f4ecf337fc666f04c11d,00568__salted__broad__cp200D__fragment.9099cfcce869f4ecf337fc666f04c11d,broad,200D,fragment,,,,"HOURS, Click, contacts","H‍O‍U‍R‍S, C‍l‍i‍c‍k, c‍o‍n‍t‍a‍c‍t‍s"
00568.9099cfcce869f4ecf337fc666f04c11d,00568__salted__broad__cp00AD__fragment.9099cfcce869f4ecf337fc666f04c11d,broad,00AD,fragment,,,,"HOURS, Click, contacts","H­O­U­R­S, C­l­i­c­k, c­o­n­t­a­c­t­s"
00582.2db3b12f1cbf87ef3a64d26c35561a5b,00582__salted__broad__cp200B__fragment.2db3b12f1cbf87ef3a64d26c35561a5b,broad,200B,fragment,,ADV,A​D​V,,
00582.2db3b12f1cbf87ef3a64d26c35561a5b,00582__salted__broad__cp200C__fragment.2db3b12f1cbf87ef3a64d26c35561a5b,broad,200C,fragment,,ADV,A‌D‌V,,
00582.2db3b12f1cbf87ef3a64d26c35561a5b,00582__salted__broad__cp200D__fragment.2db3b12f1cbf87ef3a64d26c35561a5b,broad,200D,fragment,,ADV,A‍D‍V,,
00582.2db3b12f1cbf87ef3a64d26c35561a5b,00582__salted__broad__cp00AD__fragment.2db3b12f1cbf87ef3a64d26c35561a5b,broad,00AD,fragment,,ADV,A­D­V,,
00602.8b839b13833d7ca3abd6f6179ccc0286,00602__salted__broad__cp200B__fragment.8b839b13833d7ca3abd6f6179ccc0286,broad,200B,fragment,,Approved,A​p​p​r​o​v​e​d,,
00602.8b839b13833d7ca3abd6f6179ccc0286,00602__salted__broad__cp200C__fragment.8b839b13833d7ca3abd6f6179ccc0286,broad,200C,fragment,,Approved,A‌p‌p‌r‌o‌v‌e‌d,,
00602.8b839b13833d7ca3abd6f6179ccc0286,00602__salted__broad__cp200D__fragment.8b839b13833d7ca3abd6f6179ccc0286,broad,200D,fragment,,Approved,A‍p‍p‍r‍o‍v‍e‍d,,
00602.8b839b13833d7ca3abd6f6179ccc0286,00602__salted__broad__cp00AD__fragment.8b839b13833d7ca3abd6f6179ccc0286,broad,00AD,fragment,,Approved,A­p­p­r­o­v­e­d,,
00615.e47bff6118d4ff6d98581fa6f40ab871,00615__salted__broad__cp200B__fragment.e47bff6118d4ff6d98581fa6f40ab871,broad,200B,fragment,,,,"city, lagos, Nigeria","c​i​t​y, l​a​g​o​s, N​i​g​e​r​i​a"
00615.e47bff6118d4ff6d98581fa6f40ab871,00615__salted__broad__cp200C__fragment.e47bff6118d4ff6d98581fa6f40ab871,broad,200C,fragment,,,,"city, lagos, Nigeria","c‌i‌t‌y, l‌a‌g‌o‌s, N‌i‌g‌e‌r‌i‌a"
00615.e47bff6118d4ff6d98581fa6f40ab871,00615__salted__broad__cp200D__fragment.e47bff6118d4ff6d98581fa6f40ab871,broad,200D,fragment,,,,"city, lagos, Nigeria","c‍i‍t‍y, l‍a‍g‍o‍s, N‍i‍g‍e‍r‍i‍a"
00615.e47bff6118d4ff6d98581fa6f40ab871,00615__salted__broad__cp00AD__fragment.e47bff6118d4ff6d98581fa6f40ab871,broad,00AD,fragment,,,,"city, lagos, Nigeria","c­i­t­y, l­a­g­o­s, N­i­g­e­r­i­a"
00631.5b4f290bc474889ff457b314996553b1,00631__salted__broad__cp200B__fragment.5b4f290bc474889ff457b314996553b1,broad,200B,fragment,,Weekly,W​e​e​k​l​y,,
00631.5b4f290bc474889ff457b314996553b1,00631__salted__broad__cp200C__fragment.5b4f290bc474889ff457b314996553b1,broad,200C,fragment,,Weekly,W‌e‌e‌k‌l‌y,,
00631.5b4f290bc474889ff457b314996553b1,00631__salted__broad__cp200D__fragment.5b4f290bc474889ff457b314996553b1,broad,200D,fragment,,Weekly,W‍e‍e‍k‍l‍y,,
00631.5b4f290bc474889ff457b314996553b1,00631__salted__broad__cp00AD__fragment.5b4f290bc474889ff457b314996553b1,broad,00AD,fragment,,Weekly,W­e­e­k­l­y,,
00632.f90d0f620d4a4c4976e1c5884333f329,00632__salted__broad__cp200B__fragment.f90d0f620d4a4c4976e1c5884333f329,broad,200B,fragment,,,,"lose, weight, exercise","l​o​s​e, w​e​i​g​h​t, e​x​e​r​c​i​s​e"
00632.f90d0f620d4a4c4976e1c5884333f329,00632__salted__broad__cp200C__fragment.f90d0f620d4a4c4976e1c5884333f329,broad,200C,fragment,,,,"lose, weight, exercise","l‌o‌s‌e, w‌e‌i‌g‌h‌t, e‌x‌e‌r‌c‌i‌s‌e"
00632.f90d0f620d4a4c4976e1c5884333f329,00632__salted__broad__cp200D__fragment.f90d0f620d4a4c4976e1c5884333f329,broad,200D,fragment,,,,"lose, weight, exercise","l‍o‍s‍e, w‍e‍i‍g‍h‍t, e‍x‍e‍r‍c‍i‍s‍e"
00632.f90d0f620d4a4c4976e1c5884333f329,00632__salted__broad__cp00AD__fragment.f90d0f620d4a4c4976e1c5884333f329,broad,00AD,fragment,,,,"lose, weight, exercise","l­o­s­e, w­e­i­g­h­t, e­x­e­r­c­i­s­e"
00643.d177c04238b4299813b7d8cca9fb2f18,00643__salted__broad__cp200B__fragment.d177c04238b4299813b7d8cca9fb2f18,broad,200B,fragment,,,,"Insurance, click, Insurance","I​n​s​u​r​a​n​c​e, c​l​i​c​k, I​n​s​u​r​a​n​c​e"
00643.d177c04238b4299813b7d8cca9fb2f18,00643__salted__broad__cp200C__fragment.d177c04238b4299813b7d8cca9fb2f18,broad,200C,fragment,,,,"Insurance, click, Insurance","I‌n‌s‌u‌r‌a‌n‌c‌e, c‌l‌i‌c‌k, I‌n‌s‌u‌r‌a‌n‌c‌e"
00643.d177c04238b4299813b7d8cca9fb2f18,00643__salted__broad__cp200D__fragment.d177c04238b4299813b7d8cca9fb2f18,broad,200D,fragment,,,,"Insurance, click, Insurance","I‍n‍s‍u‍r‍a‍n‍c‍e, c‍l‍i‍c‍k, I‍n‍s‍u‍r‍a‍n‍c‍e"
00643.d177c04238b4299813b7d8cca9fb2f18,00643__salted__broad__cp00AD__fragment.d177c04238b4299813b7d8cca9fb2f18,broad,00AD,fragment,,,,"Insurance, click, Insurance","I­n­s­u­r­a­n­c­e, c­l­i­c­k, I­n­s­u­r­a­n­c­e"
00658.2324b3351e766248275bace98fd3c7b3,00658__salted__broad__cp200B__fragment.2324b3351e766248275bace98fd3c7b3,broad,200B,fragment,,registration,r​e​g​i​s​t​r​a​t​i​o​n,"discount, prices, exciting","d​i​s​c​o​u​n​t, p​r​i​c​e​s, e​x​c​i​t​i​n​g"
00658.2324b3351e766248275bace98fd3c7b3,00658__salted__broad__cp200C__fragment.2324b3351e766248275bace98fd3c7b3,broad,200C,fragment,,registration,r‌e‌g‌i‌s‌t‌r‌a‌t‌i‌o‌n,"discount, prices, exciting","d‌i‌s‌c‌o‌u‌n‌t, p‌r‌i‌c‌e‌s, e‌x‌c‌i‌t‌i‌n‌g"
00658.2324b3351e766248275bace98fd3c7b3,00658__salted__broad__cp200D__fragment.2324b3351e766248275bace98fd3c7b3,broad,200D,fragment,,registration,r‍e‍g‍i‍s‍t‍r‍a‍t‍i‍o‍n,"discount, prices, exciting","d‍i‍s‍c‍o‍u‍n‍t, p‍r‍i‍c‍e‍s, e‍x‍c‍i‍t‍i‍n‍g"
00658.2324b3351e766248275bace98fd3c7b3,00658__salted__broad__cp00AD__fragment.2324b3351e766248275bace98fd3c7b3,broad,00AD,fragment,,registration,r­e­g­i­s­t­r­a­t­i­o­n,"discount, prices, exciting","d­i­s­c­o­u­n­t, p­r­i­c­e­s, e­x­c­i­t­i­n­g"
00659.668ba8daca71e86de0ee5e412b177015,00659__salted__broad__cp200B__fragment.668ba8daca71e86de0ee5e412b177015,broad,200B,fragment,,,,"Viagra, Viagra, approved","V​i​a​g​r​a, V​i​a​g​r​a, a​p​p​r​o​v​e​d"
00659.668ba8daca71e86de0ee5e412b177015,00659__salted__broad__cp200C__fragment.668ba8daca71e86de0ee5e412b177015,broad,200C,fragment,,,,"Viagra, Viagra, approved","V‌i‌a‌g‌r‌a, V‌i‌a‌g‌r‌a, a‌p‌p‌r‌o‌v‌e‌d"
00659.668ba8daca71e86de0ee5e412b177015,00659__salted__broad__cp200D__fragment.668ba8daca71e86de0ee5e412b177015,broad,200D,fragment,,,,"Viagra, Viagra, approved","V‍i‍a‍g‍r‍a, V‍i‍a‍g‍r‍a, a‍p‍p‍r‍o‍v‍e‍d"
00659.668ba8daca71e86de0ee5e412b177015,00659__salted__broad__cp00AD__fragment.668ba8daca71e86de0ee5e412b177015,broad,00AD,fragment,,,,"Viagra, Viagra, approved","V­i­a­g­r­a, V­i­a­g­r­a, a­p­p­r­o­v­e­d"
00663.4baa9521293a04306b038be1f65d4471,00663__salted__broad__cp200B__fragment.4baa9521293a04306b038be1f65d4471,broad,200B,fragment,,,,"Viagra, Viagra, approved","V​i​a​g​r​a, V​i​a​g​r​a, a​p​p​r​o​v​e​d"
00663.4baa9521293a04306b038be1f65d4471,00663__salted__broad__cp200C__fragment.4baa9521293a04306b038be1f65d4471,broad,200C,fragment,,,,"Viagra, Viagra, approved","V‌i‌a‌g‌r‌a, V‌i‌a‌g‌r‌a, a‌p‌p‌r‌o‌v‌e‌d"
00663.4baa9521293a04306b038be1f65d4471,00663__salted__broad__cp200D__fragment.4baa9521293a04306b038be1f65d4471,broad,200D,fragment,,,,"Viagra, Viagra, approved","V‍i‍a‍g‍r‍a, V‍i‍a‍g‍r‍a, a‍p‍p‍r‍o‍v‍e‍d"
00663.4baa9521293a04306b038be1f65d4471,00663__salted__broad__cp00AD__fragment.4baa9521293a04306b038be1f65d4471,broad,00AD,fragment,,,,"Viagra, Viagra, approved","V­i­a­g­r­a, V­i­a­g­r­a, a­p­p­r­o­v­e­d"
00667.6bf743b1b5bdfe9340d438c0661e4bff,00667__salted__broad__cp200B__fragment.6bf743b1b5bdfe9340d438c0661e4bff,broad,200B,fragment,,Unlimited,U​n​l​i​m​i​t​e​d,"Unlimited, Cash, Unlimited","U​n​l​i​m​i​t​e​d, C​a​s​h, U​n​l​i​m​i​t​e​d"
00667.6bf743b1b5bdfe9340d438c0661e4bff,00667__salted__broad__cp200C__fragment.6bf743b1b5bdfe9340d438c0661e4bff,broad,200C,fragment,,Unlimited,U‌n‌l‌i‌m‌i‌t‌e‌d,"Unlimited, Cash, Unlimited","U‌n‌l‌i‌m‌i‌t‌e‌d, C‌a‌s‌h, U‌n‌l‌i‌m‌i‌t‌e‌d"
00667.6bf743b1b5bdfe9340d438c0661e4bff,00667__salted__broad__cp200D__fragment.6bf743b1b5bdfe9340d438c0661e4bff,broad,200D,fragment,,Unlimited,U‍n‍l‍i‍m‍i‍t‍e‍d,"Unlimited, Cash, Unlimited","U‍n‍l‍i‍m‍i‍t‍e‍d, C‍a‍s‍h, U‍n‍l‍i‍m‍i‍t‍e‍d"
00667.6bf743b1b5bdfe9340d438c0661e4bff,00667__salted__broad__cp00AD__fragment.6bf743b1b5bdfe9340d438c0661e4bff,broad,00AD,fragment,,Unlimited,U­n­l­i­m­i­t­e­d,"Unlimited, Cash, Unlimited","U­n­l­i­m­i­t­e­d, C­a­s­h, U­n­l­i­m­i­t­e­d"
00678.7c54f6e0fac3e7d26a9513d2c60e2b98,00678__salted__broad__cp200B__fragment.7c54f6e0fac3e7d26a9513d2c60e2b98,broad,200B,fragment,,Lowest,L​o​w​e​s​t,"mortgage, loan, loan","m​o​r​t​g​a​g​e, l​o​a​n, l​o​a​n"
00678.7c54f6e0fac3e7d26a9513d2c60e2b98,00678__salted__broad__cp200C__fragment.7c54f6e0fac3e7d26a9513d2c60e2b98,broad,200C,fragment,,Lowest,L‌o‌w‌e‌s‌t,"mortgage, loan, loan","m‌o‌r‌t‌g‌a‌g‌e, l‌o‌a‌n, l‌o‌a‌n"
00678.7c54f6e0fac3e7d26a9513d2c60e2b98,00678__salted__broad__cp200D__fragment.7c54f6e0fac3e7d26a9513d2c60e2b98,broad,200D,fragment,,Lowest,L‍o‍w‍e‍s‍t,"mortgage, loan, loan","m‍o‍r‍t‍g‍a‍g‍e, l‍o‍a‍n, l‍o‍a‍n"
00678.7c54f6e0fac3e7d26a9513d2c60e2b98,00678__salted__broad__cp00AD__fragment.7c54f6e0fac3e7d26a9513d2c60e2b98,broad,00AD,fragment,,Lowest,L­o­w­e­s­t,"mortgage, loan, loan","m­o­r­t­g­a­g­e, l­o­a­n, l­o­a­n"
00680.e8df67f239cb166c5a8a78401eeeb1ba,00680__salted__broad__cp200B__fragment.e8df67f239cb166c5a8a78401eeeb1ba,broad,200B,fragment,,Ordering,O​r​d​e​r​i​n​g,,
00680.e8df67f239cb166c5a8a78401eeeb1ba,00680__salted__broad__cp200C__fragment.e8df67f239cb166c5a8a78401eeeb1ba,broad,200C,fragment,,Ordering,O‌r‌d‌e‌r‌i‌n‌g,,
00680.e8df67f239cb166c5a8a78401eeeb1ba,00680__salted__broad__cp200D__fragment.e8df67f239cb166c5a8a78401eeeb1ba,broad,200D,fragment,,Ordering,O‍r‍d‍e‍r‍i‍n‍g,,
00680.e8df67f239cb166c5a8a78401eeeb1ba,00680__salted__broad__cp00AD__fragment.e8df67f239cb166c5a8a78401eeeb1ba,broad,00AD,fragment,,Ordering,O­r­d­e­r­i­n­g,,
00694.3aca5f2a3d0d2ccbc47ef868eb051abd,00694__salted__broad__cp200B__fragment.3aca5f2a3d0d2ccbc47ef868eb051abd,broad,200B,fragment,,,,"Guaranteed, herbal, Proven","G​u​a​r​a​n​t​e​e​d, h​e​r​b​a​l, P​r​o​v​e​n"
00694.3aca5f2a3d0d2ccbc47ef868eb051abd,00694__salted__broad__cp200C__fragment.3aca5f2a3d0d2ccbc47ef868eb051abd,broad,200C,fragment,,,,"Guaranteed, herbal, Proven","G‌u‌a‌r‌a‌n‌t‌e‌e‌d, h‌e‌r‌b‌a‌l, P‌r‌o‌v‌e‌n"
00694.3aca5f2a3d0d2ccbc47ef868eb051abd,00694__salted__broad__cp200D__fragment.3aca5f2a3d0d2ccbc47ef868eb051abd,broad,200D,fragment,,,,"Guaranteed, herbal, Proven","G‍u‍a‍r‍a‍n‍t‍e‍e‍d, h‍e‍r‍b‍a‍l, P‍r‍o‍v‍e‍n"
00694.3aca5f2a3d0d2ccbc47ef868eb051abd,00694__salted__broad__cp00AD__fragment.3aca5f2a3d0d2ccbc47ef868eb051abd,broad,00AD,fragment,,,,"Guaranteed, herbal, Proven","G­u­a­r­a­n­t­e­e­d, h­e­r­b­a­l, P­r­o­v­e­n"
00697.2d221d167d2814a6a6bc7a74b65bcb0e,00697__salted__broad__cp200B__fragment.2d221d167d2814a6a6bc7a74b65bcb0e,broad,200B,fragment,,adv,a​d​v,,
00697.2d221d167d2814a6a6bc7a74b65bcb0e,00697__salted__broad__cp200C__fragment.2d221d167d2814a6a6bc7a74b65bcb0e,broad,200C,fragment,,adv,a‌d‌v,,
00697.2d221d167d2814a6a6bc7a74b65bcb0e,00697__salted__broad__cp200D__fragment.2d221d167d2814a6a6bc7a74b65bcb0e,broad,200D,fragment,,adv,a‍d‍v,,
00697.2d221d167d2814a6a6bc7a74b65bcb0e,00697__salted__broad__cp00AD__fragment.2d221d167d2814a6a6bc7a74b65bcb0e,broad,00AD,fragment,,adv,a­d­v,,
00701.ea27d8eea96c7d361ea78613d0a3c481,00701__salted__broad__cp200B__fragment.ea27d8eea96c7d361ea78613d0a3c481,broad,200B,fragment,,Mortgage,M​o​r​t​g​a​g​e,,
00701.ea27d8eea96c7d361ea78613d0a3c481,00701__salted__broad__cp200C__fragment.ea27d8eea96c7d361ea78613d0a3c481,broad,200C,fragment,,Mortgage,M‌o‌r‌t‌g‌a‌g‌e,,
00701.ea27d8eea96c7d361ea78613d0a3c481,00701__salted__broad__cp200D__fragment.ea27d8eea96c7d361ea78613d0a3c481,broad,200D,fragment,,Mortgage,M‍o‍r‍t‍g‍a‍g‍e,,
00701.ea27d8eea96c7d361ea78613d0a3c481,00701__salted__broad__cp00AD__fragment.ea27d8eea96c7d361ea78613d0a3c481,broad,00AD,fragment,,Mortgage,M­o­r­t­g­a­g­e,,
00702.ac95bc3f1e8943dd03fc78bebc0925ac,00702__salted__broad__cp200B__fragment.ac95bc3f1e8943dd03fc78bebc0925ac,broad,200B,fragment,,Bank,B​a​n​k,,
00702.ac95bc3f1e8943dd03fc78bebc0925ac,00702__salted__broad__cp200C__fragment.ac95bc3f1e8943dd03fc78bebc0925ac,broad,200C,fragment,,Bank,B‌a‌n‌k,,
00702.ac95bc3f1e8943dd03fc78bebc0925ac,00702__salted__broad__cp200D__fragment.ac95bc3f1e8943dd03fc78bebc0925ac,broad,200D,fragment,,Bank,B‍a‍n‍k,,
00702.ac95bc3f1e8943dd03fc78bebc0925ac,00702__salted__broad__cp00AD__fragment.ac95bc3f1e8943dd03fc78bebc0925ac,broad,00AD,fragment,,Bank,B­a­n­k,,
00705.df125edb37f19c87784942c7b2b164a1,00705__salted__broad__cp200B__fragment.df125edb37f19c87784942c7b2b164a1,broad,200B,fragment,,Investment,I​n​v​e​s​t​m​e​n​t,,
00705.df125edb37f19c87784942c7b2b164a1,00705__salted__broad__cp200C__fragment.df125edb37f19c87784942c7b2b164a1,broad,200C,fragment,,Investment,I‌n‌v‌e‌s‌t‌m‌e‌n‌t,,
00705.df125edb37f19c87784942c7b2b164a1,00705__salted__broad__cp200D__fragment.df125edb37f19c87784942c7b2b164a1,broad,200D,fragment,,Investment,I‍n‍v‍e‍s‍t‍m‍e‍n‍t,,
00705.df125edb37f19c87784942c7b2b164a1,00705__salted__broad__cp00AD__fragment.df125edb37f19c87784942c7b2b164a1,broad,00AD,fragment,,Investment,I­n­v­e­s­t­m­e­n­t,,
00706.5116018237368c3633823b2d24f8ac86,00706__salted__broad__cp200B__fragment.5116018237368c3633823b2d24f8ac86,broad,200B,fragment,,,,"Sightings, Sightings, sightings","S​i​g​h​t​i​n​g​s, S​i​g​h​t​i​n​g​s, s​i​g​h​t​i​n​g​s"
00706.5116018237368c3633823b2d24f8ac86,00706__salted__broad__cp200C__fragment.5116018237368c3633823b2d24f8ac86,broad,200C,fragment,,,,"Sightings, Sightings, sightings","S‌i‌g‌h‌t‌i‌n‌g‌s, S‌i‌g‌h‌t‌i‌n‌g‌s, s‌i‌g‌h‌t‌i‌n‌g‌s"
00706.5116018237368c3633823b2d24f8ac86,00706__salted__broad__cp200D__fragment.5116018237368c3633823b2d24f8ac86,broad,200D,fragment,,,,"Sightings, Sightings, sightings","S‍i‍g‍h‍t‍i‍n‍g‍s, S‍i‍g‍h‍t‍i‍n‍g‍s, s‍i‍g‍h‍t‍i‍n‍g‍s"
00706.5116018237368c3633823b2d24f8ac86,00706__salted__broad__cp00AD__fragment.5116018237368c3633823b2d24f8ac86,broad,00AD,fragment,,,,"Sightings, Sightings, sightings","S­i­g­h­t­i­n­g­s, S­i­g­h­t­i­n­g­s, s­i­g­h­t­i­n­g­s"
00718.2495a50c4eab3755f338b5fe589dd52d,00718__salted__broad__cp200B__fragment.2495a50c4eab3755f338b5fe589dd52d,broad,200B,fragment,,WHOLESALE,W​H​O​L​E​S​A​L​E,,
00718.2495a50c4eab3755f338b5fe589dd52d,00718__salted__broad__cp200C__fragment.2495a50c4eab3755f338b5fe589dd52d,broad,200C,fragment,,WHOLESALE,W‌H‌O‌L‌E‌S‌A‌L‌E,,
00718.2495a50c4eab3755f338b5fe589dd52d,00718__salted__broad__cp200D__fragment.2495a50c4eab3755f338b5fe589dd52d,broad,200D,fragment,,WHOLESALE,W‍H‍O‍L‍E‍S‍A‍L‍E,,
00718.2495a50c4eab3755f338b5fe589dd52d,00718__salted__broad__cp00AD__fragment.2495a50c4eab3755f338b5fe589dd52d,broad,00AD,fragment,,WHOLESALE,W­H­O­L­E­S­A­L­E,,
00727.45ac8c0efbb22514a075b99e1c57422e,00727__salted__broad__cp200B__fragment.45ac8c0efbb22514a075b99e1c57422e,broad,200B,fragment,,Sales,S​a​l​e​s,,
00727.45ac8c0efbb22514a075b99e1c57422e,00727__salted__broad__cp200C__fragment.45ac8c0efbb22514a075b99e1c57422e,broad,200C,fragment,,Sales,S‌a‌l‌e‌s,,
00727.45ac8c0efbb22514a075b99e1c57422e,00727__salted__broad__cp200D__fragment.45ac8c0efbb22514a075b99e1c57422e,broad,200D,fragment,,Sales,S‍a‍l‍e‍s,,
00727.45ac8c0efbb22514a075b99e1c57422e,00727__salted__broad__cp00AD__fragment.45ac8c0efbb22514a075b99e1c57422e,broad,00AD,fragment,,Sales,S­a­l­e­s,,
00738.10deb784a63c0bdc5e78b019720f3e9f,00738__salted__broad__cp200B__fragment.10deb784a63c0bdc5e78b019720f3e9f,broad,200B,fragment,,Adv,A​d​v,"premium, offer, receive","p​r​e​m​i​u​m, o​f​f​e​r, r​e​c​e​i​v​e"
00738.10deb784a63c0bdc5e78b019720f3e9f,00738__salted__broad__cp200C__fragment.10deb784a63c0bdc5e78b019720f3e9f,broad,200C,fragment,,Adv,A‌d‌v,"premium, offer, receive","p‌r‌e‌m‌i‌u‌m, o‌f‌f‌e‌r, r‌e‌c‌e‌i‌v‌e"
00738.10deb784a63c0bdc5e78b019720f3e9f,00738__salted__broad__cp200D__fragment.10deb784a63c0bdc5e78b019720f3e9f,broad,200D,fragment,,Adv,A‍d‍v,"premium, offer, receive","p‍r‍e‍m‍i‍u‍m, o‍f‍f‍e‍r, r‍e‍c‍e‍i‍v‍e"
00738.10deb784a63c0bdc5e78b019720f3e9f,00738__salted__broad__cp00AD__fragment.10deb784a63c0bdc5e78b019720f3e9f,broad,00AD,fragment,,Adv,A­d­v,"premium, offer, receive","p­r­e­m­i­u­m, o­f­f­e­r, r­e­c­e­i­v­e"
00740.ce4777381c2bc6bee30bef6bd274233f,00740__salted__broad__cp200B__fragment.ce4777381c2bc6bee30bef6bd274233f,broad,200B,fragment,,Lowest,L​o​w​e​s​t,"mortgage, loan, loan","m​o​r​t​g​a​g​e, l​o​a​n, l​o​a​n"
00740.ce4777381c2bc6bee30bef6bd274233f,00740__salted__broad__cp200C__fragment.ce4777381c2bc6bee30bef6bd274233f,broad,200C,fragment,,Lowest,L‌o‌w‌e‌s‌t,"mortgage, loan, loan","m‌o‌r‌t‌g‌a‌g‌e, l‌o‌a‌n, l‌o‌a‌n"
00740.ce4777381c2bc6bee30bef6bd274233f,00740__salted__broad__cp200D__fragment.ce4777381c2bc6bee30bef6bd274233f,broad,200D,fragment,,Lowest,L‍o‍w‍e‍s‍t,"mortgage, loan, loan","m‍o‍r‍t‍g‍a‍g‍e, l‍o‍a‍n, l‍o‍a‍n"
00740.ce4777381c2bc6bee30bef6bd274233f,00740__salted__broad__cp00AD__fragment.ce4777381c2bc6bee30bef6bd274233f,broad,00AD,fragment,,Lowest,L­o­w­e­s­t,"mortgage, loan, loan","m­o­r­t­g­a­g­e, l­o­a­n, l­o­a­n"
00757.c2da75286819a139e27438ca5c5ba762,00757__salted__broad__cp200B__fragment.c2da75286819a139e27438ca5c5ba762,broad,200B,fragment,,MARKETING,M​A​R​K​E​T​I​N​G,"offer, prices, prices","o​f​f​e​r, p​r​i​c​e​s, p​r​i​c​e​s"
00757.c2da75286819a139e27438ca5c5ba762,00757__salted__broad__cp200C__fragment.c2da75286819a139e27438ca5c5ba762,broad,200C,fragment,,MARKETING,M‌A‌R‌K‌E‌T‌I‌N‌G,"offer, prices, prices","o‌f‌f‌e‌r, p‌r‌i‌c‌e‌s, p‌r‌i‌c‌e‌s"
00757.c2da75286819a139e27438ca5c5ba762,00757__salted__broad__cp200D__fragment.c2da75286819a139e27438ca5c5ba762,broad,200D,fragment,,MARKETING,M‍A‍R‍K‍E‍T‍I‍N‍G,"offer, prices, prices","o‍f‍f‍e‍r, p‍r‍i‍c‍e‍s, p‍r‍i‍c‍e‍s"
00757.c2da75286819a139e27438ca5c5ba762,00757__salted__broad__cp00AD__fragment.c2da75286819a139e27438ca5c5ba762,broad,00AD,fragment,,MARKETING,M­A­R­K­E­T­I­N­G,"offer, prices, prices","o­f­f­e­r, p­r­i­c­e­s, p­r­i­c­e­s"
00761.00d729b279723c9ae9d8f09e171db301,00761__salted__broad__cp200B__fragment.00d729b279723c9ae9d8f09e171db301,broad,200B,fragment,,Credit,C​r​e​d​i​t,,
00761.00d729b279723c9ae9d8f09e171db301,00761__salted__broad__cp200C__fragment.00d729b279723c9ae9d8f09e171db301,broad,200C,fragment,,Credit,C‌r‌e‌d‌i‌t,,
00761.00d729b279723c9ae9d8f09e171db301,00761__salted__broad__cp200D__fragment.00d729b279723c9ae9d8f09e171db301,broad,200D,fragment,,Credit,C‍r‍e‍d‍i‍t,,
00761.00d729b279723c9ae9d8f09e171db301,00761__salted__broad__cp00AD__fragment.00d729b279723c9ae9d8f09e171db301,broad,00AD,fragment,,Credit,C­r­e­d­i­t,,
00762.e31568dff471c947d42869ae2f8f0779,00762__salted__broad__cp200B__fragment.e31568dff471c947d42869ae2f8f0779,broad,200B,fragment,,Insurance,I​n​s​u​r​a​n​c​e,,
00762.e31568dff471c947d42869ae2f8f0779,00762__salted__broad__cp200C__fragment.e31568dff471c947d42869ae2f8f0779,broad,200C,fragment,,Insurance,I‌n‌s‌u‌r‌a‌n‌c‌e,,
00762.e31568dff471c947d42869ae2f8f0779,00762__salted__broad__cp200D__fragment.e31568dff471c947d42869ae2f8f0779,broad,200D,fragment,,Insurance,I‍n‍s‍u‍r‍a‍n‍c‍e,,
00762.e31568dff471c947d42869ae2f8f0779,00762__salted__broad__cp00AD__fragment.e31568dff471c947d42869ae2f8f0779,broad,00AD,fragment,,Insurance,I­n­s­u­r­a­n­c­e,,
00795.61fe820f7755e4b4e66e715ea667b338,00795__salted__broad__cp200B__fragment.61fe820f7755e4b4e66e715ea667b338,broad,200B,fragment,,,,"earn, absolutely, Guarantee","e​a​r​n, a​b​s​o​l​u​t​e​l​y, G​u​a​r​a​n​t​e​e"
00795.61fe820f7755e4b4e66e715ea667b338,00795__salted__broad__cp200C__fragment.61fe820f7755e4b4e66e715ea667b338,broad,200C,fragment,,,,"earn, absolutely, Guarantee","e‌a‌r‌n, a‌b‌s‌o‌l‌u‌t‌e‌l‌y, G‌u‌a‌r‌a‌n‌t‌e‌e"
00795.61fe820f7755e4b4e66e715ea667b338,00795__salted__broad__cp200D__fragment.61fe820f7755e4b4e66e715ea667b338,broad,200D,fragment,,,,"earn, absolutely, Guarantee","e‍a‍r‍n, a‍b‍s‍o‍l‍u‍t‍e‍l‍y, G‍u‍a‍r‍a‍n‍t‍e‍e"
00795.61fe820f7755e4b4e66e715ea667b338,00795__salted__broad__cp00AD__fragment.61fe820f7755e4b4e66e715ea667b338,broad,00AD,fragment,,,,"earn, absolutely, Guarantee","e­a­r­n, a­b­s­o­l­u­t­e­l­y, G­u­a­r­a­n­t­e­e"
00796.1f29c490fd2bd8581d19e3e193978a3d,00796__salted__broad__cp200B__fragment.1f29c490fd2bd8581d19e3e193978a3d,broad,200B,fragment,,Lose,L​o​s​e,,
00796.1f29c490fd2bd8581d19e3e193978a3d,00796__salted__broad__cp200C__fragment.1f29c490fd2bd8581d19e3e193978a3d,broad,200C,fragment,,Lose,L‌o‌s‌e,,
00796.1f29c490fd2bd8581d19e3e193978a3d,00796__salted__broad__cp200D__fragment.1f29c490fd2bd8581d19e3e193978a3d,broad,200D,fragment,,Lose,L‍o‍s‍e,,
00796.1f29c490fd2bd8581d19e3e193978a3d,00796__salted__broad__cp00AD__fragment.1f29c490fd2bd8581d19e3e193978a3d,broad,00AD,fragment,,Lose,L­o­s­e,,
00807.8abdd26ba778758f5e46b84a54ac62f4,00807__salted__broad__cp200B__fragment.8abdd26ba778758f5e46b84a54ac62f4,broad,200B,fragment,,savings,s​a​v​i​n​g​s,"Opportunity, mortgage, rates","O​p​p​o​r​t​u​n​i​t​y, m​o​r​t​g​a​g​e, r​a​t​e​s"
00807.8abdd26ba778758f5e46b84a54ac62f4,00807__salted__broad__cp200C__fragment.8abdd26ba778758f5e46b84a54ac62f4,broad,200C,fragment,,savings,s‌a‌v‌i‌n‌g‌s,"Opportunity, mortgage, rates","O‌p‌p‌o‌r‌t‌u‌n‌i‌t‌y, m‌o‌r‌t‌g‌a‌g‌e, r‌a‌t‌e‌s"
00807.8abdd26ba778758f5e46b84a54ac62f4,00807__salted__broad__cp200D__fragment.8abdd26ba778758f5e46b84a54ac62f4,broad,200D,fragment,,savings,s‍a‍v‍i‍n‍g‍s,"Opportunity, mortgage, rates","O‍p‍p‍o‍r‍t‍u‍n‍i‍t‍y, m‍o‍r‍t‍g‍a‍g‍e, r‍a‍t‍e‍s"
00807.8abdd26ba778758f5e46b84a54ac62f4,00807__salted__broad__cp00AD__fragment.8abdd26ba778758f5e46b84a54ac62f4,broad,00AD,fragment,,savings,s­a­v­i­n­g­s,"Opportunity, mortgage, rates","O­p­p­o­r­t­u­n­i­t­y, m­o­r­t­g­a­g­e, r­a­t­e­s"
00810.bceaa748f9cee012c466212d8a608acf,00810__salted__broad__cp200B__fragment.bceaa748f9cee012c466212d8a608acf,broad,200B,fragment,,,,"BRAND, income, hours","B​R​A​N​D, i​n​c​o​m​e, h​o​u​r​s"
00810.bceaa748f9cee012c466212d8a608acf,00810__salted__broad__cp200C__fragment.bceaa748f9cee012c466212d8a608acf,broad,200C,fragment,,,,"BRAND, income, hours","B‌R‌A‌N‌D, i‌n‌c‌o‌m‌e, h‌o‌u‌r‌s"
00810.bceaa748f9cee012c466212d8a608acf,00810__salted__broad__cp200D__fragment.bceaa748f9cee012c466212d8a608acf,broad,200D,fragment,,,,"BRAND, income, hours","B‍R‍A‍N‍D, i‍n‍c‍o‍m‍e, h‍o‍u‍r‍s"
00810.bceaa748f9cee012c466212d8a608acf,00810__salted__broad__cp00AD__fragment.bceaa748f9cee012c466212d8a608acf,broad,00AD,fragment,,,,"BRAND, income, hours","B­R­A­N­D, i­n­c­o­m­e, h­o­u­r­s"
00830.079ed7d24f78024e023b82417a6fe2ca,00830__salted__broad__cp200B__fragment.079ed7d24f78024e023b82417a6fe2ca,broad,200B,fragment,,,,"earn, dollars, marketing","e​a​r​n, d​o​l​l​a​r​s, m​a​r​k​e​t​i​n​g"
00830.079ed7d24f78024e023b82417a6fe2ca,00830__salted__broad__cp200C__fragment.079ed7d24f78024e023b82417a6fe2ca,broad,200C,fragment,,,,"earn, dollars, marketing","e‌a‌r‌n, d‌o‌l‌l‌a‌r‌s, m‌a‌r‌k‌e‌t‌i‌n‌g"
00830.079ed7d24f78024e023b82417a6fe2ca,00830__salted__broad__cp200D__fragment.079ed7d24f78024e023b82417a6fe2ca,broad,200D,fragment,,,,"earn, dollars, marketing","e‍a‍r‍n, d‍o‍l‍l‍a‍r‍s, m‍a‍r‍k‍e‍t‍i‍n‍g"
00830.079ed7d24f78024e023b82417a6fe2ca,00830__salted__broad__cp00AD__fragment.079ed7d24f78024e023b82417a6fe2ca,broad,00AD,fragment,,,,"earn, dollars, marketing","e­a­r­n, d­o­l­l­a­r­s, m­a­r­k­e­t­i­n­g"
00851.dc5452f80ba0bb8481dfc48f70380c4d,00851__salted__broad__cp200B__fragment.dc5452f80ba0bb8481dfc48f70380c4d,broad,200B,fragment,,credit,c​r​e​d​i​t,,
00851.dc5452f80ba0bb8481dfc48f70380c4d,00851__salted__broad__cp200C__fragment.dc5452f80ba0bb8481dfc48f70380c4d,broad,200C,fragment,,credit,c‌r‌e‌d‌i‌t,,
00851.dc5452f80ba0bb8481dfc48f70380c4d,00851__salted__broad__cp200D__fragment.dc5452f80ba0bb8481dfc48f70380c4d,broad,200D,fragment,,credit,c‍r‍e‍d‍i‍t,,
00851.dc5452f80ba0bb8481dfc48f70380c4d,00851__salted__broad__cp00AD__fragment.dc5452f80ba0bb8481dfc48f70380c4d,broad,00AD,fragment,,credit,c­r­e­d­i­t,,
00861.e8b94fc9514d2d2cbb541b01e2dda726,00861__salted__broad__cp200B__fragment.e8b94fc9514d2d2cbb541b01e2dda726,broad,200B,fragment,,,,"emails, strongly, enemies","e​m​a​i​l​s, s​t​r​o​n​g​l​y, e​n​e​m​i​e​s"
00861.e8b94fc9514d2d2cbb541b01e2dda726,00861__salted__broad__cp200C__fragment.e8b94fc9514d2d2cbb541b01e2dda726,broad,200C,fragment,,,,"emails, strongly, enemies","e‌m‌a‌i‌l‌s, s‌t‌r‌o‌n‌g‌l‌y, e‌n‌e‌m‌i‌e‌s"
00861.e8b94fc9514d2d2cbb541b01e2dda726,00861__salted__broad__cp200D__fragment.e8b94fc9514d2d2cbb541b01e2dda726,broad,200D,fragment,,,,"emails, strongly, enemies","e‍m‍a‍i‍l‍s, s‍t‍r‍o‍n‍g‍l‍y, e‍n‍e‍m‍i‍e‍s"
00861.e8b94fc9514d2d2cbb541b01e2dda726,00861__salted__broad__cp00AD__fragment.e8b94fc9514d2d2cbb541b01e2dda726,broad,00AD,fragment,,,,"emails, strongly, enemies","e­m­a­i­l­s, s­t­r­o­n­g­l­y, e­n­e­m­i­e­s"
00891.730d12d96dcfa7812a51d12d9a3b6a1c,00891__salted__broad__cp200B__fragment.730d12d96dcfa7812a51d12d9a3b6a1c,broad,200B,fragment,,,,"receive, proposal, sincerely","r​e​c​e​i​v​e, p​r​o​p​o​s​a​l, s​i​n​c​e​r​e​l​y"
00891.730d12d96dcfa7812a51d12d9a3b6a1c,00891__salted__broad__cp200C__fragment.730d12d96dcfa7812a51d12d9a3b6a1c,broad,200C,fragment,,,,"receive, proposal, sincerely","r‌e‌c‌e‌i‌v‌e, p‌r‌o‌p‌o‌s‌a‌l, s‌i‌n‌c‌e‌r‌e‌l‌y"
00891.730d12d96dcfa7812a51d12d9a3b6a1c,00891__salted__broad__cp200D__fragment.730d12d96dcfa7812a51d12d9a3b6a1c,broad,200D,fragment,,,,"receive, proposal, sincerely","r‍e‍c‍e‍i‍v‍e, p‍r‍o‍p‍o‍s‍a‍l, s‍i‍n‍c‍e‍r‍e‍l‍y"
00891.730d12d96dcfa7812a51d12d9a3b6a1c,00891__salted__broad__cp00AD__fragment.730d12d96dcfa7812a51d12d9a3b6a1c,broad,00AD,fragment,,,,"receive, proposal, sincerely","r­e­c­e­i­v­e, p­r­o­p­o­s­a­l, s­i­n­c­e­r­e­l­y"
00925.6ba2770acb214c661a26e54b4d03c119,00925__salted__broad__cp200B__fragment.6ba2770acb214c661a26e54b4d03c119,broad,200B,fragment,,ADV,A​D​V,"remove, toll, Sincerely","r​e​m​o​v​e, t​o​l​l, S​i​n​c​e​r​e​l​y"
00925.6ba2770acb214c661a26e54b4d03c119,00925__salted__broad__cp200C__fragment.6ba2770acb214c661a26e54b4d03c119,broad,200C,fragment,,ADV,A‌D‌V,"remove, toll, Sincerely","r‌e‌m‌o‌v‌e, t‌o‌l‌l, S‌i‌n‌c‌e‌r‌e‌l‌y"
00925.6ba2770acb214c661a26e54b4d03c119,00925__salted__broad__cp200D__fragment.6ba2770acb214c661a26e54b4d03c119,broad,200D,fragment,,ADV,A‍D‍V,"remove, toll, Sincerely","r‍e‍m‍o‍v‍e, t‍o‍l‍l, S‍i‍n‍c‍e‍r‍e‍l‍y"
00925.6ba2770acb214c661a26e54b4d03c119,00925__salted__broad__cp00AD__fragment.6ba2770acb214c661a26e54b4d03c119,broad,00AD,fragment,,ADV,A­D­V,"remove, toll, Sincerely","r­e­m­o­v­e, t­o­l­l, S­i­n­c­e­r­e­l­y"
00933.751d91a92c5f2a40baf68615e49b3fc2,00933__salted__broad__cp200B__fragment.751d91a92c5f2a40baf68615e49b3fc2,broad,200B,fragment,,Marketing,M​a​r​k​e​t​i​n​g,,
00933.751d91a92c5f2a40baf68615e49b3fc2,00933__salted__broad__cp200C__fragment.751d91a92c5f2a40baf68615e49b3fc2,broad,200C,fragment,,Marketing,M‌a‌r‌k‌e‌t‌i‌n‌g,,
00933.751d91a92c5f2a40baf68615e49b3fc2,00933__salted__broad__cp200D__fragment.751d91a92c5f2a40baf68615e49b3fc2,broad,200D,fragment,,Marketing,M‍a‍r‍k‍e‍t‍i‍n‍g,,
00933.751d91a92c5f2a40baf68615e49b3fc2,00933__salted__broad__cp00AD__fragment.751d91a92c5f2a40baf68615e49b3fc2,broad,00AD,fragment,,Marketing,M­a­r­k­e­t­i­n­g,,
00939.8d335bc76836e51b449de9f6b38aa0f8,00939__salted__broad__cp200B__fragment.8d335bc76836e51b449de9f6b38aa0f8,broad,200B,fragment,,,,"receive, Click, promotion","r​e​c​e​i​v​e, C​l​i​c​k, p​r​o​m​o​t​i​o​n"
00939.8d335bc76836e51b449de9f6b38aa0f8,00939__salted__broad__cp200C__fragment.8d335bc76836e51b449de9f6b38aa0f8,broad,200C,fragment,,,,"receive, Click, promotion","r‌e‌c‌e‌i‌v‌e, C‌l‌i‌c‌k, p‌r‌o‌m‌o‌t‌i‌o‌n"
00939.8d335bc76836e51b449de9f6b38aa0f8,00939__salted__broad__cp200D__fragment.8d335bc76836e51b449de9f6b38aa0f8,broad,200D,fragment,,,,"receive, Click, promotion","r‍e‍c‍e‍i‍v‍e, C‍l‍i‍c‍k, p‍r‍o‍m‍o‍t‍i‍o‍n"
00939.8d335bc76836e51b449de9f6b38aa0f8,00939__salted__broad__cp00AD__fragment.8d335bc76836e51b449de9f6b38aa0f8,broad,00AD,fragment,,,,"receive, Click, promotion","r­e­c­e­i­v­e, C­l­i­c­k, p­r­o­m­o­t­i­o­n"
00940.33bee147237876bc1f28b1bf21b586a0,00940__salted__broad__cp200B__fragment.33bee147237876bc1f28b1bf21b586a0,broad,200B,fragment,,Assistance,A​s​s​i​s​t​a​n​c​e,"Dear, Sir, Nigeria","D​e​a​r, S​i​r, N​i​g​e​r​i​a"
00940.33bee147237876bc1f28b1bf21b586a0,00940__salted__broad__cp200C__fragment.33bee147237876bc1f28b1bf21b586a0,broad,200C,fragment,,Assistance,A‌s‌s‌i‌s‌t‌a‌n‌c‌e,"Dear, Sir, Nigeria","D‌e‌a‌r, S‌i‌r, N‌i‌g‌e‌r‌i‌a"
00940.33bee147237876bc1f28b1bf21b586a0,00940__salted__broad__cp200D__fragment.33bee147237876bc1f28b1bf21b586a0,broad,200D,fragment,,Assistance,A‍s‍s‍i‍s‍t‍a‍n‍c‍e,"Dear, Sir, Nigeria","D‍e‍a‍r, S‍i‍r, N‍i‍g‍e‍r‍i‍a"
00940.33bee147237876bc1f28b1bf21b586a0,00940__salted__broad__cp00AD__fragment.33bee147237876bc1f28b1bf21b586a0,broad,00AD,fragment,,Assistance,A­s­s­i­s­t­a­n­c­e,"Dear, Sir, Nigeria","D­e­a­r, S­i­r, N­i­g­e­r­i­a"
00947.e4d80402e902f1ea42cfc539bb279afd,00947__salted__broad__cp200B__fragment.e4d80402e902f1ea42cfc539bb279afd,broad,200B,fragment,,cartridges,c​a​r​t​r​i​d​g​e​s,,
00947.e4d80402e902f1ea42cfc539bb279afd,00947__salted__broad__cp200C__fragment.e4d80402e902f1ea42cfc539bb279afd,broad,200C,fragment,,cartridges,c‌a‌r‌t‌r‌i‌d‌g‌e‌s,,
00947.e4d80402e902f1ea42cfc539bb279afd,00947__salted__broad__cp200D__fragment.e4d80402e902f1ea42cfc539bb279afd,broad,200D,fragment,,cartridges,c‍a‍r‍t‍r‍i‍d‍g‍e‍s,,
00947.e4d80402e902f1ea42cfc539bb279afd,00947__salted__broad__cp00AD__fragment.e4d80402e902f1ea42cfc539bb279afd,broad,00AD,fragment,,cartridges,c­a­r­t­r­i­d­g­e­s,,
00948.674250d39ae9ea6d1c054fd6f7b52cee,00948__salted__broad__cp200B__fragment.674250d39ae9ea6d1c054fd6f7b52cee,broad,200B,fragment,,,,"trading, offering, trading","t​r​a​d​i​n​g, o​f​f​e​r​i​n​g, t​r​a​d​i​n​g"
00948.674250d39ae9ea6d1c054fd6f7b52cee,00948__salted__broad__cp200C__fragment.674250d39ae9ea6d1c054fd6f7b52cee,broad,200C,fragment,,,,"trading, offering, trading","t‌r‌a‌d‌i‌n‌g, o‌f‌f‌e‌r‌i‌n‌g, t‌r‌a‌d‌i‌n‌g"
00948.674250d39ae9ea6d1c054fd6f7b52cee,00948__salted__broad__cp200D__fragment.674250d39ae9ea6d1c054fd6f7b52cee,broad,200D,fragment,,,,"trading, offering, trading","t‍r‍a‍d‍i‍n‍g, o‍f‍f‍e‍r‍i‍n‍g, t‍r‍a‍d‍i‍n‍g"
00948.674250d39ae9ea6d1c054fd6f7b52cee,00948__salted__broad__cp00AD__fragment.674250d39ae9ea6d1c054fd6f7b52cee,broad,00AD,fragment,,,,"trading, offering, trading","t­r­a­d­i­n­g, o­f­f­e­r­i­n­g, t­r­a­d­i­n­g"
00953.906b4905eb02cfb9a093162f3c143252,00953__salted__broad__cp200B__fragment.906b4905eb02cfb9a093162f3c143252,broad,200B,fragment,,Urgent,U​r​g​e​n​t,,
00953.906b4905eb02cfb9a093162f3c143252,00953__salted__broad__cp200C__fragment.906b4905eb02cfb9a093162f3c143252,broad,200C,fragment,,Urgent,U‌r‌g‌e‌n‌t,,
00953.906b4905eb02cfb9a093162f3c143252,00953__salted__broad__cp200D__fragment.906b4905eb02cfb9a093162f3c143252,broad,200D,fragment,,Urgent,U‍r‍g‍e‍n‍t,,
00953.906b4905eb02cfb9a093162f3c143252,00953__salted__broad__cp00AD__fragment.906b4905eb02cfb9a093162f3c143252,broad,00AD,fragment,,Urgent,U­r­g­e­n­t,,
00956.bd15831ffe9661a5395b8ec491a4fed2,00956__salted__broad__cp200B__fragment.bd15831ffe9661a5395b8ec491a4fed2,broad,200B,fragment,,Cartridges,C​a​r​t​r​i​d​g​e​s,,
00956.bd15831ffe9661a5395b8ec491a4fed2,00956__salted__broad__cp200C__fragment.bd15831ffe9661a5395b8ec491a4fed2,broad,200C,fragment,,Cartridges,C‌a‌r‌t‌r‌i‌d‌g‌e‌s,,
00956.bd15831ffe9661a5395b8ec491a4fed2,00956__salted__broad__cp200D__fragment.bd15831ffe9661a5395b8ec491a4fed2,broad,200D,fragment,,Cartridges,C‍a‍r‍t‍r‍i‍d‍g‍e‍s,,
00956.bd15831ffe9661a5395b8ec491a4fed2,00956__salted__broad__cp00AD__fragment.bd15831ffe9661a5395b8ec491a4fed2,broad,00AD,fragment,,Cartridges,C­a­r­t­r­i­d­g­e­s,,
00962.452e4bd0724bf1139c9bc4eb9ec0fe43,00962__salted__broad__cp200B__fragment.452e4bd0724bf1139c9bc4eb9ec0fe43,broad,200B,fragment,,cartridges,c​a​r​t​r​i​d​g​e​s,,
00962.452e4bd0724bf1139c9bc4eb9ec0fe43,00962__salted__broad__cp200C__fragment.452e4bd0724bf1139c9bc4eb9ec0fe43,broad,200C,fragment,,cartridges,c‌a‌r‌t‌r‌i‌d‌g‌e‌s,,
00962.452e4bd0724bf1139c9bc4eb9ec0fe43,00962__salted__broad__cp200D__fragment.452e4bd0724bf1139c9bc4eb9ec0fe43,broad,200D,fragment,,cartridges,c‍a‍r‍t‍r‍i‍d‍g‍e‍s,,
00962.452e4bd0724bf1139c9bc4eb9ec0fe43,00962__salted__broad__cp00AD__fragment.452e4bd0724bf1139c9bc4eb9ec0fe43,broad,00AD,fragment,,cartridges,c­a­r­t­r­i­d­g­e­s,,
00973.ca8a425093e9994271e922f4d60f775c,00973__salted__broad__cp200B__fragment.ca8a425093e9994271e922f4d60f775c,broad,200B,fragment,,,,"FUND, DEBT, valuable","F​U​N​D, D​E​B​T, v​a​l​u​a​b​l​e"
00973.ca8a425093e9994271e922f4d60f775c,00973__salted__broad__cp200C__fragment.ca8a425093e9994271e922f4d60f775c,broad,200C,fragment,,,,"FUND, DEBT, valuable","F‌U‌N‌D, D‌E‌B‌T, v‌a‌l‌u‌a‌b‌l‌e"
00973.ca8a425093e9994271e922f4d60f775c,00973__salted__broad__cp200D__fragment.ca8a425093e9994271e922f4d60f775c,broad,200D,fragment,,,,"FUND, DEBT, valuable","F‍U‍N‍D, D‍E‍B‍T, v‍a‍l‍u‍a‍b‍l‍e"
00973.ca8a425093e9994271e922f4d60f775c,00973__salted__broad__cp00AD__fragment.ca8a425093e9994271e922f4d60f775c,broad,00AD,fragment,,,,"FUND, DEBT, valuable","F­U­N­D, D­E­B­T, v­a­l­u­a­b­l­e"
00994.228b5746d5f0e44e436fbc0203b3c67a,00994__salted__broad__cp200B__fragment.228b5746d5f0e44e436fbc0203b3c67a,broad,200B,fragment,,Adult,A​d​u​l​t,,
00994.228b5746d5f0e44e436fbc0203b3c67a,00994__salted__broad__cp200C__fragment.228b5746d5f0e44e436fbc0203b3c67a,broad,200C,fragment,,Adult,A‌d‌u‌l‌t,,
00994.228b5746d5f0e44e436fbc0203b3c67a,00994__salted__broad__cp200D__fragment.228b5746d5f0e44e436fbc0203b3c67a,broad,200D,fragment,,Adult,A‍d‍u‍l‍t,,
00994.228b5746d5f0e44e436fbc0203b3c67a,00994__salted__broad__cp00AD__fragment.228b5746d5f0e44e436fbc0203b3c67a,broad,00AD,fragment,,Adult,A­d­u­l­t,,
00998.92da52a65a4d039a6b9c02b0d65a1bbf,00998__salted__broad__cp200B__fragment.92da52a65a4d039a6b9c02b0d65a1bbf,broad,200B,fragment,,Medical,M​e​d​i​c​a​l,,
00998.92da52a65a4d039a6b9c02b0d65a1bbf,00998__salted__broad__cp200C__fragment.92da52a65a4d039a6b9c02b0d65a1bbf,broad,200C,fragment,,Medical,M‌e‌d‌i‌c‌a‌l,,
00998.92da52a65a4d039a6b9c02b0d65a1bbf,00998__salted__broad__cp200D__fragment.92da52a65a4d039a6b9c02b0d65a1bbf,broad,200D,fragment,,Medical,M‍e‍d‍i‍c‍a‍l,,
00998.92da52a65a4d039a6b9c02b0d65a1bbf,00998__salted__broad__cp00AD__fragment.92da52a65a4d039a6b9c02b0d65a1bbf,broad,00AD,fragment,,Medical,M­e­d­i­c­a­l,,
01008.5e932696d8f33950af53eb9461a014a2,01008__salted__broad__cp200B__fragment.5e932696d8f33950af53eb9461a014a2,broad,200B,fragment,,Million,M​i​l​l​i​o​n,"Dear, Sales, OVERNIGHT","D​e​a​r, S​a​l​e​s, O​V​E​R​N​I​G​H​T"
01008.5e932696d8f33950af53eb9461a014a2,01008__salted__broad__cp200C__fragment.5e932696d8f33950af53eb9461a014a2,broad,200C,fragment,,Million,M‌i‌l‌l‌i‌o‌n,"Dear, Sales, OVERNIGHT","D‌e‌a‌r, S‌a‌l‌e‌s, O‌V‌E‌R‌N‌I‌G‌H‌T"
01008.5e932696d8f33950af53eb9461a014a2,01008__salted__broad__cp200D__fragment.5e932696d8f33950af53eb9461a014a2,broad,200D,fragment,,Million,M‍i‍l‍l‍i‍o‍n,"Dear, Sales, OVERNIGHT","D‍e‍a‍r, S‍a‍l‍e‍s, O‍V‍E‍R‍N‍I‍G‍H‍T"
01008.5e932696d8f33950af53eb9461a014a2,01008__salted__broad__cp00AD__fragment.5e932696d8f33950af53eb9461a014a2,broad,00AD,fragment,,Million,M­i­l­l­i­o­n,"Dear, Sales, OVERNIGHT","D­e­a­r, S­a­l­e­s, O­V­E­R­N­I­G­H­T"
01011.d4812088cad8553fb214dab8003add9b,01011__salted__broad__cp200B__fragment.d4812088cad8553fb214dab8003add9b,broad,200B,fragment,,,,"DEAR, SIR, assistance","D​E​A​R, S​I​R, a​s​s​i​s​t​a​n​c​e"
01011.d4812088cad8553fb214dab8003add9b,01011__salted__broad__cp200C__fragment.d4812088cad8553fb214dab8003add9b,broad,200C,fragment,,,,"DEAR, SIR, assistance","D‌E‌A‌R, S‌I‌R, a‌s‌s‌i‌s‌t‌a‌n‌c‌e"
01011.d4812088cad8553fb214dab8003add9b,01011__salted__broad__cp200D__fragment.d4812088cad8553fb214dab8003add9b,broad,200D,fragment,,,,"DEAR, SIR, assistance","D‍E‍A‍R, S‍I‍R, a‍s‍s‍i‍s‍t‍a‍n‍c‍e"
01011.d4812088cad8553fb214dab8003add9b,01011__salted__broad__cp00AD__fragment.d4812088cad8553fb214dab8003add9b,broad,00AD,fragment,,,,"DEAR, SIR, assistance","D­E­A­R, S­I­R, a­s­s­i­s­t­a­n­c­e"
01014.98c1d0a70f88efb979d9ca65e945363e,01014__salted__broad__cp200B__fragment.98c1d0a70f88efb979d9ca65e945363e,broad,200B,fragment,,,,"REPLY, EMAILS, contact","R​E​P​L​Y, E​M​A​I​L​S, c​o​n​t​a​c​t"
01014.98c1d0a70f88efb979d9ca65e945363e,01014__salted__broad__cp200C__fragment.98c1d0a70f88efb979d9ca65e945363e,broad,200C,fragment,,,,"REPLY, EMAILS, contact","R‌E‌P‌L‌Y, E‌M‌A‌I‌L‌S, c‌o‌n‌t‌a‌c‌t"
01014.98c1d0a70f88efb979d9ca65e945363e,01014__salted__broad__cp200D__fragment.98c1d0a70f88efb979d9ca65e945363e,broad,200D,fragment,,,,"REPLY, EMAILS, contact","R‍E‍P‍L‍Y, E‍M‍A‍I‍L‍S, c‍o‍n‍t‍a‍c‍t"
01014.98c1d0a70f88efb979d9ca65e945363e,01014__salted__broad__cp00AD__fragment.98c1d0a70f88efb979d9ca65e945363e,broad,00AD,fragment,,,,"REPLY, EMAILS, contact","R­E­P­L­Y, E­M­A­I­L­S, c­o­n­t­a­c­t"
01016.ac6ce255291deba2f46cdd8ddba3ea01,01016__salted__broad__cp200B__fragment.ac6ce255291deba2f46cdd8ddba3ea01,broad,200B,fragment,,cartridges,c​a​r​t​r​i​d​g​e​s,,
01016.ac6ce255291deba2f46cdd8ddba3ea01,01016__salted__broad__cp200C__fragment.ac6ce255291deba2f46cdd8ddba3ea01,broad,200C,fragment,,cartridges,c‌a‌r‌t‌r‌i‌d‌g‌e‌s,,
01016.ac6ce255291deba2f46cdd8ddba3ea01,01016__salted__broad__cp200D__fragment.ac6ce255291deba2f46cdd8ddba3ea01,broad,200D,fragment,,cartridges,c‍a‍r‍t‍r‍i‍d‍g‍e‍s,,
01016.ac6ce255291deba2f46cdd8ddba3ea01,01016__salted__broad__cp00AD__fragment.ac6ce255291deba2f46cdd8ddba3ea01,broad,00AD,fragment,,cartridges,c­a­r­t­r­i­d­g­e­s,,
01036.87c1f0b55cb48bd36c8863cf700cd485,01036__salted__broad__cp200B__fragment.87c1f0b55cb48bd36c8863cf700cd485,broad,200B,fragment,,,,"million, opportunity, Click","m​i​l​l​i​o​n, o​p​p​o​r​t​u​n​i​t​y, C​l​i​c​k"
01036.87c1f0b55cb48bd36c8863cf700cd485,01036__salted__broad__cp200C__fragment.87c1f0b55cb48bd36c8863cf700cd485,broad,200C,fragment,,,,"million, opportunity, Click","m‌i‌l‌l‌i‌o‌n, o‌p‌p‌o‌r‌t‌u‌n‌i‌t‌y, C‌l‌i‌c‌k"
01036.87c1f0b55cb48bd36c8863cf700cd485,01036__salted__broad__cp200D__fragment.87c1f0b55cb48bd36c8863cf700cd485,broad,200D,fragment,,,,"million, opportunity, Click","m‍i‍l‍l‍i‍o‍n, o‍p‍p‍o‍r‍t‍u‍n‍i‍t‍y, C‍l‍i‍c‍k"
01036.87c1f0b55cb48bd36c8863cf700cd485,01036__salted__broad__cp00AD__fragment.87c1f0b55cb48bd36c8863cf700cd485,broad,00AD,fragment,,,,"million, opportunity, Click","m­i­l­l­i­o­n, o­p­p­o­r­t­u­n­i­t­y, C­l­i­c­k"
01069.a8cdf944083398c026db401b13908ef9,01069__salted__broad__cp200B__fragment.a8cdf944083398c026db401b13908ef9,broad,200B,fragment,,Adult,A​d​u​l​t,Credit,C​r​e​d​i​t
01069.a8cdf944083398c026db401b13908ef9,01069__salted__broad__cp200C__fragment.a8cdf944083398c026db401b13908ef9,broad,200C,fragment,,Adult,A‌d‌u‌l‌t,Credit,C‌r‌e‌d‌i‌t
01069.a8cdf944083398c026db401b13908ef9,01069__salted__broad__cp200D__fragment.a8cdf944083398c026db401b13908ef9,broad,200D,fragment,,Adult,A‍d‍u‍l‍t,Credit,C‍r‍e‍d‍i‍t
01069.a8cdf944083398c026db401b13908ef9,01069__salted__broad__cp00AD__fragment.a8cdf944083398c026db401b13908ef9,broad,00AD,fragment,,Adult,A­d­u­l­t,Credit,C­r­e­d­i­t
01075.07ee7f1ab5ad6659c47baa5ef3691a80,01075__salted__broad__cp200B__fragment.07ee7f1ab5ad6659c47baa5ef3691a80,broad,200B,fragment,,Account,A​c​c​o​u​n​t,"Membership, Teen, teen","M​e​m​b​e​r​s​h​i​p, T​e​e​n, t​e​e​n"
01075.07ee7f1ab5ad6659c47baa5ef3691a80,01075__salted__broad__cp200C__fragment.07ee7f1ab5ad6659c47baa5ef3691a80,broad,200C,fragment,,Account,A‌c‌c‌o‌u‌n‌t,"Membership, Teen, teen","M‌e‌m‌b‌e‌r‌s‌h‌i‌p, T‌e‌e‌n, t‌e‌e‌n"
01075.07ee7f1ab5ad6659c47baa5ef3691a80,01075__salted__broad__cp200D__fragment.07ee7f1ab5ad6659c47baa5ef3691a80,broad,200D,fragment,,Account,A‍c‍c‍o‍u‍n‍t,"Membership, Teen, teen","M‍e‍m‍b‍e‍r‍s‍h‍i‍p, T‍e‍e‍n, t‍e‍e‍n"
01075.07ee7f1ab5ad6659c47baa5ef3691a80,01075__salted__broad__cp00AD__fragment.07ee7f1ab5ad6659c47baa5ef3691a80,broad,00AD,fragment,,Account,A­c­c­o­u­n­t,"Membership, Teen, teen","M­e­m­b­e­r­s­h­i­p, T­e­e­n, t­e­e­n"
01079.9eb95fd88f3d9d551f8c64359470ae7e,01079__salted__broad__cp200B__fragment.9eb95fd88f3d9d551f8c64359470ae7e,broad,200B,fragment,,cartridges,c​a​r​t​r​i​d​g​e​s,,
01079.9eb95fd88f3d9d551f8c64359470ae7e,01079__salted__broad__cp200C__fragment.9eb95fd88f3d9d551f8c64359470ae7e,broad,200C,fragment,,cartridges,c‌a‌r‌t‌r‌i‌d‌g‌e‌s,,
01079.9eb95fd88f3d9d551f8c64359470ae7e,01079__salted__broad__cp200D__fragment.9eb95fd88f3d9d551f8c64359470ae7e,broad,200D,fragment,,cartridges,c‍a‍r‍t‍r‍i‍d‍g‍e‍s,,
01079.9eb95fd88f3d9d551f8c64359470ae7e,01079__salted__broad__cp00AD__fragment.9eb95fd88f3d9d551f8c64359470ae7e,broad,00AD,fragment,,cartridges,c­a­r­t­r­i­d­g­e­s,,
01082.9f69cd26a420837850841e71d6147a57,01082__salted__broad__cp200B__fragment.9f69cd26a420837850841e71d6147a57,broad,200B,fragment,,,,"reply, Remove, Hundreds","r​e​p​l​y, R​e​m​o​v​e, H​u​n​d​r​e​d​s"
01082.9f69cd26a420837850841e71d6147a57,01082__salted__broad__cp200C__fragment.9f69cd26a420837850841e71d6147a57,broad,200C,fragment,,,,"reply, Remove, Hundreds","r‌e‌p‌l‌y, R‌e‌m‌o‌v‌e, H‌u‌n‌d‌r‌e‌d‌s"
01082.9f69cd26a420837850841e71d6147a57,01082__salted__broad__cp200D__fragment.9f69cd26a420837850841e71d6147a57,broad,200D,fragment,,,,"reply, Remove, Hundreds","r‍e‍p‍l‍y, R‍e‍m‍o‍v‍e, H‍u‍n‍d‍r‍e‍d‍s"
01082.9f69cd26a420837850841e71d6147a57,01082__salted__broad__cp00AD__fragment.9f69cd26a420837850841e71d6147a57,broad,00AD,fragment,,,,"reply, Remove, Hundreds","r­e­p­l­y, R­e­m­o­v­e, H­u­n­d­r­e­d­s"
01104.ec267abf01fe81c42dc90dfd16c930bc,01104__salted__broad__cp200B__fragment.ec267abf01fe81c42dc90dfd16c930bc,broad,200B,fragment,,,,"Dear, Sir, Thirty","D​e​a​r, S​i​r, T​h​i​r​t​y"
01104.ec267abf01fe81c42dc90dfd16c930bc,01104__salted__broad__cp200C__fragment.ec267abf01fe81c42dc90dfd16c930bc,broad,200C,fragment,,,,"Dear, Sir, Thirty","D‌e‌a‌r, S‌i‌r, T‌h‌i‌r‌t‌y"
01104.ec267abf01fe81c42dc90dfd16c930bc,01104__salted__broad__cp200D__fragment.ec267abf01fe81c42dc90dfd16c930bc,broad,200D,fragment,,,,"Dear, Sir, Thirty","D‍e‍a‍r, S‍i‍r, T‍h‍i‍r‍t‍y"
01104.ec267abf01fe81c42dc90dfd16c930bc,01104__salted__broad__cp00AD__fragment.ec267abf01fe81c42dc90dfd16c930bc,broad,00AD,fragment,,,,"Dear, Sir, Thirty","D­e­a­r, S­i­r, T­h­i­r­t­y"
01105.2582a4afba9b0b06bed5d48e3e8b29df,01105__salted__broad__cp200B__fragment.2582a4afba9b0b06bed5d48e3e8b29df,broad,200B,fragment,,,,"Dear, Sir, Thirty","D​e​a​r, S​i​r, T​h​i​r​t​y"
01105.2582a4afba9b0b06bed5d48e3e8b29df,01105__salted__broad__cp200C__fragment.2582a4afba9b0b06bed5d48e3e8b29df,broad,200C,fragment,,,,"Dear, Sir, Thirty","D‌e‌a‌r, S‌i‌r, T‌h‌i‌r‌t‌y"
01105.2582a4afba9b0b06bed5d48e3e8b29df,01105__salted__broad__cp200D__fragment.2582a4afba9b0b06bed5d48e3e8b29df,broad,200D,fragment,,,,"Dear, Sir, Thirty","D‍e‍a‍r, S‍i‍r, T‍h‍i‍r‍t‍y"
01105.2582a4afba9b0b06bed5d48e3e8b29df,01105__salted__broad__cp00AD__fragment.2582a4afba9b0b06bed5d48e3e8b29df,broad,00AD,fragment,,,,"Dear, Sir, Thirty","D­e­a­r, S­i­r, T­h­i­r­t­y"
01106.37f316c0f77e739cb5fe0e37aaea2046,01106__salted__broad__cp200B__fragment.37f316c0f77e739cb5fe0e37aaea2046,broad,200B,fragment,,,,"Dear, Sir, Thirty","D​e​a​r, S​i​r, T​h​i​r​t​y"
01106.37f316c0f77e739cb5fe0e37aaea2046,01106__salted__broad__cp200C__fragment.37f316c0f77e739cb5fe0e37aaea2046,broad,200C,fragment,,,,"Dear, Sir, Thirty","D‌e‌a‌r, S‌i‌r, T‌h‌i‌r‌t‌y"
01106.37f316c0f77e739cb5fe0e37aaea2046,01106__salted__broad__cp200D__fragment.37f316c0f77e739cb5fe0e37aaea2046,broad,200D,fragment,,,,"Dear, Sir, Thirty","D‍e‍a‍r, S‍i‍r, T‍h‍i‍r‍t‍y"
01106.37f316c0f77e739cb5fe0e37aaea2046,01106__salted__broad__cp00AD__fragment.37f316c0f77e739cb5fe0e37aaea2046,broad,00AD,fragment,,,,"Dear, Sir, Thirty","D­e­a­r, S­i­r, T­h­i­r­t­y"
01130.f286229e3c2eeb5c682204de85d903c0,01130__salted__broad__cp200B__fragment.f286229e3c2eeb5c682204de85d903c0,broad,200B,fragment,,SYSTEMWORKS,S​Y​S​T​E​M​W​O​R​K​S,,
01130.f286229e3c2eeb5c682204de85d903c0,01130__salted__broad__cp200C__fragment.f286229e3c2eeb5c682204de85d903c0,broad,200C,fragment,,SYSTEMWORKS,S‌Y‌S‌T‌E‌M‌W‌O‌R‌K‌S,,
01130.f286229e3c2eeb5c682204de85d903c0,01130__salted__broad__cp200D__fragment.f286229e3c2eeb5c682204de85d903c0,broad,200D,fragment,,SYSTEMWORKS,S‍Y‍S‍T‍E‍M‍W‍O‍R‍K‍S,,
01130.f286229e3c2eeb5c682204de85d903c0,01130__salted__broad__cp00AD__fragment.f286229e3c2eeb5c682204de85d903c0,broad,00AD,fragment,,SYSTEMWORKS,S­Y­S­T­E­M­W­O­R­K­S,,
01131.c9bb07673bf9f048916cd2b9b1813724,01131__salted__broad__cp200B__fragment.c9bb07673bf9f048916cd2b9b1813724,broad,200B,fragment,,,,"currency, currency, visit","c​u​r​r​e​n​c​y, c​u​r​r​e​n​c​y, v​i​s​i​t"
01131.c9bb07673bf9f048916cd2b9b1813724,01131__salted__broad__cp200C__fragment.c9bb07673bf9f048916cd2b9b1813724,broad,200C,fragment,,,,"currency, currency, visit","c‌u‌r‌r‌e‌n‌c‌y, c‌u‌r‌r‌e‌n‌c‌y, v‌i‌s‌i‌t"
01131.c9bb07673bf9f048916cd2b9b1813724,01131__salted__broad__cp200D__fragment.c9bb07673bf9f048916cd2b9b1813724,broad,200D,fragment,,,,"currency, currency, visit","c‍u‍r‍r‍e‍n‍c‍y, c‍u‍r‍r‍e‍n‍c‍y, v‍i‍s‍i‍t"
01131.c9bb07673bf9f048916cd2b9b1813724,01131__salted__broad__cp00AD__fragment.c9bb07673bf9f048916cd2b9b1813724,broad,00AD,fragment,,,,"currency, currency, visit","c­u­r­r­e­n­c­y, c­u­r­r­e­n­c­y, v­i­s­i­t"
01132.3d0e60ced92087634f1433f12810096d,01132__salted__broad__cp200B__fragment.3d0e60ced92087634f1433f12810096d,broad,200B,fragment,,,,"guarantee, Obligation, click","g​u​a​r​a​n​t​e​e, O​b​l​i​g​a​t​i​o​n, c​l​i​c​k"
01132.3d0e60ced92087634f1433f12810096d,01132__salted__broad__cp200C__fragment.3d0e60ced92087634f1433f12810096d,broad,200C,fragment,,,,"guarantee, Obligation, click","g‌u‌a‌r‌a‌n‌t‌e‌e, O‌b‌l‌i‌g‌a‌t‌i‌o‌n, c‌l‌i‌c‌k"
01132.3d0e60ced92087634f1433f12810096d,01132__salted__broad__cp200D__fragment.3d0e60ced92087634f1433f12810096d,broad,200D,fragment,,,,"guarantee, Obligation, click","g‍u‍a‍r‍a‍n‍t‍e‍e, O‍b‍l‍i‍g‍a‍t‍i‍o‍n, c‍l‍i‍c‍k"
01132.3d0e60ced92087634f1433f12810096d,01132__salted__broad__cp00AD__fragment.3d0e60ced92087634f1433f12810096d,broad,00AD,fragment,,,,"guarantee, Obligation, click","g­u­a­r­a­n­t­e­e, O­b­l­i­g­a­t­i­o­n, c­l­i­c­k"
01140.c37701901dbb63bc34e8db544f431557,01140__salted__broad__cp200B__fragment.c37701901dbb63bc34e8db544f431557,broad,200B,fragment,,Credit,C​r​e​d​i​t,,
01140.c37701901dbb63bc34e8db544f431557,01140__salted__broad__cp200C__fragment.c37701901dbb63bc34e8db544f431557,broad,200C,fragment,,Credit,C‌r‌e‌d‌i‌t,,
01140.c37701901dbb63bc34e8db544f431557,01140__salted__broad__cp200D__fragment.c37701901dbb63bc34e8db544f431557,broad,200D,fragment,,Credit,C‍r‍e‍d‍i‍t,,
01140.c37701901dbb63bc34e8db544f431557,01140__salted__broad__cp00AD__fragment.c37701901dbb63bc34e8db544f431557,broad,00AD,fragment,,Credit,C­r­e­d­i­t,,
01145.a34477ade6db9376e4f8ccbfa8607881,01145__salted__broad__cp200B__fragment.a34477ade6db9376e4f8ccbfa8607881,broad,200B,fragment,,MORTGAGE,M​O​R​T​G​A​G​E,"HUNDREDS, lenders, compete","H​U​N​D​R​E​D​S, l​e​n​d​e​r​s, c​o​m​p​e​t​e"
01145.a34477ade6db9376e4f8ccbfa8607881,01145__salted__broad__cp200C__fragment.a34477ade6db9376e4f8ccbfa8607881,broad,200C,fragment,,MORTGAGE,M‌O‌R‌T‌G‌A‌G‌E,"HUNDREDS, lenders, compete","H‌U‌N‌D‌R‌E‌D‌S, l‌e‌n‌d‌e‌r‌s, c‌o‌m‌p‌e‌t‌e"
01145.a34477ade6db9376e4f8ccbfa8607881,01145__salted__broad__cp200D__fragment.a34477ade6db9376e4f8ccbfa8607881,broad,200D,fragment,,MORTGAGE,M‍O‍R‍T‍G‍A‍G‍E,"HUNDREDS, lenders, compete","H‍U‍N‍D‍R‍E‍D‍S, l‍e‍n‍d‍e‍r‍s, c‍o‍m‍p‍e‍t‍e"
01145.a34477ade6db9376e4f8ccbfa8607881,01145__salted__broad__cp00AD__fragment.a34477ade6db9376e4f8ccbfa8607881,broad,00AD,fragment,,MORTGAGE,M­O­R­T­G­A­G­E,"HUNDREDS, lenders, compete","H­U­N­D­R­E­D­S, l­e­n­d­e­r­s, c­o­m­p­e­t­e"
01147.50120ae9e4f1745bf7a4178b52cd95ca,01147__salted__broad__cp200B__fragment.50120ae9e4f1745bf7a4178b52cd95ca,broad,200B,fragment,,Credit,C​r​e​d​i​t,,
01147.50120ae9e4f1745bf7a4178b52cd95ca,01147__salted__broad__cp200C__fragment.50120ae9e4f1745bf7a4178b52cd95ca,broad,200C,fragment,,Credit,C‌r‌e‌d‌i‌t,,
01147.50120ae9e4f1745bf7a4178b52cd95ca,01147__salted__broad__cp200D__fragment.50120ae9e4f1745bf7a4178b52cd95ca,broad,200D,fragment,,Credit,C‍r‍e‍d‍i‍t,,
01147.50120ae9e4f1745bf7a4178b52cd95ca,01147__salted__broad__cp00AD__fragment.50120ae9e4f1745bf7a4178b52cd95ca,broad,00AD,fragment,,Credit,C­r­e­d­i­t,,
01151.e295c81d698d58f43f17bde22076cbef,01151__salted__broad__cp200B__fragment.e295c81d698d58f43f17bde22076cbef,broad,200B,fragment,,Telephone,T​e​l​e​p​h​o​n​e,"Dear, introduce, Million","D​e​a​r, i​n​t​r​o​d​u​c​e, M​i​l​l​i​o​n"
01151.e295c81d698d58f43f17bde22076cbef,01151__salted__broad__cp200C__fragment.e295c81d698d58f43f17bde22076cbef,broad,200C,fragment,,Telephone,T‌e‌l‌e‌p‌h‌o‌n‌e,"Dear, introduce, Million","D‌e‌a‌r, i‌n‌t‌r‌o‌d‌u‌c‌e, M‌i‌l‌l‌i‌o‌n"
01151.e295c81d698d58f43f17bde22076cbef,01151__salted__broad__cp200D__fragment.e295c81d698d58f43f17bde22076cbef,broad,200D,fragment,,Telephone,T‍e‍l‍e‍p‍h‍o‍n‍e,"Dear, introduce, Million","D‍e‍a‍r, i‍n‍t‍r‍o‍d‍u‍c‍e, M‍i‍l‍l‍i‍o‍n"
01151.e295c81d698d58f43f17bde22076cbef,01151__salted__broad__cp00AD__fragment.e295c81d698d58f43f17bde22076cbef,broad,00AD,fragment,,Telephone,T­e­l­e­p­h­o­n­e,"Dear, introduce, Million","D­e­a­r, i­n­t­r­o­d­u­c­e, M­i­l­l­i­o­n"
01158.5acbdb7eb695f96c08d960a56058481d,01158__salted__broad__cp200B__fragment.5acbdb7eb695f96c08d960a56058481d,broad,200B,fragment,,Refinance,R​e​f​i​n​a​n​c​e,"rates, Refinance, credit","r​a​t​e​s, R​e​f​i​n​a​n​c​e, c​r​e​d​i​t"
01158.5acbdb7eb695f96c08d960a56058481d,01158__salted__broad__cp200C__fragment.5acbdb7eb695f96c08d960a56058481d,broad,200C,fragment,,Refinance,R‌e‌f‌i‌n‌a‌n‌c‌e,"rates, Refinance, credit","r‌a‌t‌e‌s, R‌e‌f‌i‌n‌a‌n‌c‌e, c‌r‌e‌d‌i‌t"
01158.5acbdb7eb695f96c08d960a56058481d,01158__salted__broad__cp200D__fragment.5acbdb7eb695f96c08d960a56058481d,broad,200D,fragment,,Refinance,R‍e‍f‍i‍n‍a‍n‍c‍e,"rates, Refinance, credit","r‍a‍t‍e‍s, R‍e‍f‍i‍n‍a‍n‍c‍e, c‍r‍e‍d‍i‍t"
01158.5acbdb7eb695f96c08d960a56058481d,01158__salted__broad__cp00AD__fragment.5acbdb7eb695f96c08d960a56058481d,broad,00AD,fragment,,Refinance,R­e­f­i­n­a­n­c­e,"rates, Refinance, credit","r­a­t­e­s, R­e­f­i­n­a­n­c­e, c­r­e­d­i­t"
01161.174f2cb358ca3f08f4308f87ca64842f,01161__salted__broad__cp200B__fragment.174f2cb358ca3f08f4308f87ca64842f,broad,200B,fragment,,,,"receive, monthly, investment","r​e​c​e​i​v​e, m​o​n​t​h​l​y, i​n​v​e​s​t​m​e​n​t"
01161.174f2cb358ca3f08f4308f87ca64842f,01161__salted__broad__cp200C__fragment.174f2cb358ca3f08f4308f87ca64842f,broad,200C,fragment,,,,"receive, monthly, investment","r‌e‌c‌e‌i‌v‌e, m‌o‌n‌t‌h‌l‌y, i‌n‌v‌e‌s‌t‌m‌e‌n‌t"
01161.174f2cb358ca3f08f4308f87ca64842f,01161__salted__broad__cp200D__fragment.174f2cb358ca3f08f4308f87ca64842f,broad,200D,fragment,,,,"receive, monthly, investment","r‍e‍c‍e‍i‍v‍e, m‍o‍n‍t‍h‍l‍y, i‍n‍v‍e‍s‍t‍m‍e‍n‍t"
01161.174f2cb358ca3f08f4308f87ca64842f,01161__salted__broad__cp00AD__fragment.174f2cb358ca3f08f4308f87ca64842f,broad,00AD,fragment,,,,"receive, monthly, investment","r­e­c­e­i­v­e, m­o­n­t­h­l­y, i­n­v­e­s­t­m­e­n­t"
01165.8c661bf07a1a7a5fe8a9efc2439d17a1,01165__salted__broad__cp200B__fragment.8c661bf07a1a7a5fe8a9efc2439d17a1,broad,200B,fragment,,,,"mortgage, loan, loan","m​o​r​t​g​a​g​e, l​o​a​n, l​o​a​n"
01165.8c661bf07a1a7a5fe8a9efc2439d17a1,01165__salted__broad__cp200C__fragment.8c661bf07a1a7a5fe8a9efc2439d17a1,broad,200C,fragment,,,,"mortgage, loan, loan","m‌o‌r‌t‌g‌a‌g‌e, l‌o‌a‌n, l‌o‌a‌n"
01165.8c661bf07a1a7a5fe8a9efc2439d17a1,01165__salted__broad__cp200D__fragment.8c661bf07a1a7a5fe8a9efc2439d17a1,broad,200D,fragment,,,,"mortgage, loan, loan","m‍o‍r‍t‍g‍a‍g‍e, l‍o‍a‍n, l‍o‍a‍n"
01165.8c661bf07a1a7a5fe8a9efc2439d17a1,01165__salted__broad__cp00AD__fragment.8c661bf07a1a7a5fe8a9efc2439d17a1,broad,00AD,fragment,,,,"mortgage, loan, loan","m­o­r­t­g­a­g­e, l­o­a­n, l­o­a­n"
01167.2ac57a0189fa2b8713202b84e587b707,01167__salted__broad__cp200B__fragment.2ac57a0189fa2b8713202b84e587b707,broad,200B,fragment,,Postal,P​o​s​t​a​l,,
01167.2ac57a0189fa2b8713202b84e587b707,01167__salted__broad__cp200C__fragment.2ac57a0189fa2b8713202b84e587b707,broad,200C,fragment,,Postal,P‌o‌s‌t‌a‌l,,
01167.2ac57a0189fa2b8713202b84e587b707,01167__salted__broad__cp200D__fragment.2ac57a0189fa2b8713202b84e587b707,broad,200D,fragment,,Postal,P‍o‍s‍t‍a‍l,,
01167.2ac57a0189fa2b8713202b84e587b707,01167__salted__broad__cp00AD__fragment.2ac57a0189fa2b8713202b84e587b707,broad,00AD,fragment,,Postal,P­o­s­t­a­l,,
01169.4e5cf6c3e8863047dbba1bfca2ebab97,01169__salted__broad__cp200B__fragment.4e5cf6c3e8863047dbba1bfca2ebab97,broad,200B,fragment,,,,"fortune, career, opportunity","f​o​r​t​u​n​e, c​a​r​e​e​r, o​p​p​o​r​t​u​n​i​t​y"
01169.4e5cf6c3e8863047dbba1bfca2ebab97,01169__salted__broad__cp200C__fragment.4e5cf6c3e8863047dbba1bfca2ebab97,broad,200C,fragment,,,,"fortune, career, opportunity","f‌o‌r‌t‌u‌n‌e, c‌a‌r‌e‌e‌r, o‌p‌p‌o‌r‌t‌u‌n‌i‌t‌y"
01169.4e5cf6c3e8863047dbba1bfca2ebab97,01169__salted__broad__cp200D__fragment.4e5cf6c3e8863047dbba1bfca2ebab97,broad,200D,fragment,,,,"fortune, career, opportunity","f‍o‍r‍t‍u‍n‍e, c‍a‍r‍e‍e‍r, o‍p‍p‍o‍r‍t‍u‍n‍i‍t‍y"
01169.4e5cf6c3e8863047dbba1bfca2ebab97,01169__salted__broad__cp00AD__fragment.4e5cf6c3e8863047dbba1bfca2ebab97,broad,00AD,fragment,,,,"fortune, career, opportunity","f­o­r­t­u­n­e, c­a­r­e­e­r, o­p­p­o­r­t­u­n­i­t­y"
01173.e0da19fcbb5649aa5104320ce38c6906,01173__salted__broad__cp200B__fragment.e0da19fcbb5649aa5104320ce38c6906,broad,200B,fragment,,,,"prices, Brand, Warranty","p​r​i​c​e​s, B​r​a​n​d, W​a​r​r​a​n​t​y"
01173.e0da19fcbb5649aa5104320ce38c6906,01173__salted__broad__cp200C__fragment.e0da19fcbb5649aa5104320ce38c6906,broad,200C,fragment,,,,"prices, Brand, Warranty","p‌r‌i‌c‌e‌s, B‌r‌a‌n‌d, W‌a‌r‌r‌a‌n‌t‌y"
01173.e0da19fcbb5649aa5104320ce38c6906,01173__salted__broad__cp200D__fragment.e0da19fcbb5649aa5104320ce38c6906,broad,200D,fragment,,,,"prices, Brand, Warranty","p‍r‍i‍c‍e‍s, B‍r‍a‍n‍d, W‍a‍r‍r‍a‍n‍t‍y"
01173.e0da19fcbb5649aa5104320ce38c6906,01173__salted__broad__cp00AD__fragment.e0da19fcbb5649aa5104320ce38c6906,broad,00AD,fragment,,,,"prices, Brand, Warranty","p­r­i­c­e­s, B­r­a­n­d, W­a­r­r­a­n­t­y"
01179.6ee962bd413cb11865cd06c4be725c5e,01179__salted__broad__cp200B__fragment.6ee962bd413cb11865cd06c4be725c5e,broad,200B,fragment,,CASH,C​A​S​H,,
01179.6ee962bd413cb11865cd06c4be725c5e,01179__salted__broad__cp200C__fragment.6ee962bd413cb11865cd06c4be725c5e,broad,200C,fragment,,CASH,C‌A‌S‌H,,
01179.6ee962bd413cb11865cd06c4be725c5e,01179__salted__broad__cp200D__fragment.6ee962bd413cb11865cd06c4be725c5e,broad,200D,fragment,,CASH,C‍A‍S‍H,,
01179.6ee962bd413cb11865cd06c4be725c5e,01179__salted__broad__cp00AD__fragment.6ee962bd413cb11865cd06c4be725c5e,broad,00AD,fragment,,CASH,C­A­S­H,,
01182.209dbb3bedae1ecd5ed23fb03049244e,01182__salted__broad__cp200B__fragment.209dbb3bedae1ecd5ed23fb03049244e,broad,200B,fragment,,,,"Dear, communication, confidential","D​e​a​r, c​o​m​m​u​n​i​c​a​t​i​o​n, c​o​n​f​i​d​e​n​t​i​a​l"
01182.209dbb3bedae1ecd5ed23fb03049244e,01182__salted__broad__cp200C__fragment.209dbb3bedae1ecd5ed23fb03049244e,broad,200C,fragment,,,,"Dear, communication, confidential","D‌e‌a‌r, c‌o‌m‌m‌u‌n‌i‌c‌a‌t‌i‌o‌n, c‌o‌n‌f‌i‌d‌e‌n‌t‌i‌a‌l"
01182.209dbb3bedae1ecd5ed23fb03049244e,01182__salted__broad__cp200D__fragment.209dbb3bedae1ecd5ed23fb03049244e,broad,200D,fragment,,,,"Dear, communication, confidential","D‍e‍a‍r, c‍o‍m‍m‍u‍n‍i‍c‍a‍t‍i‍o‍n, c‍o‍n‍f‍i‍d‍e‍n‍t‍i‍a‍l"
01182.209dbb3bedae1ecd5ed23fb03049244e,01182__salted__broad__cp00AD__fragment.209dbb3bedae1ecd5ed23fb03049244e,broad,00AD,fragment,,,,"Dear, communication, confidential","D­e­a­r, c­o­m­m­u­n­i­c­a­t­i­o­n, c­o­n­f­i­d­e­n­t­i­a­l"
01184.5216074bef5bb01e0b1301d375283c51,01184__salted__broad__cp200B__fragment.5216074bef5bb01e0b1301d375283c51,broad,200B,fragment,,CLICK,C​L​I​C​K,,
01184.5216074bef5bb01e0b1301d375283c51,01184__salted__broad__cp200C__fragment.5216074bef5bb01e0b1301d375283c51,broad,200C,fragment,,CLICK,C‌L‌I‌C‌K,,
01184.5216074bef5bb01e0b1301d375283c51,01184__salted__broad__cp200D__fragment.5216074bef5bb01e0b1301d375283c51,broad,200D,fragment,,CLICK,C‍L‍I‍C‍K,,
01184.5216074bef5bb01e0b1301d375283c51,01184__salted__broad__cp00AD__fragment.5216074bef5bb01e0b1301d375283c51,broad,00AD,fragment,,CLICK,C­L­I­C­K,,
01185.e4a109756aa79e984529e2fb737857ab,01185__salted__broad__cp200B__fragment.e4a109756aa79e984529e2fb737857ab,broad,200B,fragment,,,,"Instructions, orders, hours","I​n​s​t​r​u​c​t​i​o​n​s, o​r​d​e​r​s, h​o​u​r​s"
01185.e4a109756aa79e984529e2fb737857ab,01185__salted__broad__cp200C__fragment.e4a109756aa79e984529e2fb737857ab,broad,200C,fragment,,,,"Instructions, orders, hours","I‌n‌s‌t‌r‌u‌c‌t‌i‌o‌n‌s, o‌r‌d‌e‌r‌s, h‌o‌u‌r‌s"
01185.e4a109756aa79e984529e2fb737857ab,01185__salted__broad__cp200D__fragment.e4a109756aa79e984529e2fb737857ab,broad,200D,fragment,,,,"Instructions, orders, hours","I‍n‍s‍t‍r‍u‍c‍t‍i‍o‍n‍s, o‍r‍d‍e‍r‍s, h‍o‍u‍r‍s"
01185.e4a109756aa79e984529e2fb737857ab,01185__salted__broad__cp00AD__fragment.e4a109756aa79e984529e2fb737857ab,broad,00AD,fragment,,,,"Instructions, orders, hours","I­n­s­t­r­u­c­t­i­o­n­s, o­r­d­e­r­s, h­o­u­r­s"
01197.f88c038612948f3fa023ac83db2e2ce5,01197__salted__broad__cp200B__fragment.f88c038612948f3fa023ac83db2e2ce5,broad,200B,fragment,,Price,P​r​i​c​e,,
01197.f88c038612948f3fa023ac83db2e2ce5,01197__salted__broad__cp200C__fragment.f88c038612948f3fa023ac83db2e2ce5,broad,200C,fragment,,Price,P‌r‌i‌c‌e,,
01197.f88c038612948f3fa023ac83db2e2ce5,01197__salted__broad__cp200D__fragment.f88c038612948f3fa023ac83db2e2ce5,broad,200D,fragment,,Price,P‍r‍i‍c‍e,,
01197.f88c038612948f3fa023ac83db2e2ce5,01197__salted__broad__cp00AD__fragment.f88c038612948f3fa023ac83db2e2ce5,broad,00AD,fragment,,Price,P­r­i­c­e,,
01203.f4c9144a594fb81ff323053fbd626a55,01203__salted__broad__cp200B__fragment.f4c9144a594fb81ff323053fbd626a55,broad,200B,fragment,,lowest,l​o​w​e​s​t,"Opportunity, mortgage, rates","O​p​p​o​r​t​u​n​i​t​y, m​o​r​t​g​a​g​e, r​a​t​e​s"
01203.f4c9144a594fb81ff323053fbd626a55,01203__salted__broad__cp200C__fragment.f4c9144a594fb81ff323053fbd626a55,broad,200C,fragment,,lowest,l‌o‌w‌e‌s‌t,"Opportunity, mortgage, rates","O‌p‌p‌o‌r‌t‌u‌n‌i‌t‌y, m‌o‌r‌t‌g‌a‌g‌e, r‌a‌t‌e‌s"
01203.f4c9144a594fb81ff323053fbd626a55,01203__salted__broad__cp200D__fragment.f4c9144a594fb81ff323053fbd626a55,broad,200D,fragment,,lowest,l‍o‍w‍e‍s‍t,"Opportunity, mortgage, rates","O‍p‍p‍o‍r‍t‍u‍n‍i‍t‍y, m‍o‍r‍t‍g‍a‍g‍e, r‍a‍t‍e‍s"
01203.f4c9144a594fb81ff323053fbd626a55,01203__salted__broad__cp00AD__fragment.f4c9144a594fb81ff323053fbd626a55,broad,00AD,fragment,,lowest,l­o­w­e­s­t,"Opportunity, mortgage, rates","O­p­p­o­r­t­u­n­i­t­y, m­o­r­t­g­a­g­e, r­a­t­e­s"
01205.47d139ac094945ae2630efb896dc4b43,01205__salted__broad__cp200B__fragment.47d139ac094945ae2630efb896dc4b43,broad,200B,fragment,,Adult,A​d​u​l​t,,
01205.47d139ac094945ae2630efb896dc4b43,01205__salted__broad__cp200C__fragment.47d139ac094945ae2630efb896dc4b43,broad,200C,fragment,,Adult,A‌d‌u‌l‌t,,
01205.47d139ac094945ae2630efb896dc4b43,01205__salted__broad__cp200D__fragment.47d139ac094945ae2630efb896dc4b43,broad,200D,fragment,,Adult,A‍d‍u‍l‍t,,
01205.47d139ac094945ae2630efb896dc4b43,01205__salted__broad__cp00AD__fragment.47d139ac094945ae2630efb896dc4b43,broad,00AD,fragment,,Adult,A­d­u­l­t,,
01216.e293653cab0c486ba135cf8fbe6700fc,01216__salted__broad__cp200B__fragment.e293653cab0c486ba135cf8fbe6700fc,broad,200B,fragment,,HGH,H​G​H,,
01216.e293653cab0c486ba135cf8fbe6700fc,01216__salted__broad__cp200C__fragment.e293653cab0c486ba135cf8fbe6700fc,broad,200C,fragment,,HGH,H‌G‌H,,
01216.e293653cab0c486ba135cf8fbe6700fc,01216__salted__broad__cp200D__fragment.e293653cab0c486ba135cf8fbe6700fc,broad,200D,fragment,,HGH,H‍G‍H,,
01216.e293653cab0c486ba135cf8fbe6700fc,01216__salted__broad__cp00AD__fragment.e293653cab0c486ba135cf8fbe6700fc,broad,00AD,fragment,,HGH,H­G­H,,
01230.0589bade8df0c343a49c6712f62dfca0,01230__salted__broad__cp200B__fragment.0589bade8df0c343a49c6712f62dfca0,broad,200B,fragment,,Rates,R​a​t​e​s,"tobacco, rates, Guaranteed","t​o​b​a​c​c​o, r​a​t​e​s, G​u​a​r​a​n​t​e​e​d"
01230.0589bade8df0c343a49c6712f62dfca0,01230__salted__broad__cp200C__fragment.0589bade8df0c343a49c6712f62dfca0,broad,200C,fragment,,Rates,R‌a‌t‌e‌s,"tobacco, rates, Guaranteed","t‌o‌b‌a‌c‌c‌o, r‌a‌t‌e‌s, G‌u‌a‌r‌a‌n‌t‌e‌e‌d"
01230.0589bade8df0c343a49c6712f62dfca0,01230__salted__broad__cp200D__fragment.0589bade8df0c343a49c6712f62dfca0,broad,200D,fragment,,Rates,R‍a‍t‍e‍s,"tobacco, rates, Guaranteed","t‍o‍b‍a‍c‍c‍o, r‍a‍t‍e‍s, G‍u‍a‍r‍a‍n‍t‍e‍e‍d"
01230.0589bade8df0c343a49c6712f62dfca0,01230__salted__broad__cp00AD__fragment.0589bade8df0c343a49c6712f62dfca0,broad,00AD,fragment,,Rates,R­a­t­e­s,"tobacco, rates, Guaranteed","t­o­b­a­c­c­o, r­a­t­e­s, G­u­a­r­a­n­t­e­e­d"
01236.903d52340bf3ed1a328b039bcd94e1c9,01236__salted__broad__cp200B__fragment.903d52340bf3ed1a328b039bcd94e1c9,broad,200B,fragment,,cartridges,c​a​r​t​r​i​d​g​e​s,,
01236.903d52340bf3ed1a328b039bcd94e1c9,01236__salted__broad__cp200C__fragment.903d52340bf3ed1a328b039bcd94e1c9,broad,200C,fragment,,cartridges,c‌a‌r‌t‌r‌i‌d‌g‌e‌s,,
01236.903d52340bf3ed1a328b039bcd94e1c9,01236__salted__broad__cp200D__fragment.903d52340bf3ed1a328b039bcd94e1c9,broad,200D,fragment,,cartridges,c‍a‍r‍t‍r‍i‍d‍g‍e‍s,,
01236.903d52340bf3ed1a328b039bcd94e1c9,01236__salted__broad__cp00AD__fragment.903d52340bf3ed1a328b039bcd94e1c9,broad,00AD,fragment,,cartridges,c­a­r­t­r­i­d­g­e­s,,
01240.7d6ae3682a3dd3fe457516b188eb105c,01240__salted__broad__cp200B__fragment.7d6ae3682a3dd3fe457516b188eb105c,broad,200B,fragment,,assistance,a​s​s​i​s​t​a​n​c​e,"PRESENTLY, NIGERIA, MILLION","P​R​E​S​E​N​T​L​Y, N​I​G​E​R​I​A, M​I​L​L​I​O​N"
01240.7d6ae3682a3dd3fe457516b188eb105c,01240__salted__broad__cp200C__fragment.7d6ae3682a3dd3fe457516b188eb105c,broad,200C,fragment,,assistance,a‌s‌s‌i‌s‌t‌a‌n‌c‌e,"PRESENTLY, NIGERIA, MILLION","P‌R‌E‌S‌E‌N‌T‌L‌Y, N‌I‌G‌E‌R‌I‌A, M‌I‌L‌L‌I‌O‌N"
01240.7d6ae3682a3dd3fe457516b188eb105c,01240__salted__broad__cp200D__fragment.7d6ae3682a3dd3fe457516b188eb105c,broad,200D,fragment,,assistance,a‍s‍s‍i‍s‍t‍a‍n‍c‍e,"PRESENTLY, NIGERIA, MILLION","P‍R‍E‍S‍E‍N‍T‍L‍Y, N‍I‍G‍E‍R‍I‍A, M‍I‍L‍L‍I‍O‍N"
01240.7d6ae3682a3dd3fe457516b188eb105c,01240__salted__broad__cp00AD__fragment.7d6ae3682a3dd3fe457516b188eb105c,broad,00AD,fragment,,assistance,a­s­s­i­s­t­a­n­c­e,"PRESENTLY, NIGERIA, MILLION","P­R­E­S­E­N­T­L­Y, N­I­G­E­R­I­A, M­I­L­L­I­O­N"
01242.3743099b115c6a8a273d8eca34a9c738,01242__salted__broad__cp200B__fragment.3743099b115c6a8a273d8eca34a9c738,broad,200B,fragment,,Cartridges,C​a​r​t​r​i​d​g​e​s,,
01242.3743099b115c6a8a273d8eca34a9c738,01242__salted__broad__cp200C__fragment.3743099b115c6a8a273d8eca34a9c738,broad,200C,fragment,,Cartridges,C‌a‌r‌t‌r‌i‌d‌g‌e‌s,,
01242.3743099b115c6a8a273d8eca34a9c738,01242__salted__broad__cp200D__fragment.3743099b115c6a8a273d8eca34a9c738,broad,200D,fragment,,Cartridges,C‍a‍r‍t‍r‍i‍d‍g‍e‍s,,
01242.3743099b115c6a8a273d8eca34a9c738,01242__salted__broad__cp00AD__fragment.3743099b115c6a8a273d8eca34a9c738,broad,00AD,fragment,,Cartridges,C­a­r­t­r­i­d­g­e­s,,
01250.2bfc033f9ced1c70e480ec75b0094431,01250__salted__broad__cp200B__fragment.2bfc033f9ced1c70e480ec75b0094431,broad,200B,fragment,,,,"Receive, CASH, Cash","R​e​c​e​i​v​e, C​A​S​H, C​a​s​h"
01250.2bfc033f9ced1c70e480ec75b0094431,01250__salted__broad__cp200C__fragment.2bfc033f9ced1c70e480ec75b0094431,broad,200C,fragment,,,,"Receive, CASH, Cash","R‌e‌c‌e‌i‌v‌e, C‌A‌S‌H, C‌a‌s‌h"
01250.2bfc033f9ced1c70e480ec75b0094431,01250__salted__broad__cp200D__fragment.2bfc033f9ced1c70e480ec75b0094431,broad,200D,fragment,,,,"Receive, CASH, Cash","R‍e‍c‍e‍i‍v‍e, C‍A‍S‍H, C‍a‍s‍h"
01250.2bfc033f9ced1c70e480ec75b0094431,01250__salted__broad__cp00AD__fragment.2bfc033f9ced1c70e480ec75b0094431,broad,00AD,fragment,,,,"Receive, CASH, Cash","R­e­c­e­i­v­e, C­A­S­H, C­a­s­h"
01253.26e421b9623002d636c29f79f68a58fb,01253__salted__broad__cp200B__fragment.26e421b9623002d636c29f79f68a58fb,broad,200B,fragment,,cartridges,c​a​r​t​r​i​d​g​e​s,,
01253.26e421b9623002d636c29f79f68a58fb,01253__salted__broad__cp200C__fragment.26e421b9623002d636c29f79f68a58fb,broad,200C,fragment,,cartridges,c‌a‌r‌t‌r‌i‌d‌g‌e‌s,,
01253.26e421b9623002d636c29f79f68a58fb,01253__salted__broad__cp200D__fragment.26e421b9623002d636c29f79f68a58fb,broad,200D,fragment,,cartridges,c‍a‍r‍t‍r‍i‍d‍g‍e‍s,,
01253.26e421b9623002d636c29f79f68a58fb,01253__salted__broad__cp00AD__fragment.26e421b9623002d636c29f79f68a58fb,broad,00AD,fragment,,cartridges,c­a­r­t­r­i­d­g­e­s,,
01255.e04eae4539f81463a930dfe44ebd6af8,01255__salted__broad__cp200B__fragment.e04eae4539f81463a930dfe44ebd6af8,broad,200B,fragment,,HGH,H​G​H,,
01255.e04eae4539f81463a930dfe44ebd6af8,01255__salted__broad__cp200C__fragment.e04eae4539f81463a930dfe44ebd6af8,broad,200C,fragment,,HGH,H‌G‌H,,
01255.e04eae4539f81463a930dfe44ebd6af8,01255__salted__broad__cp200D__fragment.e04eae4539f81463a930dfe44ebd6af8,broad,200D,fragment,,HGH,H‍G‍H,,
01255.e04eae4539f81463a930dfe44ebd6af8,01255__salted__broad__cp00AD__fragment.e04eae4539f81463a930dfe44ebd6af8,broad,00AD,fragment,,HGH,H­G­H,,
01257.f5908ef0550cdf91bd6ae55120ecb5ce,01257__salted__broad__cp200B__fragment.f5908ef0550cdf91bd6ae55120ecb5ce,broad,200B,fragment,,,,"click, obligation, removed","c​l​i​c​k, o​b​l​i​g​a​t​i​o​n, r​e​m​o​v​e​d"
01257.f5908ef0550cdf91bd6ae55120ecb5ce,01257__salted__broad__cp200C__fragment.f5908ef0550cdf91bd6ae55120ecb5ce,broad,200C,fragment,,,,"click, obligation, removed","c‌l‌i‌c‌k, o‌b‌l‌i‌g‌a‌t‌i‌o‌n, r‌e‌m‌o‌v‌e‌d"
01257.f5908ef0550cdf91bd6ae55120ecb5ce,01257__salted__broad__cp200D__fragment.f5908ef0550cdf91bd6ae55120ecb5ce,broad,200D,fragment,,,,"click, obligation, removed","c‍l‍i‍c‍k, o‍b‍l‍i‍g‍a‍t‍i‍o‍n, r‍e‍m‍o‍v‍e‍d"
01257.f5908ef0550cdf91bd6ae55120ecb5ce,01257__salted__broad__cp00AD__fragment.f5908ef0550cdf91bd6ae55120ecb5ce,broad,00AD,fragment,,,,"click, obligation, removed","c­l­i­c­k, o­b­l­i­g­a­t­i­o­n, r­e­m­o­v­e­d"
01259.b4dff1ed93bc931b271888cd42e41b85,01259__salted__broad__cp200B__fragment.b4dff1ed93bc931b271888cd42e41b85,broad,200B,fragment,,,,"smoking, products, offering","s​m​o​k​i​n​g, p​r​o​d​u​c​t​s, o​f​f​e​r​i​n​g"
01259.b4dff1ed93bc931b271888cd42e41b85,01259__salted__broad__cp200C__fragment.b4dff1ed93bc931b271888cd42e41b85,broad,200C,fragment,,,,"smoking, products, offering","s‌m‌o‌k‌i‌n‌g, p‌r‌o‌d‌u‌c‌t‌s, o‌f‌f‌e‌r‌i‌n‌g"
01259.b4dff1ed93bc931b271888cd42e41b85,01259__salted__broad__cp200D__fragment.b4dff1ed93bc931b271888cd42e41b85,broad,200D,fragment,,,,"smoking, products, offering","s‍m‍o‍k‍i‍n‍g, p‍r‍o‍d‍u‍c‍t‍s, o‍f‍f‍e‍r‍i‍n‍g"
01259.b4dff1ed93bc931b271888cd42e41b85,01259__salted__broad__cp00AD__fragment.b4dff1ed93bc931b271888cd42e41b85,broad,00AD,fragment,,,,"smoking, products, offering","s­m­o­k­i­n­g, p­r­o­d­u­c­t­s, o­f­f­e­r­i­n­g"
01267.6e9de9ba20f59c26028ebdb4550685fb,01267__salted__broad__cp200B__fragment.6e9de9ba20f59c26028ebdb4550685fb,broad,200B,fragment,,SYSTEMWORKS,S​Y​S​T​E​M​W​O​R​K​S,,
01267.6e9de9ba20f59c26028ebdb4550685fb,01267__salted__broad__cp200C__fragment.6e9de9ba20f59c26028ebdb4550685fb,broad,200C,fragment,,SYSTEMWORKS,S‌Y‌S‌T‌E‌M‌W‌O‌R‌K‌S,,
01267.6e9de9ba20f59c26028ebdb4550685fb,01267__salted__broad__cp200D__fragment.6e9de9ba20f59c26028ebdb4550685fb,broad,200D,fragment,,SYSTEMWORKS,S‍Y‍S‍T‍E‍M‍W‍O‍R‍K‍S,,
01267.6e9de9ba20f59c26028ebdb4550685fb,01267__salted__broad__cp00AD__fragment.6e9de9ba20f59c26028ebdb4550685fb,broad,00AD,fragment,,SYSTEMWORKS,S­Y­S­T­E­M­W­O­R­K­S,,
01280.34dde162b3c6b2e873fc9f094d28b0fd,01280__salted__broad__cp200B__fragment.34dde162b3c6b2e873fc9f094d28b0fd,broad,200B,fragment,,,,"RISK, opportunity, OPPORTUNITY","R​I​S​K, o​p​p​o​r​t​u​n​i​t​y, O​P​P​O​R​T​U​N​I​T​Y"
01280.34dde162b3c6b2e873fc9f094d28b0fd,01280__salted__broad__cp200C__fragment.34dde162b3c6b2e873fc9f094d28b0fd,broad,200C,fragment,,,,"RISK, opportunity, OPPORTUNITY","R‌I‌S‌K, o‌p‌p‌o‌r‌t‌u‌n‌i‌t‌y, O‌P‌P‌O‌R‌T‌U‌N‌I‌T‌Y"
01280.34dde162b3c6b2e873fc9f094d28b0fd,01280__salted__broad__cp200D__fragment.34dde162b3c6b2e873fc9f094d28b0fd,broad,200D,fragment,,,,"RISK, opportunity, OPPORTUNITY","R‍I‍S‍K, o‍p‍p‍o‍r‍t‍u‍n‍i‍t‍y, O‍P‍P‍O‍R‍T‍U‍N‍I‍T‍Y"
01280.34dde162b3c6b2e873fc9f094d28b0fd,01280__salted__broad__cp00AD__fragment.34dde162b3c6b2e873fc9f094d28b0fd,broad,00AD,fragment,,,,"RISK, opportunity, OPPORTUNITY","R­I­S­K, o­p­p­o­r­t­u­n­i­t­y, O­P­P­O­R­T­U­N­I­T­Y"
01308.c46f1215ccd8cedf162e0cf308b94dcd,01308__salted__broad__cp200B__fragment.c46f1215ccd8cedf162e0cf308b94dcd,broad,200B,fragment,,,,"opt, marketing, hours","o​p​t, m​a​r​k​e​t​i​n​g, h​o​u​r​s"
01308.c46f1215ccd8cedf162e0cf308b94dcd,01308__salted__broad__cp200C__fragment.c46f1215ccd8cedf162e0cf308b94dcd,broad,200C,fragment,,,,"opt, marketing, hours","o‌p‌t, m‌a‌r‌k‌e‌t‌i‌n‌g, h‌o‌u‌r‌s"
01308.c46f1215ccd8cedf162e0cf308b94dcd,01308__salted__broad__cp200D__fragment.c46f1215ccd8cedf162e0cf308b94dcd,broad,200D,fragment,,,,"opt, marketing, hours","o‍p‍t, m‍a‍r‍k‍e‍t‍i‍n‍g, h‍o‍u‍r‍s"
01308.c46f1215ccd8cedf162e0cf308b94dcd,01308__salted__broad__cp00AD__fragment.c46f1215ccd8cedf162e0cf308b94dcd,broad,00AD,fragment,,,,"opt, marketing, hours","o­p­t, m­a­r­k­e­t­i­n­g, h­o­u­r­s"
01311.43bfe86df65d53c5f7ca2365dc12582b,01311__salted__broad__cp200B__fragment.43bfe86df65d53c5f7ca2365dc12582b,broad,200B,fragment,,rates,r​a​t​e​s,,
01311.43bfe86df65d53c5f7ca2365dc12582b,01311__salted__broad__cp200C__fragment.43bfe86df65d53c5f7ca2365dc12582b,broad,200C,fragment,,rates,r‌a‌t‌e‌s,,
01311.43bfe86df65d53c5f7ca2365dc12582b,01311__salted__broad__cp200D__fragment.43bfe86df65d53c5f7ca2365dc12582b,broad,200D,fragment,,rates,r‍a‍t‍e‍s,,
01311.43bfe86df65d53c5f7ca2365dc12582b,01311__salted__broad__cp00AD__fragment.43bfe86df65d53c5f7ca2365dc12582b,broad,00AD,fragment,,rates,r­a­t­e­s,,
01335.ca70ab7f2d1accef8b3cf646e3004ef8,01335__salted__broad__cp200B__fragment.ca70ab7f2d1accef8b3cf646e3004ef8,broad,200B,fragment,,mortgage,m​o​r​t​g​a​g​e,,
01335.ca70ab7f2d1accef8b3cf646e3004ef8,01335__salted__broad__cp200C__fragment.ca70ab7f2d1accef8b3cf646e3004ef8,broad,200C,fragment,,mortgage,m‌o‌r‌t‌g‌a‌g‌e,,
01335.ca70ab7f2d1accef8b3cf646e3004ef8,01335__salted__broad__cp200D__fragment.ca70ab7f2d1accef8b3cf646e3004ef8,broad,200D,fragment,,mortgage,m‍o‍r‍t‍g‍a‍g‍e,,
01335.ca70ab7f2d1accef8b3cf646e3004ef8,01335__salted__broad__cp00AD__fragment.ca70ab7f2d1accef8b3cf646e3004ef8,broad,00AD,fragment,,mortgage,m­o­r­t­g­a­g­e,,
01339.d94a16532a6f42497266dcc327a40163,01339__salted__broad__cp200B__fragment.d94a16532a6f42497266dcc327a40163,broad,200B,fragment,,mortgage,m​o​r​t​g​a​g​e,,
01339.d94a16532a6f42497266dcc327a40163,01339__salted__broad__cp200C__fragment.d94a16532a6f42497266dcc327a40163,broad,200C,fragment,,mortgage,m‌o‌r‌t‌g‌a‌g‌e,,
01339.d94a16532a6f42497266dcc327a40163,01339__salted__broad__cp200D__fragment.d94a16532a6f42497266dcc327a40163,broad,200D,fragment,,mortgage,m‍o‍r‍t‍g‍a‍g‍e,,
01339.d94a16532a6f42497266dcc327a40163,01339__salted__broad__cp00AD__fragment.d94a16532a6f42497266dcc327a40163,broad,00AD,fragment,,mortgage,m­o­r­t­g­a­g­e,,
01342.7f89acf56fb4398340a0b07481e3193f,01342__salted__broad__cp200B__fragment.7f89acf56fb4398340a0b07481e3193f,broad,200B,fragment,,,,"registered, million, leads","r​e​g​i​s​t​e​r​e​d, m​i​l​l​i​o​n, l​e​a​d​s"
01342.7f89acf56fb4398340a0b07481e3193f,01342__salted__broad__cp200C__fragment.7f89acf56fb4398340a0b07481e3193f,broad,200C,fragment,,,,"registered, million, leads","r‌e‌g‌i‌s‌t‌e‌r‌e‌d, m‌i‌l‌l‌i‌o‌n, l‌e‌a‌d‌s"
01342.7f89acf56fb4398340a0b07481e3193f,01342__salted__broad__cp200D__fragment.7f89acf56fb4398340a0b07481e3193f,broad,200D,fragment,,,,"registered, million, leads","r‍e‍g‍i‍s‍t‍e‍r‍e‍d, m‍i‍l‍l‍i‍o‍n, l‍e‍a‍d‍s"
01342.7f89acf56fb4398340a0b07481e3193f,01342__salted__broad__cp00AD__fragment.7f89acf56fb4398340a0b07481e3193f,broad,00AD,fragment,,,,"registered, million, leads","r­e­g­i­s­t­e­r­e­d, m­i­l­l­i­o­n, l­e­a­d­s"
01355.a47c042a6e16456c5b49c18d5b3868cb,01355__salted__broad__cp200B__fragment.a47c042a6e16456c5b49c18d5b3868cb,broad,200B,fragment,,Sales,S​a​l​e​s,"offer, prices, advertising","o​f​f​e​r, p​r​i​c​e​s, a​d​v​e​r​t​i​s​i​n​g"
01355.a47c042a6e16456c5b49c18d5b3868cb,01355__salted__broad__cp200C__fragment.a47c042a6e16456c5b49c18d5b3868cb,broad,200C,fragment,,Sales,S‌a‌l‌e‌s,"offer, prices, advertising","o‌f‌f‌e‌r, p‌r‌i‌c‌e‌s, a‌d‌v‌e‌r‌t‌i‌s‌i‌n‌g"
01355.a47c042a6e16456c5b49c18d5b3868cb,01355__salted__broad__cp200D__fragment.a47c042a6e16456c5b49c18d5b3868cb,broad,200D,fragment,,Sales,S‍a‍l‍e‍s,"offer, prices, advertising","o‍f‍f‍e‍r, p‍r‍i‍c‍e‍s, a‍d‍v‍e‍r‍t‍i‍s‍i‍n‍g"
01355.a47c042a6e16456c5b49c18d5b3868cb,01355__salted__broad__cp00AD__fragment.a47c042a6e16456c5b49c18d5b3868cb,broad,00AD,fragment,,Sales,S­a­l­e­s,"offer, prices, advertising","o­f­f­e­r, p­r­i­c­e­s, a­d­v­e­r­t­i­s­i­n­g"
01359.deafa1d42658c6624c6809a446b7f369,01359__salted__broad__cp200B__fragment.deafa1d42658c6624c6809a446b7f369,broad,200B,fragment,,,,"Dear, Sir, Africa","D​e​a​r, S​i​r, A​f​r​i​c​a"
01359.deafa1d42658c6624c6809a446b7f369,01359__salted__broad__cp200C__fragment.deafa1d42658c6624c6809a446b7f369,broad,200C,fragment,,,,"Dear, Sir, Africa","D‌e‌a‌r, S‌i‌r, A‌f‌r‌i‌c‌a"
01359.deafa1d42658c6624c6809a446b7f369,01359__salted__broad__cp200D__fragment.deafa1d42658c6624c6809a446b7f369,broad,200D,fragment,,,,"Dear, Sir, Africa","D‍e‍a‍r, S‍i‍r, A‍f‍r‍i‍c‍a"
01359.deafa1d42658c6624c6809a446b7f369,01359__salted__broad__cp00AD__fragment.deafa1d42658c6624c6809a446b7f369,broad,00AD,fragment,,,,"Dear, Sir, Africa","D­e­a­r, S­i­r, A­f­r­i­c­a"
01363.85518bca7c7cb9f35e57f3adda762ac9,01363__salted__broad__cp200B__fragment.85518bca7c7cb9f35e57f3adda762ac9,broad,200B,fragment,,,,"Click, promotion","C​l​i​c​k, p​r​o​m​o​t​i​o​n"
01363.85518bca7c7cb9f35e57f3adda762ac9,01363__salted__broad__cp200C__fragment.85518bca7c7cb9f35e57f3adda762ac9,broad,200C,fragment,,,,"Click, promotion","C‌l‌i‌c‌k, p‌r‌o‌m‌o‌t‌i‌o‌n"
01363.85518bca7c7cb9f35e57f3adda762ac9,01363__salted__broad__cp200D__fragment.85518bca7c7cb9f35e57f3adda762ac9,broad,200D,fragment,,,,"Click, promotion","C‍l‍i‍c‍k, p‍r‍o‍m‍o‍t‍i‍o‍n"
01363.85518bca7c7cb9f35e57f3adda762ac9,01363__salted__broad__cp00AD__fragment.85518bca7c7cb9f35e57f3adda762ac9,broad,00AD,fragment,,,,"Click, promotion","C­l­i­c­k, p­r­o­m­o­t­i­o­n"
01372.5d236077d94148a0ca71751f8f0a2e58,01372__salted__broad__cp200B__fragment.5d236077d94148a0ca71751f8f0a2e58,broad,200B,fragment,,Herbal,H​e​r​b​a​l,,
01372.5d236077d94148a0ca71751f8f0a2e58,01372__salted__broad__cp200C__fragment.5d236077d94148a0ca71751f8f0a2e58,broad,200C,fragment,,Herbal,H‌e‌r‌b‌a‌l,,
01372.5d236077d94148a0ca71751f8f0a2e58,01372__salted__broad__cp200D__fragment.5d236077d94148a0ca71751f8f0a2e58,broad,200D,fragment,,Herbal,H‍e‍r‍b‍a‍l,,
01372.5d236077d94148a0ca71751f8f0a2e58,01372__salted__broad__cp00AD__fragment.5d236077d94148a0ca71751f8f0a2e58,broad,00AD,fragment,,Herbal,H­e­r­b­a­l,,
01374.b902d53d7f737be700d6de60a42122d9,01374__salted__broad__cp200B__fragment.b902d53d7f737be700d6de60a42122d9,broad,200B,fragment,,,,"Dear, carefully, offer","D​e​a​r, c​a​r​e​f​u​l​l​y, o​f​f​e​r"
01374.b902d53d7f737be700d6de60a42122d9,01374__salted__broad__cp200C__fragment.b902d53d7f737be700d6de60a42122d9,broad,200C,fragment,,,,"Dear, carefully, offer","D‌e‌a‌r, c‌a‌r‌e‌f‌u‌l‌l‌y, o‌f‌f‌e‌r"
01374.b902d53d7f737be700d6de60a42122d9,01374__salted__broad__cp200D__fragment.b902d53d7f737be700d6de60a42122d9,broad,200D,fragment,,,,"Dear, carefully, offer","D‍e‍a‍r, c‍a‍r‍e‍f‍u‍l‍l‍y, o‍f‍f‍e‍r"
01374.b902d53d7f737be700d6de60a42122d9,01374__salted__broad__cp00AD__fragment.b902d53d7f737be700d6de60a42122d9,broad,00AD,fragment,,,,"Dear, carefully, offer","D­e­a­r, c­a­r­e­f­u­l­l­y, o­f­f­e­r"
01382.37400f7a1f36cd45165c2a72a9ec8baa,01382__salted__broad__cp200B__fragment.37400f7a1f36cd45165c2a72a9ec8baa,broad,200B,fragment,,,,"remove, earn, professional","r​e​m​o​v​e, e​a​r​n, p​r​o​f​e​s​s​i​o​n​a​l"
01382.37400f7a1f36cd45165c2a72a9ec8baa,01382__salted__broad__cp200C__fragment.37400f7a1f36cd45165c2a72a9ec8baa,broad,200C,fragment,,,,"remove, earn, professional","r‌e‌m‌o‌v‌e, e‌a‌r‌n, p‌r‌o‌f‌e‌s‌s‌i‌o‌n‌a‌l"
01382.37400f7a1f36cd45165c2a72a9ec8baa,01382__salted__broad__cp200D__fragment.37400f7a1f36cd45165c2a72a9ec8baa,broad,200D,fragment,,,,"remove, earn, professional","r‍e‍m‍o‍v‍e, e‍a‍r‍n, p‍r‍o‍f‍e‍s‍s‍i‍o‍n‍a‍l"
01382.37400f7a1f36cd45165c2a72a9ec8baa,01382__salted__broad__cp00AD__fragment.37400f7a1f36cd45165c2a72a9ec8baa,broad,00AD,fragment,,,,"remove, earn, professional","r­e­m­o­v­e, e­a­r­n, p­r­o­f­e­s­s­i­o­n­a­l"
01384.e23f94030a4393f0825eacd9de99eb31,01384__salted__broad__cp200B__fragment.e23f94030a4393f0825eacd9de99eb31,broad,200B,fragment,,Invest,I​n​v​e​s​t,"investment, investment, risk","i​n​v​e​s​t​m​e​n​t, i​n​v​e​s​t​m​e​n​t, r​i​s​k"
01384.e23f94030a4393f0825eacd9de99eb31,01384__salted__broad__cp200C__fragment.e23f94030a4393f0825eacd9de99eb31,broad,200C,fragment,,Invest,I‌n‌v‌e‌s‌t,"investment, investment, risk","i‌n‌v‌e‌s‌t‌m‌e‌n‌t, i‌n‌v‌e‌s‌t‌m‌e‌n‌t, r‌i‌s‌k"
01384.e23f94030a4393f0825eacd9de99eb31,01384__salted__broad__cp200D__fragment.e23f94030a4393f0825eacd9de99eb31,broad,200D,fragment,,Invest,I‍n‍v‍e‍s‍t,"investment, investment, risk","i‍n‍v‍e‍s‍t‍m‍e‍n‍t, i‍n‍v‍e‍s‍t‍m‍e‍n‍t, r‍i‍s‍k"
01384.e23f94030a4393f0825eacd9de99eb31,01384__salted__broad__cp00AD__fragment.e23f94030a4393f0825eacd9de99eb31,broad,00AD,fragment,,Invest,I­n­v­e­s­t,"investment, investment, risk","i­n­v­e­s­t­m­e­n­t, i­n­v­e­s­t­m­e­n­t, r­i­s­k"
01388.dba0966da5886e99fab13981da6c3834,01388__salted__broad__cp200B__fragment.dba0966da5886e99fab13981da6c3834,broad,200B,fragment,,,,"emails, offering, emails","e​m​a​i​l​s, o​f​f​e​r​i​n​g, e​m​a​i​l​s"
01388.dba0966da5886e99fab13981da6c3834,01388__salted__broad__cp200C__fragment.dba0966da5886e99fab13981da6c3834,broad,200C,fragment,,,,"emails, offering, emails","e‌m‌a‌i‌l‌s, o‌f‌f‌e‌r‌i‌n‌g, e‌m‌a‌i‌l‌s"
01388.dba0966da5886e99fab13981da6c3834,01388__salted__broad__cp200D__fragment.dba0966da5886e99fab13981da6c3834,broad,200D,fragment,,,,"emails, offering, emails","e‍m‍a‍i‍l‍s, o‍f‍f‍e‍r‍i‍n‍g, e‍m‍a‍i‍l‍s"
01388.dba0966da5886e99fab13981da6c3834,01388__salted__broad__cp00AD__fragment.dba0966da5886e99fab13981da6c3834,broad,00AD,fragment,,,,"emails, offering, emails","e­m­a­i­l­s, o­f­f­e­r­i­n­g, e­m­a­i­l­s"
01395.cb33d1d72f42e4ab9268729917bf428b,01395__salted__broad__cp200B__fragment.cb33d1d72f42e4ab9268729917bf428b,broad,200B,fragment,,ADV,A​D​V,,
01395.cb33d1d72f42e4ab9268729917bf428b,01395__salted__broad__cp200C__fragment.cb33d1d72f42e4ab9268729917bf428b,broad,200C,fragment,,ADV,A‌D‌V,,
01395.cb33d1d72f42e4ab9268729917bf428b,01395__salted__broad__cp200D__fragment.cb33d1d72f42e4ab9268729917bf428b,broad,200D,fragment,,ADV,A‍D‍V,,
01395.cb33d1d72f42e4ab9268729917bf428b,01395__salted__broad__cp00AD__fragment.cb33d1d72f42e4ab9268729917bf428b,broad,00AD,fragment,,ADV,A­D­V,,
