message_id,variant_filename,vocab_type,codepoint,salt_mode,fragment_max_positions,n_insert_subject,n_insert_body,body_part_found,subject_targets,body_targets
00002.d94f1b97e48ed3b553b3508d116e6a09,00002__salted__broad__cp200B__fragment.d94f1b97e48ed3b553b3508d116e6a09,broad,200B,fragment,,1,3,True,"[{""original_token"": ""Guaranteed"", ""salted_token"": ""G​u​a​r​a​n​t​e​e​d"", ""start"": 7, ""end"": 17, ""salt_mode"": ""fragment"", ""fragment_max_positions"": null}]","[{""original_token"": ""Risk"", ""salted_token"": ""R​i​s​k"", ""start"": 13, ""end"": 17, ""salt_mode"": ""fragment"", ""fragment_max_positions"": null}, {""original_token"": ""Guaranteed"", ""salted_token"": ""G​u​a​r​a​n​t​e​e​d"", ""start"": 87, ""end"": 97, ""salt_mode"": ""fragment"", ""fragment_max_positions"": null}, {""original_token"": ""lose"", ""salted_token"": ""l​o​s​e"", ""start"": 101, ""end"": 105, ""salt_mode"": ""fragment"", ""fragment_max_positions"": null}]"
00002.d94f1b97e48ed3b553b3508d116e6a09,00002__salted__broad__cp200C__fragment.d94f1b97e48ed3b553b3508d116e6a09,broad,200C,fragment,,1,3,True,"[{""original_token"": ""Guaranteed"", ""salted_token"": ""G‌u‌a‌r‌a‌n‌t‌e‌e‌d"", ""start"": 7, ""end"": 17, ""salt_mode"": ""fragment"", ""fragment_max_positions"": null}]","[{""original_token"": ""Risk"", ""salted_token"": ""R‌i‌s‌k"", ""start"": 13, ""end"": 17, ""salt_mode"": ""fragment"", ""fragment_max_positions"": null}, {""original_token"": ""Guaranteed"", ""salted_token"": ""G‌u‌a‌r‌a‌n‌t‌e‌e‌d"", ""start"": 87, ""end"": 97, ""salt_mode"": ""fragment"", ""fragment_max_positions"": null}, {""original_token"": ""lose"", ""salted_token"": ""l‌o‌s‌e"", ""start"": 101, ""end"": 105, ""salt_mode"": ""fragment"", ""fragment_max_positions"": null}]"
00002.d94f1b97e48ed3b553b3508d116e6a09,00002__salted__broad__cp200D__fragment.d94f1b97e48ed3b553b3508d116e6a09,broad,200D,fragment,,1,3,True,"[{""original_token"": ""Guaranteed"", ""salted_token"": ""G‍u‍a‍r‍a‍n‍t‍e‍e‍d"", ""start"": 7, ""end"": 17, ""salt_mode"": ""fragment"", ""fragment_max_positions"": null}]","[{""original_token"": ""Risk"", ""salted_token"": ""R‍i‍s‍k"", ""start"": 13, ""end"": 17, ""salt_mode"": ""fragment"", ""fragment_max_positions"": null}, {""original_token"": ""Guaranteed"", ""salted_token"": ""G‍u‍a‍r‍a‍n‍t‍e‍e‍d"", ""start"": 87, ""end"": 97, ""salt_mode"": ""fragment"", ""fragment_max_positions"": null}, {""original_token"": ""lose"", ""salted_token"": ""l‍o‍s‍e"", ""start"": 101, ""end"": 105, ""salt_mode"": ""fragment"", ""fragment_max_positions"": null}]"
00002.d94f1b97e48ed3b553b3508d116e6a09,00002__salted__broad__cp00AD__fragment.d94f1b97e48ed3b553b3508d116e6a09,broad,00AD,fragment,,1,3,True,"[{""original_token"": ""Guaranteed"", ""salted_token"": ""G­u­a­r­a­n­t­e­e­d"", ""start"": 7, ""end"": 17, ""salt_mode"": ""fragment"", ""fragment_max_positions"": null}]","[{""original_token"": ""Risk"", ""salted_token"": ""R­i­s­k"", ""start"": 13, ""end"": 17, ""salt_mode"": ""fragment"", ""fragment_max_positions"": null}, {""original_token"": ""Guaranteed"", ""salted_token"": ""G­u­a­r­a­n­t­e­e­d"", ""start"": 87, ""end"": 97, ""salt_mode"": ""fragment"", ""fragment_max_positions"": null}, {""original_token"": ""lose"", ""salted_token"": ""l­o­s­e"", ""start"": 101, ""end"": 105, ""salt_mode"": ""fragment"", ""fragment_max_positions"": null}]"
00003.2ee33bc6eacdb11f38d052c44819ba6c,00003__salted__broad__cp200B__fragment.2ee33bc6eacdb11f38d052c44819ba6c,broad,200B,fragment,,1,3,True,"[{""original_token"": ""Guaranteed"", ""salted_token"": ""G​u​a​r​a​n​t​e​e​d"", ""start"": 0, ""end"": 10, ""salt_mode"": ""fragment"", ""fragment_max_positions"": null}]","[{""original_token"": ""Risk"", ""salted_token"": ""R​i​s​k"", ""start"": 13, ""end"": 17, ""salt_mode"": ""fragment"", ""fragment_max_positions"": null}, {""original_token"": ""Guaranteed"", ""salted_token"": ""G​u​a​r​a​n​t​e​e​d"", ""start"": 87, ""end"": 97, ""salt_mode"": ""fragment"", ""fragment_max_positions"": null}, {""original_token"": ""lose"", ""salted_token"": ""l​o​s​e"", ""start"": 101, ""end"": 105, ""salt_mode"": ""fragment"", ""fragment_max_positions"": null}]"
00003.2ee33bc6eacdb11f38d052c44819ba6c,00003__salted__broad__cp200C__fragment.2ee33bc6eacdb11f38d052c44819ba6c,broad,200C,fragment,,1,3,True,"[{""original_token"": ""Guaranteed"", ""salted_token"": ""G‌u‌a‌r‌a‌n‌t‌e‌e‌d"", ""start"": 0, ""end"": 10, ""salt_mode"": ""fragment"", ""fragment_max_positions"": null}]","[{""original_token"": ""Risk"", ""salted_token"": ""R‌i‌s‌k"", ""start"": 13, ""end"": 17, ""salt_mode"": ""fragment"", ""fragment_max_positions"": null}, {""original_token"": ""Guaranteed"", ""salted_token"": ""G‌u‌a‌r‌a‌n‌t‌e‌e‌d"", ""start"": 87, ""end"": 97, ""salt_mode"": ""fragment"", ""fragment_max_positions"": null}, {""original_token"": ""lose"", ""salted_token"": ""l‌o‌s‌e"", ""start"": 101, ""end"": 105, ""salt_mode"": ""fragment"", ""fragment_max_positions"": null}]"
00003.2ee33bc6eacdb11f38d052c44819ba6c,00003__salted__broad__cp200D__fragment.2ee33bc6eacdb11f38d052c44819ba6c,broad,200D,fragment,,1,3,True,"[{""original_token"": ""Guaranteed"", ""salted_token"": ""G‍u‍a‍r‍a‍n‍t‍e‍e‍d"", ""start"": 0, ""end"": 10, ""salt_mode"": ""fragment"", ""fragment_max_positions"": null}]","[{""original_token"": ""Risk"", ""salted_token"": ""R‍i‍s‍k"", ""start"": 13, ""end"": 17, ""salt_mode"": ""fragment"", ""fragment_max_positions"": null}, {""original_token"": ""Guaranteed"", ""salted_token"": ""G‍u‍a‍r‍a‍n‍t‍e‍e‍d"", ""start"": 87, ""end"": 97, ""salt_mode"": ""fragment"", ""fragment_max_positions"": null}, {""original_token"": ""lose"", ""salted_token"": ""l‍o‍s‍e"", ""start"": 101, ""end"": 105, ""salt_mode"": ""fragment"", ""fragment_max_positions"": null}]"
00003.2ee33bc6eacdb11f38d052c44819ba6c,00003__salted__broad__cp00AD__fragment.2ee33bc6eacdb11f38d052c44819ba6c,broad,00AD,fragment,,1,3,True,"[{""original_token"": ""Guaranteed"", ""salted_token"": ""G­u­a­r­a­n­t­e­e­d"", ""start"": 0, ""end"": 10, ""salt_mode"": ""fragment"", ""fragment_max_positions"": null}]","[{""original_token"": ""Risk"", ""salted_token"": ""R­i­s­k"", ""start"": 13, ""end"": 17, ""salt_mode"": ""fragment"", ""fragment_max_positions"": null}, {""original_token"": ""Guaranteed"", ""salted_token"": ""G­u­a­r­a­n­t­e­e­d"", ""start"": 87, ""end"": 97, ""salt_mode"": ""fragment"", ""fragment_max_positions"": null}, {""original_token"": ""lose"", ""salted_token"": ""l­o­s­e"", ""start"": 101, ""end"": 105, ""salt_mode"": ""fragment"", ""fragment_max_positions"": null}]"
00004.eac8de8d759b7e74154f142194282724,00004__salted__broad__cp200B__fragment.eac8de8d759b7e74154f142194282724,broad,200B,fragment,,1,3,True,"[{""original_token"": ""Membership"", ""salted_token"": ""M​e​m​b​e​r​s​h​i​p"", ""start"": 32, ""end"": 42, ""salt_mode"": ""fragment"", ""fragment_max_positions"": null}]","[{""original_token"": ""Adult"", ""salted_token"": ""A​d​u​l​t"", ""start"": 120, ""end"": 125, ""salt_mode"": ""fragment"", ""fragment_max_positions"": null}, {""original_token"": ""Offers"", ""salted_token"": ""O​f​f​e​r​s"", ""start"": 165, ""end"": 171, ""salt_mode"": ""fragment"", ""fragment_max_positions"": null}, {""original_token"": ""Membership"", ""salted_token"": ""M​e​m​b​e​r​s​h​i​p"", ""start"": 177, ""end"": 187, ""salt_mode"": ""fragment"", ""fragment_max_positions"": null}]"
00004.eac8de8d759b7e74154f142194282724,00004__salted__broad__cp200C__fragment.eac8de8d759b7e74154f142194282724,broad,200C,fragment,,1,3,True,"[{""original_token"": ""Membership"", ""salted_token"": ""M‌e‌m‌b‌e‌r‌s‌h‌i‌p"", ""start"": 32, ""end"": 42, ""salt_mode"": ""fragment"", ""fragment_max_positions"": null}]","[{""original_token"": ""Adult"", ""salted_token"": ""A‌d‌u‌l‌t"", ""start"": 120, ""end"": 125, ""salt_mode"": ""fragment"", ""fragment_max_positions"": null}, {""original_token"": ""Offers"", ""salted_token"": ""O‌f‌f‌e‌r‌s"", ""start"": 165, ""end"": 171, ""salt_mode"": ""fragment"", ""fragment_max_positions"": null}, {""original_token"": ""Membership"", ""salted_token"": ""M‌e‌m‌b‌e‌r‌s‌h‌i‌p"", ""start"": 177, ""end"": 187, ""salt_mode"": ""fragment"", ""fragment_max_positions"": null}]"
00004.eac8de8d759b7e74154f142194282724,00004__salted__broad__cp200D__fragment.eac8de8d759b7e74154f142194282724,broad,200D,fragment,,1,3,True,"[{""original_token"": ""Membership"", ""salted_token"": ""M‍e‍m‍b‍e‍r‍s‍h‍i‍p"", ""start"": 32, ""end"": 42, ""salt_mode"": ""fragment"", ""fragment_max_positions"": null}]","[{""original_token"": ""Adult"", ""salted_token"": ""A‍d‍u‍l‍t"", ""start"": 120, ""end"": 125, ""salt_mode"": ""fragment"", ""fragment_max_positions"": null}, {""original_token"": ""Offers"", ""salted_token"": ""O‍f‍f‍e‍r‍s"", ""start"": 165, ""end"": 171, ""salt_mode"": ""fragment"", ""fragment_max_positions"": null}, {""original_token"": ""Membership"", ""salted_token"": ""M‍e‍m‍b‍e‍r‍s‍h‍i‍p"", ""start"": 177, ""end"": 187, ""salt_mode"": ""fragment"", ""fragment_max_positions"": null}]"
00004.eac8de8d759b7e74154f142194282724,00004__salted__broad__cp00AD__fragment.eac8de8d759b7e74154f142194282724,broad,00AD,fragment,,1,3,True,"[{""original_token"": ""Membership"", ""salted_token"": ""M­e­m­b­e­r­s­h­i­p"", ""start"": 32, ""end"": 42, ""salt_mode"": ""fragment"", ""fragment_max_positions"": null}]","[{""original_token"": ""Adult"", ""salted_token"": ""A­d­u­l­t"", ""start"": 120, ""end"": 125, ""salt_mode"": ""fragment"", ""fragment_max_positions"": null}, {""original_token"": ""Offers"", ""salted_token"": ""O­f­f­e­r­s"", ""start"": 165, ""end"": 171, ""salt_mode"": ""fragment"", ""fragment_max_positions"": null}, {""original_token"": ""Membership"", ""salted_token"": ""M­e­m­b­e­r­s­h­i­p"", ""start"": 177, ""end"": 187, ""salt_mode"": ""fragment"", ""fragment_max_positions"": null}]"
00009.1e1a8cb4b57532ab38aa23287523659d,00009__salted__broad__cp200B__fragment.1e1a8cb4b57532ab38aa23287523659d,broad,200B,fragment,,1,3,True,"[{""original_token"": ""URGENT"", ""salted_token"": ""U​R​G​E​N​T"", ""start"": 5, ""end"": 11, ""salt_mode"": ""fragment"", ""fragment_max_positions"": null}]","[{""original_token"": ""DEAR"", ""salted_token"": ""D​E​A​R"", ""start"": 1, ""end"": 5, ""salt_mode"": ""fragment"", ""fragment_max_positions"": null}, {""original_token"": ""SIR"", ""salted_token"": ""S​I​R"", ""start"": 6, ""end"": 9, ""salt_mode"": ""fragment"", ""fragment_max_positions"": null}, {""original_token"": ""URGENT"", ""salted_token"": ""U​R​G​E​N​T"", ""start"": 11, ""end"": 17, ""salt_mode"": ""fragment"", ""fragment_max_positions"": null}]"
00009.1e1a8cb4b57532ab38aa23287523659d,00009__salted__broad__cp200C__fragment.1e1a8cb4b57532ab38aa23287523659d,broad,200C,fragment,,1,3,True,"[{""original_token"": ""URGENT"", ""salted_token"": ""U‌R‌G‌E‌N‌T"", ""start"": 5, ""end"": 11, ""salt_mode"": ""fragment"", ""fragment_max_positions"": null}]","[{""original_token"": ""DEAR"", ""salted_token"": ""D‌E‌A‌R"", ""start"": 1, ""end"": 5, ""salt_mode"": ""fragment"", ""fragment_max_positions"": null}, {""original_token"": ""SIR"", ""salted_token"": ""S‌I‌R"", ""start"": 6, ""end"": 9, ""salt_mode"": ""fragment"", ""fragment_max_positions"": null}, {""original_token"": ""URGENT"", ""salted_token"": ""U‌R‌G‌E‌N‌T"", ""start"": 11, ""end"": 17, ""salt_mode"": ""fragment"", ""fragment_max_positions"": null}]"
00009.1e1a8cb4b57532ab38aa23287523659d,00009__salted__broad__cp200D__fragment.1e1a8cb4b57532ab38aa23287523659d,broad,200D,fragment,,1,3,True,"[{""original_token"": ""URGENT"", ""salted_token"": ""U‍R‍G‍E‍N‍T"", ""start"": 5, ""end"": 11, ""salt_mode"": ""fragment"", ""fragment_max_positions"": null}]","[{""original_token"": ""DEAR"", ""salted_token"": ""D‍E‍A‍R"", ""start"": 1, ""end"": 5, ""salt_mode"": ""fragment"", ""fragment_max_positions"": null}, {""original_token"": ""SIR"", ""salted_token"": ""S‍I‍R"", ""start"": 6, ""end"": 9, ""salt_mode"": ""fragment"", ""fragment_max_positions"": null}, {""original_token"": ""URGENT"", ""salted_token"": ""U‍R‍G‍E‍N‍T"", ""start"": 11, ""end"": 17, ""salt_mode"": ""fragment"", ""fragment_max_positions"": null}]"
00009.1e1a8cb4b57532ab38aa23287523659d,00009__salted__broad__cp00AD__fragment.1e1a8cb4b57532ab38aa23287523659d,broad,00AD,fragment,,1,3,True,"[{""original_token"": ""URGENT"", ""salted_token"": ""U­R­G­E­N­T"", ""start"": 5, ""end"": 11, ""salt_mode"": ""fragment"", ""fragment_max_positions"": null}]","[{""original_token"": ""DEAR"", ""salted_token"": ""D­E­A­R"", ""start"": 1, ""end"": 5, ""salt_mode"": ""fragment"", ""fragment_max_positions"": null}, {""original_token"": ""SIR"", ""salted_token"": ""S­I­R"", ""start"": 6, ""end"": 9, ""salt_mode"": ""fragment"", ""fragment_max_positions"": null}, {""original_token"": ""URGENT"", ""salted_token"": ""U­R­G­E­N­T"", ""start"": 11, ""end"": 17, ""salt_mode"": ""fragment"", ""fragment_max_positions"": null}]"
00012.cb9c9f2a25196f5b16512338625a85b4,00012__salted__broad__cp200B__fragment.cb9c9f2a25196f5b16512338625a85b4,broad,200B,fragment,,1,0,False,"[{""original_token"": ""Cash"", ""salted_token"": ""C​a​s​h"", ""start"": 11, ""end"": 15, ""salt_mode"": ""fragment"", ""fragment_max_positions"": null}]",[]
00012.cb9c9f2a25196f5b16512338625a85b4,00012__salted__broad__cp200C__fragment.cb9c9f2a25196f5b16512338625a85b4,broad,200C,fragment,,1,0,False,"[{""original_token"": ""Cash"", ""salted_token"": ""C‌a‌s‌h"", ""start"": 11, ""end"": 15, ""salt_mode"": ""fragment"", ""fragment_max_positions"": null}]",[]
00012.cb9c9f2a25196f5b16512338625a85b4,00012__salted__broad__cp200D__fragment.cb9c9f2a25196f5b16512338625a85b4,broad,200D,fragment,,1,0,False,"[{""original_token"": ""Cash"", ""salted_token"": ""C‍a‍s‍h"", ""start"": 11, ""end"": 15, ""salt_mode"": ""fragment"", ""fragment_max_positions"": null}]",[]
00012.cb9c9f2a25196f5b16512338625a85b4,00012__salted__broad__cp00AD__fragment.cb9c9f2a25196f5b16512338625a85b4,broad,00AD,fragment,,1,0,False,"[{""original_token"": ""Cash"", ""salted_token"": ""C­a­s­h"", ""start"": 11, ""end"": 15, ""salt_mode"": ""fragment"", ""fragment_max_positions"": null}]",[]
00024.6b5437b14d403176c3f046c871b5b52f,00024__salted__broad__cp200B__fragment.6b5437b14d403176c3f046c871b5b52f,broad,200B,fragment,,0,3,True,[],"[{""original_token"": ""Unlimited"", ""salted_token"": ""U​n​l​i​m​i​t​e​d"", ""start"": 93, ""end"": 102, ""salt_mode"": ""fragment"", ""fragment_max_positions"": null}, {""original_token"": ""Price"", ""salted_token"": ""P​r​i​c​e"", ""start"": 144, ""end"": 149, ""salt_mode"": ""fragment"", ""fragment_max_positions"": null}, {""original_token"": ""Price"", ""salted_token"": ""P​r​i​c​e"", ""start"": 160, ""end"": 165, ""salt_mode"": ""fragment"", ""fragment_max_positions"": null}]"
00024.6b5437b14d403176c3f046c871b5b52f,00024__salted__broad__cp200C__fragment.6b5437b14d403176c3f046c871b5b52f,broad,200C,fragment,,0,3,True,[],"[{""original_token"": ""Unlimited"", ""salted_token"": ""U‌n‌l‌i‌m‌i‌t‌e‌d"", ""start"": 93, ""end"": 102, ""salt_mode"": ""fragment"", ""fragment_max_positions"": null}, {""original_token"": ""Price"", ""salted_token"": ""P‌r‌i‌c‌e"", ""start"": 144, ""end"": 149, ""salt_mode"": ""fragment"", ""fragment_max_positions"": null}, {""original_token"": ""Price"", ""salted_token"": ""P‌r‌i‌c‌e"", ""start"": 160, ""end"": 165, ""salt_mode"": ""fragment"", ""fragment_max_positions"": null}]"
00024.6b5437b14d403176c3f046c871b5b52f,00024__salted__broad__cp200D__fragment.6b5437b14d403176c3f046c871b5b52f,broad,200D,fragment,,0,3,True,[],"[{""original_token"": ""Unlimited"", ""salted_token"": ""U‍n‍l‍i‍m‍i‍t‍e‍d"", ""start"": 93, ""end"": 102, ""salt_mode"": ""fragment"", ""fragment_max_positions"": null}, {""original_token"": ""Price"", ""salted_token"": ""P‍r‍i‍c‍e"", ""start"": 144, ""end"": 149, ""salt_mode"": ""fragment"", ""fragment_max_positions"": null}, {""original_token"": ""Price"", ""salted_token"": ""P‍r‍i‍c‍e"", ""start"": 160, ""end"": 165, ""salt_mode"": ""fragment"", ""fragment_max_positions"": null}]"
00024.6b5437b14d403176c3f046c871b5b52f,00024__salted__broad__cp00AD__fragment.6b5437b14d403176c3f046c871b5b52f,broad,00AD,fragment,,0,3,True,[],"[{""original_token"": ""Unlimited"", ""salted_token"": ""U­n­l­i­m­i­t­e­d"", ""start"": 93, ""end"": 102, ""salt_mode"": ""fragment"", ""fragment_max_positions"": null}, {""original_token"": ""Price"", ""salted_token"": ""P­r­i­c­e"", ""start"": 144, ""end"": 149, ""salt_mode"": ""fragment"", ""fragment_max_positions"": null}, {""original_token"": ""Price"", ""salted_token"": ""P­r­i­c­e"", ""start"": 160, ""end"": 165, ""salt_mode"": ""fragment"", ""fragment_max_positions"": null}]"
00025.619ab8051359048795e3cd09e82ad1a0,00025__salted__broad__cp200B__fragment.619ab8051359048795e3cd09e82ad1a0,broad,200B,fragment,,1,0,False,"[{""original_token"": ""DEBT"", ""salted_token"": ""D​E​B​T"", ""start"": 4, ""end"": 8, ""salt_mode"": ""fragment"", ""fragment_max_positions"": null}]",[]
00025.619ab8051359048795e3cd09e82ad1a0,00025__salted__broad__cp200C__fragment.619ab8051359048795e3cd09e82ad1a0,broad,200C,fragment,,1,0,False,"[{""original_token"": ""DEBT"", ""salted_token"": ""D‌E‌B‌T"", ""start"": 4, ""end"": 8, ""salt_mode"": ""fragment"", ""fragment_max_positions"": null}]",[]
00025.619ab8051359048795e3cd09e82ad1a0,00025__salted__broad__cp200D__fragment.619ab8051359048795e3cd09e82ad1a0,broad,200D,fragment,,1,0,False,"[{""original_token"": ""DEBT"", ""salted_token"": ""D‍E‍B‍T"", ""start"": 4, ""end"": 8, ""salt_mode"": ""fragment"", ""fragment_max_positions"": null}]",[]
00025.619ab8051359048795e3cd09e82ad1a0,00025__salted__broad__cp00AD__fragment.619ab8051359048795e3cd09e82ad1a0,broad,00AD,fragment,,1,0,False,"[{""original_token"": ""DEBT"", ""salted_token"": ""D­E­B­T"", ""start"": 4, ""end"": 8, ""salt_mode"": ""fragment"", ""fragment_max_positions"": null}]",[]
00040.949a3d300eadb91d8745f1c1dab51133,00040__salted__broad__cp200B__fragment.949a3d300eadb91d8745f1c1dab51133,broad,200B,fragment,,0,3,True,[],"[{""original_token"": ""Dear"", ""salted_token"": ""D​e​a​r"", ""start"": 0, ""end"": 4, ""salt_mode"": ""fragment"", ""fragment_max_positions"": null}, {""original_token"": ""Sir"", ""salted_token"": ""S​i​r"", ""start"": 5, ""end"": 8, ""salt_mode"": ""fragment"", ""fragment_max_positions"": null}, {""original_token"": ""Madam"", ""salted_token"": ""M​a​d​a​m"", ""start"": 12, ""end"": 17, ""salt_mode"": ""fragment"", ""fragment_max_positions"": null}]"
00040.949a3d300eadb91d8745f1c1dab51133,00040__salted__broad__cp200C__fragment.949a3d300eadb91d8745f1c1dab51133,broad,200C,fragment,,0,3,True,[],"[{""original_token"": ""Dear"", ""salted_token"": ""D‌e‌a‌r"", ""start"": 0, ""end"": 4, ""salt_mode"": ""fragment"", ""fragment_max_positions"": null}, {""original_token"": ""Sir"", ""salted_token"": ""S‌i‌r"", ""start"": 5, ""end"": 8, ""salt_mode"": ""fragment"", ""fragment_max_positions"": null}, {""original_token"": ""Madam"", ""salted_token"": ""M‌a‌d‌a‌m"", ""start"": 12, ""end"": 17, ""salt_mode"": ""fragment"", ""fragment_max_positions"": null}]"
00040.949a3d300eadb91d8745f1c1dab51133,00040__salted__broad__cp200D__fragment.949a3d300eadb91d8745f1c1dab51133,broad,200D,fragment,,0,3,True,[],"[{""original_token"": ""Dear"", ""salted_token"": ""D‍e‍a‍r"", ""start"": 0, ""end"": 4, ""salt_mode"": ""fragment"", ""fragment_max_positions"": null}, {""original_token"": ""Sir"", ""salted_token"": ""S‍i‍r"", ""start"": 5, ""end"": 8, ""salt_mode"": ""fragment"", ""fragment_max_positions"": null}, {""original_token"": ""Madam"", ""salted_token"": ""M‍a‍d‍a‍m"", ""start"": 12, ""end"": 17, ""salt_mode"": ""fragment"", ""fragment_max_positions"": null}]"
00040.949a3d300eadb91d8745f1c1dab51133,00040__salted__broad__cp00AD__fragment.949a3d300eadb91d8745f1c1dab51133,broad,00AD,fragment,,0,3,True,[],"[{""original_token"": ""Dear"", ""salted_token"": ""D­e­a­r"", ""start"": 0, ""end"": 4, ""salt_mode"": ""fragment"", ""fragment_max_positions"": null}, {""original_token"": ""Sir"", ""salted_token"": ""S­i­r"", ""start"": 5, ""end"": 8, ""salt_mode"": ""fragment"", ""fragment_max_positions"": null}, {""original_token"": ""Madam"", ""salted_token"": ""M­a­d­a­m"", ""start"": 12, ""end"": 17, ""salt_mode"": ""fragment"", ""fragment_max_positions"": null}]"
00041.f1b3402799046db3c1f143a911dc085d,00041__salted__broad__cp200B__fragment.f1b3402799046db3c1f143a911dc085d,broad,200B,fragment,,0,3,True,[],"[{""original_token"": ""Dear"", ""salted_token"": ""D​e​a​r"", ""start"": 0, ""end"": 4, ""salt_mode"": ""fragment"", ""fragment_max_positions"": null}, {""original_token"": ""Sir"", ""salted_token"": ""S​i​r"", ""start"": 5, ""end"": 8, ""salt_mode"": ""fragment"", ""fragment_max_positions"": null}, {""original_token"": ""Madam"", ""salted_token"": ""M​a​d​a​m"", ""start"": 12, ""end"": 17, ""salt_mode"": ""fragment"", ""fragment_max_positions"": null}]"
00041.f1b3402799046db3c1f143a911dc085d,00041__salted__broad__cp200C__fragment.f1b3402799046db3c1f143a911dc085d,broad,200C,fragment,,0,3,True,[],"[{""original_token"": ""Dear"", ""salted_token"": ""D‌e‌a‌r"", ""start"": 0, ""end"": 4, ""salt_mode"": ""fragment"", ""fragment_max_positions"": null}, {""original_token"": ""Sir"", ""salted_token"": ""S‌i‌r"", ""start"": 5, ""end"": 8, ""salt_mode"": ""fragment"", ""fragment_max_positions"": null}, {""original_token"": ""Madam"", ""salted_token"": ""M‌a‌d‌a‌m"", ""start"": 12, ""end"": 17, ""salt_mode"": ""fragment"", ""fragment_max_positions"": null}]"
00041.f1b3402799046db3c1f143a911dc085d,00041__salted__broad__cp200D__fragment.f1b3402799046db3c1f143a911dc085d,broad,200D,fragment,,0,3,True,[],"[{""original_token"": ""Dear"", ""salted_token"": ""D‍e‍a‍r"", ""start"": 0, ""end"": 4, ""salt_mode"": ""fragment"", ""fragment_max_positions"": null}, {""original_token"": ""Sir"", ""salted_token"": ""S‍i‍r"", ""start"": 5, ""end"": 8, ""salt_mode"": ""fragment"", ""fragment_max_positions"": null}, {""original_token"": ""Madam"", ""salted_token"": ""M‍a‍d‍a‍m"", ""start"": 12, ""end"": 17, ""salt_mode"": ""fragment"", ""fragment_max_positions"": null}]"
00041.f1b3402799046db3c1f143a911dc085d,00041__salted__broad__cp00AD__fragment.f1b3402799046db3c1f143a911dc085d,broad,00AD,fragment,,0,3,True,[],"[{""original_token"": ""Dear"", ""salted_token"": ""D­e­a­r"", ""start"": 0, ""end"": 4, ""salt_mode"": ""fragment"", ""fragment_max_positions"": null}, {""original_token"": ""Sir"", ""salted_token"": ""S­i­r"", ""start"": 5, ""end"": 8, ""salt_mode"": ""fragment"", ""fragment_max_positions"": null}, {""original_token"": ""Madam"", ""salted_token"": ""M­a­d­a­m"", ""start"": 12, ""end"": 17, ""salt_mode"": ""fragment"", ""fragment_max_positions"": null}]"
00044.9f8c4b9ae007c6ded3d57476082bf2b2,00044__salted__broad__cp200B__fragment.9f8c4b9ae007c6ded3d57476082bf2b2,broad,200B,fragment,,1,0,False,"[{""original_token"": ""Membership"", ""salted_token"": ""M​e​m​b​e​r​s​h​i​p"", ""start"": 5, ""end"": 15, ""salt_mode"": ""fragment"", ""fragment_max_positions"": null}]",[]
00044.9f8c4b9ae007c6ded3d57476082bf2b2,00044__salted__broad__cp200C__fragment.9f8c4b9ae007c6ded3d57476082bf2b2,broad,200C,fragment,,1,0,False,"[{""original_token"": ""Membership"", ""salted_token"": ""M‌e‌m‌b‌e‌r‌s‌h‌i‌p"", ""start"": 5, ""end"": 15, ""salt_mode"": ""fragment"", ""fragment_max_positions"": null}]",[]
00044.9f8c4b9ae007c6ded3d57476082bf2b2,00044__salted__broad__cp200D__fragment.9f8c4b9ae007c6ded3d57476082bf2b2,broad,200D,fragment,,1,0,False,"[{""original_token"": ""Membership"", ""salted_token"": ""M‍e‍m‍b‍e‍r‍s‍h‍i‍p"", ""start"": 5, ""end"": 15, ""salt_mode"": ""fragment"", ""fragment_max_positions"": null}]",[]
00044.9f8c4b9ae007c6ded3d57476082bf2b2,00044__salted__broad__cp00AD__fragment.9f8c4b9ae007c6ded3d57476082bf2b2,broad,00AD,fragment,,1,0,False,"[{""original_token"": ""Membership"", ""salted_token"": ""M­e­m­b­e­r­s­h­i­p"", ""start"": 5, ""end"": 15, ""salt_mode"": ""fragment"", ""fragment_max_positions"": null}]",[]
00045.7282c2c4e009744f2f3450d370009235,00045__salted__broad__cp200B__fragment.7282c2c4e009744f2f3450d370009235,broad,200B,fragment,,0,3,True,[],"[{""original_token"": ""Risk"", ""salted_token"": ""R​i​s​k"", ""start"": 13, ""end"": 17, ""salt_mode"": ""fragment"", ""fragment_max_positions"": null}, {""original_token"": ""Guaranteed"", ""salted_token"": ""G​u​a​r​a​n​t​e​e​d"", ""start"": 87, ""end"": 97, ""salt_mode"": ""fragment"", ""fragment_max_positions"": null}, {""original_token"": ""lose"", ""salted_token"": ""l​o​s​e"", ""start"": 101, ""end"": 105, ""salt_mode"": ""fragment"", ""fragment_max_positions"": null}]"
00045.7282c2c4e009744f2f3450d370009235,00045__salted__broad__cp200C__fragment.7282c2c4e009744f2f3450d370009235,broad,200C,fragment,,0,3,True,[],"[{""original_token"": ""Risk"", ""salted_token"": ""R‌i‌s‌k"", ""start"": 13, ""end"": 17, ""salt_mode"": ""fragment"", ""fragment_max_positions"": null}, {""original_token"": ""Guaranteed"", ""salted_token"": ""G‌u‌a‌r‌a‌n‌t‌e‌e‌d"", ""start"": 87, ""end"": 97, ""salt_mode"": ""fragment"", ""fragment_max_positions"": null}, {""original_token"": ""lose"", ""salted_token"": ""l‌o‌s‌e"", ""start"": 101, ""end"": 105, ""salt_mode"": ""fragment"", ""fragment_max_positions"": null}]"
00045.7282c2c4e009744f2f3450d370009235,00045__salted__broad__cp200D__fragment.7282c2c4e009744f2f3450d370009235,broad,200D,fragment,,0,3,True,[],"[{""original_token"": ""Risk"", ""salted_token"": ""R‍i‍s‍k"", ""start"": 13, ""end"": 17, ""salt_mode"": ""fragment"", ""fragment_max_positions"": null}, {""original_token"": ""Guaranteed"", ""salted_token"": ""G‍u‍a‍r‍a‍n‍t‍e‍e‍d"", ""start"": 87, ""end"": 97, ""salt_mode"": ""fragment"", ""fragment_max_positions"": null}, {""original_token"": ""lose"", ""salted_token"": ""l‍o‍s‍e"", ""start"": 101, ""end"": 105, ""salt_mode"": ""fragment"", ""fragment_max_positions"": null}]"
00045.7282c2c4e009744f2f3450d370009235,00045__salted__broad__cp00AD__fragment.7282c2c4e009744f2f3450d370009235,broad,00AD,fragment,,0,3,True,[],"[{""original_token"": ""Risk"", ""salted_token"": ""R­i­s­k"", ""start"": 13, ""end"": 17, ""salt_mode"": ""fragment"", ""fragment_max_positions"": null}, {""original_token"": ""Guaranteed"", ""salted_token"": ""G­u­a­r­a­n­t­e­e­d"", ""start"": 87, ""end"": 97, ""salt_mode"": ""fragment"", ""fragment_max_positions"": null}, {""original_token"": ""lose"", ""salted_token"": ""l­o­s­e"", ""start"": 101, ""end"": 105, ""salt_mode"": ""fragment"", ""fragment_max_positions"": null}]"
00054.62863160db27f89df8c73275b6dae134,00054__salted__broad__cp200B__fragment.62863160db27f89df8c73275b6dae134,broad,200B,fragment,,1,0,False,"[{""original_token"": ""ADV"", ""salted_token"": ""A​D​V"", ""start"": 0, ""end"": 3, ""salt_mode"": ""fragment"", ""fragment_max_positions"": null}]",[]
00054.62863160db27f89df8c73275b6dae134,00054__salted__broad__cp200C__fragment.62863160db27f89df8c73275b6dae134,broad,200C,fragment,,1,0,False,"[{""original_token"": ""ADV"", ""salted_token"": ""A‌D‌V"", ""start"": 0, ""end"": 3, ""salt_mode"": ""fragment"", ""fragment_max_positions"": null}]",[]
00054.62863160db27f89df8c73275b6dae134,00054__salted__broad__cp200D__fragment.62863160db27f89df8c73275b6dae134,broad,200D,fragment,,1,0,False,"[{""original_token"": ""ADV"", ""salted_token"": ""A‍D‍V"", ""start"": 0, ""end"": 3, ""salt_mode"": ""fragment"", ""fragment_max_positions"": null}]",[]
00054.62863160db27f89df8c73275b6dae134,00054__salted__broad__cp00AD__fragment.62863160db27f89df8c73275b6dae134,broad,00AD,fragment,,1,0,False,"[{""original_token"": ""ADV"", ""salted_token"": ""A­D­V"", ""start"": 0, ""end"": 3, ""salt_mode"": ""fragment"", ""fragment_max_positions"": null}]",[]
00058.64bb1902c4e561fb3e521a6dbf8625be,00058__salted__broad__cp200B__fragment.64bb1902c4e561fb3e521a6dbf8625be,broad,200B,fragment,,1,0,False,"[{""original_token"": ""Insurance"", ""salted_token"": ""I​n​s​u​r​a​n​c​e"", ""start"": 5, ""end"": 14, ""salt_mode"": ""fragment"", ""fragment_max_positions"": null}]",[]
00058.64bb1902c4e561fb3e521a6dbf8625be,00058__salted__broad__cp200C__fragment.64bb1902c4e561fb3e521a6dbf8625be,broad,200C,fragment,,1,0,False,"[{""original_token"": ""Insurance"", ""salted_token"": ""I‌n‌s‌u‌r‌a‌n‌c‌e"", ""start"": 5, ""end"": 14, ""salt_mode"": ""fragment"", ""fragment_max_positions"": null}]",[]
00058.64bb1902c4e561fb3e521a6dbf8625be,00058__salted__broad__cp200D__fragment.64bb1902c4e561fb3e521a6dbf8625be,broad,200D,fragment,,1,0,False,"[{""original_token"": ""Insurance"", ""salted_token"": ""I‍n‍s‍u‍r‍a‍n‍c‍e"", ""start"": 5, ""end"": 14, ""salt_mode"": ""fragment"", ""fragment_max_positions"": null}]",[]
00058.64bb1902c4e561fb3e521a6dbf8625be,00058__salted__broad__cp00AD__fragment.64bb1902c4e561fb3e521a6dbf8625be,broad,00AD,fragment,,1,0,False,"[{""original_token"": ""Insurance"", ""salted_token"": ""I­n­s­u­r­a­n­c­e"", ""start"": 5, ""end"": 14, ""salt_mode"": ""fragment"", ""fragment_max_positions"": null}]",[]
00064.65b95365450ebe5eef61e7f1c60edc5e,00064__salted__broad__cp200B__fragment.65b95365450ebe5eef61e7f1c60edc5e,broad,200B,fragment,,1,3,True,"[{""original_token"": ""Investment"", ""salted_token"": ""I​n​v​e​s​t​m​e​n​t"", ""start"": 28, ""end"": 38, ""salt_mode"": ""fragment"", ""fragment_max_positions"": null}]","[{""original_token"": ""Investment"", ""salted_token"": ""I​n​v​e​s​t​m​e​n​t"", ""start"": 28, ""end"": 38, ""salt_mode"": ""fragment"", ""fragment_max_positions"": null}, {""original_token"": ""Premium"", ""salted_token"": ""P​r​e​m​i​u​m"", ""start"": 48, ""end"": 55, ""salt_mode"": ""fragment"", ""fragment_max_positions"": null}, {""original_token"": ""Earn"", ""salted_token"": ""E​a​r​n"", ""start"": 109, ""end"": 113, ""salt_mode"": ""fragment"", ""fragment_max_positions"": null}]"
00064.65b95365450ebe5eef61e7f1c60edc5e,00064__salted__broad__cp200C__fragment.65b95365450ebe5eef61e7f1c60edc5e,broad,200C,fragment,,1,3,True,"[{""original_token"": ""Investment"", ""salted_token"": ""I‌n‌v‌e‌s‌t‌m‌e‌n‌t"", ""start"": 28, ""end"": 38, ""salt_mode"": ""fragment"", ""fragment_max_positions"": null}]","[{""original_token"": ""Investment"", ""salted_token"": ""I‌n‌v‌e‌s‌t‌m‌e‌n‌t"", ""start"": 28, ""end"": 38, ""salt_mode"": ""fragment"", ""fragment_max_positions"": null}, {""original_token"": ""Premium"", ""salted_token"": ""P‌r‌e‌m‌i‌u‌m"", ""start"": 48, ""end"": 55, ""salt_mode"": ""fragment"", ""fragment_max_positions"": null}, {""original_token"": ""Earn"", ""salted_token"": ""E‌a‌r‌n"", ""start"": 109, ""end"": 113, ""salt_mode"": ""fragment"", ""fragment_max_positions"": null}]"
00064.65b95365450ebe5eef61e7f1c60edc5e,00064__salted__broad__cp200D__fragment.65b95365450ebe5eef61e7f1c60edc5e,broad,200D,fragment,,1,3,True,"[{""original_token"": ""Investment"", ""salted_token"": ""I‍n‍v‍e‍s‍t‍m‍e‍n‍t"", ""start"": 28, ""end"": 38, ""salt_mode"": ""fragment"", ""fragment_max_positions"": null}]","[{""original_token"": ""Investment"", ""salted_token"": ""I‍n‍v‍e‍s‍t‍m‍e‍n‍t"", ""start"": 28, ""end"": 38, ""salt_mode"": ""fragment"", ""fragment_max_positions"": null}, {""original_token"": ""Premium"", ""salted_token"": ""P‍r‍e‍m‍i‍u‍m"", ""start"": 48, ""end"": 55, ""salt_mode"": ""fragment"", ""fragment_max_positions"": null}, {""original_token"": ""Earn"", ""salted_token"": ""E‍a‍r‍n"", ""start"": 109, ""end"": 113, ""salt_mode"": ""fragment"", ""fragment_max_positions"": null}]"
00064.65b95365450ebe5eef61e7f1c60edc5e,00064__salted__broad__cp00AD__fragment.65b95365450ebe5eef61e7f1c60edc5e,broad,00AD,fragment,,1,3,True,"[{""original_token"": ""Investment"", ""salted_token"": ""I­n­v­e­s­t­m­e­n­t"", ""start"": 28, ""end"": 38, ""salt_mode"": ""fragment"", ""fragment_max_positions"": null}]","[{""original_token"": ""Investment"", ""salted_token"": ""I­n­v­e­s­t­m­e­n­t"", ""start"": 28, ""end"": 38, ""salt_mode"": ""fragment"", ""fragment_max_positions"": null}, {""original_token"": ""Premium"", ""salted_token"": ""P­r­e­m­i­u­m"", ""start"": 48, ""end"": 55, ""salt_mode"": ""fragment"", ""fragment_max_positions"": null}, {""original_token"": ""Earn"", ""salted_token"": ""E­a­r­n"", ""start"": 109, ""end"": 113, ""salt_mode"": ""fragment"", ""fragment_max_positions"": null}]"
00067.ec108870b01dc3ccb8fabc5def869ca5,00067__salted__broad__cp200B__fragment.ec108870b01dc3ccb8fabc5def869ca5,broad,200B,fragment,,1,0,False,"[{""original_token"": ""SYSTEMWORKS"", ""salted_token"": ""S​Y​S​T​E​M​W​O​R​K​S"", ""start"": 35, ""end"": 46, ""salt_mode"": ""fragment"", ""fragment_max_positions"": null}]",[]
00067.ec108870b01dc3ccb8fabc5def869ca5,00067__salted__broad__cp200C__fragment.ec108870b01dc3ccb8fabc5def869ca5,broad,200C,fragment,,1,0,False,"[{""original_token"": ""SYSTEMWORKS"", ""salted_token"": ""S‌Y‌S‌T‌E‌M‌W‌O‌R‌K‌S"", ""start"": 35, ""end"": 46, ""salt_mode"": ""fragment"", ""fragment_max_positions"": null}]",[]
00067.ec108870b01dc3ccb8fabc5def869ca5,00067__salted__broad__cp200D__fragment.ec108870b01dc3ccb8fabc5def869ca5,broad,200D,fragment,,1,0,False,"[{""original_token"": ""SYSTEMWORKS"", ""salted_token"": ""S‍Y‍S‍T‍E‍M‍W‍O‍R‍K‍S"", ""start"": 35, ""end"": 46, ""salt_mode"": ""fragment"", ""fragment_max_positions"": null}]",[]
00067.ec108870b01dc3ccb8fabc5def869ca5,00067__salted__broad__cp00AD__fragment.ec108870b01dc3ccb8fabc5def869ca5,broad,00AD,fragment,,1,0,False,"[{""original_token"": ""SYSTEMWORKS"", ""salted_token"": ""S­Y­S­T­E­M­W­O­R­K­S"", ""start"": 35, ""end"": 46, ""salt_mode"": ""fragment"", ""fragment_max_positions"": null}]",[]
00074.f7cfc6a5142e788004e0cff70e3a36c0,00074__salted__broad__cp200B__fragment.f7cfc6a5142e788004e0cff70e3a36c0,broad,200B,fragment,,1,0,False,"[{""original_token"": ""HOURS"", ""salted_token"": ""H​O​U​R​S"", ""start"": 24, ""end"": 29, ""salt_mode"": ""fragment"", ""fragment_max_positions"": null}]",[]
00074.f7cfc6a5142e788004e0cff70e3a36c0,00074__salted__broad__cp200C__fragment.f7cfc6a5142e788004e0cff70e3a36c0,broad,200C,fragment,,1,0,False,"[{""original_token"": ""HOURS"", ""salted_token"": ""H‌O‌U‌R‌S"", ""start"": 24, ""end"": 29, ""salt_mode"": ""fragment"", ""fragment_max_positions"": null}]",[]
00074.f7cfc6a5142e788004e0cff70e3a36c0,00074__salted__broad__cp200D__fragment.f7cfc6a5142e788004e0cff70e3a36c0,broad,200D,fragment,,1,0,False,"[{""original_token"": ""HOURS"", ""salted_token"": ""H‍O‍U‍R‍S"", ""start"": 24, ""end"": 29, ""salt_mode"": ""fragment"", ""fragment_max_positions"": null}]",[]
00074.f7cfc6a5142e788004e0cff70e3a36c0,00074__salted__broad__cp00AD__fragment.f7cfc6a5142e788004e0cff70e3a36c0,broad,00AD,fragment,,1,0,False,"[{""original_token"": ""HOURS"", ""salted_token"": ""H­O­U­R­S"", ""start"": 24, ""end"": 29, ""salt_mode"": ""fragment"", ""fragment_max_positions"": null}]",[]
00078.6944f51ce9c0586d8f9137d2d2207df0,00078__salted__broad__cp200B__fragment.6944f51ce9c0586d8f9137d2d2207df0,broad,200B,fragment,,1,0,False,"[{""original_token"": ""Approved"", ""salted_token"": ""A​p​p​r​o​v​e​d"", ""start"": 11, ""end"": 19, ""salt_mode"": ""fragment"", ""fragment_max_positions"": null}]",[]
00078.6944f51ce9c0586d8f9137d2d2207df0,00078__salted__broad__cp200C__fragment.6944f51ce9c0586d8f9137d2d2207df0,broad,200C,fragment,,1,0,False,"[{""original_token"": ""Approved"", ""salted_token"": ""A‌p‌p‌r‌o‌v‌e‌d"", ""start"": 11, ""end"": 19, ""salt_mode"": ""fragment"", ""fragment_max_positions"": null}]",[]
00078.6944f51ce9c0586d8f9137d2d2207df0,00078__salted__broad__cp200D__fragment.6944f51ce9c0586d8f9137d2d2207df0,broad,200D,fragment,,1,0,False,"[{""original_token"": ""Approved"", ""salted_token"": ""A‍p‍p‍r‍o‍v‍e‍d"", ""start"": 11, ""end"": 19, ""salt_mode"": ""fragment"", ""fragment_max_positions"": null}]",[]
00078.6944f51ce9c0586d8f9137d2d2207df0,00078__salted__broad__cp00AD__fragment.6944f51ce9c0586d8f9137d2d2207df0,broad,00AD,fragment,,1,0,False,"[{""original_token"": ""Approved"", ""salted_token"": ""A­p­p­r­o­v­e­d"", ""start"": 11, ""end"": 19, ""salt_mode"": ""fragment"", ""fragment_max_positions"": null}]",[]
00090.52630c4c07cd069c7bc7658c1a7a7253,00090__salted__broad__cp200B__fragment.52630c4c07cd069c7bc7658c1a7a7253,broad,200B,fragment,,1,3,True,"[{""original_token"": ""cash"", ""salted_token"": ""c​a​s​h"", ""start"": 5, ""end"": 9, ""salt_mode"": ""fragment"", ""fragment_max_positions"": null}]","[{""original_token"": ""annuity"", ""salted_token"": ""a​n​n​u​i​t​y"", ""start"": 28, ""end"": 35, ""salt_mode"": ""fragment"", ""fragment_max_positions"": null}, {""original_token"": ""Earn"", ""salted_token"": ""E​a​r​n"", ""start"": 47, ""end"": 51, ""salt_mode"": ""fragment"", ""fragment_max_positions"": null}, {""original_token"": ""cash"", ""salted_token"": ""c​a​s​h"", ""start"": 61, ""end"": 65, ""salt_mode"": ""fragment"", ""fragment_max_positions"": null}]"
00090.52630c4c07cd069c7bc7658c1a7a7253,00090__salted__broad__cp200C__fragment.52630c4c07cd069c7bc7658c1a7a7253,broad,200C,fragment,,1,3,True,"[{""original_token"": ""cash"", ""salted_token"": ""c‌a‌s‌h"", ""start"": 5, ""end"": 9, ""salt_mode"": ""fragment"", ""fragment_max_positions"": null}]","[{""original_token"": ""annuity"", ""salted_token"": ""a‌n‌n‌u‌i‌t‌y"", ""start"": 28, ""end"": 35, ""salt_mode"": ""fragment"", ""fragment_max_positions"": null}, {""original_token"": ""Earn"", ""salted_token"": ""E‌a‌r‌n"", ""start"": 47, ""end"": 51, ""salt_mode"": ""fragment"", ""fragment_max_positions"": null}, {""original_token"": ""cash"", ""salted_token"": ""c‌a‌s‌h"", ""start"": 61, ""end"": 65, ""salt_mode"": ""fragment"", ""fragment_max_positions"": null}]"
00090.52630c4c07cd069c7bc7658c1a7a7253,00090__salted__broad__cp200D__fragment.52630c4c07cd069c7bc7658c1a7a7253,broad,200D,fragment,,1,3,True,"[{""original_token"": ""cash"", ""salted_token"": ""c‍a‍s‍h"", ""start"": 5, ""end"": 9, ""salt_mode"": ""fragment"", ""fragment_max_positions"": null}]","[{""original_token"": ""annuity"", ""salted_token"": ""a‍n‍n‍u‍i‍t‍y"", ""start"": 28, ""end"": 35, ""salt_mode"": ""fragment"", ""fragment_max_positions"": null}, {""original_token"": ""Earn"", ""salted_token"": ""E‍a‍r‍n"", ""start"": 47, ""end"": 51, ""salt_mode"": ""fragment"", ""fragment_max_positions"": null}, {""original_token"": ""cash"", ""salted_token"": ""c‍a‍s‍h"", ""start"": 61, ""end"": 65, ""salt_mode"": ""fragment"", ""fragment_max_positions"": null}]"
00090.52630c4c07cd069c7bc7658c1a7a7253,00090__salted__broad__cp00AD__fragment.52630c4c07cd069c7bc7658c1a7a7253,broad,00AD,fragment,,1,3,True,"[{""original_token"": ""cash"", ""salted_token"": ""c­a­s­h"", ""start"": 5, ""end"": 9, ""salt_mode"": ""fragment"", ""fragment_max_positions"": null}]","[{""original_token"": ""annuity"", ""salted_token"": ""a­n­n­u­i­t­y"", ""start"": 28, ""end"": 35, ""salt_mode"": ""fragment"", ""fragment_max_positions"": null}, {""original_token"": ""Earn"", ""salted_token"": ""E­a­r­n"", ""start"": 47, ""end"": 51, ""salt_mode"": ""fragment"", ""fragment_max_positions"": null}, {""original_token"": ""cash"", ""salted_token"": ""c­a­s­h"", ""start"": 61, ""end"": 65, ""salt_mode"": ""fragment"", ""fragment_max_positions"": null}]"
00101.5a24bf3ba3962442179b1a0325a1d1cb,00101__salted__broad__cp200B__fragment.5a24bf3ba3962442179b1a0325a1d1cb,broad,200B,fragment,,1,0,False,"[{""original_token"": ""Marketing"", ""salted_token"": ""M​a​r​k​e​t​i​n​g"", ""start"": 10, ""end"": 19, ""salt_mode"": ""fragment"", ""fragment_max_positions"": null}]",[]
00101.5a24bf3ba3962442179b1a0325a1d1cb,00101__salted__broad__cp200C__fragment.5a24bf3ba3962442179b1a0325a1d1cb,broad,200C,fragment,,1,0,False,"[{""original_token"": ""Marketing"", ""salted_token"": ""M‌a‌r‌k‌e‌t‌i‌n‌g"", ""start"": 10, ""end"": 19, ""salt_mode"": ""fragment"", ""fragment_max_positions"": null}]",[]
00101.5a24bf3ba3962442179b1a0325a1d1cb,00101__salted__broad__cp200D__fragment.5a24bf3ba3962442179b1a0325a1d1cb,broad,200D,fragment,,1,0,False,"[{""original_token"": ""Marketing"", ""salted_token"": ""M‍a‍r‍k‍e‍t‍i‍n‍g"", ""start"": 10, ""end"": 19, ""salt_mode"": ""fragment"", ""fragment_max_positions"": null}]",[]
00101.5a24bf3ba3962442179b1a0325a1d1cb,00101__salted__broad__cp00AD__fragment.5a24bf3ba3962442179b1a0325a1d1cb,broad,00AD,fragment,,1,0,False,"[{""original_token"": ""Marketing"", ""salted_token"": ""M­a­r­k­e­t­i­n­g"", ""start"": 10, ""end"": 19, ""salt_mode"": ""fragment"", ""fragment_max_positions"": null}]",[]
00104.67ea4a37ac02d37f4baa7631ba17a824,00104__salted__broad__cp200B__fragment.67ea4a37ac02d37f4baa7631ba17a824,broad,200B,fragment,,1,0,False,"[{""original_token"": ""brand"", ""salted_token"": ""b​r​a​n​d"", ""start"": 2, ""end"": 7, ""salt_mode"": ""fragment"", ""fragment_max_positions"": null}]",[]
00104.67ea4a37ac02d37f4baa7631ba17a824,00104__salted__broad__cp200C__fragment.67ea4a37ac02d37f4baa7631ba17a824,broad,200C,fragment,,1,0,False,"[{""original_token"": ""brand"", ""salted_token"": ""b‌r‌a‌n‌d"", ""start"": 2, ""end"": 7, ""salt_mode"": ""fragment"", ""fragment_max_positions"": null}]",[]
00104.67ea4a37ac02d37f4baa7631ba17a824,00104__salted__broad__cp200D__fragment.67ea4a37ac02d37f4baa7631ba17a824,broad,200D,fragment,,1,0,False,"[{""original_token"": ""brand"", ""salted_token"": ""b‍r‍a‍n‍d"", ""start"": 2, ""end"": 7, ""salt_mode"": ""fragment"", ""fragment_max_positions"": null}]",[]
00104.67ea4a37ac02d37f4baa7631ba17a824,00104__salted__broad__cp00AD__fragment.67ea4a37ac02d37f4baa7631ba17a824,broad,00AD,fragment,,1,0,False,"[{""original_token"": ""brand"", ""salted_token"": ""b­r­a­n­d"", ""start"": 2, ""end"": 7, ""salt_mode"": ""fragment"", ""fragment_max_positions"": null}]",[]
00105.d8f25617befc5289aa4ed9602457050b,00105__salted__broad__cp200B__fragment.d8f25617befc5289aa4ed9602457050b,broad,200B,fragment,,1,0,False,"[{""original_token"": ""Loans"", ""salted_token"": ""L​o​a​n​s"", ""start"": 5, ""end"": 10, ""salt_mode"": ""fragment"", ""fragment_max_positions"": null}]",[]
00105.d8f25617befc5289aa4ed9602457050b,00105__salted__broad__cp200C__fragment.d8f25617befc5289aa4ed9602457050b,broad,200C,fragment,,1,0,False,"[{""original_token"": ""Loans"", ""salted_token"": ""L‌o‌a‌n‌s"", ""start"": 5, ""end"": 10, ""salt_mode"": ""fragment"", ""fragment_max_positions"": null}]",[]
00105.d8f25617befc5289aa4ed9602457050b,00105__salted__broad__cp200D__fragment.d8f25617befc5289aa4ed9602457050b,broad,200D,fragment,,1,0,False,"[{""original_token"": ""Loans"", ""salted_token"": ""L‍o‍a‍n‍s"", ""start"": 5, ""end"": 10, ""salt_mode"": ""fragment"", ""fragment_max_positions"": null}]",[]
00105.d8f25617befc5289aa4ed9602457050b,00105__salted__broad__cp00AD__fragment.d8f25617befc5289aa4ed9602457050b,broad,00AD,fragment,,1,0,False,"[{""original_token"": ""Loans"", ""salted_token"": ""L­o­a­n­s"", ""start"": 5, ""end"": 10, ""salt_mode"": ""fragment"", ""fragment_max_positions"": null}]",[]
00113.0449844c534e41730bb7a0ab513580e9,00113__salted__broad__cp200B__fragment.0449844c534e41730bb7a0ab513580e9,broad,200B,fragment,,1,0,False,"[{""original_token"": ""Viagra"", ""salted_token"": ""V​i​a​g​r​a"", ""start"": 0, ""end"": 6, ""salt_mode"": ""fragment"", ""fragment_max_positions"": null}]",[]
00113.0449844c534e41730bb7a0ab513580e9,00113__salted__broad__cp200C__fragment.0449844c534e41730bb7a0ab513580e9,broad,200C,fragment,,1,0,False,"[{""original_token"": ""Viagra"", ""salted_token"": ""V‌i‌a‌g‌r‌a"", ""start"": 0, ""end"": 6, ""salt_mode"": ""fragment"", ""fragment_max_positions"": null}]",[]
00113.0449844c534e41730bb7a0ab513580e9,00113__salted__broad__cp200D__fragment.0449844c534e41730bb7a0ab513580e9,broad,200D,fragment,,1,0,False,"[{""original_token"": ""Viagra"", ""salted_token"": ""V‍i‍a‍g‍r‍a"", ""start"": 0, ""end"": 6, ""salt_mode"": ""fragment"", ""fragment_max_positions"": null}]",[]
00113.0449844c534e41730bb7a0ab513580e9,00113__salted__broad__cp00AD__fragment.0449844c534e41730bb7a0ab513580e9,broad,00AD,fragment,,1,0,False,"[{""original_token"": ""Viagra"", ""salted_token"": ""V­i­a­g­r­a"", ""start"": 0, ""end"": 6, ""salt_mode"": ""fragment"", ""fragment_max_positions"": null}]",[]
00115.c97af50ef7ccd816f95bbdc6f4d226b2,00115__salted__broad__cp200B__fragment.c97af50ef7ccd816f95bbdc6f4d226b2,broad,200B,fragment,,0,3,True,[],"[{""original_token"": ""fortune"", ""salted_token"": ""f​o​r​t​u​n​e"", ""start"": 35, ""end"": 42, ""salt_mode"": ""fragment"", ""fragment_max_positions"": null}, {""original_token"": ""opportunity"", ""salted_token"": ""o​p​p​o​r​t​u​n​i​t​y"", ""start"": 170, ""end"": 181, ""salt_mode"": ""fragment"", ""fragment_max_positions"": null}, {""original_token"": ""income"", ""salted_token"": ""i​n​c​o​m​e"", ""start"": 203, ""end"": 209, ""salt_mode"": ""fragment"", ""fragment_max_positions"": null}]"
00115.c97af50ef7ccd816f95bbdc6f4d226b2,00115__salted__broad__cp200C__fragment.c97af50ef7ccd816f95bbdc6f4d226b2,broad,200C,fragment,,0,3,True,[],"[{""original_token"": ""fortune"", ""salted_token"": ""f‌o‌r‌t‌u‌n‌e"", ""start"": 35, ""end"": 42, ""salt_mode"": ""fragment"", ""fragment_max_positions"": null}, {""original_token"": ""opportunity"", ""salted_token"": ""o‌p‌p‌o‌r‌t‌u‌n‌i‌t‌y"", ""start"": 170, ""end"": 181, ""salt_mode"": ""fragment"", ""fragment_max_positions"": null}, {""original_token"": ""income"", ""salted_token"": ""i‌n‌c‌o‌m‌e"", ""start"": 203, ""end"": 209, ""salt_mode"": ""fragment"", ""fragment_max_positions"": null}]"
00115.c97af50ef7ccd816f95bbdc6f4d226b2,00115__salted__broad__cp200D__fragment.c97af50ef7ccd816f95bbdc6f4d226b2,broad,200D,fragment,,0,3,True,[],"[{""original_token"": ""fortune"", ""salted_token"": ""f‍o‍r‍t‍u‍n‍e"", ""start"": 35, ""end"": 42, ""salt_mode"": ""fragment"", ""fragment_max_positions"": null}, {""original_token"": ""opportunity"", ""salted_token"": ""o‍p‍p‍o‍r‍t‍u‍n‍i‍t‍y"", ""start"": 170, ""end"": 181, ""salt_mode"": ""fragment"", ""fragment_max_positions"": null}, {""original_token"": ""income"", ""salted_token"": ""i‍n‍c‍o‍m‍e"", ""start"": 203, ""end"": 209, ""salt_mode"": ""fragment"", ""fragment_max_positions"": null}]"
00115.c97af50ef7ccd816f95bbdc6f4d226b2,00115__salted__broad__cp00AD__fragment.c97af50ef7ccd816f95bbdc6f4d226b2,broad,00AD,fragment,,0,3,True,[],"[{""original_token"": ""fortune"", ""salted_token"": ""f­o­r­t­u­n­e"", ""start"": 35, ""end"": 42, ""salt_mode"": ""fragment"", ""fragment_max_positions"": null}, {""original_token"": ""opportunity"", ""salted_token"": ""o­p­p­o­r­t­u­n­i­t­y"", ""start"": 170, ""end"": 181, ""salt_mode"": ""fragment"", ""fragment_max_positions"": null}, {""original_token"": ""income"", ""salted_token"": ""i­n­c­o­m­e"", ""start"": 203, ""end"": 209, ""salt_mode"": ""fragment"", ""fragment_max_positions"": null}]"
00120.58579af867ff9a702cff23e7b8818a59,00120__salted__broad__cp200B__fragment.58579af867ff9a702cff23e7b8818a59,broad,200B,fragment,,0,3,True,[],"[{""original_token"": ""Guaranteed"", ""salted_token"": ""G​u​a​r​a​n​t​e​e​d"", ""start"": 117, ""end"": 127, ""salt_mode"": ""fragment"", ""fragment_max_positions"": null}, {""original_token"": ""lose"", ""salted_token"": ""l​o​s​e"", ""start"": 131, ""end"": 135, ""salt_mode"": ""fragment"", ""fragment_max_positions"": null}, {""original_token"": ""Weight"", ""salted_token"": ""W​e​i​g​h​t"", ""start"": 170, ""end"": 176, ""salt_mode"": ""fragment"", ""fragment_max_positions"": null}]"
00120.58579af867ff9a702cff23e7b8818a59,00120__salted__broad__cp200C__fragment.58579af867ff9a702cff23e7b8818a59,broad,200C,fragment,,0,3,True,[],"[{""original_token"": ""Guaranteed"", ""salted_token"": ""G‌u‌a‌r‌a‌n‌t‌e‌e‌d"", ""start"": 117, ""end"": 127, ""salt_mode"": ""fragment"", ""fragment_max_positions"": null}, {""original_token"": ""lose"", ""salted_token"": ""l‌o‌s‌e"", ""start"": 131, ""end"": 135, ""salt_mode"": ""fragment"", ""fragment_max_positions"": null}, {""original_token"": ""Weight"", ""salted_token"": ""W‌e‌i‌g‌h‌t"", ""start"": 170, ""end"": 176, ""salt_mode"": ""fragment"", ""fragment_max_positions"": null}]"
00120.58579af867ff9a702cff23e7b8818a59,00120__salted__broad__cp200D__fragment.58579af867ff9a702cff23e7b8818a59,broad,200D,fragment,,0,3,True,[],"[{""original_token"": ""Guaranteed"", ""salted_token"": ""G‍u‍a‍r‍a‍n‍t‍e‍e‍d"", ""start"": 117, ""end"": 127, ""salt_mode"": ""fragment"", ""fragment_max_positions"": null}, {""original_token"": ""lose"", ""salted_token"": ""l‍o‍s‍e"", ""start"": 131, ""end"": 135, ""salt_mode"": ""fragment"", ""fragment_max_positions"": null}, {""original_token"": ""Weight"", ""salted_token"": ""W‍e‍i‍g‍h‍t"", ""start"": 170, ""end"": 176, ""salt_mode"": ""fragment"", ""fragment_max_positions"": null}]"
00120.58579af867ff9a702cff23e7b8818a59,00120__salted__broad__cp00AD__fragment.58579af867ff9a702cff23e7b8818a59,broad,00AD,fragment,,0,3,True,[],"[{""original_token"": ""Guaranteed"", ""salted_token"": ""G­u­a­r­a­n­t­e­e­d"", ""start"": 117, ""end"": 127, ""salt_mode"": ""fragment"", ""fragment_max_positions"": null}, {""original_token"": ""lose"", ""salted_token"": ""l­o­s­e"", ""start"": 131, ""end"": 135, ""salt_mode"": ""fragment"", ""fragment_max_positions"": null}, {""original_token"": ""Weight"", ""salted_token"": ""W­e­i­g­h­t"", ""start"": 170, ""end"": 176, ""salt_mode"": ""fragment"", ""fragment_max_positions"": null}]"
00123.a5ee0040ec9a30b3f32f61e547fa5f8f,00123__salted__broad__cp200B__fragment.a5ee0040ec9a30b3f32f61e547fa5f8f,broad,200B,fragment,,1,0,False,"[{""original_token"": ""Incredible"", ""salted_token"": ""I​n​c​r​e​d​i​b​l​e"", ""start"": 0, ""end"": 10, ""salt_mode"": ""fragment"", ""fragment_max_positions"": null}]",[]
00123.a5ee0040ec9a30b3f32f61e547fa5f8f,00123__salted__broad__cp200C__fragment.a5ee0040ec9a30b3f32f61e547fa5f8f,broad,200C,fragment,,1,0,False,"[{""original_token"": ""Incredible"", ""salted_token"": ""I‌n‌c‌r‌e‌d‌i‌b‌l‌e"", ""start"": 0, ""end"": 10, ""salt_mode"": ""fragment"", ""fragment_max_positions"": null}]",[]
00123.a5ee0040ec9a30b3f32f61e547fa5f8f,00123__salted__broad__cp200D__fragment.a5ee0040ec9a30b3f32f61e547fa5f8f,broad,200D,fragment,,1,0,False,"[{""original_token"": ""Incredible"", ""salted_token"": ""I‍n‍c‍r‍e‍d‍i‍b‍l‍e"", ""start"": 0, ""end"": 10, ""salt_mode"": ""fragment"", ""fragment_max_positions"": null}]",[]
00123.a5ee0040ec9a30b3f32f61e547fa5f8f,00123__salted__broad__cp00AD__fragment.a5ee0040ec9a30b3f32f61e547fa5f8f,broad,00AD,fragment,,1,0,False,"[{""original_token"": ""Incredible"", ""salted_token"": ""I­n­c­r­e­d­i­b­l­e"", ""start"": 0, ""end"": 10, ""salt_mode"": ""fragment"", ""fragment_max_positions"": null}]",[]
00127.3500d109361b544b0937523adb763588,00127__salted__broad__cp200B__fragment.3500d109361b544b0937523adb763588,broad,200B,fragment,,0,3,True,[],"[{""original_token"": ""Guaranteed"", ""salted_token"": ""G​u​a​r​a​n​t​e​e​d"", ""start"": 35, ""end"": 45, ""salt_mode"": ""fragment"", ""fragment_max_positions"": null}, {""original_token"": ""herbal"", ""salted_token"": ""h​e​r​b​a​l"", ""start"": 124, ""end"": 130, ""salt_mode"": ""fragment"", ""fragment_max_positions"": null}, {""original_token"": ""Proven"", ""salted_token"": ""P​r​o​v​e​n"", ""start"": 145, ""end"": 151, ""salt_mode"": ""fragment"", ""fragment_max_positions"": null}]"
00127.3500d109361b544b0937523adb763588,00127__salted__broad__cp200C__fragment.3500d109361b544b0937523adb763588,broad,200C,fragment,,0,3,True,[],"[{""original_token"": ""Guaranteed"", ""salted_token"": ""G‌u‌a‌r‌a‌n‌t‌e‌e‌d"", ""start"": 35, ""end"": 45, ""salt_mode"": ""fragment"", ""fragment_max_positions"": null}, {""original_token"": ""herbal"", ""salted_token"": ""h‌e‌r‌b‌a‌l"", ""start"": 124, ""end"": 130, ""salt_mode"": ""fragment"", ""fragment_max_positions"": null}, {""original_token"": ""Proven"", ""salted_token"": ""P‌r‌o‌v‌e‌n"", ""start"": 145, ""end"": 151, ""salt_mode"": ""fragment"", ""fragment_max_positions"": null}]"
00127.3500d109361b544b0937523adb763588,00127__salted__broad__cp200D__fragment.3500d109361b544b0937523adb763588,broad,200D,fragment,,0,3,True,[],"[{""original_token"": ""Guaranteed"", ""salted_token"": ""G‍u‍a‍r‍a‍n‍t‍e‍e‍d"", ""start"": 35, ""end"": 45, ""salt_mode"": ""fragment"", ""fragment_max_positions"": null}, {""original_token"": ""herbal"", ""salted_token"": ""h‍e‍r‍b‍a‍l"", ""start"": 124, ""end"": 130, ""salt_mode"": ""fragment"", ""fragment_max_positions"": null}, {""original_token"": ""Proven"", ""salted_token"": ""P‍r‍o‍v‍e‍n"", ""start"": 145, ""end"": 151, ""salt_mode"": ""fragment"", ""fragment_max_positions"": null}]"
00127.3500d109361b544b0937523adb763588,00127__salted__broad__cp00AD__fragment.3500d109361b544b0937523adb763588,broad,00AD,fragment,,0,3,True,[],"[{""original_token"": ""Guaranteed"", ""salted_token"": ""G­u­a­r­a­n­t­e­e­d"", ""start"": 35, ""end"": 45, ""salt_mode"": ""fragment"", ""fragment_max_positions"": null}, {""original_token"": ""herbal"", ""salted_token"": ""h­e­r­b­a­l"", ""start"": 124, ""end"": 130, ""salt_mode"": ""fragment"", ""fragment_max_positions"": null}, {""original_token"": ""Proven"", ""salted_token"": ""P­r­o­v­e­n"", ""start"": 145, ""end"": 151, ""salt_mode"": ""fragment"", ""fragment_max_positions"": null}]"
00128.721b6b20d5834d490662e2ae8c5c0684,00128__salted__broad__cp200B__fragment.721b6b20d5834d490662e2ae8c5c0684,broad,200B,fragment,,1,3,True,"[{""original_token"": ""CAREER"", ""salted_token"": ""C​A​R​E​E​R"", ""start"": 0, ""end"": 6, ""salt_mode"": ""fragment"", ""fragment_max_positions"": null}]","[{""original_token"": ""fortune"", ""salted_token"": ""f​o​r​t​u​n​e"", ""start"": 35, ""end"": 42, ""salt_mode"": ""fragment"", ""fragment_max_positions"": null}, {""original_token"": ""opportunity"", ""salted_token"": ""o​p​p​o​r​t​u​n​i​t​y"", ""start"": 170, ""end"": 181, ""salt_mode"": ""fragment"", ""fragment_max_positions"": null}, {""original_token"": ""income"", ""salted_token"": ""i​n​c​o​m​e"", ""start"": 203, ""end"": 209, ""salt_mode"": ""fragment"", ""fragment_max_positions"": null}]"
00128.721b6b20d5834d490662e2ae8c5c0684,00128__salted__broad__cp200C__fragment.721b6b20d5834d490662e2ae8c5c0684,broad,200C,fragment,,1,3,True,"[{""original_token"": ""CAREER"", ""salted_token"": ""C‌A‌R‌E‌E‌R"", ""start"": 0, ""end"": 6, ""salt_mode"": ""fragment"", ""fragment_max_positions"": null}]","[{""original_token"": ""fortune"", ""salted_token"": ""f‌o‌r‌t‌u‌n‌e"", ""start"": 35, ""end"": 42, ""salt_mode"": ""fragment"", ""fragment_max_positions"": null}, {""original_token"": ""opportunity"", ""salted_token"": ""o‌p‌p‌o‌r‌t‌u‌n‌i‌t‌y"", ""start"": 170, ""end"": 181, ""salt_mode"": ""fragment"", ""fragment_max_positions"": null}, {""original_token"": ""income"", ""salted_token"": ""i‌n‌c‌o‌m‌e"", ""start"": 203, ""end"": 209, ""salt_mode"": ""fragment"", ""fragment_max_positions"": null}]"
00128.721b6b20d5834d490662e2ae8c5c0684,00128__salted__broad__cp200D__fragment.721b6b20d5834d490662e2ae8c5c0684,broad,200D,fragment,,1,3,True,"[{""original_token"": ""CAREER"", ""salted_token"": ""C‍A‍R‍E‍E‍R"", ""start"": 0, ""end"": 6, ""salt_mode"": ""fragment"", ""fragment_max_positions"": null}]","[{""original_token"": ""fortune"", ""salted_token"": ""f‍o‍r‍t‍u‍n‍e"", ""start"": 35, ""end"": 42, ""salt_mode"": ""fragment"", ""fragment_max_positions"": null}, {""original_token"": ""opportunity"", ""salted_token"": ""o‍p‍p‍o‍r‍t‍u‍n‍i‍t‍y"", ""start"": 170, ""end"": 181, ""salt_mode"": ""fragment"", ""fragment_max_positions"": null}, {""original_token"": ""income"", ""salted_token"": ""i‍n‍c‍o‍m‍e"", ""start"": 203, ""end"": 209, ""salt_mode"": ""fragment"", ""fragment_max_positions"": null}]"
00128.721b6b20d5834d490662e2ae8c5c0684,00128__salted__broad__cp00AD__fragment.721b6b20d5834d490662e2ae8c5c0684,broad,00AD,fragment,,1,3,True,"[{""original_token"": ""CAREER"", ""salted_token"": ""C­A­R­E­E­R"", ""start"": 0, ""end"": 6, ""salt_mode"": ""fragment"", ""fragment_max_positions"": null}]","[{""original_token"": ""fortune"", ""salted_token"": ""f­o­r­t­u­n­e"", ""start"": 35, ""end"": 42, ""salt_mode"": ""fragment"", ""fragment_max_positions"": null}, {""original_token"": ""opportunity"", ""salted_token"": ""o­p­p­o­r­t­u­n­i­t­y"", ""start"": 170, ""end"": 181, ""salt_mode"": ""fragment"", ""fragment_max_positions"": null}, {""original_token"": ""income"", ""salted_token"": ""i­n­c­o­m­e"", ""start"": 203, ""end"": 209, ""salt_mode"": ""fragment"", ""fragment_max_positions"": null}]"
00130.1ad579dc65cd646549fe87f565bdec5c,00130__salted__broad__cp200B__fragment.1ad579dc65cd646549fe87f565bdec5c,broad,200B,fragment,,1,0,False,"[{""original_token"": ""CREDIT"", ""salted_token"": ""C​R​E​D​I​T"", ""start"": 5, ""end"": 11, ""salt_mode"": ""fragment"", ""fragment_max_positions"": null}]",[]
00130.1ad579dc65cd646549fe87f565bdec5c,00130__salted__broad__cp200C__fragment.1ad579dc65cd646549fe87f565bdec5c,broad,200C,fragment,,1,0,False,"[{""original_token"": ""CREDIT"", ""salted_token"": ""C‌R‌E‌D‌I‌T"", ""start"": 5, ""end"": 11, ""salt_mode"": ""fragment"", ""fragment_max_positions"": null}]",[]
00130.1ad579dc65cd646549fe87f565bdec5c,00130__salted__broad__cp200D__fragment.1ad579dc65cd646549fe87f565bdec5c,broad,200D,fragment,,1,0,False,"[{""original_token"": ""CREDIT"", ""salted_token"": ""C‍R‍E‍D‍I‍T"", ""start"": 5, ""end"": 11, ""salt_mode"": ""fragment"", ""fragment_max_positions"": null}]",[]
00130.1ad579dc65cd646549fe87f565bdec5c,00130__salted__broad__cp00AD__fragment.1ad579dc65cd646549fe87f565bdec5c,broad,00AD,fragment,,1,0,False,"[{""original_token"": ""CREDIT"", ""salted_token"": ""C­R­E­D­I­T"", ""start"": 5, ""end"": 11, ""salt_mode"": ""fragment"", ""fragment_max_positions"": null}]",[]
00144.a439c28b51d6b53f4fbf3bf427b55ed2,00144__salted__broad__cp200B__fragment.a439c28b51d6b53f4fbf3bf427b55ed2,broad,200B,fragment,,1,0,False,"[{""original_token"": ""Debt"", ""salted_token"": ""D​e​b​t"", ""start"": 10, ""end"": 14, ""salt_mode"": ""fragment"", ""fragment_max_positions"": null}]",[]
00144.a439c28b51d6b53f4fbf3bf427b55ed2,00144__salted__broad__cp200C__fragment.a439c28b51d6b53f4fbf3bf427b55ed2,broad,200C,fragment,,1,0,False,"[{""original_token"": ""Debt"", ""salted_token"": ""D‌e‌b‌t"", ""start"": 10, ""end"": 14, ""salt_mode"": ""fragment"", ""fragment_max_positions"": null}]",[]
00144.a439c28b51d6b53f4fbf3bf427b55ed2,00144__salted__broad__cp200D__fragment.a439c28b51d6b53f4fbf3bf427b55ed2,broad,200D,fragment,,1,0,False,"[{""original_token"": ""Debt"", ""salted_token"": ""D‍e‍b‍t"", ""start"": 10, ""end"": 14, ""salt_mode"": ""fragment"", ""fragment_max_positions"": null}]",[]
00144.a439c28b51d6b53f4fbf3bf427b55ed2,00144__salted__broad__cp00AD__fragment.a439c28b51d6b53f4fbf3bf427b55ed2,broad,00AD,fragment,,1,0,False,"[{""original_token"": ""Debt"", ""salted_token"": ""D­e­b­t"", ""start"": 10, ""end"": 14, ""salt_mode"": ""fragment"", ""fragment_max_positions"": null}]",[]
00153.6a5ffe584834ea334041ab958cadcadb,00153__salted__broad__cp200B__fragment.6a5ffe584834ea334041ab958cadcadb,broad,200B,fragment,,1,3,True,"[{""original_token"": ""Recruiting"", ""salted_token"": ""R​e​c​r​u​i​t​i​n​g"", ""start"": 39, ""end"": 49, ""salt_mode"": ""fragment"", ""fragment_max_positions"": null}]","[{""original_token"": ""recruiting"", ""salted_token"": ""r​e​c​r​u​i​t​i​n​g"", ""start"": 25, ""end"": 35, ""salt_mode"": ""fragment"", ""fragment_max_positions"": null}, {""original_token"": ""Click"", ""salted_token"": ""C​l​i​c​k"", ""start"": 385, ""end"": 390, ""salt_mode"": ""fragment"", ""fragment_max_positions"": null}, {""original_token"": ""REMOVE"", ""salted_token"": ""R​E​M​O​V​E"", ""start"": 546, ""end"": 552, ""salt_mode"": ""fragment"", ""fragment_max_positions"": null}]"
00153.6a5ffe584834ea334041ab958cadcadb,00153__salted__broad__cp200C__fragment.6a5ffe584834ea334041ab958cadcadb,broad,200C,fragment,,1,3,True,"[{""original_token"": ""Recruiting"", ""salted_token"": ""R‌e‌c‌r‌u‌i‌t‌i‌n‌g"", ""start"": 39, ""end"": 49, ""salt_mode"": ""fragment"", ""fragment_max_positions"": null}]","[{""original_token"": ""recruiting"", ""salted_token"": ""r‌e‌c‌r‌u‌i‌t‌i‌n‌g"", ""start"": 25, ""end"": 35, ""salt_mode"": ""fragment"", ""fragment_max_positions"": null}, {""original_token"": ""Click"", ""salted_token"": ""C‌l‌i‌c‌k"", ""start"": 385, ""end"": 390, ""salt_mode"": ""fragment"", ""fragment_max_positions"": null}, {""original_token"": ""REMOVE"", ""salted_token"": ""R‌E‌M‌O‌V‌E"", ""start"": 546, ""end"": 552, ""salt_mode"": ""fragment"", ""fragment_max_positions"": null}]"
00153.6a5ffe584834ea334041ab958cadcadb,00153__salted__broad__cp200D__fragment.6a5ffe584834ea334041ab958cadcadb,broad,200D,fragment,,1,3,True,"[{""original_token"": ""Recruiting"", ""salted_token"": ""R‍e‍c‍r‍u‍i‍t‍i‍n‍g"", ""start"": 39, ""end"": 49, ""salt_mode"": ""fragment"", ""fragment_max_positions"": null}]","[{""original_token"": ""recruiting"", ""salted_token"": ""r‍e‍c‍r‍u‍i‍t‍i‍n‍g"", ""start"": 25, ""end"": 35, ""salt_mode"": ""fragment"", ""fragment_max_positions"": null}, {""original_token"": ""Click"", ""salted_token"": ""C‍l‍i‍c‍k"", ""start"": 385, ""end"": 390, ""salt_mode"": ""fragment"", ""fragment_max_positions"": null}, {""original_token"": ""REMOVE"", ""salted_token"": ""R‍E‍M‍O‍V‍E"", ""start"": 546, ""end"": 552, ""salt_mode"": ""fragment"", ""fragment_max_positions"": null}]"
00153.6a5ffe584834ea334041ab958cadcadb,00153__salted__broad__cp00AD__fragment.6a5ffe584834ea334041ab958cadcadb,broad,00AD,fragment,,1,3,True,"[{""original_token"": ""Recruiting"", ""salted_token"": ""R­e­c­r­u­i­t­i­n­g"", ""start"": 39, ""end"": 49, ""salt_mode"": ""fragment"", ""fragment_max_positions"": null}]","[{""original_token"": ""recruiting"", ""salted_token"": ""r­e­c­r­u­i­t­i­n­g"", ""start"": 25, ""end"": 35, ""salt_mode"": ""fragment"", ""fragment_max_positions"": null}, {""original_token"": ""Click"", ""salted_token"": ""C­l­i­c­k"", ""start"": 385, ""end"": 390, ""salt_mode"": ""fragment"", ""fragment_max_positions"": null}, {""original_token"": ""REMOVE"", ""salted_token"": ""R­E­M­O­V­E"", ""start"": 546, ""end"": 552, ""salt_mode"": ""fragment"", ""fragment_max_positions"": null}]"
00154.b6c448ccff434e2dbe2c7c200a36aa31,00154__salted__broad__cp200B__fragment.b6c448ccff434e2dbe2c7c200a36aa31,broad,200B,fragment,,0,3,True,[],"[{""original_token"": ""currency"", ""salted_token"": ""c​u​r​r​e​n​c​y"", ""start"": 159, ""end"": 167, ""salt_mode"": ""fragment"", ""fragment_max_positions"": null}, {""original_token"": ""currency"", ""salted_token"": ""c​u​r​r​e​n​c​y"", ""start"": 267, ""end"": 275, ""salt_mode"": ""fragment"", ""fragment_max_positions"": null}, {""original_token"": ""visit"", ""salted_token"": ""v​i​s​i​t"", ""start"": 283, ""end"": 288, ""salt_mode"": ""fragment"", ""fragment_max_positions"": null}]"
00154.b6c448ccff434e2dbe2c7c200a36aa31,00154__salted__broad__cp200C__fragment.b6c448ccff434e2dbe2c7c200a36aa31,broad,200C,fragment,,0,3,True,[],"[{""original_token"": ""currency"", ""salted_token"": ""c‌u‌r‌r‌e‌n‌c‌y"", ""start"": 159, ""end"": 167, ""salt_mode"": ""fragment"", ""fragment_max_positions"": null}, {""original_token"": ""currency"", ""salted_token"": ""c‌u‌r‌r‌e‌n‌c‌y"", ""start"": 267, ""end"": 275, ""salt_mode"": ""fragment"", ""fragment_max_positions"": null}, {""original_token"": ""visit"", ""salted_token"": ""v‌i‌s‌i‌t"", ""start"": 283, ""end"": 288, ""salt_mode"": ""fragment"", ""fragment_max_positions"": null}]"
00154.b6c448ccff434e2dbe2c7c200a36aa31,00154__salted__broad__cp200D__fragment.b6c448ccff434e2dbe2c7c200a36aa31,broad,200D,fragment,,0,3,True,[],"[{""original_token"": ""currency"", ""salted_token"": ""c‍u‍r‍r‍e‍n‍c‍y"", ""start"": 159, ""end"": 167, ""salt_mode"": ""fragment"", ""fragment_max_positions"": null}, {""original_token"": ""currency"", ""salted_token"": ""c‍u‍r‍r‍e‍n‍c‍y"", ""start"": 267, ""end"": 275, ""salt_mode"": ""fragment"", ""fragment_max_positions"": null}, {""original_token"": ""visit"", ""salted_token"": ""v‍i‍s‍i‍t"", ""start"": 283, ""end"": 288, ""salt_mode"": ""fragment"", ""fragment_max_positions"": null}]"
00154.b6c448ccff434e2dbe2c7c200a36aa31,00154__salted__broad__cp00AD__fragment.b6c448ccff434e2dbe2c7c200a36aa31,broad,00AD,fragment,,0,3,True,[],"[{""original_token"": ""currency"", ""salted_token"": ""c­u­r­r­e­n­c­y"", ""start"": 159, ""end"": 167, ""salt_mode"": ""fragment"", ""fragment_max_positions"": null}, {""original_token"": ""currency"", ""salted_token"": ""c­u­r­r­e­n­c­y"", ""start"": 267, ""end"": 275, ""salt_mode"": ""fragment"", ""fragment_max_positions"": null}, {""original_token"": ""visit"", ""salted_token"": ""v­i­s­i­t"", ""start"": 283, ""end"": 288, ""salt_mode"": ""fragment"", ""fragment_max_positions"": null}]"
00155.b043f6801a72ada945205709c44c8ac4,00155__salted__broad__cp200B__fragment.b043f6801a72ada945205709c44c8ac4,broad,200B,fragment,,1,0,False,"[{""original_token"": ""prices"", ""salted_token"": ""p​r​i​c​e​s"", ""start"": 37, ""end"": 43, ""salt_mode"": ""fragment"", ""fragment_max_positions"": null}]",[]
00155.b043f6801a72ada945205709c44c8ac4,00155__salted__broad__cp200C__fragment.b043f6801a72ada945205709c44c8ac4,broad,200C,fragment,,1,0,False,"[{""original_token"": ""prices"", ""salted_token"": ""p‌r‌i‌c‌e‌s"", ""start"": 37, ""end"": 43, ""salt_mode"": ""fragment"", ""fragment_max_positions"": null}]",[]
00155.b043f6801a72ada945205709c44c8ac4,00155__salted__broad__cp200D__fragment.b043f6801a72ada945205709c44c8ac4,broad,200D,fragment,,1,0,False,"[{""original_token"": ""prices"", ""salted_token"": ""p‍r‍i‍c‍e‍s"", ""start"": 37, ""end"": 43, ""salt_mode"": ""fragment"", ""fragment_max_positions"": null}]",[]
00155.b043f6801a72ada945205709c44c8ac4,00155__salted__broad__cp00AD__fragment.b043f6801a72ada945205709c44c8ac4,broad,00AD,fragment,,1,0,False,"[{""original_token"": ""prices"", ""salted_token"": ""p­r­i­c­e­s"", ""start"": 37, ""end"": 43, ""salt_mode"": ""fragment"", ""fragment_max_positions"": null}]",[]
00159.6b641c70d79fd5a69b84a94b4e88150a,00159__salted__broad__cp200B__fragment.6b641c70d79fd5a69b84a94b4e88150a,broad,200B,fragment,,0,3,True,[],"[{""original_token"": ""Guarantee"", ""salted_token"": ""G​u​a​r​a​n​t​e​e"", ""start"": 399, ""end"": 408, ""salt_mode"": ""fragment"", ""fragment_max_positions"": null}, {""original_token"": ""Warranty"", ""salted_token"": ""W​a​r​r​a​n​t​y"", ""start"": 417, ""end"": 425, ""salt_mode"": ""fragment"", ""fragment_max_positions"": null}, {""original_token"": ""receive"", ""salted_token"": ""r​e​c​e​i​v​e"", ""start"": 527, ""end"": 534, ""salt_mode"": ""fragment"", ""fragment_max_positions"": null}]"
00159.6b641c70d79fd5a69b84a94b4e88150a,00159__salted__broad__cp200C__fragment.6b641c70d79fd5a69b84a94b4e88150a,broad,200C,fragment,,0,3,True,[],"[{""original_token"": ""Guarantee"", ""salted_token"": ""G‌u‌a‌r‌a‌n‌t‌e‌e"", ""start"": 399, ""end"": 408, ""salt_mode"": ""fragment"", ""fragment_max_positions"": null}, {""original_token"": ""Warranty"", ""salted_token"": ""W‌a‌r‌r‌a‌n‌t‌y"", ""start"": 417, ""end"": 425, ""salt_mode"": ""fragment"", ""fragment_max_positions"": null}, {""original_token"": ""receive"", ""salted_token"": ""r‌e‌c‌e‌i‌v‌e"", ""start"": 527, ""end"": 534, ""salt_mode"": ""fragment"", ""fragment_max_positions"": null}]"
00159.6b641c70d79fd5a69b84a94b4e88150a,00159__salted__broad__cp200D__fragment.6b641c70d79fd5a69b84a94b4e88150a,broad,200D,fragment,,0,3,True,[],"[{""original_token"": ""Guarantee"", ""salted_token"": ""G‍u‍a‍r‍a‍n‍t‍e‍e"", ""start"": 399, ""end"": 408, ""salt_mode"": ""fragment"", ""fragment_max_positions"": null}, {""original_token"": ""Warranty"", ""salted_token"": ""W‍a‍r‍r‍a‍n‍t‍y"", ""start"": 417, ""end"": 425, ""salt_mode"": ""fragment"", ""fragment_max_positions"": null}, {""original_token"": ""receive"", ""salted_token"": ""r‍e‍c‍e‍i‍v‍e"", ""start"": 527, ""end"": 534, ""salt_mode"": ""fragment"", ""fragment_max_positions"": null}]"
00159.6b641c70d79fd5a69b84a94b4e88150a,00159__salted__broad__cp00AD__fragment.6b641c70d79fd5a69b84a94b4e88150a,broad,00AD,fragment,,0,3,True,[],"[{""original_token"": ""Guarantee"", ""salted_token"": ""G­u­a­r­a­n­t­e­e"", ""start"": 399, ""end"": 408, ""salt_mode"": ""fragment"", ""fragment_max_positions"": null}, {""original_token"": ""Warranty"", ""salted_token"": ""W­a­r­r­a­n­t­y"", ""start"": 417, ""end"": 425, ""salt_mode"": ""fragment"", ""fragment_max_positions"": null}, {""original_token"": ""receive"", ""salted_token"": ""r­e­c­e­i­v­e"", ""start"": 527, ""end"": 534, ""salt_mode"": ""fragment"", ""fragment_max_positions"": null}]"
00160.cec5f611ae665ff0add6c4928d47f2be,00160__salted__broad__cp200B__fragment.cec5f611ae665ff0add6c4928d47f2be,broad,200B,fragment,,1,3,True,"[{""original_token"": ""HGH"", ""salted_token"": ""H​G​H"", ""start"": 5, ""end"": 8, ""salt_mode"": ""fragment"", ""fragment_max_positions"": null}]","[{""original_token"": ""HGH"", ""salted_token"": ""H​G​H"", ""start"": 22, ""end"": 25, ""salt_mode"": ""fragment"", ""fragment_max_positions"": null}, {""original_token"": ""Younger"", ""salted_token"": ""Y​o​u​n​g​e​r"", ""start"": 37, ""end"": 44, ""salt_mode"": ""fragment"", ""fragment_max_positions"": null}, {""original_token"": ""Lose"", ""salted_token"": ""L​o​s​e"", ""start"": 49, ""end"": 53, ""salt_mode"": ""fragment"", ""fragment_max_positions"": null}]"
00160.cec5f611ae665ff0add6c4928d47f2be,00160__salted__broad__cp200C__fragment.cec5f611ae665ff0add6c4928d47f2be,broad,200C,fragment,,1,3,True,"[{""original_token"": ""HGH"", ""salted_token"": ""H‌G‌H"", ""start"": 5, ""end"": 8, ""salt_mode"": ""fragment"", ""fragment_max_positions"": null}]","[{""original_token"": ""HGH"", ""salted_token"": ""H‌G‌H"", ""start"": 22, ""end"": 25, ""salt_mode"": ""fragment"", ""fragment_max_positions"": null}, {""original_token"": ""Younger"", ""salted_token"": ""Y‌o‌u‌n‌g‌e‌r"", ""start"": 37, ""end"": 44, ""salt_mode"": ""fragment"", ""fragment_max_positions"": null}, {""original_token"": ""Lose"", ""salted_token"": ""L‌o‌s‌e"", ""start"": 49, ""end"": 53, ""salt_mode"": ""fragment"", ""fragment_max_positions"": null}]"
00160.cec5f611ae665ff0add6c4928d47f2be,00160__salted__broad__cp200D__fragment.cec5f611ae665ff0add6c4928d47f2be,broad,200D,fragment,,1,3,True,"[{""original_token"": ""HGH"", ""salted_token"": ""H‍G‍H"", ""start"": 5, ""end"": 8, ""salt_mode"": ""fragment"", ""fragment_max_positions"": null}]","[{""original_token"": ""HGH"", ""salted_token"": ""H‍G‍H"", ""start"": 22, ""end"": 25, ""salt_mode"": ""fragment"", ""fragment_max_positions"": null}, {""original_token"": ""Younger"", ""salted_token"": ""Y‍o‍u‍n‍g‍e‍r"", ""start"": 37, ""end"": 44, ""salt_mode"": ""fragment"", ""fragment_max_positions"": null}, {""original_token"": ""Lose"", ""salted_token"": ""L‍o‍s‍e"", ""start"": 49, ""end"": 53, ""salt_mode"": ""fragment"", ""fragment_max_positions"": null}]"
00160.cec5f611ae665ff0add6c4928d47f2be,00160__salted__broad__cp00AD__fragment.cec5f611ae665ff0add6c4928d47f2be,broad,00AD,fragment,,1,3,True,"[{""original_token"": ""HGH"", ""salted_token"": ""H­G­H"", ""start"": 5, ""end"": 8, ""salt_mode"": ""fragment"", ""fragment_max_positions"": null}]","[{""original_token"": ""HGH"", ""salted_token"": ""H­G­H"", ""start"": 22, ""end"": 25, ""salt_mode"": ""fragment"", ""fragment_max_positions"": null}, {""original_token"": ""Younger"", ""salted_token"": ""Y­o­u­n­g­e­r"", ""start"": 37, ""end"": 44, ""salt_mode"": ""fragment"", ""fragment_max_positions"": null}, {""original_token"": ""Lose"", ""salted_token"": ""L­o­s­e"", ""start"": 49, ""end"": 53, ""salt_mode"": ""fragment"", ""fragment_max_positions"": null}]"
00161.37836bbc77bdab253f914d7a5233badb,00161__salted__broad__cp200B__fragment.37836bbc77bdab253f914d7a5233badb,broad,200B,fragment,,1,0,False,"[{""original_token"": ""rates"", ""salted_token"": ""r​a​t​e​s"", ""start"": 6, ""end"": 11, ""salt_mode"": ""fragment"", ""fragment_max_positions"": null}]",[]
00161.37836bbc77bdab253f914d7a5233badb,00161__salted__broad__cp200C__fragment.37836bbc77bdab253f914d7a5233badb,broad,200C,fragment,,1,0,False,"[{""original_token"": ""rates"", ""salted_token"": ""r‌a‌t‌e‌s"", ""start"": 6, ""end"": 11, ""salt_mode"": ""fragment"", ""fragment_max_positions"": null}]",[]
00161.37836bbc77bdab253f914d7a5233badb,00161__salted__broad__cp200D__fragment.37836bbc77bdab253f914d7a5233badb,broad,200D,fragment,,1,0,False,"[{""original_token"": ""rates"", ""salted_token"": ""r‍a‍t‍e‍s"", ""start"": 6, ""end"": 11, ""salt_mode"": ""fragment"", ""fragment_max_positions"": null}]",[]
00161.37836bbc77bdab253f914d7a5233badb,00161__salted__broad__cp00AD__fragment.37836bbc77bdab253f914d7a5233badb,broad,00AD,fragment,,1,0,False,"[{""original_token"": ""rates"", ""salted_token"": ""r­a­t­e­s"", ""start"": 6, ""end"": 11, ""salt_mode"": ""fragment"", ""fragment_max_positions"": null}]",[]
00163.2ceade6f8b0c1c342f5f95d57ac551f5,00163__salted__broad__cp200B__fragment.2ceade6f8b0c1c342f5f95d57ac551f5,broad,200B,fragment,,0,3,True,[],"[{""original_token"": ""Guarantee"", ""salted_token"": ""G​u​a​r​a​n​t​e​e"", ""start"": 399, ""end"": 408, ""salt_mode"": ""fragment"", ""fragment_max_positions"": null}, {""original_token"": ""Warranty"", ""salted_token"": ""W​a​r​r​a​n​t​y"", ""start"": 417, ""end"": 425, ""salt_mode"": ""fragment"", ""fragment_max_positions"": null}, {""original_token"": ""receive"", ""salted_token"": ""r​e​c​e​i​v​e"", ""start"": 527, ""end"": 534, ""salt_mode"": ""fragment"", ""fragment_max_positions"": null}]"
00163.2ceade6f8b0c1c342f5f95d57ac551f5,00163__salted__broad__cp200C__fragment.2ceade6f8b0c1c342f5f95d57ac551f5,broad,200C,fragment,,0,3,True,[],"[{""original_token"": ""Guarantee"", ""salted_token"": ""G‌u‌a‌r‌a‌n‌t‌e‌e"", ""start"": 399, ""end"": 408, ""salt_mode"": ""fragment"", ""fragment_max_positions"": null}, {""original_token"": ""Warranty"", ""salted_token"": ""W‌a‌r‌r‌a‌n‌t‌y"", ""start"": 417, ""end"": 425, ""salt_mode"": ""fragment"", ""fragment_max_positions"": null}, {""original_token"": ""receive"", ""salted_token"": ""r‌e‌c‌e‌i‌v‌e"", ""start"": 527, ""end"": 534, ""salt_mode"": ""fragment"", ""fragment_max_positions"": null}]"
00163.2ceade6f8b0c1c342f5f95d57ac551f5,00163__salted__broad__cp200D__fragment.2ceade6f8b0c1c342f5f95d57ac551f5,broad,200D,fragment,,0,3,True,[],"[{""original_token"": ""Guarantee"", ""salted_token"": ""G‍u‍a‍r‍a‍n‍t‍e‍e"", ""start"": 399, ""end"": 408, ""salt_mode"": ""fragment"", ""fragment_max_positions"": null}, {""original_token"": ""Warranty"", ""salted_token"": ""W‍a‍r‍r‍a‍n‍t‍y"", ""start"": 417, ""end"": 425, ""salt_mode"": ""fragment"", ""fragment_max_positions"": null}, {""original_token"": ""receive"", ""salted_token"": ""r‍e‍c‍e‍i‍v‍e"", ""start"": 527, ""end"": 534, ""salt_mode"": ""fragment"", ""fragment_max_positions"": null}]"
00163.2ceade6f8b0c1c342f5f95d57ac551f5,00163__salted__broad__cp00AD__fragment.2ceade6f8b0c1c342f5f95d57ac551f5,broad,00AD,fragment,,0,3,True,[],"[{""original_token"": ""Guarantee"", ""salted_token"": ""G­u­a­r­a­n­t­e­e"", ""start"": 399, ""end"": 408, ""salt_mode"": ""fragment"", ""fragment_max_positions"": null}, {""original_token"": ""Warranty"", ""salted_token"": ""W­a­r­r­a­n­t­y"", ""start"": 417, ""end"": 425, ""salt_mode"": ""fragment"", ""fragment_max_positions"": null}, {""original_token"": ""receive"", ""salted_token"": ""r­e­c­e­i­v­e"", ""start"": 527, ""end"": 534, ""salt_mode"": ""fragment"", ""fragment_max_positions"": null}]"
00169.86268e75abd1bd4bda4d6c129681df34,00169__salted__broad__cp200B__fragment.86268e75abd1bd4bda4d6c129681df34,broad,200B,fragment,,0,3,True,[],"[{""original_token"": ""MILLIONAIRE"", ""salted_token"": ""M​I​L​L​I​O​N​A​I​R​E"", ""start"": 123, ""end"": 134, ""salt_mode"": ""fragment"", ""fragment_max_positions"": null}, {""original_token"": ""earn"", ""salted_token"": ""e​a​r​n"", ""start"": 465, ""end"": 469, ""salt_mode"": ""fragment"", ""fragment_max_positions"": null}, {""original_token"": ""financial"", ""salted_token"": ""f​i​n​a​n​c​i​a​l"", ""start"": 628, ""end"": 637, ""salt_mode"": ""fragment"", ""fragment_max_positions"": null}]"
00169.86268e75abd1bd4bda4d6c129681df34,00169__salted__broad__cp200C__fragment.86268e75abd1bd4bda4d6c129681df34,broad,200C,fragment,,0,3,True,[],"[{""original_token"": ""MILLIONAIRE"", ""salted_token"": ""M‌I‌L‌L‌I‌O‌N‌A‌I‌R‌E"", ""start"": 123, ""end"": 134, ""salt_mode"": ""fragment"", ""fragment_max_positions"": null}, {""original_token"": ""earn"", ""salted_token"": ""e‌a‌r‌n"", ""start"": 465, ""end"": 469, ""salt_mode"": ""fragment"", ""fragment_max_positions"": null}, {""original_token"": ""financial"", ""salted_token"": ""f‌i‌n‌a‌n‌c‌i‌a‌l"", ""start"": 628, ""end"": 637, ""salt_mode"": ""fragment"", ""fragment_max_positions"": null}]"
00169.86268e75abd1bd4bda4d6c129681df34,00169__salted__broad__cp200D__fragment.86268e75abd1bd4bda4d6c129681df34,broad,200D,fragment,,0,3,True,[],"[{""original_token"": ""MILLIONAIRE"", ""salted_token"": ""M‍I‍L‍L‍I‍O‍N‍A‍I‍R‍E"", ""start"": 123, ""end"": 134, ""salt_mode"": ""fragment"", ""fragment_max_positions"": null}, {""original_token"": ""earn"", ""salted_token"": ""e‍a‍r‍n"", ""start"": 465, ""end"": 469, ""salt_mode"": ""fragment"", ""fragment_max_positions"": null}, {""original_token"": ""financial"", ""salted_token"": ""f‍i‍n‍a‍n‍c‍i‍a‍l"", ""start"": 628, ""end"": 637, ""salt_mode"": ""fragment"", ""fragment_max_positions"": null}]"
00169.86268e75abd1bd4bda4d6c129681df34,00169__salted__broad__cp00AD__fragment.86268e75abd1bd4bda4d6c129681df34,broad,00AD,fragment,,0,3,True,[],"[{""original_token"": ""MILLIONAIRE"", ""salted_token"": ""M­I­L­L­I­O­N­A­I­R­E"", ""start"": 123, ""end"": 134, ""salt_mode"": ""fragment"", ""fragment_max_positions"": null}, {""original_token"": ""earn"", ""salted_token"": ""e­a­r­n"", ""start"": 465, ""end"": 469, ""salt_mode"": ""fragment"", ""fragment_max_positions"": null}, {""original_token"": ""financial"", ""salted_token"": ""f­i­n­a­n­c­i­a­l"", ""start"": 628, ""end"": 637, ""salt_mode"": ""fragment"", ""fragment_max_positions"": null}]"
00172.0935a6d0aef9a3d6d64e07e3f6c453ec,00172__salted__broad__cp200B__fragment.0935a6d0aef9a3d6d64e07e3f6c453ec,broad,200B,fragment,,1,3,True,"[{""original_token"": ""Proposal"", ""salted_token"": ""P​r​o​p​o​s​a​l"", ""start"": 0, ""end"": 8, ""salt_mode"": ""fragment"", ""fragment_max_positions"": null}]","[{""original_token"": ""contact"", ""salted_token"": ""c​o​n​t​a​c​t"", ""start"": 18, ""end"": 25, ""salt_mode"": ""fragment"", ""fragment_max_positions"": null}, {""original_token"": ""professional"", ""salted_token"": ""p​r​o​f​e​s​s​i​o​n​a​l"", ""start"": 688, ""end"": 700, ""salt_mode"": ""fragment"", ""fragment_max_positions"": null}, {""original_token"": ""orders"", ""salted_token"": ""o​r​d​e​r​s"", ""start"": 863, ""end"": 869, ""salt_mode"": ""fragment"", ""fragment_max_positions"": null}]"
00172.0935a6d0aef9a3d6d64e07e3f6c453ec,00172__salted__broad__cp200C__fragment.0935a6d0aef9a3d6d64e07e3f6c453ec,broad,200C,fragment,,1,3,True,"[{""original_token"": ""Proposal"", ""salted_token"": ""P‌r‌o‌p‌o‌s‌a‌l"", ""start"": 0, ""end"": 8, ""salt_mode"": ""fragment"", ""fragment_max_positions"": null}]","[{""original_token"": ""contact"", ""salted_token"": ""c‌o‌n‌t‌a‌c‌t"", ""start"": 18, ""end"": 25, ""salt_mode"": ""fragment"", ""fragment_max_positions"": null}, {""original_token"": ""professional"", ""salted_token"": ""p‌r‌o‌f‌e‌s‌s‌i‌o‌n‌a‌l"", ""start"": 688, ""end"": 700, ""salt_mode"": ""fragment"", ""fragment_max_positions"": null}, {""original_token"": ""orders"", ""salted_token"": ""o‌r‌d‌e‌r‌s"", ""start"": 863, ""end"": 869, ""salt_mode"": ""fragment"", ""fragment_max_positions"": null}]"
00172.0935a6d0aef9a3d6d64e07e3f6c453ec,00172__salted__broad__cp200D__fragment.0935a6d0aef9a3d6d64e07e3f6c453ec,broad,200D,fragment,,1,3,True,"[{""original_token"": ""Proposal"", ""salted_token"": ""P‍r‍o‍p‍o‍s‍a‍l"", ""start"": 0, ""end"": 8, ""salt_mode"": ""fragment"", ""fragment_max_positions"": null}]","[{""original_token"": ""contact"", ""salted_token"": ""c‍o‍n‍t‍a‍c‍t"", ""start"": 18, ""end"": 25, ""salt_mode"": ""fragment"", ""fragment_max_positions"": null}, {""original_token"": ""professional"", ""salted_token"": ""p‍r‍o‍f‍e‍s‍s‍i‍o‍n‍a‍l"", ""start"": 688, ""end"": 700, ""salt_mode"": ""fragment"", ""fragment_max_positions"": null}, {""original_token"": ""orders"", ""salted_token"": ""o‍r‍d‍e‍r‍s"", ""start"": 863, ""end"": 869, ""salt_mode"": ""fragment"", ""fragment_max_positions"": null}]"
00172.0935a6d0aef9a3d6d64e07e3f6c453ec,00172__salted__broad__cp00AD__fragment.0935a6d0aef9a3d6d64e07e3f6c453ec,broad,00AD,fragment,,1,3,True,"[{""original_token"": ""Proposal"", ""salted_token"": ""P­r­o­p­o­s­a­l"", ""start"": 0, ""end"": 8, ""salt_mode"": ""fragment"", ""fragment_max_positions"": null}]","[{""original_token"": ""contact"", ""salted_token"": ""c­o­n­t­a­c­t"", ""start"": 18, ""end"": 25, ""salt_mode"": ""fragment"", ""fragment_max_positions"": null}, {""original_token"": ""professional"", ""salted_token"": ""p­r­o­f­e­s­s­i­o­n­a­l"", ""start"": 688, ""end"": 700, ""salt_mode"": ""fragment"", ""fragment_max_positions"": null}, {""original_token"": ""orders"", ""salted_token"": ""o­r­d­e­r­s"", ""start"": 863, ""end"": 869, ""salt_mode"": ""fragment"", ""fragment_max_positions"": null}]"
00173.e10eb62e2c7808674c43d6a5e9e08a1c,00173__salted__broad__cp200B__fragment.e10eb62e2c7808674c43d6a5e9e08a1c,broad,200B,fragment,,1,0,False,"[{""original_token"": ""HGH"", ""salted_token"": ""H​G​H"", ""start"": 10, ""end"": 13, ""salt_mode"": ""fragment"", ""fragment_max_positions"": null}]",[]
00173.e10eb62e2c7808674c43d6a5e9e08a1c,00173__salted__broad__cp200C__fragment.e10eb62e2c7808674c43d6a5e9e08a1c,broad,200C,fragment,,1,0,False,"[{""original_token"": ""HGH"", ""salted_token"": ""H‌G‌H"", ""start"": 10, ""end"": 13, ""salt_mode"": ""fragment"", ""fragment_max_positions"": null}]",[]
00173.e10eb62e2c7808674c43d6a5e9e08a1c,00173__salted__broad__cp200D__fragment.e10eb62e2c7808674c43d6a5e9e08a1c,broad,200D,fragment,,1,0,False,"[{""original_token"": ""HGH"", ""salted_token"": ""H‍G‍H"", ""start"": 10, ""end"": 13, ""salt_mode"": ""fragment"", ""fragment_max_positions"": null}]",[]
00173.e10eb62e2c7808674c43d6a5e9e08a1c,00173__salted__broad__cp00AD__fragment.e10eb62e2c7808674c43d6a5e9e08a1c,broad,00AD,fragment,,1,0,False,"[{""original_token"": ""HGH"", ""salted_token"": ""H­G­H"", ""start"": 10, ""end"": 13, ""salt_mode"": ""fragment"", ""fragment_max_positions"": null}]",[]
00179.ef2f7cf60806a96b59f4477b025580ee,00179__salted__broad__cp200B__fragment.ef2f7cf60806a96b59f4477b025580ee,broad,200B,fragment,,1,3,True,"[{""original_token"": ""urgent"", ""salted_token"": ""u​r​g​e​n​t"", ""start"": 0, ""end"": 6, ""salt_mode"": ""fragment"", ""fragment_max_positions"": null}]","[{""original_token"": ""REPLY"", ""salted_token"": ""R​E​P​L​Y"", ""start"": 31, ""end"": 36, ""salt_mode"": ""fragment"", ""fragment_max_positions"": null}, {""original_token"": ""africa"", ""salted_token"": ""a​f​r​i​c​a"", ""start"": 95, ""end"": 101, ""salt_mode"": ""fragment"", ""fragment_max_positions"": null}, {""original_token"": ""confidential"", ""salted_token"": ""c​o​n​f​i​d​e​n​t​i​a​l"", ""start"": 156, ""end"": 168, ""salt_mode"": ""fragment"", ""fragment_max_positions"": null}]"
00179.ef2f7cf60806a96b59f4477b025580ee,00179__salted__broad__cp200C__fragment.ef2f7cf60806a96b59f4477b025580ee,broad,200C,fragment,,1,3,True,"[{""original_token"": ""urgent"", ""salted_token"": ""u‌r‌g‌e‌n‌t"", ""start"": 0, ""end"": 6, ""salt_mode"": ""fragment"", ""fragment_max_positions"": null}]","[{""original_token"": ""REPLY"", ""salted_token"": ""R‌E‌P‌L‌Y"", ""start"": 31, ""end"": 36, ""salt_mode"": ""fragment"", ""fragment_max_positions"": null}, {""original_token"": ""africa"", ""salted_token"": ""a‌f‌r‌i‌c‌a"", ""start"": 95, ""end"": 101, ""salt_mode"": ""fragment"", ""fragment_max_positions"": null}, {""original_token"": ""confidential"", ""salted_token"": ""c‌o‌n‌f‌i‌d‌e‌n‌t‌i‌a‌l"", ""start"": 156, ""end"": 168, ""salt_mode"": ""fragment"", ""fragment_max_positions"": null}]"
00179.ef2f7cf60806a96b59f4477b025580ee,00179__salted__broad__cp200D__fragment.ef2f7cf60806a96b59f4477b025580ee,broad,200D,fragment,,1,3,True,"[{""original_token"": ""urgent"", ""salted_token"": ""u‍r‍g‍e‍n‍t"", ""start"": 0, ""end"": 6, ""salt_mode"": ""fragment"", ""fragment_max_positions"": null}]","[{""original_token"": ""REPLY"", ""salted_token"": ""R‍E‍P‍L‍Y"", ""start"": 31, ""end"": 36, ""salt_mode"": ""fragment"", ""fragment_max_positions"": null}, {""original_token"": ""africa"", ""salted_token"": ""a‍f‍r‍i‍c‍a"", ""start"": 95, ""end"": 101, ""salt_mode"": ""fragment"", ""fragment_max_positions"": null}, {""original_token"": ""confidential"", ""salted_token"": ""c‍o‍n‍f‍i‍d‍e‍n‍t‍i‍a‍l"", ""start"": 156, ""end"": 168, ""salt_mode"": ""fragment"", ""fragment_max_positions"": null}]"
00179.ef2f7cf60806a96b59f4477b025580ee,00179__salted__broad__cp00AD__fragment.ef2f7cf60806a96b59f4477b025580ee,broad,00AD,fragment,,1,3,True,"[{""original_token"": ""urgent"", ""salted_token"": ""u­r­g­e­n­t"", ""start"": 0, ""end"": 6, ""salt_mode"": ""fragment"", ""fragment_max_positions"": null}]","[{""original_token"": ""REPLY"", ""salted_token"": ""R­E­P­L­Y"", ""start"": 31, ""end"": 36, ""salt_mode"": ""fragment"", ""fragment_max_positions"": null}, {""original_token"": ""africa"", ""salted_token"": ""a­f­r­i­c­a"", ""start"": 95, ""end"": 101, ""salt_mode"": ""fragment"", ""fragment_max_positions"": null}, {""original_token"": ""confidential"", ""salted_token"": ""c­o­n­f­i­d­e­n­t­i­a­l"", ""start"": 156, ""end"": 168, ""salt_mode"": ""fragment"", ""fragment_max_positions"": null}]"
00180.751cb63992e172566b3a296d970c425d,00180__salted__broad__cp200B__fragment.751cb63992e172566b3a296d970c425d,broad,200B,fragment,,0,3,True,[],"[{""original_token"": ""Thank"", ""salted_token"": ""T​h​a​n​k"", ""start"": 1, ""end"": 6, ""salt_mode"": ""fragment"", ""fragment_max_positions"": null}, {""original_token"": ""emails"", ""salted_token"": ""e​m​a​i​l​s"", ""start"": 245, ""end"": 251, ""salt_mode"": ""fragment"", ""fragment_max_positions"": null}, {""original_token"": ""emails"", ""salted_token"": ""e​m​a​i​l​s"", ""start"": 303, ""end"": 309, ""salt_mode"": ""fragment"", ""fragment_max_positions"": null}]"
00180.751cb63992e172566b3a296d970c425d,00180__salted__broad__cp200C__fragment.751cb63992e172566b3a296d970c425d,broad,200C,fragment,,0,3,True,[],"[{""original_token"": ""Thank"", ""salted_token"": ""T‌h‌a‌n‌k"", ""start"": 1, ""end"": 6, ""salt_mode"": ""fragment"", ""fragment_max_positions"": null}, {""original_token"": ""emails"", ""salted_token"": ""e‌m‌a‌i‌l‌s"", ""start"": 245, ""end"": 251, ""salt_mode"": ""fragment"", ""fragment_max_positions"": null}, {""original_token"": ""emails"", ""salted_token"": ""e‌m‌a‌i‌l‌s"", ""start"": 303, ""end"": 309, ""salt_mode"": ""fragment"", ""fragment_max_positions"": null}]"
00180.751cb63992e172566b3a296d970c425d,00180__salted__broad__cp200D__fragment.751cb63992e172566b3a296d970c425d,broad,200D,fragment,,0,3,True,[],"[{""original_token"": ""Thank"", ""salted_token"": ""T‍h‍a‍n‍k"", ""start"": 1, ""end"": 6, ""salt_mode"": ""fragment"", ""fragment_max_positions"": null}, {""original_token"": ""emails"", ""salted_token"": ""e‍m‍a‍i‍l‍s"", ""start"": 245, ""end"": 251, ""salt_mode"": ""fragment"", ""fragment_max_positions"": null}, {""original_token"": ""emails"", ""salted_token"": ""e‍m‍a‍i‍l‍s"", ""start"": 303, ""end"": 309, ""salt_mode"": ""fragment"", ""fragment_max_positions"": null}]"
00180.751cb63992e172566b3a296d970c425d,00180__salted__broad__cp00AD__fragment.751cb63992e172566b3a296d970c425d,broad,00AD,fragment,,0,3,True,[],"[{""original_token"": ""Thank"", ""salted_token"": ""T­h­a­n­k"", ""start"": 1, ""end"": 6, ""salt_mode"": ""fragment"", ""fragment_max_positions"": null}, {""original_token"": ""emails"", ""salted_token"": ""e­m­a­i­l­s"", ""start"": 245, ""end"": 251, ""salt_mode"": ""fragment"", ""fragment_max_positions"": null}, {""original_token"": ""emails"", ""salted_token"": ""e­m­a­i­l­s"", ""start"": 303, ""end"": 309, ""salt_mode"": ""fragment"", ""fragment_max_positions"": null}]"
00182.1b9ba0f95506a6f2bf256f40fad0687d,00182__salted__broad__cp200B__fragment.1b9ba0f95506a6f2bf256f40fad0687d,broad,200B,fragment,,1,3,True,"[{""original_token"": ""investment"", ""salted_token"": ""i​n​v​e​s​t​m​e​n​t"", ""start"": 9, ""end"": 19, ""salt_mode"": ""fragment"", ""fragment_max_positions"": null}]","[{""original_token"": ""mailings"", ""salted_token"": ""m​a​i​l​i​n​g​s"", ""start"": 8, ""end"": 16, ""salt_mode"": ""fragment"", ""fragment_max_positions"": null}, {""original_token"": ""removal"", ""salted_token"": ""r​e​m​o​v​a​l"", ""start"": 180, ""end"": 187, ""salt_mode"": ""fragment"", ""fragment_max_positions"": null}, {""original_token"": ""instructions"", ""salted_token"": ""i​n​s​t​r​u​c​t​i​o​n​s"", ""start"": 188, ""end"": 200, ""salt_mode"": ""fragment"", ""fragment_max_positions"": null}]"
00182.1b9ba0f95506a6f2bf256f40fad0687d,00182__salted__broad__cp200C__fragment.1b9ba0f95506a6f2bf256f40fad0687d,broad,200C,fragment,,1,3,True,"[{""original_token"": ""investment"", ""salted_token"": ""i‌n‌v‌e‌s‌t‌m‌e‌n‌t"", ""start"": 9, ""end"": 19, ""salt_mode"": ""fragment"", ""fragment_max_positions"": null}]","[{""original_token"": ""mailings"", ""salted_token"": ""m‌a‌i‌l‌i‌n‌g‌s"", ""start"": 8, ""end"": 16, ""salt_mode"": ""fragment"", ""fragment_max_positions"": null}, {""original_token"": ""removal"", ""salted_token"": ""r‌e‌m‌o‌v‌a‌l"", ""start"": 180, ""end"": 187, ""salt_mode"": ""fragment"", ""fragment_max_positions"": null}, {""original_token"": ""instructions"", ""salted_token"": ""i‌n‌s‌t‌r‌u‌c‌t‌i‌o‌n‌s"", ""start"": 188, ""end"": 200, ""salt_mode"": ""fragment"", ""fragment_max_positions"": null}]"
00182.1b9ba0f95506a6f2bf256f40fad0687d,00182__salted__broad__cp200D__fragment.1b9ba0f95506a6f2bf256f40fad0687d,broad,200D,fragment,,1,3,True,"[{""original_token"": ""investment"", ""salted_token"": ""i‍n‍v‍e‍s‍t‍m‍e‍n‍t"", ""start"": 9, ""end"": 19, ""salt_mode"": ""fragment"", ""fragment_max_positions"": null}]","[{""original_token"": ""mailings"", ""salted_token"": ""m‍a‍i‍l‍i‍n‍g‍s"", ""start"": 8, ""end"": 16, ""salt_mode"": ""fragment"", ""fragment_max_positions"": null}, {""original_token"": ""removal"", ""salted_token"": ""r‍e‍m‍o‍v‍a‍l"", ""start"": 180, ""end"": 187, ""salt_mode"": ""fragment"", ""fragment_max_positions"": null}, {""original_token"": ""instructions"", ""salted_token"": ""i‍n‍s‍t‍r‍u‍c‍t‍i‍o‍n‍s"", ""start"": 188, ""end"": 200, ""salt_mode"": ""fragment"", ""fragment_max_positions"": null}]"
00182.1b9ba0f95506a6f2bf256f40fad0687d,00182__salted__broad__cp00AD__fragment.1b9ba0f95506a6f2bf256f40fad0687d,broad,00AD,fragment,,1,3,True,"[{""original_token"": ""investment"", ""salted_token"": ""i­n­v­e­s­t­m­e­n­t"", ""start"": 9, ""end"": 19, ""salt_mode"": ""fragment"", ""fragment_max_positions"": null}]","[{""original_token"": ""mailings"", ""salted_token"": ""m­a­i­l­i­n­g­s"", ""start"": 8, ""end"": 16, ""salt_mode"": ""fragment"", ""fragment_max_positions"": null}, {""original_token"": ""removal"", ""salted_token"": ""r­e­m­o­v­a­l"", ""start"": 180, ""end"": 187, ""salt_mode"": ""fragment"", ""fragment_max_positions"": null}, {""original_token"": ""instructions"", ""salted_token"": ""i­n­s­t­r­u­c­t­i­o­n­s"", ""start"": 188, ""end"": 200, ""salt_mode"": ""fragment"", ""fragment_max_positions"": null}]"
00185.8ca19012fa3f2a906f23c3b41f11ffed,00185__salted__broad__cp200B__fragment.8ca19012fa3f2a906f23c3b41f11ffed,broad,200B,fragment,,0,2,True,[],"[{""original_token"": ""price"", ""salted_token"": ""p​r​i​c​e"", ""start"": 217, ""end"": 222, ""salt_mode"": ""fragment"", ""fragment_max_positions"": null}, {""original_token"": ""click"", ""salted_token"": ""c​l​i​c​k"", ""start"": 245, ""end"": 250, ""salt_mode"": ""fragment"", ""fragment_max_positions"": null}]"
00185.8ca19012fa3f2a906f23c3b41f11ffed,00185__salted__broad__cp200C__fragment.8ca19012fa3f2a906f23c3b41f11ffed,broad,200C,fragment,,0,2,True,[],"[{""original_token"": ""price"", ""salted_token"": ""p‌r‌i‌c‌e"", ""start"": 217, ""end"": 222, ""salt_mode"": ""fragment"", ""fragment_max_positions"": null}, {""original_token"": ""click"", ""salted_token"": ""c‌l‌i‌c‌k"", ""start"": 245, ""end"": 250, ""salt_mode"": ""fragment"", ""fragment_max_positions"": null}]"
00185.8ca19012fa3f2a906f23c3b41f11ffed,00185__salted__broad__cp200D__fragment.8ca19012fa3f2a906f23c3b41f11ffed,broad,200D,fragment,,0,2,True,[],"[{""original_token"": ""price"", ""salted_token"": ""p‍r‍i‍c‍e"", ""start"": 217, ""end"": 222, ""salt_mode"": ""fragment"", ""fragment_max_positions"": null}, {""original_token"": ""click"", ""salted_token"": ""c‍l‍i‍c‍k"", ""start"": 245, ""end"": 250, ""salt_mode"": ""fragment"", ""fragment_max_positions"": null}]"
00185.8ca19012fa3f2a906f23c3b41f11ffed,00185__salted__broad__cp00AD__fragment.8ca19012fa3f2a906f23c3b41f11ffed,broad,00AD,fragment,,0,2,True,[],"[{""original_token"": ""price"", ""salted_token"": ""p­r­i­c­e"", ""start"": 217, ""end"": 222, ""salt_mode"": ""fragment"", ""fragment_max_positions"": null}, {""original_token"": ""click"", ""salted_token"": ""c­l­i­c­k"", ""start"": 245, ""end"": 250, ""salt_mode"": ""fragment"", ""fragment_max_positions"": null}]"
00186.a66b4fc4ab114c9cb37e1a31d1ea1aeb,00186__salted__broad__cp200B__fragment.a66b4fc4ab114c9cb37e1a31d1ea1aeb,broad,200B,fragment,,0,3,True,[],"[{""original_token"": ""Click"", ""salted_token"": ""C​l​i​c​k"", ""start"": 633, ""end"": 638, ""salt_mode"": ""fragment"", ""fragment_max_positions"": null}, {""original_token"": ""City"", ""salted_token"": ""C​i​t​y"", ""start"": 958, ""end"": 962, ""salt_mode"": ""fragment"", ""fragment_max_positions"": null}, {""original_token"": ""receive"", ""salted_token"": ""r​e​c​e​i​v​e"", ""start"": 1077, ""end"": 1084, ""salt_mode"": ""fragment"", ""fragment_max_positions"": null}]"
00186.a66b4fc4ab114c9cb37e1a31d1ea1aeb,00186__salted__broad__cp200C__fragment.a66b4fc4ab114c9cb37e1a31d1ea1aeb,broad,200C,fragment,,0,3,True,[],"[{""original_token"": ""Click"", ""salted_token"": ""C‌l‌i‌c‌k"", ""start"": 633, ""end"": 638, ""salt_mode"": ""fragment"", ""fragment_max_positions"": null}, {""original_token"": ""City"", ""salted_token"": ""C‌i‌t‌y"", ""start"": 958, ""end"": 962, ""salt_mode"": ""fragment"", ""fragment_max_positions"": null}, {""original_token"": ""receive"", ""salted_token"": ""r‌e‌c‌e‌i‌v‌e"", ""start"": 1077, ""end"": 1084, ""salt_mode"": ""fragment"", ""fragment_max_positions"": null}]"
00186.a66b4fc4ab114c9cb37e1a31d1ea1aeb,00186__salted__broad__cp200D__fragment.a66b4fc4ab114c9cb37e1a31d1ea1aeb,broad,200D,fragment,,0,3,True,[],"[{""original_token"": ""Click"", ""salted_token"": ""C‍l‍i‍c‍k"", ""start"": 633, ""end"": 638, ""salt_mode"": ""fragment"", ""fragment_max_positions"": null}, {""original_token"": ""City"", ""salted_token"": ""C‍i‍t‍y"", ""start"": 958, ""end"": 962, ""salt_mode"": ""fragment"", ""fragment_max_positions"": null}, {""original_token"": ""receive"", ""salted_token"": ""r‍e‍c‍e‍i‍v‍e"", ""start"": 1077, ""end"": 1084, ""salt_mode"": ""fragment"", ""fragment_max_positions"": null}]"
00186.a66b4fc4ab114c9cb37e1a31d1ea1aeb,00186__salted__broad__cp00AD__fragment.a66b4fc4ab114c9cb37e1a31d1ea1aeb,broad,00AD,fragment,,0,3,True,[],"[{""original_token"": ""Click"", ""salted_token"": ""C­l­i­c­k"", ""start"": 633, ""end"": 638, ""salt_mode"": ""fragment"", ""fragment_max_positions"": null}, {""original_token"": ""City"", ""salted_token"": ""C­i­t­y"", ""start"": 958, ""end"": 962, ""salt_mode"": ""fragment"", ""fragment_max_positions"": null}, {""original_token"": ""receive"", ""salted_token"": ""r­e­c­e­i­v­e"", ""start"": 1077, ""end"": 1084, ""salt_mode"": ""fragment"", ""fragment_max_positions"": null}]"
00187.3fb9a7078bff0530ea52484a32c5d7e0,00187__salted__broad__cp200B__fragment.3fb9a7078bff0530ea52484a32c5d7e0,broad,200B,fragment,,1,3,True,"[{""original_token"": ""Opportunity"", ""salted_token"": ""O​p​p​o​r​t​u​n​i​t​y"", ""start"": 9, ""end"": 20, ""salt_mode"": ""fragment"", ""fragment_max_positions"": null}]","[{""original_token"": ""opportunity"", ""salted_token"": ""o​p​p​o​r​t​u​n​i​t​y"", ""start"": 23, ""end"": 34, ""salt_mode"": ""fragment"", ""fragment_max_positions"": null}, {""original_token"": ""advertise"", ""salted_token"": ""a​d​v​e​r​t​i​s​e"", ""start"": 142, ""end"": 151, ""salt_mode"": ""fragment"", ""fragment_max_positions"": null}, {""original_token"": ""opportunity"", ""salted_token"": ""o​p​p​o​r​t​u​n​i​t​y"", ""start"": 157, ""end"": 168, ""salt_mode"": ""fragment"", ""fragment_max_positions"": null}]"
00187.3fb9a7078bff0530ea52484a32c5d7e0,00187__salted__broad__cp200C__fragment.3fb9a7078bff0530ea52484a32c5d7e0,broad,200C,fragment,,1,3,True,"[{""original_token"": ""Opportunity"", ""salted_token"": ""O‌p‌p‌o‌r‌t‌u‌n‌i‌t‌y"", ""start"": 9, ""end"": 20, ""salt_mode"": ""fragment"", ""fragment_max_positions"": null}]","[{""original_token"": ""opportunity"", ""salted_token"": ""o‌p‌p‌o‌r‌t‌u‌n‌i‌t‌y"", ""start"": 23, ""end"": 34, ""salt_mode"": ""fragment"", ""fragment_max_positions"": null}, {""original_token"": ""advertise"", ""salted_token"": ""a‌d‌v‌e‌r‌t‌i‌s‌e"", ""start"": 142, ""end"": 151, ""salt_mode"": ""fragment"", ""fragment_max_positions"": null}, {""original_token"": ""opportunity"", ""salted_token"": ""o‌p‌p‌o‌r‌t‌u‌n‌i‌t‌y"", ""start"": 157, ""end"": 168, ""salt_mode"": ""fragment"", ""fragment_max_positions"": null}]"
00187.3fb9a7078bff0530ea52484a32c5d7e0,00187__salted__broad__cp200D__fragment.3fb9a7078bff0530ea52484a32c5d7e0,broad,200D,fragment,,1,3,True,"[{""original_token"": ""Opportunity"", ""salted_token"": ""O‍p‍p‍o‍r‍t‍u‍n‍i‍t‍y"", ""start"": 9, ""end"": 20, ""salt_mode"": ""fragment"", ""fragment_max_positions"": null}]","[{""original_token"": ""opportunity"", ""salted_token"": ""o‍p‍p‍o‍r‍t‍u‍n‍i‍t‍y"", ""start"": 23, ""end"": 34, ""salt_mode"": ""fragment"", ""fragment_max_positions"": null}, {""original_token"": ""advertise"", ""salted_token"": ""a‍d‍v‍e‍r‍t‍i‍s‍e"", ""start"": 142, ""end"": 151, ""salt_mode"": ""fragment"", ""fragment_max_positions"": null}, {""original_token"": ""opportunity"", ""salted_token"": ""o‍p‍p‍o‍r‍t‍u‍n‍i‍t‍y"", ""start"": 157, ""end"": 168, ""salt_mode"": ""fragment"", ""fragment_max_positions"": null}]"
00187.3fb9a7078bff0530ea52484a32c5d7e0,00187__salted__broad__cp00AD__fragment.3fb9a7078bff0530ea52484a32c5d7e0,broad,00AD,fragment,,1,3,True,"[{""original_token"": ""Opportunity"", ""salted_token"": ""O­p­p­o­r­t­u­n­i­t­y"", ""start"": 9, ""end"": 20, ""salt_mode"": ""fragment"", ""fragment_max_positions"": null}]","[{""original_token"": ""opportunity"", ""salted_token"": ""o­p­p­o­r­t­u­n­i­t­y"", ""start"": 23, ""end"": 34, ""salt_mode"": ""fragment"", ""fragment_max_positions"": null}, {""original_token"": ""advertise"", ""salted_token"": ""a­d­v­e­r­t­i­s­e"", ""start"": 142, ""end"": 151, ""salt_mode"": ""fragment"", ""fragment_max_positions"": null}, {""original_token"": ""opportunity"", ""salted_token"": ""o­p­p­o­r­t­u­n­i­t­y"", ""start"": 157, ""end"": 168, ""salt_mode"": ""fragment"", ""fragment_max_positions"": null}]"
00187.efd97ab2034b3384606e21db00014ecb,00187__salted__broad__cp200B__fragment.efd97ab2034b3384606e21db00014ecb,broad,200B,fragment,,0,3,True,[],"[{""original_token"": ""Instructions"", ""salted_token"": ""I​n​s​t​r​u​c​t​i​o​n​s"", ""start"": 297, ""end"": 309, ""salt_mode"": ""fragment"", ""fragment_max_positions"": null}, {""original_token"": ""Risk"", ""salted_token"": ""R​i​s​k"", ""start"": 418, ""end"": 422, ""salt_mode"": ""fragment"", ""fragment_max_positions"": null}, {""original_token"": ""Trial"", ""salted_token"": ""T​r​i​a​l"", ""start"": 428, ""end"": 433, ""salt_mode"": ""fragment"", ""fragment_max_positions"": null}]"
00187.efd97ab2034b3384606e21db00014ecb,00187__salted__broad__cp200C__fragment.efd97ab2034b3384606e21db00014ecb,broad,200C,fragment,,0,3,True,[],"[{""original_token"": ""Instructions"", ""salted_token"": ""I‌n‌s‌t‌r‌u‌c‌t‌i‌o‌n‌s"", ""start"": 297, ""end"": 309, ""salt_mode"": ""fragment"", ""fragment_max_positions"": null}, {""original_token"": ""Risk"", ""salted_token"": ""R‌i‌s‌k"", ""start"": 418, ""end"": 422, ""salt_mode"": ""fragment"", ""fragment_max_positions"": null}, {""original_token"": ""Trial"", ""salted_token"": ""T‌r‌i‌a‌l"", ""start"": 428, ""end"": 433, ""salt_mode"": ""fragment"", ""fragment_max_positions"": null}]"
00187.efd97ab2034b3384606e21db00014ecb,00187__salted__broad__cp200D__fragment.efd97ab2034b3384606e21db00014ecb,broad,200D,fragment,,0,3,True,[],"[{""original_token"": ""Instructions"", ""salted_token"": ""I‍n‍s‍t‍r‍u‍c‍t‍i‍o‍n‍s"", ""start"": 297, ""end"": 309, ""salt_mode"": ""fragment"", ""fragment_max_positions"": null}, {""original_token"": ""Risk"", ""salted_token"": ""R‍i‍s‍k"", ""start"": 418, ""end"": 422, ""salt_mode"": ""fragment"", ""fragment_max_positions"": null}, {""original_token"": ""Trial"", ""salted_token"": ""T‍r‍i‍a‍l"", ""start"": 428, ""end"": 433, ""salt_mode"": ""fragment"", ""fragment_max_positions"": null}]"
00187.efd97ab2034b3384606e21db00014ecb,00187__salted__broad__cp00AD__fragment.efd97ab2034b3384606e21db00014ecb,broad,00AD,fragment,,0,3,True,[],"[{""original_token"": ""Instructions"", ""salted_token"": ""I­n­s­t­r­u­c­t­i­o­n­s"", ""start"": 297, ""end"": 309, ""salt_mode"": ""fragment"", ""fragment_max_positions"": null}, {""original_token"": ""Risk"", ""salted_token"": ""R­i­s­k"", ""start"": 418, ""end"": 422, ""salt_mode"": ""fragment"", ""fragment_max_positions"": null}, {""original_token"": ""Trial"", ""salted_token"": ""T­r­i­a­l"", ""start"": 428, ""end"": 433, ""salt_mode"": ""fragment"", ""fragment_max_positions"": null}]"
00188.b12197b37ceb97fa0cd802566c1e08db,00188__salted__broad__cp200B__fragment.b12197b37ceb97fa0cd802566c1e08db,broad,200B,fragment,,0,3,True,[],"[{""original_token"": ""trial"", ""salted_token"": ""t​r​i​a​l"", ""start"": 88, ""end"": 93, ""salt_mode"": ""fragment"", ""fragment_max_positions"": null}, {""original_token"": ""hours"", ""salted_token"": ""h​o​u​r​s"", ""start"": 169, ""end"": 174, ""salt_mode"": ""fragment"", ""fragment_max_positions"": null}, {""original_token"": ""trial"", ""salted_token"": ""t​r​i​a​l"", ""start"": 197, ""end"": 202, ""salt_mode"": ""fragment"", ""fragment_max_positions"": null}]"
00188.b12197b37ceb97fa0cd802566c1e08db,00188__salted__broad__cp200C__fragment.b12197b37ceb97fa0cd802566c1e08db,broad,200C,fragment,,0,3,True,[],"[{""original_token"": ""trial"", ""salted_token"": ""t‌r‌i‌a‌l"", ""start"": 88, ""end"": 93, ""salt_mode"": ""fragment"", ""fragment_max_positions"": null}, {""original_token"": ""hours"", ""salted_token"": ""h‌o‌u‌r‌s"", ""start"": 169, ""end"": 174, ""salt_mode"": ""fragment"", ""fragment_max_positions"": null}, {""original_token"": ""trial"", ""salted_token"": ""t‌r‌i‌a‌l"", ""start"": 197, ""end"": 202, ""salt_mode"": ""fragment"", ""fragment_max_positions"": null}]"
00188.b12197b37ceb97fa0cd802566c1e08db,00188__salted__broad__cp200D__fragment.b12197b37ceb97fa0cd802566c1e08db,broad,200D,fragment,,0,3,True,[],"[{""original_token"": ""trial"", ""salted_token"": ""t‍r‍i‍a‍l"", ""start"": 88, ""end"": 93, ""salt_mode"": ""fragment"", ""fragment_max_positions"": null}, {""original_token"": ""hours"", ""salted_token"": ""h‍o‍u‍r‍s"", ""start"": 169, ""end"": 174, ""salt_mode"": ""fragment"", ""fragment_max_positions"": null}, {""original_token"": ""trial"", ""salted_token"": ""t‍r‍i‍a‍l"", ""start"": 197, ""end"": 202, ""salt_mode"": ""fragment"", ""fragment_max_positions"": null}]"
00188.b12197b37ceb97fa0cd802566c1e08db,00188__salted__broad__cp00AD__fragment.b12197b37ceb97fa0cd802566c1e08db,broad,00AD,fragment,,0,3,True,[],"[{""original_token"": ""trial"", ""salted_token"": ""t­r­i­a­l"", ""start"": 88, ""end"": 93, ""salt_mode"": ""fragment"", ""fragment_max_positions"": null}, {""original_token"": ""hours"", ""salted_token"": ""h­o­u­r­s"", ""start"": 169, ""end"": 174, ""salt_mode"": ""fragment"", ""fragment_max_positions"": null}, {""original_token"": ""trial"", ""salted_token"": ""t­r­i­a­l"", ""start"": 197, ""end"": 202, ""salt_mode"": ""fragment"", ""fragment_max_positions"": null}]"
00190.ee2ea200e7efa602221c6492f9d9d8c0,00190__salted__broad__cp200B__fragment.ee2ea200e7efa602221c6492f9d9d8c0,broad,200B,fragment,,0,3,True,[],"[{""original_token"": ""trial"", ""salted_token"": ""t​r​i​a​l"", ""start"": 88, ""end"": 93, ""salt_mode"": ""fragment"", ""fragment_max_positions"": null}, {""original_token"": ""hours"", ""salted_token"": ""h​o​u​r​s"", ""start"": 169, ""end"": 174, ""salt_mode"": ""fragment"", ""fragment_max_positions"": null}, {""original_token"": ""trial"", ""salted_token"": ""t​r​i​a​l"", ""start"": 197, ""end"": 202, ""salt_mode"": ""fragment"", ""fragment_max_positions"": null}]"
00190.ee2ea200e7efa602221c6492f9d9d8c0,00190__salted__broad__cp200C__fragment.ee2ea200e7efa602221c6492f9d9d8c0,broad,200C,fragment,,0,3,True,[],"[{""original_token"": ""trial"", ""salted_token"": ""t‌r‌i‌a‌l"", ""start"": 88, ""end"": 93, ""salt_mode"": ""fragment"", ""fragment_max_positions"": null}, {""original_token"": ""hours"", ""salted_token"": ""h‌o‌u‌r‌s"", ""start"": 169, ""end"": 174, ""salt_mode"": ""fragment"", ""fragment_max_positions"": null}, {""original_token"": ""trial"", ""salted_token"": ""t‌r‌i‌a‌l"", ""start"": 197, ""end"": 202, ""salt_mode"": ""fragment"", ""fragment_max_positions"": null}]"
00190.ee2ea200e7efa602221c6492f9d9d8c0,00190__salted__broad__cp200D__fragment.ee2ea200e7efa602221c6492f9d9d8c0,broad,200D,fragment,,0,3,True,[],"[{""original_token"": ""trial"", ""salted_token"": ""t‍r‍i‍a‍l"", ""start"": 88, ""end"": 93, ""salt_mode"": ""fragment"", ""fragment_max_positions"": null}, {""original_token"": ""hours"", ""salted_token"": ""h‍o‍u‍r‍s"", ""start"": 169, ""end"": 174, ""salt_mode"": ""fragment"", ""fragment_max_positions"": null}, {""original_token"": ""trial"", ""salted_token"": ""t‍r‍i‍a‍l"", ""start"": 197, ""end"": 202, ""salt_mode"": ""fragment"", ""fragment_max_positions"": null}]"
00190.ee2ea200e7efa602221c6492f9d9d8c0,00190__salted__broad__cp00AD__fragment.ee2ea200e7efa602221c6492f9d9d8c0,broad,00AD,fragment,,0,3,True,[],"[{""original_token"": ""trial"", ""salted_token"": ""t­r­i­a­l"", ""start"": 88, ""end"": 93, ""salt_mode"": ""fragment"", ""fragment_max_positions"": null}, {""original_token"": ""hours"", ""salted_token"": ""h­o­u­r­s"", ""start"": 169, ""end"": 174, ""salt_mode"": ""fragment"", ""fragment_max_positions"": null}, {""original_token"": ""trial"", ""salted_token"": ""t­r­i­a­l"", ""start"": 197, ""end"": 202, ""salt_mode"": ""fragment"", ""fragment_max_positions"": null}]"
00191.9ff80a41f015b7a6c409732e41c0df07,00191__salted__broad__cp200B__fragment.9ff80a41f015b7a6c409732e41c0df07,broad,200B,fragment,,0,3,True,[],"[{""original_token"": ""offer"", ""salted_token"": ""o​f​f​e​r"", ""start"": 99, ""end"": 104, ""salt_mode"": ""fragment"", ""fragment_max_positions"": null}, {""original_token"": ""visitors"", ""salted_token"": ""v​i​s​i​t​o​r​s"", ""start"": 173, ""end"": 181, ""salt_mode"": ""fragment"", ""fragment_max_positions"": null}, {""original_token"": ""introduce"", ""salted_token"": ""i​n​t​r​o​d​u​c​e"", ""start"": 216, ""end"": 225, ""salt_mode"": ""fragment"", ""fragment_max_positions"": null}]"
00191.9ff80a41f015b7a6c409732e41c0df07,00191__salted__broad__cp200C__fragment.9ff80a41f015b7a6c409732e41c0df07,broad,200C,fragment,,0,3,True,[],"[{""original_token"": ""offer"", ""salted_token"": ""o‌f‌f‌e‌r"", ""start"": 99, ""end"": 104, ""salt_mode"": ""fragment"", ""fragment_max_positions"": null}, {""original_token"": ""visitors"", ""salted_token"": ""v‌i‌s‌i‌t‌o‌r‌s"", ""start"": 173, ""end"": 181, ""salt_mode"": ""fragment"", ""fragment_max_positions"": null}, {""original_token"": ""introduce"", ""salted_token"": ""i‌n‌t‌r‌o‌d‌u‌c‌e"", ""start"": 216, ""end"": 225, ""salt_mode"": ""fragment"", ""fragment_max_positions"": null}]"
00191.9ff80a41f015b7a6c409732e41c0df07,00191__salted__broad__cp200D__fragment.9ff80a41f015b7a6c409732e41c0df07,broad,200D,fragment,,0,3,True,[],"[{""original_token"": ""offer"", ""salted_token"": ""o‍f‍f‍e‍r"", ""start"": 99, ""end"": 104, ""salt_mode"": ""fragment"", ""fragment_max_positions"": null}, {""original_token"": ""visitors"", ""salted_token"": ""v‍i‍s‍i‍t‍o‍r‍s"", ""start"": 173, ""end"": 181, ""salt_mode"": ""fragment"", ""fragment_max_positions"": null}, {""original_token"": ""introduce"", ""salted_token"": ""i‍n‍t‍r‍o‍d‍u‍c‍e"", ""start"": 216, ""end"": 225, ""salt_mode"": ""fragment"", ""fragment_max_positions"": null}]"
00191.9ff80a41f015b7a6c409732e41c0df07,00191__salted__broad__cp00AD__fragment.9ff80a41f015b7a6c409732e41c0df07,broad,00AD,fragment,,0,3,True,[],"[{""original_token"": ""offer"", ""salted_token"": ""o­f­f­e­r"", ""start"": 99, ""end"": 104, ""salt_mode"": ""fragment"", ""fragment_max_positions"": null}, {""original_token"": ""visitors"", ""salted_token"": ""v­i­s­i­t­o­r­s"", ""start"": 173, ""end"": 181, ""salt_mode"": ""fragment"", ""fragment_max_positions"": null}, {""original_token"": ""introduce"", ""salted_token"": ""i­n­t­r­o­d­u­c­e"", ""start"": 216, ""end"": 225, ""salt_mode"": ""fragment"", ""fragment_max_positions"": null}]"
00194.767c323b4ae7a4909397e42cbd0c56a4,00194__salted__broad__cp200B__fragment.767c323b4ae7a4909397e42cbd0c56a4,broad,200B,fragment,,0,3,True,[],"[{""original_token"": ""receive"", ""salted_token"": ""r​e​c​e​i​v​e"", ""start"": 92, ""end"": 99, ""salt_mode"": ""fragment"", ""fragment_max_positions"": null}, {""original_token"": ""emails"", ""salted_token"": ""e​m​a​i​l​s"", ""start"": 115, ""end"": 121, ""salt_mode"": ""fragment"", ""fragment_max_positions"": null}, {""original_token"": ""remove"", ""salted_token"": ""r​e​m​o​v​e"", ""start"": 179, ""end"": 185, ""salt_mode"": ""fragment"", ""fragment_max_positions"": null}]"
00194.767c323b4ae7a4909397e42cbd0c56a4,00194__salted__broad__cp200C__fragment.767c323b4ae7a4909397e42cbd0c56a4,broad,200C,fragment,,0,3,True,[],"[{""original_token"": ""receive"", ""salted_token"": ""r‌e‌c‌e‌i‌v‌e"", ""start"": 92, ""end"": 99, ""salt_mode"": ""fragment"", ""fragment_max_positions"": null}, {""original_token"": ""emails"", ""salted_token"": ""e‌m‌a‌i‌l‌s"", ""start"": 115, ""end"": 121, ""salt_mode"": ""fragment"", ""fragment_max_positions"": null}, {""original_token"": ""remove"", ""salted_token"": ""r‌e‌m‌o‌v‌e"", ""start"": 179, ""end"": 185, ""salt_mode"": ""fragment"", ""fragment_max_positions"": null}]"
00194.767c323b4ae7a4909397e42cbd0c56a4,00194__salted__broad__cp200D__fragment.767c323b4ae7a4909397e42cbd0c56a4,broad,200D,fragment,,0,3,True,[],"[{""original_token"": ""receive"", ""salted_token"": ""r‍e‍c‍e‍i‍v‍e"", ""start"": 92, ""end"": 99, ""salt_mode"": ""fragment"", ""fragment_max_positions"": null}, {""original_token"": ""emails"", ""salted_token"": ""e‍m‍a‍i‍l‍s"", ""start"": 115, ""end"": 121, ""salt_mode"": ""fragment"", ""fragment_max_positions"": null}, {""original_token"": ""remove"", ""salted_token"": ""r‍e‍m‍o‍v‍e"", ""start"": 179, ""end"": 185, ""salt_mode"": ""fragment"", ""fragment_max_positions"": null}]"
00194.767c323b4ae7a4909397e42cbd0c56a4,00194__salted__broad__cp00AD__fragment.767c323b4ae7a4909397e42cbd0c56a4,broad,00AD,fragment,,0,3,True,[],"[{""original_token"": ""receive"", ""salted_token"": ""r­e­c­e­i­v­e"", ""start"": 92, ""end"": 99, ""salt_mode"": ""fragment"", ""fragment_max_positions"": null}, {""original_token"": ""emails"", ""salted_token"": ""e­m­a­i­l­s"", ""start"": 115, ""end"": 121, ""salt_mode"": ""fragment"", ""fragment_max_positions"": null}, {""original_token"": ""remove"", ""salted_token"": ""r­e­m­o­v­e"", ""start"": 179, ""end"": 185, ""salt_mode"": ""fragment"", ""fragment_max_positions"": null}]"
00196.dd21040c7757d477c967ae71b537810e,00196__salted__broad__cp200B__fragment.dd21040c7757d477c967ae71b537810e,broad,200B,fragment,,1,0,False,"[{""original_token"": ""SYSTEMWORKS"", ""salted_token"": ""S​Y​S​T​E​M​W​O​R​K​S"", ""start"": 11, ""end"": 22, ""salt_mode"": ""fragment"", ""fragment_max_positions"": null}]",[]
00196.dd21040c7757d477c967ae71b537810e,00196__salted__broad__cp200C__fragment.dd21040c7757d477c967ae71b537810e,broad,200C,fragment,,1,0,False,"[{""original_token"": ""SYSTEMWORKS"", ""salted_token"": ""S‌Y‌S‌T‌E‌M‌W‌O‌R‌K‌S"", ""start"": 11, ""end"": 22, ""salt_mode"": ""fragment"", ""fragment_max_positions"": null}]",[]
00196.dd21040c7757d477c967ae71b537810e,00196__salted__broad__cp200D__fragment.dd21040c7757d477c967ae71b537810e,broad,200D,fragment,,1,0,False,"[{""original_token"": ""SYSTEMWORKS"", ""salted_token"": ""S‍Y‍S‍T‍E‍M‍W‍O‍R‍K‍S"", ""start"": 11, ""end"": 22, ""salt_mode"": ""fragment"", ""fragment_max_positions"": null}]",[]
00196.dd21040c7757d477c967ae71b537810e,00196__salted__broad__cp00AD__fragment.dd21040c7757d477c967ae71b537810e,broad,00AD,fragment,,1,0,False,"[{""original_token"": ""SYSTEMWORKS"", ""salted_token"": ""S­Y­S­T­E­M­W­O­R­K­S"", ""start"": 11, ""end"": 22, ""salt_mode"": ""fragment"", ""fragment_max_positions"": null}]",[]
00198.150ad975a44e356b479b88d8b57edc40,00198__salted__broad__cp200B__fragment.150ad975a44e356b479b88d8b57edc40,broad,200B,fragment,,1,3,True,"[{""original_token"": ""Unlimited"", ""salted_token"": ""U​n​l​i​m​i​t​e​d"", ""start"": 9, ""end"": 18, ""salt_mode"": ""fragment"", ""fragment_max_positions"": null}]","[{""original_token"": ""Unlimited"", ""salted_token"": ""U​n​l​i​m​i​t​e​d"", ""start"": 12, ""end"": 21, ""salt_mode"": ""fragment"", ""fragment_max_positions"": null}, {""original_token"": ""registered"", ""salted_token"": ""r​e​g​i​s​t​e​r​e​d"", ""start"": 70, ""end"": 80, ""salt_mode"": ""fragment"", ""fragment_max_positions"": null}, {""original_token"": ""wish"", ""salted_token"": ""w​i​s​h"", ""start"": 212, ""end"": 216, ""salt_mode"": ""fragment"", ""fragment_max_positions"": null}]"
00198.150ad975a44e356b479b88d8b57edc40,00198__salted__broad__cp200C__fragment.150ad975a44e356b479b88d8b57edc40,broad,200C,fragment,,1,3,True,"[{""original_token"": ""Unlimited"", ""salted_token"": ""U‌n‌l‌i‌m‌i‌t‌e‌d"", ""start"": 9, ""end"": 18, ""salt_mode"": ""fragment"", ""fragment_max_positions"": null}]","[{""original_token"": ""Unlimited"", ""salted_token"": ""U‌n‌l‌i‌m‌i‌t‌e‌d"", ""start"": 12, ""end"": 21, ""salt_mode"": ""fragment"", ""fragment_max_positions"": null}, {""original_token"": ""registered"", ""salted_token"": ""r‌e‌g‌i‌s‌t‌e‌r‌e‌d"", ""start"": 70, ""end"": 80, ""salt_mode"": ""fragment"", ""fragment_max_positions"": null}, {""original_token"": ""wish"", ""salted_token"": ""w‌i‌s‌h"", ""start"": 212, ""end"": 216, ""salt_mode"": ""fragment"", ""fragment_max_positions"": null}]"
00198.150ad975a44e356b479b88d8b57edc40,00198__salted__broad__cp200D__fragment.150ad975a44e356b479b88d8b57edc40,broad,200D,fragment,,1,3,True,"[{""original_token"": ""Unlimited"", ""salted_token"": ""U‍n‍l‍i‍m‍i‍t‍e‍d"", ""start"": 9, ""end"": 18, ""salt_mode"": ""fragment"", ""fragment_max_positions"": null}]","[{""original_token"": ""Unlimited"", ""salted_token"": ""U‍n‍l‍i‍m‍i‍t‍e‍d"", ""start"": 12, ""end"": 21, ""salt_mode"": ""fragment"", ""fragment_max_positions"": null}, {""original_token"": ""registered"", ""salted_token"": ""r‍e‍g‍i‍s‍t‍e‍r‍e‍d"", ""start"": 70, ""end"": 80, ""salt_mode"": ""fragment"", ""fragment_max_positions"": null}, {""original_token"": ""wish"", ""salted_token"": ""w‍i‍s‍h"", ""start"": 212, ""end"": 216, ""salt_mode"": ""fragment"", ""fragment_max_positions"": null}]"
00198.150ad975a44e356b479b88d8b57edc40,00198__salted__broad__cp00AD__fragment.150ad975a44e356b479b88d8b57edc40,broad,00AD,fragment,,1,3,True,"[{""original_token"": ""Unlimited"", ""salted_token"": ""U­n­l­i­m­i­t­e­d"", ""start"": 9, ""end"": 18, ""salt_mode"": ""fragment"", ""fragment_max_positions"": null}]","[{""original_token"": ""Unlimited"", ""salted_token"": ""U­n­l­i­m­i­t­e­d"", ""start"": 12, ""end"": 21, ""salt_mode"": ""fragment"", ""fragment_max_positions"": null}, {""original_token"": ""registered"", ""salted_token"": ""r­e­g­i­s­t­e­r­e­d"", ""start"": 70, ""end"": 80, ""salt_mode"": ""fragment"", ""fragment_max_positions"": null}, {""original_token"": ""wish"", ""salted_token"": ""w­i­s­h"", ""start"": 212, ""end"": 216, ""salt_mode"": ""fragment"", ""fragment_max_positions"": null}]"
00207.0b71ac81a360455c1514f5872564b1e1,00207__salted__broad__cp200B__fragment.0b71ac81a360455c1514f5872564b1e1,broad,200B,fragment,,1,3,True,"[{""original_token"": ""Income"", ""salted_token"": ""I​n​c​o​m​e"", ""start"": 35, ""end"": 41, ""salt_mode"": ""fragment"", ""fragment_max_positions"": null}]","[{""original_token"": ""offers"", ""salted_token"": ""o​f​f​e​r​s"", ""start"": 103, ""end"": 109, ""salt_mode"": ""fragment"", ""fragment_max_positions"": null}, {""original_token"": ""products"", ""salted_token"": ""p​r​o​d​u​c​t​s"", ""start"": 121, ""end"": 129, ""salt_mode"": ""fragment"", ""fragment_max_positions"": null}, {""original_token"": ""offer"", ""salted_token"": ""o​f​f​e​r"", ""start"": 177, ""end"": 182, ""salt_mode"": ""fragment"", ""fragment_max_positions"": null}]"
00207.0b71ac81a360455c1514f5872564b1e1,00207__salted__broad__cp200C__fragment.0b71ac81a360455c1514f5872564b1e1,broad,200C,fragment,,1,3,True,"[{""original_token"": ""Income"", ""salted_token"": ""I‌n‌c‌o‌m‌e"", ""start"": 35, ""end"": 41, ""salt_mode"": ""fragment"", ""fragment_max_positions"": null}]","[{""original_token"": ""offers"", ""salted_token"": ""o‌f‌f‌e‌r‌s"", ""start"": 103, ""end"": 109, ""salt_mode"": ""fragment"", ""fragment_max_positions"": null}, {""original_token"": ""products"", ""salted_token"": ""p‌r‌o‌d‌u‌c‌t‌s"", ""start"": 121, ""end"": 129, ""salt_mode"": ""fragment"", ""fragment_max_positions"": null}, {""original_token"": ""offer"", ""salted_token"": ""o‌f‌f‌e‌r"", ""start"": 177, ""end"": 182, ""salt_mode"": ""fragment"", ""fragment_max_positions"": null}]"
00207.0b71ac81a360455c1514f5872564b1e1,00207__salted__broad__cp200D__fragment.0b71ac81a360455c1514f5872564b1e1,broad,200D,fragment,,1,3,True,"[{""original_token"": ""Income"", ""salted_token"": ""I‍n‍c‍o‍m‍e"", ""start"": 35, ""end"": 41, ""salt_mode"": ""fragment"", ""fragment_max_positions"": null}]","[{""original_token"": ""offers"", ""salted_token"": ""o‍f‍f‍e‍r‍s"", ""start"": 103, ""end"": 109, ""salt_mode"": ""fragment"", ""fragment_max_positions"": null}, {""original_token"": ""products"", ""salted_token"": ""p‍r‍o‍d‍u‍c‍t‍s"", ""start"": 121, ""end"": 129, ""salt_mode"": ""fragment"", ""fragment_max_positions"": null}, {""original_token"": ""offer"", ""salted_token"": ""o‍f‍f‍e‍r"", ""start"": 177, ""end"": 182, ""salt_mode"": ""fragment"", ""fragment_max_positions"": null}]"
00207.0b71ac81a360455c1514f5872564b1e1,00207__salted__broad__cp00AD__fragment.0b71ac81a360455c1514f5872564b1e1,broad,00AD,fragment,,1,3,True,"[{""original_token"": ""Income"", ""salted_token"": ""I­n­c­o­m­e"", ""start"": 35, ""end"": 41, ""salt_mode"": ""fragment"", ""fragment_max_positions"": null}]","[{""original_token"": ""offers"", ""salted_token"": ""o­f­f­e­r­s"", ""start"": 103, ""end"": 109, ""salt_mode"": ""fragment"", ""fragment_max_positions"": null}, {""original_token"": ""products"", ""salted_token"": ""p­r­o­d­u­c­t­s"", ""start"": 121, ""end"": 129, ""salt_mode"": ""fragment"", ""fragment_max_positions"": null}, {""original_token"": ""offer"", ""salted_token"": ""o­f­f­e­r"", ""start"": 177, ""end"": 182, ""salt_mode"": ""fragment"", ""fragment_max_positions"": null}]"
00209.5276f967533f2ce0209c1eff631a86ff,00209__salted__broad__cp200B__fragment.5276f967533f2ce0209c1eff631a86ff,broad,200B,fragment,,0,3,True,[],"[{""original_token"": ""rates"", ""salted_token"": ""r​a​t​e​s"", ""start"": 117, ""end"": 122, ""salt_mode"": ""fragment"", ""fragment_max_positions"": null}, {""original_token"": ""City"", ""salted_token"": ""C​i​t​y"", ""start"": 805, ""end"": 809, ""salt_mode"": ""fragment"", ""fragment_max_positions"": null}, {""original_token"": ""financial"", ""salted_token"": ""f​i​n​a​n​c​i​a​l"", ""start"": 849, ""end"": 858, ""salt_mode"": ""fragment"", ""fragment_max_positions"": null}]"
00209.5276f967533f2ce0209c1eff631a86ff,00209__salted__broad__cp200C__fragment.5276f967533f2ce0209c1eff631a86ff,broad,200C,fragment,,0,3,True,[],"[{""original_token"": ""rates"", ""salted_token"": ""r‌a‌t‌e‌s"", ""start"": 117, ""end"": 122, ""salt_mode"": ""fragment"", ""fragment_max_positions"": null}, {""original_token"": ""City"", ""salted_token"": ""C‌i‌t‌y"", ""start"": 805, ""end"": 809, ""salt_mode"": ""fragment"", ""fragment_max_positions"": null}, {""original_token"": ""financial"", ""salted_token"": ""f‌i‌n‌a‌n‌c‌i‌a‌l"", ""start"": 849, ""end"": 858, ""salt_mode"": ""fragment"", ""fragment_max_positions"": null}]"
00209.5276f967533f2ce0209c1eff631a86ff,00209__salted__broad__cp200D__fragment.5276f967533f2ce0209c1eff631a86ff,broad,200D,fragment,,0,3,True,[],"[{""original_token"": ""rates"", ""salted_token"": ""r‍a‍t‍e‍s"", ""start"": 117, ""end"": 122, ""salt_mode"": ""fragment"", ""fragment_max_positions"": null}, {""original_token"": ""City"", ""salted_token"": ""C‍i‍t‍y"", ""start"": 805, ""end"": 809, ""salt_mode"": ""fragment"", ""fragment_max_positions"": null}, {""original_token"": ""financial"", ""salted_token"": ""f‍i‍n‍a‍n‍c‍i‍a‍l"", ""start"": 849, ""end"": 858, ""salt_mode"": ""fragment"", ""fragment_max_positions"": null}]"
00209.5276f967533f2ce0209c1eff631a86ff,00209__salted__broad__cp00AD__fragment.5276f967533f2ce0209c1eff631a86ff,broad,00AD,fragment,,0,3,True,[],"[{""original_token"": ""rates"", ""salted_token"": ""r­a­t­e­s"", ""start"": 117, ""end"": 122, ""salt_mode"": ""fragment"", ""fragment_max_positions"": null}, {""original_token"": ""City"", ""salted_token"": ""C­i­t­y"", ""start"": 805, ""end"": 809, ""salt_mode"": ""fragment"", ""fragment_max_positions"": null}, {""original_token"": ""financial"", ""salted_token"": ""f­i­n­a­n­c­i­a­l"", ""start"": 849, ""end"": 858, ""salt_mode"": ""fragment"", ""fragment_max_positions"": null}]"
00211.4a52fb081c7087c4a82402342751e755,00211__salted__broad__cp200B__fragment.4a52fb081c7087c4a82402342751e755,broad,200B,fragment,,1,3,True,"[{""original_token"": ""ADV"", ""salted_token"": ""A​D​V"", ""start"": 0, ""end"": 3, ""salt_mode"": ""fragment"", ""fragment_max_positions"": null}]","[{""original_token"": ""remove"", ""salted_token"": ""r​e​m​o​v​e"", ""start"": 3, ""end"": 9, ""salt_mode"": ""fragment"", ""fragment_max_positions"": null}, {""original_token"": ""toll"", ""salted_token"": ""t​o​l​l"", ""start"": 353, ""end"": 357, ""salt_mode"": ""fragment"", ""fragment_max_positions"": null}, {""original_token"": ""Sincerely"", ""salted_token"": ""S​i​n​c​e​r​e​l​y"", ""start"": 378, ""end"": 387, ""salt_mode"": ""fragment"", ""fragment_max_positions"": null}]"
00211.4a52fb081c7087c4a82402342751e755,00211__salted__broad__cp200C__fragment.4a52fb081c7087c4a82402342751e755,broad,200C,fragment,,1,3,True,"[{""original_token"": ""ADV"", ""salted_token"": ""A‌D‌V"", ""start"": 0, ""end"": 3, ""salt_mode"": ""fragment"", ""fragment_max_positions"": null}]","[{""original_token"": ""remove"", ""salted_token"": ""r‌e‌m‌o‌v‌e"", ""start"": 3, ""end"": 9, ""salt_mode"": ""fragment"", ""fragment_max_positions"": null}, {""original_token"": ""toll"", ""salted_token"": ""t‌o‌l‌l"", ""start"": 353, ""end"": 357, ""salt_mode"": ""fragment"", ""fragment_max_positions"": null}, {""original_token"": ""Sincerely"", ""salted_token"": ""S‌i‌n‌c‌e‌r‌e‌l‌y"", ""start"": 378, ""end"": 387, ""salt_mode"": ""fragment"", ""fragment_max_positions"": null}]"
00211.4a52fb081c7087c4a82402342751e755,00211__salted__broad__cp200D__fragment.4a52fb081c7087c4a82402342751e755,broad,200D,fragment,,1,3,True,"[{""original_token"": ""ADV"", ""salted_token"": ""A‍D‍V"", ""start"": 0, ""end"": 3, ""salt_mode"": ""fragment"", ""fragment_max_positions"": null}]","[{""original_token"": ""remove"", ""salted_token"": ""r‍e‍m‍o‍v‍e"", ""start"": 3, ""end"": 9, ""salt_mode"": ""fragment"", ""fragment_max_positions"": null}, {""original_token"": ""toll"", ""salted_token"": ""t‍o‍l‍l"", ""start"": 353, ""end"": 357, ""salt_mode"": ""fragment"", ""fragment_max_positions"": null}, {""original_token"": ""Sincerely"", ""salted_token"": ""S‍i‍n‍c‍e‍r‍e‍l‍y"", ""start"": 378, ""end"": 387, ""salt_mode"": ""fragment"", ""fragment_max_positions"": null}]"
00211.4a52fb081c7087c4a82402342751e755,00211__salted__broad__cp00AD__fragment.4a52fb081c7087c4a82402342751e755,broad,00AD,fragment,,1,3,True,"[{""original_token"": ""ADV"", ""salted_token"": ""A­D­V"", ""start"": 0, ""end"": 3, ""salt_mode"": ""fragment"", ""fragment_max_positions"": null}]","[{""original_token"": ""remove"", ""salted_token"": ""r­e­m­o­v­e"", ""start"": 3, ""end"": 9, ""salt_mode"": ""fragment"", ""fragment_max_positions"": null}, {""original_token"": ""toll"", ""salted_token"": ""t­o­l­l"", ""start"": 353, ""end"": 357, ""salt_mode"": ""fragment"", ""fragment_max_positions"": null}, {""original_token"": ""Sincerely"", ""salted_token"": ""S­i­n­c­e­r­e­l­y"", ""start"": 378, ""end"": 387, ""salt_mode"": ""fragment"", ""fragment_max_positions"": null}]"
00214.1367039e50dc6b7adb0f2aa8aba83216,00214__salted__broad__cp200B__fragment.1367039e50dc6b7adb0f2aa8aba83216,broad,200B,fragment,,1,3,True,"[{""original_token"": ""Dare"", ""salted_token"": ""D​a​r​e"", ""start"": 3, ""end"": 7, ""salt_mode"": ""fragment"", ""fragment_max_positions"": null}]","[{""original_token"": ""dare"", ""salted_token"": ""d​a​r​e"", ""start"": 4, ""end"": 8, ""salt_mode"": ""fragment"", ""fragment_max_positions"": null}, {""original_token"": ""annuity"", ""salted_token"": ""a​n​n​u​i​t​y"", ""start"": 38, ""end"": 45, ""salt_mode"": ""fragment"", ""fragment_max_positions"": null}, {""original_token"": ""Guaranteed"", ""salted_token"": ""G​u​a​r​a​n​t​e​e​d"", ""start"": 59, ""end"": 69, ""salt_mode"": ""fragment"", ""fragment_max_positions"": null}]"
00214.1367039e50dc6b7adb0f2aa8aba83216,00214__salted__broad__cp200C__fragment.1367039e50dc6b7adb0f2aa8aba83216,broad,200C,fragment,,1,3,True,"[{""original_token"": ""Dare"", ""salted_token"": ""D‌a‌r‌e"", ""start"": 3, ""end"": 7, ""salt_mode"": ""fragment"", ""fragment_max_positions"": null}]","[{""original_token"": ""dare"", ""salted_token"": ""d‌a‌r‌e"", ""start"": 4, ""end"": 8, ""salt_mode"": ""fragment"", ""fragment_max_positions"": null}, {""original_token"": ""annuity"", ""salted_token"": ""a‌n‌n‌u‌i‌t‌y"", ""start"": 38, ""end"": 45, ""salt_mode"": ""fragment"", ""fragment_max_positions"": null}, {""original_token"": ""Guaranteed"", ""salted_token"": ""G‌u‌a‌r‌a‌n‌t‌e‌e‌d"", ""start"": 59, ""end"": 69, ""salt_mode"": ""fragment"", ""fragment_max_positions"": null}]"
00214.1367039e50dc6b7adb0f2aa8aba83216,00214__salted__broad__cp200D__fragment.1367039e50dc6b7adb0f2aa8aba83216,broad,200D,fragment,,1,3,True,"[{""original_token"": ""Dare"", ""salted_token"": ""D‍a‍r‍e"", ""start"": 3, ""end"": 7, ""salt_mode"": ""fragment"", ""fragment_max_positions"": null}]","[{""original_token"": ""dare"", ""salted_token"": ""d‍a‍r‍e"", ""start"": 4, ""end"": 8, ""salt_mode"": ""fragment"", ""fragment_max_positions"": null}, {""original_token"": ""annuity"", ""salted_token"": ""a‍n‍n‍u‍i‍t‍y"", ""start"": 38, ""end"": 45, ""salt_mode"": ""fragment"", ""fragment_max_positions"": null}, {""original_token"": ""Guaranteed"", ""salted_token"": ""G‍u‍a‍r‍a‍n‍t‍e‍e‍d"", ""start"": 59, ""end"": 69, ""salt_mode"": ""fragment"", ""fragment_max_positions"": null}]"
00214.1367039e50dc6b7adb0f2aa8aba83216,00214__salted__broad__cp00AD__fragment.1367039e50dc6b7adb0f2aa8aba83216,broad,00AD,fragment,,1,3,True,"[{""original_token"": ""Dare"", ""salted_token"": ""D­a­r­e"", ""start"": 3, ""end"": 7, ""salt_mode"": ""fragment"", ""fragment_max_positions"": null}]","[{""original_token"": ""dare"", ""salted_token"": ""d­a­r­e"", ""start"": 4, ""end"": 8, ""salt_mode"": ""fragment"", ""fragment_max_positions"": null}, {""original_token"": ""annuity"", ""salted_token"": ""a­n­n­u­i­t­y"", ""start"": 38, ""end"": 45, ""salt_mode"": ""fragment"", ""fragment_max_positions"": null}, {""original_token"": ""Guaranteed"", ""salted_token"": ""G­u­a­r­a­n­t­e­e­d"", ""start"": 59, ""end"": 69, ""salt_mode"": ""fragment"", ""fragment_max_positions"": null}]"
00217.43b4ef3d9c56cf42be9c37b546a19e78,00217__salted__broad__cp200B__fragment.43b4ef3d9c56cf42be9c37b546a19e78,broad,200B,fragment,,1,0,False,"[{""original_token"": ""MLM"", ""salted_token"": ""M​L​M"", ""start"": 56, ""end"": 59, ""salt_mode"": ""fragment"", ""fragment_max_positions"": null}]",[]
00217.43b4ef3d9c56cf42be9c37b546a19e78,00217__salted__broad__cp200C__fragment.43b4ef3d9c56cf42be9c37b546a19e78,broad,200C,fragment,,1,0,False,"[{""original_token"": ""MLM"", ""salted_token"": ""M‌L‌M"", ""start"": 56, ""end"": 59, ""salt_mode"": ""fragment"", ""fragment_max_positions"": null}]",[]
00217.43b4ef3d9c56cf42be9c37b546a19e78,00217__salted__broad__cp200D__fragment.43b4ef3d9c56cf42be9c37b546a19e78,broad,200D,fragment,,1,0,False,"[{""original_token"": ""MLM"", ""salted_token"": ""M‍L‍M"", ""start"": 56, ""end"": 59, ""salt_mode"": ""fragment"", ""fragment_max_positions"": null}]",[]
00217.43b4ef3d9c56cf42be9c37b546a19e78,00217__salted__broad__cp00AD__fragment.43b4ef3d9c56cf42be9c37b546a19e78,broad,00AD,fragment,,1,0,False,"[{""original_token"": ""MLM"", ""salted_token"": ""M­L­M"", ""start"": 56, ""end"": 59, ""salt_mode"": ""fragment"", ""fragment_max_positions"": null}]",[]
00224.0654fe0af51e1dcefa0eb66eb932f55f,00224__salted__broad__cp200B__fragment.0654fe0af51e1dcefa0eb66eb932f55f,broad,200B,fragment,,1,3,True,"[{""original_token"": ""URGENT"", ""salted_token"": ""U​R​G​E​N​T"", ""start"": 0, ""end"": 6, ""salt_mode"": ""fragment"", ""fragment_max_positions"": null}]","[{""original_token"": ""Dear"", ""salted_token"": ""D​e​a​r"", ""start"": 0, ""end"": 4, ""salt_mode"": ""fragment"", ""fragment_max_positions"": null}, {""original_token"": ""sir"", ""salted_token"": ""s​i​r"", ""start"": 5, ""end"": 8, ""salt_mode"": ""fragment"", ""fragment_max_positions"": null}, {""original_token"": ""investment"", ""salted_token"": ""i​n​v​e​s​t​m​e​n​t"", ""start"": 716, ""end"": 726, ""salt_mode"": ""fragment"", ""fragment_max_positions"": null}]"
00224.0654fe0af51e1dcefa0eb66eb932f55f,00224__salted__broad__cp200C__fragment.0654fe0af51e1dcefa0eb66eb932f55f,broad,200C,fragment,,1,3,True,"[{""original_token"": ""URGENT"", ""salted_token"": ""U‌R‌G‌E‌N‌T"", ""start"": 0, ""end"": 6, ""salt_mode"": ""fragment"", ""fragment_max_positions"": null}]","[{""original_token"": ""Dear"", ""salted_token"": ""D‌e‌a‌r"", ""start"": 0, ""end"": 4, ""salt_mode"": ""fragment"", ""fragment_max_positions"": null}, {""original_token"": ""sir"", ""salted_token"": ""s‌i‌r"", ""start"": 5, ""end"": 8, ""salt_mode"": ""fragment"", ""fragment_max_positions"": null}, {""original_token"": ""investment"", ""salted_token"": ""i‌n‌v‌e‌s‌t‌m‌e‌n‌t"", ""start"": 716, ""end"": 726, ""salt_mode"": ""fragment"", ""fragment_max_positions"": null}]"
00224.0654fe0af51e1dcefa0eb66eb932f55f,00224__salted__broad__cp200D__fragment.0654fe0af51e1dcefa0eb66eb932f55f,broad,200D,fragment,,1,3,True,"[{""original_token"": ""URGENT"", ""salted_token"": ""U‍R‍G‍E‍N‍T"", ""start"": 0, ""end"": 6, ""salt_mode"": ""fragment"", ""fragment_max_positions"": null}]","[{""original_token"": ""Dear"", ""salted_token"": ""D‍e‍a‍r"", ""start"": 0, ""end"": 4, ""salt_mode"": ""fragment"", ""fragment_max_positions"": null}, {""original_token"": ""sir"", ""salted_token"": ""s‍i‍r"", ""start"": 5, ""end"": 8, ""salt_mode"": ""fragment"", ""fragment_max_positions"": null}, {""original_token"": ""investment"", ""salted_token"": ""i‍n‍v‍e‍s‍t‍m‍e‍n‍t"", ""start"": 716, ""end"": 726, ""salt_mode"": ""fragment"", ""fragment_max_positions"": null}]"
00224.0654fe0af51e1dcefa0eb66eb932f55f,00224__salted__broad__cp00AD__fragment.0654fe0af51e1dcefa0eb66eb932f55f,broad,00AD,fragment,,1,3,True,"[{""original_token"": ""URGENT"", ""salted_token"": ""U­R­G­E­N­T"", ""start"": 0, ""end"": 6, ""salt_mode"": ""fragment"", ""fragment_max_positions"": null}]","[{""original_token"": ""Dear"", ""salted_token"": ""D­e­a­r"", ""start"": 0, ""end"": 4, ""salt_mode"": ""fragment"", ""fragment_max_positions"": null}, {""original_token"": ""sir"", ""salted_token"": ""s­i­r"", ""start"": 5, ""end"": 8, ""salt_mode"": ""fragment"", ""fragment_max_positions"": null}, {""original_token"": ""investment"", ""salted_token"": ""i­n­v­e­s­t­m­e­n­t"", ""start"": 716, ""end"": 726, ""salt_mode"": ""fragment"", ""fragment_max_positions"": null}]"
00228.cf58326ab05a757c7e759acc8d6b360d,00228__salted__broad__cp200B__fragment.cf58326ab05a757c7e759acc8d6b360d,broad,200B,fragment,,1,3,True,"[{""original_token"": ""kindly"", ""salted_token"": ""k​i​n​d​l​y"", ""start"": 21, ""end"": 27, ""salt_mode"": ""fragment"", ""fragment_max_positions"": null}]","[{""original_token"": ""URGENT"", ""salted_token"": ""U​R​G​E​N​T"", ""start"": 13, ""end"": 19, ""salt_mode"": ""fragment"", ""fragment_max_positions"": null}, {""original_token"": ""ASSISTANCE"", ""salted_token"": ""A​S​S​I​S​T​A​N​C​E"", ""start"": 29, ""end"": 39, ""salt_mode"": ""fragment"", ""fragment_max_positions"": null}, {""original_token"": ""contact"", ""salted_token"": ""c​o​n​t​a​c​t"", ""start"": 84, ""end"": 91, ""salt_mode"": ""fragment"", ""fragment_max_positions"": null}]"
00228.cf58326ab05a757c7e759acc8d6b360d,00228__salted__broad__cp200C__fragment.cf58326ab05a757c7e759acc8d6b360d,broad,200C,fragment,,1,3,True,"[{""original_token"": ""kindly"", ""salted_token"": ""k‌i‌n‌d‌l‌y"", ""start"": 21, ""end"": 27, ""salt_mode"": ""fragment"", ""fragment_max_positions"": null}]","[{""original_token"": ""URGENT"", ""salted_token"": ""U‌R‌G‌E‌N‌T"", ""start"": 13, ""end"": 19, ""salt_mode"": ""fragment"", ""fragment_max_positions"": null}, {""original_token"": ""ASSISTANCE"", ""salted_token"": ""A‌S‌S‌I‌S‌T‌A‌N‌C‌E"", ""start"": 29, ""end"": 39, ""salt_mode"": ""fragment"", ""fragment_max_positions"": null}, {""original_token"": ""contact"", ""salted_token"": ""c‌o‌n‌t‌a‌c‌t"", ""start"": 84, ""end"": 91, ""salt_mode"": ""fragment"", ""fragment_max_positions"": null}]"
00228.cf58326ab05a757c7e759acc8d6b360d,00228__salted__broad__cp200D__fragment.cf58326ab05a757c7e759acc8d6b360d,broad,200D,fragment,,1,3,True,"[{""original_token"": ""kindly"", ""salted_token"": ""k‍i‍n‍d‍l‍y"", ""start"": 21, ""end"": 27, ""salt_mode"": ""fragment"", ""fragment_max_positions"": null}]","[{""original_token"": ""URGENT"", ""salted_token"": ""U‍R‍G‍E‍N‍T"", ""start"": 13, ""end"": 19, ""salt_mode"": ""fragment"", ""fragment_max_positions"": null}, {""original_token"": ""ASSISTANCE"", ""salted_token"": ""A‍S‍S‍I‍S‍T‍A‍N‍C‍E"", ""start"": 29, ""end"": 39, ""salt_mode"": ""fragment"", ""fragment_max_positions"": null}, {""original_token"": ""contact"", ""salted_token"": ""c‍o‍n‍t‍a‍c‍t"", ""start"": 84, ""end"": 91, ""salt_mode"": ""fragment"", ""fragment_max_positions"": null}]"
00228.cf58326ab05a757c7e759acc8d6b360d,00228__salted__broad__cp00AD__fragment.cf58326ab05a757c7e759acc8d6b360d,broad,00AD,fragment,,1,3,True,"[{""original_token"": ""kindly"", ""salted_token"": ""k­i­n­d­l­y"", ""start"": 21, ""end"": 27, ""salt_mode"": ""fragment"", ""fragment_max_positions"": null}]","[{""original_token"": ""URGENT"", ""salted_token"": ""U­R­G­E­N­T"", ""start"": 13, ""end"": 19, ""salt_mode"": ""fragment"", ""fragment_max_positions"": null}, {""original_token"": ""ASSISTANCE"", ""salted_token"": ""A­S­S­I­S­T­A­N­C­E"", ""start"": 29, ""end"": 39, ""salt_mode"": ""fragment"", ""fragment_max_positions"": null}, {""original_token"": ""contact"", ""salted_token"": ""c­o­n­t­a­c­t"", ""start"": 84, ""end"": 91, ""salt_mode"": ""fragment"", ""fragment_max_positions"": null}]"
00231.8c72952de376293bc38d30834c0bb580,00231__salted__broad__cp200B__fragment.8c72952de376293bc38d30834c0bb580,broad,200B,fragment,,1,0,False,"[{""original_token"": ""HGH"", ""salted_token"": ""H​G​H"", ""start"": 5, ""end"": 8, ""salt_mode"": ""fragment"", ""fragment_max_positions"": null}]",[]
00231.8c72952de376293bc38d30834c0bb580,00231__salted__broad__cp200C__fragment.8c72952de376293bc38d30834c0bb580,broad,200C,fragment,,1,0,False,"[{""original_token"": ""HGH"", ""salted_token"": ""H‌G‌H"", ""start"": 5, ""end"": 8, ""salt_mode"": ""fragment"", ""fragment_max_positions"": null}]",[]
00231.8c72952de376293bc38d30834c0bb580,00231__salted__broad__cp200D__fragment.8c72952de376293bc38d30834c0bb580,broad,200D,fragment,,1,0,False,"[{""original_token"": ""HGH"", ""salted_token"": ""H‍G‍H"", ""start"": 5, ""end"": 8, ""salt_mode"": ""fragment"", ""fragment_max_positions"": null}]",[]
00231.8c72952de376293bc38d30834c0bb580,00231__salted__broad__cp00AD__fragment.8c72952de376293bc38d30834c0bb580,broad,00AD,fragment,,1,0,False,"[{""original_token"": ""HGH"", ""salted_token"": ""H­G­H"", ""start"": 5, ""end"": 8, ""salt_mode"": ""fragment"", ""fragment_max_positions"": null}]",[]
00233.3c32285387ebc0675adb029b9e20e581,00233__salted__broad__cp200B__fragment.3c32285387ebc0675adb029b9e20e581,broad,200B,fragment,,1,3,True,"[{""original_token"": ""Guaranteed"", ""salted_token"": ""G​u​a​r​a​n​t​e​e​d"", ""start"": 7, ""end"": 17, ""salt_mode"": ""fragment"", ""fragment_max_positions"": null}]","[{""original_token"": ""Guarantee"", ""salted_token"": ""G​u​a​r​a​n​t​e​e"", ""start"": 102, ""end"": 111, ""salt_mode"": ""fragment"", ""fragment_max_positions"": null}, {""original_token"": ""Payments"", ""salted_token"": ""P​a​y​m​e​n​t​s"", ""start"": 145, ""end"": 153, ""salt_mode"": ""fragment"", ""fragment_max_positions"": null}, {""original_token"": ""Rates"", ""salted_token"": ""R​a​t​e​s"", ""start"": 240, ""end"": 245, ""salt_mode"": ""fragment"", ""fragment_max_positions"": null}]"
00233.3c32285387ebc0675adb029b9e20e581,00233__salted__broad__cp200C__fragment.3c32285387ebc0675adb029b9e20e581,broad,200C,fragment,,1,3,True,"[{""original_token"": ""Guaranteed"", ""salted_token"": ""G‌u‌a‌r‌a‌n‌t‌e‌e‌d"", ""start"": 7, ""end"": 17, ""salt_mode"": ""fragment"", ""fragment_max_positions"": null}]","[{""original_token"": ""Guarantee"", ""salted_token"": ""G‌u‌a‌r‌a‌n‌t‌e‌e"", ""start"": 102, ""end"": 111, ""salt_mode"": ""fragment"", ""fragment_max_positions"": null}, {""original_token"": ""Payments"", ""salted_token"": ""P‌a‌y‌m‌e‌n‌t‌s"", ""start"": 145, ""end"": 153, ""salt_mode"": ""fragment"", ""fragment_max_positions"": null}, {""original_token"": ""Rates"", ""salted_token"": ""R‌a‌t‌e‌s"", ""start"": 240, ""end"": 245, ""salt_mode"": ""fragment"", ""fragment_max_positions"": null}]"
00233.3c32285387ebc0675adb029b9e20e581,00233__salted__broad__cp200D__fragment.3c32285387ebc0675adb029b9e20e581,broad,200D,fragment,,1,3,True,"[{""original_token"": ""Guaranteed"", ""salted_token"": ""G‍u‍a‍r‍a‍n‍t‍e‍e‍d"", ""start"": 7, ""end"": 17, ""salt_mode"": ""fragment"", ""fragment_max_positions"": null}]","[{""original_token"": ""Guarantee"", ""salted_token"": ""G‍u‍a‍r‍a‍n‍t‍e‍e"", ""start"": 102, ""end"": 111, ""salt_mode"": ""fragment"", ""fragment_max_positions"": null}, {""original_token"": ""Payments"", ""salted_token"": ""P‍a‍y‍m‍e‍n‍t‍s"", ""start"": 145, ""end"": 153, ""salt_mode"": ""fragment"", ""fragment_max_positions"": null}, {""original_token"": ""Rates"", ""salted_token"": ""R‍a‍t‍e‍s"", ""start"": 240, ""end"": 245, ""salt_mode"": ""fragment"", ""fragment_max_positions"": null}]"
00233.3c32285387ebc0675adb029b9e20e581,00233__salted__broad__cp00AD__fragment.3c32285387ebc0675adb029b9e20e581,broad,00AD,fragment,,1,3,True,"[{""original_token"": ""Guaranteed"", ""salted_token"": ""G­u­a­r­a­n­t­e­e­d"", ""start"": 7, ""end"": 17, ""salt_mode"": ""fragment"", ""fragment_max_positions"": null}]","[{""original_token"": ""Guarantee"", ""salted_token"": ""G­u­a­r­a­n­t­e­e"", ""start"": 102, ""end"": 111, ""salt_mode"": ""fragment"", ""fragment_max_positions"": null}, {""original_token"": ""Payments"", ""salted_token"": ""P­a­y­m­e­n­t­s"", ""start"": 145, ""end"": 153, ""salt_mode"": ""fragment"", ""fragment_max_positions"": null}, {""original_token"": ""Rates"", ""salted_token"": ""R­a­t­e­s"", ""start"": 240, ""end"": 245, ""salt_mode"": ""fragment"", ""fragment_max_positions"": null}]"
00236.a46588c69d43e80c618038b95eff2893,00236__salted__broad__cp200B__fragment.a46588c69d43e80c618038b95eff2893,broad,200B,fragment,,1,3,True,"[{""original_token"": ""MILLION"", ""salted_token"": ""M​I​L​L​I​O​N"", ""start"": 17, ""end"": 24, ""salt_mode"": ""fragment"", ""fragment_max_positions"": null}]","[{""original_token"": ""TARGETED"", ""salted_token"": ""T​A​R​G​E​T​E​D"", ""start"": 84, ""end"": 92, ""salt_mode"": ""fragment"", ""fragment_max_positions"": null}, {""original_token"": ""MILLION"", ""salted_token"": ""M​I​L​L​I​O​N"", ""start"": 118, ""end"": 125, ""salt_mode"": ""fragment"", ""fragment_max_positions"": null}, {""original_token"": ""Opportunity"", ""salted_token"": ""O​p​p​o​r​t​u​n​i​t​y"", ""start"": 198, ""end"": 209, ""salt_mode"": ""fragment"", ""fragment_max_positions"": null}]"
00236.a46588c69d43e80c618038b95eff2893,00236__salted__broad__cp200C__fragment.a46588c69d43e80c618038b95eff2893,broad,200C,fragment,,1,3,True,"[{""original_token"": ""MILLION"", ""salted_token"": ""M‌I‌L‌L‌I‌O‌N"", ""start"": 17, ""end"": 24, ""salt_mode"": ""fragment"", ""fragment_max_positions"": null}]","[{""original_token"": ""TARGETED"", ""salted_token"": ""T‌A‌R‌G‌E‌T‌E‌D"", ""start"": 84, ""end"": 92, ""salt_mode"": ""fragment"", ""fragment_max_positions"": null}, {""original_token"": ""MILLION"", ""salted_token"": ""M‌I‌L‌L‌I‌O‌N"", ""start"": 118, ""end"": 125, ""salt_mode"": ""fragment"", ""fragment_max_positions"": null}, {""original_token"": ""Opportunity"", ""salted_token"": ""O‌p‌p‌o‌r‌t‌u‌n‌i‌t‌y"", ""start"": 198, ""end"": 209, ""salt_mode"": ""fragment"", ""fragment_max_positions"": null}]"
00236.a46588c69d43e80c618038b95eff2893,00236__salted__broad__cp200D__fragment.a46588c69d43e80c618038b95eff2893,broad,200D,fragment,,1,3,True,"[{""original_token"": ""MILLION"", ""salted_token"": ""M‍I‍L‍L‍I‍O‍N"", ""start"": 17, ""end"": 24, ""salt_mode"": ""fragment"", ""fragment_max_positions"": null}]","[{""original_token"": ""TARGETED"", ""salted_token"": ""T‍A‍R‍G‍E‍T‍E‍D"", ""start"": 84, ""end"": 92, ""salt_mode"": ""fragment"", ""fragment_max_positions"": null}, {""original_token"": ""MILLION"", ""salted_token"": ""M‍I‍L‍L‍I‍O‍N"", ""start"": 118, ""end"": 125, ""salt_mode"": ""fragment"", ""fragment_max_positions"": null}, {""original_token"": ""Opportunity"", ""salted_token"": ""O‍p‍p‍o‍r‍t‍u‍n‍i‍t‍y"", ""start"": 198, ""end"": 209, ""salt_mode"": ""fragment"", ""fragment_max_positions"": null}]"
00236.a46588c69d43e80c618038b95eff2893,00236__salted__broad__cp00AD__fragment.a46588c69d43e80c618038b95eff2893,broad,00AD,fragment,,1,3,True,"[{""original_token"": ""MILLION"", ""salted_token"": ""M­I­L­L­I­O­N"", ""start"": 17, ""end"": 24, ""salt_mode"": ""fragment"", ""fragment_max_positions"": null}]","[{""original_token"": ""TARGETED"", ""salted_token"": ""T­A­R­G­E­T­E­D"", ""start"": 84, ""end"": 92, ""salt_mode"": ""fragment"", ""fragment_max_positions"": null}, {""original_token"": ""MILLION"", ""salted_token"": ""M­I­L­L­I­O­N"", ""start"": 118, ""end"": 125, ""salt_mode"": ""fragment"", ""fragment_max_positions"": null}, {""original_token"": ""Opportunity"", ""salted_token"": ""O­p­p­o­r­t­u­n­i­t­y"", ""start"": 198, ""end"": 209, ""salt_mode"": ""fragment"", ""fragment_max_positions"": null}]"
00246.4dc5830a5a3e1fda805613b61822bac8,00246__salted__broad__cp200B__fragment.4dc5830a5a3e1fda805613b61822bac8,broad,200B,fragment,,1,0,False,"[{""original_token"": ""Profits"", ""salted_token"": ""P​r​o​f​i​t​s"", ""start"": 10, ""end"": 17, ""salt_mode"": ""fragment"", ""fragment_max_positions"": null}]",[]
00246.4dc5830a5a3e1fda805613b61822bac8,00246__salted__broad__cp200C__fragment.4dc5830a5a3e1fda805613b61822bac8,broad,200C,fragment,,1,0,False,"[{""original_token"": ""Profits"", ""salted_token"": ""P‌r‌o‌f‌i‌t‌s"", ""start"": 10, ""end"": 17, ""salt_mode"": ""fragment"", ""fragment_max_positions"": null}]",[]
00246.4dc5830a5a3e1fda805613b61822bac8,00246__salted__broad__cp200D__fragment.4dc5830a5a3e1fda805613b61822bac8,broad,200D,fragment,,1,0,False,"[{""original_token"": ""Profits"", ""salted_token"": ""P‍r‍o‍f‍i‍t‍s"", ""start"": 10, ""end"": 17, ""salt_mode"": ""fragment"", ""fragment_max_positions"": null}]",[]
00246.4dc5830a5a3e1fda805613b61822bac8,00246__salted__broad__cp00AD__fragment.4dc5830a5a3e1fda805613b61822bac8,broad,00AD,fragment,,1,0,False,"[{""original_token"": ""Profits"", ""salted_token"": ""P­r­o­f­i­t­s"", ""start"": 10, ""end"": 17, ""salt_mode"": ""fragment"", ""fragment_max_positions"": null}]",[]
00248.2212008dd1bd6e4d2326d8c6ce81d01a,00248__salted__broad__cp200B__fragment.2212008dd1bd6e4d2326d8c6ce81d01a,broad,200B,fragment,,1,0,False,"[{""original_token"": ""Financial"", ""salted_token"": ""F​i​n​a​n​c​i​a​l"", ""start"": 25, ""end"": 34, ""salt_mode"": ""fragment"", ""fragment_max_positions"": null}]",[]
00248.2212008dd1bd6e4d2326d8c6ce81d01a,00248__salted__broad__cp200C__fragment.2212008dd1bd6e4d2326d8c6ce81d01a,broad,200C,fragment,,1,0,False,"[{""original_token"": ""Financial"", ""salted_token"": ""F‌i‌n‌a‌n‌c‌i‌a‌l"", ""start"": 25, ""end"": 34, ""salt_mode"": ""fragment"", ""fragment_max_positions"": null}]",[]
00248.2212008dd1bd6e4d2326d8c6ce81d01a,00248__salted__broad__cp200D__fragment.2212008dd1bd6e4d2326d8c6ce81d01a,broad,200D,fragment,,1,0,False,"[{""original_token"": ""Financial"", ""salted_token"": ""F‍i‍n‍a‍n‍c‍i‍a‍l"", ""start"": 25, ""end"": 34, ""salt_mode"": ""fragment"", ""fragment_max_positions"": null}]",[]
00248.2212008dd1bd6e4d2326d8c6ce81d01a,00248__salted__broad__cp00AD__fragment.2212008dd1bd6e4d2326d8c6ce81d01a,broad,00AD,fragment,,1,0,False,"[{""original_token"": ""Financial"", ""salted_token"": ""F­i­n­a­n­c­i­a­l"", ""start"": 25, ""end"": 34, ""salt_mode"": ""fragment"", ""fragment_max_positions"": null}]",[]
00248.b243bca51ee69d6e428ca2f45f0fe41b,00248__salted__broad__cp200B__fragment.b243bca51ee69d6e428ca2f45f0fe41b,broad,200B,fragment,,0,3,True,[],"[{""original_token"": ""Qualified"", ""salted_token"": ""Q​u​a​l​i​f​i​e​d"", ""start"": 29, ""end"": 38, ""salt_mode"": ""fragment"", ""fragment_max_positions"": null}, {""original_token"": ""Approved"", ""salted_token"": ""A​p​p​r​o​v​e​d"", ""start"": 278, ""end"": 286, ""salt_mode"": ""fragment"", ""fragment_max_positions"": null}, {""original_token"": ""proposal"", ""salted_token"": ""p​r​o​p​o​s​a​l"", ""start"": 456, ""end"": 464, ""salt_mode"": ""fragment"", ""fragment_max_positions"": null}]"
00248.b243bca51ee69d6e428ca2f45f0fe41b,00248__salted__broad__cp200C__fragment.b243bca51ee69d6e428ca2f45f0fe41b,broad,200C,fragment,,0,3,True,[],"[{""original_token"": ""Qualified"", ""salted_token"": ""Q‌u‌a‌l‌i‌f‌i‌e‌d"", ""start"": 29, ""end"": 38, ""salt_mode"": ""fragment"", ""fragment_max_positions"": null}, {""original_token"": ""Approved"", ""salted_token"": ""A‌p‌p‌r‌o‌v‌e‌d"", ""start"": 278, ""end"": 286, ""salt_mode"": ""fragment"", ""fragment_max_positions"": null}, {""original_token"": ""proposal"", ""salted_token"": ""p‌r‌o‌p‌o‌s‌a‌l"", ""start"": 456, ""end"": 464, ""salt_mode"": ""fragment"", ""fragment_max_positions"": null}]"
00248.b243bca51ee69d6e428ca2f45f0fe41b,00248__salted__broad__cp200D__fragment.b243bca51ee69d6e428ca2f45f0fe41b,broad,200D,fragment,,0,3,True,[],"[{""original_token"": ""Qualified"", ""salted_token"": ""Q‍u‍a‍l‍i‍f‍i‍e‍d"", ""start"": 29, ""end"": 38, ""salt_mode"": ""fragment"", ""fragment_max_positions"": null}, {""original_token"": ""Approved"", ""salted_token"": ""A‍p‍p‍r‍o‍v‍e‍d"", ""start"": 278, ""end"": 286, ""salt_mode"": ""fragment"", ""fragment_max_positions"": null}, {""original_token"": ""proposal"", ""salted_token"": ""p‍r‍o‍p‍o‍s‍a‍l"", ""start"": 456, ""end"": 464, ""salt_mode"": ""fragment"", ""fragment_max_positions"": null}]"
00248.b243bca51ee69d6e428ca2f45f0fe41b,00248__salted__broad__cp00AD__fragment.b243bca51ee69d6e428ca2f45f0fe41b,broad,00AD,fragment,,0,3,True,[],"[{""original_token"": ""Qualified"", ""salted_token"": ""Q­u­a­l­i­f­i­e­d"", ""start"": 29, ""end"": 38, ""salt_mode"": ""fragment"", ""fragment_max_positions"": null}, {""original_token"": ""Approved"", ""salted_token"": ""A­p­p­r­o­v­e­d"", ""start"": 278, ""end"": 286, ""salt_mode"": ""fragment"", ""fragment_max_positions"": null}, {""original_token"": ""proposal"", ""salted_token"": ""p­r­o­p­o­s­a­l"", ""start"": 456, ""end"": 464, ""salt_mode"": ""fragment"", ""fragment_max_positions"": null}]"
00249.5f45607c1bffe89f60ba1ec9f878039a,00249__salted__broad__cp200B__fragment.5f45607c1bffe89f60ba1ec9f878039a,broad,200B,fragment,,1,3,True,"[{""original_token"": ""mortgage"", ""salted_token"": ""m​o​r​t​g​a​g​e"", ""start"": 22, ""end"": 30, ""salt_mode"": ""fragment"", ""fragment_max_positions"": null}]","[{""original_token"": ""Dear"", ""salted_token"": ""D​e​a​r"", ""start"": 0, ""end"": 4, ""salt_mode"": ""fragment"", ""fragment_max_positions"": null}, {""original_token"": ""Rates"", ""salted_token"": ""R​a​t​e​s"", ""start"": 27, ""end"": 32, ""salt_mode"": ""fragment"", ""fragment_max_positions"": null}, {""original_token"": ""lowest"", ""salted_token"": ""l​o​w​e​s​t"", ""start"": 46, ""end"": 52, ""salt_mode"": ""fragment"", ""fragment_max_positions"": null}]"
00249.5f45607c1bffe89f60ba1ec9f878039a,00249__salted__broad__cp200C__fragment.5f45607c1bffe89f60ba1ec9f878039a,broad,200C,fragment,,1,3,True,"[{""original_token"": ""mortgage"", ""salted_token"": ""m‌o‌r‌t‌g‌a‌g‌e"", ""start"": 22, ""end"": 30, ""salt_mode"": ""fragment"", ""fragment_max_positions"": null}]","[{""original_token"": ""Dear"", ""salted_token"": ""D‌e‌a‌r"", ""start"": 0, ""end"": 4, ""salt_mode"": ""fragment"", ""fragment_max_positions"": null}, {""original_token"": ""Rates"", ""salted_token"": ""R‌a‌t‌e‌s"", ""start"": 27, ""end"": 32, ""salt_mode"": ""fragment"", ""fragment_max_positions"": null}, {""original_token"": ""lowest"", ""salted_token"": ""l‌o‌w‌e‌s‌t"", ""start"": 46, ""end"": 52, ""salt_mode"": ""fragment"", ""fragment_max_positions"": null}]"
00249.5f45607c1bffe89f60ba1ec9f878039a,00249__salted__broad__cp200D__fragment.5f45607c1bffe89f60ba1ec9f878039a,broad,200D,fragment,,1,3,True,"[{""original_token"": ""mortgage"", ""salted_token"": ""m‍o‍r‍t‍g‍a‍g‍e"", ""start"": 22, ""end"": 30, ""salt_mode"": ""fragment"", ""fragment_max_positions"": null}]","[{""original_token"": ""Dear"", ""salted_token"": ""D‍e‍a‍r"", ""start"": 0, ""end"": 4, ""salt_mode"": ""fragment"", ""fragment_max_positions"": null}, {""original_token"": ""Rates"", ""salted_token"": ""R‍a‍t‍e‍s"", ""start"": 27, ""end"": 32, ""salt_mode"": ""fragment"", ""fragment_max_positions"": null}, {""original_token"": ""lowest"", ""salted_token"": ""l‍o‍w‍e‍s‍t"", ""start"": 46, ""end"": 52, ""salt_mode"": ""fragment"", ""fragment_max_positions"": null}]"
00249.5f45607c1bffe89f60ba1ec9f878039a,00249__salted__broad__cp00AD__fragment.5f45607c1bffe89f60ba1ec9f878039a,broad,00AD,fragment,,1,3,True,"[{""original_token"": ""mortgage"", ""salted_token"": ""m­o­r­t­g­a­g­e"", ""start"": 22, ""end"": 30, ""salt_mode"": ""fragment"", ""fragment_max_positions"": null}]","[{""original_token"": ""Dear"", ""salted_token"": ""D­e­a­r"", ""start"": 0, ""end"": 4, ""salt_mode"": ""fragment"", ""fragment_max_positions"": null}, {""original_token"": ""Rates"", ""salted_token"": ""R­a­t­e­s"", ""start"": 27, ""end"": 32, ""salt_mode"": ""fragment"", ""fragment_max_positions"": null}, {""original_token"": ""lowest"", ""salted_token"": ""l­o­w­e­s­t"", ""start"": 46, ""end"": 52, ""salt_mode"": ""fragment"", ""fragment_max_positions"": null}]"
00251.6b4b7e79e1706156839a00817d774e37,00251__salted__broad__cp200B__fragment.6b4b7e79e1706156839a00817d774e37,broad,200B,fragment,,1,0,False,"[{""original_token"": ""SYSTEMWORKS"", ""salted_token"": ""S​Y​S​T​E​M​W​O​R​K​S"", ""start"": 4, ""end"": 15, ""salt_mode"": ""fragment"", ""fragment_max_positions"": null}]",[]
00251.6b4b7e79e1706156839a00817d774e37,00251__salted__broad__cp200C__fragment.6b4b7e79e1706156839a00817d774e37,broad,200C,fragment,,1,0,False,"[{""original_token"": ""SYSTEMWORKS"", ""salted_token"": ""S‌Y‌S‌T‌E‌M‌W‌O‌R‌K‌S"", ""start"": 4, ""end"": 15, ""salt_mode"": ""fragment"", ""fragment_max_positions"": null}]",[]
00251.6b4b7e79e1706156839a00817d774e37,00251__salted__broad__cp200D__fragment.6b4b7e79e1706156839a00817d774e37,broad,200D,fragment,,1,0,False,"[{""original_token"": ""SYSTEMWORKS"", ""salted_token"": ""S‍Y‍S‍T‍E‍M‍W‍O‍R‍K‍S"", ""start"": 4, ""end"": 15, ""salt_mode"": ""fragment"", ""fragment_max_positions"": null}]",[]
00251.6b4b7e79e1706156839a00817d774e37,00251__salted__broad__cp00AD__fragment.6b4b7e79e1706156839a00817d774e37,broad,00AD,fragment,,1,0,False,"[{""original_token"": ""SYSTEMWORKS"", ""salted_token"": ""S­Y­S­T­E­M­W­O­R­K­S"", ""start"": 4, ""end"": 15, ""salt_mode"": ""fragment"", ""fragment_max_positions"": null}]",[]
00261.12b64e557e52daf5fc5a52e47df2f4e3,00261__salted__broad__cp200B__fragment.12b64e557e52daf5fc5a52e47df2f4e3,broad,200B,fragment,,1,3,True,"[{""original_token"": ""Skills"", ""salted_token"": ""S​k​i​l​l​s"", ""start"": 17, ""end"": 23, ""salt_mode"": ""fragment"", ""fragment_max_positions"": null}]","[{""original_token"": ""skills"", ""salted_token"": ""s​k​i​l​l​s"", ""start"": 103, ""end"": 109, ""salt_mode"": ""fragment"", ""fragment_max_positions"": null}, {""original_token"": ""comprehensive"", ""salted_token"": ""c​o​m​p​r​e​h​e​n​s​i​v​e"", ""start"": 556, ""end"": 569, ""salt_mode"": ""fragment"", ""fragment_max_positions"": null}, {""original_token"": ""RISK"", ""salted_token"": ""R​I​S​K"", ""start"": 584, ""end"": 588, ""salt_mode"": ""fragment"", ""fragment_max_positions"": null}]"
00261.12b64e557e52daf5fc5a52e47df2f4e3,00261__salted__broad__cp200C__fragment.12b64e557e52daf5fc5a52e47df2f4e3,broad,200C,fragment,,1,3,True,"[{""original_token"": ""Skills"", ""salted_token"": ""S‌k‌i‌l‌l‌s"", ""start"": 17, ""end"": 23, ""salt_mode"": ""fragment"", ""fragment_max_positions"": null}]","[{""original_token"": ""skills"", ""salted_token"": ""s‌k‌i‌l‌l‌s"", ""start"": 103, ""end"": 109, ""salt_mode"": ""fragment"", ""fragment_max_positions"": null}, {""original_token"": ""comprehensive"", ""salted_token"": ""c‌o‌m‌p‌r‌e‌h‌e‌n‌s‌i‌v‌e"", ""start"": 556, ""end"": 569, ""salt_mode"": ""fragment"", ""fragment_max_positions"": null}, {""original_token"": ""RISK"", ""salted_token"": ""R‌I‌S‌K"", ""start"": 584, ""end"": 588, ""salt_mode"": ""fragment"", ""fragment_max_positions"": null}]"
00261.12b64e557e52daf5fc5a52e47df2f4e3,00261__salted__broad__cp200D__fragment.12b64e557e52daf5fc5a52e47df2f4e3,broad,200D,fragment,,1,3,True,"[{""original_token"": ""Skills"", ""salted_token"": ""S‍k‍i‍l‍l‍s"", ""start"": 17, ""end"": 23, ""salt_mode"": ""fragment"", ""fragment_max_positions"": null}]","[{""original_token"": ""skills"", ""salted_token"": ""s‍k‍i‍l‍l‍s"", ""start"": 103, ""end"": 109, ""salt_mode"": ""fragment"", ""fragment_max_positions"": null}, {""original_token"": ""comprehensive"", ""salted_token"": ""c‍o‍m‍p‍r‍e‍h‍e‍n‍s‍i‍v‍e"", ""start"": 556, ""end"": 569, ""salt_mode"": ""fragment"", ""fragment_max_positions"": null}, {""original_token"": ""RISK"", ""salted_token"": ""R‍I‍S‍K"", ""start"": 584, ""end"": 588, ""salt_mode"": ""fragment"", ""fragment_max_positions"": null}]"
00261.12b64e557e52daf5fc5a52e47df2f4e3,00261__salted__broad__cp00AD__fragment.12b64e557e52daf5fc5a52e47df2f4e3,broad,00AD,fragment,,1,3,True,"[{""original_token"": ""Skills"", ""salted_token"": ""S­k­i­l­l­s"", ""start"": 17, ""end"": 23, ""salt_mode"": ""fragment"", ""fragment_max_positions"": null}]","[{""original_token"": ""skills"", ""salted_token"": ""s­k­i­l­l­s"", ""start"": 103, ""end"": 109, ""salt_mode"": ""fragment"", ""fragment_max_positions"": null}, {""original_token"": ""comprehensive"", ""salted_token"": ""c­o­m­p­r­e­h­e­n­s­i­v­e"", ""start"": 556, ""end"": 569, ""salt_mode"": ""fragment"", ""fragment_max_positions"": null}, {""original_token"": ""RISK"", ""salted_token"": ""R­I­S­K"", ""start"": 584, ""end"": 588, ""salt_mode"": ""fragment"", ""fragment_max_positions"": null}]"
00263.32b258c4cc08d235b2ca36fc16074f08,00263__salted__broad__cp200B__fragment.32b258c4cc08d235b2ca36fc16074f08,broad,200B,fragment,,1,3,True,"[{""original_token"": ""Desk"", ""salted_token"": ""D​e​s​k"", ""start"": 9, ""end"": 13, ""salt_mode"": ""fragment"", ""fragment_max_positions"": null}]","[{""original_token"": ""Click"", ""salted_token"": ""C​l​i​c​k"", ""start"": 215, ""end"": 220, ""salt_mode"": ""fragment"", ""fragment_max_positions"": null}, {""original_token"": ""enemies"", ""salted_token"": ""e​n​e​m​i​e​s"", ""start"": 367, ""end"": 374, ""salt_mode"": ""fragment"", ""fragment_max_positions"": null}, {""original_token"": ""click"", ""salted_token"": ""c​l​i​c​k"", ""start"": 567, ""end"": 572, ""salt_mode"": ""fragment"", ""fragment_max_positions"": null}]"
00263.32b258c4cc08d235b2ca36fc16074f08,00263__salted__broad__cp200C__fragment.32b258c4cc08d235b2ca36fc16074f08,broad,200C,fragment,,1,3,True,"[{""original_token"": ""Desk"", ""salted_token"": ""D‌e‌s‌k"", ""start"": 9, ""end"": 13, ""salt_mode"": ""fragment"", ""fragment_max_positions"": null}]","[{""original_token"": ""Click"", ""salted_token"": ""C‌l‌i‌c‌k"", ""start"": 215, ""end"": 220, ""salt_mode"": ""fragment"", ""fragment_max_positions"": null}, {""original_token"": ""enemies"", ""salted_token"": ""e‌n‌e‌m‌i‌e‌s"", ""start"": 367, ""end"": 374, ""salt_mode"": ""fragment"", ""fragment_max_positions"": null}, {""original_token"": ""click"", ""salted_token"": ""c‌l‌i‌c‌k"", ""start"": 567, ""end"": 572, ""salt_mode"": ""fragment"", ""fragment_max_positions"": null}]"
00263.32b258c4cc08d235b2ca36fc16074f08,00263__salted__broad__cp200D__fragment.32b258c4cc08d235b2ca36fc16074f08,broad,200D,fragment,,1,3,True,"[{""original_token"": ""Desk"", ""salted_token"": ""D‍e‍s‍k"", ""start"": 9, ""end"": 13, ""salt_mode"": ""fragment"", ""fragment_max_positions"": null}]","[{""original_token"": ""Click"", ""salted_token"": ""C‍l‍i‍c‍k"", ""start"": 215, ""end"": 220, ""salt_mode"": ""fragment"", ""fragment_max_positions"": null}, {""original_token"": ""enemies"", ""salted_token"": ""e‍n‍e‍m‍i‍e‍s"", ""start"": 367, ""end"": 374, ""salt_mode"": ""fragment"", ""fragment_max_positions"": null}, {""original_token"": ""click"", ""salted_token"": ""c‍l‍i‍c‍k"", ""start"": 567, ""end"": 572, ""salt_mode"": ""fragment"", ""fragment_max_positions"": null}]"
00263.32b258c4cc08d235b2ca36fc16074f08,00263__salted__broad__cp00AD__fragment.32b258c4cc08d235b2ca36fc16074f08,broad,00AD,fragment,,1,3,True,"[{""original_token"": ""Desk"", ""salted_token"": ""D­e­s­k"", ""start"": 9, ""end"": 13, ""salt_mode"": ""fragment"", ""fragment_max_positions"": null}]","[{""original_token"": ""Click"", ""salted_token"": ""C­l­i­c­k"", ""start"": 215, ""end"": 220, ""salt_mode"": ""fragment"", ""fragment_max_positions"": null}, {""original_token"": ""enemies"", ""salted_token"": ""e­n­e­m­i­e­s"", ""start"": 367, ""end"": 374, ""salt_mode"": ""fragment"", ""fragment_max_positions"": null}, {""original_token"": ""click"", ""salted_token"": ""c­l­i­c­k"", ""start"": 567, ""end"": 572, ""salt_mode"": ""fragment"", ""fragment_max_positions"": null}]"
00264.02b614f34aa0d5970959123b9386b285,00264__salted__broad__cp200B__fragment.02b614f34aa0d5970959123b9386b285,broad,200B,fragment,,0,3,True,[],"[{""original_token"": ""offer"", ""salted_token"": ""o​f​f​e​r"", ""start"": 103, ""end"": 108, ""salt_mode"": ""fragment"", ""fragment_max_positions"": null}, {""original_token"": ""visitors"", ""salted_token"": ""v​i​s​i​t​o​r​s"", ""start"": 177, ""end"": 185, ""salt_mode"": ""fragment"", ""fragment_max_positions"": null}, {""original_token"": ""introduce"", ""salted_token"": ""i​n​t​r​o​d​u​c​e"", ""start"": 220, ""end"": 229, ""salt_mode"": ""fragment"", ""fragment_max_positions"": null}]"
00264.02b614f34aa0d5970959123b9386b285,00264__salted__broad__cp200C__fragment.02b614f34aa0d5970959123b9386b285,broad,200C,fragment,,0,3,True,[],"[{""original_token"": ""offer"", ""salted_token"": ""o‌f‌f‌e‌r"", ""start"": 103, ""end"": 108, ""salt_mode"": ""fragment"", ""fragment_max_positions"": null}, {""original_token"": ""visitors"", ""salted_token"": ""v‌i‌s‌i‌t‌o‌r‌s"", ""start"": 177, ""end"": 185, ""salt_mode"": ""fragment"", ""fragment_max_positions"": null}, {""original_token"": ""introduce"", ""salted_token"": ""i‌n‌t‌r‌o‌d‌u‌c‌e"", ""start"": 220, ""end"": 229, ""salt_mode"": ""fragment"", ""fragment_max_positions"": null}]"
00264.02b614f34aa0d5970959123b9386b285,00264__salted__broad__cp200D__fragment.02b614f34aa0d5970959123b9386b285,broad,200D,fragment,,0,3,True,[],"[{""original_token"": ""offer"", ""salted_token"": ""o‍f‍f‍e‍r"", ""start"": 103, ""end"": 108, ""salt_mode"": ""fragment"", ""fragment_max_positions"": null}, {""original_token"": ""visitors"", ""salted_token"": ""v‍i‍s‍i‍t‍o‍r‍s"", ""start"": 177, ""end"": 185, ""salt_mode"": ""fragment"", ""fragment_max_positions"": null}, {""original_token"": ""introduce"", ""salted_token"": ""i‍n‍t‍r‍o‍d‍u‍c‍e"", ""start"": 220, ""end"": 229, ""salt_mode"": ""fragment"", ""fragment_max_positions"": null}]"
00264.02b614f34aa0d5970959123b9386b285,00264__salted__broad__cp00AD__fragment.02b614f34aa0d5970959123b9386b285,broad,00AD,fragment,,0,3,True,[],"[{""original_token"": ""offer"", ""salted_token"": ""o­f­f­e­r"", ""start"": 103, ""end"": 108, ""salt_mode"": ""fragment"", ""fragment_max_positions"": null}, {""original_token"": ""visitors"", ""salted_token"": ""v­i­s­i­t­o­r­s"", ""start"": 177, ""end"": 185, ""salt_mode"": ""fragment"", ""fragment_max_positions"": null}, {""original_token"": ""introduce"", ""salted_token"": ""i­n­t­r­o­d­u­c­e"", ""start"": 220, ""end"": 229, ""salt_mode"": ""fragment"", ""fragment_max_positions"": null}]"
00279.1d58a13e343c1e53aca2ed2121a3f815,00279__salted__broad__cp200B__fragment.1d58a13e343c1e53aca2ed2121a3f815,broad,200B,fragment,,1,3,True,"[{""original_token"": ""urgent"", ""salted_token"": ""u​r​g​e​n​t"", ""start"": 2, ""end"": 8, ""salt_mode"": ""fragment"", ""fragment_max_positions"": null}]","[{""original_token"": ""City"", ""salted_token"": ""C​i​t​y"", ""start"": 46, ""end"": 50, ""salt_mode"": ""fragment"", ""fragment_max_positions"": null}, {""original_token"": ""DEAR"", ""salted_token"": ""D​E​A​R"", ""start"": 137, ""end"": 141, ""salt_mode"": ""fragment"", ""fragment_max_positions"": null}, {""original_token"": ""SIR"", ""salted_token"": ""S​I​R"", ""start"": 142, ""end"": 145, ""salt_mode"": ""fragment"", ""fragment_max_positions"": null}]"
00279.1d58a13e343c1e53aca2ed2121a3f815,00279__salted__broad__cp200C__fragment.1d58a13e343c1e53aca2ed2121a3f815,broad,200C,fragment,,1,3,True,"[{""original_token"": ""urgent"", ""salted_token"": ""u‌r‌g‌e‌n‌t"", ""start"": 2, ""end"": 8, ""salt_mode"": ""fragment"", ""fragment_max_positions"": null}]","[{""original_token"": ""City"", ""salted_token"": ""C‌i‌t‌y"", ""start"": 46, ""end"": 50, ""salt_mode"": ""fragment"", ""fragment_max_positions"": null}, {""original_token"": ""DEAR"", ""salted_token"": ""D‌E‌A‌R"", ""start"": 137, ""end"": 141, ""salt_mode"": ""fragment"", ""fragment_max_positions"": null}, {""original_token"": ""SIR"", ""salted_token"": ""S‌I‌R"", ""start"": 142, ""end"": 145, ""salt_mode"": ""fragment"", ""fragment_max_positions"": null}]"
00279.1d58a13e343c1e53aca2ed2121a3f815,00279__salted__broad__cp200D__fragment.1d58a13e343c1e53aca2ed2121a3f815,broad,200D,fragment,,1,3,True,"[{""original_token"": ""urgent"", ""salted_token"": ""u‍r‍g‍e‍n‍t"", ""start"": 2, ""end"": 8, ""salt_mode"": ""fragment"", ""fragment_max_positions"": null}]","[{""original_token"": ""City"", ""salted_token"": ""C‍i‍t‍y"", ""start"": 46, ""end"": 50, ""salt_mode"": ""fragment"", ""fragment_max_positions"": null}, {""original_token"": ""DEAR"", ""salted_token"": ""D‍E‍A‍R"", ""start"": 137, ""end"": 141, ""salt_mode"": ""fragment"", ""fragment_max_positions"": null}, {""original_token"": ""SIR"", ""salted_token"": ""S‍I‍R"", ""start"": 142, ""end"": 145, ""salt_mode"": ""fragment"", ""fragment_max_positions"": null}]"
00279.1d58a13e343c1e53aca2ed2121a3f815,00279__salted__broad__cp00AD__fragment.1d58a13e343c1e53aca2ed2121a3f815,broad,00AD,fragment,,1,3,True,"[{""original_token"": ""urgent"", ""salted_token"": ""u­r­g­e­n­t"", ""start"": 2, ""end"": 8, ""salt_mode"": ""fragment"", ""fragment_max_positions"": null}]","[{""original_token"": ""City"", ""salted_token"": ""C­i­t­y"", ""start"": 46, ""end"": 50, ""salt_mode"": ""fragment"", ""fragment_max_positions"": null}, {""original_token"": ""DEAR"", ""salted_token"": ""D­E­A­R"", ""start"": 137, ""end"": 141, ""salt_mode"": ""fragment"", ""fragment_max_positions"": null}, {""original_token"": ""SIR"", ""salted_token"": ""S­I­R"", ""start"": 142, ""end"": 145, ""salt_mode"": ""fragment"", ""fragment_max_positions"": null}]"
00280.026da2bd191f11081b8d8428134b0c66,00280__salted__broad__cp200B__fragment.026da2bd191f11081b8d8428134b0c66,broad,200B,fragment,,0,3,True,[],"[{""original_token"": ""million"", ""salted_token"": ""m​i​l​l​i​o​n"", ""start"": 213, ""end"": 220, ""salt_mode"": ""fragment"", ""fragment_max_positions"": null}, {""original_token"": ""Promotion"", ""salted_token"": ""P​r​o​m​o​t​i​o​n"", ""start"": 663, ""end"": 672, ""salt_mode"": ""fragment"", ""fragment_max_positions"": null}, {""original_token"": ""Deposit"", ""salted_token"": ""D​e​p​o​s​i​t"", ""start"": 682, ""end"": 689, ""salt_mode"": ""fragment"", ""fragment_max_positions"": null}]"
00280.026da2bd191f11081b8d8428134b0c66,00280__salted__broad__cp200C__fragment.026da2bd191f11081b8d8428134b0c66,broad,200C,fragment,,0,3,True,[],"[{""original_token"": ""million"", ""salted_token"": ""m‌i‌l‌l‌i‌o‌n"", ""start"": 213, ""end"": 220, ""salt_mode"": ""fragment"", ""fragment_max_positions"": null}, {""original_token"": ""Promotion"", ""salted_token"": ""P‌r‌o‌m‌o‌t‌i‌o‌n"", ""start"": 663, ""end"": 672, ""salt_mode"": ""fragment"", ""fragment_max_positions"": null}, {""original_token"": ""Deposit"", ""salted_token"": ""D‌e‌p‌o‌s‌i‌t"", ""start"": 682, ""end"": 689, ""salt_mode"": ""fragment"", ""fragment_max_positions"": null}]"
00280.026da2bd191f11081b8d8428134b0c66,00280__salted__broad__cp200D__fragment.026da2bd191f11081b8d8428134b0c66,broad,200D,fragment,,0,3,True,[],"[{""original_token"": ""million"", ""salted_token"": ""m‍i‍l‍l‍i‍o‍n"", ""start"": 213, ""end"": 220, ""salt_mode"": ""fragment"", ""fragment_max_positions"": null}, {""original_token"": ""Promotion"", ""salted_token"": ""P‍r‍o‍m‍o‍t‍i‍o‍n"", ""start"": 663, ""end"": 672, ""salt_mode"": ""fragment"", ""fragment_max_positions"": null}, {""original_token"": ""Deposit"", ""salted_token"": ""D‍e‍p‍o‍s‍i‍t"", ""start"": 682, ""end"": 689, ""salt_mode"": ""fragment"", ""fragment_max_positions"": null}]"
00280.026da2bd191f11081b8d8428134b0c66,00280__salted__broad__cp00AD__fragment.026da2bd191f11081b8d8428134b0c66,broad,00AD,fragment,,0,3,True,[],"[{""original_token"": ""million"", ""salted_token"": ""m­i­l­l­i­o­n"", ""start"": 213, ""end"": 220, ""salt_mode"": ""fragment"", ""fragment_max_positions"": null}, {""original_token"": ""Promotion"", ""salted_token"": ""P­r­o­m­o­t­i­o­n"", ""start"": 663, ""end"": 672, ""salt_mode"": ""fragment"", ""fragment_max_positions"": null}, {""original_token"": ""Deposit"", ""salted_token"": ""D­e­p­o­s­i­t"", ""start"": 682, ""end"": 689, ""salt_mode"": ""fragment"", ""fragment_max_positions"": null}]"
00284.227c1ebb961320cd2086d904d698c49b,00284__salted__broad__cp200B__fragment.227c1ebb961320cd2086d904d698c49b,broad,200B,fragment,,0,3,True,[],"[{""original_token"": ""Financial"", ""salted_token"": ""F​i​n​a​n​c​i​a​l"", ""start"": 53, ""end"": 62, ""salt_mode"": ""fragment"", ""fragment_max_positions"": null}, {""original_token"": ""RATES"", ""salted_token"": ""R​A​T​E​S"", ""start"": 937, ""end"": 942, ""salt_mode"": ""fragment"", ""fragment_max_positions"": null}, {""original_token"": ""Premium"", ""salted_token"": ""P​r​e​m​i​u​m"", ""start"": 987, ""end"": 994, ""salt_mode"": ""fragment"", ""fragment_max_positions"": null}]"
00284.227c1ebb961320cd2086d904d698c49b,00284__salted__broad__cp200C__fragment.227c1ebb961320cd2086d904d698c49b,broad,200C,fragment,,0,3,True,[],"[{""original_token"": ""Financial"", ""salted_token"": ""F‌i‌n‌a‌n‌c‌i‌a‌l"", ""start"": 53, ""end"": 62, ""salt_mode"": ""fragment"", ""fragment_max_positions"": null}, {""original_token"": ""RATES"", ""salted_token"": ""R‌A‌T‌E‌S"", ""start"": 937, ""end"": 942, ""salt_mode"": ""fragment"", ""fragment_max_positions"": null}, {""original_token"": ""Premium"", ""salted_token"": ""P‌r‌e‌m‌i‌u‌m"", ""start"": 987, ""end"": 994, ""salt_mode"": ""fragment"", ""fragment_max_positions"": null}]"
00284.227c1ebb961320cd2086d904d698c49b,00284__salted__broad__cp200D__fragment.227c1ebb961320cd2086d904d698c49b,broad,200D,fragment,,0,3,True,[],"[{""original_token"": ""Financial"", ""salted_token"": ""F‍i‍n‍a‍n‍c‍i‍a‍l"", ""start"": 53, ""end"": 62, ""salt_mode"": ""fragment"", ""fragment_max_positions"": null}, {""original_token"": ""RATES"", ""salted_token"": ""R‍A‍T‍E‍S"", ""start"": 937, ""end"": 942, ""salt_mode"": ""fragment"", ""fragment_max_positions"": null}, {""original_token"": ""Premium"", ""salted_token"": ""P‍r‍e‍m‍i‍u‍m"", ""start"": 987, ""end"": 994, ""salt_mode"": ""fragment"", ""fragment_max_positions"": null}]"
00284.227c1ebb961320cd2086d904d698c49b,00284__salted__broad__cp00AD__fragment.227c1ebb961320cd2086d904d698c49b,broad,00AD,fragment,,0,3,True,[],"[{""original_token"": ""Financial"", ""salted_token"": ""F­i­n­a­n­c­i­a­l"", ""start"": 53, ""end"": 62, ""salt_mode"": ""fragment"", ""fragment_max_positions"": null}, {""original_token"": ""RATES"", ""salted_token"": ""R­A­T­E­S"", ""start"": 937, ""end"": 942, ""salt_mode"": ""fragment"", ""fragment_max_positions"": null}, {""original_token"": ""Premium"", ""salted_token"": ""P­r­e­m­i­u­m"", ""start"": 987, ""end"": 994, ""salt_mode"": ""fragment"", ""fragment_max_positions"": null}]"
00287.b0495a4dbdff36654c3b3ee2f92bdbf3,00287__salted__broad__cp200B__fragment.b0495a4dbdff36654c3b3ee2f92bdbf3,broad,200B,fragment,,0,3,True,[],"[{""original_token"": ""sale"", ""salted_token"": ""s​a​l​e"", ""start"": 570, ""end"": 574, ""salt_mode"": ""fragment"", ""fragment_max_positions"": null}, {""original_token"": ""sale"", ""salted_token"": ""s​a​l​e"", ""start"": 995, ""end"": 999, ""salt_mode"": ""fragment"", ""fragment_max_positions"": null}, {""original_token"": ""receive"", ""salted_token"": ""r​e​c​e​i​v​e"", ""start"": 1178, ""end"": 1185, ""salt_mode"": ""fragment"", ""fragment_max_positions"": null}]"
00287.b0495a4dbdff36654c3b3ee2f92bdbf3,00287__salted__broad__cp200C__fragment.b0495a4dbdff36654c3b3ee2f92bdbf3,broad,200C,fragment,,0,3,True,[],"[{""original_token"": ""sale"", ""salted_token"": ""s‌a‌l‌e"", ""start"": 570, ""end"": 574, ""salt_mode"": ""fragment"", ""fragment_max_positions"": null}, {""original_token"": ""sale"", ""salted_token"": ""s‌a‌l‌e"", ""start"": 995, ""end"": 999, ""salt_mode"": ""fragment"", ""fragment_max_positions"": null}, {""original_token"": ""receive"", ""salted_token"": ""r‌e‌c‌e‌i‌v‌e"", ""start"": 1178, ""end"": 1185, ""salt_mode"": ""fragment"", ""fragment_max_positions"": null}]"
00287.b0495a4dbdff36654c3b3ee2f92bdbf3,00287__salted__broad__cp200D__fragment.b0495a4dbdff36654c3b3ee2f92bdbf3,broad,200D,fragment,,0,3,True,[],"[{""original_token"": ""sale"", ""salted_token"": ""s‍a‍l‍e"", ""start"": 570, ""end"": 574, ""salt_mode"": ""fragment"", ""fragment_max_positions"": null}, {""original_token"": ""sale"", ""salted_token"": ""s‍a‍l‍e"", ""start"": 995, ""end"": 999, ""salt_mode"": ""fragment"", ""fragment_max_positions"": null}, {""original_token"": ""receive"", ""salted_token"": ""r‍e‍c‍e‍i‍v‍e"", ""start"": 1178, ""end"": 1185, ""salt_mode"": ""fragment"", ""fragment_max_positions"": null}]"
00287.b0495a4dbdff36654c3b3ee2f92bdbf3,00287__salted__broad__cp00AD__fragment.b0495a4dbdff36654c3b3ee2f92bdbf3,broad,00AD,fragment,,0,3,True,[],"[{""original_token"": ""sale"", ""salted_token"": ""s­a­l­e"", ""start"": 570, ""end"": 574, ""salt_mode"": ""fragment"", ""fragment_max_positions"": null}, {""original_token"": ""sale"", ""salted_token"": ""s­a­l­e"", ""start"": 995, ""end"": 999, ""salt_mode"": ""fragment"", ""fragment_max_positions"": null}, {""original_token"": ""receive"", ""salted_token"": ""r­e­c­e­i­v­e"", ""start"": 1178, ""end"": 1185, ""salt_mode"": ""fragment"", ""fragment_max_positions"": null}]"
00289.61a681a72c71512f115ad65033acc7c9,00289__salted__broad__cp200B__fragment.61a681a72c71512f115ad65033acc7c9,broad,200B,fragment,,1,3,True,"[{""original_token"": ""Million"", ""salted_token"": ""M​i​l​l​i​o​n"", ""start"": 69, ""end"": 76, ""salt_mode"": ""fragment"", ""fragment_max_positions"": null}]","[{""original_token"": ""independent"", ""salted_token"": ""i​n​d​e​p​e​n​d​e​n​t"", ""start"": 327, ""end"": 338, ""salt_mode"": ""fragment"", ""fragment_max_positions"": null}, {""original_token"": ""Visit"", ""salted_token"": ""V​i​s​i​t"", ""start"": 506, ""end"": 511, ""salt_mode"": ""fragment"", ""fragment_max_positions"": null}, {""original_token"": ""Visit"", ""salted_token"": ""V​i​s​i​t"", ""start"": 587, ""end"": 592, ""salt_mode"": ""fragment"", ""fragment_max_positions"": null}]"
00289.61a681a72c71512f115ad65033acc7c9,00289__salted__broad__cp200C__fragment.61a681a72c71512f115ad65033acc7c9,broad,200C,fragment,,1,3,True,"[{""original_token"": ""Million"", ""salted_token"": ""M‌i‌l‌l‌i‌o‌n"", ""start"": 69, ""end"": 76, ""salt_mode"": ""fragment"", ""fragment_max_positions"": null}]","[{""original_token"": ""independent"", ""salted_token"": ""i‌n‌d‌e‌p‌e‌n‌d‌e‌n‌t"", ""start"": 327, ""end"": 338, ""salt_mode"": ""fragment"", ""fragment_max_positions"": null}, {""original_token"": ""Visit"", ""salted_token"": ""V‌i‌s‌i‌t"", ""start"": 506, ""end"": 511, ""salt_mode"": ""fragment"", ""fragment_max_positions"": null}, {""original_token"": ""Visit"", ""salted_token"": ""V‌i‌s‌i‌t"", ""start"": 587, ""end"": 592, ""salt_mode"": ""fragment"", ""fragment_max_positions"": null}]"
00289.61a681a72c71512f115ad65033acc7c9,00289__salted__broad__cp200D__fragment.61a681a72c71512f115ad65033acc7c9,broad,200D,fragment,,1,3,True,"[{""original_token"": ""Million"", ""salted_token"": ""M‍i‍l‍l‍i‍o‍n"", ""start"": 69, ""end"": 76, ""salt_mode"": ""fragment"", ""fragment_max_positions"": null}]","[{""original_token"": ""independent"", ""salted_token"": ""i‍n‍d‍e‍p‍e‍n‍d‍e‍n‍t"", ""start"": 327, ""end"": 338, ""salt_mode"": ""fragment"", ""fragment_max_positions"": null}, {""original_token"": ""Visit"", ""salted_token"": ""V‍i‍s‍i‍t"", ""start"": 506, ""end"": 511, ""salt_mode"": ""fragment"", ""fragment_max_positions"": null}, {""original_token"": ""Visit"", ""salted_token"": ""V‍i‍s‍i‍t"", ""start"": 587, ""end"": 592, ""salt_mode"": ""fragment"", ""fragment_max_positions"": null}]"
00289.61a681a72c71512f115ad65033acc7c9,00289__salted__broad__cp00AD__fragment.61a681a72c71512f115ad65033acc7c9,broad,00AD,fragment,,1,3,True,"[{""original_token"": ""Million"", ""salted_token"": ""M­i­l­l­i­o­n"", ""start"": 69, ""end"": 76, ""salt_mode"": ""fragment"", ""fragment_max_positions"": null}]","[{""original_token"": ""independent"", ""salted_token"": ""i­n­d­e­p­e­n­d­e­n­t"", ""start"": 327, ""end"": 338, ""salt_mode"": ""fragment"", ""fragment_max_positions"": null}, {""original_token"": ""Visit"", ""salted_token"": ""V­i­s­i­t"", ""start"": 506, ""end"": 511, ""salt_mode"": ""fragment"", ""fragment_max_positions"": null}, {""original_token"": ""Visit"", ""salted_token"": ""V­i­s­i­t"", ""start"": 587, ""end"": 592, ""salt_mode"": ""fragment"", ""fragment_max_positions"": null}]"
00291.7aa227e74e89bdd529a3875459d0d5a2,00291__salted__broad__cp200B__fragment.7aa227e74e89bdd529a3875459d0d5a2,broad,200B,fragment,,0,3,True,[],"[{""original_token"": ""Click"", ""salted_token"": ""C​l​i​c​k"", ""start"": 633, ""end"": 638, ""salt_mode"": ""fragment"", ""fragment_max_positions"": null}, {""original_token"": ""City"", ""salted_token"": ""C​i​t​y"", ""start"": 958, ""end"": 962, ""salt_mode"": ""fragment"", ""fragment_max_positions"": null}, {""original_token"": ""receive"", ""salted_token"": ""r​e​c​e​i​v​e"", ""start"": 1077, ""end"": 1084, ""salt_mode"": ""fragment"", ""fragment_max_positions"": null}]"
00291.7aa227e74e89bdd529a3875459d0d5a2,00291__salted__broad__cp200C__fragment.7aa227e74e89bdd529a3875459d0d5a2,broad,200C,fragment,,0,3,True,[],"[{""original_token"": ""Click"", ""salted_token"": ""C‌l‌i‌c‌k"", ""start"": 633, ""end"": 638, ""salt_mode"": ""fragment"", ""fragment_max_positions"": null}, {""original_token"": ""City"", ""salted_token"": ""C‌i‌t‌y"", ""start"": 958, ""end"": 962, ""salt_mode"": ""fragment"", ""fragment_max_positions"": null}, {""original_token"": ""receive"", ""salted_token"": ""r‌e‌c‌e‌i‌v‌e"", ""start"": 1077, ""end"": 1084, ""salt_mode"": ""fragment"", ""fragment_max_positions"": null}]"
00291.7aa227e74e89bdd529a3875459d0d5a2,00291__salted__broad__cp200D__fragment.7aa227e74e89bdd529a3875459d0d5a2,broad,200D,fragment,,0,3,True,[],"[{""original_token"": ""Click"", ""salted_token"": ""C‍l‍i‍c‍k"", ""start"": 633, ""end"": 638, ""salt_mode"": ""fragment"", ""fragment_max_positions"": null}, {""original_token"": ""City"", ""salted_token"": ""C‍i‍t‍y"", ""start"": 958, ""end"": 962, ""salt_mode"": ""fragment"", ""fragment_max_positions"": null}, {""original_token"": ""receive"", ""salted_token"": ""r‍e‍c‍e‍i‍v‍e"", ""start"": 1077, ""end"": 1084, ""salt_mode"": ""fragment"", ""fragment_max_positions"": null}]"
00291.7aa227e74e89bdd529a3875459d0d5a2,00291__salted__broad__cp00AD__fragment.7aa227e74e89bdd529a3875459d0d5a2,broad,00AD,fragment,,0,3,True,[],"[{""original_token"": ""Click"", ""salted_token"": ""C­l­i­c­k"", ""start"": 633, ""end"": 638, ""salt_mode"": ""fragment"", ""fragment_max_positions"": null}, {""original_token"": ""City"", ""salted_token"": ""C­i­t­y"", ""start"": 958, ""end"": 962, ""salt_mode"": ""fragment"", ""fragment_max_positions"": null}, {""original_token"": ""receive"", ""salted_token"": ""r­e­c­e­i­v­e"", ""start"": 1077, ""end"": 1084, ""salt_mode"": ""fragment"", ""fragment_max_positions"": null}]"
00292.dbf78a2aaa230d288eb80ab843804252,00292__salted__broad__cp200B__fragment.dbf78a2aaa230d288eb80ab843804252,broad,200B,fragment,,0,3,True,[],"[{""original_token"": ""discount"", ""salted_token"": ""d​i​s​c​o​u​n​t"", ""start"": 125, ""end"": 133, ""salt_mode"": ""fragment"", ""fragment_max_positions"": null}, {""original_token"": ""prices"", ""salted_token"": ""p​r​i​c​e​s"", ""start"": 134, ""end"": 140, ""salt_mode"": ""fragment"", ""fragment_max_positions"": null}, {""original_token"": ""exciting"", ""salted_token"": ""e​x​c​i​t​i​n​g"", ""start"": 174, ""end"": 182, ""salt_mode"": ""fragment"", ""fragment_max_positions"": null}]"
00292.dbf78a2aaa230d288eb80ab843804252,00292__salted__broad__cp200C__fragment.dbf78a2aaa230d288eb80ab843804252,broad,200C,fragment,,0,3,True,[],"[{""original_token"": ""discount"", ""salted_token"": ""d‌i‌s‌c‌o‌u‌n‌t"", ""start"": 125, ""end"": 133, ""salt_mode"": ""fragment"", ""fragment_max_positions"": null}, {""original_token"": ""prices"", ""salted_token"": ""p‌r‌i‌c‌e‌s"", ""start"": 134, ""end"": 140, ""salt_mode"": ""fragment"", ""fragment_max_positions"": null}, {""original_token"": ""exciting"", ""salted_token"": ""e‌x‌c‌i‌t‌i‌n‌g"", ""start"": 174, ""end"": 182, ""salt_mode"": ""fragment"", ""fragment_max_positions"": null}]"
00292.dbf78a2aaa230d288eb80ab843804252,00292__salted__broad__cp200D__fragment.dbf78a2aaa230d288eb80ab843804252,broad,200D,fragment,,0,3,True,[],"[{""original_token"": ""discount"", ""salted_token"": ""d‍i‍s‍c‍o‍u‍n‍t"", ""start"": 125, ""end"": 133, ""salt_mode"": ""fragment"", ""fragment_max_positions"": null}, {""original_token"": ""prices"", ""salted_token"": ""p‍r‍i‍c‍e‍s"", ""start"": 134, ""end"": 140, ""salt_mode"": ""fragment"", ""fragment_max_positions"": null}, {""original_token"": ""exciting"", ""salted_token"": ""e‍x‍c‍i‍t‍i‍n‍g"", ""start"": 174, ""end"": 182, ""salt_mode"": ""fragment"", ""fragment_max_positions"": null}]"
00292.dbf78a2aaa230d288eb80ab843804252,00292__salted__broad__cp00AD__fragment.dbf78a2aaa230d288eb80ab843804252,broad,00AD,fragment,,0,3,True,[],"[{""original_token"": ""discount"", ""salted_token"": ""d­i­s­c­o­u­n­t"", ""start"": 125, ""end"": 133, ""salt_mode"": ""fragment"", ""fragment_max_positions"": null}, {""original_token"": ""prices"", ""salted_token"": ""p­r­i­c­e­s"", ""start"": 134, ""end"": 140, ""salt_mode"": ""fragment"", ""fragment_max_positions"": null}, {""original_token"": ""exciting"", ""salted_token"": ""e­x­c­i­t­i­n­g"", ""start"": 174, ""end"": 182, ""salt_mode"": ""fragment"", ""fragment_max_positions"": null}]"
00296.85aa16f800e0aaf8755cdf23d7e035ff,00296__salted__broad__cp200B__fragment.85aa16f800e0aaf8755cdf23d7e035ff,broad,200B,fragment,,1,3,True,"[{""original_token"": ""Annuity"", ""salted_token"": ""A​n​n​u​i​t​y"", ""start"": 28, ""end"": 35, ""salt_mode"": ""fragment"", ""fragment_max_positions"": null}]","[{""original_token"": ""annuity"", ""salted_token"": ""a​n​n​u​i​t​y"", ""start"": 17, ""end"": 24, ""salt_mode"": ""fragment"", ""fragment_max_positions"": null}, {""original_token"": ""Commission"", ""salted_token"": ""C​o​m​m​i​s​s​i​o​n"", ""start"": 83, ""end"": 93, ""salt_mode"": ""fragment"", ""fragment_max_positions"": null}, {""original_token"": ""Minimum"", ""salted_token"": ""M​i​n​i​m​u​m"", ""start"": 127, ""end"": 134, ""salt_mode"": ""fragment"", ""fragment_max_positions"": null}]"
00296.85aa16f800e0aaf8755cdf23d7e035ff,00296__salted__broad__cp200C__fragment.85aa16f800e0aaf8755cdf23d7e035ff,broad,200C,fragment,,1,3,True,"[{""original_token"": ""Annuity"", ""salted_token"": ""A‌n‌n‌u‌i‌t‌y"", ""start"": 28, ""end"": 35, ""salt_mode"": ""fragment"", ""fragment_max_positions"": null}]","[{""original_token"": ""annuity"", ""salted_token"": ""a‌n‌n‌u‌i‌t‌y"", ""start"": 17, ""end"": 24, ""salt_mode"": ""fragment"", ""fragment_max_positions"": null}, {""original_token"": ""Commission"", ""salted_token"": ""C‌o‌m‌m‌i‌s‌s‌i‌o‌n"", ""start"": 83, ""end"": 93, ""salt_mode"": ""fragment"", ""fragment_max_positions"": null}, {""original_token"": ""Minimum"", ""salted_token"": ""M‌i‌n‌i‌m‌u‌m"", ""start"": 127, ""end"": 134, ""salt_mode"": ""fragment"", ""fragment_max_positions"": null}]"
00296.85aa16f800e0aaf8755cdf23d7e035ff,00296__salted__broad__cp200D__fragment.85aa16f800e0aaf8755cdf23d7e035ff,broad,200D,fragment,,1,3,True,"[{""original_token"": ""Annuity"", ""salted_token"": ""A‍n‍n‍u‍i‍t‍y"", ""start"": 28, ""end"": 35, ""salt_mode"": ""fragment"", ""fragment_max_positions"": null}]","[{""original_token"": ""annuity"", ""salted_token"": ""a‍n‍n‍u‍i‍t‍y"", ""start"": 17, ""end"": 24, ""salt_mode"": ""fragment"", ""fragment_max_positions"": null}, {""original_token"": ""Commission"", ""salted_token"": ""C‍o‍m‍m‍i‍s‍s‍i‍o‍n"", ""start"": 83, ""end"": 93, ""salt_mode"": ""fragment"", ""fragment_max_positions"": null}, {""original_token"": ""Minimum"", ""salted_token"": ""M‍i‍n‍i‍m‍u‍m"", ""start"": 127, ""end"": 134, ""salt_mode"": ""fragment"", ""fragment_max_positions"": null}]"
00296.85aa16f800e0aaf8755cdf23d7e035ff,00296__salted__broad__cp00AD__fragment.85aa16f800e0aaf8755cdf23d7e035ff,broad,00AD,fragment,,1,3,True,"[{""original_token"": ""Annuity"", ""salted_token"": ""A­n­n­u­i­t­y"", ""start"": 28, ""end"": 35, ""salt_mode"": ""fragment"", ""fragment_max_positions"": null}]","[{""original_token"": ""annuity"", ""salted_token"": ""a­n­n­u­i­t­y"", ""start"": 17, ""end"": 24, ""salt_mode"": ""fragment"", ""fragment_max_positions"": null}, {""original_token"": ""Commission"", ""salted_token"": ""C­o­m­m­i­s­s­i­o­n"", ""start"": 83, ""end"": 93, ""salt_mode"": ""fragment"", ""fragment_max_positions"": null}, {""original_token"": ""Minimum"", ""salted_token"": ""M­i­n­i­m­u­m"", ""start"": 127, ""end"": 134, ""salt_mode"": ""fragment"", ""fragment_max_positions"": null}]"
00302.7f695c69d4cbe06e91cddd2ca7cddf33,00302__salted__broad__cp200B__fragment.7f695c69d4cbe06e91cddd2ca7cddf33,broad,200B,fragment,,0,3,True,[],"[{""original_token"": ""Guaranteed"", ""salted_token"": ""G​u​a​r​a​n​t​e​e​d"", ""start"": 0, ""end"": 10, ""salt_mode"": ""fragment"", ""fragment_max_positions"": null}, {""original_token"": ""herbal"", ""salted_token"": ""h​e​r​b​a​l"", ""start"": 89, ""end"": 95, ""salt_mode"": ""fragment"", ""fragment_max_positions"": null}, {""original_token"": ""Proven"", ""salted_token"": ""P​r​o​v​e​n"", ""start"": 110, ""end"": 116, ""salt_mode"": ""fragment"", ""fragment_max_positions"": null}]"
00302.7f695c69d4cbe06e91cddd2ca7cddf33,00302__salted__broad__cp200C__fragment.7f695c69d4cbe06e91cddd2ca7cddf33,broad,200C,fragment,,0,3,True,[],"[{""original_token"": ""Guaranteed"", ""salted_token"": ""G‌u‌a‌r‌a‌n‌t‌e‌e‌d"", ""start"": 0, ""end"": 10, ""salt_mode"": ""fragment"", ""fragment_max_positions"": null}, {""original_token"": ""herbal"", ""salted_token"": ""h‌e‌r‌b‌a‌l"", ""start"": 89, ""end"": 95, ""salt_mode"": ""fragment"", ""fragment_max_positions"": null}, {""original_token"": ""Proven"", ""salted_token"": ""P‌r‌o‌v‌e‌n"", ""start"": 110, ""end"": 116, ""salt_mode"": ""fragment"", ""fragment_max_positions"": null}]"
00302.7f695c69d4cbe06e91cddd2ca7cddf33,00302__salted__broad__cp200D__fragment.7f695c69d4cbe06e91cddd2ca7cddf33,broad,200D,fragment,,0,3,True,[],"[{""original_token"": ""Guaranteed"", ""salted_token"": ""G‍u‍a‍r‍a‍n‍t‍e‍e‍d"", ""start"": 0, ""end"": 10, ""salt_mode"": ""fragment"", ""fragment_max_positions"": null}, {""original_token"": ""herbal"", ""salted_token"": ""h‍e‍r‍b‍a‍l"", ""start"": 89, ""end"": 95, ""salt_mode"": ""fragment"", ""fragment_max_positions"": null}, {""original_token"": ""Proven"", ""salted_token"": ""P‍r‍o‍v‍e‍n"", ""start"": 110, ""end"": 116, ""salt_mode"": ""fragment"", ""fragment_max_positions"": null}]"
00302.7f695c69d4cbe06e91cddd2ca7cddf33,00302__salted__broad__cp00AD__fragment.7f695c69d4cbe06e91cddd2ca7cddf33,broad,00AD,fragment,,0,3,True,[],"[{""original_token"": ""Guaranteed"", ""salted_token"": ""G­u­a­r­a­n­t­e­e­d"", ""start"": 0, ""end"": 10, ""salt_mode"": ""fragment"", ""fragment_max_positions"": null}, {""original_token"": ""herbal"", ""salted_token"": ""h­e­r­b­a­l"", ""start"": 89, ""end"": 95, ""salt_mode"": ""fragment"", ""fragment_max_positions"": null}, {""original_token"": ""Proven"", ""salted_token"": ""P­r­o­v­e­n"", ""start"": 110, ""end"": 116, ""salt_mode"": ""fragment"", ""fragment_max_positions"": null}]"
00303.22239f1393297a691eb5df3dfe7a5001,00303__salted__broad__cp200B__fragment.22239f1393297a691eb5df3dfe7a5001,broad,200B,fragment,,0,3,True,[],"[{""original_token"": ""Instructions"", ""salted_token"": ""I​n​s​t​r​u​c​t​i​o​n​s"", ""start"": 297, ""end"": 309, ""salt_mode"": ""fragment"", ""fragment_max_positions"": null}, {""original_token"": ""Risk"", ""salted_token"": ""R​i​s​k"", ""start"": 418, ""end"": 422, ""salt_mode"": ""fragment"", ""fragment_max_positions"": null}, {""original_token"": ""Trial"", ""salted_token"": ""T​r​i​a​l"", ""start"": 428, ""end"": 433, ""salt_mode"": ""fragment"", ""fragment_max_positions"": null}]"
00303.22239f1393297a691eb5df3dfe7a5001,00303__salted__broad__cp200C__fragment.22239f1393297a691eb5df3dfe7a5001,broad,200C,fragment,,0,3,True,[],"[{""original_token"": ""Instructions"", ""salted_token"": ""I‌n‌s‌t‌r‌u‌c‌t‌i‌o‌n‌s"", ""start"": 297, ""end"": 309, ""salt_mode"": ""fragment"", ""fragment_max_positions"": null}, {""original_token"": ""Risk"", ""salted_token"": ""R‌i‌s‌k"", ""start"": 418, ""end"": 422, ""salt_mode"": ""fragment"", ""fragment_max_positions"": null}, {""original_token"": ""Trial"", ""salted_token"": ""T‌r‌i‌a‌l"", ""start"": 428, ""end"": 433, ""salt_mode"": ""fragment"", ""fragment_max_positions"": null}]"
00303.22239f1393297a691eb5df3dfe7a5001,00303__salted__broad__cp200D__fragment.22239f1393297a691eb5df3dfe7a5001,broad,200D,fragment,,0,3,True,[],"[{""original_token"": ""Instructions"", ""salted_token"": ""I‍n‍s‍t‍r‍u‍c‍t‍i‍o‍n‍s"", ""start"": 297, ""end"": 309, ""salt_mode"": ""fragment"", ""fragment_max_positions"": null}, {""original_token"": ""Risk"", ""salted_token"": ""R‍i‍s‍k"", ""start"": 418, ""end"": 422, ""salt_mode"": ""fragment"", ""fragment_max_positions"": null}, {""original_token"": ""Trial"", ""salted_token"": ""T‍r‍i‍a‍l"", ""start"": 428, ""end"": 433, ""salt_mode"": ""fragment"", ""fragment_max_positions"": null}]"
00303.22239f1393297a691eb5df3dfe7a5001,00303__salted__broad__cp00AD__fragment.22239f1393297a691eb5df3dfe7a5001,broad,00AD,fragment,,0,3,True,[],"[{""original_token"": ""Instructions"", ""salted_token"": ""I­n­s­t­r­u­c­t­i­o­n­s"", ""start"": 297, ""end"": 309, ""salt_mode"": ""fragment"", ""fragment_max_positions"": null}, {""original_token"": ""Risk"", ""salted_token"": ""R­i­s­k"", ""start"": 418, ""end"": 422, ""salt_mode"": ""fragment"", ""fragment_max_positions"": null}, {""original_token"": ""Trial"", ""salted_token"": ""T­r­i­a­l"", ""start"": 428, ""end"": 433, ""salt_mode"": ""fragment"", ""fragment_max_positions"": null}]"
00305.1f2a712e25638b0a4868155b37022cf1,00305__salted__broad__cp200B__fragment.1f2a712e25638b0a4868155b37022cf1,broad,200B,fragment,,1,0,False,"[{""original_token"": ""HGH"", ""salted_token"": ""H​G​H"", ""start"": 21, ""end"": 24, ""salt_mode"": ""fragment"", ""fragment_max_positions"": null}]",[]
00305.1f2a712e25638b0a4868155b37022cf1,00305__salted__broad__cp200C__fragment.1f2a712e25638b0a4868155b37022cf1,broad,200C,fragment,,1,0,False,"[{""original_token"": ""HGH"", ""salted_token"": ""H‌G‌H"", ""start"": 21, ""end"": 24, ""salt_mode"": ""fragment"", ""fragment_max_positions"": null}]",[]
00305.1f2a712e25638b0a4868155b37022cf1,00305__salted__broad__cp200D__fragment.1f2a712e25638b0a4868155b37022cf1,broad,200D,fragment,,1,0,False,"[{""original_token"": ""HGH"", ""salted_token"": ""H‍G‍H"", ""start"": 21, ""end"": 24, ""salt_mode"": ""fragment"", ""fragment_max_positions"": null}]",[]
00305.1f2a712e25638b0a4868155b37022cf1,00305__salted__broad__cp00AD__fragment.1f2a712e25638b0a4868155b37022cf1,broad,00AD,fragment,,1,0,False,"[{""original_token"": ""HGH"", ""salted_token"": ""H­G­H"", ""start"": 21, ""end"": 24, ""salt_mode"": ""fragment"", ""fragment_max_positions"": null}]",[]
00305.f80c21904d6d4f6facd036450a588b0d,00305__salted__broad__cp200B__fragment.f80c21904d6d4f6facd036450a588b0d,broad,200B,fragment,,1,3,True,"[{""original_token"": ""Prices"", ""salted_token"": ""P​r​i​c​e​s"", ""start"": 33, ""end"": 39, ""salt_mode"": ""fragment"", ""fragment_max_positions"": null}]","[{""original_token"": ""BONUS"", ""salted_token"": ""B​O​N​U​S"", ""start"": 9, ""end"": 14, ""salt_mode"": ""fragment"", ""fragment_max_positions"": null}, {""original_token"": ""OFFER"", ""salted_token"": ""O​F​F​E​R"", ""start"": 15, ""end"": 20, ""salt_mode"": ""fragment"", ""fragment_max_positions"": null}, {""original_token"": ""price"", ""salted_token"": ""p​r​i​c​e"", ""start"": 283, ""end"": 288, ""salt_mode"": ""fragment"", ""fragment_max_positions"": null}]"
00305.f80c21904d6d4f6facd036450a588b0d,00305__salted__broad__cp200C__fragment.f80c21904d6d4f6facd036450a588b0d,broad,200C,fragment,,1,3,True,"[{""original_token"": ""Prices"", ""salted_token"": ""P‌r‌i‌c‌e‌s"", ""start"": 33, ""end"": 39, ""salt_mode"": ""fragment"", ""fragment_max_positions"": null}]","[{""original_token"": ""BONUS"", ""salted_token"": ""B‌O‌N‌U‌S"", ""start"": 9, ""end"": 14, ""salt_mode"": ""fragment"", ""fragment_max_positions"": null}, {""original_token"": ""OFFER"", ""salted_token"": ""O‌F‌F‌E‌R"", ""start"": 15, ""end"": 20, ""salt_mode"": ""fragment"", ""fragment_max_positions"": null}, {""original_token"": ""price"", ""salted_token"": ""p‌r‌i‌c‌e"", ""start"": 283, ""end"": 288, ""salt_mode"": ""fragment"", ""fragment_max_positions"": null}]"
00305.f80c21904d6d4f6facd036450a588b0d,00305__salted__broad__cp200D__fragment.f80c21904d6d4f6facd036450a588b0d,broad,200D,fragment,,1,3,True,"[{""original_token"": ""Prices"", ""salted_token"": ""P‍r‍i‍c‍e‍s"", ""start"": 33, ""end"": 39, ""salt_mode"": ""fragment"", ""fragment_max_positions"": null}]","[{""original_token"": ""BONUS"", ""salted_token"": ""B‍O‍N‍U‍S"", ""start"": 9, ""end"": 14, ""salt_mode"": ""fragment"", ""fragment_max_positions"": null}, {""original_token"": ""OFFER"", ""salted_token"": ""O‍F‍F‍E‍R"", ""start"": 15, ""end"": 20, ""salt_mode"": ""fragment"", ""fragment_max_positions"": null}, {""original_token"": ""price"", ""salted_token"": ""p‍r‍i‍c‍e"", ""start"": 283, ""end"": 288, ""salt_mode"": ""fragment"", ""fragment_max_positions"": null}]"
00305.f80c21904d6d4f6facd036450a588b0d,00305__salted__broad__cp00AD__fragment.f80c21904d6d4f6facd036450a588b0d,broad,00AD,fragment,,1,3,True,"[{""original_token"": ""Prices"", ""salted_token"": ""P­r­i­c­e­s"", ""start"": 33, ""end"": 39, ""salt_mode"": ""fragment"", ""fragment_max_positions"": null}]","[{""original_token"": ""BONUS"", ""salted_token"": ""B­O­N­U­S"", ""start"": 9, ""end"": 14, ""salt_mode"": ""fragment"", ""fragment_max_positions"": null}, {""original_token"": ""OFFER"", ""salted_token"": ""O­F­F­E­R"", ""start"": 15, ""end"": 20, ""salt_mode"": ""fragment"", ""fragment_max_positions"": null}, {""original_token"": ""price"", ""salted_token"": ""p­r­i­c­e"", ""start"": 283, ""end"": 288, ""salt_mode"": ""fragment"", ""fragment_max_positions"": null}]"
00308.fc90f8aab51648329b9e705c9021b204,00308__salted__broad__cp200B__fragment.fc90f8aab51648329b9e705c9021b204,broad,200B,fragment,,1,3,True,"[{""original_token"": ""Offer"", ""salted_token"": ""O​f​f​e​r"", ""start"": 0, ""end"": 5, ""salt_mode"": ""fragment"", ""fragment_max_positions"": null}]","[{""original_token"": ""Offer"", ""salted_token"": ""O​f​f​e​r"", ""start"": 1, ""end"": 6, ""salt_mode"": ""fragment"", ""fragment_max_positions"": null}, {""original_token"": ""bonus"", ""salted_token"": ""b​o​n​u​s"", ""start"": 86, ""end"": 91, ""salt_mode"": ""fragment"", ""fragment_max_positions"": null}, {""original_token"": ""premium"", ""salted_token"": ""p​r​e​m​i​u​m"", ""start"": 173, ""end"": 180, ""salt_mode"": ""fragment"", ""fragment_max_positions"": null}]"
00308.fc90f8aab51648329b9e705c9021b204,00308__salted__broad__cp200C__fragment.fc90f8aab51648329b9e705c9021b204,broad,200C,fragment,,1,3,True,"[{""original_token"": ""Offer"", ""salted_token"": ""O‌f‌f‌e‌r"", ""start"": 0, ""end"": 5, ""salt_mode"": ""fragment"", ""fragment_max_positions"": null}]","[{""original_token"": ""Offer"", ""salted_token"": ""O‌f‌f‌e‌r"", ""start"": 1, ""end"": 6, ""salt_mode"": ""fragment"", ""fragment_max_positions"": null}, {""original_token"": ""bonus"", ""salted_token"": ""b‌o‌n‌u‌s"", ""start"": 86, ""end"": 91, ""salt_mode"": ""fragment"", ""fragment_max_positions"": null}, {""original_token"": ""premium"", ""salted_token"": ""p‌r‌e‌m‌i‌u‌m"", ""start"": 173, ""end"": 180, ""salt_mode"": ""fragment"", ""fragment_max_positions"": null}]"
00308.fc90f8aab51648329b9e705c9021b204,00308__salted__broad__cp200D__fragment.fc90f8aab51648329b9e705c9021b204,broad,200D,fragment,,1,3,True,"[{""original_token"": ""Offer"", ""salted_token"": ""O‍f‍f‍e‍r"", ""start"": 0, ""end"": 5, ""salt_mode"": ""fragment"", ""fragment_max_positions"": null}]","[{""original_token"": ""Offer"", ""salted_token"": ""O‍f‍f‍e‍r"", ""start"": 1, ""end"": 6, ""salt_mode"": ""fragment"", ""fragment_max_positions"": null}, {""original_token"": ""bonus"", ""salted_token"": ""b‍o‍n‍u‍s"", ""start"": 86, ""end"": 91, ""salt_mode"": ""fragment"", ""fragment_max_positions"": null}, {""original_token"": ""premium"", ""salted_token"": ""p‍r‍e‍m‍i‍u‍m"", ""start"": 173, ""end"": 180, ""salt_mode"": ""fragment"", ""fragment_max_positions"": null}]"
00308.fc90f8aab51648329b9e705c9021b204,00308__salted__broad__cp00AD__fragment.fc90f8aab51648329b9e705c9021b204,broad,00AD,fragment,,1,3,True,"[{""original_token"": ""Offer"", ""salted_token"": ""O­f­f­e­r"", ""start"": 0, ""end"": 5, ""salt_mode"": ""fragment"", ""fragment_max_positions"": null}]","[{""original_token"": ""Offer"", ""salted_token"": ""O­f­f­e­r"", ""start"": 1, ""end"": 6, ""salt_mode"": ""fragment"", ""fragment_max_positions"": null}, {""original_token"": ""bonus"", ""salted_token"": ""b­o­n­u­s"", ""start"": 86, ""end"": 91, ""salt_mode"": ""fragment"", ""fragment_max_positions"": null}, {""original_token"": ""premium"", ""salted_token"": ""p­r­e­m­i­u­m"", ""start"": 173, ""end"": 180, ""salt_mode"": ""fragment"", ""fragment_max_positions"": null}]"
00311.176626eb0ec0de8f451a079083104975,00311__salted__broad__cp200B__fragment.176626eb0ec0de8f451a079083104975,broad,200B,fragment,,1,0,False,"[{""original_token"": ""Financial"", ""salted_token"": ""F​i​n​a​n​c​i​a​l"", ""start"": 0, ""end"": 9, ""salt_mode"": ""fragment"", ""fragment_max_positions"": null}]",[]
00311.176626eb0ec0de8f451a079083104975,00311__salted__broad__cp200C__fragment.176626eb0ec0de8f451a079083104975,broad,200C,fragment,,1,0,False,"[{""original_token"": ""Financial"", ""salted_token"": ""F‌i‌n‌a‌n‌c‌i‌a‌l"", ""start"": 0, ""end"": 9, ""salt_mode"": ""fragment"", ""fragment_max_positions"": null}]",[]
00311.176626eb0ec0de8f451a079083104975,00311__salted__broad__cp200D__fragment.176626eb0ec0de8f451a079083104975,broad,200D,fragment,,1,0,False,"[{""original_token"": ""Financial"", ""salted_token"": ""F‍i‍n‍a‍n‍c‍i‍a‍l"", ""start"": 0, ""end"": 9, ""salt_mode"": ""fragment"", ""fragment_max_positions"": null}]",[]
00311.176626eb0ec0de8f451a079083104975,00311__salted__broad__cp00AD__fragment.176626eb0ec0de8f451a079083104975,broad,00AD,fragment,,1,0,False,"[{""original_token"": ""Financial"", ""salted_token"": ""F­i­n­a­n­c­i­a­l"", ""start"": 0, ""end"": 9, ""salt_mode"": ""fragment"", ""fragment_max_positions"": null}]",[]
00312.5034fee7d265abd7a4194e9300de24bf,00312__salted__broad__cp200B__fragment.5034fee7d265abd7a4194e9300de24bf,broad,200B,fragment,,1,0,False,"[{""original_token"": ""HGH"", ""salted_token"": ""H​G​H"", ""start"": 0, ""end"": 3, ""salt_mode"": ""fragment"", ""fragment_max_positions"": null}]",[]
00312.5034fee7d265abd7a4194e9300de24bf,00312__salted__broad__cp200C__fragment.5034fee7d265abd7a4194e9300de24bf,broad,200C,fragment,,1,0,False,"[{""original_token"": ""HGH"", ""salted_token"": ""H‌G‌H"", ""start"": 0, ""end"": 3, ""salt_mode"": ""fragment"", ""fragment_max_positions"": null}]",[]
00312.5034fee7d265abd7a4194e9300de24bf,00312__salted__broad__cp200D__fragment.5034fee7d265abd7a4194e9300de24bf,broad,200D,fragment,,1,0,False,"[{""original_token"": ""HGH"", ""salted_token"": ""H‍G‍H"", ""start"": 0, ""end"": 3, ""salt_mode"": ""fragment"", ""fragment_max_positions"": null}]",[]
00312.5034fee7d265abd7a4194e9300de24bf,00312__salted__broad__cp00AD__fragment.5034fee7d265abd7a4194e9300de24bf,broad,00AD,fragment,,1,0,False,"[{""original_token"": ""HGH"", ""salted_token"": ""H­G­H"", ""start"": 0, ""end"": 3, ""salt_mode"": ""fragment"", ""fragment_max_positions"": null}]",[]
00319.a99dff9c010e00ec182ed5701556d330,00319__salted__broad__cp200B__fragment.a99dff9c010e00ec182ed5701556d330,broad,200B,fragment,,0,3,True,[],"[{""original_token"": ""thirty"", ""salted_token"": ""t​h​i​r​t​y"", ""start"": 42, ""end"": 48, ""salt_mode"": ""fragment"", ""fragment_max_positions"": null}, {""original_token"": ""adult"", ""salted_token"": ""a​d​u​l​t"", ""start"": 851, ""end"": 856, ""salt_mode"": ""fragment"", ""fragment_max_positions"": null}, {""original_token"": ""prospects"", ""salted_token"": ""p​r​o​s​p​e​c​t​s"", ""start"": 2094, ""end"": 2103, ""salt_mode"": ""fragment"", ""fragment_max_positions"": null}]"
00319.a99dff9c010e00ec182ed5701556d330,00319__salted__broad__cp200C__fragment.a99dff9c010e00ec182ed5701556d330,broad,200C,fragment,,0,3,True,[],"[{""original_token"": ""thirty"", ""salted_token"": ""t‌h‌i‌r‌t‌y"", ""start"": 42, ""end"": 48, ""salt_mode"": ""fragment"", ""fragment_max_positions"": null}, {""original_token"": ""adult"", ""salted_token"": ""a‌d‌u‌l‌t"", ""start"": 851, ""end"": 856, ""salt_mode"": ""fragment"", ""fragment_max_positions"": null}, {""original_token"": ""prospects"", ""salted_token"": ""p‌r‌o‌s‌p‌e‌c‌t‌s"", ""start"": 2094, ""end"": 2103, ""salt_mode"": ""fragment"", ""fragment_max_positions"": null}]"
00319.a99dff9c010e00ec182ed5701556d330,00319__salted__broad__cp200D__fragment.a99dff9c010e00ec182ed5701556d330,broad,200D,fragment,,0,3,True,[],"[{""original_token"": ""thirty"", ""salted_token"": ""t‍h‍i‍r‍t‍y"", ""start"": 42, ""end"": 48, ""salt_mode"": ""fragment"", ""fragment_max_positions"": null}, {""original_token"": ""adult"", ""salted_token"": ""a‍d‍u‍l‍t"", ""start"": 851, ""end"": 856, ""salt_mode"": ""fragment"", ""fragment_max_positions"": null}, {""original_token"": ""prospects"", ""salted_token"": ""p‍r‍o‍s‍p‍e‍c‍t‍s"", ""start"": 2094, ""end"": 2103, ""salt_mode"": ""fragment"", ""fragment_max_positions"": null}]"
00319.a99dff9c010e00ec182ed5701556d330,00319__salted__broad__cp00AD__fragment.a99dff9c010e00ec182ed5701556d330,broad,00AD,fragment,,0,3,True,[],"[{""original_token"": ""thirty"", ""salted_token"": ""t­h­i­r­t­y"", ""start"": 42, ""end"": 48, ""salt_mode"": ""fragment"", ""fragment_max_positions"": null}, {""original_token"": ""adult"", ""salted_token"": ""a­d­u­l­t"", ""start"": 851, ""end"": 856, ""salt_mode"": ""fragment"", ""fragment_max_positions"": null}, {""original_token"": ""prospects"", ""salted_token"": ""p­r­o­s­p­e­c­t­s"", ""start"": 2094, ""end"": 2103, ""salt_mode"": ""fragment"", ""fragment_max_positions"": null}]"
00333.050a95c5ed10d1e01e5da42d27d087bd,00333__salted__broad__cp200B__fragment.050a95c5ed10d1e01e5da42d27d087bd,broad,200B,fragment,,1,0,False,"[{""original_token"": ""SEXUAL"", ""salted_token"": ""S​E​X​U​A​L"", ""start"": 3, ""end"": 9, ""salt_mode"": ""fragment"", ""fragment_max_positions"": null}]",[]
00333.050a95c5ed10d1e01e5da42d27d087bd,00333__salted__broad__cp200C__fragment.050a95c5ed10d1e01e5da42d27d087bd,broad,200C,fragment,,1,0,False,"[{""original_token"": ""SEXUAL"", ""salted_token"": ""S‌E‌X‌U‌A‌L"", ""start"": 3, ""end"": 9, ""salt_mode"": ""fragment"", ""fragment_max_positions"": null}]",[]
00333.050a95c5ed10d1e01e5da42d27d087bd,00333__salted__broad__cp200D__fragment.050a95c5ed10d1e01e5da42d27d087bd,broad,200D,fragment,,1,0,False,"[{""original_token"": ""SEXUAL"", ""salted_token"": ""S‍E‍X‍U‍A‍L"", ""start"": 3, ""end"": 9, ""salt_mode"": ""fragment"", ""fragment_max_positions"": null}]",[]
00333.050a95c5ed10d1e01e5da42d27d087bd,00333__salted__broad__cp00AD__fragment.050a95c5ed10d1e01e5da42d27d087bd,broad,00AD,fragment,,1,0,False,"[{""original_token"": ""SEXUAL"", ""salted_token"": ""S­E­X­U­A­L"", ""start"": 3, ""end"": 9, ""salt_mode"": ""fragment"", ""fragment_max_positions"": null}]",[]
00337.813498483bc80a24c002e6e7e8e0f2cb,00337__salted__broad__cp200B__fragment.813498483bc80a24c002e6e7e8e0f2cb,broad,200B,fragment,,0,3,True,[],"[{""original_token"": ""investment"", ""salted_token"": ""i​n​v​e​s​t​m​e​n​t"", ""start"": 44, ""end"": 54, ""salt_mode"": ""fragment"", ""fragment_max_positions"": null}, {""original_token"": ""invest"", ""salted_token"": ""i​n​v​e​s​t"", ""start"": 511, ""end"": 517, ""salt_mode"": ""fragment"", ""fragment_max_positions"": null}, {""original_token"": ""loan"", ""salted_token"": ""l​o​a​n"", ""start"": 635, ""end"": 639, ""salt_mode"": ""fragment"", ""fragment_max_positions"": null}]"
00337.813498483bc80a24c002e6e7e8e0f2cb,00337__salted__broad__cp200C__fragment.813498483bc80a24c002e6e7e8e0f2cb,broad,200C,fragment,,0,3,True,[],"[{""original_token"": ""investment"", ""salted_token"": ""i‌n‌v‌e‌s‌t‌m‌e‌n‌t"", ""start"": 44, ""end"": 54, ""salt_mode"": ""fragment"", ""fragment_max_positions"": null}, {""original_token"": ""invest"", ""salted_token"": ""i‌n‌v‌e‌s‌t"", ""start"": 511, ""end"": 517, ""salt_mode"": ""fragment"", ""fragment_max_positions"": null}, {""original_token"": ""loan"", ""salted_token"": ""l‌o‌a‌n"", ""start"": 635, ""end"": 639, ""salt_mode"": ""fragment"", ""fragment_max_positions"": null}]"
00337.813498483bc80a24c002e6e7e8e0f2cb,00337__salted__broad__cp200D__fragment.813498483bc80a24c002e6e7e8e0f2cb,broad,200D,fragment,,0,3,True,[],"[{""original_token"": ""investment"", ""salted_token"": ""i‍n‍v‍e‍s‍t‍m‍e‍n‍t"", ""start"": 44, ""end"": 54, ""salt_mode"": ""fragment"", ""fragment_max_positions"": null}, {""original_token"": ""invest"", ""salted_token"": ""i‍n‍v‍e‍s‍t"", ""start"": 511, ""end"": 517, ""salt_mode"": ""fragment"", ""fragment_max_positions"": null}, {""original_token"": ""loan"", ""salted_token"": ""l‍o‍a‍n"", ""start"": 635, ""end"": 639, ""salt_mode"": ""fragment"", ""fragment_max_positions"": null}]"
00337.813498483bc80a24c002e6e7e8e0f2cb,00337__salted__broad__cp00AD__fragment.813498483bc80a24c002e6e7e8e0f2cb,broad,00AD,fragment,,0,3,True,[],"[{""original_token"": ""investment"", ""salted_token"": ""i­n­v­e­s­t­m­e­n­t"", ""start"": 44, ""end"": 54, ""salt_mode"": ""fragment"", ""fragment_max_positions"": null}, {""original_token"": ""invest"", ""salted_token"": ""i­n­v­e­s­t"", ""start"": 511, ""end"": 517, ""salt_mode"": ""fragment"", ""fragment_max_positions"": null}, {""original_token"": ""loan"", ""salted_token"": ""l­o­a­n"", ""start"": 635, ""end"": 639, ""salt_mode"": ""fragment"", ""fragment_max_positions"": null}]"
00344.17882edad13c2c761e6d8d99eef5a346,00344__salted__broad__cp200B__fragment.17882edad13c2c761e6d8d99eef5a346,broad,200B,fragment,,0,3,True,[],"[{""original_token"": ""instructions"", ""salted_token"": ""i​n​s​t​r​u​c​t​i​o​n​s"", ""start"": 543, ""end"": 555, ""salt_mode"": ""fragment"", ""fragment_max_positions"": null}, {""original_token"": ""Purchase"", ""salted_token"": ""P​u​r​c​h​a​s​e"", ""start"": 645, ""end"": 653, ""salt_mode"": ""fragment"", ""fragment_max_positions"": null}, {""original_token"": ""Click"", ""salted_token"": ""C​l​i​c​k"", ""start"": 662, ""end"": 667, ""salt_mode"": ""fragment"", ""fragment_max_positions"": null}]"
00344.17882edad13c2c761e6d8d99eef5a346,00344__salted__broad__cp200C__fragment.17882edad13c2c761e6d8d99eef5a346,broad,200C,fragment,,0,3,True,[],"[{""original_token"": ""instructions"", ""salted_token"": ""i‌n‌s‌t‌r‌u‌c‌t‌i‌o‌n‌s"", ""start"": 543, ""end"": 555, ""salt_mode"": ""fragment"", ""fragment_max_positions"": null}, {""original_token"": ""Purchase"", ""salted_token"": ""P‌u‌r‌c‌h‌a‌s‌e"", ""start"": 645, ""end"": 653, ""salt_mode"": ""fragment"", ""fragment_max_positions"": null}, {""original_token"": ""Click"", ""salted_token"": ""C‌l‌i‌c‌k"", ""start"": 662, ""end"": 667, ""salt_mode"": ""fragment"", ""fragment_max_positions"": null}]"
00344.17882edad13c2c761e6d8d99eef5a346,00344__salted__broad__cp200D__fragment.17882edad13c2c761e6d8d99eef5a346,broad,200D,fragment,,0,3,True,[],"[{""original_token"": ""instructions"", ""salted_token"": ""i‍n‍s‍t‍r‍u‍c‍t‍i‍o‍n‍s"", ""start"": 543, ""end"": 555, ""salt_mode"": ""fragment"", ""fragment_max_positions"": null}, {""original_token"": ""Purchase"", ""salted_token"": ""P‍u‍r‍c‍h‍a‍s‍e"", ""start"": 645, ""end"": 653, ""salt_mode"": ""fragment"", ""fragment_max_positions"": null}, {""original_token"": ""Click"", ""salted_token"": ""C‍l‍i‍c‍k"", ""start"": 662, ""end"": 667, ""salt_mode"": ""fragment"", ""fragment_max_positions"": null}]"
00344.17882edad13c2c761e6d8d99eef5a346,00344__salted__broad__cp00AD__fragment.17882edad13c2c761e6d8d99eef5a346,broad,00AD,fragment,,0,3,True,[],"[{""original_token"": ""instructions"", ""salted_token"": ""i­n­s­t­r­u­c­t­i­o­n­s"", ""start"": 543, ""end"": 555, ""salt_mode"": ""fragment"", ""fragment_max_positions"": null}, {""original_token"": ""Purchase"", ""salted_token"": ""P­u­r­c­h­a­s­e"", ""start"": 645, ""end"": 653, ""salt_mode"": ""fragment"", ""fragment_max_positions"": null}, {""original_token"": ""Click"", ""salted_token"": ""C­l­i­c­k"", ""start"": 662, ""end"": 667, ""salt_mode"": ""fragment"", ""fragment_max_positions"": null}]"
00344.e6463530b23a12554d2e6f0e08ae10a7,00344__salted__broad__cp200B__fragment.e6463530b23a12554d2e6f0e08ae10a7,broad,200B,fragment,,0,2,True,[],"[{""original_token"": ""TOLL"", ""salted_token"": ""T​O​L​L"", ""start"": 464, ""end"": 468, ""salt_mode"": ""fragment"", ""fragment_max_positions"": null}, {""original_token"": ""TEEN"", ""salted_token"": ""T​E​E​N"", ""start"": 497, ""end"": 501, ""salt_mode"": ""fragment"", ""fragment_max_positions"": null}]"
00344.e6463530b23a12554d2e6f0e08ae10a7,00344__salted__broad__cp200C__fragment.e6463530b23a12554d2e6f0e08ae10a7,broad,200C,fragment,,0,2,True,[],"[{""original_token"": ""TOLL"", ""salted_token"": ""T‌O‌L‌L"", ""start"": 464, ""end"": 468, ""salt_mode"": ""fragment"", ""fragment_max_positions"": null}, {""original_token"": ""TEEN"", ""salted_token"": ""T‌E‌E‌N"", ""start"": 497, ""end"": 501, ""salt_mode"": ""fragment"", ""fragment_max_positions"": null}]"
00344.e6463530b23a12554d2e6f0e08ae10a7,00344__salted__broad__cp200D__fragment.e6463530b23a12554d2e6f0e08ae10a7,broad,200D,fragment,,0,2,True,[],"[{""original_token"": ""TOLL"", ""salted_token"": ""T‍O‍L‍L"", ""start"": 464, ""end"": 468, ""salt_mode"": ""fragment"", ""fragment_max_positions"": null}, {""original_token"": ""TEEN"", ""salted_token"": ""T‍E‍E‍N"", ""start"": 497, ""end"": 501, ""salt_mode"": ""fragment"", ""fragment_max_positions"": null}]"
00344.e6463530b23a12554d2e6f0e08ae10a7,00344__salted__broad__cp00AD__fragment.e6463530b23a12554d2e6f0e08ae10a7,broad,00AD,fragment,,0,2,True,[],"[{""original_token"": ""TOLL"", ""salted_token"": ""T­O­L­L"", ""start"": 464, ""end"": 468, ""salt_mode"": ""fragment"", ""fragment_max_positions"": null}, {""original_token"": ""TEEN"", ""salted_token"": ""T­E­E­N"", ""start"": 497, ""end"": 501, ""salt_mode"": ""fragment"", ""fragment_max_positions"": null}]"
00345.613b3c2aeac033eebb379c91b8ce9fba,00345__salted__broad__cp200B__fragment.613b3c2aeac033eebb379c91b8ce9fba,broad,200B,fragment,,1,0,False,"[{""original_token"": ""Monthly"", ""salted_token"": ""M​o​n​t​h​l​y"", ""start"": 50, ""end"": 57, ""salt_mode"": ""fragment"", ""fragment_max_positions"": null}]",[]
00345.613b3c2aeac033eebb379c91b8ce9fba,00345__salted__broad__cp200C__fragment.613b3c2aeac033eebb379c91b8ce9fba,broad,200C,fragment,,1,0,False,"[{""original_token"": ""Monthly"", ""salted_token"": ""M‌o‌n‌t‌h‌l‌y"", ""start"": 50, ""end"": 57, ""salt_mode"": ""fragment"", ""fragment_max_positions"": null}]",[]
00345.613b3c2aeac033eebb379c91b8ce9fba,00345__salted__broad__cp200D__fragment.613b3c2aeac033eebb379c91b8ce9fba,broad,200D,fragment,,1,0,False,"[{""original_token"": ""Monthly"", ""salted_token"": ""M‍o‍n‍t‍h‍l‍y"", ""start"": 50, ""end"": 57, ""salt_mode"": ""fragment"", ""fragment_max_positions"": null}]",[]
00345.613b3c2aeac033eebb379c91b8ce9fba,00345__salted__broad__cp00AD__fragment.613b3c2aeac033eebb379c91b8ce9fba,broad,00AD,fragment,,1,0,False,"[{""original_token"": ""Monthly"", ""salted_token"": ""M­o­n­t­h­l­y"", ""start"": 50, ""end"": 57, ""salt_mode"": ""fragment"", ""fragment_max_positions"": null}]",[]
00346.d93a823fb3350a5da8f0c612ce1156cd,00346__salted__broad__cp200B__fragment.d93a823fb3350a5da8f0c612ce1156cd,broad,200B,fragment,,0,3,True,[],"[{""original_token"": ""Dear"", ""salted_token"": ""D​e​a​r"", ""start"": 42, ""end"": 46, ""salt_mode"": ""fragment"", ""fragment_max_positions"": null}, {""original_token"": ""Sir"", ""salted_token"": ""S​i​r"", ""start"": 47, ""end"": 50, ""salt_mode"": ""fragment"", ""fragment_max_positions"": null}, {""original_token"": ""Africa"", ""salted_token"": ""A​f​r​i​c​a"", ""start"": 898, ""end"": 904, ""salt_mode"": ""fragment"", ""fragment_max_positions"": null}]"
00346.d93a823fb3350a5da8f0c612ce1156cd,00346__salted__broad__cp200C__fragment.d93a823fb3350a5da8f0c612ce1156cd,broad,200C,fragment,,0,3,True,[],"[{""original_token"": ""Dear"", ""salted_token"": ""D‌e‌a‌r"", ""start"": 42, ""end"": 46, ""salt_mode"": ""fragment"", ""fragment_max_positions"": null}, {""original_token"": ""Sir"", ""salted_token"": ""S‌i‌r"", ""start"": 47, ""end"": 50, ""salt_mode"": ""fragment"", ""fragment_max_positions"": null}, {""original_token"": ""Africa"", ""salted_token"": ""A‌f‌r‌i‌c‌a"", ""start"": 898, ""end"": 904, ""salt_mode"": ""fragment"", ""fragment_max_positions"": null}]"
00346.d93a823fb3350a5da8f0c612ce1156cd,00346__salted__broad__cp200D__fragment.d93a823fb3350a5da8f0c612ce1156cd,broad,200D,fragment,,0,3,True,[],"[{""original_token"": ""Dear"", ""salted_token"": ""D‍e‍a‍r"", ""start"": 42, ""end"": 46, ""salt_mode"": ""fragment"", ""fragment_max_positions"": null}, {""original_token"": ""Sir"", ""salted_token"": ""S‍i‍r"", ""start"": 47, ""end"": 50, ""salt_mode"": ""fragment"", ""fragment_max_positions"": null}, {""original_token"": ""Africa"", ""salted_token"": ""A‍f‍r‍i‍c‍a"", ""start"": 898, ""end"": 904, ""salt_mode"": ""fragment"", ""fragment_max_positions"": null}]"
00346.d93a823fb3350a5da8f0c612ce1156cd,00346__salted__broad__cp00AD__fragment.d93a823fb3350a5da8f0c612ce1156cd,broad,00AD,fragment,,0,3,True,[],"[{""original_token"": ""Dear"", ""salted_token"": ""D­e­a­r"", ""start"": 42, ""end"": 46, ""salt_mode"": ""fragment"", ""fragment_max_positions"": null}, {""original_token"": ""Sir"", ""salted_token"": ""S­i­r"", ""start"": 47, ""end"": 50, ""salt_mode"": ""fragment"", ""fragment_max_positions"": null}, {""original_token"": ""Africa"", ""salted_token"": ""A­f­r­i­c­a"", ""start"": 898, ""end"": 904, ""salt_mode"": ""fragment"", ""fragment_max_positions"": null}]"
00354.dca4b8984863a76ffd01a33888498288,00354__salted__broad__cp200B__fragment.dca4b8984863a76ffd01a33888498288,broad,200B,fragment,,0,3,True,[],"[{""original_token"": ""Account"", ""salted_token"": ""A​c​c​o​u​n​t"", ""start"": 4, ""end"": 11, ""salt_mode"": ""fragment"", ""fragment_max_positions"": null}, {""original_token"": ""Offering"", ""salted_token"": ""O​f​f​e​r​i​n​g"", ""start"": 312, ""end"": 320, ""salt_mode"": ""fragment"", ""fragment_max_positions"": null}, {""original_token"": ""adult"", ""salted_token"": ""a​d​u​l​t"", ""start"": 359, ""end"": 364, ""salt_mode"": ""fragment"", ""fragment_max_positions"": null}]"
00354.dca4b8984863a76ffd01a33888498288,00354__salted__broad__cp200C__fragment.dca4b8984863a76ffd01a33888498288,broad,200C,fragment,,0,3,True,[],"[{""original_token"": ""Account"", ""salted_token"": ""A‌c‌c‌o‌u‌n‌t"", ""start"": 4, ""end"": 11, ""salt_mode"": ""fragment"", ""fragment_max_positions"": null}, {""original_token"": ""Offering"", ""salted_token"": ""O‌f‌f‌e‌r‌i‌n‌g"", ""start"": 312, ""end"": 320, ""salt_mode"": ""fragment"", ""fragment_max_positions"": null}, {""original_token"": ""adult"", ""salted_token"": ""a‌d‌u‌l‌t"", ""start"": 359, ""end"": 364, ""salt_mode"": ""fragment"", ""fragment_max_positions"": null}]"
00354.dca4b8984863a76ffd01a33888498288,00354__salted__broad__cp200D__fragment.dca4b8984863a76ffd01a33888498288,broad,200D,fragment,,0,3,True,[],"[{""original_token"": ""Account"", ""salted_token"": ""A‍c‍c‍o‍u‍n‍t"", ""start"": 4, ""end"": 11, ""salt_mode"": ""fragment"", ""fragment_max_positions"": null}, {""original_token"": ""Offering"", ""salted_token"": ""O‍f‍f‍e‍r‍i‍n‍g"", ""start"": 312, ""end"": 320, ""salt_mode"": ""fragment"", ""fragment_max_positions"": null}, {""original_token"": ""adult"", ""salted_token"": ""a‍d‍u‍l‍t"", ""start"": 359, ""end"": 364, ""salt_mode"": ""fragment"", ""fragment_max_positions"": null}]"
00354.dca4b8984863a76ffd01a33888498288,00354__salted__broad__cp00AD__fragment.dca4b8984863a76ffd01a33888498288,broad,00AD,fragment,,0,3,True,[],"[{""original_token"": ""Account"", ""salted_token"": ""A­c­c­o­u­n­t"", ""start"": 4, ""end"": 11, ""salt_mode"": ""fragment"", ""fragment_max_positions"": null}, {""original_token"": ""Offering"", ""salted_token"": ""O­f­f­e­r­i­n­g"", ""start"": 312, ""end"": 320, ""salt_mode"": ""fragment"", ""fragment_max_positions"": null}, {""original_token"": ""adult"", ""salted_token"": ""a­d­u­l­t"", ""start"": 359, ""end"": 364, ""salt_mode"": ""fragment"", ""fragment_max_positions"": null}]"
00356.ea7eb32330fa6bf65270023c0d99e2c5,00356__salted__broad__cp200B__fragment.ea7eb32330fa6bf65270023c0d99e2c5,broad,200B,fragment,,0,3,True,[],"[{""original_token"": ""SystemWorks"", ""salted_token"": ""S​y​s​t​e​m​W​o​r​k​s"", ""start"": 254, ""end"": 265, ""salt_mode"": ""fragment"", ""fragment_max_positions"": null}, {""original_token"": ""Professional"", ""salted_token"": ""P​r​o​f​e​s​s​i​o​n​a​l"", ""start"": 300, ""end"": 312, ""salt_mode"": ""fragment"", ""fragment_max_positions"": null}, {""original_token"": ""Price"", ""salted_token"": ""P​r​i​c​e"", ""start"": 425, ""end"": 430, ""salt_mode"": ""fragment"", ""fragment_max_positions"": null}]"
00356.ea7eb32330fa6bf65270023c0d99e2c5,00356__salted__broad__cp200C__fragment.ea7eb32330fa6bf65270023c0d99e2c5,broad,200C,fragment,,0,3,True,[],"[{""original_token"": ""SystemWorks"", ""salted_token"": ""S‌y‌s‌t‌e‌m‌W‌o‌r‌k‌s"", ""start"": 254, ""end"": 265, ""salt_mode"": ""fragment"", ""fragment_max_positions"": null}, {""original_token"": ""Professional"", ""salted_token"": ""P‌r‌o‌f‌e‌s‌s‌i‌o‌n‌a‌l"", ""start"": 300, ""end"": 312, ""salt_mode"": ""fragment"", ""fragment_max_positions"": null}, {""original_token"": ""Price"", ""salted_token"": ""P‌r‌i‌c‌e"", ""start"": 425, ""end"": 430, ""salt_mode"": ""fragment"", ""fragment_max_positions"": null}]"
00356.ea7eb32330fa6bf65270023c0d99e2c5,00356__salted__broad__cp200D__fragment.ea7eb32330fa6bf65270023c0d99e2c5,broad,200D,fragment,,0,3,True,[],"[{""original_token"": ""SystemWorks"", ""salted_token"": ""S‍y‍s‍t‍e‍m‍W‍o‍r‍k‍s"", ""start"": 254, ""end"": 265, ""salt_mode"": ""fragment"", ""fragment_max_positions"": null}, {""original_token"": ""Professional"", ""salted_token"": ""P‍r‍o‍f‍e‍s‍s‍i‍o‍n‍a‍l"", ""start"": 300, ""end"": 312, ""salt_mode"": ""fragment"", ""fragment_max_positions"": null}, {""original_token"": ""Price"", ""salted_token"": ""P‍r‍i‍c‍e"", ""start"": 425, ""end"": 430, ""salt_mode"": ""fragment"", ""fragment_max_positions"": null}]"
00356.ea7eb32330fa6bf65270023c0d99e2c5,00356__salted__broad__cp00AD__fragment.ea7eb32330fa6bf65270023c0d99e2c5,broad,00AD,fragment,,0,3,True,[],"[{""original_token"": ""SystemWorks"", ""salted_token"": ""S­y­s­t­e­m­W­o­r­k­s"", ""start"": 254, ""end"": 265, ""salt_mode"": ""fragment"", ""fragment_max_positions"": null}, {""original_token"": ""Professional"", ""salted_token"": ""P­r­o­f­e­s­s­i­o­n­a­l"", ""start"": 300, ""end"": 312, ""salt_mode"": ""fragment"", ""fragment_max_positions"": null}, {""original_token"": ""Price"", ""salted_token"": ""P­r­i­c­e"", ""start"": 425, ""end"": 430, ""salt_mode"": ""fragment"", ""fragment_max_positions"": null}]"
00359.90bec90ebeaf05f024f48594e7d7b0d5,00359__salted__broad__cp200B__fragment.90bec90ebeaf05f024f48594e7d7b0d5,broad,200B,fragment,,0,3,True,[],"[{""original_token"": ""DEAR"", ""salted_token"": ""D​E​A​R"", ""start"": 70, ""end"": 74, ""salt_mode"": ""fragment"", ""fragment_max_positions"": null}, {""original_token"": ""SIR"", ""salted_token"": ""S​I​R"", ""start"": 75, ""end"": 78, ""salt_mode"": ""fragment"", ""fragment_max_positions"": null}, {""original_token"": ""URGENT"", ""salted_token"": ""U​R​G​E​N​T"", ""start"": 93, ""end"": 99, ""salt_mode"": ""fragment"", ""fragment_max_positions"": null}]"
00359.90bec90ebeaf05f024f48594e7d7b0d5,00359__salted__broad__cp200C__fragment.90bec90ebeaf05f024f48594e7d7b0d5,broad,200C,fragment,,0,3,True,[],"[{""original_token"": ""DEAR"", ""salted_token"": ""D‌E‌A‌R"", ""start"": 70, ""end"": 74, ""salt_mode"": ""fragment"", ""fragment_max_positions"": null}, {""original_token"": ""SIR"", ""salted_token"": ""S‌I‌R"", ""start"": 75, ""end"": 78, ""salt_mode"": ""fragment"", ""fragment_max_positions"": null}, {""original_token"": ""URGENT"", ""salted_token"": ""U‌R‌G‌E‌N‌T"", ""start"": 93, ""end"": 99, ""salt_mode"": ""fragment"", ""fragment_max_positions"": null}]"
00359.90bec90ebeaf05f024f48594e7d7b0d5,00359__salted__broad__cp200D__fragment.90bec90ebeaf05f024f48594e7d7b0d5,broad,200D,fragment,,0,3,True,[],"[{""original_token"": ""DEAR"", ""salted_token"": ""D‍E‍A‍R"", ""start"": 70, ""end"": 74, ""salt_mode"": ""fragment"", ""fragment_max_positions"": null}, {""original_token"": ""SIR"", ""salted_token"": ""S‍I‍R"", ""start"": 75, ""end"": 78, ""salt_mode"": ""fragment"", ""fragment_max_positions"": null}, {""original_token"": ""URGENT"", ""salted_token"": ""U‍R‍G‍E‍N‍T"", ""start"": 93, ""end"": 99, ""salt_mode"": ""fragment"", ""fragment_max_positions"": null}]"
00359.90bec90ebeaf05f024f48594e7d7b0d5,00359__salted__broad__cp00AD__fragment.90bec90ebeaf05f024f48594e7d7b0d5,broad,00AD,fragment,,0,3,True,[],"[{""original_token"": ""DEAR"", ""salted_token"": ""D­E­A­R"", ""start"": 70, ""end"": 74, ""salt_mode"": ""fragment"", ""fragment_max_positions"": null}, {""original_token"": ""SIR"", ""salted_token"": ""S­I­R"", ""start"": 75, ""end"": 78, ""salt_mode"": ""fragment"", ""fragment_max_positions"": null}, {""original_token"": ""URGENT"", ""salted_token"": ""U­R­G­E­N­T"", ""start"": 93, ""end"": 99, ""salt_mode"": ""fragment"", ""fragment_max_positions"": null}]"
00360.3c1e6c84cb93d024c1f1aa85cd56ac9c,00360__salted__broad__cp200B__fragment.3c1e6c84cb93d024c1f1aa85cd56ac9c,broad,200B,fragment,,0,1,True,[],"[{""original_token"": ""reply"", ""salted_token"": ""r​e​p​l​y"", ""start"": 272, ""end"": 277, ""salt_mode"": ""fragment"", ""fragment_max_positions"": null}]"
00360.3c1e6c84cb93d024c1f1aa85cd56ac9c,00360__salted__broad__cp200C__fragment.3c1e6c84cb93d024c1f1aa85cd56ac9c,broad,200C,fragment,,0,1,True,[],"[{""original_token"": ""reply"", ""salted_token"": ""r‌e‌p‌l‌y"", ""start"": 272, ""end"": 277, ""salt_mode"": ""fragment"", ""fragment_max_positions"": null}]"
00360.3c1e6c84cb93d024c1f1aa85cd56ac9c,00360__salted__broad__cp200D__fragment.3c1e6c84cb93d024c1f1aa85cd56ac9c,broad,200D,fragment,,0,1,True,[],"[{""original_token"": ""reply"", ""salted_token"": ""r‍e‍p‍l‍y"", ""start"": 272, ""end"": 277, ""salt_mode"": ""fragment"", ""fragment_max_positions"": null}]"
00360.3c1e6c84cb93d024c1f1aa85cd56ac9c,00360__salted__broad__cp00AD__fragment.3c1e6c84cb93d024c1f1aa85cd56ac9c,broad,00AD,fragment,,0,1,True,[],"[{""original_token"": ""reply"", ""salted_token"": ""r­e­p­l­y"", ""start"": 272, ""end"": 277, ""salt_mode"": ""fragment"", ""fragment_max_positions"": null}]"
00361.e91ac048b0ede961d3f51009eee1c620,00361__salted__broad__cp200B__fragment.e91ac048b0ede961d3f51009eee1c620,broad,200B,fragment,,0,3,True,[],"[{""original_token"": ""LAGOS"", ""salted_token"": ""L​A​G​O​S"", ""start"": 107, ""end"": 112, ""salt_mode"": ""fragment"", ""fragment_max_positions"": null}, {""original_token"": ""ATTN"", ""salted_token"": ""A​T​T​N"", ""start"": 115, ""end"": 119, ""salt_mode"": ""fragment"", ""fragment_max_positions"": null}, {""original_token"": ""transaction"", ""salted_token"": ""t​r​a​n​s​a​c​t​i​o​n"", ""start"": 197, ""end"": 208, ""salt_mode"": ""fragment"", ""fragment_max_positions"": null}]"
00361.e91ac048b0ede961d3f51009eee1c620,00361__salted__broad__cp200C__fragment.e91ac048b0ede961d3f51009eee1c620,broad,200C,fragment,,0,3,True,[],"[{""original_token"": ""LAGOS"", ""salted_token"": ""L‌A‌G‌O‌S"", ""start"": 107, ""end"": 112, ""salt_mode"": ""fragment"", ""fragment_max_positions"": null}, {""original_token"": ""ATTN"", ""salted_token"": ""A‌T‌T‌N"", ""start"": 115, ""end"": 119, ""salt_mode"": ""fragment"", ""fragment_max_positions"": null}, {""original_token"": ""transaction"", ""salted_token"": ""t‌r‌a‌n‌s‌a‌c‌t‌i‌o‌n"", ""start"": 197, ""end"": 208, ""salt_mode"": ""fragment"", ""fragment_max_positions"": null}]"
00361.e91ac048b0ede961d3f51009eee1c620,00361__salted__broad__cp200D__fragment.e91ac048b0ede961d3f51009eee1c620,broad,200D,fragment,,0,3,True,[],"[{""original_token"": ""LAGOS"", ""salted_token"": ""L‍A‍G‍O‍S"", ""start"": 107, ""end"": 112, ""salt_mode"": ""fragment"", ""fragment_max_positions"": null}, {""original_token"": ""ATTN"", ""salted_token"": ""A‍T‍T‍N"", ""start"": 115, ""end"": 119, ""salt_mode"": ""fragment"", ""fragment_max_positions"": null}, {""original_token"": ""transaction"", ""salted_token"": ""t‍r‍a‍n‍s‍a‍c‍t‍i‍o‍n"", ""start"": 197, ""end"": 208, ""salt_mode"": ""fragment"", ""fragment_max_positions"": null}]"
00361.e91ac048b0ede961d3f51009eee1c620,00361__salted__broad__cp00AD__fragment.e91ac048b0ede961d3f51009eee1c620,broad,00AD,fragment,,0,3,True,[],"[{""original_token"": ""LAGOS"", ""salted_token"": ""L­A­G­O­S"", ""start"": 107, ""end"": 112, ""salt_mode"": ""fragment"", ""fragment_max_positions"": null}, {""original_token"": ""ATTN"", ""salted_token"": ""A­T­T­N"", ""start"": 115, ""end"": 119, ""salt_mode"": ""fragment"", ""fragment_max_positions"": null}, {""original_token"": ""transaction"", ""salted_token"": ""t­r­a­n­s­a­c­t­i­o­n"", ""start"": 197, ""end"": 208, ""salt_mode"": ""fragment"", ""fragment_max_positions"": null}]"
00369.845eeb9573484bd88a6a6224c7068d81,00369__salted__broad__cp200B__fragment.845eeb9573484bd88a6a6224c7068d81,broad,200B,fragment,,1,0,False,"[{""original_token"": ""cartridges"", ""salted_token"": ""c​a​r​t​r​i​d​g​e​s"", ""start"": 18, ""end"": 28, ""salt_mode"": ""fragment"", ""fragment_max_positions"": null}]",[]
00369.845eeb9573484bd88a6a6224c7068d81,00369__salted__broad__cp200C__fragment.845eeb9573484bd88a6a6224c7068d81,broad,200C,fragment,,1,0,False,"[{""original_token"": ""cartridges"", ""salted_token"": ""c‌a‌r‌t‌r‌i‌d‌g‌e‌s"", ""start"": 18, ""end"": 28, ""salt_mode"": ""fragment"", ""fragment_max_positions"": null}]",[]
00369.845eeb9573484bd88a6a6224c7068d81,00369__salted__broad__cp200D__fragment.845eeb9573484bd88a6a6224c7068d81,broad,200D,fragment,,1,0,False,"[{""original_token"": ""cartridges"", ""salted_token"": ""c‍a‍r‍t‍r‍i‍d‍g‍e‍s"", ""start"": 18, ""end"": 28, ""salt_mode"": ""fragment"", ""fragment_max_positions"": null}]",[]
00369.845eeb9573484bd88a6a6224c7068d81,00369__salted__broad__cp00AD__fragment.845eeb9573484bd88a6a6224c7068d81,broad,00AD,fragment,,1,0,False,"[{""original_token"": ""cartridges"", ""salted_token"": ""c­a­r­t­r­i­d­g­e­s"", ""start"": 18, ""end"": 28, ""salt_mode"": ""fragment"", ""fragment_max_positions"": null}]",[]
00373.ebe8670ac56b04125c25100a36ab0510,00373__salted__broad__cp200B__fragment.ebe8670ac56b04125c25100a36ab0510,broad,200B,fragment,,0,3,True,[],"[{""original_token"": ""SystemWorks"", ""salted_token"": ""S​y​s​t​e​m​W​o​r​k​s"", ""start"": 89, ""end"": 100, ""salt_mode"": ""fragment"", ""fragment_max_positions"": null}, {""original_token"": ""Professional"", ""salted_token"": ""P​r​o​f​e​s​s​i​o​n​a​l"", ""start"": 122, ""end"": 134, ""salt_mode"": ""fragment"", ""fragment_max_positions"": null}, {""original_token"": ""Price"", ""salted_token"": ""P​r​i​c​e"", ""start"": 216, ""end"": 221, ""salt_mode"": ""fragment"", ""fragment_max_positions"": null}]"
00373.ebe8670ac56b04125c25100a36ab0510,00373__salted__broad__cp200C__fragment.ebe8670ac56b04125c25100a36ab0510,broad,200C,fragment,,0,3,True,[],"[{""original_token"": ""SystemWorks"", ""salted_token"": ""S‌y‌s‌t‌e‌m‌W‌o‌r‌k‌s"", ""start"": 89, ""end"": 100, ""salt_mode"": ""fragment"", ""fragment_max_positions"": null}, {""original_token"": ""Professional"", ""salted_token"": ""P‌r‌o‌f‌e‌s‌s‌i‌o‌n‌a‌l"", ""start"": 122, ""end"": 134, ""salt_mode"": ""fragment"", ""fragment_max_positions"": null}, {""original_token"": ""Price"", ""salted_token"": ""P‌r‌i‌c‌e"", ""start"": 216, ""end"": 221, ""salt_mode"": ""fragment"", ""fragment_max_positions"": null}]"
00373.ebe8670ac56b04125c25100a36ab0510,00373__salted__broad__cp200D__fragment.ebe8670ac56b04125c25100a36ab0510,broad,200D,fragment,,0,3,True,[],"[{""original_token"": ""SystemWorks"", ""salted_token"": ""S‍y‍s‍t‍e‍m‍W‍o‍r‍k‍s"", ""start"": 89, ""end"": 100, ""salt_mode"": ""fragment"", ""fragment_max_positions"": null}, {""original_token"": ""Professional"", ""salted_token"": ""P‍r‍o‍f‍e‍s‍s‍i‍o‍n‍a‍l"", ""start"": 122, ""end"": 134, ""salt_mode"": ""fragment"", ""fragment_max_positions"": null}, {""original_token"": ""Price"", ""salted_token"": ""P‍r‍i‍c‍e"", ""start"": 216, ""end"": 221, ""salt_mode"": ""fragment"", ""fragment_max_positions"": null}]"
00373.ebe8670ac56b04125c25100a36ab0510,00373__salted__broad__cp00AD__fragment.ebe8670ac56b04125c25100a36ab0510,broad,00AD,fragment,,0,3,True,[],"[{""original_token"": ""SystemWorks"", ""salted_token"": ""S­y­s­t­e­m­W­o­r­k­s"", ""start"": 89, ""end"": 100, ""salt_mode"": ""fragment"", ""fragment_max_positions"": null}, {""original_token"": ""Professional"", ""salted_token"": ""P­r­o­f­e­s­s­i­o­n­a­l"", ""start"": 122, ""end"": 134, ""salt_mode"": ""fragment"", ""fragment_max_positions"": null}, {""original_token"": ""Price"", ""salted_token"": ""P­r­i­c­e"", ""start"": 216, ""end"": 221, ""salt_mode"": ""fragment"", ""fragment_max_positions"": null}]"
00374.b174d1e94449f519f3ceba87e7cefea7,00374__salted__broad__cp200B__fragment.b174d1e94449f519f3ceba87e7cefea7,broad,200B,fragment,,1,0,False,"[{""original_token"": ""account"", ""salted_token"": ""a​c​c​o​u​n​t"", ""start"": 16, ""end"": 23, ""salt_mode"": ""fragment"", ""fragment_max_positions"": null}]",[]
00374.b174d1e94449f519f3ceba87e7cefea7,00374__salted__broad__cp200C__fragment.b174d1e94449f519f3ceba87e7cefea7,broad,200C,fragment,,1,0,False,"[{""original_token"": ""account"", ""salted_token"": ""a‌c‌c‌o‌u‌n‌t"", ""start"": 16, ""end"": 23, ""salt_mode"": ""fragment"", ""fragment_max_positions"": null}]",[]
00374.b174d1e94449f519f3ceba87e7cefea7,00374__salted__broad__cp200D__fragment.b174d1e94449f519f3ceba87e7cefea7,broad,200D,fragment,,1,0,False,"[{""original_token"": ""account"", ""salted_token"": ""a‍c‍c‍o‍u‍n‍t"", ""start"": 16, ""end"": 23, ""salt_mode"": ""fragment"", ""fragment_max_positions"": null}]",[]
00374.b174d1e94449f519f3ceba87e7cefea7,00374__salted__broad__cp00AD__fragment.b174d1e94449f519f3ceba87e7cefea7,broad,00AD,fragment,,1,0,False,"[{""original_token"": ""account"", ""salted_token"": ""a­c­c­o­u­n­t"", ""start"": 16, ""end"": 23, ""salt_mode"": ""fragment"", ""fragment_max_positions"": null}]",[]
00384.2054d62f06fd10e4018a43e156b32acf,00384__salted__broad__cp200B__fragment.2054d62f06fd10e4018a43e156b32acf,broad,200B,fragment,,1,3,True,"[{""original_token"": ""Guaranteed"", ""salted_token"": ""G​u​a​r​a​n​t​e​e​d"", ""start"": 3, ""end"": 13, ""salt_mode"": ""fragment"", ""fragment_max_positions"": null}]","[{""original_token"": ""annuity"", ""salted_token"": ""a​n​n​u​i​t​y"", ""start"": 26, ""end"": 33, ""salt_mode"": ""fragment"", ""fragment_max_positions"": null}, {""original_token"": ""annuity"", ""salted_token"": ""a​n​n​u​i​t​y"", ""start"": 61, ""end"": 68, ""salt_mode"": ""fragment"", ""fragment_max_positions"": null}, {""original_token"": ""Financial"", ""salted_token"": ""F​i​n​a​n​c​i​a​l"", ""start"": 94, ""end"": 103, ""salt_mode"": ""fragment"", ""fragment_max_positions"": null}]"
00384.2054d62f06fd10e4018a43e156b32acf,00384__salted__broad__cp200C__fragment.2054d62f06fd10e4018a43e156b32acf,broad,200C,fragment,,1,3,True,"[{""original_token"": ""Guaranteed"", ""salted_token"": ""G‌u‌a‌r‌a‌n‌t‌e‌e‌d"", ""start"": 3, ""end"": 13, ""salt_mode"": ""fragment"", ""fragment_max_positions"": null}]","[{""original_token"": ""annuity"", ""salted_token"": ""a‌n‌n‌u‌i‌t‌y"", ""start"": 26, ""end"": 33, ""salt_mode"": ""fragment"", ""fragment_max_positions"": null}, {""original_token"": ""annuity"", ""salted_token"": ""a‌n‌n‌u‌i‌t‌y"", ""start"": 61, ""end"": 68, ""salt_mode"": ""fragment"", ""fragment_max_positions"": null}, {""original_token"": ""Financial"", ""salted_token"": ""F‌i‌n‌a‌n‌c‌i‌a‌l"", ""start"": 94, ""end"": 103, ""salt_mode"": ""fragment"", ""fragment_max_positions"": null}]"
00384.2054d62f06fd10e4018a43e156b32acf,00384__salted__broad__cp200D__fragment.2054d62f06fd10e4018a43e156b32acf,broad,200D,fragment,,1,3,True,"[{""original_token"": ""Guaranteed"", ""salted_token"": ""G‍u‍a‍r‍a‍n‍t‍e‍e‍d"", ""start"": 3, ""end"": 13, ""salt_mode"": ""fragment"", ""fragment_max_positions"": null}]","[{""original_token"": ""annuity"", ""salted_token"": ""a‍n‍n‍u‍i‍t‍y"", ""start"": 26, ""end"": 33, ""salt_mode"": ""fragment"", ""fragment_max_positions"": null}, {""original_token"": ""annuity"", ""salted_token"": ""a‍n‍n‍u‍i‍t‍y"", ""start"": 61, ""end"": 68, ""salt_mode"": ""fragment"", ""fragment_max_positions"": null}, {""original_token"": ""Financial"", ""salted_token"": ""F‍i‍n‍a‍n‍c‍i‍a‍l"", ""start"": 94, ""end"": 103, ""salt_mode"": ""fragment"", ""fragment_max_positions"": null}]"
00384.2054d62f06fd10e4018a43e156b32acf,00384__salted__broad__cp00AD__fragment.2054d62f06fd10e4018a43e156b32acf,broad,00AD,fragment,,1,3,True,"[{""original_token"": ""Guaranteed"", ""salted_token"": ""G­u­a­r­a­n­t­e­e­d"", ""start"": 3, ""end"": 13, ""salt_mode"": ""fragment"", ""fragment_max_positions"": null}]","[{""original_token"": ""annuity"", ""salted_token"": ""a­n­n­u­i­t­y"", ""start"": 26, ""end"": 33, ""salt_mode"": ""fragment"", ""fragment_max_positions"": null}, {""original_token"": ""annuity"", ""salted_token"": ""a­n­n­u­i­t­y"", ""start"": 61, ""end"": 68, ""salt_mode"": ""fragment"", ""fragment_max_positions"": null}, {""original_token"": ""Financial"", ""salted_token"": ""F­i­n­a­n­c­i­a­l"", ""start"": 94, ""end"": 103, ""salt_mode"": ""fragment"", ""fragment_max_positions"": null}]"
00386.6074f269f0bd1aec1546f9e654e8fcfe,00386__salted__broad__cp200B__fragment.6074f269f0bd1aec1546f9e654e8fcfe,broad,200B,fragment,,1,3,True,"[{""original_token"": ""FORTUNE"", ""salted_token"": ""F​O​R​T​U​N​E"", ""start"": 0, ""end"": 7, ""salt_mode"": ""fragment"", ""fragment_max_positions"": null}]","[{""original_token"": ""fortune"", ""salted_token"": ""f​o​r​t​u​n​e"", ""start"": 33, ""end"": 40, ""salt_mode"": ""fragment"", ""fragment_max_positions"": null}, {""original_token"": ""motivated"", ""salted_token"": ""m​o​t​i​v​a​t​e​d"", ""start"": 161, ""end"": 170, ""salt_mode"": ""fragment"", ""fragment_max_positions"": null}, {""original_token"": ""earn"", ""salted_token"": ""e​a​r​n"", ""start"": 203, ""end"": 207, ""salt_mode"": ""fragment"", ""fragment_max_positions"": null}]"
00386.6074f269f0bd1aec1546f9e654e8fcfe,00386__salted__broad__cp200C__fragment.6074f269f0bd1aec1546f9e654e8fcfe,broad,200C,fragment,,1,3,True,"[{""original_token"": ""FORTUNE"", ""salted_token"": ""F‌O‌R‌T‌U‌N‌E"", ""start"": 0, ""end"": 7, ""salt_mode"": ""fragment"", ""fragment_max_positions"": null}]","[{""original_token"": ""fortune"", ""salted_token"": ""f‌o‌r‌t‌u‌n‌e"", ""start"": 33, ""end"": 40, ""salt_mode"": ""fragment"", ""fragment_max_positions"": null}, {""original_token"": ""motivated"", ""salted_token"": ""m‌o‌t‌i‌v‌a‌t‌e‌d"", ""start"": 161, ""end"": 170, ""salt_mode"": ""fragment"", ""fragment_max_positions"": null}, {""original_token"": ""earn"", ""salted_token"": ""e‌a‌r‌n"", ""start"": 203, ""end"": 207, ""salt_mode"": ""fragment"", ""fragment_max_positions"": null}]"
00386.6074f269f0bd1aec1546f9e654e8fcfe,00386__salted__broad__cp200D__fragment.6074f269f0bd1aec1546f9e654e8fcfe,broad,200D,fragment,,1,3,True,"[{""original_token"": ""FORTUNE"", ""salted_token"": ""F‍O‍R‍T‍U‍N‍E"", ""start"": 0, ""end"": 7, ""salt_mode"": ""fragment"", ""fragment_max_positions"": null}]","[{""original_token"": ""fortune"", ""salted_token"": ""f‍o‍r‍t‍u‍n‍e"", ""start"": 33, ""end"": 40, ""salt_mode"": ""fragment"", ""fragment_max_positions"": null}, {""original_token"": ""motivated"", ""salted_token"": ""m‍o‍t‍i‍v‍a‍t‍e‍d"", ""start"": 161, ""end"": 170, ""salt_mode"": ""fragment"", ""fragment_max_positions"": null}, {""original_token"": ""earn"", ""salted_token"": ""e‍a‍r‍n"", ""start"": 203, ""end"": 207, ""salt_mode"": ""fragment"", ""fragment_max_positions"": null}]"
00386.6074f269f0bd1aec1546f9e654e8fcfe,00386__salted__broad__cp00AD__fragment.6074f269f0bd1aec1546f9e654e8fcfe,broad,00AD,fragment,,1,3,True,"[{""original_token"": ""FORTUNE"", ""salted_token"": ""F­O­R­T­U­N­E"", ""start"": 0, ""end"": 7, ""salt_mode"": ""fragment"", ""fragment_max_positions"": null}]","[{""original_token"": ""fortune"", ""salted_token"": ""f­o­r­t­u­n­e"", ""start"": 33, ""end"": 40, ""salt_mode"": ""fragment"", ""fragment_max_positions"": null}, {""original_token"": ""motivated"", ""salted_token"": ""m­o­t­i­v­a­t­e­d"", ""start"": 161, ""end"": 170, ""salt_mode"": ""fragment"", ""fragment_max_positions"": null}, {""original_token"": ""earn"", ""salted_token"": ""e­a­r­n"", ""start"": 203, ""end"": 207, ""salt_mode"": ""fragment"", ""fragment_max_positions"": null}]"
00388.a884c42d4423d7e4718db0145b3b9d9b,00388__salted__broad__cp200B__fragment.a884c42d4423d7e4718db0145b3b9d9b,broad,200B,fragment,,0,1,True,[],"[{""original_token"": ""GUARANTEED"", ""salted_token"": ""G​U​A​R​A​N​T​E​E​D"", ""start"": 187, ""end"": 197, ""salt_mode"": ""fragment"", ""fragment_max_positions"": null}]"
00388.a884c42d4423d7e4718db0145b3b9d9b,00388__salted__broad__cp200C__fragment.a884c42d4423d7e4718db0145b3b9d9b,broad,200C,fragment,,0,1,True,[],"[{""original_token"": ""GUARANTEED"", ""salted_token"": ""G‌U‌A‌R‌A‌N‌T‌E‌E‌D"", ""start"": 187, ""end"": 197, ""salt_mode"": ""fragment"", ""fragment_max_positions"": null}]"
00388.a884c42d4423d7e4718db0145b3b9d9b,00388__salted__broad__cp200D__fragment.a884c42d4423d7e4718db0145b3b9d9b,broad,200D,fragment,,0,1,True,[],"[{""original_token"": ""GUARANTEED"", ""salted_token"": ""G‍U‍A‍R‍A‍N‍T‍E‍E‍D"", ""start"": 187, ""end"": 197, ""salt_mode"": ""fragment"", ""fragment_max_positions"": null}]"
00388.a884c42d4423d7e4718db0145b3b9d9b,00388__salted__broad__cp00AD__fragment.a884c42d4423d7e4718db0145b3b9d9b,broad,00AD,fragment,,0,1,True,[],"[{""original_token"": ""GUARANTEED"", ""salted_token"": ""G­U­A­R­A­N­T­E­E­D"", ""start"": 187, ""end"": 197, ""salt_mode"": ""fragment"", ""fragment_max_positions"": null}]"
00395.74aee42fac915ca758047506ec59a21f,00395__salted__broad__cp200B__fragment.74aee42fac915ca758047506ec59a21f,broad,200B,fragment,,1,0,False,"[{""original_token"": ""ADV"", ""salted_token"": ""A​D​V"", ""start"": 0, ""end"": 3, ""salt_mode"": ""fragment"", ""fragment_max_positions"": null}]",[]
00395.74aee42fac915ca758047506ec59a21f,00395__salted__broad__cp200C__fragment.74aee42fac915ca758047506ec59a21f,broad,200C,fragment,,1,0,False,"[{""original_token"": ""ADV"", ""salted_token"": ""A‌D‌V"", ""start"": 0, ""end"": 3, ""salt_mode"": ""fragment"", ""fragment_max_positions"": null}]",[]
00395.74aee42fac915ca758047506ec59a21f,00395__salted__broad__cp200D__fragment.74aee42fac915ca758047506ec59a21f,broad,200D,fragment,,1,0,False,"[{""original_token"": ""ADV"", ""salted_token"": ""A‍D‍V"", ""start"": 0, ""end"": 3, ""salt_mode"": ""fragment"", ""fragment_max_positions"": null}]",[]
00395.74aee42fac915ca758047506ec59a21f,00395__salted__broad__cp00AD__fragment.74aee42fac915ca758047506ec59a21f,broad,00AD,fragment,,1,0,False,"[{""original_token"": ""ADV"", ""salted_token"": ""A­D­V"", ""start"": 0, ""end"": 3, ""salt_mode"": ""fragment"", ""fragment_max_positions"": null}]",[]
00409.1faf0d6f87e8b70f0bb05b9040d56fca,00409__salted__broad__cp200B__fragment.1faf0d6f87e8b70f0bb05b9040d56fca,broad,200B,fragment,,1,0,False,"[{""original_token"": ""SEXUAL"", ""salted_token"": ""S​E​X​U​A​L"", ""start"": 17, ""end"": 23, ""salt_mode"": ""fragment"", ""fragment_max_positions"": null}]",[]
00409.1faf0d6f87e8b70f0bb05b9040d56fca,00409__salted__broad__cp200C__fragment.1faf0d6f87e8b70f0bb05b9040d56fca,broad,200C,fragment,,1,0,False,"[{""original_token"": ""SEXUAL"", ""salted_token"": ""S‌E‌X‌U‌A‌L"", ""start"": 17, ""end"": 23, ""salt_mode"": ""fragment"", ""fragment_max_positions"": null}]",[]
00409.1faf0d6f87e8b70f0bb05b9040d56fca,00409__salted__broad__cp200D__fragment.1faf0d6f87e8b70f0bb05b9040d56fca,broad,200D,fragment,,1,0,False,"[{""original_token"": ""SEXUAL"", ""salted_token"": ""S‍E‍X‍U‍A‍L"", ""start"": 17, ""end"": 23, ""salt_mode"": ""fragment"", ""fragment_max_positions"": null}]",[]
00409.1faf0d6f87e8b70f0bb05b9040d56fca,00409__salted__broad__cp00AD__fragment.1faf0d6f87e8b70f0bb05b9040d56fca,broad,00AD,fragment,,1,0,False,"[{""original_token"": ""SEXUAL"", ""salted_token"": ""S­E­X­U­A­L"", ""start"": 17, ""end"": 23, ""salt_mode"": ""fragment"", ""fragment_max_positions"": null}]",[]
00409.e59f63e813b6766a9a4ddf0790634ca3,00409__salted__broad__cp200B__fragment.e59f63e813b6766a9a4ddf0790634ca3,broad,200B,fragment,,0,3,True,[],"[{""original_token"": ""Advertising"", ""salted_token"": ""A​d​v​e​r​t​i​s​i​n​g"", ""start"": 15, ""end"": 26, ""salt_mode"": ""fragment"", ""fragment_max_positions"": null}, {""original_token"": ""prospects"", ""salted_token"": ""p​r​o​s​p​e​c​t​s"", ""start"": 110, ""end"": 119, ""salt_mode"": ""fragment"", ""fragment_max_positions"": null}, {""original_token"": ""advertise"", ""salted_token"": ""a​d​v​e​r​t​i​s​e"", ""start"": 179, ""end"": 188, ""salt_mode"": ""fragment"", ""fragment_max_positions"": null}]"
00409.e59f63e813b6766a9a4ddf0790634ca3,00409__salted__broad__cp200C__fragment.e59f63e813b6766a9a4ddf0790634ca3,broad,200C,fragment,,0,3,True,[],"[{""original_token"": ""Advertising"", ""salted_token"": ""A‌d‌v‌e‌r‌t‌i‌s‌i‌n‌g"", ""start"": 15, ""end"": 26, ""salt_mode"": ""fragment"", ""fragment_max_positions"": null}, {""original_token"": ""prospects"", ""salted_token"": ""p‌r‌o‌s‌p‌e‌c‌t‌s"", ""start"": 110, ""end"": 119, ""salt_mode"": ""fragment"", ""fragment_max_positions"": null}, {""original_token"": ""advertise"", ""salted_token"": ""a‌d‌v‌e‌r‌t‌i‌s‌e"", ""start"": 179, ""end"": 188, ""salt_mode"": ""fragment"", ""fragment_max_positions"": null}]"
00409.e59f63e813b6766a9a4ddf0790634ca3,00409__salted__broad__cp200D__fragment.e59f63e813b6766a9a4ddf0790634ca3,broad,200D,fragment,,0,3,True,[],"[{""original_token"": ""Advertising"", ""salted_token"": ""A‍d‍v‍e‍r‍t‍i‍s‍i‍n‍g"", ""start"": 15, ""end"": 26, ""salt_mode"": ""fragment"", ""fragment_max_positions"": null}, {""original_token"": ""prospects"", ""salted_token"": ""p‍r‍o‍s‍p‍e‍c‍t‍s"", ""start"": 110, ""end"": 119, ""salt_mode"": ""fragment"", ""fragment_max_positions"": null}, {""original_token"": ""advertise"", ""salted_token"": ""a‍d‍v‍e‍r‍t‍i‍s‍e"", ""start"": 179, ""end"": 188, ""salt_mode"": ""fragment"", ""fragment_max_positions"": null}]"
00409.e59f63e813b6766a9a4ddf0790634ca3,00409__salted__broad__cp00AD__fragment.e59f63e813b6766a9a4ddf0790634ca3,broad,00AD,fragment,,0,3,True,[],"[{""original_token"": ""Advertising"", ""salted_token"": ""A­d­v­e­r­t­i­s­i­n­g"", ""start"": 15, ""end"": 26, ""salt_mode"": ""fragment"", ""fragment_max_positions"": null}, {""original_token"": ""prospects"", ""salted_token"": ""p­r­o­s­p­e­c­t­s"", ""start"": 110, ""end"": 119, ""salt_mode"": ""fragment"", ""fragment_max_positions"": null}, {""original_token"": ""advertise"", ""salted_token"": ""a­d­v­e­r­t­i­s­e"", ""start"": 179, ""end"": 188, ""salt_mode"": ""fragment"", ""fragment_max_positions"": null}]"
00413.28e8cb47d7429bf78c711079da50fcd4,00413__salted__broad__cp200B__fragment.28e8cb47d7429bf78c711079da50fcd4,broad,200B,fragment,,1,3,True,"[{""original_token"": ""ACCOUNT"", ""salted_token"": ""A​C​C​O​U​N​T"", ""start"": 5, ""end"": 12, ""salt_mode"": ""fragment"", ""fragment_max_positions"": null}]","[{""original_token"": ""removed"", ""salted_token"": ""r​e​m​o​v​e​d"", ""start"": 14, ""end"": 21, ""salt_mode"": ""fragment"", ""fragment_max_positions"": null}, {""original_token"": ""ACCOUNT"", ""salted_token"": ""A​C​C​O​U​N​T"", ""start"": 191, ""end"": 198, ""salt_mode"": ""fragment"", ""fragment_max_positions"": null}, {""original_token"": ""ACCOUNT"", ""salted_token"": ""A​C​C​O​U​N​T"", ""start"": 216, ""end"": 223, ""salt_mode"": ""fragment"", ""fragment_max_positions"": null}]"
00413.28e8cb47d7429bf78c711079da50fcd4,00413__salted__broad__cp200C__fragment.28e8cb47d7429bf78c711079da50fcd4,broad,200C,fragment,,1,3,True,"[{""original_token"": ""ACCOUNT"", ""salted_token"": ""A‌C‌C‌O‌U‌N‌T"", ""start"": 5, ""end"": 12, ""salt_mode"": ""fragment"", ""fragment_max_positions"": null}]","[{""original_token"": ""removed"", ""salted_token"": ""r‌e‌m‌o‌v‌e‌d"", ""start"": 14, ""end"": 21, ""salt_mode"": ""fragment"", ""fragment_max_positions"": null}, {""original_token"": ""ACCOUNT"", ""salted_token"": ""A‌C‌C‌O‌U‌N‌T"", ""start"": 191, ""end"": 198, ""salt_mode"": ""fragment"", ""fragment_max_positions"": null}, {""original_token"": ""ACCOUNT"", ""salted_token"": ""A‌C‌C‌O‌U‌N‌T"", ""start"": 216, ""end"": 223, ""salt_mode"": ""fragment"", ""fragment_max_positions"": null}]"
00413.28e8cb47d7429bf78c711079da50fcd4,00413__salted__broad__cp200D__fragment.28e8cb47d7429bf78c711079da50fcd4,broad,200D,fragment,,1,3,True,"[{""original_token"": ""ACCOUNT"", ""salted_token"": ""A‍C‍C‍O‍U‍N‍T"", ""start"": 5, ""end"": 12, ""salt_mode"": ""fragment"", ""fragment_max_positions"": null}]","[{""original_token"": ""removed"", ""salted_token"": ""r‍e‍m‍o‍v‍e‍d"", ""start"": 14, ""end"": 21, ""salt_mode"": ""fragment"", ""fragment_max_positions"": null}, {""original_token"": ""ACCOUNT"", ""salted_token"": ""A‍C‍C‍O‍U‍N‍T"", ""start"": 191, ""end"": 198, ""salt_mode"": ""fragment"", ""fragment_max_positions"": null}, {""original_token"": ""ACCOUNT"", ""salted_token"": ""A‍C‍C‍O‍U‍N‍T"", ""start"": 216, ""end"": 223, ""salt_mode"": ""fragment"", ""fragment_max_positions"": null}]"
00413.28e8cb47d7429bf78c711079da50fcd4,00413__salted__broad__cp00AD__fragment.28e8cb47d7429bf78c711079da50fcd4,broad,00AD,fragment,,1,3,True,"[{""original_token"": ""ACCOUNT"", ""salted_token"": ""A­C­C­O­U­N­T"", ""start"": 5, ""end"": 12, ""salt_mode"": ""fragment"", ""fragment_max_positions"": null}]","[{""original_token"": ""removed"", ""salted_token"": ""r­e­m­o­v­e­d"", ""start"": 14, ""end"": 21, ""salt_mode"": ""fragment"", ""fragment_max_positions"": null}, {""original_token"": ""ACCOUNT"", ""salted_token"": ""A­C­C­O­U­N­T"", ""start"": 191, ""end"": 198, ""salt_mode"": ""fragment"", ""fragment_max_positions"": null}, {""original_token"": ""ACCOUNT"", ""salted_token"": ""A­C­C­O­U­N­T"", ""start"": 216, ""end"": 223, ""salt_mode"": ""fragment"", ""fragment_max_positions"": null}]"
00414.583be7dd0ab2492309a3fbd7960e90be,00414__salted__broad__cp200B__fragment.583be7dd0ab2492309a3fbd7960e90be,broad,200B,fragment,,1,0,False,"[{""original_token"": ""credit"", ""salted_token"": ""c​r​e​d​i​t"", ""start"": 15, ""end"": 21, ""salt_mode"": ""fragment"", ""fragment_max_positions"": null}]",[]
00414.583be7dd0ab2492309a3fbd7960e90be,00414__salted__broad__cp200C__fragment.583be7dd0ab2492309a3fbd7960e90be,broad,200C,fragment,,1,0,False,"[{""original_token"": ""credit"", ""salted_token"": ""c‌r‌e‌d‌i‌t"", ""start"": 15, ""end"": 21, ""salt_mode"": ""fragment"", ""fragment_max_positions"": null}]",[]
00414.583be7dd0ab2492309a3fbd7960e90be,00414__salted__broad__cp200D__fragment.583be7dd0ab2492309a3fbd7960e90be,broad,200D,fragment,,1,0,False,"[{""original_token"": ""credit"", ""salted_token"": ""c‍r‍e‍d‍i‍t"", ""start"": 15, ""end"": 21, ""salt_mode"": ""fragment"", ""fragment_max_positions"": null}]",[]
00414.583be7dd0ab2492309a3fbd7960e90be,00414__salted__broad__cp00AD__fragment.583be7dd0ab2492309a3fbd7960e90be,broad,00AD,fragment,,1,0,False,"[{""original_token"": ""credit"", ""salted_token"": ""c­r­e­d­i­t"", ""start"": 15, ""end"": 21, ""salt_mode"": ""fragment"", ""fragment_max_positions"": null}]",[]
00415.4af357c0282481dba8f1765f0bf09c09,00415__salted__broad__cp200B__fragment.4af357c0282481dba8f1765f0bf09c09,broad,200B,fragment,,0,3,True,[],"[{""original_token"": ""Bonus"", ""salted_token"": ""B​o​n​u​s"", ""start"": 26, ""end"": 31, ""salt_mode"": ""fragment"", ""fragment_max_positions"": null}, {""original_token"": ""Annuity"", ""salted_token"": ""A​n​n​u​i​t​y"", ""start"": 32, ""end"": 39, ""salt_mode"": ""fragment"", ""fragment_max_positions"": null}, {""original_token"": ""Premium"", ""salted_token"": ""P​r​e​m​i​u​m"", ""start"": 58, ""end"": 65, ""salt_mode"": ""fragment"", ""fragment_max_positions"": null}]"
00415.4af357c0282481dba8f1765f0bf09c09,00415__salted__broad__cp200C__fragment.4af357c0282481dba8f1765f0bf09c09,broad,200C,fragment,,0,3,True,[],"[{""original_token"": ""Bonus"", ""salted_token"": ""B‌o‌n‌u‌s"", ""start"": 26, ""end"": 31, ""salt_mode"": ""fragment"", ""fragment_max_positions"": null}, {""original_token"": ""Annuity"", ""salted_token"": ""A‌n‌n‌u‌i‌t‌y"", ""start"": 32, ""end"": 39, ""salt_mode"": ""fragment"", ""fragment_max_positions"": null}, {""original_token"": ""Premium"", ""salted_token"": ""P‌r‌e‌m‌i‌u‌m"", ""start"": 58, ""end"": 65, ""salt_mode"": ""fragment"", ""fragment_max_positions"": null}]"
00415.4af357c0282481dba8f1765f0bf09c09,00415__salted__broad__cp200D__fragment.4af357c0282481dba8f1765f0bf09c09,broad,200D,fragment,,0,3,True,[],"[{""original_token"": ""Bonus"", ""salted_token"": ""B‍o‍n‍u‍s"", ""start"": 26, ""end"": 31, ""salt_mode"": ""fragment"", ""fragment_max_positions"": null}, {""original_token"": ""Annuity"", ""salted_token"": ""A‍n‍n‍u‍i‍t‍y"", ""start"": 32, ""end"": 39, ""salt_mode"": ""fragment"", ""fragment_max_positions"": null}, {""original_token"": ""Premium"", ""salted_token"": ""P‍r‍e‍m‍i‍u‍m"", ""start"": 58, ""end"": 65, ""salt_mode"": ""fragment"", ""fragment_max_positions"": null}]"
00415.4af357c0282481dba8f1765f0bf09c09,00415__salted__broad__cp00AD__fragment.4af357c0282481dba8f1765f0bf09c09,broad,00AD,fragment,,0,3,True,[],"[{""original_token"": ""Bonus"", ""salted_token"": ""B­o­n­u­s"", ""start"": 26, ""end"": 31, ""salt_mode"": ""fragment"", ""fragment_max_positions"": null}, {""original_token"": ""Annuity"", ""salted_token"": ""A­n­n­u­i­t­y"", ""start"": 32, ""end"": 39, ""salt_mode"": ""fragment"", ""fragment_max_positions"": null}, {""original_token"": ""Premium"", ""salted_token"": ""P­r­e­m­i­u­m"", ""start"": 58, ""end"": 65, ""salt_mode"": ""fragment"", ""fragment_max_positions"": null}]"
00416.bff1badad869f205fdb54f311f060734,00416__salted__broad__cp200B__fragment.bff1badad869f205fdb54f311f060734,broad,200B,fragment,,1,0,False,"[{""original_token"": ""Guaranteed"", ""salted_token"": ""G​u​a​r​a​n​t​e​e​d"", ""start"": 0, ""end"": 10, ""salt_mode"": ""fragment"", ""fragment_max_positions"": null}]",[]
00416.bff1badad869f205fdb54f311f060734,00416__salted__broad__cp200C__fragment.bff1badad869f205fdb54f311f060734,broad,200C,fragment,,1,0,False,"[{""original_token"": ""Guaranteed"", ""salted_token"": ""G‌u‌a‌r‌a‌n‌t‌e‌e‌d"", ""start"": 0, ""end"": 10, ""salt_mode"": ""fragment"", ""fragment_max_positions"": null}]",[]
00416.bff1badad869f205fdb54f311f060734,00416__salted__broad__cp200D__fragment.bff1badad869f205fdb54f311f060734,broad,200D,fragment,,1,0,False,"[{""original_token"": ""Guaranteed"", ""salted_token"": ""G‍u‍a‍r‍a‍n‍t‍e‍e‍d"", ""start"": 0, ""end"": 10, ""salt_mode"": ""fragment"", ""fragment_max_positions"": null}]",[]
00416.bff1badad869f205fdb54f311f060734,00416__salted__broad__cp00AD__fragment.bff1badad869f205fdb54f311f060734,broad,00AD,fragment,,1,0,False,"[{""original_token"": ""Guaranteed"", ""salted_token"": ""G­u­a­r­a­n­t­e­e­d"", ""start"": 0, ""end"": 10, ""salt_mode"": ""fragment"", ""fragment_max_positions"": null}]",[]
00426.36b36cbe96efe9001c4d80363ea7ed4e,00426__salted__broad__cp200B__fragment.36b36cbe96efe9001c4d80363ea7ed4e,broad,200B,fragment,,1,3,True,"[{""original_token"": ""lowest"", ""salted_token"": ""l​o​w​e​s​t"", ""start"": 18, ""end"": 24, ""salt_mode"": ""fragment"", ""fragment_max_positions"": null}]","[{""original_token"": ""Opportunity"", ""salted_token"": ""O​p​p​o​r​t​u​n​i​t​y"", ""start"": 0, ""end"": 11, ""salt_mode"": ""fragment"", ""fragment_max_positions"": null}, {""original_token"": ""mortgage"", ""salted_token"": ""m​o​r​t​g​a​g​e"", ""start"": 39, ""end"": 47, ""salt_mode"": ""fragment"", ""fragment_max_positions"": null}, {""original_token"": ""rates"", ""salted_token"": ""r​a​t​e​s"", ""start"": 48, ""end"": 53, ""salt_mode"": ""fragment"", ""fragment_max_positions"": null}]"
00426.36b36cbe96efe9001c4d80363ea7ed4e,00426__salted__broad__cp200C__fragment.36b36cbe96efe9001c4d80363ea7ed4e,broad,200C,fragment,,1,3,True,"[{""original_token"": ""lowest"", ""salted_token"": ""l‌o‌w‌e‌s‌t"", ""start"": 18, ""end"": 24, ""salt_mode"": ""fragment"", ""fragment_max_positions"": null}]","[{""original_token"": ""Opportunity"", ""salted_token"": ""O‌p‌p‌o‌r‌t‌u‌n‌i‌t‌y"", ""start"": 0, ""end"": 11, ""salt_mode"": ""fragment"", ""fragment_max_positions"": null}, {""original_token"": ""mortgage"", ""salted_token"": ""m‌o‌r‌t‌g‌a‌g‌e"", ""start"": 39, ""end"": 47, ""salt_mode"": ""fragment"", ""fragment_max_positions"": null}, {""original_token"": ""rates"", ""salted_token"": ""r‌a‌t‌e‌s"", ""start"": 48, ""end"": 53, ""salt_mode"": ""fragment"", ""fragment_max_positions"": null}]"
00426.36b36cbe96efe9001c4d80363ea7ed4e,00426__salted__broad__cp200D__fragment.36b36cbe96efe9001c4d80363ea7ed4e,broad,200D,fragment,,1,3,True,"[{""original_token"": ""lowest"", ""salted_token"": ""l‍o‍w‍e‍s‍t"", ""start"": 18, ""end"": 24, ""salt_mode"": ""fragment"", ""fragment_max_positions"": null}]","[{""original_token"": ""Opportunity"", ""salted_token"": ""O‍p‍p‍o‍r‍t‍u‍n‍i‍t‍y"", ""start"": 0, ""end"": 11, ""salt_mode"": ""fragment"", ""fragment_max_positions"": null}, {""original_token"": ""mortgage"", ""salted_token"": ""m‍o‍r‍t‍g‍a‍g‍e"", ""start"": 39, ""end"": 47, ""salt_mode"": ""fragment"", ""fragment_max_positions"": null}, {""original_token"": ""rates"", ""salted_token"": ""r‍a‍t‍e‍s"", ""start"": 48, ""end"": 53, ""salt_mode"": ""fragment"", ""fragment_max_positions"": null}]"
00426.36b36cbe96efe9001c4d80363ea7ed4e,00426__salted__broad__cp00AD__fragment.36b36cbe96efe9001c4d80363ea7ed4e,broad,00AD,fragment,,1,3,True,"[{""original_token"": ""lowest"", ""salted_token"": ""l­o­w­e­s­t"", ""start"": 18, ""end"": 24, ""salt_mode"": ""fragment"", ""fragment_max_positions"": null}]","[{""original_token"": ""Opportunity"", ""salted_token"": ""O­p­p­o­r­t­u­n­i­t­y"", ""start"": 0, ""end"": 11, ""salt_mode"": ""fragment"", ""fragment_max_positions"": null}, {""original_token"": ""mortgage"", ""salted_token"": ""m­o­r­t­g­a­g­e"", ""start"": 39, ""end"": 47, ""salt_mode"": ""fragment"", ""fragment_max_positions"": null}, {""original_token"": ""rates"", ""salted_token"": ""r­a­t­e­s"", ""start"": 48, ""end"": 53, ""salt_mode"": ""fragment"", ""fragment_max_positions"": null}]"
00426.c743511223777504c01a35f90914b230,00426__salted__broad__cp200B__fragment.c743511223777504c01a35f90914b230,broad,200B,fragment,,1,0,False,"[{""original_token"": ""Fees"", ""salted_token"": ""F​e​e​s"", ""start"": 32, ""end"": 36, ""salt_mode"": ""fragment"", ""fragment_max_positions"": null}]",[]
00426.c743511223777504c01a35f90914b230,00426__salted__broad__cp200C__fragment.c743511223777504c01a35f90914b230,broad,200C,fragment,,1,0,False,"[{""original_token"": ""Fees"", ""salted_token"": ""F‌e‌e‌s"", ""start"": 32, ""end"": 36, ""salt_mode"": ""fragment"", ""fragment_max_positions"": null}]",[]
00426.c743511223777504c01a35f90914b230,00426__salted__broad__cp200D__fragment.c743511223777504c01a35f90914b230,broad,200D,fragment,,1,0,False,"[{""original_token"": ""Fees"", ""salted_token"": ""F‍e‍e‍s"", ""start"": 32, ""end"": 36, ""salt_mode"": ""fragment"", ""fragment_max_positions"": null}]",[]
00426.c743511223777504c01a35f90914b230,00426__salted__broad__cp00AD__fragment.c743511223777504c01a35f90914b230,broad,00AD,fragment,,1,0,False,"[{""original_token"": ""Fees"", ""salted_token"": ""F­e­e­s"", ""start"": 32, ""end"": 36, ""salt_mode"": ""fragment"", ""fragment_max_positions"": null}]",[]
00428.5fe2c974b49315a6fbf9f3b09b47f030,00428__salted__broad__cp200B__fragment.5fe2c974b49315a6fbf9f3b09b47f030,broad,200B,fragment,,1,0,False,"[{""original_token"": ""Insurance"", ""salted_token"": ""I​n​s​u​r​a​n​c​e"", ""start"": 13, ""end"": 22, ""salt_mode"": ""fragment"", ""fragment_max_positions"": null}]",[]
00428.5fe2c974b49315a6fbf9f3b09b47f030,00428__salted__broad__cp200C__fragment.5fe2c974b49315a6fbf9f3b09b47f030,broad,200C,fragment,,1,0,False,"[{""original_token"": ""Insurance"", ""salted_token"": ""I‌n‌s‌u‌r‌a‌n‌c‌e"", ""start"": 13, ""end"": 22, ""salt_mode"": ""fragment"", ""fragment_max_positions"": null}]",[]
00428.5fe2c974b49315a6fbf9f3b09b47f030,00428__salted__broad__cp200D__fragment.5fe2c974b49315a6fbf9f3b09b47f030,broad,200D,fragment,,1,0,False,"[{""original_token"": ""Insurance"", ""salted_token"": ""I‍n‍s‍u‍r‍a‍n‍c‍e"", ""start"": 13, ""end"": 22, ""salt_mode"": ""fragment"", ""fragment_max_positions"": null}]",[]
00428.5fe2c974b49315a6fbf9f3b09b47f030,00428__salted__broad__cp00AD__fragment.5fe2c974b49315a6fbf9f3b09b47f030,broad,00AD,fragment,,1,0,False,"[{""original_token"": ""Insurance"", ""salted_token"": ""I­n­s­u­r­a­n­c­e"", ""start"": 13, ""end"": 22, ""salt_mode"": ""fragment"", ""fragment_max_positions"": null}]",[]
00430.d2179c2841013fea688db8bbcf60b3b0,00430__salted__broad__cp200B__fragment.d2179c2841013fea688db8bbcf60b3b0,broad,200B,fragment,,1,0,False,"[{""original_token"": ""Fees"", ""salted_token"": ""F​e​e​s"", ""start"": 45, ""end"": 49, ""salt_mode"": ""fragment"", ""fragment_max_positions"": null}]",[]
00430.d2179c2841013fea688db8bbcf60b3b0,00430__salted__broad__cp200C__fragment.d2179c2841013fea688db8bbcf60b3b0,broad,200C,fragment,,1,0,False,"[{""original_token"": ""Fees"", ""salted_token"": ""F‌e‌e‌s"", ""start"": 45, ""end"": 49, ""salt_mode"": ""fragment"", ""fragment_max_positions"": null}]",[]
00430.d2179c2841013fea688db8bbcf60b3b0,00430__salted__broad__cp200D__fragment.d2179c2841013fea688db8bbcf60b3b0,broad,200D,fragment,,1,0,False,"[{""original_token"": ""Fees"", ""salted_token"": ""F‍e‍e‍s"", ""start"": 45, ""end"": 49, ""salt_mode"": ""fragment"", ""fragment_max_positions"": null}]",[]
00430.d2179c2841013fea688db8bbcf60b3b0,00430__salted__broad__cp00AD__fragment.d2179c2841013fea688db8bbcf60b3b0,broad,00AD,fragment,,1,0,False,"[{""original_token"": ""Fees"", ""salted_token"": ""F­e­e­s"", ""start"": 45, ""end"": 49, ""salt_mode"": ""fragment"", ""fragment_max_positions"": null}]",[]
00439.eacffbae5543e6be58178c0d3eb95041,00439__salted__broad__cp200B__fragment.eacffbae5543e6be58178c0d3eb95041,broad,200B,fragment,,0,3,True,[],"[{""original_token"": ""professional"", ""salted_token"": ""p​r​o​f​e​s​s​i​o​n​a​l"", ""start"": 302, ""end"": 314, ""salt_mode"": ""fragment"", ""fragment_max_positions"": null}, {""original_token"": ""sale"", ""salted_token"": ""s​a​l​e"", ""start"": 469, ""end"": 473, ""salt_mode"": ""fragment"", ""fragment_max_positions"": null}, {""original_token"": ""secrets"", ""salted_token"": ""s​e​c​r​e​t​s"", ""start"": 496, ""end"": 503, ""salt_mode"": ""fragment"", ""fragment_max_positions"": null}]"
00439.eacffbae5543e6be58178c0d3eb95041,00439__salted__broad__cp200C__fragment.eacffbae5543e6be58178c0d3eb95041,broad,200C,fragment,,0,3,True,[],"[{""original_token"": ""professional"", ""salted_token"": ""p‌r‌o‌f‌e‌s‌s‌i‌o‌n‌a‌l"", ""start"": 302, ""end"": 314, ""salt_mode"": ""fragment"", ""fragment_max_positions"": null}, {""original_token"": ""sale"", ""salted_token"": ""s‌a‌l‌e"", ""start"": 469, ""end"": 473, ""salt_mode"": ""fragment"", ""fragment_max_positions"": null}, {""original_token"": ""secrets"", ""salted_token"": ""s‌e‌c‌r‌e‌t‌s"", ""start"": 496, ""end"": 503, ""salt_mode"": ""fragment"", ""fragment_max_positions"": null}]"
00439.eacffbae5543e6be58178c0d3eb95041,00439__salted__broad__cp200D__fragment.eacffbae5543e6be58178c0d3eb95041,broad,200D,fragment,,0,3,True,[],"[{""original_token"": ""professional"", ""salted_token"": ""p‍r‍o‍f‍e‍s‍s‍i‍o‍n‍a‍l"", ""start"": 302, ""end"": 314, ""salt_mode"": ""fragment"", ""fragment_max_positions"": null}, {""original_token"": ""sale"", ""salted_token"": ""s‍a‍l‍e"", ""start"": 469, ""end"": 473, ""salt_mode"": ""fragment"", ""fragment_max_positions"": null}, {""original_token"": ""secrets"", ""salted_token"": ""s‍e‍c‍r‍e‍t‍s"", ""start"": 496, ""end"": 503, ""salt_mode"": ""fragment"", ""fragment_max_positions"": null}]"
00439.eacffbae5543e6be58178c0d3eb95041,00439__salted__broad__cp00AD__fragment.eacffbae5543e6be58178c0d3eb95041,broad,00AD,fragment,,0,3,True,[],"[{""original_token"": ""professional"", ""salted_token"": ""p­r­o­f­e­s­s­i­o­n­a­l"", ""start"": 302, ""end"": 314, ""salt_mode"": ""fragment"", ""fragment_max_positions"": null}, {""original_token"": ""sale"", ""salted_token"": ""s­a­l­e"", ""start"": 469, ""end"": 473, ""salt_mode"": ""fragment"", ""fragment_max_positions"": null}, {""original_token"": ""secrets"", ""salted_token"": ""s­e­c­r­e­t­s"", ""start"": 496, ""end"": 503, ""salt_mode"": ""fragment"", ""fragment_max_positions"": null}]"
00440.647d9eb44fd0cb069ea92be204966a8e,00440__salted__broad__cp200B__fragment.647d9eb44fd0cb069ea92be204966a8e,broad,200B,fragment,,1,0,False,"[{""original_token"": ""SYSTEMWORKS"", ""salted_token"": ""S​Y​S​T​E​M​W​O​R​K​S"", ""start"": 7, ""end"": 18, ""salt_mode"": ""fragment"", ""fragment_max_positions"": null}]",[]
00440.647d9eb44fd0cb069ea92be204966a8e,00440__salted__broad__cp200C__fragment.647d9eb44fd0cb069ea92be204966a8e,broad,200C,fragment,,1,0,False,"[{""original_token"": ""SYSTEMWORKS"", ""salted_token"": ""S‌Y‌S‌T‌E‌M‌W‌O‌R‌K‌S"", ""start"": 7, ""end"": 18, ""salt_mode"": ""fragment"", ""fragment_max_positions"": null}]",[]
00440.647d9eb44fd0cb069ea92be204966a8e,00440__salted__broad__cp200D__fragment.647d9eb44fd0cb069ea92be204966a8e,broad,200D,fragment,,1,0,False,"[{""original_token"": ""SYSTEMWORKS"", ""salted_token"": ""S‍Y‍S‍T‍E‍M‍W‍O‍R‍K‍S"", ""start"": 7, ""end"": 18, ""salt_mode"": ""fragment"", ""fragment_max_positions"": null}]",[]
00440.647d9eb44fd0cb069ea92be204966a8e,00440__salted__broad__cp00AD__fragment.647d9eb44fd0cb069ea92be204966a8e,broad,00AD,fragment,,1,0,False,"[{""original_token"": ""SYSTEMWORKS"", ""salted_token"": ""S­Y­S­T­E­M­W­O­R­K­S"", ""start"": 7, ""end"": 18, ""salt_mode"": ""fragment"", ""fragment_max_positions"": null}]",[]
00441.77768298934252b2fa200e7d9482993b,00441__salted__broad__cp200B__fragment.77768298934252b2fa200e7d9482993b,broad,200B,fragment,,1,0,False,"[{""original_token"": ""Bills"", ""salted_token"": ""B​i​l​l​s"", ""start"": 40, ""end"": 45, ""salt_mode"": ""fragment"", ""fragment_max_positions"": null}]",[]
00441.77768298934252b2fa200e7d9482993b,00441__salted__broad__cp200C__fragment.77768298934252b2fa200e7d9482993b,broad,200C,fragment,,1,0,False,"[{""original_token"": ""Bills"", ""salted_token"": ""B‌i‌l‌l‌s"", ""start"": 40, ""end"": 45, ""salt_mode"": ""fragment"", ""fragment_max_positions"": null}]",[]
00441.77768298934252b2fa200e7d9482993b,00441__salted__broad__cp200D__fragment.77768298934252b2fa200e7d9482993b,broad,200D,fragment,,1,0,False,"[{""original_token"": ""Bills"", ""salted_token"": ""B‍i‍l‍l‍s"", ""start"": 40, ""end"": 45, ""salt_mode"": ""fragment"", ""fragment_max_positions"": null}]",[]
00441.77768298934252b2fa200e7d9482993b,00441__salted__broad__cp00AD__fragment.77768298934252b2fa200e7d9482993b,broad,00AD,fragment,,1,0,False,"[{""original_token"": ""Bills"", ""salted_token"": ""B­i­l­l­s"", ""start"": 40, ""end"": 45, ""salt_mode"": ""fragment"", ""fragment_max_positions"": null}]",[]
00445.a5edbd936b830407d1a56b31ff3b82c0,00445__salted__broad__cp200B__fragment.a5edbd936b830407d1a56b31ff3b82c0,broad,200B,fragment,,1,0,False,"[{""original_token"": ""Herbal"", ""salted_token"": ""H​e​r​b​a​l"", ""start"": 0, ""end"": 6, ""salt_mode"": ""fragment"", ""fragment_max_positions"": null}]",[]
00445.a5edbd936b830407d1a56b31ff3b82c0,00445__salted__broad__cp200C__fragment.a5edbd936b830407d1a56b31ff3b82c0,broad,200C,fragment,,1,0,False,"[{""original_token"": ""Herbal"", ""salted_token"": ""H‌e‌r‌b‌a‌l"", ""start"": 0, ""end"": 6, ""salt_mode"": ""fragment"", ""fragment_max_positions"": null}]",[]
00445.a5edbd936b830407d1a56b31ff3b82c0,00445__salted__broad__cp200D__fragment.a5edbd936b830407d1a56b31ff3b82c0,broad,200D,fragment,,1,0,False,"[{""original_token"": ""Herbal"", ""salted_token"": ""H‍e‍r‍b‍a‍l"", ""start"": 0, ""end"": 6, ""salt_mode"": ""fragment"", ""fragment_max_positions"": null}]",[]
00445.a5edbd936b830407d1a56b31ff3b82c0,00445__salted__broad__cp00AD__fragment.a5edbd936b830407d1a56b31ff3b82c0,broad,00AD,fragment,,1,0,False,"[{""original_token"": ""Herbal"", ""salted_token"": ""H­e­r­b­a­l"", ""start"": 0, ""end"": 6, ""salt_mode"": ""fragment"", ""fragment_max_positions"": null}]",[]
00447.32e588c3a1d8888d737f360f825713b8,00447__salted__broad__cp200B__fragment.32e588c3a1d8888d737f360f825713b8,broad,200B,fragment,,0,3,True,[],"[{""original_token"": ""products"", ""salted_token"": ""p​r​o​d​u​c​t​s"", ""start"": 179, ""end"": 187, ""salt_mode"": ""fragment"", ""fragment_max_positions"": null}, {""original_token"": ""guaranteed"", ""salted_token"": ""g​u​a​r​a​n​t​e​e​d"", ""start"": 229, ""end"": 239, ""salt_mode"": ""fragment"", ""fragment_max_positions"": null}, {""original_token"": ""premium"", ""salted_token"": ""p​r​e​m​i​u​m"", ""start"": 246, ""end"": 253, ""salt_mode"": ""fragment"", ""fragment_max_positions"": null}]"
00447.32e588c3a1d8888d737f360f825713b8,00447__salted__broad__cp200C__fragment.32e588c3a1d8888d737f360f825713b8,broad,200C,fragment,,0,3,True,[],"[{""original_token"": ""products"", ""salted_token"": ""p‌r‌o‌d‌u‌c‌t‌s"", ""start"": 179, ""end"": 187, ""salt_mode"": ""fragment"", ""fragment_max_positions"": null}, {""original_token"": ""guaranteed"", ""salted_token"": ""g‌u‌a‌r‌a‌n‌t‌e‌e‌d"", ""start"": 229, ""end"": 239, ""salt_mode"": ""fragment"", ""fragment_max_positions"": null}, {""original_token"": ""premium"", ""salted_token"": ""p‌r‌e‌m‌i‌u‌m"", ""start"": 246, ""end"": 253, ""salt_mode"": ""fragment"", ""fragment_max_positions"": null}]"
00447.32e588c3a1d8888d737f360f825713b8,00447__salted__broad__cp200D__fragment.32e588c3a1d8888d737f360f825713b8,broad,200D,fragment,,0,3,True,[],"[{""original_token"": ""products"", ""salted_token"": ""p‍r‍o‍d‍u‍c‍t‍s"", ""start"": 179, ""end"": 187, ""salt_mode"": ""fragment"", ""fragment_max_positions"": null}, {""original_token"": ""guaranteed"", ""salted_token"": ""g‍u‍a‍r‍a‍n‍t‍e‍e‍d"", ""start"": 229, ""end"": 239, ""salt_mode"": ""fragment"", ""fragment_max_positions"": null}, {""original_token"": ""premium"", ""salted_token"": ""p‍r‍e‍m‍i‍u‍m"", ""start"": 246, ""end"": 253, ""salt_mode"": ""fragment"", ""fragment_max_positions"": null}]"
00447.32e588c3a1d8888d737f360f825713b8,00447__salted__broad__cp00AD__fragment.32e588c3a1d8888d737f360f825713b8,broad,00AD,fragment,,0,3,True,[],"[{""original_token"": ""products"", ""salted_token"": ""p­r­o­d­u­c­t­s"", ""start"": 179, ""end"": 187, ""salt_mode"": ""fragment"", ""fragment_max_positions"": null}, {""original_token"": ""guaranteed"", ""salted_token"": ""g­u­a­r­a­n­t­e­e­d"", ""start"": 229, ""end"": 239, ""salt_mode"": ""fragment"", ""fragment_max_positions"": null}, {""original_token"": ""premium"", ""salted_token"": ""p­r­e­m­i­u­m"", ""start"": 246, ""end"": 253, ""salt_mode"": ""fragment"", ""fragment_max_positions"": null}]"
00450.93d3d59fcdd0f8fda9ef4678535182e8,00450__salted__broad__cp200B__fragment.93d3d59fcdd0f8fda9ef4678535182e8,broad,200B,fragment,,1,0,False,"[{""original_token"": ""Millionaire"", ""salted_token"": ""M​i​l​l​i​o​n​a​i​r​e"", ""start"": 14, ""end"": 25, ""salt_mode"": ""fragment"", ""fragment_max_positions"": null}]",[]
00450.93d3d59fcdd0f8fda9ef4678535182e8,00450__salted__broad__cp200C__fragment.93d3d59fcdd0f8fda9ef4678535182e8,broad,200C,fragment,,1,0,False,"[{""original_token"": ""Millionaire"", ""salted_token"": ""M‌i‌l‌l‌i‌o‌n‌a‌i‌r‌e"", ""start"": 14, ""end"": 25, ""salt_mode"": ""fragment"", ""fragment_max_positions"": null}]",[]
00450.93d3d59fcdd0f8fda9ef4678535182e8,00450__salted__broad__cp200D__fragment.93d3d59fcdd0f8fda9ef4678535182e8,broad,200D,fragment,,1,0,False,"[{""original_token"": ""Millionaire"", ""salted_token"": ""M‍i‍l‍l‍i‍o‍n‍a‍i‍r‍e"", ""start"": 14, ""end"": 25, ""salt_mode"": ""fragment"", ""fragment_max_positions"": null}]",[]
00450.93d3d59fcdd0f8fda9ef4678535182e8,00450__salted__broad__cp00AD__fragment.93d3d59fcdd0f8fda9ef4678535182e8,broad,00AD,fragment,,1,0,False,"[{""original_token"": ""Millionaire"", ""salted_token"": ""M­i­l­l­i­o­n­a­i­r­e"", ""start"": 14, ""end"": 25, ""salt_mode"": ""fragment"", ""fragment_max_positions"": null}]",[]
00453.456abc0bc83034492888f63725796d5b,00453__salted__broad__cp200B__fragment.456abc0bc83034492888f63725796d5b,broad,200B,fragment,,1,0,False,"[{""original_token"": ""TRIAL"", ""salted_token"": ""T​R​I​A​L"", ""start"": 5, ""end"": 10, ""salt_mode"": ""fragment"", ""fragment_max_positions"": null}]",[]
00453.456abc0bc83034492888f63725796d5b,00453__salted__broad__cp200C__fragment.456abc0bc83034492888f63725796d5b,broad,200C,fragment,,1,0,False,"[{""original_token"": ""TRIAL"", ""salted_token"": ""T‌R‌I‌A‌L"", ""start"": 5, ""end"": 10, ""salt_mode"": ""fragment"", ""fragment_max_positions"": null}]",[]
00453.456abc0bc83034492888f63725796d5b,00453__salted__broad__cp200D__fragment.456abc0bc83034492888f63725796d5b,broad,200D,fragment,,1,0,False,"[{""original_token"": ""TRIAL"", ""salted_token"": ""T‍R‍I‍A‍L"", ""start"": 5, ""end"": 10, ""salt_mode"": ""fragment"", ""fragment_max_positions"": null}]",[]
00453.456abc0bc83034492888f63725796d5b,00453__salted__broad__cp00AD__fragment.456abc0bc83034492888f63725796d5b,broad,00AD,fragment,,1,0,False,"[{""original_token"": ""TRIAL"", ""salted_token"": ""T­R­I­A­L"", ""start"": 5, ""end"": 10, ""salt_mode"": ""fragment"", ""fragment_max_positions"": null}]",[]
00455.8ccdcb205b6f8c3958bb3b2d39edca46,00455__salted__broad__cp200B__fragment.8ccdcb205b6f8c3958bb3b2d39edca46,broad,200B,fragment,,1,0,False,"[{""original_token"": ""ADV"", ""salted_token"": ""A​D​V"", ""start"": 0, ""end"": 3, ""salt_mode"": ""fragment"", ""fragment_max_positions"": null}]",[]
00455.8ccdcb205b6f8c3958bb3b2d39edca46,00455__salted__broad__cp200C__fragment.8ccdcb205b6f8c3958bb3b2d39edca46,broad,200C,fragment,,1,0,False,"[{""original_token"": ""ADV"", ""salted_token"": ""A‌D‌V"", ""start"": 0, ""end"": 3, ""salt_mode"": ""fragment"", ""fragment_max_positions"": null}]",[]
00455.8ccdcb205b6f8c3958bb3b2d39edca46,00455__salted__broad__cp200D__fragment.8ccdcb205b6f8c3958bb3b2d39edca46,broad,200D,fragment,,1,0,False,"[{""original_token"": ""ADV"", ""salted_token"": ""A‍D‍V"", ""start"": 0, ""end"": 3, ""salt_mode"": ""fragment"", ""fragment_max_positions"": null}]",[]
00455.8ccdcb205b6f8c3958bb3b2d39edca46,00455__salted__broad__cp00AD__fragment.8ccdcb205b6f8c3958bb3b2d39edca46,broad,00AD,fragment,,1,0,False,"[{""original_token"": ""ADV"", ""salted_token"": ""A­D­V"", ""start"": 0, ""end"": 3, ""salt_mode"": ""fragment"", ""fragment_max_positions"": null}]",[]
00458.62211764fde0dd7128ea4146268b40dd,00458__salted__broad__cp200B__fragment.62211764fde0dd7128ea4146268b40dd,broad,200B,fragment,,1,3,True,"[{""original_token"": ""FORTUNE"", ""salted_token"": ""F​O​R​T​U​N​E"", ""start"": 0, ""end"": 7, ""salt_mode"": ""fragment"", ""fragment_max_positions"": null}]","[{""original_token"": ""fortune"", ""salted_token"": ""f​o​r​t​u​n​e"", ""start"": 33, ""end"": 40, ""salt_mode"": ""fragment"", ""fragment_max_positions"": null}, {""original_token"": ""motivated"", ""salted_token"": ""m​o​t​i​v​a​t​e​d"", ""start"": 161, ""end"": 170, ""salt_mode"": ""fragment"", ""fragment_max_positions"": null}, {""original_token"": ""earn"", ""salted_token"": ""e​a​r​n"", ""start"": 203, ""end"": 207, ""salt_mode"": ""fragment"", ""fragment_max_positions"": null}]"
00458.62211764fde0dd7128ea4146268b40dd,00458__salted__broad__cp200C__fragment.62211764fde0dd7128ea4146268b40dd,broad,200C,fragment,,1,3,True,"[{""original_token"": ""FORTUNE"", ""salted_token"": ""F‌O‌R‌T‌U‌N‌E"", ""start"": 0, ""end"": 7, ""salt_mode"": ""fragment"", ""fragment_max_positions"": null}]","[{""original_token"": ""fortune"", ""salted_token"": ""f‌o‌r‌t‌u‌n‌e"", ""start"": 33, ""end"": 40, ""salt_mode"": ""fragment"", ""fragment_max_positions"": null}, {""original_token"": ""motivated"", ""salted_token"": ""m‌o‌t‌i‌v‌a‌t‌e‌d"", ""start"": 161, ""end"": 170, ""salt_mode"": ""fragment"", ""fragment_max_positions"": null}, {""original_token"": ""earn"", ""salted_token"": ""e‌a‌r‌n"", ""start"": 203, ""end"": 207, ""salt_mode"": ""fragment"", ""fragment_max_positions"": null}]"
00458.62211764fde0dd7128ea4146268b40dd,00458__salted__broad__cp200D__fragment.62211764fde0dd7128ea4146268b40dd,broad,200D,fragment,,1,3,True,"[{""original_token"": ""FORTUNE"", ""salted_token"": ""F‍O‍R‍T‍U‍N‍E"", ""start"": 0, ""end"": 7, ""salt_mode"": ""fragment"", ""fragment_max_positions"": null}]","[{""original_token"": ""fortune"", ""salted_token"": ""f‍o‍r‍t‍u‍n‍e"", ""start"": 33, ""end"": 40, ""salt_mode"": ""fragment"", ""fragment_max_positions"": null}, {""original_token"": ""motivated"", ""salted_token"": ""m‍o‍t‍i‍v‍a‍t‍e‍d"", ""start"": 161, ""end"": 170, ""salt_mode"": ""fragment"", ""fragment_max_positions"": null}, {""original_token"": ""earn"", ""salted_token"": ""e‍a‍r‍n"", ""start"": 203, ""end"": 207, ""salt_mode"": ""fragment"", ""fragment_max_positions"": null}]"
00458.62211764fde0dd7128ea4146268b40dd,00458__salted__broad__cp00AD__fragment.62211764fde0dd7128ea4146268b40dd,broad,00AD,fragment,,1,3,True,"[{""original_token"": ""FORTUNE"", ""salted_token"": ""F­O­R­T­U­N­E"", ""start"": 0, ""end"": 7, ""salt_mode"": ""fragment"", ""fragment_max_positions"": null}]","[{""original_token"": ""fortune"", ""salted_token"": ""f­o­r­t­u­n­e"", ""start"": 33, ""end"": 40, ""salt_mode"": ""fragment"", ""fragment_max_positions"": null}, {""original_token"": ""motivated"", ""salted_token"": ""m­o­t­i­v­a­t­e­d"", ""start"": 161, ""end"": 170, ""salt_mode"": ""fragment"", ""fragment_max_positions"": null}, {""original_token"": ""earn"", ""salted_token"": ""e­a­r­n"", ""start"": 203, ""end"": 207, ""salt_mode"": ""fragment"", ""fragment_max_positions"": null}]"
00467.3748c927c32a9c4e8988dad52a843b5c,00467__salted__broad__cp200B__fragment.3748c927c32a9c4e8988dad52a843b5c,broad,200B,fragment,,1,3,True,"[{""original_token"": ""Prospects"", ""salted_token"": ""P​r​o​s​p​e​c​t​s"", ""start"": 5, ""end"": 14, ""salt_mode"": ""fragment"", ""fragment_max_positions"": null}]","[{""original_token"": ""PROSPECTS"", ""salted_token"": ""P​R​O​S​P​E​C​T​S"", ""start"": 6, ""end"": 15, ""salt_mode"": ""fragment"", ""fragment_max_positions"": null}, {""original_token"": ""Financial"", ""salted_token"": ""F​i​n​a​n​c​i​a​l"", ""start"": 138, ""end"": 147, ""salt_mode"": ""fragment"", ""fragment_max_positions"": null}, {""original_token"": ""qualified"", ""salted_token"": ""q​u​a​l​i​f​i​e​d"", ""start"": 159, ""end"": 168, ""salt_mode"": ""fragment"", ""fragment_max_positions"": null}]"
00467.3748c927c32a9c4e8988dad52a843b5c,00467__salted__broad__cp200C__fragment.3748c927c32a9c4e8988dad52a843b5c,broad,200C,fragment,,1,3,True,"[{""original_token"": ""Prospects"", ""salted_token"": ""P‌r‌o‌s‌p‌e‌c‌t‌s"", ""start"": 5, ""end"": 14, ""salt_mode"": ""fragment"", ""fragment_max_positions"": null}]","[{""original_token"": ""PROSPECTS"", ""salted_token"": ""P‌R‌O‌S‌P‌E‌C‌T‌S"", ""start"": 6, ""end"": 15, ""salt_mode"": ""fragment"", ""fragment_max_positions"": null}, {""original_token"": ""Financial"", ""salted_token"": ""F‌i‌n‌a‌n‌c‌i‌a‌l"", ""start"": 138, ""end"": 147, ""salt_mode"": ""fragment"", ""fragment_max_positions"": null}, {""original_token"": ""qualified"", ""salted_token"": ""q‌u‌a‌l‌i‌f‌i‌e‌d"", ""start"": 159, ""end"": 168, ""salt_mode"": ""fragment"", ""fragment_max_positions"": null}]"
00467.3748c927c32a9c4e8988dad52a843b5c,00467__salted__broad__cp200D__fragment.3748c927c32a9c4e8988dad52a843b5c,broad,200D,fragment,,1,3,True,"[{""original_token"": ""Prospects"", ""salted_token"": ""P‍r‍o‍s‍p‍e‍c‍t‍s"", ""start"": 5, ""end"": 14, ""salt_mode"": ""fragment"", ""fragment_max_positions"": null}]","[{""original_token"": ""PROSPECTS"", ""salted_token"": ""P‍R‍O‍S‍P‍E‍C‍T‍S"", ""start"": 6, ""end"": 15, ""salt_mode"": ""fragment"", ""fragment_max_positions"": null}, {""original_token"": ""Financial"", ""salted_token"": ""F‍i‍n‍a‍n‍c‍i‍a‍l"", ""start"": 138, ""end"": 147, ""salt_mode"": ""fragment"", ""fragment_max_positions"": null}, {""original_token"": ""qualified"", ""salted_token"": ""q‍u‍a‍l‍i‍f‍i‍e‍d"", ""start"": 159, ""end"": 168, ""salt_mode"": ""fragment"", ""fragment_max_positions"": null}]"
00467.3748c927c32a9c4e8988dad52a843b5c,00467__salted__broad__cp00AD__fragment.3748c927c32a9c4e8988dad52a843b5c,broad,00AD,fragment,,1,3,True,"[{""original_token"": ""Prospects"", ""salted_token"": ""P­r­o­s­p­e­c­t­s"", ""start"": 5, ""end"": 14, ""salt_mode"": ""fragment"", ""fragment_max_positions"": null}]","[{""original_token"": ""PROSPECTS"", ""salted_token"": ""P­R­O­S­P­E­C­T­S"", ""start"": 6, ""end"": 15, ""salt_mode"": ""fragment"", ""fragment_max_positions"": null}, {""original_token"": ""Financial"", ""salted_token"": ""F­i­n­a­n­c­i­a­l"", ""start"": 138, ""end"": 147, ""salt_mode"": ""fragment"", ""fragment_max_positions"": null}, {""original_token"": ""qualified"", ""salted_token"": ""q­u­a­l­i­f­i­e­d"", ""start"": 159, ""end"": 168, ""salt_mode"": ""fragment"", ""fragment_max_positions"": null}]"
00475.71f75afb1960d619af86e1c64dcb11fc,00475__salted__broad__cp200B__fragment.71f75afb1960d619af86e1c64dcb11fc,broad,200B,fragment,,1,3,True,"[{""original_token"": ""Commissions"", ""salted_token"": ""C​o​m​m​i​s​s​i​o​n​s"", ""start"": 0, ""end"": 11, ""salt_mode"": ""fragment"", ""fragment_max_positions"": null}]","[{""original_token"": ""Premium"", ""salted_token"": ""P​r​e​m​i​u​m"", ""start"": 51, ""end"": 58, ""salt_mode"": ""fragment"", ""fragment_max_positions"": null}, {""original_token"": ""Commission"", ""salted_token"": ""C​o​m​m​i​s​s​i​o​n"", ""start"": 88, ""end"": 98, ""salt_mode"": ""fragment"", ""fragment_max_positions"": null}, {""original_token"": ""Commission"", ""salted_token"": ""C​o​m​m​i​s​s​i​o​n"", ""start"": 163, ""end"": 173, ""salt_mode"": ""fragment"", ""fragment_max_positions"": null}]"
00475.71f75afb1960d619af86e1c64dcb11fc,00475__salted__broad__cp200C__fragment.71f75afb1960d619af86e1c64dcb11fc,broad,200C,fragment,,1,3,True,"[{""original_token"": ""Commissions"", ""salted_token"": ""C‌o‌m‌m‌i‌s‌s‌i‌o‌n‌s"", ""start"": 0, ""end"": 11, ""salt_mode"": ""fragment"", ""fragment_max_positions"": null}]","[{""original_token"": ""Premium"", ""salted_token"": ""P‌r‌e‌m‌i‌u‌m"", ""start"": 51, ""end"": 58, ""salt_mode"": ""fragment"", ""fragment_max_positions"": null}, {""original_token"": ""Commission"", ""salted_token"": ""C‌o‌m‌m‌i‌s‌s‌i‌o‌n"", ""start"": 88, ""end"": 98, ""salt_mode"": ""fragment"", ""fragment_max_positions"": null}, {""original_token"": ""Commission"", ""salted_token"": ""C‌o‌m‌m‌i‌s‌s‌i‌o‌n"", ""start"": 163, ""end"": 173, ""salt_mode"": ""fragment"", ""fragment_max_positions"": null}]"
00475.71f75afb1960d619af86e1c64dcb11fc,00475__salted__broad__cp200D__fragment.71f75afb1960d619af86e1c64dcb11fc,broad,200D,fragment,,1,3,True,"[{""original_token"": ""Commissions"", ""salted_token"": ""C‍o‍m‍m‍i‍s‍s‍i‍o‍n‍s"", ""start"": 0, ""end"": 11, ""salt_mode"": ""fragment"", ""fragment_max_positions"": null}]","[{""original_token"": ""Premium"", ""salted_token"": ""P‍r‍e‍m‍i‍u‍m"", ""start"": 51, ""end"": 58, ""salt_mode"": ""fragment"", ""fragment_max_positions"": null}, {""original_token"": ""Commission"", ""salted_token"": ""C‍o‍m‍m‍i‍s‍s‍i‍o‍n"", ""start"": 88, ""end"": 98, ""salt_mode"": ""fragment"", ""fragment_max_positions"": null}, {""original_token"": ""Commission"", ""salted_token"": ""C‍o‍m‍m‍i‍s‍s‍i‍o‍n"", ""start"": 163, ""end"": 173, ""salt_mode"": ""fragment"", ""fragment_max_positions"": null}]"
00475.71f75afb1960d619af86e1c64dcb11fc,00475__salted__broad__cp00AD__fragment.71f75afb1960d619af86e1c64dcb11fc,broad,00AD,fragment,,1,3,True,"[{""original_token"": ""Commissions"", ""salted_token"": ""C­o­m­m­i­s­s­i­o­n­s"", ""start"": 0, ""end"": 11, ""salt_mode"": ""fragment"", ""fragment_max_positions"": null}]","[{""original_token"": ""Premium"", ""salted_token"": ""P­r­e­m­i­u­m"", ""start"": 51, ""end"": 58, ""salt_mode"": ""fragment"", ""fragment_max_positions"": null}, {""original_token"": ""Commission"", ""salted_token"": ""C­o­m­m­i­s­s­i­o­n"", ""start"": 88, ""end"": 98, ""salt_mode"": ""fragment"", ""fragment_max_positions"": null}, {""original_token"": ""Commission"", ""salted_token"": ""C­o­m­m­i­s­s­i­o­n"", ""start"": 163, ""end"": 173, ""salt_mode"": ""fragment"", ""fragment_max_positions"": null}]"
00477.24ef7a042f97482f884387c75249380c,00477__salted__broad__cp200B__fragment.24ef7a042f97482f884387c75249380c,broad,200B,fragment,,1,0,False,"[{""original_token"": ""Shipping"", ""salted_token"": ""S​h​i​p​p​i​n​g"", ""start"": 5, ""end"": 13, ""salt_mode"": ""fragment"", ""fragment_max_positions"": null}]",[]
00477.24ef7a042f97482f884387c75249380c,00477__salted__broad__cp200C__fragment.24ef7a042f97482f884387c75249380c,broad,200C,fragment,,1,0,False,"[{""original_token"": ""Shipping"", ""salted_token"": ""S‌h‌i‌p‌p‌i‌n‌g"", ""start"": 5, ""end"": 13, ""salt_mode"": ""fragment"", ""fragment_max_positions"": null}]",[]
00477.24ef7a042f97482f884387c75249380c,00477__salted__broad__cp200D__fragment.24ef7a042f97482f884387c75249380c,broad,200D,fragment,,1,0,False,"[{""original_token"": ""Shipping"", ""salted_token"": ""S‍h‍i‍p‍p‍i‍n‍g"", ""start"": 5, ""end"": 13, ""salt_mode"": ""fragment"", ""fragment_max_positions"": null}]",[]
00477.24ef7a042f97482f884387c75249380c,00477__salted__broad__cp00AD__fragment.24ef7a042f97482f884387c75249380c,broad,00AD,fragment,,1,0,False,"[{""original_token"": ""Shipping"", ""salted_token"": ""S­h­i­p­p­i­n­g"", ""start"": 5, ""end"": 13, ""salt_mode"": ""fragment"", ""fragment_max_positions"": null}]",[]
00479.84c58aa8adff520d7f58dfde02c1cf10,00479__salted__broad__cp200B__fragment.84c58aa8adff520d7f58dfde02c1cf10,broad,200B,fragment,,1,0,False,"[{""original_token"": ""expenses"", ""salted_token"": ""e​x​p​e​n​s​e​s"", ""start"": 20, ""end"": 28, ""salt_mode"": ""fragment"", ""fragment_max_positions"": null}]",[]
00479.84c58aa8adff520d7f58dfde02c1cf10,00479__salted__broad__cp200C__fragment.84c58aa8adff520d7f58dfde02c1cf10,broad,200C,fragment,,1,0,False,"[{""original_token"": ""expenses"", ""salted_token"": ""e‌x‌p‌e‌n‌s‌e‌s"", ""start"": 20, ""end"": 28, ""salt_mode"": ""fragment"", ""fragment_max_positions"": null}]",[]
00479.84c58aa8adff520d7f58dfde02c1cf10,00479__salted__broad__cp200D__fragment.84c58aa8adff520d7f58dfde02c1cf10,broad,200D,fragment,,1,0,False,"[{""original_token"": ""expenses"", ""salted_token"": ""e‍x‍p‍e‍n‍s‍e‍s"", ""start"": 20, ""end"": 28, ""salt_mode"": ""fragment"", ""fragment_max_positions"": null}]",[]
00479.84c58aa8adff520d7f58dfde02c1cf10,00479__salted__broad__cp00AD__fragment.84c58aa8adff520d7f58dfde02c1cf10,broad,00AD,fragment,,1,0,False,"[{""original_token"": ""expenses"", ""salted_token"": ""e­x­p­e­n­s­e­s"", ""start"": 20, ""end"": 28, ""salt_mode"": ""fragment"", ""fragment_max_positions"": null}]",[]
00482.f839ea522f1ee459661a6b2fbd71e823,00482__salted__broad__cp200B__fragment.f839ea522f1ee459661a6b2fbd71e823,broad,200B,fragment,,1,0,False,"[{""original_token"": ""ADV"", ""salted_token"": ""A​D​V"", ""start"": 0, ""end"": 3, ""salt_mode"": ""fragment"", ""fragment_max_positions"": null}]",[]
00482.f839ea522f1ee459661a6b2fbd71e823,00482__salted__broad__cp200C__fragment.f839ea522f1ee459661a6b2fbd71e823,broad,200C,fragment,,1,0,False,"[{""original_token"": ""ADV"", ""salted_token"": ""A‌D‌V"", ""start"": 0, ""end"": 3, ""salt_mode"": ""fragment"", ""fragment_max_positions"": null}]",[]
00482.f839ea522f1ee459661a6b2fbd71e823,00482__salted__broad__cp200D__fragment.f839ea522f1ee459661a6b2fbd71e823,broad,200D,fragment,,1,0,False,"[{""original_token"": ""ADV"", ""salted_token"": ""A‍D‍V"", ""start"": 0, ""end"": 3, ""salt_mode"": ""fragment"", ""fragment_max_positions"": null}]",[]
00482.f839ea522f1ee459661a6b2fbd71e823,00482__salted__broad__cp00AD__fragment.f839ea522f1ee459661a6b2fbd71e823,broad,00AD,fragment,,1,0,False,"[{""original_token"": ""ADV"", ""salted_token"": ""A­D­V"", ""start"": 0, ""end"": 3, ""salt_mode"": ""fragment"", ""fragment_max_positions"": null}]",[]
00483.e583ffb0efd3958cdef2e9f3b043ef0d,00483__salted__broad__cp200B__fragment.e583ffb0efd3958cdef2e9f3b043ef0d,broad,200B,fragment,,1,0,False,"[{""original_token"": ""Herbal"", ""salted_token"": ""H​e​r​b​a​l"", ""start"": 0, ""end"": 6, ""salt_mode"": ""fragment"", ""fragment_max_positions"": null}]",[]
00483.e583ffb0efd3958cdef2e9f3b043ef0d,00483__salted__broad__cp200C__fragment.e583ffb0efd3958cdef2e9f3b043ef0d,broad,200C,fragment,,1,0,False,"[{""original_token"": ""Herbal"", ""salted_token"": ""H‌e‌r‌b‌a‌l"", ""start"": 0, ""end"": 6, ""salt_mode"": ""fragment"", ""fragment_max_positions"": null}]",[]
00483.e583ffb0efd3958cdef2e9f3b043ef0d,00483__salted__broad__cp200D__fragment.e583ffb0efd3958cdef2e9f3b043ef0d,broad,200D,fragment,,1,0,False,"[{""original_token"": ""Herbal"", ""salted_token"": ""H‍e‍r‍b‍a‍l"", ""start"": 0, ""end"": 6, ""salt_mode"": ""fragment"", ""fragment_max_positions"": null}]",[]
00483.e583ffb0efd3958cdef2e9f3b043ef0d,00483__salted__broad__cp00AD__fragment.e583ffb0efd3958cdef2e9f3b043ef0d,broad,00AD,fragment,,1,0,False,"[{""original_token"": ""Herbal"", ""salted_token"": ""H­e­r­b­a­l"", ""start"": 0, ""end"": 6, ""salt_mode"": ""fragment"", ""fragment_max_positions"": null}]",[]
00485.a5d28b804adbceff7fd75ed9fc8138bb,00485__salted__broad__cp200B__fragment.a5d28b804adbceff7fd75ed9fc8138bb,broad,200B,fragment,,1,3,True,"[{""original_token"": ""sales"", ""salted_token"": ""s​a​l​e​s"", ""start"": 17, ""end"": 22, ""salt_mode"": ""fragment"", ""fragment_max_positions"": null}]","[{""original_token"": ""marketing"", ""salted_token"": ""m​a​r​k​e​t​i​n​g"", ""start"": 54, ""end"": 63, ""salt_mode"": ""fragment"", ""fragment_max_positions"": null}, {""original_token"": ""MLM"", ""salted_token"": ""M​L​M"", ""start"": 233, ""end"": 236, ""salt_mode"": ""fragment"", ""fragment_max_positions"": null}, {""original_token"": ""marketing"", ""salted_token"": ""m​a​r​k​e​t​i​n​g"", ""start"": 245, ""end"": 254, ""salt_mode"": ""fragment"", ""fragment_max_positions"": null}]"
00485.a5d28b804adbceff7fd75ed9fc8138bb,00485__salted__broad__cp200C__fragment.a5d28b804adbceff7fd75ed9fc8138bb,broad,200C,fragment,,1,3,True,"[{""original_token"": ""sales"", ""salted_token"": ""s‌a‌l‌e‌s"", ""start"": 17, ""end"": 22, ""salt_mode"": ""fragment"", ""fragment_max_positions"": null}]","[{""original_token"": ""marketing"", ""salted_token"": ""m‌a‌r‌k‌e‌t‌i‌n‌g"", ""start"": 54, ""end"": 63, ""salt_mode"": ""fragment"", ""fragment_max_positions"": null}, {""original_token"": ""MLM"", ""salted_token"": ""M‌L‌M"", ""start"": 233, ""end"": 236, ""salt_mode"": ""fragment"", ""fragment_max_positions"": null}, {""original_token"": ""marketing"", ""salted_token"": ""m‌a‌r‌k‌e‌t‌i‌n‌g"", ""start"": 245, ""end"": 254, ""salt_mode"": ""fragment"", ""fragment_max_positions"": null}]"
00485.a5d28b804adbceff7fd75ed9fc8138bb,00485__salted__broad__cp200D__fragment.a5d28b804adbceff7fd75ed9fc8138bb,broad,200D,fragment,,1,3,True,"[{""original_token"": ""sales"", ""salted_token"": ""s‍a‍l‍e‍s"", ""start"": 17, ""end"": 22, ""salt_mode"": ""fragment"", ""fragment_max_positions"": null}]","[{""original_token"": ""marketing"", ""salted_token"": ""m‍a‍r‍k‍e‍t‍i‍n‍g"", ""start"": 54, ""end"": 63, ""salt_mode"": ""fragment"", ""fragment_max_positions"": null}, {""original_token"": ""MLM"", ""salted_token"": ""M‍L‍M"", ""start"": 233, ""end"": 236, ""salt_mode"": ""fragment"", ""fragment_max_positions"": null}, {""original_token"": ""marketing"", ""salted_token"": ""m‍a‍r‍k‍e‍t‍i‍n‍g"", ""start"": 245, ""end"": 254, ""salt_mode"": ""fragment"", ""fragment_max_positions"": null}]"
00485.a5d28b804adbceff7fd75ed9fc8138bb,00485__salted__broad__cp00AD__fragment.a5d28b804adbceff7fd75ed9fc8138bb,broad,00AD,fragment,,1,3,True,"[{""original_token"": ""sales"", ""salted_token"": ""s­a­l­e­s"", ""start"": 17, ""end"": 22, ""salt_mode"": ""fragment"", ""fragment_max_positions"": null}]","[{""original_token"": ""marketing"", ""salted_token"": ""m­a­r­k­e­t­i­n­g"", ""start"": 54, ""end"": 63, ""salt_mode"": ""fragment"", ""fragment_max_positions"": null}, {""original_token"": ""MLM"", ""salted_token"": ""M­L­M"", ""start"": 233, ""end"": 236, ""salt_mode"": ""fragment"", ""fragment_max_positions"": null}, {""original_token"": ""marketing"", ""salted_token"": ""m­a­r­k­e­t­i­n­g"", ""start"": 245, ""end"": 254, ""salt_mode"": ""fragment"", ""fragment_max_positions"": null}]"
00488.29e96da757cc5566c848833e26abdd65,00488__salted__broad__cp200B__fragment.29e96da757cc5566c848833e26abdd65,broad,200B,fragment,,1,0,False,"[{""original_token"": ""Fortune"", ""salted_token"": ""F​o​r​t​u​n​e"", ""start"": 7, ""end"": 14, ""salt_mode"": ""fragment"", ""fragment_max_positions"": null}]",[]
00488.29e96da757cc5566c848833e26abdd65,00488__salted__broad__cp200C__fragment.29e96da757cc5566c848833e26abdd65,broad,200C,fragment,,1,0,False,"[{""original_token"": ""Fortune"", ""salted_token"": ""F‌o‌r‌t‌u‌n‌e"", ""start"": 7, ""end"": 14, ""salt_mode"": ""fragment"", ""fragment_max_positions"": null}]",[]
00488.29e96da757cc5566c848833e26abdd65,00488__salted__broad__cp200D__fragment.29e96da757cc5566c848833e26abdd65,broad,200D,fragment,,1,0,False,"[{""original_token"": ""Fortune"", ""salted_token"": ""F‍o‍r‍t‍u‍n‍e"", ""start"": 7, ""end"": 14, ""salt_mode"": ""fragment"", ""fragment_max_positions"": null}]",[]
00488.29e96da757cc5566c848833e26abdd65,00488__salted__broad__cp00AD__fragment.29e96da757cc5566c848833e26abdd65,broad,00AD,fragment,,1,0,False,"[{""original_token"": ""Fortune"", ""salted_token"": ""F­o­r­t­u­n­e"", ""start"": 7, ""end"": 14, ""salt_mode"": ""fragment"", ""fragment_max_positions"": null}]",[]
00494.6d13d2217c5cc00c26b72d97c7fe6014,00494__salted__broad__cp200B__fragment.6d13d2217c5cc00c26b72d97c7fe6014,broad,200B,fragment,,1,0,False,"[{""original_token"": ""insurance"", ""salted_token"": ""i​n​s​u​r​a​n​c​e"", ""start"": 25, ""end"": 34, ""salt_mode"": ""fragment"", ""fragment_max_positions"": null}]",[]
00494.6d13d2217c5cc00c26b72d97c7fe6014,00494__salted__broad__cp200C__fragment.6d13d2217c5cc00c26b72d97c7fe6014,broad,200C,fragment,,1,0,False,"[{""original_token"": ""insurance"", ""salted_token"": ""i‌n‌s‌u‌r‌a‌n‌c‌e"", ""start"": 25, ""end"": 34, ""salt_mode"": ""fragment"", ""fragment_max_positions"": null}]",[]
00494.6d13d2217c5cc00c26b72d97c7fe6014,00494__salted__broad__cp200D__fragment.6d13d2217c5cc00c26b72d97c7fe6014,broad,200D,fragment,,1,0,False,"[{""original_token"": ""insurance"", ""salted_token"": ""i‍n‍s‍u‍r‍a‍n‍c‍e"", ""start"": 25, ""end"": 34, ""salt_mode"": ""fragment"", ""fragment_max_positions"": null}]",[]
00494.6d13d2217c5cc00c26b72d97c7fe6014,00494__salted__broad__cp00AD__fragment.6d13d2217c5cc00c26b72d97c7fe6014,broad,00AD,fragment,,1,0,False,"[{""original_token"": ""insurance"", ""salted_token"": ""i­n­s­u­r­a­n­c­e"", ""start"": 25, ""end"": 34, ""salt_mode"": ""fragment"", ""fragment_max_positions"": null}]",[]
00494.fd2efa67e63247ee89cdcf3a6fe7906d,00494__salted__broad__cp200B__fragment.fd2efa67e63247ee89cdcf3a6fe7906d,broad,200B,fragment,,0,3,True,[],"[{""original_token"": ""ATTN"", ""salted_token"": ""A​T​T​N"", ""start"": 0, ""end"": 4, ""salt_mode"": ""fragment"", ""fragment_max_positions"": null}, {""original_token"": ""SIR"", ""salted_token"": ""S​I​R"", ""start"": 5, ""end"": 8, ""salt_mode"": ""fragment"", ""fragment_max_positions"": null}, {""original_token"": ""CONFIDENTIAL"", ""salted_token"": ""C​O​N​F​I​D​E​N​T​I​A​L"", ""start"": 92, ""end"": 104, ""salt_mode"": ""fragment"", ""fragment_max_positions"": null}]"
00494.fd2efa67e63247ee89cdcf3a6fe7906d,00494__salted__broad__cp200C__fragment.fd2efa67e63247ee89cdcf3a6fe7906d,broad,200C,fragment,,0,3,True,[],"[{""original_token"": ""ATTN"", ""salted_token"": ""A‌T‌T‌N"", ""start"": 0, ""end"": 4, ""salt_mode"": ""fragment"", ""fragment_max_positions"": null}, {""original_token"": ""SIR"", ""salted_token"": ""S‌I‌R"", ""start"": 5, ""end"": 8, ""salt_mode"": ""fragment"", ""fragment_max_positions"": null}, {""original_token"": ""CONFIDENTIAL"", ""salted_token"": ""C‌O‌N‌F‌I‌D‌E‌N‌T‌I‌A‌L"", ""start"": 92, ""end"": 104, ""salt_mode"": ""fragment"", ""fragment_max_positions"": null}]"
00494.fd2efa67e63247ee89cdcf3a6fe7906d,00494__salted__broad__cp200D__fragment.fd2efa67e63247ee89cdcf3a6fe7906d,broad,200D,fragment,,0,3,True,[],"[{""original_token"": ""ATTN"", ""salted_token"": ""A‍T‍T‍N"", ""start"": 0, ""end"": 4, ""salt_mode"": ""fragment"", ""fragment_max_positions"": null}, {""original_token"": ""SIR"", ""salted_token"": ""S‍I‍R"", ""start"": 5, ""end"": 8, ""salt_mode"": ""fragment"", ""fragment_max_positions"": null}, {""original_token"": ""CONFIDENTIAL"", ""salted_token"": ""C‍O‍N‍F‍I‍D‍E‍N‍T‍I‍A‍L"", ""start"": 92, ""end"": 104, ""salt_mode"": ""fragment"", ""fragment_max_positions"": null}]"
00494.fd2efa67e63247ee89cdcf3a6fe7906d,00494__salted__broad__cp00AD__fragment.fd2efa67e63247ee89cdcf3a6fe7906d,broad,00AD,fragment,,0,3,True,[],"[{""original_token"": ""ATTN"", ""salted_token"": ""A­T­T­N"", ""start"": 0, ""end"": 4, ""salt_mode"": ""fragment"", ""fragment_max_positions"": null}, {""original_token"": ""SIR"", ""salted_token"": ""S­I­R"", ""start"": 5, ""end"": 8, ""salt_mode"": ""fragment"", ""fragment_max_positions"": null}, {""original_token"": ""CONFIDENTIAL"", ""salted_token"": ""C­O­N­F­I­D­E­N­T­I­A­L"", ""start"": 92, ""end"": 104, ""salt_mode"": ""fragment"", ""fragment_max_positions"": null}]"
00506.85af6cd716febc6265ac7b362a4a1da6,00506__salted__broad__cp200B__fragment.85af6cd716febc6265ac7b362a4a1da6,broad,200B,fragment,,1,0,False,"[{""original_token"": ""MORTGAGE"", ""salted_token"": ""M​O​R​T​G​A​G​E"", ""start"": 21, ""end"": 29, ""salt_mode"": ""fragment"", ""fragment_max_positions"": null}]",[]
00506.85af6cd716febc6265ac7b362a4a1da6,00506__salted__broad__cp200C__fragment.85af6cd716febc6265ac7b362a4a1da6,broad,200C,fragment,,1,0,False,"[{""original_token"": ""MORTGAGE"", ""salted_token"": ""M‌O‌R‌T‌G‌A‌G‌E"", ""start"": 21, ""end"": 29, ""salt_mode"": ""fragment"", ""fragment_max_positions"": null}]",[]
00506.85af6cd716febc6265ac7b362a4a1da6,00506__salted__broad__cp200D__fragment.85af6cd716febc6265ac7b362a4a1da6,broad,200D,fragment,,1,0,False,"[{""original_token"": ""MORTGAGE"", ""salted_token"": ""M‍O‍R‍T‍G‍A‍G‍E"", ""start"": 21, ""end"": 29, ""salt_mode"": ""fragment"", ""fragment_max_positions"": null}]",[]
00506.85af6cd716febc6265ac7b362a4a1da6,00506__salted__broad__cp00AD__fragment.85af6cd716febc6265ac7b362a4a1da6,broad,00AD,fragment,,1,0,False,"[{""original_token"": ""MORTGAGE"", ""salted_token"": ""M­O­R­T­G­A­G­E"", ""start"": 21, ""end"": 29, ""salt_mode"": ""fragment"", ""fragment_max_positions"": null}]",[]
00509.385c788f39e46a86be4c6af8679a0c80,00509__salted__broad__cp200B__fragment.385c788f39e46a86be4c6af8679a0c80,broad,200B,fragment,,0,3,True,[],"[{""original_token"": ""offer"", ""salted_token"": ""o​f​f​e​r"", ""start"": 3, ""end"": 8, ""salt_mode"": ""fragment"", ""fragment_max_positions"": null}, {""original_token"": ""million"", ""salted_token"": ""m​i​l​l​i​o​n"", ""start"": 194, ""end"": 201, ""salt_mode"": ""fragment"", ""fragment_max_positions"": null}, {""original_token"": ""products"", ""salted_token"": ""p​r​o​d​u​c​t​s"", ""start"": 791, ""end"": 799, ""salt_mode"": ""fragment"", ""fragment_max_positions"": null}]"
00509.385c788f39e46a86be4c6af8679a0c80,00509__salted__broad__cp200C__fragment.385c788f39e46a86be4c6af8679a0c80,broad,200C,fragment,,0,3,True,[],"[{""original_token"": ""offer"", ""salted_token"": ""o‌f‌f‌e‌r"", ""start"": 3, ""end"": 8, ""salt_mode"": ""fragment"", ""fragment_max_positions"": null}, {""original_token"": ""million"", ""salted_token"": ""m‌i‌l‌l‌i‌o‌n"", ""start"": 194, ""end"": 201, ""salt_mode"": ""fragment"", ""fragment_max_positions"": null}, {""original_token"": ""products"", ""salted_token"": ""p‌r‌o‌d‌u‌c‌t‌s"", ""start"": 791, ""end"": 799, ""salt_mode"": ""fragment"", ""fragment_max_positions"": null}]"
00509.385c788f39e46a86be4c6af8679a0c80,00509__salted__broad__cp200D__fragment.385c788f39e46a86be4c6af8679a0c80,broad,200D,fragment,,0,3,True,[],"[{""original_token"": ""offer"", ""salted_token"": ""o‍f‍f‍e‍r"", ""start"": 3, ""end"": 8, ""salt_mode"": ""fragment"", ""fragment_max_positions"": null}, {""original_token"": ""million"", ""salted_token"": ""m‍i‍l‍l‍i‍o‍n"", ""start"": 194, ""end"": 201, ""salt_mode"": ""fragment"", ""fragment_max_positions"": null}, {""original_token"": ""products"", ""salted_token"": ""p‍r‍o‍d‍u‍c‍t‍s"", ""start"": 791, ""end"": 799, ""salt_mode"": ""fragment"", ""fragment_max_positions"": null}]"
00509.385c788f39e46a86be4c6af8679a0c80,00509__salted__broad__cp00AD__fragment.385c788f39e46a86be4c6af8679a0c80,broad,00AD,fragment,,0,3,True,[],"[{""original_token"": ""offer"", ""salted_token"": ""o­f­f­e­r"", ""start"": 3, ""end"": 8, ""salt_mode"": ""fragment"", ""fragment_max_positions"": null}, {""original_token"": ""million"", ""salted_token"": ""m­i­l­l­i­o­n"", ""start"": 194, ""end"": 201, ""salt_mode"": ""fragment"", ""fragment_max_positions"": null}, {""original_token"": ""products"", ""salted_token"": ""p­r­o­d­u­c­t­s"", ""start"": 791, ""end"": 799, ""salt_mode"": ""fragment"", ""fragment_max_positions"": null}]"
00510.ce04ead27e498e82285ea6dbb0837c13,00510__salted__broad__cp200B__fragment.ce04ead27e498e82285ea6dbb0837c13,broad,200B,fragment,,1,3,True,"[{""original_token"": ""adv"", ""salted_token"": ""a​d​v"", ""start"": 0, ""end"": 3, ""salt_mode"": ""fragment"", ""fragment_max_positions"": null}]","[{""original_token"": ""Dear"", ""salted_token"": ""D​e​a​r"", ""start"": 0, ""end"": 4, ""salt_mode"": ""fragment"", ""fragment_max_positions"": null}, {""original_token"": ""skills"", ""salted_token"": ""s​k​i​l​l​s"", ""start"": 281, ""end"": 287, ""salt_mode"": ""fragment"", ""fragment_max_positions"": null}, {""original_token"": ""skills"", ""salted_token"": ""s​k​i​l​l​s"", ""start"": 768, ""end"": 774, ""salt_mode"": ""fragment"", ""fragment_max_positions"": null}]"
00510.ce04ead27e498e82285ea6dbb0837c13,00510__salted__broad__cp200C__fragment.ce04ead27e498e82285ea6dbb0837c13,broad,200C,fragment,,1,3,True,"[{""original_token"": ""adv"", ""salted_token"": ""a‌d‌v"", ""start"": 0, ""end"": 3, ""salt_mode"": ""fragment"", ""fragment_max_positions"": null}]","[{""original_token"": ""Dear"", ""salted_token"": ""D‌e‌a‌r"", ""start"": 0, ""end"": 4, ""salt_mode"": ""fragment"", ""fragment_max_positions"": null}, {""original_token"": ""skills"", ""salted_token"": ""s‌k‌i‌l‌l‌s"", ""start"": 281, ""end"": 287, ""salt_mode"": ""fragment"", ""fragment_max_positions"": null}, {""original_token"": ""skills"", ""salted_token"": ""s‌k‌i‌l‌l‌s"", ""start"": 768, ""end"": 774, ""salt_mode"": ""fragment"", ""fragment_max_positions"": null}]"
00510.ce04ead27e498e82285ea6dbb0837c13,00510__salted__broad__cp200D__fragment.ce04ead27e498e82285ea6dbb0837c13,broad,200D,fragment,,1,3,True,"[{""original_token"": ""adv"", ""salted_token"": ""a‍d‍v"", ""start"": 0, ""end"": 3, ""salt_mode"": ""fragment"", ""fragment_max_positions"": null}]","[{""original_token"": ""Dear"", ""salted_token"": ""D‍e‍a‍r"", ""start"": 0, ""end"": 4, ""salt_mode"": ""fragment"", ""fragment_max_positions"": null}, {""original_token"": ""skills"", ""salted_token"": ""s‍k‍i‍l‍l‍s"", ""start"": 281, ""end"": 287, ""salt_mode"": ""fragment"", ""fragment_max_positions"": null}, {""original_token"": ""skills"", ""salted_token"": ""s‍k‍i‍l‍l‍s"", ""start"": 768, ""end"": 774, ""salt_mode"": ""fragment"", ""fragment_max_positions"": null}]"
00510.ce04ead27e498e82285ea6dbb0837c13,00510__salted__broad__cp00AD__fragment.ce04ead27e498e82285ea6dbb0837c13,broad,00AD,fragment,,1,3,True,"[{""original_token"": ""adv"", ""salted_token"": ""a­d­v"", ""start"": 0, ""end"": 3, ""salt_mode"": ""fragment"", ""fragment_max_positions"": null}]","[{""original_token"": ""Dear"", ""salted_token"": ""D­e­a­r"", ""start"": 0, ""end"": 4, ""salt_mode"": ""fragment"", ""fragment_max_positions"": null}, {""original_token"": ""skills"", ""salted_token"": ""s­k­i­l­l­s"", ""start"": 281, ""end"": 287, ""salt_mode"": ""fragment"", ""fragment_max_positions"": null}, {""original_token"": ""skills"", ""salted_token"": ""s­k­i­l­l­s"", ""start"": 768, ""end"": 774, ""salt_mode"": ""fragment"", ""fragment_max_positions"": null}]"
00518.3b454f92294b060a41b0771941394bd3,00518__salted__broad__cp200B__fragment.3b454f92294b060a41b0771941394bd3,broad,200B,fragment,,1,0,False,"[{""original_token"": ""credit"", ""salted_token"": ""c​r​e​d​i​t"", ""start"": 0, ""end"": 6, ""salt_mode"": ""fragment"", ""fragment_max_positions"": null}]",[]
00518.3b454f92294b060a41b0771941394bd3,00518__salted__broad__cp200C__fragment.3b454f92294b060a41b0771941394bd3,broad,200C,fragment,,1,0,False,"[{""original_token"": ""credit"", ""salted_token"": ""c‌r‌e‌d‌i‌t"", ""start"": 0, ""end"": 6, ""salt_mode"": ""fragment"", ""fragment_max_positions"": null}]",[]
00518.3b454f92294b060a41b0771941394bd3,00518__salted__broad__cp200D__fragment.3b454f92294b060a41b0771941394bd3,broad,200D,fragment,,1,0,False,"[{""original_token"": ""credit"", ""salted_token"": ""c‍r‍e‍d‍i‍t"", ""start"": 0, ""end"": 6, ""salt_mode"": ""fragment"", ""fragment_max_positions"": null}]",[]
00518.3b454f92294b060a41b0771941394bd3,00518__salted__broad__cp00AD__fragment.3b454f92294b060a41b0771941394bd3,broad,00AD,fragment,,1,0,False,"[{""original_token"": ""credit"", ""salted_token"": ""c­r­e­d­i­t"", ""start"": 0, ""end"": 6, ""salt_mode"": ""fragment"", ""fragment_max_positions"": null}]",[]
00523.8dad1340c87f606b1f0696df64d9063c,00523__salted__broad__cp200B__fragment.8dad1340c87f606b1f0696df64d9063c,broad,200B,fragment,,1,0,False,"[{""original_token"": ""MORTGAGE"", ""salted_token"": ""M​O​R​T​G​A​G​E"", ""start"": 24, ""end"": 32, ""salt_mode"": ""fragment"", ""fragment_max_positions"": null}]",[]
00523.8dad1340c87f606b1f0696df64d9063c,00523__salted__broad__cp200C__fragment.8dad1340c87f606b1f0696df64d9063c,broad,200C,fragment,,1,0,False,"[{""original_token"": ""MORTGAGE"", ""salted_token"": ""M‌O‌R‌T‌G‌A‌G‌E"", ""start"": 24, ""end"": 32, ""salt_mode"": ""fragment"", ""fragment_max_positions"": null}]",[]
00523.8dad1340c87f606b1f0696df64d9063c,00523__salted__broad__cp200D__fragment.8dad1340c87f606b1f0696df64d9063c,broad,200D,fragment,,1,0,False,"[{""original_token"": ""MORTGAGE"", ""salted_token"": ""M‍O‍R‍T‍G‍A‍G‍E"", ""start"": 24, ""end"": 32, ""salt_mode"": ""fragment"", ""fragment_max_positions"": null}]",[]
00523.8dad1340c87f606b1f0696df64d9063c,00523__salted__broad__cp00AD__fragment.8dad1340c87f606b1f0696df64d9063c,broad,00AD,fragment,,1,0,False,"[{""original_token"": ""MORTGAGE"", ""salted_token"": ""M­O­R­T­G­A­G­E"", ""start"": 24, ""end"": 32, ""salt_mode"": ""fragment"", ""fragment_max_positions"": null}]",[]
00531.f3fffa4504c7009a03dd0d44a4562a84,00531__salted__broad__cp200B__fragment.f3fffa4504c7009a03dd0d44a4562a84,broad,200B,fragment,,1,0,False,"[{""original_token"": ""ordering"", ""salted_token"": ""o​r​d​e​r​i​n​g"", ""start"": 5, ""end"": 13, ""salt_mode"": ""fragment"", ""fragment_max_positions"": null}]",[]
00531.f3fffa4504c7009a03dd0d44a4562a84,00531__salted__broad__cp200C__fragment.f3fffa4504c7009a03dd0d44a4562a84,broad,200C,fragment,,1,0,False,"[{""original_token"": ""ordering"", ""salted_token"": ""o‌r‌d‌e‌r‌i‌n‌g"", ""start"": 5, ""end"": 13, ""salt_mode"": ""fragment"", ""fragment_max_positions"": null}]",[]
00531.f3fffa4504c7009a03dd0d44a4562a84,00531__salted__broad__cp200D__fragment.f3fffa4504c7009a03dd0d44a4562a84,broad,200D,fragment,,1,0,False,"[{""original_token"": ""ordering"", ""salted_token"": ""o‍r‍d‍e‍r‍i‍n‍g"", ""start"": 5, ""end"": 13, ""salt_mode"": ""fragment"", ""fragment_max_positions"": null}]",[]
00531.f3fffa4504c7009a03dd0d44a4562a84,00531__salted__broad__cp00AD__fragment.f3fffa4504c7009a03dd0d44a4562a84,broad,00AD,fragment,,1,0,False,"[{""original_token"": ""ordering"", ""salted_token"": ""o­r­d­e­r­i­n­g"", ""start"": 5, ""end"": 13, ""salt_mode"": ""fragment"", ""fragment_max_positions"": null}]",[]
00538.46858b6122a85685022250db2f25b32a,00538__salted__broad__cp200B__fragment.46858b6122a85685022250db2f25b32a,broad,200B,fragment,,0,1,True,[],"[{""original_token"": ""sexual"", ""salted_token"": ""s​e​x​u​a​l"", ""start"": 97, ""end"": 103, ""salt_mode"": ""fragment"", ""fragment_max_positions"": null}]"
00538.46858b6122a85685022250db2f25b32a,00538__salted__broad__cp200C__fragment.46858b6122a85685022250db2f25b32a,broad,200C,fragment,,0,1,True,[],"[{""original_token"": ""sexual"", ""salted_token"": ""s‌e‌x‌u‌a‌l"", ""start"": 97, ""end"": 103, ""salt_mode"": ""fragment"", ""fragment_max_positions"": null}]"
00538.46858b6122a85685022250db2f25b32a,00538__salted__broad__cp200D__fragment.46858b6122a85685022250db2f25b32a,broad,200D,fragment,,0,1,True,[],"[{""original_token"": ""sexual"", ""salted_token"": ""s‍e‍x‍u‍a‍l"", ""start"": 97, ""end"": 103, ""salt_mode"": ""fragment"", ""fragment_max_positions"": null}]"
00538.46858b6122a85685022250db2f25b32a,00538__salted__broad__cp00AD__fragment.46858b6122a85685022250db2f25b32a,broad,00AD,fragment,,0,1,True,[],"[{""original_token"": ""sexual"", ""salted_token"": ""s­e­x­u­a­l"", ""start"": 97, ""end"": 103, ""salt_mode"": ""fragment"", ""fragment_max_positions"": null}]"
00554.c325ab7400fb7e3f053ed0cac4ed7545,00554__salted__broad__cp200B__fragment.c325ab7400fb7e3f053ed0cac4ed7545,broad,200B,fragment,,1,3,True,"[{""original_token"": ""Assistance"", ""salted_token"": ""A​s​s​i​s​t​a​n​c​e"", ""start"": 21, ""end"": 31, ""salt_mode"": ""fragment"", ""fragment_max_positions"": null}]","[{""original_token"": ""health"", ""salted_token"": ""h​e​a​l​t​h"", ""start"": 110, ""end"": 116, ""salt_mode"": ""fragment"", ""fragment_max_positions"": null}, {""original_token"": ""proposal"", ""salted_token"": ""p​r​o​p​o​s​a​l"", ""start"": 170, ""end"": 178, ""salt_mode"": ""fragment"", ""fragment_max_positions"": null}, {""original_token"": ""proposal"", ""salted_token"": ""p​r​o​p​o​s​a​l"", ""start"": 241, ""end"": 249, ""salt_mode"": ""fragment"", ""fragment_max_positions"": null}]"
00554.c325ab7400fb7e3f053ed0cac4ed7545,00554__salted__broad__cp200C__fragment.c325ab7400fb7e3f053ed0cac4ed7545,broad,200C,fragment,,1,3,True,"[{""original_token"": ""Assistance"", ""salted_token"": ""A‌s‌s‌i‌s‌t‌a‌n‌c‌e"", ""start"": 21, ""end"": 31, ""salt_mode"": ""fragment"", ""fragment_max_positions"": null}]","[{""original_token"": ""health"", ""salted_token"": ""h‌e‌a‌l‌t‌h"", ""start"": 110, ""end"": 116, ""salt_mode"": ""fragment"", ""fragment_max_positions"": null}, {""original_token"": ""proposal"", ""salted_token"": ""p‌r‌o‌p‌o‌s‌a‌l"", ""start"": 170, ""end"": 178, ""salt_mode"": ""fragment"", ""fragment_max_positions"": null}, {""original_token"": ""proposal"", ""salted_token"": ""p‌r‌o‌p‌o‌s‌a‌l"", ""start"": 241, ""end"": 249, ""salt_mode"": ""fragment"", ""fragment_max_positions"": null}]"
00554.c325ab7400fb7e3f053ed0cac4ed7545,00554__salted__broad__cp200D__fragment.c325ab7400fb7e3f053ed0cac4ed7545,broad,200D,fragment,,1,3,True,"[{""original_token"": ""Assistance"", ""salted_token"": ""A‍s‍s‍i‍s‍t‍a‍n‍c‍e"", ""start"": 21, ""end"": 31, ""salt_mode"": ""fragment"", ""fragment_max_positions"": null}]","[{""original_token"": ""health"", ""salted_token"": ""h‍e‍a‍l‍t‍h"", ""start"": 110, ""end"": 116, ""salt_mode"": ""fragment"", ""fragment_max_positions"": null}, {""original_token"": ""proposal"", ""salted_token"": ""p‍r‍o‍p‍o‍s‍a‍l"", ""start"": 170, ""end"": 178, ""salt_mode"": ""fragment"", ""fragment_max_positions"": null}, {""original_token"": ""proposal"", ""salted_token"": ""p‍r‍o‍p‍o‍s‍a‍l"", ""start"": 241, ""end"": 249, ""salt_mode"": ""fragment"", ""fragment_max_positions"": null}]"
00554.c325ab7400fb7e3f053ed0cac4ed7545,00554__salted__broad__cp00AD__fragment.c325ab7400fb7e3f053ed0cac4ed7545,broad,00AD,fragment,,1,3,True,"[{""original_token"": ""Assistance"", ""salted_token"": ""A­s­s­i­s­t­a­n­c­e"", ""start"": 21, ""end"": 31, ""salt_mode"": ""fragment"", ""fragment_max_positions"": null}]","[{""original_token"": ""health"", ""salted_token"": ""h­e­a­l­t­h"", ""start"": 110, ""end"": 116, ""salt_mode"": ""fragment"", ""fragment_max_positions"": null}, {""original_token"": ""proposal"", ""salted_token"": ""p­r­o­p­o­s­a­l"", ""start"": 170, ""end"": 178, ""salt_mode"": ""fragment"", ""fragment_max_positions"": null}, {""original_token"": ""proposal"", ""salted_token"": ""p­r­o­p­o­s­a­l"", ""start"": 241, ""end"": 249, ""salt_mode"": ""fragment"", ""fragment_max_positions"": null}]"
00568.9099cfcce869f4ecf337fc666f04c11d,00568__salted__broad__cp200B__fragment.9099cfcce869f4ecf337fc666f04c11d,broad,200B,fragment,,0,3,True,[],"[{""original_token"": ""HOURS"", ""salted_token"": ""H​O​U​R​S"", ""start"": 56, ""end"": 61, ""salt_mode"": ""fragment"", ""fragment_max_positions"": null}, {""original_token"": ""Click"", ""salted_token"": ""C​l​i​c​k"", ""start"": 228, ""end"": 233, ""salt_mode"": ""fragment"", ""fragment_max_positions"": null}, {""original_token"": ""contacts"", ""salted_token"": ""c​o​n​t​a​c​t​s"", ""start"": 375, ""end"": 383, ""salt_mode"": ""fragment"", ""fragment_max_positions"": null}]"
00568.9099cfcce869f4ecf337fc666f04c11d,00568__salted__broad__cp200C__fragment.9099cfcce869f4ecf337fc666f04c11d,broad,200C,fragment,,0,3,True,[],"[{""original_token"": ""HOURS"", ""salted_token"": ""H‌O‌U‌R‌S"", ""start"": 56, ""end"": 61, ""salt_mode"": ""fragment"", ""fragment_max_positions"": null}, {""original_token"": ""Click"", ""salted_token"": ""C‌l‌i‌c‌k"", ""start"": 228, ""end"": 233, ""salt_mode"": ""fragment"", ""fragment_max_positions"": null}, {""original_token"": ""contacts"", ""salted_token"": ""c‌o‌n‌t‌a‌c‌t‌s"", ""start"": 375, ""end"": 383, ""salt_mode"": ""fragment"", ""fragment_max_positions"": null}]"
00568.9099cfcce869f4ecf337fc666f04c11d,00568__salted__broad__cp200D__fragment.9099cfcce869f4ecf337fc666f04c11d,broad,200D,fragment,,0,3,True,[],"[{""original_token"": ""HOURS"", ""salted_token"": ""H‍O‍U‍R‍S"", ""start"": 56, ""end"": 61, ""salt_mode"": ""fragment"", ""fragment_max_positions"": null}, {""original_token"": ""Click"", ""salted_token"": ""C‍l‍i‍c‍k"", ""start"": 228, ""end"": 233, ""salt_mode"": ""fragment"", ""fragment_max_positions"": null}, {""original_token"": ""contacts"", ""salted_token"": ""c‍o‍n‍t‍a‍c‍t‍s"", ""start"": 375, ""end"": 383, ""salt_mode"": ""fragment"", ""fragment_max_positions"": null}]"
00568.9099cfcce869f4ecf337fc666f04c11d,00568__salted__broad__cp00AD__fragment.9099cfcce869f4ecf337fc666f04c11d,broad,00AD,fragment,,0,3,True,[],"[{""original_token"": ""HOURS"", ""salted_token"": ""H­O­U­R­S"", ""start"": 56, ""end"": 61, ""salt_mode"": ""fragment"", ""fragment_max_positions"": null}, {""original_token"": ""Click"", ""salted_token"": ""C­l­i­c­k"", ""start"": 228, ""end"": 233, ""salt_mode"": ""fragment"", ""fragment_max_positions"": null}, {""original_token"": ""contacts"", ""salted_token"": ""c­o­n­t­a­c­t­s"", ""start"": 375, ""end"": 383, ""salt_mode"": ""fragment"", ""fragment_max_positions"": null}]"
00582.2db3b12f1cbf87ef3a64d26c35561a5b,00582__salted__broad__cp200B__fragment.2db3b12f1cbf87ef3a64d26c35561a5b,broad,200B,fragment,,1,0,False,"[{""original_token"": ""ADV"", ""salted_token"": ""A​D​V"", ""start"": 0, ""end"": 3, ""salt_mode"": ""fragment"", ""fragment_max_positions"": null}]",[]
00582.2db3b12f1cbf87ef3a64d26c35561a5b,00582__salted__broad__cp200C__fragment.2db3b12f1cbf87ef3a64d26c35561a5b,broad,200C,fragment,,1,0,False,"[{""original_token"": ""ADV"", ""salted_token"": ""A‌D‌V"", ""start"": 0, ""end"": 3, ""salt_mode"": ""fragment"", ""fragment_max_positions"": null}]",[]
00582.2db3b12f1cbf87ef3a64d26c35561a5b,00582__salted__broad__cp200D__fragment.2db3b12f1cbf87ef3a64d26c35561a5b,broad,200D,fragment,,1,0,False,"[{""original_token"": ""ADV"", ""salted_token"": ""A‍D‍V"", ""start"": 0, ""end"": 3, ""salt_mode"": ""fragment"", ""fragment_max_positions"": null}]",[]
00582.2db3b12f1cbf87ef3a64d26c35561a5b,00582__salted__broad__cp00AD__fragment.2db3b12f1cbf87ef3a64d26c35561a5b,broad,00AD,fragment,,1,0,False,"[{""original_token"": ""ADV"", ""salted_token"": ""A­D­V"", ""start"": 0, ""end"": 3, ""salt_mode"": ""fragment"", ""fragment_max_positions"": null}]",[]
00602.8b839b13833d7ca3abd6f6179ccc0286,00602__salted__broad__cp200B__fragment.8b839b13833d7ca3abd6f6179ccc0286,broad,200B,fragment,,1,0,False,"[{""original_token"": ""Approved"", ""salted_token"": ""A​p​p​r​o​v​e​d"", ""start"": 8, ""end"": 16, ""salt_mode"": ""fragment"", ""fragment_max_positions"": null}]",[]
00602.8b839b13833d7ca3abd6f6179ccc0286,00602__salted__broad__cp200C__fragment.8b839b13833d7ca3abd6f6179ccc0286,broad,200C,fragment,,1,0,False,"[{""original_token"": ""Approved"", ""salted_token"": ""A‌p‌p‌r‌o‌v‌e‌d"", ""start"": 8, ""end"": 16, ""salt_mode"": ""fragment"", ""fragment_max_positions"": null}]",[]
00602.8b839b13833d7ca3abd6f6179ccc0286,00602__salted__broad__cp200D__fragment.8b839b13833d7ca3abd6f6179ccc0286,broad,200D,fragment,,1,0,False,"[{""original_token"": ""Approved"", ""salted_token"": ""A‍p‍p‍r‍o‍v‍e‍d"", ""start"": 8, ""end"": 16, ""salt_mode"": ""fragment"", ""fragment_max_positions"": null}]",[]
00602.8b839b13833d7ca3abd6f6179ccc0286,00602__salted__broad__cp00AD__fragment.8b839b13833d7ca3abd6f6179ccc0286,broad,00AD,fragment,,1,0,False,"[{""original_token"": ""Approved"", ""salted_token"": ""A­p­p­r­o­v­e­d"", ""start"": 8, ""end"": 16, ""salt_mode"": ""fragment"", ""fragment_max_positions"": null}]",[]
00615.e47bff6118d4ff6d98581fa6f40ab871,00615__salted__broad__cp200B__fragment.e47bff6118d4ff6d98581fa6f40ab871,broad,200B,fragment,,0,3,True,[],"[{""original_token"": ""city"", ""salted_token"": ""c​i​t​y"", ""start"": 31, ""end"": 35, ""salt_mode"": ""fragment"", ""fragment_max_positions"": null}, {""original_token"": ""lagos"", ""salted_token"": ""l​a​g​o​s"", ""start"": 37, ""end"": 42, ""salt_mode"": ""fragment"", ""fragment_max_positions"": null}, {""original_token"": ""Nigeria"", ""salted_token"": ""N​i​g​e​r​i​a"", ""start"": 43, ""end"": 50, ""salt_mode"": ""fragment"", ""fragment_max_positions"": null}]"
00615.e47bff6118d4ff6d98581fa6f40ab871,00615__salted__broad__cp200C__fragment.e47bff6118d4ff6d98581fa6f40ab871,broad,200C,fragment,,0,3,True,[],"[{""original_token"": ""city"", ""salted_token"": ""c‌i‌t‌y"", ""start"": 31, ""end"": 35, ""salt_mode"": ""fragment"", ""fragment_max_positions"": null}, {""original_token"": ""lagos"", ""salted_token"": ""l‌a‌g‌o‌s"", ""start"": 37, ""end"": 42, ""salt_mode"": ""fragment"", ""fragment_max_positions"": null}, {""original_token"": ""Nigeria"", ""salted_token"": ""N‌i‌g‌e‌r‌i‌a"", ""start"": 43, ""end"": 50, ""salt_mode"": ""fragment"", ""fragment_max_positions"": null}]"
00615.e47bff6118d4ff6d98581fa6f40ab871,00615__salted__broad__cp200D__fragment.e47bff6118d4ff6d98581fa6f40ab871,broad,200D,fragment,,0,3,True,[],"[{""original_token"": ""city"", ""salted_token"": ""c‍i‍t‍y"", ""start"": 31, ""end"": 35, ""salt_mode"": ""fragment"", ""fragment_max_positions"": null}, {""original_token"": ""lagos"", ""salted_token"": ""l‍a‍g‍o‍s"", ""start"": 37, ""end"": 42, ""salt_mode"": ""fragment"", ""fragment_max_positions"": null}, {""original_token"": ""Nigeria"", ""salted_token"": ""N‍i‍g‍e‍r‍i‍a"", ""start"": 43, ""end"": 50, ""salt_mode"": ""fragment"", ""fragment_max_positions"": null}]"
00615.e47bff6118d4ff6d98581fa6f40ab871,00615__salted__broad__cp00AD__fragment.e47bff6118d4ff6d98581fa6f40ab871,broad,00AD,fragment,,0,3,True,[],"[{""original_token"": ""city"", ""salted_token"": ""c­i­t­y"", ""start"": 31, ""end"": 35, ""salt_mode"": ""fragment"", ""fragment_max_positions"": null}, {""original_token"": ""lagos"", ""salted_token"": ""l­a­g­o­s"", ""start"": 37, ""end"": 42, ""salt_mode"": ""fragment"", ""fragment_max_positions"": null}, {""original_token"": ""Nigeria"", ""salted_token"": ""N­i­g­e­r­i­a"", ""start"": 43, ""end"": 50, ""salt_mode"": ""fragment"", ""fragment_max_positions"": null}]"
00631.5b4f290bc474889ff457b314996553b1,00631__salted__broad__cp200B__fragment.5b4f290bc474889ff457b314996553b1,broad,200B,fragment,,1,0,False,"[{""original_token"": ""Weekly"", ""salted_token"": ""W​e​e​k​l​y"", ""start"": 16, ""end"": 22, ""salt_mode"": ""fragment"", ""fragment_max_positions"": null}]",[]
00631.5b4f290bc474889ff457b314996553b1,00631__salted__broad__cp200C__fragment.5b4f290bc474889ff457b314996553b1,broad,200C,fragment,,1,0,False,"[{""original_token"": ""Weekly"", ""salted_token"": ""W‌e‌e‌k‌l‌y"", ""start"": 16, ""end"": 22, ""salt_mode"": ""fragment"", ""fragment_max_positions"": null}]",[]
00631.5b4f290bc474889ff457b314996553b1,00631__salted__broad__cp200D__fragment.5b4f290bc474889ff457b314996553b1,broad,200D,fragment,,1,0,False,"[{""original_token"": ""Weekly"", ""salted_token"": ""W‍e‍e‍k‍l‍y"", ""start"": 16, ""end"": 22, ""salt_mode"": ""fragment"", ""fragment_max_positions"": null}]",[]
00631.5b4f290bc474889ff457b314996553b1,00631__salted__broad__cp00AD__fragment.5b4f290bc474889ff457b314996553b1,broad,00AD,fragment,,1,0,False,"[{""original_token"": ""Weekly"", ""salted_token"": ""W­e­e­k­l­y"", ""start"": 16, ""end"": 22, ""salt_mode"": ""fragment"", ""fragment_max_positions"": null}]",[]
00632.f90d0f620d4a4c4976e1c5884333f329,00632__salted__broad__cp200B__fragment.f90d0f620d4a4c4976e1c5884333f329,broad,200B,fragment,,0,3,True,[],"[{""original_token"": ""lose"", ""salted_token"": ""l​o​s​e"", ""start"": 58, ""end"": 62, ""salt_mode"": ""fragment"", ""fragment_max_positions"": null}, {""original_token"": ""weight"", ""salted_token"": ""w​e​i​g​h​t"", ""start"": 63, ""end"": 69, ""salt_mode"": ""fragment"", ""fragment_max_positions"": null}, {""original_token"": ""exercise"", ""salted_token"": ""e​x​e​r​c​i​s​e"", ""start"": 138, ""end"": 146, ""salt_mode"": ""fragment"", ""fragment_max_positions"": null}]"
00632.f90d0f620d4a4c4976e1c5884333f329,00632__salted__broad__cp200C__fragment.f90d0f620d4a4c4976e1c5884333f329,broad,200C,fragment,,0,3,True,[],"[{""original_token"": ""lose"", ""salted_token"": ""l‌o‌s‌e"", ""start"": 58, ""end"": 62, ""salt_mode"": ""fragment"", ""fragment_max_positions"": null}, {""original_token"": ""weight"", ""salted_token"": ""w‌e‌i‌g‌h‌t"", ""start"": 63, ""end"": 69, ""salt_mode"": ""fragment"", ""fragment_max_positions"": null}, {""original_token"": ""exercise"", ""salted_token"": ""e‌x‌e‌r‌c‌i‌s‌e"", ""start"": 138, ""end"": 146, ""salt_mode"": ""fragment"", ""fragment_max_positions"": null}]"
00632.f90d0f620d4a4c4976e1c5884333f329,00632__salted__broad__cp200D__fragment.f90d0f620d4a4c4976e1c5884333f329,broad,200D,fragment,,0,3,True,[],"[{""original_token"": ""lose"", ""salted_token"": ""l‍o‍s‍e"", ""start"": 58, ""end"": 62, ""salt_mode"": ""fragment"", ""fragment_max_positions"": null}, {""original_token"": ""weight"", ""salted_token"": ""w‍e‍i‍g‍h‍t"", ""start"": 63, ""end"": 69, ""salt_mode"": ""fragment"", ""fragment_max_positions"": null}, {""original_token"": ""exercise"", ""salted_token"": ""e‍x‍e‍r‍c‍i‍s‍e"", ""start"": 138, ""end"": 146, ""salt_mode"": ""fragment"", ""fragment_max_positions"": null}]"
00632.f90d0f620d4a4c4976e1c5884333f329,00632__salted__broad__cp00AD__fragment.f90d0f620d4a4c4976e1c5884333f329,broad,00AD,fragment,,0,3,True,[],"[{""original_token"": ""lose"", ""salted_token"": ""l­o­s­e"", ""start"": 58, ""end"": 62, ""salt_mode"": ""fragment"", ""fragment_max_positions"": null}, {""original_token"": ""weight"", ""salted_token"": ""w­e­i­g­h­t"", ""start"": 63, ""end"": 69, ""salt_mode"": ""fragment"", ""fragment_max_positions"": null}, {""original_token"": ""exercise"", ""salted_token"": ""e­x­e­r­c­i­s­e"", ""start"": 138, ""end"": 146, ""salt_mode"": ""fragment"", ""fragment_max_positions"": null}]"
00643.d177c04238b4299813b7d8cca9fb2f18,00643__salted__broad__cp200B__fragment.d177c04238b4299813b7d8cca9fb2f18,broad,200B,fragment,,0,3,True,[],"[{""original_token"": ""Insurance"", ""salted_token"": ""I​n​s​u​r​a​n​c​e"", ""start"": 57, ""end"": 66, ""salt_mode"": ""fragment"", ""fragment_max_positions"": null}, {""original_token"": ""click"", ""salted_token"": ""c​l​i​c​k"", ""start"": 161, ""end"": 166, ""salt_mode"": ""fragment"", ""fragment_max_positions"": null}, {""original_token"": ""Insurance"", ""salted_token"": ""I​n​s​u​r​a​n​c​e"", ""start"": 227, ""end"": 236, ""salt_mode"": ""fragment"", ""fragment_max_positions"": null}]"
00643.d177c04238b4299813b7d8cca9fb2f18,00643__salted__broad__cp200C__fragment.d177c04238b4299813b7d8cca9fb2f18,broad,200C,fragment,,0,3,True,[],"[{""original_token"": ""Insurance"", ""salted_token"": ""I‌n‌s‌u‌r‌a‌n‌c‌e"", ""start"": 57, ""end"": 66, ""salt_mode"": ""fragment"", ""fragment_max_positions"": null}, {""original_token"": ""click"", ""salted_token"": ""c‌l‌i‌c‌k"", ""start"": 161, ""end"": 166, ""salt_mode"": ""fragment"", ""fragment_max_positions"": null}, {""original_token"": ""Insurance"", ""salted_token"": ""I‌n‌s‌u‌r‌a‌n‌c‌e"", ""start"": 227, ""end"": 236, ""salt_mode"": ""fragment"", ""fragment_max_positions"": null}]"
00643.d177c04238b4299813b7d8cca9fb2f18,00643__salted__broad__cp200D__fragment.d177c04238b4299813b7d8cca9fb2f18,broad,200D,fragment,,0,3,True,[],"[{""original_token"": ""Insurance"", ""salted_token"": ""I‍n‍s‍u‍r‍a‍n‍c‍e"", ""start"": 57, ""end"": 66, ""salt_mode"": ""fragment"", ""fragment_max_positions"": null}, {""original_token"": ""click"", ""salted_token"": ""c‍l‍i‍c‍k"", ""start"": 161, ""end"": 166, ""salt_mode"": ""fragment"", ""fragment_max_positions"": null}, {""original_token"": ""Insurance"", ""salted_token"": ""I‍n‍s‍u‍r‍a‍n‍c‍e"", ""start"": 227, ""end"": 236, ""salt_mode"": ""fragment"", ""fragment_max_positions"": null}]"
00643.d177c04238b4299813b7d8cca9fb2f18,00643__salted__broad__cp00AD__fragment.d177c04238b4299813b7d8cca9fb2f18,broad,00AD,fragment,,0,3,True,[],"[{""original_token"": ""Insurance"", ""salted_token"": ""I­n­s­u­r­a­n­c­e"", ""start"": 57, ""end"": 66, ""salt_mode"": ""fragment"", ""fragment_max_positions"": null}, {""original_token"": ""click"", ""salted_token"": ""c­l­i­c­k"", ""start"": 161, ""end"": 166, ""salt_mode"": ""fragment"", ""fragment_max_positions"": null}, {""original_token"": ""Insurance"", ""salted_token"": ""I­n­s­u­r­a­n­c­e"", ""start"": 227, ""end"": 236, ""salt_mode"": ""fragment"", ""fragment_max_positions"": null}]"
00658.2324b3351e766248275bace98fd3c7b3,00658__salted__broad__cp200B__fragment.2324b3351e766248275bace98fd3c7b3,broad,200B,fragment,,1,3,True,"[{""original_token"": ""registration"", ""salted_token"": ""r​e​g​i​s​t​r​a​t​i​o​n"", ""start"": 11, ""end"": 23, ""salt_mode"": ""fragment"", ""fragment_max_positions"": null}]","[{""original_token"": ""discount"", ""salted_token"": ""d​i​s​c​o​u​n​t"", ""start"": 90, ""end"": 98, ""salt_mode"": ""fragment"", ""fragment_max_positions"": null}, {""original_token"": ""prices"", ""salted_token"": ""p​r​i​c​e​s"", ""start"": 99, ""end"": 105, ""salt_mode"": ""fragment"", ""fragment_max_positions"": null}, {""original_token"": ""exciting"", ""salted_token"": ""e​x​c​i​t​i​n​g"", ""start"": 139, ""end"": 147, ""salt_mode"": ""fragment"", ""fragment_max_positions"": null}]"
00658.2324b3351e766248275bace98fd3c7b3,00658__salted__broad__cp200C__fragment.2324b3351e766248275bace98fd3c7b3,broad,200C,fragment,,1,3,True,"[{""original_token"": ""registration"", ""salted_token"": ""r‌e‌g‌i‌s‌t‌r‌a‌t‌i‌o‌n"", ""start"": 11, ""end"": 23, ""salt_mode"": ""fragment"", ""fragment_max_positions"": null}]","[{""original_token"": ""discount"", ""salted_token"": ""d‌i‌s‌c‌o‌u‌n‌t"", ""start"": 90, ""end"": 98, ""salt_mode"": ""fragment"", ""fragment_max_positions"": null}, {""original_token"": ""prices"", ""salted_token"": ""p‌r‌i‌c‌e‌s"", ""start"": 99, ""end"": 105, ""salt_mode"": ""fragment"", ""fragment_max_positions"": null}, {""original_token"": ""exciting"", ""salted_token"": ""e‌x‌c‌i‌t‌i‌n‌g"", ""start"": 139, ""end"": 147, ""salt_mode"": ""fragment"", ""fragment_max_positions"": null}]"
00658.2324b3351e766248275bace98fd3c7b3,00658__salted__broad__cp200D__fragment.2324b3351e766248275bace98fd3c7b3,broad,200D,fragment,,1,3,True,"[{""original_token"": ""registration"", ""salted_token"": ""r‍e‍g‍i‍s‍t‍r‍a‍t‍i‍o‍n"", ""start"": 11, ""end"": 23, ""salt_mode"": ""fragment"", ""fragment_max_positions"": null}]","[{""original_token"": ""discount"", ""salted_token"": ""d‍i‍s‍c‍o‍u‍n‍t"", ""start"": 90, ""end"": 98, ""salt_mode"": ""fragment"", ""fragment_max_positions"": null}, {""original_token"": ""prices"", ""salted_token"": ""p‍r‍i‍c‍e‍s"", ""start"": 99, ""end"": 105, ""salt_mode"": ""fragment"", ""fragment_max_positions"": null}, {""original_token"": ""exciting"", ""salted_token"": ""e‍x‍c‍i‍t‍i‍n‍g"", ""start"": 139, ""end"": 147, ""salt_mode"": ""fragment"", ""fragment_max_positions"": null}]"
00658.2324b3351e766248275bace98fd3c7b3,00658__salted__broad__cp00AD__fragment.2324b3351e766248275bace98fd3c7b3,broad,00AD,fragment,,1,3,True,"[{""original_token"": ""registration"", ""salted_token"": ""r­e­g­i­s­t­r­a­t­i­o­n"", ""start"": 11, ""end"": 23, ""salt_mode"": ""fragment"", ""fragment_max_positions"": null}]","[{""original_token"": ""discount"", ""salted_token"": ""d­i­s­c­o­u­n­t"", ""start"": 90, ""end"": 98, ""salt_mode"": ""fragment"", ""fragment_max_positions"": null}, {""original_token"": ""prices"", ""salted_token"": ""p­r­i­c­e­s"", ""start"": 99, ""end"": 105, ""salt_mode"": ""fragment"", ""fragment_max_positions"": null}, {""original_token"": ""exciting"", ""salted_token"": ""e­x­c­i­t­i­n­g"", ""start"": 139, ""end"": 147, ""salt_mode"": ""fragment"", ""fragment_max_positions"": null}]"
00659.668ba8daca71e86de0ee5e412b177015,00659__salted__broad__cp200B__fragment.668ba8daca71e86de0ee5e412b177015,broad,200B,fragment,,0,3,True,[],"[{""original_token"": ""Viagra"", ""salted_token"": ""V​i​a​g​r​a"", ""start"": 11, ""end"": 17, ""salt_mode"": ""fragment"", ""fragment_max_positions"": null}, {""original_token"": ""Viagra"", ""salted_token"": ""V​i​a​g​r​a"", ""start"": 94, ""end"": 100, ""salt_mode"": ""fragment"", ""fragment_max_positions"": null}, {""original_token"": ""approved"", ""salted_token"": ""a​p​p​r​o​v​e​d"", ""start"": 157, ""end"": 165, ""salt_mode"": ""fragment"", ""fragment_max_positions"": null}]"
00659.668ba8daca71e86de0ee5e412b177015,00659__salted__broad__cp200C__fragment.668ba8daca71e86de0ee5e412b177015,broad,200C,fragment,,0,3,True,[],"[{""original_token"": ""Viagra"", ""salted_token"": ""V‌i‌a‌g‌r‌a"", ""start"": 11, ""end"": 17, ""salt_mode"": ""fragment"", ""fragment_max_positions"": null}, {""original_token"": ""Viagra"", ""salted_token"": ""V‌i‌a‌g‌r‌a"", ""start"": 94, ""end"": 100, ""salt_mode"": ""fragment"", ""fragment_max_positions"": null}, {""original_token"": ""approved"", ""salted_token"": ""a‌p‌p‌r‌o‌v‌e‌d"", ""start"": 157, ""end"": 165, ""salt_mode"": ""fragment"", ""fragment_max_positions"": null}]"
00659.668ba8daca71e86de0ee5e412b177015,00659__salted__broad__cp200D__fragment.668ba8daca71e86de0ee5e412b177015,broad,200D,fragment,,0,3,True,[],"[{""original_token"": ""Viagra"", ""salted_token"": ""V‍i‍a‍g‍r‍a"", ""start"": 11, ""end"": 17, ""salt_mode"": ""fragment"", ""fragment_max_positions"": null}, {""original_token"": ""Viagra"", ""salted_token"": ""V‍i‍a‍g‍r‍a"", ""start"": 94, ""end"": 100, ""salt_mode"": ""fragment"", ""fragment_max_positions"": null}, {""original_token"": ""approved"", ""salted_token"": ""a‍p‍p‍r‍o‍v‍e‍d"", ""start"": 157, ""end"": 165, ""salt_mode"": ""fragment"", ""fragment_max_positions"": null}]"
00659.668ba8daca71e86de0ee5e412b177015,00659__salted__broad__cp00AD__fragment.668ba8daca71e86de0ee5e412b177015,broad,00AD,fragment,,0,3,True,[],"[{""original_token"": ""Viagra"", ""salted_token"": ""V­i­a­g­r­a"", ""start"": 11, ""end"": 17, ""salt_mode"": ""fragment"", ""fragment_max_positions"": null}, {""original_token"": ""Viagra"", ""salted_token"": ""V­i­a­g­r­a"", ""start"": 94, ""end"": 100, ""salt_mode"": ""fragment"", ""fragment_max_positions"": null}, {""original_token"": ""approved"", ""salted_token"": ""a­p­p­r­o­v­e­d"", ""start"": 157, ""end"": 165, ""salt_mode"": ""fragment"", ""fragment_max_positions"": null}]"
00663.4baa9521293a04306b038be1f65d4471,00663__salted__broad__cp200B__fragment.4baa9521293a04306b038be1f65d4471,broad,200B,fragment,,0,3,True,[],"[{""original_token"": ""Viagra"", ""salted_token"": ""V​i​a​g​r​a"", ""start"": 11, ""end"": 17, ""salt_mode"": ""fragment"", ""fragment_max_positions"": null}, {""original_token"": ""Viagra"", ""salted_token"": ""V​i​a​g​r​a"", ""start"": 94, ""end"": 100, ""salt_mode"": ""fragment"", ""fragment_max_positions"": null}, {""original_token"": ""approved"", ""salted_token"": ""a​p​p​r​o​v​e​d"", ""start"": 157, ""end"": 165, ""salt_mode"": ""fragment"", ""fragment_max_positions"": null}]"
00663.4baa9521293a04306b038be1f65d4471,00663__salted__broad__cp200C__fragment.4baa9521293a04306b038be1f65d4471,broad,200C,fragment,,0,3,True,[],"[{""original_token"": ""Viagra"", ""salted_token"": ""V‌i‌a‌g‌r‌a"", ""start"": 11, ""end"": 17, ""salt_mode"": ""fragment"", ""fragment_max_positions"": null}, {""original_token"": ""Viagra"", ""salted_token"": ""V‌i‌a‌g‌r‌a"", ""start"": 94, ""end"": 100, ""salt_mode"": ""fragment"", ""fragment_max_positions"": null}, {""original_token"": ""approved"", ""salted_token"": ""a‌p‌p‌r‌o‌v‌e‌d"", ""start"": 157, ""end"": 165, ""salt_mode"": ""fragment"", ""fragment_max_positions"": null}]"
00663.4baa9521293a04306b038be1f65d4471,00663__salted__broad__cp200D__fragment.4baa9521293a04306b038be1f65d4471,broad,200D,fragment,,0,3,True,[],"[{""original_token"": ""Viagra"", ""salted_token"": ""V‍i‍a‍g‍r‍a"", ""start"": 11, ""end"": 17, ""salt_mode"": ""fragment"", ""fragment_max_positions"": null}, {""original_token"": ""Viagra"", ""salted_token"": ""V‍i‍a‍g‍r‍a"", ""start"": 94, ""end"": 100, ""salt_mode"": ""fragment"", ""fragment_max_positions"": null}, {""original_token"": ""approved"", ""salted_token"": ""a‍p‍p‍r‍o‍v‍e‍d"", ""start"": 157, ""end"": 165, ""salt_mode"": ""fragment"", ""fragment_max_positions"": null}]"
00663.4baa9521293a04306b038be1f65d4471,00663__salted__broad__cp00AD__fragment.4baa9521293a04306b038be1f65d4471,broad,00AD,fragment,,0,3,True,[],"[{""original_token"": ""Viagra"", ""salted_token"": ""V­i­a­g­r­a"", ""start"": 11, ""end"": 17, ""salt_mode"": ""fragment"", ""fragment_max_positions"": null}, {""original_token"": ""Viagra"", ""salted_token"": ""V­i­a­g­r­a"", ""start"": 94, ""end"": 100, ""salt_mode"": ""fragment"", ""fragment_max_positions"": null}, {""original_token"": ""approved"", ""salted_token"": ""a­p­p­r­o­v­e­d"", ""start"": 157, ""end"": 165, ""salt_mode"": ""fragment"", ""fragment_max_positions"": null}]"
00667.6bf743b1b5bdfe9340d438c0661e4bff,00667__salted__broad__cp200B__fragment.6bf743b1b5bdfe9340d438c0661e4bff,broad,200B,fragment,,1,3,True,"[{""original_token"": ""Unlimited"", ""salted_token"": ""U​n​l​i​m​i​t​e​d"", ""start"": 0, ""end"": 9, ""salt_mode"": ""fragment"", ""fragment_max_positions"": null}]","[{""original_token"": ""Unlimited"", ""salted_token"": ""U​n​l​i​m​i​t​e​d"", ""start"": 1, ""end"": 10, ""salt_mode"": ""fragment"", ""fragment_max_positions"": null}, {""original_token"": ""Cash"", ""salted_token"": ""C​a​s​h"", ""start"": 11, ""end"": 15, ""salt_mode"": ""fragment"", ""fragment_max_positions"": null}, {""original_token"": ""Unlimited"", ""salted_token"": ""U​n​l​i​m​i​t​e​d"", ""start"": 27, ""end"": 36, ""salt_mode"": ""fragment"", ""fragment_max_positions"": null}]"
00667.6bf743b1b5bdfe9340d438c0661e4bff,00667__salted__broad__cp200C__fragment.6bf743b1b5bdfe9340d438c0661e4bff,broad,200C,fragment,,1,3,True,"[{""original_token"": ""Unlimited"", ""salted_token"": ""U‌n‌l‌i‌m‌i‌t‌e‌d"", ""start"": 0, ""end"": 9, ""salt_mode"": ""fragment"", ""fragment_max_positions"": null}]","[{""original_token"": ""Unlimited"", ""salted_token"": ""U‌n‌l‌i‌m‌i‌t‌e‌d"", ""start"": 1, ""end"": 10, ""salt_mode"": ""fragment"", ""fragment_max_positions"": null}, {""original_token"": ""Cash"", ""salted_token"": ""C‌a‌s‌h"", ""start"": 11, ""end"": 15, ""salt_mode"": ""fragment"", ""fragment_max_positions"": null}, {""original_token"": ""Unlimited"", ""salted_token"": ""U‌n‌l‌i‌m‌i‌t‌e‌d"", ""start"": 27, ""end"": 36, ""salt_mode"": ""fragment"", ""fragment_max_positions"": null}]"
00667.6bf743b1b5bdfe9340d438c0661e4bff,00667__salted__broad__cp200D__fragment.6bf743b1b5bdfe9340d438c0661e4bff,broad,200D,fragment,,1,3,True,"[{""original_token"": ""Unlimited"", ""salted_token"": ""U‍n‍l‍i‍m‍i‍t‍e‍d"", ""start"": 0, ""end"": 9, ""salt_mode"": ""fragment"", ""fragment_max_positions"": null}]","[{""original_token"": ""Unlimited"", ""salted_token"": ""U‍n‍l‍i‍m‍i‍t‍e‍d"", ""start"": 1, ""end"": 10, ""salt_mode"": ""fragment"", ""fragment_max_positions"": null}, {""original_token"": ""Cash"", ""salted_token"": ""C‍a‍s‍h"", ""start"": 11, ""end"": 15, ""salt_mode"": ""fragment"", ""fragment_max_positions"": null}, {""original_token"": ""Unlimited"", ""salted_token"": ""U‍n‍l‍i‍m‍i‍t‍e‍d"", ""start"": 27, ""end"": 36, ""salt_mode"": ""fragment"", ""fragment_max_positions"": null}]"
00667.6bf743b1b5bdfe9340d438c0661e4bff,00667__salted__broad__cp00AD__fragment.6bf743b1b5bdfe9340d438c0661e4bff,broad,00AD,fragment,,1,3,True,"[{""original_token"": ""Unlimited"", ""salted_token"": ""U­n­l­i­m­i­t­e­d"", ""start"": 0, ""end"": 9, ""salt_mode"": ""fragment"", ""fragment_max_positions"": null}]","[{""original_token"": ""Unlimited"", ""salted_token"": ""U­n­l­i­m­i­t­e­d"", ""start"": 1, ""end"": 10, ""salt_mode"": ""fragment"", ""fragment_max_positions"": null}, {""original_token"": ""Cash"", ""salted_token"": ""C­a­s­h"", ""start"": 11, ""end"": 15, ""salt_mode"": ""fragment"", ""fragment_max_positions"": null}, {""original_token"": ""Unlimited"", ""salted_token"": ""U­n­l­i­m­i­t­e­d"", ""start"": 27, ""end"": 36, ""salt_mode"": ""fragment"", ""fragment_max_positions"": null}]"
00678.7c54f6e0fac3e7d26a9513d2c60e2b98,00678__salted__broad__cp200B__fragment.7c54f6e0fac3e7d26a9513d2c60e2b98,broad,200B,fragment,,1,3,True,"[{""original_token"": ""Lowest"", ""salted_token"": ""L​o​w​e​s​t"", ""start"": 0, ""end"": 6, ""salt_mode"": ""fragment"", ""fragment_max_positions"": null}]","[{""original_token"": ""mortgage"", ""salted_token"": ""m​o​r​t​g​a​g​e"", ""start"": 25, ""end"": 33, ""salt_mode"": ""fragment"", ""fragment_max_positions"": null}, {""original_token"": ""loan"", ""salted_token"": ""l​o​a​n"", ""start"": 34, ""end"": 38, ""salt_mode"": ""fragment"", ""fragment_max_positions"": null}, {""original_token"": ""loan"", ""salted_token"": ""l​o​a​n"", ""start"": 139, ""end"": 143, ""salt_mode"": ""fragment"", ""fragment_max_positions"": null}]"
00678.7c54f6e0fac3e7d26a9513d2c60e2b98,00678__salted__broad__cp200C__fragment.7c54f6e0fac3e7d26a9513d2c60e2b98,broad,200C,fragment,,1,3,True,"[{""original_token"": ""Lowest"", ""salted_token"": ""L‌o‌w‌e‌s‌t"", ""start"": 0, ""end"": 6, ""salt_mode"": ""fragment"", ""fragment_max_positions"": null}]","[{""original_token"": ""mortgage"", ""salted_token"": ""m‌o‌r‌t‌g‌a‌g‌e"", ""start"": 25, ""end"": 33, ""salt_mode"": ""fragment"", ""fragment_max_positions"": null}, {""original_token"": ""loan"", ""salted_token"": ""l‌o‌a‌n"", ""start"": 34, ""end"": 38, ""salt_mode"": ""fragment"", ""fragment_max_positions"": null}, {""original_token"": ""loan"", ""salted_token"": ""l‌o‌a‌n"", ""start"": 139, ""end"": 143, ""salt_mode"": ""fragment"", ""fragment_max_positions"": null}]"
00678.7c54f6e0fac3e7d26a9513d2c60e2b98,00678__salted__broad__cp200D__fragment.7c54f6e0fac3e7d26a9513d2c60e2b98,broad,200D,fragment,,1,3,True,"[{""original_token"": ""Lowest"", ""salted_token"": ""L‍o‍w‍e‍s‍t"", ""start"": 0, ""end"": 6, ""salt_mode"": ""fragment"", ""fragment_max_positions"": null}]","[{""original_token"": ""mortgage"", ""salted_token"": ""m‍o‍r‍t‍g‍a‍g‍e"", ""start"": 25, ""end"": 33, ""salt_mode"": ""fragment"", ""fragment_max_positions"": null}, {""original_token"": ""loan"", ""salted_token"": ""l‍o‍a‍n"", ""start"": 34, ""end"": 38, ""salt_mode"": ""fragment"", ""fragment_max_positions"": null}, {""original_token"": ""loan"", ""salted_token"": ""l‍o‍a‍n"", ""start"": 139, ""end"": 143, ""salt_mode"": ""fragment"", ""fragment_max_positions"": null}]"
00678.7c54f6e0fac3e7d26a9513d2c60e2b98,00678__salted__broad__cp00AD__fragment.7c54f6e0fac3e7d26a9513d2c60e2b98,broad,00AD,fragment,,1,3,True,"[{""original_token"": ""Lowest"", ""salted_token"": ""L­o­w­e­s­t"", ""start"": 0, ""end"": 6, ""salt_mode"": ""fragment"", ""fragment_max_positions"": null}]","[{""original_token"": ""mortgage"", ""salted_token"": ""m­o­r­t­g­a­g­e"", ""start"": 25, ""end"": 33, ""salt_mode"": ""fragment"", ""fragment_max_positions"": null}, {""original_token"": ""loan"", ""salted_token"": ""l­o­a­n"", ""start"": 34, ""end"": 38, ""salt_mode"": ""fragment"", ""fragment_max_positions"": null}, {""original_token"": ""loan"", ""salted_token"": ""l­o­a­n"", ""start"": 139, ""end"": 143, ""salt_mode"": ""fragment"", ""fragment_max_positions"": null}]"
00680.e8df67f239cb166c5a8a78401eeeb1ba,00680__salted__broad__cp200B__fragment.e8df67f239cb166c5a8a78401eeeb1ba,broad,200B,fragment,,1,0,False,"[{""original_token"": ""Ordering"", ""salted_token"": ""O​r​d​e​r​i​n​g"", ""start"": 9, ""end"": 17, ""salt_mode"": ""fragment"", ""fragment_max_positions"": null}]",[]
00680.e8df67f239cb166c5a8a78401eeeb1ba,00680__salted__broad__cp200C__fragment.e8df67f239cb166c5a8a78401eeeb1ba,broad,200C,fragment,,1,0,False,"[{""original_token"": ""Ordering"", ""salted_token"": ""O‌r‌d‌e‌r‌i‌n‌g"", ""start"": 9, ""end"": 17, ""salt_mode"": ""fragment"", ""fragment_max_positions"": null}]",[]
00680.e8df67f239cb166c5a8a78401eeeb1ba,00680__salted__broad__cp200D__fragment.e8df67f239cb166c5a8a78401eeeb1ba,broad,200D,fragment,,1,0,False,"[{""original_token"": ""Ordering"", ""salted_token"": ""O‍r‍d‍e‍r‍i‍n‍g"", ""start"": 9, ""end"": 17, ""salt_mode"": ""fragment"", ""fragment_max_positions"": null}]",[]
00680.e8df67f239cb166c5a8a78401eeeb1ba,00680__salted__broad__cp00AD__fragment.e8df67f239cb166c5a8a78401eeeb1ba,broad,00AD,fragment,,1,0,False,"[{""original_token"": ""Ordering"", ""salted_token"": ""O­r­d­e­r­i­n­g"", ""start"": 9, ""end"": 17, ""salt_mode"": ""fragment"", ""fragment_max_positions"": null}]",[]
00694.3aca5f2a3d0d2ccbc47ef868eb051abd,00694__salted__broad__cp200B__fragment.3aca5f2a3d0d2ccbc47ef868eb051abd,broad,200B,fragment,,0,3,True,[],"[{""original_token"": ""Guaranteed"", ""salted_token"": ""G​u​a​r​a​n​t​e​e​d"", ""start"": 1, ""end"": 11, ""salt_mode"": ""fragment"", ""fragment_max_positions"": null}, {""original_token"": ""herbal"", ""salted_token"": ""h​e​r​b​a​l"", ""start"": 90, ""end"": 96, ""salt_mode"": ""fragment"", ""fragment_max_positions"": null}, {""original_token"": ""Proven"", ""salted_token"": ""P​r​o​v​e​n"", ""start"": 111, ""end"": 117, ""salt_mode"": ""fragment"", ""fragment_max_positions"": null}]"
00694.3aca5f2a3d0d2ccbc47ef868eb051abd,00694__salted__broad__cp200C__fragment.3aca5f2a3d0d2ccbc47ef868eb051abd,broad,200C,fragment,,0,3,True,[],"[{""original_token"": ""Guaranteed"", ""salted_token"": ""G‌u‌a‌r‌a‌n‌t‌e‌e‌d"", ""start"": 1, ""end"": 11, ""salt_mode"": ""fragment"", ""fragment_max_positions"": null}, {""original_token"": ""herbal"", ""salted_token"": ""h‌e‌r‌b‌a‌l"", ""start"": 90, ""end"": 96, ""salt_mode"": ""fragment"", ""fragment_max_positions"": null}, {""original_token"": ""Proven"", ""salted_token"": ""P‌r‌o‌v‌e‌n"", ""start"": 111, ""end"": 117, ""salt_mode"": ""fragment"", ""fragment_max_positions"": null}]"
00694.3aca5f2a3d0d2ccbc47ef868eb051abd,00694__salted__broad__cp200D__fragment.3aca5f2a3d0d2ccbc47ef868eb051abd,broad,200D,fragment,,0,3,True,[],"[{""original_token"": ""Guaranteed"", ""salted_token"": ""G‍u‍a‍r‍a‍n‍t‍e‍e‍d"", ""start"": 1, ""end"": 11, ""salt_mode"": ""fragment"", ""fragment_max_positions"": null}, {""original_token"": ""herbal"", ""salted_token"": ""h‍e‍r‍b‍a‍l"", ""start"": 90, ""end"": 96, ""salt_mode"": ""fragment"", ""fragment_max_positions"": null}, {""original_token"": ""Proven"", ""salted_token"": ""P‍r‍o‍v‍e‍n"", ""start"": 111, ""end"": 117, ""salt_mode"": ""fragment"", ""fragment_max_positions"": null}]"
00694.3aca5f2a3d0d2ccbc47ef868eb051abd,00694__salted__broad__cp00AD__fragment.3aca5f2a3d0d2ccbc47ef868eb051abd,broad,00AD,fragment,,0,3,True,[],"[{""original_token"": ""Guaranteed"", ""salted_token"": ""G­u­a­r­a­n­t­e­e­d"", ""start"": 1, ""end"": 11, ""salt_mode"": ""fragment"", ""fragment_max_positions"": null}, {""original_token"": ""herbal"", ""salted_token"": ""h­e­r­b­a­l"", ""start"": 90, ""end"": 96, ""salt_mode"": ""fragment"", ""fragment_max_positions"": null}, {""original_token"": ""Proven"", ""salted_token"": ""P­r­o­v­e­n"", ""start"": 111, ""end"": 117, ""salt_mode"": ""fragment"", ""fragment_max_positions"": null}]"
00697.2d221d167d2814a6a6bc7a74b65bcb0e,00697__salted__broad__cp200B__fragment.2d221d167d2814a6a6bc7a74b65bcb0e,broad,200B,fragment,,1,0,False,"[{""original_token"": ""adv"", ""salted_token"": ""a​d​v"", ""start"": 0, ""end"": 3, ""salt_mode"": ""fragment"", ""fragment_max_positions"": null}]",[]
00697.2d221d167d2814a6a6bc7a74b65bcb0e,00697__salted__broad__cp200C__fragment.2d221d167d2814a6a6bc7a74b65bcb0e,broad,200C,fragment,,1,0,False,"[{""original_token"": ""adv"", ""salted_token"": ""a‌d‌v"", ""start"": 0, ""end"": 3, ""salt_mode"": ""fragment"", ""fragment_max_positions"": null}]",[]
00697.2d221d167d2814a6a6bc7a74b65bcb0e,00697__salted__broad__cp200D__fragment.2d221d167d2814a6a6bc7a74b65bcb0e,broad,200D,fragment,,1,0,False,"[{""original_token"": ""adv"", ""salted_token"": ""a‍d‍v"", ""start"": 0, ""end"": 3, ""salt_mode"": ""fragment"", ""fragment_max_positions"": null}]",[]
00697.2d221d167d2814a6a6bc7a74b65bcb0e,00697__salted__broad__cp00AD__fragment.2d221d167d2814a6a6bc7a74b65bcb0e,broad,00AD,fragment,,1,0,False,"[{""original_token"": ""adv"", ""salted_token"": ""a­d­v"", ""start"": 0, ""end"": 3, ""salt_mode"": ""fragment"", ""fragment_max_positions"": null}]",[]
00701.ea27d8eea96c7d361ea78613d0a3c481,00701__salted__broad__cp200B__fragment.ea27d8eea96c7d361ea78613d0a3c481,broad,200B,fragment,,1,0,False,"[{""original_token"": ""Mortgage"", ""salted_token"": ""M​o​r​t​g​a​g​e"", ""start"": 0, ""end"": 8, ""salt_mode"": ""fragment"", ""fragment_max_positions"": null}]",[]
00701.ea27d8eea96c7d361ea78613d0a3c481,00701__salted__broad__cp200C__fragment.ea27d8eea96c7d361ea78613d0a3c481,broad,200C,fragment,,1,0,False,"[{""original_token"": ""Mortgage"", ""salted_token"": ""M‌o‌r‌t‌g‌a‌g‌e"", ""start"": 0, ""end"": 8, ""salt_mode"": ""fragment"", ""fragment_max_positions"": null}]",[]
00701.ea27d8eea96c7d361ea78613d0a3c481,00701__salted__broad__cp200D__fragment.ea27d8eea96c7d361ea78613d0a3c481,broad,200D,fragment,,1,0,False,"[{""original_token"": ""Mortgage"", ""salted_token"": ""M‍o‍r‍t‍g‍a‍g‍e"", ""start"": 0, ""end"": 8, ""salt_mode"": ""fragment"", ""fragment_max_positions"": null}]",[]
00701.ea27d8eea96c7d361ea78613d0a3c481,00701__salted__broad__cp00AD__fragment.ea27d8eea96c7d361ea78613d0a3c481,broad,00AD,fragment,,1,0,False,"[{""original_token"": ""Mortgage"", ""salted_token"": ""M­o­r­t­g­a­g­e"", ""start"": 0, ""end"": 8, ""salt_mode"": ""fragment"", ""fragment_max_positions"": null}]",[]
00702.ac95bc3f1e8943dd03fc78bebc0925ac,00702__salted__broad__cp200B__fragment.ac95bc3f1e8943dd03fc78bebc0925ac,broad,200B,fragment,,1,0,False,"[{""original_token"": ""Bank"", ""salted_token"": ""B​a​n​k"", ""start"": 14, ""end"": 18, ""salt_mode"": ""fragment"", ""fragment_max_positions"": null}]",[]
00702.ac95bc3f1e8943dd03fc78bebc0925ac,00702__salted__broad__cp200C__fragment.ac95bc3f1e8943dd03fc78bebc0925ac,broad,200C,fragment,,1,0,False,"[{""original_token"": ""Bank"", ""salted_token"": ""B‌a‌n‌k"", ""start"": 14, ""end"": 18, ""salt_mode"": ""fragment"", ""fragment_max_positions"": null}]",[]
00702.ac95bc3f1e8943dd03fc78bebc0925ac,00702__salted__broad__cp200D__fragment.ac95bc3f1e8943dd03fc78bebc0925ac,broad,200D,fragment,,1,0,False,"[{""original_token"": ""Bank"", ""salted_token"": ""B‍a‍n‍k"", ""start"": 14, ""end"": 18, ""salt_mode"": ""fragment"", ""fragment_max_positions"": null}]",[]
00702.ac95bc3f1e8943dd03fc78bebc0925ac,00702__salted__broad__cp00AD__fragment.ac95bc3f1e8943dd03fc78bebc0925ac,broad,00AD,fragment,,1,0,False,"[{""original_token"": ""Bank"", ""salted_token"": ""B­a­n­k"", ""start"": 14, ""end"": 18, ""salt_mode"": ""fragment"", ""fragment_max_positions"": null}]",[]
00705.df125edb37f19c87784942c7b2b164a1,00705__salted__broad__cp200B__fragment.df125edb37f19c87784942c7b2b164a1,broad,200B,fragment,,1,0,False,"[{""original_token"": ""Investment"", ""salted_token"": ""I​n​v​e​s​t​m​e​n​t"", ""start"": 24, ""end"": 34, ""salt_mode"": ""fragment"", ""fragment_max_positions"": null}]",[]
00705.df125edb37f19c87784942c7b2b164a1,00705__salted__broad__cp200C__fragment.df125edb37f19c87784942c7b2b164a1,broad,200C,fragment,,1,0,False,"[{""original_token"": ""Investment"", ""salted_token"": ""I‌n‌v‌e‌s‌t‌m‌e‌n‌t"", ""start"": 24, ""end"": 34, ""salt_mode"": ""fragment"", ""fragment_max_positions"": null}]",[]
00705.df125edb37f19c87784942c7b2b164a1,00705__salted__broad__cp200D__fragment.df125edb37f19c87784942c7b2b164a1,broad,200D,fragment,,1,0,False,"[{""original_token"": ""Investment"", ""salted_token"": ""I‍n‍v‍e‍s‍t‍m‍e‍n‍t"", ""start"": 24, ""end"": 34, ""salt_mode"": ""fragment"", ""fragment_max_positions"": null}]",[]
00705.df125edb37f19c87784942c7b2b164a1,00705__salted__broad__cp00AD__fragment.df125edb37f19c87784942c7b2b164a1,broad,00AD,fragment,,1,0,False,"[{""original_token"": ""Investment"", ""salted_token"": ""I­n­v­e­s­t­m­e­n­t"", ""start"": 24, ""end"": 34, ""salt_mode"": ""fragment"", ""fragment_max_positions"": null}]",[]
00706.5116018237368c3633823b2d24f8ac86,00706__salted__broad__cp200B__fragment.5116018237368c3633823b2d24f8ac86,broad,200B,fragment,,0,3,True,[],"[{""original_token"": ""Sightings"", ""salted_token"": ""S​i​g​h​t​i​n​g​s"", ""start"": 6265, ""end"": 6274, ""salt_mode"": ""fragment"", ""fragment_max_positions"": null}, {""original_token"": ""Sightings"", ""salted_token"": ""S​i​g​h​t​i​n​g​s"", ""start"": 6301, ""end"": 6310, ""salt_mode"": ""fragment"", ""fragment_max_positions"": null}, {""original_token"": ""sightings"", ""salted_token"": ""s​i​g​h​t​i​n​g​s"", ""start"": 6391, ""end"": 6400, ""salt_mode"": ""fragment"", ""fragment_max_positions"": null}]"
00706.5116018237368c3633823b2d24f8ac86,00706__salted__broad__cp200C__fragment.5116018237368c3633823b2d24f8ac86,broad,200C,fragment,,0,3,True,[],"[{""original_token"": ""Sightings"", ""salted_token"": ""S‌i‌g‌h‌t‌i‌n‌g‌s"", ""start"": 6265, ""end"": 6274, ""salt_mode"": ""fragment"", ""fragment_max_positions"": null}, {""original_token"": ""Sightings"", ""salted_token"": ""S‌i‌g‌h‌t‌i‌n‌g‌s"", ""start"": 6301, ""end"": 6310, ""salt_mode"": ""fragment"", ""fragment_max_positions"": null}, {""original_token"": ""sightings"", ""salted_token"": ""s‌i‌g‌h‌t‌i‌n‌g‌s"", ""start"": 6391, ""end"": 6400, ""salt_mode"": ""fragment"", ""fragment_max_positions"": null}]"
00706.5116018237368c3633823b2d24f8ac86,00706__salted__broad__cp200D__fragment.5116018237368c3633823b2d24f8ac86,broad,200D,fragment,,0,3,True,[],"[{""original_token"": ""Sightings"", ""salted_token"": ""S‍i‍g‍h‍t‍i‍n‍g‍s"", ""start"": 6265, ""end"": 6274, ""salt_mode"": ""fragment"", ""fragment_max_positions"": null}, {""original_token"": ""Sightings"", ""salted_token"": ""S‍i‍g‍h‍t‍i‍n‍g‍s"", ""start"": 6301, ""end"": 6310, ""salt_mode"": ""fragment"", ""fragment_max_positions"": null}, {""original_token"": ""sightings"", ""salted_token"": ""s‍i‍g‍h‍t‍i‍n‍g‍s"", ""start"": 6391, ""end"": 6400, ""salt_mode"": ""fragment"", ""fragment_max_positions"": null}]"
00706.5116018237368c3633823b2d24f8ac86,00706__salted__broad__cp00AD__fragment.5116018237368c3633823b2d24f8ac86,broad,00AD,fragment,,0,3,True,[],"[{""original_token"": ""Sightings"", ""salted_token"": ""S­i­g­h­t­i­n­g­s"", ""start"": 6265, ""end"": 6274, ""salt_mode"": ""fragment"", ""fragment_max_positions"": null}, {""original_token"": ""Sightings"", ""salted_token"": ""S­i­g­h­t­i­n­g­s"", ""start"": 6301, ""end"": 6310, ""salt_mode"": ""fragment"", ""fragment_max_positions"": null}, {""original_token"": ""sightings"", ""salted_token"": ""s­i­g­h­t­i­n­g­s"", ""start"": 6391, ""end"": 6400, ""salt_mode"": ""fragment"", ""fragment_max_positions"": null}]"
00718.2495a50c4eab3755f338b5fe589dd52d,00718__salted__broad__cp200B__fragment.2495a50c4eab3755f338b5fe589dd52d,broad,200B,fragment,,1,0,False,"[{""original_token"": ""WHOLESALE"", ""salted_token"": ""W​H​O​L​E​S​A​L​E"", ""start"": 19, ""end"": 28, ""salt_mode"": ""fragment"", ""fragment_max_positions"": null}]",[]
00718.2495a50c4eab3755f338b5fe589dd52d,00718__salted__broad__cp200C__fragment.2495a50c4eab3755f338b5fe589dd52d,broad,200C,fragment,,1,0,False,"[{""original_token"": ""WHOLESALE"", ""salted_token"": ""W‌H‌O‌L‌E‌S‌A‌L‌E"", ""start"": 19, ""end"": 28, ""salt_mode"": ""fragment"", ""fragment_max_positions"": null}]",[]
00718.2495a50c4eab3755f338b5fe589dd52d,00718__salted__broad__cp200D__fragment.2495a50c4eab3755f338b5fe589dd52d,broad,200D,fragment,,1,0,False,"[{""original_token"": ""WHOLESALE"", ""salted_token"": ""W‍H‍O‍L‍E‍S‍A‍L‍E"", ""start"": 19, ""end"": 28, ""salt_mode"": ""fragment"", ""fragment_max_positions"": null}]",[]
00718.2495a50c4eab3755f338b5fe589dd52d,00718__salted__broad__cp00AD__fragment.2495a50c4eab3755f338b5fe589dd52d,broad,00AD,fragment,,1,0,False,"[{""original_token"": ""WHOLESALE"", ""salted_token"": ""W­H­O­L­E­S­A­L­E"", ""start"": 19, ""end"": 28, ""salt_mode"": ""fragment"", ""fragment_max_positions"": null}]",[]
00727.45ac8c0efbb22514a075b99e1c57422e,00727__salted__broad__cp200B__fragment.45ac8c0efbb22514a075b99e1c57422e,broad,200B,fragment,,1,0,False,"[{""original_token"": ""Sales"", ""salted_token"": ""S​a​l​e​s"", ""start"": 18, ""end"": 23, ""salt_mode"": ""fragment"", ""fragment_max_positions"": null}]",[]
00727.45ac8c0efbb22514a075b99e1c57422e,00727__salted__broad__cp200C__fragment.45ac8c0efbb22514a075b99e1c57422e,broad,200C,fragment,,1,0,False,"[{""original_token"": ""Sales"", ""salted_token"": ""S‌a‌l‌e‌s"", ""start"": 18, ""end"": 23, ""salt_mode"": ""fragment"", ""fragment_max_positions"": null}]",[]
00727.45ac8c0efbb22514a075b99e1c57422e,00727__salted__broad__cp200D__fragment.45ac8c0efbb22514a075b99e1c57422e,broad,200D,fragment,,1,0,False,"[{""original_token"": ""Sales"", ""salted_token"": ""S‍a‍l‍e‍s"", ""start"": 18, ""end"": 23, ""salt_mode"": ""fragment"", ""fragment_max_positions"": null}]",[]
00727.45ac8c0efbb22514a075b99e1c57422e,00727__salted__broad__cp00AD__fragment.45ac8c0efbb22514a075b99e1c57422e,broad,00AD,fragment,,1,0,False,"[{""original_token"": ""Sales"", ""salted_token"": ""S­a­l­e­s"", ""start"": 18, ""end"": 23, ""salt_mode"": ""fragment"", ""fragment_max_positions"": null}]",[]
00738.10deb784a63c0bdc5e78b019720f3e9f,00738__salted__broad__cp200B__fragment.10deb784a63c0bdc5e78b019720f3e9f,broad,200B,fragment,,1,3,True,"[{""original_token"": ""Adv"", ""salted_token"": ""A​d​v"", ""start"": 30, ""end"": 33, ""salt_mode"": ""fragment"", ""fragment_max_positions"": null}]","[{""original_token"": ""premium"", ""salted_token"": ""p​r​e​m​i​u​m"", ""start"": 2100, ""end"": 2107, ""salt_mode"": ""fragment"", ""fragment_max_positions"": null}, {""original_token"": ""offer"", ""salted_token"": ""o​f​f​e​r"", ""start"": 2263, ""end"": 2268, ""salt_mode"": ""fragment"", ""fragment_max_positions"": null}, {""original_token"": ""receive"", ""salted_token"": ""r​e​c​e​i​v​e"", ""start"": 2292, ""end"": 2299, ""salt_mode"": ""fragment"", ""fragment_max_positions"": null}]"
00738.10deb784a63c0bdc5e78b019720f3e9f,00738__salted__broad__cp200C__fragment.10deb784a63c0bdc5e78b019720f3e9f,broad,200C,fragment,,1,3,True,"[{""original_token"": ""Adv"", ""salted_token"": ""A‌d‌v"", ""start"": 30, ""end"": 33, ""salt_mode"": ""fragment"", ""fragment_max_positions"": null}]","[{""original_token"": ""premium"", ""salted_token"": ""p‌r‌e‌m‌i‌u‌m"", ""start"": 2100, ""end"": 2107, ""salt_mode"": ""fragment"", ""fragment_max_positions"": null}, {""original_token"": ""offer"", ""salted_token"": ""o‌f‌f‌e‌r"", ""start"": 2263, ""end"": 2268, ""salt_mode"": ""fragment"", ""fragment_max_positions"": null}, {""original_token"": ""receive"", ""salted_token"": ""r‌e‌c‌e‌i‌v‌e"", ""start"": 2292, ""end"": 2299, ""salt_mode"": ""fragment"", ""fragment_max_positions"": null}]"
00738.10deb784a63c0bdc5e78b019720f3e9f,00738__salted__broad__cp200D__fragment.10deb784a63c0bdc5e78b019720f3e9f,broad,200D,fragment,,1,3,True,"[{""original_token"": ""Adv"", ""salted_token"": ""A‍d‍v"", ""start"": 30, ""end"": 33, ""salt_mode"": ""fragment"", ""fragment_max_positions"": null}]","[{""original_token"": ""premium"", ""salted_token"": ""p‍r‍e‍m‍i‍u‍m"", ""start"": 2100, ""end"": 2107, ""salt_mode"": ""fragment"", ""fragment_max_positions"": null}, {""original_token"": ""offer"", ""salted_token"": ""o‍f‍f‍e‍r"", ""start"": 2263, ""end"": 2268, ""salt_mode"": ""fragment"", ""fragment_max_positions"": null}, {""original_token"": ""receive"", ""salted_token"": ""r‍e‍c‍e‍i‍v‍e"", ""start"": 2292, ""end"": 2299, ""salt_mode"": ""fragment"", ""fragment_max_positions"": null}]"
00738.10deb784a63c0bdc5e78b019720f3e9f,00738__salted__broad__cp00AD__fragment.10deb784a63c0bdc5e78b019720f3e9f,broad,00AD,fragment,,1,3,True,"[{""original_token"": ""Adv"", ""salted_token"": ""A­d­v"", ""start"": 30, ""end"": 33, ""salt_mode"": ""fragment"", ""fragment_max_positions"": null}]","[{""original_token"": ""premium"", ""salted_token"": ""p­r­e­m­i­u­m"", ""start"": 2100, ""end"": 2107, ""salt_mode"": ""fragment"", ""fragment_max_positions"": null}, {""original_token"": ""offer"", ""salted_token"": ""o­f­f­e­r"", ""start"": 2263, ""end"": 2268, ""salt_mode"": ""fragment"", ""fragment_max_positions"": null}, {""original_token"": ""receive"", ""salted_token"": ""r­e­c­e­i­v­e"", ""start"": 2292, ""end"": 2299, ""salt_mode"": ""fragment"", ""fragment_max_positions"": null}]"
00740.ce4777381c2bc6bee30bef6bd274233f,00740__salted__broad__cp200B__fragment.ce4777381c2bc6bee30bef6bd274233f,broad,200B,fragment,,1,3,True,"[{""original_token"": ""Lowest"", ""salted_token"": ""L​o​w​e​s​t"", ""start"": 0, ""end"": 6, ""salt_mode"": ""fragment"", ""fragment_max_positions"": null}]","[{""original_token"": ""mortgage"", ""salted_token"": ""m​o​r​t​g​a​g​e"", ""start"": 25, ""end"": 33, ""salt_mode"": ""fragment"", ""fragment_max_positions"": null}, {""original_token"": ""loan"", ""salted_token"": ""l​o​a​n"", ""start"": 34, ""end"": 38, ""salt_mode"": ""fragment"", ""fragment_max_positions"": null}, {""original_token"": ""loan"", ""salted_token"": ""l​o​a​n"", ""start"": 147, ""end"": 151, ""salt_mode"": ""fragment"", ""fragment_max_positions"": null}]"
00740.ce4777381c2bc6bee30bef6bd274233f,00740__salted__broad__cp200C__fragment.ce4777381c2bc6bee30bef6bd274233f,broad,200C,fragment,,1,3,True,"[{""original_token"": ""Lowest"", ""salted_token"": ""L‌o‌w‌e‌s‌t"", ""start"": 0, ""end"": 6, ""salt_mode"": ""fragment"", ""fragment_max_positions"": null}]","[{""original_token"": ""mortgage"", ""salted_token"": ""m‌o‌r‌t‌g‌a‌g‌e"", ""start"": 25, ""end"": 33, ""salt_mode"": ""fragment"", ""fragment_max_positions"": null}, {""original_token"": ""loan"", ""salted_token"": ""l‌o‌a‌n"", ""start"": 34, ""end"": 38, ""salt_mode"": ""fragment"", ""fragment_max_positions"": null}, {""original_token"": ""loan"", ""salted_token"": ""l‌o‌a‌n"", ""start"": 147, ""end"": 151, ""salt_mode"": ""fragment"", ""fragment_max_positions"": null}]"
00740.ce4777381c2bc6bee30bef6bd274233f,00740__salted__broad__cp200D__fragment.ce4777381c2bc6bee30bef6bd274233f,broad,200D,fragment,,1,3,True,"[{""original_token"": ""Lowest"", ""salted_token"": ""L‍o‍w‍e‍s‍t"", ""start"": 0, ""end"": 6, ""salt_mode"": ""fragment"", ""fragment_max_positions"": null}]","[{""original_token"": ""mortgage"", ""salted_token"": ""m‍o‍r‍t‍g‍a‍g‍e"", ""start"": 25, ""end"": 33, ""salt_mode"": ""fragment"", ""fragment_max_positions"": null}, {""original_token"": ""loan"", ""salted_token"": ""l‍o‍a‍n"", ""start"": 34, ""end"": 38, ""salt_mode"": ""fragment"", ""fragment_max_positions"": null}, {""original_token"": ""loan"", ""salted_token"": ""l‍o‍a‍n"", ""start"": 147, ""end"": 151, ""salt_mode"": ""fragment"", ""fragment_max_positions"": null}]"
00740.ce4777381c2bc6bee30bef6bd274233f,00740__salted__broad__cp00AD__fragment.ce4777381c2bc6bee30bef6bd274233f,broad,00AD,fragment,,1,3,True,"[{""original_token"": ""Lowest"", ""salted_token"": ""L­o­w­e­s­t"", ""start"": 0, ""end"": 6, ""salt_mode"": ""fragment"", ""fragment_max_positions"": null}]","[{""original_token"": ""mortgage"", ""salted_token"": ""m­o­r­t­g­a­g­e"", ""start"": 25, ""end"": 33, ""salt_mode"": ""fragment"", ""fragment_max_positions"": null}, {""original_token"": ""loan"", ""salted_token"": ""l­o­a­n"", ""start"": 34, ""end"": 38, ""salt_mode"": ""fragment"", ""fragment_max_positions"": null}, {""original_token"": ""loan"", ""salted_token"": ""l­o­a­n"", ""start"": 147, ""end"": 151, ""salt_mode"": ""fragment"", ""fragment_max_positions"": null}]"
00757.c2da75286819a139e27438ca5c5ba762,00757__salted__broad__cp200B__fragment.c2da75286819a139e27438ca5c5ba762,broad,200B,fragment,,1,3,True,"[{""original_token"": ""MARKETING"", ""salted_token"": ""M​A​R​K​E​T​I​N​G"", ""start"": 29, ""end"": 38, ""salt_mode"": ""fragment"", ""fragment_max_positions"": null}]","[{""original_token"": ""offer"", ""salted_token"": ""o​f​f​e​r"", ""start"": 3, ""end"": 8, ""salt_mode"": ""fragment"", ""fragment_max_positions"": null}, {""original_token"": ""prices"", ""salted_token"": ""p​r​i​c​e​s"", ""start"": 38, ""end"": 44, ""salt_mode"": ""fragment"", ""fragment_max_positions"": null}, {""original_token"": ""prices"", ""salted_token"": ""p​r​i​c​e​s"", ""start"": 147, ""end"": 153, ""salt_mode"": ""fragment"", ""fragment_max_positions"": null}]"
00757.c2da75286819a139e27438ca5c5ba762,00757__salted__broad__cp200C__fragment.c2da75286819a139e27438ca5c5ba762,broad,200C,fragment,,1,3,True,"[{""original_token"": ""MARKETING"", ""salted_token"": ""M‌A‌R‌K‌E‌T‌I‌N‌G"", ""start"": 29, ""end"": 38, ""salt_mode"": ""fragment"", ""fragment_max_positions"": null}]","[{""original_token"": ""offer"", ""salted_token"": ""o‌f‌f‌e‌r"", ""start"": 3, ""end"": 8, ""salt_mode"": ""fragment"", ""fragment_max_positions"": null}, {""original_token"": ""prices"", ""salted_token"": ""p‌r‌i‌c‌e‌s"", ""start"": 38, ""end"": 44, ""salt_mode"": ""fragment"", ""fragment_max_positions"": null}, {""original_token"": ""prices"", ""salted_token"": ""p‌r‌i‌c‌e‌s"", ""start"": 147, ""end"": 153, ""salt_mode"": ""fragment"", ""fragment_max_positions"": null}]"
00757.c2da75286819a139e27438ca5c5ba762,00757__salted__broad__cp200D__fragment.c2da75286819a139e27438ca5c5ba762,broad,200D,fragment,,1,3,True,"[{""original_token"": ""MARKETING"", ""salted_token"": ""M‍A‍R‍K‍E‍T‍I‍N‍G"", ""start"": 29, ""end"": 38, ""salt_mode"": ""fragment"", ""fragment_max_positions"": null}]","[{""original_token"": ""offer"", ""salted_token"": ""o‍f‍f‍e‍r"", ""start"": 3, ""end"": 8, ""salt_mode"": ""fragment"", ""fragment_max_positions"": null}, {""original_token"": ""prices"", ""salted_token"": ""p‍r‍i‍c‍e‍s"", ""start"": 38, ""end"": 44, ""salt_mode"": ""fragment"", ""fragment_max_positions"": null}, {""original_token"": ""prices"", ""salted_token"": ""p‍r‍i‍c‍e‍s"", ""start"": 147, ""end"": 153, ""salt_mode"": ""fragment"", ""fragment_max_positions"": null}]"
00757.c2da75286819a139e27438ca5c5ba762,00757__salted__broad__cp00AD__fragment.c2da75286819a139e27438ca5c5ba762,broad,00AD,fragment,,1,3,True,"[{""original_token"": ""MARKETING"", ""salted_token"": ""M­A­R­K­E­T­I­N­G"", ""start"": 29, ""end"": 38, ""salt_mode"": ""fragment"", ""fragment_max_positions"": null}]","[{""original_token"": ""offer"", ""salted_token"": ""o­f­f­e­r"", ""start"": 3, ""end"": 8, ""salt_mode"": ""fragment"", ""fragment_max_positions"": null}, {""original_token"": ""prices"", ""salted_token"": ""p­r­i­c­e­s"", ""start"": 38, ""end"": 44, ""salt_mode"": ""fragment"", ""fragment_max_positions"": null}, {""original_token"": ""prices"", ""salted_token"": ""p­r­i­c­e­s"", ""start"": 147, ""end"": 153, ""salt_mode"": ""fragment"", ""fragment_max_positions"": null}]"
00761.00d729b279723c9ae9d8f09e171db301,00761__salted__broad__cp200B__fragment.00d729b279723c9ae9d8f09e171db301,broad,200B,fragment,,1,0,False,"[{""original_token"": ""Credit"", ""salted_token"": ""C​r​e​d​i​t"", ""start"": 34, ""end"": 40, ""salt_mode"": ""fragment"", ""fragment_max_positions"": null}]",[]
00761.00d729b279723c9ae9d8f09e171db301,00761__salted__broad__cp200C__fragment.00d729b279723c9ae9d8f09e171db301,broad,200C,fragment,,1,0,False,"[{""original_token"": ""Credit"", ""salted_token"": ""C‌r‌e‌d‌i‌t"", ""start"": 34, ""end"": 40, ""salt_mode"": ""fragment"", ""fragment_max_positions"": null}]",[]
00761.00d729b279723c9ae9d8f09e171db301,00761__salted__broad__cp200D__fragment.00d729b279723c9ae9d8f09e171db301,broad,200D,fragment,,1,0,False,"[{""original_token"": ""Credit"", ""salted_token"": ""C‍r‍e‍d‍i‍t"", ""start"": 34, ""end"": 40, ""salt_mode"": ""fragment"", ""fragment_max_positions"": null}]",[]
00761.00d729b279723c9ae9d8f09e171db301,00761__salted__broad__cp00AD__fragment.00d729b279723c9ae9d8f09e171db301,broad,00AD,fragment,,1,0,False,"[{""original_token"": ""Credit"", ""salted_token"": ""C­r­e­d­i­t"", ""start"": 34, ""end"": 40, ""salt_mode"": ""fragment"", ""fragment_max_positions"": null}]",[]
00762.e31568dff471c947d42869ae2f8f0779,00762__salted__broad__cp200B__fragment.e31568dff471c947d42869ae2f8f0779,broad,200B,fragment,,1,0,False,"[{""original_token"": ""Insurance"", ""salted_token"": ""I​n​s​u​r​a​n​c​e"", ""start"": 31, ""end"": 40, ""salt_mode"": ""fragment"", ""fragment_max_positions"": null}]",[]
00762.e31568dff471c947d42869ae2f8f0779,00762__salted__broad__cp200C__fragment.e31568dff471c947d42869ae2f8f0779,broad,200C,fragment,,1,0,False,"[{""original_token"": ""Insurance"", ""salted_token"": ""I‌n‌s‌u‌r‌a‌n‌c‌e"", ""start"": 31, ""end"": 40, ""salt_mode"": ""fragment"", ""fragment_max_positions"": null}]",[]
00762.e31568dff471c947d42869ae2f8f0779,00762__salted__broad__cp200D__fragment.e31568dff471c947d42869ae2f8f0779,broad,200D,fragment,,1,0,False,"[{""original_token"": ""Insurance"", ""salted_token"": ""I‍n‍s‍u‍r‍a‍n‍c‍e"", ""start"": 31, ""end"": 40, ""salt_mode"": ""fragment"", ""fragment_max_positions"": null}]",[]
00762.e31568dff471c947d42869ae2f8f0779,00762__salted__broad__cp00AD__fragment.e31568dff471c947d42869ae2f8f0779,broad,00AD,fragment,,1,0,False,"[{""original_token"": ""Insurance"", ""salted_token"": ""I­n­s­u­r­a­n­c­e"", ""start"": 31, ""end"": 40, ""salt_mode"": ""fragment"", ""fragment_max_positions"": null}]",[]
00795.61fe820f7755e4b4e66e715ea667b338,00795__salted__broad__cp200B__fragment.61fe820f7755e4b4e66e715ea667b338,broad,200B,fragment,,0,3,True,[],"[{""original_token"": ""earn"", ""salted_token"": ""e​a​r​n"", ""start"": 143, ""end"": 147, ""salt_mode"": ""fragment"", ""fragment_max_positions"": null}, {""original_token"": ""absolutely"", ""salted_token"": ""a​b​s​o​l​u​t​e​l​y"", ""start"": 193, ""end"": 203, ""salt_mode"": ""fragment"", ""fragment_max_positions"": null}, {""original_token"": ""Guarantee"", ""salted_token"": ""G​u​a​r​a​n​t​e​e"", ""start"": 213, ""end"": 222, ""salt_mode"": ""fragment"", ""fragment_max_positions"": null}]"
00795.61fe820f7755e4b4e66e715ea667b338,00795__salted__broad__cp200C__fragment.61fe820f7755e4b4e66e715ea667b338,broad,200C,fragment,,0,3,True,[],"[{""original_token"": ""earn"", ""salted_token"": ""e‌a‌r‌n"", ""start"": 143, ""end"": 147, ""salt_mode"": ""fragment"", ""fragment_max_positions"": null}, {""original_token"": ""absolutely"", ""salted_token"": ""a‌b‌s‌o‌l‌u‌t‌e‌l‌y"", ""start"": 193, ""end"": 203, ""salt_mode"": ""fragment"", ""fragment_max_positions"": null}, {""original_token"": ""Guarantee"", ""salted_token"": ""G‌u‌a‌r‌a‌n‌t‌e‌e"", ""start"": 213, ""end"": 222, ""salt_mode"": ""fragment"", ""fragment_max_positions"": null}]"
00795.61fe820f7755e4b4e66e715ea667b338,00795__salted__broad__cp200D__fragment.61fe820f7755e4b4e66e715ea667b338,broad,200D,fragment,,0,3,True,[],"[{""original_token"": ""earn"", ""salted_token"": ""e‍a‍r‍n"", ""start"": 143, ""end"": 147, ""salt_mode"": ""fragment"", ""fragment_max_positions"": null}, {""original_token"": ""absolutely"", ""salted_token"": ""a‍b‍s‍o‍l‍u‍t‍e‍l‍y"", ""start"": 193, ""end"": 203, ""salt_mode"": ""fragment"", ""fragment_max_positions"": null}, {""original_token"": ""Guarantee"", ""salted_token"": ""G‍u‍a‍r‍a‍n‍t‍e‍e"", ""start"": 213, ""end"": 222, ""salt_mode"": ""fragment"", ""fragment_max_positions"": null}]"
00795.61fe820f7755e4b4e66e715ea667b338,00795__salted__broad__cp00AD__fragment.61fe820f7755e4b4e66e715ea667b338,broad,00AD,fragment,,0,3,True,[],"[{""original_token"": ""earn"", ""salted_token"": ""e­a­r­n"", ""start"": 143, ""end"": 147, ""salt_mode"": ""fragment"", ""fragment_max_positions"": null}, {""original_token"": ""absolutely"", ""salted_token"": ""a­b­s­o­l­u­t­e­l­y"", ""start"": 193, ""end"": 203, ""salt_mode"": ""fragment"", ""fragment_max_positions"": null}, {""original_token"": ""Guarantee"", ""salted_token"": ""G­u­a­r­a­n­t­e­e"", ""start"": 213, ""end"": 222, ""salt_mode"": ""fragment"", ""fragment_max_positions"": null}]"
00796.1f29c490fd2bd8581d19e3e193978a3d,00796__salted__broad__cp200B__fragment.1f29c490fd2bd8581d19e3e193978a3d,broad,200B,fragment,,1,0,False,"[{""original_token"": ""Lose"", ""salted_token"": ""L​o​s​e"", ""start"": 0, ""end"": 4, ""salt_mode"": ""fragment"", ""fragment_max_positions"": null}]",[]
00796.1f29c490fd2bd8581d19e3e193978a3d,00796__salted__broad__cp200C__fragment.1f29c490fd2bd8581d19e3e193978a3d,broad,200C,fragment,,1,0,False,"[{""original_token"": ""Lose"", ""salted_token"": ""L‌o‌s‌e"", ""start"": 0, ""end"": 4, ""salt_mode"": ""fragment"", ""fragment_max_positions"": null}]",[]
00796.1f29c490fd2bd8581d19e3e193978a3d,00796__salted__broad__cp200D__fragment.1f29c490fd2bd8581d19e3e193978a3d,broad,200D,fragment,,1,0,False,"[{""original_token"": ""Lose"", ""salted_token"": ""L‍o‍s‍e"", ""start"": 0, ""end"": 4, ""salt_mode"": ""fragment"", ""fragment_max_positions"": null}]",[]
00796.1f29c490fd2bd8581d19e3e193978a3d,00796__salted__broad__cp00AD__fragment.1f29c490fd2bd8581d19e3e193978a3d,broad,00AD,fragment,,1,0,False,"[{""original_token"": ""Lose"", ""salted_token"": ""L­o­s­e"", ""start"": 0, ""end"": 4, ""salt_mode"": ""fragment"", ""fragment_max_positions"": null}]",[]
00807.8abdd26ba778758f5e46b84a54ac62f4,00807__salted__broad__cp200B__fragment.8abdd26ba778758f5e46b84a54ac62f4,broad,200B,fragment,,1,3,True,"[{""original_token"": ""savings"", ""salted_token"": ""s​a​v​i​n​g​s"", ""start"": 30, ""end"": 37, ""salt_mode"": ""fragment"", ""fragment_max_positions"": null}]","[{""original_token"": ""Opportunity"", ""salted_token"": ""O​p​p​o​r​t​u​n​i​t​y"", ""start"": 0, ""end"": 11, ""salt_mode"": ""fragment"", ""fragment_max_positions"": null}, {""original_token"": ""mortgage"", ""salted_token"": ""m​o​r​t​g​a​g​e"", ""start"": 39, ""end"": 47, ""salt_mode"": ""fragment"", ""fragment_max_positions"": null}, {""original_token"": ""rates"", ""salted_token"": ""r​a​t​e​s"", ""start"": 48, ""end"": 53, ""salt_mode"": ""fragment"", ""fragment_max_positions"": null}]"
00807.8abdd26ba778758f5e46b84a54ac62f4,00807__salted__broad__cp200C__fragment.8abdd26ba778758f5e46b84a54ac62f4,broad,200C,fragment,,1,3,True,"[{""original_token"": ""savings"", ""salted_token"": ""s‌a‌v‌i‌n‌g‌s"", ""start"": 30, ""end"": 37, ""salt_mode"": ""fragment"", ""fragment_max_positions"": null}]","[{""original_token"": ""Opportunity"", ""salted_token"": ""O‌p‌p‌o‌r‌t‌u‌n‌i‌t‌y"", ""start"": 0, ""end"": 11, ""salt_mode"": ""fragment"", ""fragment_max_positions"": null}, {""original_token"": ""mortgage"", ""salted_token"": ""m‌o‌r‌t‌g‌a‌g‌e"", ""start"": 39, ""end"": 47, ""salt_mode"": ""fragment"", ""fragment_max_positions"": null}, {""original_token"": ""rates"", ""salted_token"": ""r‌a‌t‌e‌s"", ""start"": 48, ""end"": 53, ""salt_mode"": ""fragment"", ""fragment_max_positions"": null}]"
00807.8abdd26ba778758f5e46b84a54ac62f4,00807__salted__broad__cp200D__fragment.8abdd26ba778758f5e46b84a54ac62f4,broad,200D,fragment,,1,3,True,"[{""original_token"": ""savings"", ""salted_token"": ""s‍a‍v‍i‍n‍g‍s"", ""start"": 30, ""end"": 37, ""salt_mode"": ""fragment"", ""fragment_max_positions"": null}]","[{""original_token"": ""Opportunity"", ""salted_token"": ""O‍p‍p‍o‍r‍t‍u‍n‍i‍t‍y"", ""start"": 0, ""end"": 11, ""salt_mode"": ""fragment"", ""fragment_max_positions"": null}, {""original_token"": ""mortgage"", ""salted_token"": ""m‍o‍r‍t‍g‍a‍g‍e"", ""start"": 39, ""end"": 47, ""salt_mode"": ""fragment"", ""fragment_max_positions"": null}, {""original_token"": ""rates"", ""salted_token"": ""r‍a‍t‍e‍s"", ""start"": 48, ""end"": 53, ""salt_mode"": ""fragment"", ""fragment_max_positions"": null}]"
00807.8abdd26ba778758f5e46b84a54ac62f4,00807__salted__broad__cp00AD__fragment.8abdd26ba778758f5e46b84a54ac62f4,broad,00AD,fragment,,1,3,True,"[{""original_token"": ""savings"", ""salted_token"": ""s­a­v­i­n­g­s"", ""start"": 30, ""end"": 37, ""salt_mode"": ""fragment"", ""fragment_max_positions"": null}]","[{""original_token"": ""Opportunity"", ""salted_token"": ""O­p­p­o­r­t­u­n­i­t­y"", ""start"": 0, ""end"": 11, ""salt_mode"": ""fragment"", ""fragment_max_positions"": null}, {""original_token"": ""mortgage"", ""salted_token"": ""m­o­r­t­g­a­g­e"", ""start"": 39, ""end"": 47, ""salt_mode"": ""fragment"", ""fragment_max_positions"": null}, {""original_token"": ""rates"", ""salted_token"": ""r­a­t­e­s"", ""start"": 48, ""end"": 53, ""salt_mode"": ""fragment"", ""fragment_max_positions"": null}]"
00810.bceaa748f9cee012c466212d8a608acf,00810__salted__broad__cp200B__fragment.bceaa748f9cee012c466212d8a608acf,broad,200B,fragment,,0,3,True,[],"[{""original_token"": ""BRAND"", ""salted_token"": ""B​R​A​N​D"", ""start"": 54, ""end"": 59, ""salt_mode"": ""fragment"", ""fragment_max_positions"": null}, {""original_token"": ""income"", ""salted_token"": ""i​n​c​o​m​e"", ""start"": 120, ""end"": 126, ""salt_mode"": ""fragment"", ""fragment_max_positions"": null}, {""original_token"": ""hours"", ""salted_token"": ""h​o​u​r​s"", ""start"": 247, ""end"": 252, ""salt_mode"": ""fragment"", ""fragment_max_positions"": null}]"
00810.bceaa748f9cee012c466212d8a608acf,00810__salted__broad__cp200C__fragment.bceaa748f9cee012c466212d8a608acf,broad,200C,fragment,,0,3,True,[],"[{""original_token"": ""BRAND"", ""salted_token"": ""B‌R‌A‌N‌D"", ""start"": 54, ""end"": 59, ""salt_mode"": ""fragment"", ""fragment_max_positions"": null}, {""original_token"": ""income"", ""salted_token"": ""i‌n‌c‌o‌m‌e"", ""start"": 120, ""end"": 126, ""salt_mode"": ""fragment"", ""fragment_max_positions"": null}, {""original_token"": ""hours"", ""salted_token"": ""h‌o‌u‌r‌s"", ""start"": 247, ""end"": 252, ""salt_mode"": ""fragment"", ""fragment_max_positions"": null}]"
00810.bceaa748f9cee012c466212d8a608acf,00810__salted__broad__cp200D__fragment.bceaa748f9cee012c466212d8a608acf,broad,200D,fragment,,0,3,True,[],"[{""original_token"": ""BRAND"", ""salted_token"": ""B‍R‍A‍N‍D"", ""start"": 54, ""end"": 59, ""salt_mode"": ""fragment"", ""fragment_max_positions"": null}, {""original_token"": ""income"", ""salted_token"": ""i‍n‍c‍o‍m‍e"", ""start"": 120, ""end"": 126, ""salt_mode"": ""fragment"", ""fragment_max_positions"": null}, {""original_token"": ""hours"", ""salted_token"": ""h‍o‍u‍r‍s"", ""start"": 247, ""end"": 252, ""salt_mode"": ""fragment"", ""fragment_max_positions"": null}]"
00810.bceaa748f9cee012c466212d8a608acf,00810__salted__broad__cp00AD__fragment.bceaa748f9cee012c466212d8a608acf,broad,00AD,fragment,,0,3,True,[],"[{""original_token"": ""BRAND"", ""salted_token"": ""B­R­A­N­D"", ""start"": 54, ""end"": 59, ""salt_mode"": ""fragment"", ""fragment_max_positions"": null}, {""original_token"": ""income"", ""salted_token"": ""i­n­c­o­m­e"", ""start"": 120, ""end"": 126, ""salt_mode"": ""fragment"", ""fragment_max_positions"": null}, {""original_token"": ""hours"", ""salted_token"": ""h­o­u­r­s"", ""start"": 247, ""end"": 252, ""salt_mode"": ""fragment"", ""fragment_max_positions"": null}]"
00830.079ed7d24f78024e023b82417a6fe2ca,00830__salted__broad__cp200B__fragment.079ed7d24f78024e023b82417a6fe2ca,broad,200B,fragment,,0,3,True,[],"[{""original_token"": ""earn"", ""salted_token"": ""e​a​r​n"", ""start"": 90, ""end"": 94, ""salt_mode"": ""fragment"", ""fragment_max_positions"": null}, {""original_token"": ""dollars"", ""salted_token"": ""d​o​l​l​a​r​s"", ""start"": 117, ""end"": 124, ""salt_mode"": ""fragment"", ""fragment_max_positions"": null}, {""original_token"": ""marketing"", ""salted_token"": ""m​a​r​k​e​t​i​n​g"", ""start"": 205, ""end"": 214, ""salt_mode"": ""fragment"", ""fragment_max_positions"": null}]"
00830.079ed7d24f78024e023b82417a6fe2ca,00830__salted__broad__cp200C__fragment.079ed7d24f78024e023b82417a6fe2ca,broad,200C,fragment,,0,3,True,[],"[{""original_token"": ""earn"", ""salted_token"": ""e‌a‌r‌n"", ""start"": 90, ""end"": 94, ""salt_mode"": ""fragment"", ""fragment_max_positions"": null}, {""original_token"": ""dollars"", ""salted_token"": ""d‌o‌l‌l‌a‌r‌s"", ""start"": 117, ""end"": 124, ""salt_mode"": ""fragment"", ""fragment_max_positions"": null}, {""original_token"": ""marketing"", ""salted_token"": ""m‌a‌r‌k‌e‌t‌i‌n‌g"", ""start"": 205, ""end"": 214, ""salt_mode"": ""fragment"", ""fragment_max_positions"": null}]"
00830.079ed7d24f78024e023b82417a6fe2ca,00830__salted__broad__cp200D__fragment.079ed7d24f78024e023b82417a6fe2ca,broad,200D,fragment,,0,3,True,[],"[{""original_token"": ""earn"", ""salted_token"": ""e‍a‍r‍n"", ""start"": 90, ""end"": 94, ""salt_mode"": ""fragment"", ""fragment_max_positions"": null}, {""original_token"": ""dollars"", ""salted_token"": ""d‍o‍l‍l‍a‍r‍s"", ""start"": 117, ""end"": 124, ""salt_mode"": ""fragment"", ""fragment_max_positions"": null}, {""original_token"": ""marketing"", ""salted_token"": ""m‍a‍r‍k‍e‍t‍i‍n‍g"", ""start"": 205, ""end"": 214, ""salt_mode"": ""fragment"", ""fragment_max_positions"": null}]"
00830.079ed7d24f78024e023b82417a6fe2ca,00830__salted__broad__cp00AD__fragment.079ed7d24f78024e023b82417a6fe2ca,broad,00AD,fragment,,0,3,True,[],"[{""original_token"": ""earn"", ""salted_token"": ""e­a­r­n"", ""start"": 90, ""end"": 94, ""salt_mode"": ""fragment"", ""fragment_max_positions"": null}, {""original_token"": ""dollars"", ""salted_token"": ""d­o­l­l­a­r­s"", ""start"": 117, ""end"": 124, ""salt_mode"": ""fragment"", ""fragment_max_positions"": null}, {""original_token"": ""marketing"", ""salted_token"": ""m­a­r­k­e­t­i­n­g"", ""start"": 205, ""end"": 214, ""salt_mode"": ""fragment"", ""fragment_max_positions"": null}]"
00851.dc5452f80ba0bb8481dfc48f70380c4d,00851__salted__broad__cp200B__fragment.dc5452f80ba0bb8481dfc48f70380c4d,broad,200B,fragment,,1,0,False,"[{""original_token"": ""credit"", ""salted_token"": ""c​r​e​d​i​t"", ""start"": 9, ""end"": 15, ""salt_mode"": ""fragment"", ""fragment_max_positions"": null}]",[]
00851.dc5452f80ba0bb8481dfc48f70380c4d,00851__salted__broad__cp200C__fragment.dc5452f80ba0bb8481dfc48f70380c4d,broad,200C,fragment,,1,0,False,"[{""original_token"": ""credit"", ""salted_token"": ""c‌r‌e‌d‌i‌t"", ""start"": 9, ""end"": 15, ""salt_mode"": ""fragment"", ""fragment_max_positions"": null}]",[]
00851.dc5452f80ba0bb8481dfc48f70380c4d,00851__salted__broad__cp200D__fragment.dc5452f80ba0bb8481dfc48f70380c4d,broad,200D,fragment,,1,0,False,"[{""original_token"": ""credit"", ""salted_token"": ""c‍r‍e‍d‍i‍t"", ""start"": 9, ""end"": 15, ""salt_mode"": ""fragment"", ""fragment_max_positions"": null}]",[]
00851.dc5452f80ba0bb8481dfc48f70380c4d,00851__salted__broad__cp00AD__fragment.dc5452f80ba0bb8481dfc48f70380c4d,broad,00AD,fragment,,1,0,False,"[{""original_token"": ""credit"", ""salted_token"": ""c­r­e­d­i­t"", ""start"": 9, ""end"": 15, ""salt_mode"": ""fragment"", ""fragment_max_positions"": null}]",[]
00861.e8b94fc9514d2d2cbb541b01e2dda726,00861__salted__broad__cp200B__fragment.e8b94fc9514d2d2cbb541b01e2dda726,broad,200B,fragment,,0,3,True,[],"[{""original_token"": ""emails"", ""salted_token"": ""e​m​a​i​l​s"", ""start"": 105, ""end"": 111, ""salt_mode"": ""fragment"", ""fragment_max_positions"": null}, {""original_token"": ""strongly"", ""salted_token"": ""s​t​r​o​n​g​l​y"", ""start"": 224, ""end"": 232, ""salt_mode"": ""fragment"", ""fragment_max_positions"": null}, {""original_token"": ""enemies"", ""salted_token"": ""e​n​e​m​i​e​s"", ""start"": 435, ""end"": 442, ""salt_mode"": ""fragment"", ""fragment_max_positions"": null}]"
00861.e8b94fc9514d2d2cbb541b01e2dda726,00861__salted__broad__cp200C__fragment.e8b94fc9514d2d2cbb541b01e2dda726,broad,200C,fragment,,0,3,True,[],"[{""original_token"": ""emails"", ""salted_token"": ""e‌m‌a‌i‌l‌s"", ""start"": 105, ""end"": 111, ""salt_mode"": ""fragment"", ""fragment_max_positions"": null}, {""original_token"": ""strongly"", ""salted_token"": ""s‌t‌r‌o‌n‌g‌l‌y"", ""start"": 224, ""end"": 232, ""salt_mode"": ""fragment"", ""fragment_max_positions"": null}, {""original_token"": ""enemies"", ""salted_token"": ""e‌n‌e‌m‌i‌e‌s"", ""start"": 435, ""end"": 442, ""salt_mode"": ""fragment"", ""fragment_max_positions"": null}]"
00861.e8b94fc9514d2d2cbb541b01e2dda726,00861__salted__broad__cp200D__fragment.e8b94fc9514d2d2cbb541b01e2dda726,broad,200D,fragment,,0,3,True,[],"[{""original_token"": ""emails"", ""salted_token"": ""e‍m‍a‍i‍l‍s"", ""start"": 105, ""end"": 111, ""salt_mode"": ""fragment"", ""fragment_max_positions"": null}, {""original_token"": ""strongly"", ""salted_token"": ""s‍t‍r‍o‍n‍g‍l‍y"", ""start"": 224, ""end"": 232, ""salt_mode"": ""fragment"", ""fragment_max_positions"": null}, {""original_token"": ""enemies"", ""salted_token"": ""e‍n‍e‍m‍i‍e‍s"", ""start"": 435, ""end"": 442, ""salt_mode"": ""fragment"", ""fragment_max_positions"": null}]"
00861.e8b94fc9514d2d2cbb541b01e2dda726,00861__salted__broad__cp00AD__fragment.e8b94fc9514d2d2cbb541b01e2dda726,broad,00AD,fragment,,0,3,True,[],"[{""original_token"": ""emails"", ""salted_token"": ""e­m­a­i­l­s"", ""start"": 105, ""end"": 111, ""salt_mode"": ""fragment"", ""fragment_max_positions"": null}, {""original_token"": ""strongly"", ""salted_token"": ""s­t­r­o­n­g­l­y"", ""start"": 224, ""end"": 232, ""salt_mode"": ""fragment"", ""fragment_max_positions"": null}, {""original_token"": ""enemies"", ""salted_token"": ""e­n­e­m­i­e­s"", ""start"": 435, ""end"": 442, ""salt_mode"": ""fragment"", ""fragment_max_positions"": null}]"
00891.730d12d96dcfa7812a51d12d9a3b6a1c,00891__salted__broad__cp200B__fragment.730d12d96dcfa7812a51d12d9a3b6a1c,broad,200B,fragment,,0,3,True,[],"[{""original_token"": ""receive"", ""salted_token"": ""r​e​c​e​i​v​e"", ""start"": 143, ""end"": 150, ""salt_mode"": ""fragment"", ""fragment_max_positions"": null}, {""original_token"": ""proposal"", ""salted_token"": ""p​r​o​p​o​s​a​l"", ""start"": 156, ""end"": 164, ""salt_mode"": ""fragment"", ""fragment_max_positions"": null}, {""original_token"": ""sincerely"", ""salted_token"": ""s​i​n​c​e​r​e​l​y"", ""start"": 224, ""end"": 233, ""salt_mode"": ""fragment"", ""fragment_max_positions"": null}]"
00891.730d12d96dcfa7812a51d12d9a3b6a1c,00891__salted__broad__cp200C__fragment.730d12d96dcfa7812a51d12d9a3b6a1c,broad,200C,fragment,,0,3,True,[],"[{""original_token"": ""receive"", ""salted_token"": ""r‌e‌c‌e‌i‌v‌e"", ""start"": 143, ""end"": 150, ""salt_mode"": ""fragment"", ""fragment_max_positions"": null}, {""original_token"": ""proposal"", ""salted_token"": ""p‌r‌o‌p‌o‌s‌a‌l"", ""start"": 156, ""end"": 164, ""salt_mode"": ""fragment"", ""fragment_max_positions"": null}, {""original_token"": ""sincerely"", ""salted_token"": ""s‌i‌n‌c‌e‌r‌e‌l‌y"", ""start"": 224, ""end"": 233, ""salt_mode"": ""fragment"", ""fragment_max_positions"": null}]"
00891.730d12d96dcfa7812a51d12d9a3b6a1c,00891__salted__broad__cp200D__fragment.730d12d96dcfa7812a51d12d9a3b6a1c,broad,200D,fragment,,0,3,True,[],"[{""original_token"": ""receive"", ""salted_token"": ""r‍e‍c‍e‍i‍v‍e"", ""start"": 143, ""end"": 150, ""salt_mode"": ""fragment"", ""fragment_max_positions"": null}, {""original_token"": ""proposal"", ""salted_token"": ""p‍r‍o‍p‍o‍s‍a‍l"", ""start"": 156, ""end"": 164, ""salt_mode"": ""fragment"", ""fragment_max_positions"": null}, {""original_token"": ""sincerely"", ""salted_token"": ""s‍i‍n‍c‍e‍r‍e‍l‍y"", ""start"": 224, ""end"": 233, ""salt_mode"": ""fragment"", ""fragment_max_positions"": null}]"
00891.730d12d96dcfa7812a51d12d9a3b6a1c,00891__salted__broad__cp00AD__fragment.730d12d96dcfa7812a51d12d9a3b6a1c,broad,00AD,fragment,,0,3,True,[],"[{""original_token"": ""receive"", ""salted_token"": ""r­e­c­e­i­v­e"", ""start"": 143, ""end"": 150, ""salt_mode"": ""fragment"", ""fragment_max_positions"": null}, {""original_token"": ""proposal"", ""salted_token"": ""p­r­o­p­o­s­a­l"", ""start"": 156, ""end"": 164, ""salt_mode"": ""fragment"", ""fragment_max_positions"": null}, {""original_token"": ""sincerely"", ""salted_token"": ""s­i­n­c­e­r­e­l­y"", ""start"": 224, ""end"": 233, ""salt_mode"": ""fragment"", ""fragment_max_positions"": null}]"
00925.6ba2770acb214c661a26e54b4d03c119,00925__salted__broad__cp200B__fragment.6ba2770acb214c661a26e54b4d03c119,broad,200B,fragment,,1,3,True,"[{""original_token"": ""ADV"", ""salted_token"": ""A​D​V"", ""start"": 0, ""end"": 3, ""salt_mode"": ""fragment"", ""fragment_max_positions"": null}]","[{""original_token"": ""remove"", ""salted_token"": ""r​e​m​o​v​e"", ""start"": 3, ""end"": 9, ""salt_mode"": ""fragment"", ""fragment_max_positions"": null}, {""original_token"": ""toll"", ""salted_token"": ""t​o​l​l"", ""start"": 353, ""end"": 357, ""salt_mode"": ""fragment"", ""fragment_max_positions"": null}, {""original_token"": ""Sincerely"", ""salted_token"": ""S​i​n​c​e​r​e​l​y"", ""start"": 378, ""end"": 387, ""salt_mode"": ""fragment"", ""fragment_max_positions"": null}]"
00925.6ba2770acb214c661a26e54b4d03c119,00925__salted__broad__cp200C__fragment.6ba2770acb214c661a26e54b4d03c119,broad,200C,fragment,,1,3,True,"[{""original_token"": ""ADV"", ""salted_token"": ""A‌D‌V"", ""start"": 0, ""end"": 3, ""salt_mode"": ""fragment"", ""fragment_max_positions"": null}]","[{""original_token"": ""remove"", ""salted_token"": ""r‌e‌m‌o‌v‌e"", ""start"": 3, ""end"": 9, ""salt_mode"": ""fragment"", ""fragment_max_positions"": null}, {""original_token"": ""toll"", ""salted_token"": ""t‌o‌l‌l"", ""start"": 353, ""end"": 357, ""salt_mode"": ""fragment"", ""fragment_max_positions"": null}, {""original_token"": ""Sincerely"", ""salted_token"": ""S‌i‌n‌c‌e‌r‌e‌l‌y"", ""start"": 378, ""end"": 387, ""salt_mode"": ""fragment"", ""fragment_max_positions"": null}]"
00925.6ba2770acb214c661a26e54b4d03c119,00925__salted__broad__cp200D__fragment.6ba2770acb214c661a26e54b4d03c119,broad,200D,fragment,,1,3,True,"[{""original_token"": ""ADV"", ""salted_token"": ""A‍D‍V"", ""start"": 0, ""end"": 3, ""salt_mode"": ""fragment"", ""fragment_max_positions"": null}]","[{""original_token"": ""remove"", ""salted_token"": ""r‍e‍m‍o‍v‍e"", ""start"": 3, ""end"": 9, ""salt_mode"": ""fragment"", ""fragment_max_positions"": null}, {""original_token"": ""toll"", ""salted_token"": ""t‍o‍l‍l"", ""start"": 353, ""end"": 357, ""salt_mode"": ""fragment"", ""fragment_max_positions"": null}, {""original_token"": ""Sincerely"", ""salted_token"": ""S‍i‍n‍c‍e‍r‍e‍l‍y"", ""start"": 378, ""end"": 387, ""salt_mode"": ""fragment"", ""fragment_max_positions"": null}]"
00925.6ba2770acb214c661a26e54b4d03c119,00925__salted__broad__cp00AD__fragment.6ba2770acb214c661a26e54b4d03c119,broad,00AD,fragment,,1,3,True,"[{""original_token"": ""ADV"", ""salted_token"": ""A­D­V"", ""start"": 0, ""end"": 3, ""salt_mode"": ""fragment"", ""fragment_max_positions"": null}]","[{""original_token"": ""remove"", ""salted_token"": ""r­e­m­o­v­e"", ""start"": 3, ""end"": 9, ""salt_mode"": ""fragment"", ""fragment_max_positions"": null}, {""original_token"": ""toll"", ""salted_token"": ""t­o­l­l"", ""start"": 353, ""end"": 357, ""salt_mode"": ""fragment"", ""fragment_max_positions"": null}, {""original_token"": ""Sincerely"", ""salted_token"": ""S­i­n­c­e­r­e­l­y"", ""start"": 378, ""end"": 387, ""salt_mode"": ""fragment"", ""fragment_max_positions"": null}]"
00933.751d91a92c5f2a40baf68615e49b3fc2,00933__salted__broad__cp200B__fragment.751d91a92c5f2a40baf68615e49b3fc2,broad,200B,fragment,,1,0,False,"[{""original_token"": ""Marketing"", ""salted_token"": ""M​a​r​k​e​t​i​n​g"", ""start"": 0, ""end"": 9, ""salt_mode"": ""fragment"", ""fragment_max_positions"": null}]",[]
00933.751d91a92c5f2a40baf68615e49b3fc2,00933__salted__broad__cp200C__fragment.751d91a92c5f2a40baf68615e49b3fc2,broad,200C,fragment,,1,0,False,"[{""original_token"": ""Marketing"", ""salted_token"": ""M‌a‌r‌k‌e‌t‌i‌n‌g"", ""start"": 0, ""end"": 9, ""salt_mode"": ""fragment"", ""fragment_max_positions"": null}]",[]
00933.751d91a92c5f2a40baf68615e49b3fc2,00933__salted__broad__cp200D__fragment.751d91a92c5f2a40baf68615e49b3fc2,broad,200D,fragment,,1,0,False,"[{""original_token"": ""Marketing"", ""salted_token"": ""M‍a‍r‍k‍e‍t‍i‍n‍g"", ""start"": 0, ""end"": 9, ""salt_mode"": ""fragment"", ""fragment_max_positions"": null}]",[]
00933.751d91a92c5f2a40baf68615e49b3fc2,00933__salted__broad__cp00AD__fragment.751d91a92c5f2a40baf68615e49b3fc2,broad,00AD,fragment,,1,0,False,"[{""original_token"": ""Marketing"", ""salted_token"": ""M­a­r­k­e­t­i­n­g"", ""start"": 0, ""end"": 9, ""salt_mode"": ""fragment"", ""fragment_max_positions"": null}]",[]
00939.8d335bc76836e51b449de9f6b38aa0f8,00939__salted__broad__cp200B__fragment.8d335bc76836e51b449de9f6b38aa0f8,broad,200B,fragment,,0,3,True,[],"[{""original_token"": ""receive"", ""salted_token"": ""r​e​c​e​i​v​e"", ""start"": 236, ""end"": 243, ""salt_mode"": ""fragment"", ""fragment_max_positions"": null}, {""original_token"": ""Click"", ""salted_token"": ""C​l​i​c​k"", ""start"": 408, ""end"": 413, ""salt_mode"": ""fragment"", ""fragment_max_positions"": null}, {""original_token"": ""promotion"", ""salted_token"": ""p​r​o​m​o​t​i​o​n"", ""start"": 529, ""end"": 538, ""salt_mode"": ""fragment"", ""fragment_max_positions"": null}]"
00939.8d335bc76836e51b449de9f6b38aa0f8,00939__salted__broad__cp200C__fragment.8d335bc76836e51b449de9f6b38aa0f8,broad,200C,fragment,,0,3,True,[],"[{""original_token"": ""receive"", ""salted_token"": ""r‌e‌c‌e‌i‌v‌e"", ""start"": 236, ""end"": 243, ""salt_mode"": ""fragment"", ""fragment_max_positions"": null}, {""original_token"": ""Click"", ""salted_token"": ""C‌l‌i‌c‌k"", ""start"": 408, ""end"": 413, ""salt_mode"": ""fragment"", ""fragment_max_positions"": null}, {""original_token"": ""promotion"", ""salted_token"": ""p‌r‌o‌m‌o‌t‌i‌o‌n"", ""start"": 529, ""end"": 538, ""salt_mode"": ""fragment"", ""fragment_max_positions"": null}]"
00939.8d335bc76836e51b449de9f6b38aa0f8,00939__salted__broad__cp200D__fragment.8d335bc76836e51b449de9f6b38aa0f8,broad,200D,fragment,,0,3,True,[],"[{""original_token"": ""receive"", ""salted_token"": ""r‍e‍c‍e‍i‍v‍e"", ""start"": 236, ""end"": 243, ""salt_mode"": ""fragment"", ""fragment_max_positions"": null}, {""original_token"": ""Click"", ""salted_token"": ""C‍l‍i‍c‍k"", ""start"": 408, ""end"": 413, ""salt_mode"": ""fragment"", ""fragment_max_positions"": null}, {""original_token"": ""promotion"", ""salted_token"": ""p‍r‍o‍m‍o‍t‍i‍o‍n"", ""start"": 529, ""end"": 538, ""salt_mode"": ""fragment"", ""fragment_max_positions"": null}]"
00939.8d335bc76836e51b449de9f6b38aa0f8,00939__salted__broad__cp00AD__fragment.8d335bc76836e51b449de9f6b38aa0f8,broad,00AD,fragment,,0,3,True,[],"[{""original_token"": ""receive"", ""salted_token"": ""r­e­c­e­i­v­e"", ""start"": 236, ""end"": 243, ""salt_mode"": ""fragment"", ""fragment_max_positions"": null}, {""original_token"": ""Click"", ""salted_token"": ""C­l­i­c­k"", ""start"": 408, ""end"": 413, ""salt_mode"": ""fragment"", ""fragment_max_positions"": null}, {""original_token"": ""promotion"", ""salted_token"": ""p­r­o­m­o­t­i­o­n"", ""start"": 529, ""end"": 538, ""salt_mode"": ""fragment"", ""fragment_max_positions"": null}]"
00940.33bee147237876bc1f28b1bf21b586a0,00940__salted__broad__cp200B__fragment.33bee147237876bc1f28b1bf21b586a0,broad,200B,fragment,,1,3,True,"[{""original_token"": ""Assistance"", ""salted_token"": ""A​s​s​i​s​t​a​n​c​e"", ""start"": 0, ""end"": 10, ""salt_mode"": ""fragment"", ""fragment_max_positions"": null}]","[{""original_token"": ""Dear"", ""salted_token"": ""D​e​a​r"", ""start"": 0, ""end"": 4, ""salt_mode"": ""fragment"", ""fragment_max_positions"": null}, {""original_token"": ""Sir"", ""salted_token"": ""S​i​r"", ""start"": 5, ""end"": 8, ""salt_mode"": ""fragment"", ""fragment_max_positions"": null}, {""original_token"": ""Nigeria"", ""salted_token"": ""N​i​g​e​r​i​a"", ""start"": 58, ""end"": 65, ""salt_mode"": ""fragment"", ""fragment_max_positions"": null}]"
00940.33bee147237876bc1f28b1bf21b586a0,00940__salted__broad__cp200C__fragment.33bee147237876bc1f28b1bf21b586a0,broad,200C,fragment,,1,3,True,"[{""original_token"": ""Assistance"", ""salted_token"": ""A‌s‌s‌i‌s‌t‌a‌n‌c‌e"", ""start"": 0, ""end"": 10, ""salt_mode"": ""fragment"", ""fragment_max_positions"": null}]","[{""original_token"": ""Dear"", ""salted_token"": ""D‌e‌a‌r"", ""start"": 0, ""end"": 4, ""salt_mode"": ""fragment"", ""fragment_max_positions"": null}, {""original_token"": ""Sir"", ""salted_token"": ""S‌i‌r"", ""start"": 5, ""end"": 8, ""salt_mode"": ""fragment"", ""fragment_max_positions"": null}, {""original_token"": ""Nigeria"", ""salted_token"": ""N‌i‌g‌e‌r‌i‌a"", ""start"": 58, ""end"": 65, ""salt_mode"": ""fragment"", ""fragment_max_positions"": null}]"
00940.33bee147237876bc1f28b1bf21b586a0,00940__salted__broad__cp200D__fragment.33bee147237876bc1f28b1bf21b586a0,broad,200D,fragment,,1,3,True,"[{""original_token"": ""Assistance"", ""salted_token"": ""A‍s‍s‍i‍s‍t‍a‍n‍c‍e"", ""start"": 0, ""end"": 10, ""salt_mode"": ""fragment"", ""fragment_max_positions"": null}]","[{""original_token"": ""Dear"", ""salted_token"": ""D‍e‍a‍r"", ""start"": 0, ""end"": 4, ""salt_mode"": ""fragment"", ""fragment_max_positions"": null}, {""original_token"": ""Sir"", ""salted_token"": ""S‍i‍r"", ""start"": 5, ""end"": 8, ""salt_mode"": ""fragment"", ""fragment_max_positions"": null}, {""original_token"": ""Nigeria"", ""salted_token"": ""N‍i‍g‍e‍r‍i‍a"", ""start"": 58, ""end"": 65, ""salt_mode"": ""fragment"", ""fragment_max_positions"": null}]"
00940.33bee147237876bc1f28b1bf21b586a0,00940__salted__broad__cp00AD__fragment.33bee147237876bc1f28b1bf21b586a0,broad,00AD,fragment,,1,3,True,"[{""original_token"": ""Assistance"", ""salted_token"": ""A­s­s­i­s­t­a­n­c­e"", ""start"": 0, ""end"": 10, ""salt_mode"": ""fragment"", ""fragment_max_positions"": null}]","[{""original_token"": ""Dear"", ""salted_token"": ""D­e­a­r"", ""start"": 0, ""end"": 4, ""salt_mode"": ""fragment"", ""fragment_max_positions"": null}, {""original_token"": ""Sir"", ""salted_token"": ""S­i­r"", ""start"": 5, ""end"": 8, ""salt_mode"": ""fragment"", ""fragment_max_positions"": null}, {""original_token"": ""Nigeria"", ""salted_token"": ""N­i­g­e­r­i­a"", ""start"": 58, ""end"": 65, ""salt_mode"": ""fragment"", ""fragment_max_positions"": null}]"
00947.e4d80402e902f1ea42cfc539bb279afd,00947__salted__broad__cp200B__fragment.e4d80402e902f1ea42cfc539bb279afd,broad,200B,fragment,,1,0,False,"[{""original_token"": ""cartridges"", ""salted_token"": ""c​a​r​t​r​i​d​g​e​s"", ""start"": 18, ""end"": 28, ""salt_mode"": ""fragment"", ""fragment_max_positions"": null}]",[]
00947.e4d80402e902f1ea42cfc539bb279afd,00947__salted__broad__cp200C__fragment.e4d80402e902f1ea42cfc539bb279afd,broad,200C,fragment,,1,0,False,"[{""original_token"": ""cartridges"", ""salted_token"": ""c‌a‌r‌t‌r‌i‌d‌g‌e‌s"", ""start"": 18, ""end"": 28, ""salt_mode"": ""fragment"", ""fragment_max_positions"": null}]",[]
00947.e4d80402e902f1ea42cfc539bb279afd,00947__salted__broad__cp200D__fragment.e4d80402e902f1ea42cfc539bb279afd,broad,200D,fragment,,1,0,False,"[{""original_token"": ""cartridges"", ""salted_token"": ""c‍a‍r‍t‍r‍i‍d‍g‍e‍s"", ""start"": 18, ""end"": 28, ""salt_mode"": ""fragment"", ""fragment_max_positions"": null}]",[]
00947.e4d80402e902f1ea42cfc539bb279afd,00947__salted__broad__cp00AD__fragment.e4d80402e902f1ea42cfc539bb279afd,broad,00AD,fragment,,1,0,False,"[{""original_token"": ""cartridges"", ""salted_token"": ""c­a­r­t­r­i­d­g­e­s"", ""start"": 18, ""end"": 28, ""salt_mode"": ""fragment"", ""fragment_max_positions"": null}]",[]
00948.674250d39ae9ea6d1c054fd6f7b52cee,00948__salted__broad__cp200B__fragment.674250d39ae9ea6d1c054fd6f7b52cee,broad,200B,fragment,,0,3,True,[],"[{""original_token"": ""trading"", ""salted_token"": ""t​r​a​d​i​n​g"", ""start"": 346, ""end"": 353, ""salt_mode"": ""fragment"", ""fragment_max_positions"": null}, {""original_token"": ""offering"", ""salted_token"": ""o​f​f​e​r​i​n​g"", ""start"": 406, ""end"": 414, ""salt_mode"": ""fragment"", ""fragment_max_positions"": null}, {""original_token"": ""trading"", ""salted_token"": ""t​r​a​d​i​n​g"", ""start"": 773, ""end"": 780, ""salt_mode"": ""fragment"", ""fragment_max_positions"": null}]"
00948.674250d39ae9ea6d1c054fd6f7b52cee,00948__salted__broad__cp200C__fragment.674250d39ae9ea6d1c054fd6f7b52cee,broad,200C,fragment,,0,3,True,[],"[{""original_token"": ""trading"", ""salted_token"": ""t‌r‌a‌d‌i‌n‌g"", ""start"": 346, ""end"": 353, ""salt_mode"": ""fragment"", ""fragment_max_positions"": null}, {""original_token"": ""offering"", ""salted_token"": ""o‌f‌f‌e‌r‌i‌n‌g"", ""start"": 406, ""end"": 414, ""salt_mode"": ""fragment"", ""fragment_max_positions"": null}, {""original_token"": ""trading"", ""salted_token"": ""t‌r‌a‌d‌i‌n‌g"", ""start"": 773, ""end"": 780, ""salt_mode"": ""fragment"", ""fragment_max_positions"": null}]"
00948.674250d39ae9ea6d1c054fd6f7b52cee,00948__salted__broad__cp200D__fragment.674250d39ae9ea6d1c054fd6f7b52cee,broad,200D,fragment,,0,3,True,[],"[{""original_token"": ""trading"", ""salted_token"": ""t‍r‍a‍d‍i‍n‍g"", ""start"": 346, ""end"": 353, ""salt_mode"": ""fragment"", ""fragment_max_positions"": null}, {""original_token"": ""offering"", ""salted_token"": ""o‍f‍f‍e‍r‍i‍n‍g"", ""start"": 406, ""end"": 414, ""salt_mode"": ""fragment"", ""fragment_max_positions"": null}, {""original_token"": ""trading"", ""salted_token"": ""t‍r‍a‍d‍i‍n‍g"", ""start"": 773, ""end"": 780, ""salt_mode"": ""fragment"", ""fragment_max_positions"": null}]"
00948.674250d39ae9ea6d1c054fd6f7b52cee,00948__salted__broad__cp00AD__fragment.674250d39ae9ea6d1c054fd6f7b52cee,broad,00AD,fragment,,0,3,True,[],"[{""original_token"": ""trading"", ""salted_token"": ""t­r­a­d­i­n­g"", ""start"": 346, ""end"": 353, ""salt_mode"": ""fragment"", ""fragment_max_positions"": null}, {""original_token"": ""offering"", ""salted_token"": ""o­f­f­e­r­i­n­g"", ""start"": 406, ""end"": 414, ""salt_mode"": ""fragment"", ""fragment_max_positions"": null}, {""original_token"": ""trading"", ""salted_token"": ""t­r­a­d­i­n­g"", ""start"": 773, ""end"": 780, ""salt_mode"": ""fragment"", ""fragment_max_positions"": null}]"
00953.906b4905eb02cfb9a093162f3c143252,00953__salted__broad__cp200B__fragment.906b4905eb02cfb9a093162f3c143252,broad,200B,fragment,,1,0,False,"[{""original_token"": ""Urgent"", ""salted_token"": ""U​r​g​e​n​t"", ""start"": 0, ""end"": 6, ""salt_mode"": ""fragment"", ""fragment_max_positions"": null}]",[]
00953.906b4905eb02cfb9a093162f3c143252,00953__salted__broad__cp200C__fragment.906b4905eb02cfb9a093162f3c143252,broad,200C,fragment,,1,0,False,"[{""original_token"": ""Urgent"", ""salted_token"": ""U‌r‌g‌e‌n‌t"", ""start"": 0, ""end"": 6, ""salt_mode"": ""fragment"", ""fragment_max_positions"": null}]",[]
00953.906b4905eb02cfb9a093162f3c143252,00953__salted__broad__cp200D__fragment.906b4905eb02cfb9a093162f3c143252,broad,200D,fragment,,1,0,False,"[{""original_token"": ""Urgent"", ""salted_token"": ""U‍r‍g‍e‍n‍t"", ""start"": 0, ""end"": 6, ""salt_mode"": ""fragment"", ""fragment_max_positions"": null}]",[]
00953.906b4905eb02cfb9a093162f3c143252,00953__salted__broad__cp00AD__fragment.906b4905eb02cfb9a093162f3c143252,broad,00AD,fragment,,1,0,False,"[{""original_token"": ""Urgent"", ""salted_token"": ""U­r­g­e­n­t"", ""start"": 0, ""end"": 6, ""salt_mode"": ""fragment"", ""fragment_max_positions"": null}]",[]
00956.bd15831ffe9661a5395b8ec491a4fed2,00956__salted__broad__cp200B__fragment.bd15831ffe9661a5395b8ec491a4fed2,broad,200B,fragment,,1,0,False,"[{""original_token"": ""Cartridges"", ""salted_token"": ""C​a​r​t​r​i​d​g​e​s"", ""start"": 8, ""end"": 18, ""salt_mode"": ""fragment"", ""fragment_max_positions"": null}]",[]
00956.bd15831ffe9661a5395b8ec491a4fed2,00956__salted__broad__cp200C__fragment.bd15831ffe9661a5395b8ec491a4fed2,broad,200C,fragment,,1,0,False,"[{""original_token"": ""Cartridges"", ""salted_token"": ""C‌a‌r‌t‌r‌i‌d‌g‌e‌s"", ""start"": 8, ""end"": 18, ""salt_mode"": ""fragment"", ""fragment_max_positions"": null}]",[]
00956.bd15831ffe9661a5395b8ec491a4fed2,00956__salted__broad__cp200D__fragment.bd15831ffe9661a5395b8ec491a4fed2,broad,200D,fragment,,1,0,False,"[{""original_token"": ""Cartridges"", ""salted_token"": ""C‍a‍r‍t‍r‍i‍d‍g‍e‍s"", ""start"": 8, ""end"": 18, ""salt_mode"": ""fragment"", ""fragment_max_positions"": null}]",[]
00956.bd15831ffe9661a5395b8ec491a4fed2,00956__salted__broad__cp00AD__fragment.bd15831ffe9661a5395b8ec491a4fed2,broad,00AD,fragment,,1,0,False,"[{""original_token"": ""Cartridges"", ""salted_token"": ""C­a­r­t­r­i­d­g­e­s"", ""start"": 8, ""end"": 18, ""salt_mode"": ""fragment"", ""fragment_max_positions"": null}]",[]
00962.452e4bd0724bf1139c9bc4eb9ec0fe43,00962__salted__broad__cp200B__fragment.452e4bd0724bf1139c9bc4eb9ec0fe43,broad,200B,fragment,,1,0,False,"[{""original_token"": ""cartridges"", ""salted_token"": ""c​a​r​t​r​i​d​g​e​s"", ""start"": 18, ""end"": 28, ""salt_mode"": ""fragment"", ""fragment_max_positions"": null}]",[]
00962.452e4bd0724bf1139c9bc4eb9ec0fe43,00962__salted__broad__cp200C__fragment.452e4bd0724bf1139c9bc4eb9ec0fe43,broad,200C,fragment,,1,0,False,"[{""original_token"": ""cartridges"", ""salted_token"": ""c‌a‌r‌t‌r‌i‌d‌g‌e‌s"", ""start"": 18, ""end"": 28, ""salt_mode"": ""fragment"", ""fragment_max_positions"": null}]",[]
00962.452e4bd0724bf1139c9bc4eb9ec0fe43,00962__salted__broad__cp200D__fragment.452e4bd0724bf1139c9bc4eb9ec0fe43,broad,200D,fragment,,1,0,False,"[{""original_token"": ""cartridges"", ""salted_token"": ""c‍a‍r‍t‍r‍i‍d‍g‍e‍s"", ""start"": 18, ""end"": 28, ""salt_mode"": ""fragment"", ""fragment_max_positions"": null}]",[]
00962.452e4bd0724bf1139c9bc4eb9ec0fe43,00962__salted__broad__cp00AD__fragment.452e4bd0724bf1139c9bc4eb9ec0fe43,broad,00AD,fragment,,1,0,False,"[{""original_token"": ""cartridges"", ""salted_token"": ""c­a­r­t­r­i­d­g­e­s"", ""start"": 18, ""end"": 28, ""salt_mode"": ""fragment"", ""fragment_max_positions"": null}]",[]
00973.ca8a425093e9994271e922f4d60f775c,00973__salted__broad__cp200B__fragment.ca8a425093e9994271e922f4d60f775c,broad,200B,fragment,,0,3,True,[],"[{""original_token"": ""FUND"", ""salted_token"": ""F​U​N​D"", ""start"": 20, ""end"": 24, ""salt_mode"": ""fragment"", ""fragment_max_positions"": null}, {""original_token"": ""DEBT"", ""salted_token"": ""D​E​B​T"", ""start"": 54, ""end"": 58, ""salt_mode"": ""fragment"", ""fragment_max_positions"": null}, {""original_token"": ""valuable"", ""salted_token"": ""v​a​l​u​a​b​l​e"", ""start"": 233, ""end"": 241, ""salt_mode"": ""fragment"", ""fragment_max_positions"": null}]"
00973.ca8a425093e9994271e922f4d60f775c,00973__salted__broad__cp200C__fragment.ca8a425093e9994271e922f4d60f775c,broad,200C,fragment,,0,3,True,[],"[{""original_token"": ""FUND"", ""salted_token"": ""F‌U‌N‌D"", ""start"": 20, ""end"": 24, ""salt_mode"": ""fragment"", ""fragment_max_positions"": null}, {""original_token"": ""DEBT"", ""salted_token"": ""D‌E‌B‌T"", ""start"": 54, ""end"": 58, ""salt_mode"": ""fragment"", ""fragment_max_positions"": null}, {""original_token"": ""valuable"", ""salted_token"": ""v‌a‌l‌u‌a‌b‌l‌e"", ""start"": 233, ""end"": 241, ""salt_mode"": ""fragment"", ""fragment_max_positions"": null}]"
00973.ca8a425093e9994271e922f4d60f775c,00973__salted__broad__cp200D__fragment.ca8a425093e9994271e922f4d60f775c,broad,200D,fragment,,0,3,True,[],"[{""original_token"": ""FUND"", ""salted_token"": ""F‍U‍N‍D"", ""start"": 20, ""end"": 24, ""salt_mode"": ""fragment"", ""fragment_max_positions"": null}, {""original_token"": ""DEBT"", ""salted_token"": ""D‍E‍B‍T"", ""start"": 54, ""end"": 58, ""salt_mode"": ""fragment"", ""fragment_max_positions"": null}, {""original_token"": ""valuable"", ""salted_token"": ""v‍a‍l‍u‍a‍b‍l‍e"", ""start"": 233, ""end"": 241, ""salt_mode"": ""fragment"", ""fragment_max_positions"": null}]"
00973.ca8a425093e9994271e922f4d60f775c,00973__salted__broad__cp00AD__fragment.ca8a425093e9994271e922f4d60f775c,broad,00AD,fragment,,0,3,True,[],"[{""original_token"": ""FUND"", ""salted_token"": ""F­U­N­D"", ""start"": 20, ""end"": 24, ""salt_mode"": ""fragment"", ""fragment_max_positions"": null}, {""original_token"": ""DEBT"", ""salted_token"": ""D­E­B­T"", ""start"": 54, ""end"": 58, ""salt_mode"": ""fragment"", ""fragment_max_positions"": null}, {""original_token"": ""valuable"", ""salted_token"": ""v­a­l­u­a­b­l­e"", ""start"": 233, ""end"": 241, ""salt_mode"": ""fragment"", ""fragment_max_positions"": null}]"
00994.228b5746d5f0e44e436fbc0203b3c67a,00994__salted__broad__cp200B__fragment.228b5746d5f0e44e436fbc0203b3c67a,broad,200B,fragment,,1,0,False,"[{""original_token"": ""Adult"", ""salted_token"": ""A​d​u​l​t"", ""start"": 0, ""end"": 5, ""salt_mode"": ""fragment"", ""fragment_max_positions"": null}]",[]
00994.228b5746d5f0e44e436fbc0203b3c67a,00994__salted__broad__cp200C__fragment.228b5746d5f0e44e436fbc0203b3c67a,broad,200C,fragment,,1,0,False,"[{""original_token"": ""Adult"", ""salted_token"": ""A‌d‌u‌l‌t"", ""start"": 0, ""end"": 5, ""salt_mode"": ""fragment"", ""fragment_max_positions"": null}]",[]
00994.228b5746d5f0e44e436fbc0203b3c67a,00994__salted__broad__cp200D__fragment.228b5746d5f0e44e436fbc0203b3c67a,broad,200D,fragment,,1,0,False,"[{""original_token"": ""Adult"", ""salted_token"": ""A‍d‍u‍l‍t"", ""start"": 0, ""end"": 5, ""salt_mode"": ""fragment"", ""fragment_max_positions"": null}]",[]
00994.228b5746d5f0e44e436fbc0203b3c67a,00994__salted__broad__cp00AD__fragment.228b5746d5f0e44e436fbc0203b3c67a,broad,00AD,fragment,,1,0,False,"[{""original_token"": ""Adult"", ""salted_token"": ""A­d­u­l­t"", ""start"": 0, ""end"": 5, ""salt_mode"": ""fragment"", ""fragment_max_positions"": null}]",[]
00998.92da52a65a4d039a6b9c02b0d65a1bbf,00998__salted__broad__cp200B__fragment.92da52a65a4d039a6b9c02b0d65a1bbf,broad,200B,fragment,,1,0,False,"[{""original_token"": ""Medical"", ""salted_token"": ""M​e​d​i​c​a​l"", ""start"": 0, ""end"": 7, ""salt_mode"": ""fragment"", ""fragment_max_positions"": null}]",[]
00998.92da52a65a4d039a6b9c02b0d65a1bbf,00998__salted__broad__cp200C__fragment.92da52a65a4d039a6b9c02b0d65a1bbf,broad,200C,fragment,,1,0,False,"[{""original_token"": ""Medical"", ""salted_token"": ""M‌e‌d‌i‌c‌a‌l"", ""start"": 0, ""end"": 7, ""salt_mode"": ""fragment"", ""fragment_max_positions"": null}]",[]
00998.92da52a65a4d039a6b9c02b0d65a1bbf,00998__salted__broad__cp200D__fragment.92da52a65a4d039a6b9c02b0d65a1bbf,broad,200D,fragment,,1,0,False,"[{""original_token"": ""Medical"", ""salted_token"": ""M‍e‍d‍i‍c‍a‍l"", ""start"": 0, ""end"": 7, ""salt_mode"": ""fragment"", ""fragment_max_positions"": null}]",[]
00998.92da52a65a4d039a6b9c02b0d65a1bbf,00998__salted__broad__cp00AD__fragment.92da52a65a4d039a6b9c02b0d65a1bbf,broad,00AD,fragment,,1,0,False,"[{""original_token"": ""Medical"", ""salted_token"": ""M­e­d­i­c­a­l"", ""start"": 0, ""end"": 7, ""salt_mode"": ""fragment"", ""fragment_max_positions"": null}]",[]
01008.5e932696d8f33950af53eb9461a014a2,01008__salted__broad__cp200B__fragment.5e932696d8f33950af53eb9461a014a2,broad,200B,fragment,,1,3,True,"[{""original_token"": ""Million"", ""salted_token"": ""M​i​l​l​i​o​n"", ""start"": 37, ""end"": 44, ""salt_mode"": ""fragment"", ""fragment_max_positions"": null}]","[{""original_token"": ""Dear"", ""salted_token"": ""D​e​a​r"", ""start"": 25, ""end"": 29, ""salt_mode"": ""fragment"", ""fragment_max_positions"": null}, {""original_token"": ""Sales"", ""salted_token"": ""S​a​l​e​s"", ""start"": 65, ""end"": 70, ""salt_mode"": ""fragment"", ""fragment_max_positions"": null}, {""original_token"": ""OVERNIGHT"", ""salted_token"": ""O​V​E​R​N​I​G​H​T"", ""start"": 71, ""end"": 80, ""salt_mode"": ""fragment"", ""fragment_max_positions"": null}]"
01008.5e932696d8f33950af53eb9461a014a2,01008__salted__broad__cp200C__fragment.5e932696d8f33950af53eb9461a014a2,broad,200C,fragment,,1,3,True,"[{""original_token"": ""Million"", ""salted_token"": ""M‌i‌l‌l‌i‌o‌n"", ""start"": 37, ""end"": 44, ""salt_mode"": ""fragment"", ""fragment_max_positions"": null}]","[{""original_token"": ""Dear"", ""salted_token"": ""D‌e‌a‌r"", ""start"": 25, ""end"": 29, ""salt_mode"": ""fragment"", ""fragment_max_positions"": null}, {""original_token"": ""Sales"", ""salted_token"": ""S‌a‌l‌e‌s"", ""start"": 65, ""end"": 70, ""salt_mode"": ""fragment"", ""fragment_max_positions"": null}, {""original_token"": ""OVERNIGHT"", ""salted_token"": ""O‌V‌E‌R‌N‌I‌G‌H‌T"", ""start"": 71, ""end"": 80, ""salt_mode"": ""fragment"", ""fragment_max_positions"": null}]"
01008.5e932696d8f33950af53eb9461a014a2,01008__salted__broad__cp200D__fragment.5e932696d8f33950af53eb9461a014a2,broad,200D,fragment,,1,3,True,"[{""original_token"": ""Million"", ""salted_token"": ""M‍i‍l‍l‍i‍o‍n"", ""start"": 37, ""end"": 44, ""salt_mode"": ""fragment"", ""fragment_max_positions"": null}]","[{""original_token"": ""Dear"", ""salted_token"": ""D‍e‍a‍r"", ""start"": 25, ""end"": 29, ""salt_mode"": ""fragment"", ""fragment_max_positions"": null}, {""original_token"": ""Sales"", ""salted_token"": ""S‍a‍l‍e‍s"", ""start"": 65, ""end"": 70, ""salt_mode"": ""fragment"", ""fragment_max_positions"": null}, {""original_token"": ""OVERNIGHT"", ""salted_token"": ""O‍V‍E‍R‍N‍I‍G‍H‍T"", ""start"": 71, ""end"": 80, ""salt_mode"": ""fragment"", ""fragment_max_positions"": null}]"
01008.5e932696d8f33950af53eb9461a014a2,01008__salted__broad__cp00AD__fragment.5e932696d8f33950af53eb9461a014a2,broad,00AD,fragment,,1,3,True,"[{""original_token"": ""Million"", ""salted_token"": ""M­i­l­l­i­o­n"", ""start"": 37, ""end"": 44, ""salt_mode"": ""fragment"", ""fragment_max_positions"": null}]","[{""original_token"": ""Dear"", ""salted_token"": ""D­e­a­r"", ""start"": 25, ""end"": 29, ""salt_mode"": ""fragment"", ""fragment_max_positions"": null}, {""original_token"": ""Sales"", ""salted_token"": ""S­a­l­e­s"", ""start"": 65, ""end"": 70, ""salt_mode"": ""fragment"", ""fragment_max_positions"": null}, {""original_token"": ""OVERNIGHT"", ""salted_token"": ""O­V­E­R­N­I­G­H­T"", ""start"": 71, ""end"": 80, ""salt_mode"": ""fragment"", ""fragment_max_positions"": null}]"
01011.d4812088cad8553fb214dab8003add9b,01011__salted__broad__cp200B__fragment.d4812088cad8553fb214dab8003add9b,broad,200B,fragment,,0,3,True,[],"[{""original_token"": ""DEAR"", ""salted_token"": ""D​E​A​R"", ""start"": 0, ""end"": 4, ""salt_mode"": ""fragment"", ""fragment_max_positions"": null}, {""original_token"": ""SIR"", ""salted_token"": ""S​I​R"", ""start"": 5, ""end"": 8, ""salt_mode"": ""fragment"", ""fragment_max_positions"": null}, {""original_token"": ""assistance"", ""salted_token"": ""a​s​s​i​s​t​a​n​c​e"", ""start"": 224, ""end"": 234, ""salt_mode"": ""fragment"", ""fragment_max_positions"": null}]"
01011.d4812088cad8553fb214dab8003add9b,01011__salted__broad__cp200C__fragment.d4812088cad8553fb214dab8003add9b,broad,200C,fragment,,0,3,True,[],"[{""original_token"": ""DEAR"", ""salted_token"": ""D‌E‌A‌R"", ""start"": 0, ""end"": 4, ""salt_mode"": ""fragment"", ""fragment_max_positions"": null}, {""original_token"": ""SIR"", ""salted_token"": ""S‌I‌R"", ""start"": 5, ""end"": 8, ""salt_mode"": ""fragment"", ""fragment_max_positions"": null}, {""original_token"": ""assistance"", ""salted_token"": ""a‌s‌s‌i‌s‌t‌a‌n‌c‌e"", ""start"": 224, ""end"": 234, ""salt_mode"": ""fragment"", ""fragment_max_positions"": null}]"
01011.d4812088cad8553fb214dab8003add9b,01011__salted__broad__cp200D__fragment.d4812088cad8553fb214dab8003add9b,broad,200D,fragment,,0,3,True,[],"[{""original_token"": ""DEAR"", ""salted_token"": ""D‍E‍A‍R"", ""start"": 0, ""end"": 4, ""salt_mode"": ""fragment"", ""fragment_max_positions"": null}, {""original_token"": ""SIR"", ""salted_token"": ""S‍I‍R"", ""start"": 5, ""end"": 8, ""salt_mode"": ""fragment"", ""fragment_max_positions"": null}, {""original_token"": ""assistance"", ""salted_token"": ""a‍s‍s‍i‍s‍t‍a‍n‍c‍e"", ""start"": 224, ""end"": 234, ""salt_mode"": ""fragment"", ""fragment_max_positions"": null}]"
01011.d4812088cad8553fb214dab8003add9b,01011__salted__broad__cp00AD__fragment.d4812088cad8553fb214dab8003add9b,broad,00AD,fragment,,0,3,True,[],"[{""original_token"": ""DEAR"", ""salted_token"": ""D­E­A­R"", ""start"": 0, ""end"": 4, ""salt_mode"": ""fragment"", ""fragment_max_positions"": null}, {""original_token"": ""SIR"", ""salted_token"": ""S­I­R"", ""start"": 5, ""end"": 8, ""salt_mode"": ""fragment"", ""fragment_max_positions"": null}, {""original_token"": ""assistance"", ""salted_token"": ""a­s­s­i­s­t­a­n­c­e"", ""start"": 224, ""end"": 234, ""salt_mode"": ""fragment"", ""fragment_max_positions"": null}]"
01014.98c1d0a70f88efb979d9ca65e945363e,01014__salted__broad__cp200B__fragment.98c1d0a70f88efb979d9ca65e945363e,broad,200B,fragment,,0,3,True,[],"[{""original_token"": ""REPLY"", ""salted_token"": ""R​E​P​L​Y"", ""start"": 188, ""end"": 193, ""salt_mode"": ""fragment"", ""fragment_max_positions"": null}, {""original_token"": ""EMAILS"", ""salted_token"": ""E​M​A​I​L​S"", ""start"": 215, ""end"": 221, ""salt_mode"": ""fragment"", ""fragment_max_positions"": null}, {""original_token"": ""contact"", ""salted_token"": ""c​o​n​t​a​c​t"", ""start"": 600, ""end"": 607, ""salt_mode"": ""fragment"", ""fragment_max_positions"": null}]"
01014.98c1d0a70f88efb979d9ca65e945363e,01014__salted__broad__cp200C__fragment.98c1d0a70f88efb979d9ca65e945363e,broad,200C,fragment,,0,3,True,[],"[{""original_token"": ""REPLY"", ""salted_token"": ""R‌E‌P‌L‌Y"", ""start"": 188, ""end"": 193, ""salt_mode"": ""fragment"", ""fragment_max_positions"": null}, {""original_token"": ""EMAILS"", ""salted_token"": ""E‌M‌A‌I‌L‌S"", ""start"": 215, ""end"": 221, ""salt_mode"": ""fragment"", ""fragment_max_positions"": null}, {""original_token"": ""contact"", ""salted_token"": ""c‌o‌n‌t‌a‌c‌t"", ""start"": 600, ""end"": 607, ""salt_mode"": ""fragment"", ""fragment_max_positions"": null}]"
01014.98c1d0a70f88efb979d9ca65e945363e,01014__salted__broad__cp200D__fragment.98c1d0a70f88efb979d9ca65e945363e,broad,200D,fragment,,0,3,True,[],"[{""original_token"": ""REPLY"", ""salted_token"": ""R‍E‍P‍L‍Y"", ""start"": 188, ""end"": 193, ""salt_mode"": ""fragment"", ""fragment_max_positions"": null}, {""original_token"": ""EMAILS"", ""salted_token"": ""E‍M‍A‍I‍L‍S"", ""start"": 215, ""end"": 221, ""salt_mode"": ""fragment"", ""fragment_max_positions"": null}, {""original_token"": ""contact"", ""salted_token"": ""c‍o‍n‍t‍a‍c‍t"", ""start"": 600, ""end"": 607, ""salt_mode"": ""fragment"", ""fragment_max_positions"": null}]"
01014.98c1d0a70f88efb979d9ca65e945363e,01014__salted__broad__cp00AD__fragment.98c1d0a70f88efb979d9ca65e945363e,broad,00AD,fragment,,0,3,True,[],"[{""original_token"": ""REPLY"", ""salted_token"": ""R­E­P­L­Y"", ""start"": 188, ""end"": 193, ""salt_mode"": ""fragment"", ""fragment_max_positions"": null}, {""original_token"": ""EMAILS"", ""salted_token"": ""E­M­A­I­L­S"", ""start"": 215, ""end"": 221, ""salt_mode"": ""fragment"", ""fragment_max_positions"": null}, {""original_token"": ""contact"", ""salted_token"": ""c­o­n­t­a­c­t"", ""start"": 600, ""end"": 607, ""salt_mode"": ""fragment"", ""fragment_max_positions"": null}]"
01016.ac6ce255291deba2f46cdd8ddba3ea01,01016__salted__broad__cp200B__fragment.ac6ce255291deba2f46cdd8ddba3ea01,broad,200B,fragment,,1,0,False,"[{""original_token"": ""cartridges"", ""salted_token"": ""c​a​r​t​r​i​d​g​e​s"", ""start"": 49, ""end"": 59, ""salt_mode"": ""fragment"", ""fragment_max_positions"": null}]",[]
01016.ac6ce255291deba2f46cdd8ddba3ea01,01016__salted__broad__cp200C__fragment.ac6ce255291deba2f46cdd8ddba3ea01,broad,200C,fragment,,1,0,False,"[{""original_token"": ""cartridges"", ""salted_token"": ""c‌a‌r‌t‌r‌i‌d‌g‌e‌s"", ""start"": 49, ""end"": 59, ""salt_mode"": ""fragment"", ""fragment_max_positions"": null}]",[]
01016.ac6ce255291deba2f46cdd8ddba3ea01,01016__salted__broad__cp200D__fragment.ac6ce255291deba2f46cdd8ddba3ea01,broad,200D,fragment,,1,0,False,"[{""original_token"": ""cartridges"", ""salted_token"": ""c‍a‍r‍t‍r‍i‍d‍g‍e‍s"", ""start"": 49, ""end"": 59, ""salt_mode"": ""fragment"", ""fragment_max_positions"": null}]",[]
01016.ac6ce255291deba2f46cdd8ddba3ea01,01016__salted__broad__cp00AD__fragment.ac6ce255291deba2f46cdd8ddba3ea01,broad,00AD,fragment,,1,0,False,"[{""original_token"": ""cartridges"", ""salted_token"": ""c­a­r­t­r­i­d­g­e­s"", ""start"": 49, ""end"": 59, ""salt_mode"": ""fragment"", ""fragment_max_positions"": null}]",[]
01036.87c1f0b55cb48bd36c8863cf700cd485,01036__salted__broad__cp200B__fragment.87c1f0b55cb48bd36c8863cf700cd485,broad,200B,fragment,,0,3,True,[],"[{""original_token"": ""million"", ""salted_token"": ""m​i​l​l​i​o​n"", ""start"": 17, ""end"": 24, ""salt_mode"": ""fragment"", ""fragment_max_positions"": null}, {""original_token"": ""opportunity"", ""salted_token"": ""o​p​p​o​r​t​u​n​i​t​y"", ""start"": 119, ""end"": 130, ""salt_mode"": ""fragment"", ""fragment_max_positions"": null}, {""original_token"": ""Click"", ""salted_token"": ""C​l​i​c​k"", ""start"": 261, ""end"": 266, ""salt_mode"": ""fragment"", ""fragment_max_positions"": null}]"
01036.87c1f0b55cb48bd36c8863cf700cd485,01036__salted__broad__cp200C__fragment.87c1f0b55cb48bd36c8863cf700cd485,broad,200C,fragment,,0,3,True,[],"[{""original_token"": ""million"", ""salted_token"": ""m‌i‌l‌l‌i‌o‌n"", ""start"": 17, ""end"": 24, ""salt_mode"": ""fragment"", ""fragment_max_positions"": null}, {""original_token"": ""opportunity"", ""salted_token"": ""o‌p‌p‌o‌r‌t‌u‌n‌i‌t‌y"", ""start"": 119, ""end"": 130, ""salt_mode"": ""fragment"", ""fragment_max_positions"": null}, {""original_token"": ""Click"", ""salted_token"": ""C‌l‌i‌c‌k"", ""start"": 261, ""end"": 266, ""salt_mode"": ""fragment"", ""fragment_max_positions"": null}]"
01036.87c1f0b55cb48bd36c8863cf700cd485,01036__salted__broad__cp200D__fragment.87c1f0b55cb48bd36c8863cf700cd485,broad,200D,fragment,,0,3,True,[],"[{""original_token"": ""million"", ""salted_token"": ""m‍i‍l‍l‍i‍o‍n"", ""start"": 17, ""end"": 24, ""salt_mode"": ""fragment"", ""fragment_max_positions"": null}, {""original_token"": ""opportunity"", ""salted_token"": ""o‍p‍p‍o‍r‍t‍u‍n‍i‍t‍y"", ""start"": 119, ""end"": 130, ""salt_mode"": ""fragment"", ""fragment_max_positions"": null}, {""original_token"": ""Click"", ""salted_token"": ""C‍l‍i‍c‍k"", ""start"": 261, ""end"": 266, ""salt_mode"": ""fragment"", ""fragment_max_positions"": null}]"
01036.87c1f0b55cb48bd36c8863cf700cd485,01036__salted__broad__cp00AD__fragment.87c1f0b55cb48bd36c8863cf700cd485,broad,00AD,fragment,,0,3,True,[],"[{""original_token"": ""million"", ""salted_token"": ""m­i­l­l­i­o­n"", ""start"": 17, ""end"": 24, ""salt_mode"": ""fragment"", ""fragment_max_positions"": null}, {""original_token"": ""opportunity"", ""salted_token"": ""o­p­p­o­r­t­u­n­i­t­y"", ""start"": 119, ""end"": 130, ""salt_mode"": ""fragment"", ""fragment_max_positions"": null}, {""original_token"": ""Click"", ""salted_token"": ""C­l­i­c­k"", ""start"": 261, ""end"": 266, ""salt_mode"": ""fragment"", ""fragment_max_positions"": null}]"
01069.a8cdf944083398c026db401b13908ef9,01069__salted__broad__cp200B__fragment.a8cdf944083398c026db401b13908ef9,broad,200B,fragment,,1,1,True,"[{""original_token"": ""Adult"", ""salted_token"": ""A​d​u​l​t"", ""start"": 5, ""end"": 10, ""salt_mode"": ""fragment"", ""fragment_max_positions"": null}]","[{""original_token"": ""Credit"", ""salted_token"": ""C​r​e​d​i​t"", ""start"": 103, ""end"": 109, ""salt_mode"": ""fragment"", ""fragment_max_positions"": null}]"
01069.a8cdf944083398c026db401b13908ef9,01069__salted__broad__cp200C__fragment.a8cdf944083398c026db401b13908ef9,broad,200C,fragment,,1,1,True,"[{""original_token"": ""Adult"", ""salted_token"": ""A‌d‌u‌l‌t"", ""start"": 5, ""end"": 10, ""salt_mode"": ""fragment"", ""fragment_max_positions"": null}]","[{""original_token"": ""Credit"", ""salted_token"": ""C‌r‌e‌d‌i‌t"", ""start"": 103, ""end"": 109, ""salt_mode"": ""fragment"", ""fragment_max_positions"": null}]"
01069.a8cdf944083398c026db401b13908ef9,01069__salted__broad__cp200D__fragment.a8cdf944083398c026db401b13908ef9,broad,200D,fragment,,1,1,True,"[{""original_token"": ""Adult"", ""salted_token"": ""A‍d‍u‍l‍t"", ""start"": 5, ""end"": 10, ""salt_mode"": ""fragment"", ""fragment_max_positions"": null}]","[{""original_token"": ""Credit"", ""salted_token"": ""C‍r‍e‍d‍i‍t"", ""start"": 103, ""end"": 109, ""salt_mode"": ""fragment"", ""fragment_max_positions"": null}]"
01069.a8cdf944083398c026db401b13908ef9,01069__salted__broad__cp00AD__fragment.a8cdf944083398c026db401b13908ef9,broad,00AD,fragment,,1,1,True,"[{""original_token"": ""Adult"", ""salted_token"": ""A­d­u­l­t"", ""start"": 5, ""end"": 10, ""salt_mode"": ""fragment"", ""fragment_max_positions"": null}]","[{""original_token"": ""Credit"", ""salted_token"": ""C­r­e­d­i­t"", ""start"": 103, ""end"": 109, ""salt_mode"": ""fragment"", ""fragment_max_positions"": null}]"
01075.07ee7f1ab5ad6659c47baa5ef3691a80,01075__salted__broad__cp200B__fragment.07ee7f1ab5ad6659c47baa5ef3691a80,broad,200B,fragment,,1,3,True,"[{""original_token"": ""Account"", ""salted_token"": ""A​c​c​o​u​n​t"", ""start"": 8, ""end"": 15, ""salt_mode"": ""fragment"", ""fragment_max_positions"": null}]","[{""original_token"": ""Membership"", ""salted_token"": ""M​e​m​b​e​r​s​h​i​p"", ""start"": 130, ""end"": 140, ""salt_mode"": ""fragment"", ""fragment_max_positions"": null}, {""original_token"": ""Teen"", ""salted_token"": ""T​e​e​n"", ""start"": 393, ""end"": 397, ""salt_mode"": ""fragment"", ""fragment_max_positions"": null}, {""original_token"": ""teen"", ""salted_token"": ""t​e​e​n"", ""start"": 431, ""end"": 435, ""salt_mode"": ""fragment"", ""fragment_max_positions"": null}]"
01075.07ee7f1ab5ad6659c47baa5ef3691a80,01075__salted__broad__cp200C__fragment.07ee7f1ab5ad6659c47baa5ef3691a80,broad,200C,fragment,,1,3,True,"[{""original_token"": ""Account"", ""salted_token"": ""A‌c‌c‌o‌u‌n‌t"", ""start"": 8, ""end"": 15, ""salt_mode"": ""fragment"", ""fragment_max_positions"": null}]","[{""original_token"": ""Membership"", ""salted_token"": ""M‌e‌m‌b‌e‌r‌s‌h‌i‌p"", ""start"": 130, ""end"": 140, ""salt_mode"": ""fragment"", ""fragment_max_positions"": null}, {""original_token"": ""Teen"", ""salted_token"": ""T‌e‌e‌n"", ""start"": 393, ""end"": 397, ""salt_mode"": ""fragment"", ""fragment_max_positions"": null}, {""original_token"": ""teen"", ""salted_token"": ""t‌e‌e‌n"", ""start"": 431, ""end"": 435, ""salt_mode"": ""fragment"", ""fragment_max_positions"": null}]"
01075.07ee7f1ab5ad6659c47baa5ef3691a80,01075__salted__broad__cp200D__fragment.07ee7f1ab5ad6659c47baa5ef3691a80,broad,200D,fragment,,1,3,True,"[{""original_token"": ""Account"", ""salted_token"": ""A‍c‍c‍o‍u‍n‍t"", ""start"": 8, ""end"": 15, ""salt_mode"": ""fragment"", ""fragment_max_positions"": null}]","[{""original_token"": ""Membership"", ""salted_token"": ""M‍e‍m‍b‍e‍r‍s‍h‍i‍p"", ""start"": 130, ""end"": 140, ""salt_mode"": ""fragment"", ""fragment_max_positions"": null}, {""original_token"": ""Teen"", ""salted_token"": ""T‍e‍e‍n"", ""start"": 393, ""end"": 397, ""salt_mode"": ""fragment"", ""fragment_max_positions"": null}, {""original_token"": ""teen"", ""salted_token"": ""t‍e‍e‍n"", ""start"": 431, ""end"": 435, ""salt_mode"": ""fragment"", ""fragment_max_positions"": null}]"
01075.07ee7f1ab5ad6659c47baa5ef3691a80,01075__salted__broad__cp00AD__fragment.07ee7f1ab5ad6659c47baa5ef3691a80,broad,00AD,fragment,,1,3,True,"[{""original_token"": ""Account"", ""salted_token"": ""A­c­c­o­u­n­t"", ""start"": 8, ""end"": 15, ""salt_mode"": ""fragment"", ""fragment_max_positions"": null}]","[{""original_token"": ""Membership"", ""salted_token"": ""M­e­m­b­e­r­s­h­i­p"", ""start"": 130, ""end"": 140, ""salt_mode"": ""fragment"", ""fragment_max_positions"": null}, {""original_token"": ""Teen"", ""salted_token"": ""T­e­e­n"", ""start"": 393, ""end"": 397, ""salt_mode"": ""fragment"", ""fragment_max_positions"": null}, {""original_token"": ""teen"", ""salted_token"": ""t­e­e­n"", ""start"": 431, ""end"": 435, ""salt_mode"": ""fragment"", ""fragment_max_positions"": null}]"
01079.9eb95fd88f3d9d551f8c64359470ae7e,01079__salted__broad__cp200B__fragment.9eb95fd88f3d9d551f8c64359470ae7e,broad,200B,fragment,,1,0,False,"[{""original_token"": ""cartridges"", ""salted_token"": ""c​a​r​t​r​i​d​g​e​s"", ""start"": 18, ""end"": 28, ""salt_mode"": ""fragment"", ""fragment_max_positions"": null}]",[]
01079.9eb95fd88f3d9d551f8c64359470ae7e,01079__salted__broad__cp200C__fragment.9eb95fd88f3d9d551f8c64359470ae7e,broad,200C,fragment,,1,0,False,"[{""original_token"": ""cartridges"", ""salted_token"": ""c‌a‌r‌t‌r‌i‌d‌g‌e‌s"", ""start"": 18, ""end"": 28, ""salt_mode"": ""fragment"", ""fragment_max_positions"": null}]",[]
01079.9eb95fd88f3d9d551f8c64359470ae7e,01079__salted__broad__cp200D__fragment.9eb95fd88f3d9d551f8c64359470ae7e,broad,200D,fragment,,1,0,False,"[{""original_token"": ""cartridges"", ""salted_token"": ""c‍a‍r‍t‍r‍i‍d‍g‍e‍s"", ""start"": 18, ""end"": 28, ""salt_mode"": ""fragment"", ""fragment_max_positions"": null}]",[]
01079.9eb95fd88f3d9d551f8c64359470ae7e,01079__salted__broad__cp00AD__fragment.9eb95fd88f3d9d551f8c64359470ae7e,broad,00AD,fragment,,1,0,False,"[{""original_token"": ""cartridges"", ""salted_token"": ""c­a­r­t­r­i­d­g­e­s"", ""start"": 18, ""end"": 28, ""salt_mode"": ""fragment"", ""fragment_max_positions"": null}]",[]
01082.9f69cd26a420837850841e71d6147a57,01082__salted__broad__cp200B__fragment.9f69cd26a420837850841e71d6147a57,broad,200B,fragment,,0,3,True,[],"[{""original_token"": ""reply"", ""salted_token"": ""r​e​p​l​y"", ""start"": 52, ""end"": 57, ""salt_mode"": ""fragment"", ""fragment_max_positions"": null}, {""original_token"": ""Remove"", ""salted_token"": ""R​e​m​o​v​e"", ""start"": 74, ""end"": 80, ""salt_mode"": ""fragment"", ""fragment_max_positions"": null}, {""original_token"": ""Hundreds"", ""salted_token"": ""H​u​n​d​r​e​d​s"", ""start"": 529, ""end"": 537, ""salt_mode"": ""fragment"", ""fragment_max_positions"": null}]"
01082.9f69cd26a420837850841e71d6147a57,01082__salted__broad__cp200C__fragment.9f69cd26a420837850841e71d6147a57,broad,200C,fragment,,0,3,True,[],"[{""original_token"": ""reply"", ""salted_token"": ""r‌e‌p‌l‌y"", ""start"": 52, ""end"": 57, ""salt_mode"": ""fragment"", ""fragment_max_positions"": null}, {""original_token"": ""Remove"", ""salted_token"": ""R‌e‌m‌o‌v‌e"", ""start"": 74, ""end"": 80, ""salt_mode"": ""fragment"", ""fragment_max_positions"": null}, {""original_token"": ""Hundreds"", ""salted_token"": ""H‌u‌n‌d‌r‌e‌d‌s"", ""start"": 529, ""end"": 537, ""salt_mode"": ""fragment"", ""fragment_max_positions"": null}]"
01082.9f69cd26a420837850841e71d6147a57,01082__salted__broad__cp200D__fragment.9f69cd26a420837850841e71d6147a57,broad,200D,fragment,,0,3,True,[],"[{""original_token"": ""reply"", ""salted_token"": ""r‍e‍p‍l‍y"", ""start"": 52, ""end"": 57, ""salt_mode"": ""fragment"", ""fragment_max_positions"": null}, {""original_token"": ""Remove"", ""salted_token"": ""R‍e‍m‍o‍v‍e"", ""start"": 74, ""end"": 80, ""salt_mode"": ""fragment"", ""fragment_max_positions"": null}, {""original_token"": ""Hundreds"", ""salted_token"": ""H‍u‍n‍d‍r‍e‍d‍s"", ""start"": 529, ""end"": 537, ""salt_mode"": ""fragment"", ""fragment_max_positions"": null}]"
01082.9f69cd26a420837850841e71d6147a57,01082__salted__broad__cp00AD__fragment.9f69cd26a420837850841e71d6147a57,broad,00AD,fragment,,0,3,True,[],"[{""original_token"": ""reply"", ""salted_token"": ""r­e­p­l­y"", ""start"": 52, ""end"": 57, ""salt_mode"": ""fragment"", ""fragment_max_positions"": null}, {""original_token"": ""Remove"", ""salted_token"": ""R­e­m­o­v­e"", ""start"": 74, ""end"": 80, ""salt_mode"": ""fragment"", ""fragment_max_positions"": null}, {""original_token"": ""Hundreds"", ""salted_token"": ""H­u­n­d­r­e­d­s"", ""start"": 529, ""end"": 537, ""salt_mode"": ""fragment"", ""fragment_max_positions"": null}]"
01104.ec267abf01fe81c42dc90dfd16c930bc,01104__salted__broad__cp200B__fragment.ec267abf01fe81c42dc90dfd16c930bc,broad,200B,fragment,,0,3,True,[],"[{""original_token"": ""Dear"", ""salted_token"": ""D​e​a​r"", ""start"": 0, ""end"": 4, ""salt_mode"": ""fragment"", ""fragment_max_positions"": null}, {""original_token"": ""Sir"", ""salted_token"": ""S​i​r"", ""start"": 5, ""end"": 8, ""salt_mode"": ""fragment"", ""fragment_max_positions"": null}, {""original_token"": ""Thirty"", ""salted_token"": ""T​h​i​r​t​y"", ""start"": 605, ""end"": 611, ""salt_mode"": ""fragment"", ""fragment_max_positions"": null}]"
01104.ec267abf01fe81c42dc90dfd16c930bc,01104__salted__broad__cp200C__fragment.ec267abf01fe81c42dc90dfd16c930bc,broad,200C,fragment,,0,3,True,[],"[{""original_token"": ""Dear"", ""salted_token"": ""D‌e‌a‌r"", ""start"": 0, ""end"": 4, ""salt_mode"": ""fragment"", ""fragment_max_positions"": null}, {""original_token"": ""Sir"", ""salted_token"": ""S‌i‌r"", ""start"": 5, ""end"": 8, ""salt_mode"": ""fragment"", ""fragment_max_positions"": null}, {""original_token"": ""Thirty"", ""salted_token"": ""T‌h‌i‌r‌t‌y"", ""start"": 605, ""end"": 611, ""salt_mode"": ""fragment"", ""fragment_max_positions"": null}]"
01104.ec267abf01fe81c42dc90dfd16c930bc,01104__salted__broad__cp200D__fragment.ec267abf01fe81c42dc90dfd16c930bc,broad,200D,fragment,,0,3,True,[],"[{""original_token"": ""Dear"", ""salted_token"": ""D‍e‍a‍r"", ""start"": 0, ""end"": 4, ""salt_mode"": ""fragment"", ""fragment_max_positions"": null}, {""original_token"": ""Sir"", ""salted_token"": ""S‍i‍r"", ""start"": 5, ""end"": 8, ""salt_mode"": ""fragment"", ""fragment_max_positions"": null}, {""original_token"": ""Thirty"", ""salted_token"": ""T‍h‍i‍r‍t‍y"", ""start"": 605, ""end"": 611, ""salt_mode"": ""fragment"", ""fragment_max_positions"": null}]"
01104.ec267abf01fe81c42dc90dfd16c930bc,01104__salted__broad__cp00AD__fragment.ec267abf01fe81c42dc90dfd16c930bc,broad,00AD,fragment,,0,3,True,[],"[{""original_token"": ""Dear"", ""salted_token"": ""D­e­a­r"", ""start"": 0, ""end"": 4, ""salt_mode"": ""fragment"", ""fragment_max_positions"": null}, {""original_token"": ""Sir"", ""salted_token"": ""S­i­r"", ""start"": 5, ""end"": 8, ""salt_mode"": ""fragment"", ""fragment_max_positions"": null}, {""original_token"": ""Thirty"", ""salted_token"": ""T­h­i­r­t­y"", ""start"": 605, ""end"": 611, ""salt_mode"": ""fragment"", ""fragment_max_positions"": null}]"
01105.2582a4afba9b0b06bed5d48e3e8b29df,01105__salted__broad__cp200B__fragment.2582a4afba9b0b06bed5d48e3e8b29df,broad,200B,fragment,,0,3,True,[],"[{""original_token"": ""Dear"", ""salted_token"": ""D​e​a​r"", ""start"": 0, ""end"": 4, ""salt_mode"": ""fragment"", ""fragment_max_positions"": null}, {""original_token"": ""Sir"", ""salted_token"": ""S​i​r"", ""start"": 5, ""end"": 8, ""salt_mode"": ""fragment"", ""fragment_max_positions"": null}, {""original_token"": ""Thirty"", ""salted_token"": ""T​h​i​r​t​y"", ""start"": 605, ""end"": 611, ""salt_mode"": ""fragment"", ""fragment_max_positions"": null}]"
01105.2582a4afba9b0b06bed5d48e3e8b29df,01105__salted__broad__cp200C__fragment.2582a4afba9b0b06bed5d48e3e8b29df,broad,200C,fragment,,0,3,True,[],"[{""original_token"": ""Dear"", ""salted_token"": ""D‌e‌a‌r"", ""start"": 0, ""end"": 4, ""salt_mode"": ""fragment"", ""fragment_max_positions"": null}, {""original_token"": ""Sir"", ""salted_token"": ""S‌i‌r"", ""start"": 5, ""end"": 8, ""salt_mode"": ""fragment"", ""fragment_max_positions"": null}, {""original_token"": ""Thirty"", ""salted_token"": ""T‌h‌i‌r‌t‌y"", ""start"": 605, ""end"": 611, ""salt_mode"": ""fragment"", ""fragment_max_positions"": null}]"
01105.2582a4afba9b0b06bed5d48e3e8b29df,01105__salted__broad__cp200D__fragment.2582a4afba9b0b06bed5d48e3e8b29df,broad,200D,fragment,,0,3,True,[],"[{""original_token"": ""Dear"", ""salted_token"": ""D‍e‍a‍r"", ""start"": 0, ""end"": 4, ""salt_mode"": ""fragment"", ""fragment_max_positions"": null}, {""original_token"": ""Sir"", ""salted_token"": ""S‍i‍r"", ""start"": 5, ""end"": 8, ""salt_mode"": ""fragment"", ""fragment_max_positions"": null}, {""original_token"": ""Thirty"", ""salted_token"": ""T‍h‍i‍r‍t‍y"", ""start"": 605, ""end"": 611, ""salt_mode"": ""fragment"", ""fragment_max_positions"": null}]"
01105.2582a4afba9b0b06bed5d48e3e8b29df,01105__salted__broad__cp00AD__fragment.2582a4afba9b0b06bed5d48e3e8b29df,broad,00AD,fragment,,0,3,True,[],"[{""original_token"": ""Dear"", ""salted_token"": ""D­e­a­r"", ""start"": 0, ""end"": 4, ""salt_mode"": ""fragment"", ""fragment_max_positions"": null}, {""original_token"": ""Sir"", ""salted_token"": ""S­i­r"", ""start"": 5, ""end"": 8, ""salt_mode"": ""fragment"", ""fragment_max_positions"": null}, {""original_token"": ""Thirty"", ""salted_token"": ""T­h­i­r­t­y"", ""start"": 605, ""end"": 611, ""salt_mode"": ""fragment"", ""fragment_max_positions"": null}]"
01106.37f316c0f77e739cb5fe0e37aaea2046,01106__salted__broad__cp200B__fragment.37f316c0f77e739cb5fe0e37aaea2046,broad,200B,fragment,,0,3,True,[],"[{""original_token"": ""Dear"", ""salted_token"": ""D​e​a​r"", ""start"": 0, ""end"": 4, ""salt_mode"": ""fragment"", ""fragment_max_positions"": null}, {""original_token"": ""Sir"", ""salted_token"": ""S​i​r"", ""start"": 5, ""end"": 8, ""salt_mode"": ""fragment"", ""fragment_max_positions"": null}, {""original_token"": ""Thirty"", ""salted_token"": ""T​h​i​r​t​y"", ""start"": 605, ""end"": 611, ""salt_mode"": ""fragment"", ""fragment_max_positions"": null}]"
01106.37f316c0f77e739cb5fe0e37aaea2046,01106__salted__broad__cp200C__fragment.37f316c0f77e739cb5fe0e37aaea2046,broad,200C,fragment,,0,3,True,[],"[{""original_token"": ""Dear"", ""salted_token"": ""D‌e‌a‌r"", ""start"": 0, ""end"": 4, ""salt_mode"": ""fragment"", ""fragment_max_positions"": null}, {""original_token"": ""Sir"", ""salted_token"": ""S‌i‌r"", ""start"": 5, ""end"": 8, ""salt_mode"": ""fragment"", ""fragment_max_positions"": null}, {""original_token"": ""Thirty"", ""salted_token"": ""T‌h‌i‌r‌t‌y"", ""start"": 605, ""end"": 611, ""salt_mode"": ""fragment"", ""fragment_max_positions"": null}]"
01106.37f316c0f77e739cb5fe0e37aaea2046,01106__salted__broad__cp200D__fragment.37f316c0f77e739cb5fe0e37aaea2046,broad,200D,fragment,,0,3,True,[],"[{""original_token"": ""Dear"", ""salted_token"": ""D‍e‍a‍r"", ""start"": 0, ""end"": 4, ""salt_mode"": ""fragment"", ""fragment_max_positions"": null}, {""original_token"": ""Sir"", ""salted_token"": ""S‍i‍r"", ""start"": 5, ""end"": 8, ""salt_mode"": ""fragment"", ""fragment_max_positions"": null}, {""original_token"": ""Thirty"", ""salted_token"": ""T‍h‍i‍r‍t‍y"", ""start"": 605, ""end"": 611, ""salt_mode"": ""fragment"", ""fragment_max_positions"": null}]"
01106.37f316c0f77e739cb5fe0e37aaea2046,01106__salted__broad__cp00AD__fragment.37f316c0f77e739cb5fe0e37aaea2046,broad,00AD,fragment,,0,3,True,[],"[{""original_token"": ""Dear"", ""salted_token"": ""D­e­a­r"", ""start"": 0, ""end"": 4, ""salt_mode"": ""fragment"", ""fragment_max_positions"": null}, {""original_token"": ""Sir"", ""salted_token"": ""S­i­r"", ""start"": 5, ""end"": 8, ""salt_mode"": ""fragment"", ""fragment_max_positions"": null}, {""original_token"": ""Thirty"", ""salted_token"": ""T­h­i­r­t­y"", ""start"": 605, ""end"": 611, ""salt_mode"": ""fragment"", ""fragment_max_positions"": null}]"
01130.f286229e3c2eeb5c682204de85d903c0,01130__salted__broad__cp200B__fragment.f286229e3c2eeb5c682204de85d903c0,broad,200B,fragment,,1,0,False,"[{""original_token"": ""SYSTEMWORKS"", ""salted_token"": ""S​Y​S​T​E​M​W​O​R​K​S"", ""start"": 7, ""end"": 18, ""salt_mode"": ""fragment"", ""fragment_max_positions"": null}]",[]
01130.f286229e3c2eeb5c682204de85d903c0,01130__salted__broad__cp200C__fragment.f286229e3c2eeb5c682204de85d903c0,broad,200C,fragment,,1,0,False,"[{""original_token"": ""SYSTEMWORKS"", ""salted_token"": ""S‌Y‌S‌T‌E‌M‌W‌O‌R‌K‌S"", ""start"": 7, ""end"": 18, ""salt_mode"": ""fragment"", ""fragment_max_positions"": null}]",[]
01130.f286229e3c2eeb5c682204de85d903c0,01130__salted__broad__cp200D__fragment.f286229e3c2eeb5c682204de85d903c0,broad,200D,fragment,,1,0,False,"[{""original_token"": ""SYSTEMWORKS"", ""salted_token"": ""S‍Y‍S‍T‍E‍M‍W‍O‍R‍K‍S"", ""start"": 7, ""end"": 18, ""salt_mode"": ""fragment"", ""fragment_max_positions"": null}]",[]
01130.f286229e3c2eeb5c682204de85d903c0,01130__salted__broad__cp00AD__fragment.f286229e3c2eeb5c682204de85d903c0,broad,00AD,fragment,,1,0,False,"[{""original_token"": ""SYSTEMWORKS"", ""salted_token"": ""S­Y­S­T­E­M­W­O­R­K­S"", ""start"": 7, ""end"": 18, ""salt_mode"": ""fragment"", ""fragment_max_positions"": null}]",[]
01131.c9bb07673bf9f048916cd2b9b1813724,01131__salted__broad__cp200B__fragment.c9bb07673bf9f048916cd2b9b1813724,broad,200B,fragment,,0,3,True,[],"[{""original_token"": ""currency"", ""salted_token"": ""c​u​r​r​e​n​c​y"", ""start"": 159, ""end"": 167, ""salt_mode"": ""fragment"", ""fragment_max_positions"": null}, {""original_token"": ""currency"", ""salted_token"": ""c​u​r​r​e​n​c​y"", ""start"": 267, ""end"": 275, ""salt_mode"": ""fragment"", ""fragment_max_positions"": null}, {""original_token"": ""visit"", ""salted_token"": ""v​i​s​i​t"", ""start"": 283, ""end"": 288, ""salt_mode"": ""fragment"", ""fragment_max_positions"": null}]"
01131.c9bb07673bf9f048916cd2b9b1813724,01131__salted__broad__cp200C__fragment.c9bb07673bf9f048916cd2b9b1813724,broad,200C,fragment,,0,3,True,[],"[{""original_token"": ""currency"", ""salted_token"": ""c‌u‌r‌r‌e‌n‌c‌y"", ""start"": 159, ""end"": 167, ""salt_mode"": ""fragment"", ""fragment_max_positions"": null}, {""original_token"": ""currency"", ""salted_token"": ""c‌u‌r‌r‌e‌n‌c‌y"", ""start"": 267, ""end"": 275, ""salt_mode"": ""fragment"", ""fragment_max_positions"": null}, {""original_token"": ""visit"", ""salted_token"": ""v‌i‌s‌i‌t"", ""start"": 283, ""end"": 288, ""salt_mode"": ""fragment"", ""fragment_max_positions"": null}]"
01131.c9bb07673bf9f048916cd2b9b1813724,01131__salted__broad__cp200D__fragment.c9bb07673bf9f048916cd2b9b1813724,broad,200D,fragment,,0,3,True,[],"[{""original_token"": ""currency"", ""salted_token"": ""c‍u‍r‍r‍e‍n‍c‍y"", ""start"": 159, ""end"": 167, ""salt_mode"": ""fragment"", ""fragment_max_positions"": null}, {""original_token"": ""currency"", ""salted_token"": ""c‍u‍r‍r‍e‍n‍c‍y"", ""start"": 267, ""end"": 275, ""salt_mode"": ""fragment"", ""fragment_max_positions"": null}, {""original_token"": ""visit"", ""salted_token"": ""v‍i‍s‍i‍t"", ""start"": 283, ""end"": 288, ""salt_mode"": ""fragment"", ""fragment_max_positions"": null}]"
01131.c9bb07673bf9f048916cd2b9b1813724,01131__salted__broad__cp00AD__fragment.c9bb07673bf9f048916cd2b9b1813724,broad,00AD,fragment,,0,3,True,[],"[{""original_token"": ""currency"", ""salted_token"": ""c­u­r­r­e­n­c­y"", ""start"": 159, ""end"": 167, ""salt_mode"": ""fragment"", ""fragment_max_positions"": null}, {""original_token"": ""currency"", ""salted_token"": ""c­u­r­r­e­n­c­y"", ""start"": 267, ""end"": 275, ""salt_mode"": ""fragment"", ""fragment_max_positions"": null}, {""original_token"": ""visit"", ""salted_token"": ""v­i­s­i­t"", ""start"": 283, ""end"": 288, ""salt_mode"": ""fragment"", ""fragment_max_positions"": null}]"
01132.3d0e60ced92087634f1433f12810096d,01132__salted__broad__cp200B__fragment.3d0e60ced92087634f1433f12810096d,broad,200B,fragment,,0,3,True,[],"[{""original_token"": ""guarantee"", ""salted_token"": ""g​u​a​r​a​n​t​e​e"", ""start"": 3, ""end"": 12, ""salt_mode"": ""fragment"", ""fragment_max_positions"": null}, {""original_token"": ""Obligation"", ""salted_token"": ""O​b​l​i​g​a​t​i​o​n"", ""start"": 175, ""end"": 185, ""salt_mode"": ""fragment"", ""fragment_max_positions"": null}, {""original_token"": ""click"", ""salted_token"": ""c​l​i​c​k"", ""start"": 382, ""end"": 387, ""salt_mode"": ""fragment"", ""fragment_max_positions"": null}]"
01132.3d0e60ced92087634f1433f12810096d,01132__salted__broad__cp200C__fragment.3d0e60ced92087634f1433f12810096d,broad,200C,fragment,,0,3,True,[],"[{""original_token"": ""guarantee"", ""salted_token"": ""g‌u‌a‌r‌a‌n‌t‌e‌e"", ""start"": 3, ""end"": 12, ""salt_mode"": ""fragment"", ""fragment_max_positions"": null}, {""original_token"": ""Obligation"", ""salted_token"": ""O‌b‌l‌i‌g‌a‌t‌i‌o‌n"", ""start"": 175, ""end"": 185, ""salt_mode"": ""fragment"", ""fragment_max_positions"": null}, {""original_token"": ""click"", ""salted_token"": ""c‌l‌i‌c‌k"", ""start"": 382, ""end"": 387, ""salt_mode"": ""fragment"", ""fragment_max_positions"": null}]"
01132.3d0e60ced92087634f1433f12810096d,01132__salted__broad__cp200D__fragment.3d0e60ced92087634f1433f12810096d,broad,200D,fragment,,0,3,True,[],"[{""original_token"": ""guarantee"", ""salted_token"": ""g‍u‍a‍r‍a‍n‍t‍e‍e"", ""start"": 3, ""end"": 12, ""salt_mode"": ""fragment"", ""fragment_max_positions"": null}, {""original_token"": ""Obligation"", ""salted_token"": ""O‍b‍l‍i‍g‍a‍t‍i‍o‍n"", ""start"": 175, ""end"": 185, ""salt_mode"": ""fragment"", ""fragment_max_positions"": null}, {""original_token"": ""click"", ""salted_token"": ""c‍l‍i‍c‍k"", ""start"": 382, ""end"": 387, ""salt_mode"": ""fragment"", ""fragment_max_positions"": null}]"
01132.3d0e60ced92087634f1433f12810096d,01132__salted__broad__cp00AD__fragment.3d0e60ced92087634f1433f12810096d,broad,00AD,fragment,,0,3,True,[],"[{""original_token"": ""guarantee"", ""salted_token"": ""g­u­a­r­a­n­t­e­e"", ""start"": 3, ""end"": 12, ""salt_mode"": ""fragment"", ""fragment_max_positions"": null}, {""original_token"": ""Obligation"", ""salted_token"": ""O­b­l­i­g­a­t­i­o­n"", ""start"": 175, ""end"": 185, ""salt_mode"": ""fragment"", ""fragment_max_positions"": null}, {""original_token"": ""click"", ""salted_token"": ""c­l­i­c­k"", ""start"": 382, ""end"": 387, ""salt_mode"": ""fragment"", ""fragment_max_positions"": null}]"
01140.c37701901dbb63bc34e8db544f431557,01140__salted__broad__cp200B__fragment.c37701901dbb63bc34e8db544f431557,broad,200B,fragment,,1,0,False,"[{""original_token"": ""Credit"", ""salted_token"": ""C​r​e​d​i​t"", ""start"": 4, ""end"": 10, ""salt_mode"": ""fragment"", ""fragment_max_positions"": null}]",[]
01140.c37701901dbb63bc34e8db544f431557,01140__salted__broad__cp200C__fragment.c37701901dbb63bc34e8db544f431557,broad,200C,fragment,,1,0,False,"[{""original_token"": ""Credit"", ""salted_token"": ""C‌r‌e‌d‌i‌t"", ""start"": 4, ""end"": 10, ""salt_mode"": ""fragment"", ""fragment_max_positions"": null}]",[]
01140.c37701901dbb63bc34e8db544f431557,01140__salted__broad__cp200D__fragment.c37701901dbb63bc34e8db544f431557,broad,200D,fragment,,1,0,False,"[{""original_token"": ""Credit"", ""salted_token"": ""C‍r‍e‍d‍i‍t"", ""start"": 4, ""end"": 10, ""salt_mode"": ""fragment"", ""fragment_max_positions"": null}]",[]
01140.c37701901dbb63bc34e8db544f431557,01140__salted__broad__cp00AD__fragment.c37701901dbb63bc34e8db544f431557,broad,00AD,fragment,,1,0,False,"[{""original_token"": ""Credit"", ""salted_token"": ""C­r­e­d­i­t"", ""start"": 4, ""end"": 10, ""salt_mode"": ""fragment"", ""fragment_max_positions"": null}]",[]
01145.a34477ade6db9376e4f8ccbfa8607881,01145__salted__broad__cp200B__fragment.a34477ade6db9376e4f8ccbfa8607881,broad,200B,fragment,,1,3,True,"[{""original_token"": ""MORTGAGE"", ""salted_token"": ""M​O​R​T​G​A​G​E"", ""start"": 0, ""end"": 8, ""salt_mode"": ""fragment"", ""fragment_max_positions"": null}]","[{""original_token"": ""HUNDREDS"", ""salted_token"": ""H​U​N​D​R​E​D​S"", ""start"": 93, ""end"": 101, ""salt_mode"": ""fragment"", ""fragment_max_positions"": null}, {""original_token"": ""lenders"", ""salted_token"": ""l​e​n​d​e​r​s"", ""start"": 105, ""end"": 112, ""salt_mode"": ""fragment"", ""fragment_max_positions"": null}, {""original_token"": ""compete"", ""salted_token"": ""c​o​m​p​e​t​e"", ""start"": 113, ""end"": 120, ""salt_mode"": ""fragment"", ""fragment_max_positions"": null}]"
01145.a34477ade6db9376e4f8ccbfa8607881,01145__salted__broad__cp200C__fragment.a34477ade6db9376e4f8ccbfa8607881,broad,200C,fragment,,1,3,True,"[{""original_token"": ""MORTGAGE"", ""salted_token"": ""M‌O‌R‌T‌G‌A‌G‌E"", ""start"": 0, ""end"": 8, ""salt_mode"": ""fragment"", ""fragment_max_positions"": null}]","[{""original_token"": ""HUNDREDS"", ""salted_token"": ""H‌U‌N‌D‌R‌E‌D‌S"", ""start"": 93, ""end"": 101, ""salt_mode"": ""fragment"", ""fragment_max_positions"": null}, {""original_token"": ""lenders"", ""salted_token"": ""l‌e‌n‌d‌e‌r‌s"", ""start"": 105, ""end"": 112, ""salt_mode"": ""fragment"", ""fragment_max_positions"": null}, {""original_token"": ""compete"", ""salted_token"": ""c‌o‌m‌p‌e‌t‌e"", ""start"": 113, ""end"": 120, ""salt_mode"": ""fragment"", ""fragment_max_positions"": null}]"
01145.a34477ade6db9376e4f8ccbfa8607881,01145__salted__broad__cp200D__fragment.a34477ade6db9376e4f8ccbfa8607881,broad,200D,fragment,,1,3,True,"[{""original_token"": ""MORTGAGE"", ""salted_token"": ""M‍O‍R‍T‍G‍A‍G‍E"", ""start"": 0, ""end"": 8, ""salt_mode"": ""fragment"", ""fragment_max_positions"": null}]","[{""original_token"": ""HUNDREDS"", ""salted_token"": ""H‍U‍N‍D‍R‍E‍D‍S"", ""start"": 93, ""end"": 101, ""salt_mode"": ""fragment"", ""fragment_max_positions"": null}, {""original_token"": ""lenders"", ""salted_token"": ""l‍e‍n‍d‍e‍r‍s"", ""start"": 105, ""end"": 112, ""salt_mode"": ""fragment"", ""fragment_max_positions"": null}, {""original_token"": ""compete"", ""salted_token"": ""c‍o‍m‍p‍e‍t‍e"", ""start"": 113, ""end"": 120, ""salt_mode"": ""fragment"", ""fragment_max_positions"": null}]"
01145.a34477ade6db9376e4f8ccbfa8607881,01145__salted__broad__cp00AD__fragment.a34477ade6db9376e4f8ccbfa8607881,broad,00AD,fragment,,1,3,True,"[{""original_token"": ""MORTGAGE"", ""salted_token"": ""M­O­R­T­G­A­G­E"", ""start"": 0, ""end"": 8, ""salt_mode"": ""fragment"", ""fragment_max_positions"": null}]","[{""original_token"": ""HUNDREDS"", ""salted_token"": ""H­U­N­D­R­E­D­S"", ""start"": 93, ""end"": 101, ""salt_mode"": ""fragment"", ""fragment_max_positions"": null}, {""original_token"": ""lenders"", ""salted_token"": ""l­e­n­d­e­r­s"", ""start"": 105, ""end"": 112, ""salt_mode"": ""fragment"", ""fragment_max_positions"": null}, {""original_token"": ""compete"", ""salted_token"": ""c­o­m­p­e­t­e"", ""start"": 113, ""end"": 120, ""salt_mode"": ""fragment"", ""fragment_max_positions"": null}]"
01147.50120ae9e4f1745bf7a4178b52cd95ca,01147__salted__broad__cp200B__fragment.50120ae9e4f1745bf7a4178b52cd95ca,broad,200B,fragment,,1,0,False,"[{""original_token"": ""Credit"", ""salted_token"": ""C​r​e​d​i​t"", ""start"": 16, ""end"": 22, ""salt_mode"": ""fragment"", ""fragment_max_positions"": null}]",[]
01147.50120ae9e4f1745bf7a4178b52cd95ca,01147__salted__broad__cp200C__fragment.50120ae9e4f1745bf7a4178b52cd95ca,broad,200C,fragment,,1,0,False,"[{""original_token"": ""Credit"", ""salted_token"": ""C‌r‌e‌d‌i‌t"", ""start"": 16, ""end"": 22, ""salt_mode"": ""fragment"", ""fragment_max_positions"": null}]",[]
01147.50120ae9e4f1745bf7a4178b52cd95ca,01147__salted__broad__cp200D__fragment.50120ae9e4f1745bf7a4178b52cd95ca,broad,200D,fragment,,1,0,False,"[{""original_token"": ""Credit"", ""salted_token"": ""C‍r‍e‍d‍i‍t"", ""start"": 16, ""end"": 22, ""salt_mode"": ""fragment"", ""fragment_max_positions"": null}]",[]
01147.50120ae9e4f1745bf7a4178b52cd95ca,01147__salted__broad__cp00AD__fragment.50120ae9e4f1745bf7a4178b52cd95ca,broad,00AD,fragment,,1,0,False,"[{""original_token"": ""Credit"", ""salted_token"": ""C­r­e­d­i­t"", ""start"": 16, ""end"": 22, ""salt_mode"": ""fragment"", ""fragment_max_positions"": null}]",[]
01151.e295c81d698d58f43f17bde22076cbef,01151__salted__broad__cp200B__fragment.e295c81d698d58f43f17bde22076cbef,broad,200B,fragment,,1,3,True,"[{""original_token"": ""Telephone"", ""salted_token"": ""T​e​l​e​p​h​o​n​e"", ""start"": 14, ""end"": 23, ""salt_mode"": ""fragment"", ""fragment_max_positions"": null}]","[{""original_token"": ""Dear"", ""salted_token"": ""D​e​a​r"", ""start"": 0, ""end"": 4, ""salt_mode"": ""fragment"", ""fragment_max_positions"": null}, {""original_token"": ""introduce"", ""salted_token"": ""i​n​t​r​o​d​u​c​e"", ""start"": 27, ""end"": 36, ""salt_mode"": ""fragment"", ""fragment_max_positions"": null}, {""original_token"": ""Million"", ""salted_token"": ""M​i​l​l​i​o​n"", ""start"": 617, ""end"": 624, ""salt_mode"": ""fragment"", ""fragment_max_positions"": null}]"
01151.e295c81d698d58f43f17bde22076cbef,01151__salted__broad__cp200C__fragment.e295c81d698d58f43f17bde22076cbef,broad,200C,fragment,,1,3,True,"[{""original_token"": ""Telephone"", ""salted_token"": ""T‌e‌l‌e‌p‌h‌o‌n‌e"", ""start"": 14, ""end"": 23, ""salt_mode"": ""fragment"", ""fragment_max_positions"": null}]","[{""original_token"": ""Dear"", ""salted_token"": ""D‌e‌a‌r"", ""start"": 0, ""end"": 4, ""salt_mode"": ""fragment"", ""fragment_max_positions"": null}, {""original_token"": ""introduce"", ""salted_token"": ""i‌n‌t‌r‌o‌d‌u‌c‌e"", ""start"": 27, ""end"": 36, ""salt_mode"": ""fragment"", ""fragment_max_positions"": null}, {""original_token"": ""Million"", ""salted_token"": ""M‌i‌l‌l‌i‌o‌n"", ""start"": 617, ""end"": 624, ""salt_mode"": ""fragment"", ""fragment_max_positions"": null}]"
01151.e295c81d698d58f43f17bde22076cbef,01151__salted__broad__cp200D__fragment.e295c81d698d58f43f17bde22076cbef,broad,200D,fragment,,1,3,True,"[{""original_token"": ""Telephone"", ""salted_token"": ""T‍e‍l‍e‍p‍h‍o‍n‍e"", ""start"": 14, ""end"": 23, ""salt_mode"": ""fragment"", ""fragment_max_positions"": null}]","[{""original_token"": ""Dear"", ""salted_token"": ""D‍e‍a‍r"", ""start"": 0, ""end"": 4, ""salt_mode"": ""fragment"", ""fragment_max_positions"": null}, {""original_token"": ""introduce"", ""salted_token"": ""i‍n‍t‍r‍o‍d‍u‍c‍e"", ""start"": 27, ""end"": 36, ""salt_mode"": ""fragment"", ""fragment_max_positions"": null}, {""original_token"": ""Million"", ""salted_token"": ""M‍i‍l‍l‍i‍o‍n"", ""start"": 617, ""end"": 624, ""salt_mode"": ""fragment"", ""fragment_max_positions"": null}]"
01151.e295c81d698d58f43f17bde22076cbef,01151__salted__broad__cp00AD__fragment.e295c81d698d58f43f17bde22076cbef,broad,00AD,fragment,,1,3,True,"[{""original_token"": ""Telephone"", ""salted_token"": ""T­e­l­e­p­h­o­n­e"", ""start"": 14, ""end"": 23, ""salt_mode"": ""fragment"", ""fragment_max_positions"": null}]","[{""original_token"": ""Dear"", ""salted_token"": ""D­e­a­r"", ""start"": 0, ""end"": 4, ""salt_mode"": ""fragment"", ""fragment_max_positions"": null}, {""original_token"": ""introduce"", ""salted_token"": ""i­n­t­r­o­d­u­c­e"", ""start"": 27, ""end"": 36, ""salt_mode"": ""fragment"", ""fragment_max_positions"": null}, {""original_token"": ""Million"", ""salted_token"": ""M­i­l­l­i­o­n"", ""start"": 617, ""end"": 624, ""salt_mode"": ""fragment"", ""fragment_max_positions"": null}]"
01158.5acbdb7eb695f96c08d960a56058481d,01158__salted__broad__cp200B__fragment.5acbdb7eb695f96c08d960a56058481d,broad,200B,fragment,,1,3,True,"[{""original_token"": ""Refinance"", ""salted_token"": ""R​e​f​i​n​a​n​c​e"", ""start"": 12, ""end"": 21, ""salt_mode"": ""fragment"", ""fragment_max_positions"": null}]","[{""original_token"": ""rates"", ""salted_token"": ""r​a​t​e​s"", ""start"": 295, ""end"": 300, ""salt_mode"": ""fragment"", ""fragment_max_positions"": null}, {""original_token"": ""Refinance"", ""salted_token"": ""R​e​f​i​n​a​n​c​e"", ""start"": 416, ""end"": 425, ""salt_mode"": ""fragment"", ""fragment_max_positions"": null}, {""original_token"": ""credit"", ""salted_token"": ""c​r​e​d​i​t"", ""start"": 455, ""end"": 461, ""salt_mode"": ""fragment"", ""fragment_max_positions"": null}]"
01158.5acbdb7eb695f96c08d960a56058481d,01158__salted__broad__cp200C__fragment.5acbdb7eb695f96c08d960a56058481d,broad,200C,fragment,,1,3,True,"[{""original_token"": ""Refinance"", ""salted_token"": ""R‌e‌f‌i‌n‌a‌n‌c‌e"", ""start"": 12, ""end"": 21, ""salt_mode"": ""fragment"", ""fragment_max_positions"": null}]","[{""original_token"": ""rates"", ""salted_token"": ""r‌a‌t‌e‌s"", ""start"": 295, ""end"": 300, ""salt_mode"": ""fragment"", ""fragment_max_positions"": null}, {""original_token"": ""Refinance"", ""salted_token"": ""R‌e‌f‌i‌n‌a‌n‌c‌e"", ""start"": 416, ""end"": 425, ""salt_mode"": ""fragment"", ""fragment_max_positions"": null}, {""original_token"": ""credit"", ""salted_token"": ""c‌r‌e‌d‌i‌t"", ""start"": 455, ""end"": 461, ""salt_mode"": ""fragment"", ""fragment_max_positions"": null}]"
01158.5acbdb7eb695f96c08d960a56058481d,01158__salted__broad__cp200D__fragment.5acbdb7eb695f96c08d960a56058481d,broad,200D,fragment,,1,3,True,"[{""original_token"": ""Refinance"", ""salted_token"": ""R‍e‍f‍i‍n‍a‍n‍c‍e"", ""start"": 12, ""end"": 21, ""salt_mode"": ""fragment"", ""fragment_max_positions"": null}]","[{""original_token"": ""rates"", ""salted_token"": ""r‍a‍t‍e‍s"", ""start"": 295, ""end"": 300, ""salt_mode"": ""fragment"", ""fragment_max_positions"": null}, {""original_token"": ""Refinance"", ""salted_token"": ""R‍e‍f‍i‍n‍a‍n‍c‍e"", ""start"": 416, ""end"": 425, ""salt_mode"": ""fragment"", ""fragment_max_positions"": null}, {""original_token"": ""credit"", ""salted_token"": ""c‍r‍e‍d‍i‍t"", ""start"": 455, ""end"": 461, ""salt_mode"": ""fragment"", ""fragment_max_positions"": null}]"
01158.5acbdb7eb695f96c08d960a56058481d,01158__salted__broad__cp00AD__fragment.5acbdb7eb695f96c08d960a56058481d,broad,00AD,fragment,,1,3,True,"[{""original_token"": ""Refinance"", ""salted_token"": ""R­e­f­i­n­a­n­c­e"", ""start"": 12, ""end"": 21, ""salt_mode"": ""fragment"", ""fragment_max_positions"": null}]","[{""original_token"": ""rates"", ""salted_token"": ""r­a­t­e­s"", ""start"": 295, ""end"": 300, ""salt_mode"": ""fragment"", ""fragment_max_positions"": null}, {""original_token"": ""Refinance"", ""salted_token"": ""R­e­f­i­n­a­n­c­e"", ""start"": 416, ""end"": 425, ""salt_mode"": ""fragment"", ""fragment_max_positions"": null}, {""original_token"": ""credit"", ""salted_token"": ""c­r­e­d­i­t"", ""start"": 455, ""end"": 461, ""salt_mode"": ""fragment"", ""fragment_max_positions"": null}]"
01161.174f2cb358ca3f08f4308f87ca64842f,01161__salted__broad__cp200B__fragment.174f2cb358ca3f08f4308f87ca64842f,broad,200B,fragment,,0,3,True,[],"[{""original_token"": ""receive"", ""salted_token"": ""r​e​c​e​i​v​e"", ""start"": 39, ""end"": 46, ""salt_mode"": ""fragment"", ""fragment_max_positions"": null}, {""original_token"": ""monthly"", ""salted_token"": ""m​o​n​t​h​l​y"", ""start"": 49, ""end"": 56, ""salt_mode"": ""fragment"", ""fragment_max_positions"": null}, {""original_token"": ""investment"", ""salted_token"": ""i​n​v​e​s​t​m​e​n​t"", ""start"": 106, ""end"": 116, ""salt_mode"": ""fragment"", ""fragment_max_positions"": null}]"
01161.174f2cb358ca3f08f4308f87ca64842f,01161__salted__broad__cp200C__fragment.174f2cb358ca3f08f4308f87ca64842f,broad,200C,fragment,,0,3,True,[],"[{""original_token"": ""receive"", ""salted_token"": ""r‌e‌c‌e‌i‌v‌e"", ""start"": 39, ""end"": 46, ""salt_mode"": ""fragment"", ""fragment_max_positions"": null}, {""original_token"": ""monthly"", ""salted_token"": ""m‌o‌n‌t‌h‌l‌y"", ""start"": 49, ""end"": 56, ""salt_mode"": ""fragment"", ""fragment_max_positions"": null}, {""original_token"": ""investment"", ""salted_token"": ""i‌n‌v‌e‌s‌t‌m‌e‌n‌t"", ""start"": 106, ""end"": 116, ""salt_mode"": ""fragment"", ""fragment_max_positions"": null}]"
01161.174f2cb358ca3f08f4308f87ca64842f,01161__salted__broad__cp200D__fragment.174f2cb358ca3f08f4308f87ca64842f,broad,200D,fragment,,0,3,True,[],"[{""original_token"": ""receive"", ""salted_token"": ""r‍e‍c‍e‍i‍v‍e"", ""start"": 39, ""end"": 46, ""salt_mode"": ""fragment"", ""fragment_max_positions"": null}, {""original_token"": ""monthly"", ""salted_token"": ""m‍o‍n‍t‍h‍l‍y"", ""start"": 49, ""end"": 56, ""salt_mode"": ""fragment"", ""fragment_max_positions"": null}, {""original_token"": ""investment"", ""salted_token"": ""i‍n‍v‍e‍s‍t‍m‍e‍n‍t"", ""start"": 106, ""end"": 116, ""salt_mode"": ""fragment"", ""fragment_max_positions"": null}]"
01161.174f2cb358ca3f08f4308f87ca64842f,01161__salted__broad__cp00AD__fragment.174f2cb358ca3f08f4308f87ca64842f,broad,00AD,fragment,,0,3,True,[],"[{""original_token"": ""receive"", ""salted_token"": ""r­e­c­e­i­v­e"", ""start"": 39, ""end"": 46, ""salt_mode"": ""fragment"", ""fragment_max_positions"": null}, {""original_token"": ""monthly"", ""salted_token"": ""m­o­n­t­h­l­y"", ""start"": 49, ""end"": 56, ""salt_mode"": ""fragment"", ""fragment_max_positions"": null}, {""original_token"": ""investment"", ""salted_token"": ""i­n­v­e­s­t­m­e­n­t"", ""start"": 106, ""end"": 116, ""salt_mode"": ""fragment"", ""fragment_max_positions"": null}]"
01165.8c661bf07a1a7a5fe8a9efc2439d17a1,01165__salted__broad__cp200B__fragment.8c661bf07a1a7a5fe8a9efc2439d17a1,broad,200B,fragment,,0,3,True,[],"[{""original_token"": ""mortgage"", ""salted_token"": ""m​o​r​t​g​a​g​e"", ""start"": 25, ""end"": 33, ""salt_mode"": ""fragment"", ""fragment_max_positions"": null}, {""original_token"": ""loan"", ""salted_token"": ""l​o​a​n"", ""start"": 34, ""end"": 38, ""salt_mode"": ""fragment"", ""fragment_max_positions"": null}, {""original_token"": ""loan"", ""salted_token"": ""l​o​a​n"", ""start"": 150, ""end"": 154, ""salt_mode"": ""fragment"", ""fragment_max_positions"": null}]"
01165.8c661bf07a1a7a5fe8a9efc2439d17a1,01165__salted__broad__cp200C__fragment.8c661bf07a1a7a5fe8a9efc2439d17a1,broad,200C,fragment,,0,3,True,[],"[{""original_token"": ""mortgage"", ""salted_token"": ""m‌o‌r‌t‌g‌a‌g‌e"", ""start"": 25, ""end"": 33, ""salt_mode"": ""fragment"", ""fragment_max_positions"": null}, {""original_token"": ""loan"", ""salted_token"": ""l‌o‌a‌n"", ""start"": 34, ""end"": 38, ""salt_mode"": ""fragment"", ""fragment_max_positions"": null}, {""original_token"": ""loan"", ""salted_token"": ""l‌o‌a‌n"", ""start"": 150, ""end"": 154, ""salt_mode"": ""fragment"", ""fragment_max_positions"": null}]"
01165.8c661bf07a1a7a5fe8a9efc2439d17a1,01165__salted__broad__cp200D__fragment.8c661bf07a1a7a5fe8a9efc2439d17a1,broad,200D,fragment,,0,3,True,[],"[{""original_token"": ""mortgage"", ""salted_token"": ""m‍o‍r‍t‍g‍a‍g‍e"", ""start"": 25, ""end"": 33, ""salt_mode"": ""fragment"", ""fragment_max_positions"": null}, {""original_token"": ""loan"", ""salted_token"": ""l‍o‍a‍n"", ""start"": 34, ""end"": 38, ""salt_mode"": ""fragment"", ""fragment_max_positions"": null}, {""original_token"": ""loan"", ""salted_token"": ""l‍o‍a‍n"", ""start"": 150, ""end"": 154, ""salt_mode"": ""fragment"", ""fragment_max_positions"": null}]"
01165.8c661bf07a1a7a5fe8a9efc2439d17a1,01165__salted__broad__cp00AD__fragment.8c661bf07a1a7a5fe8a9efc2439d17a1,broad,00AD,fragment,,0,3,True,[],"[{""original_token"": ""mortgage"", ""salted_token"": ""m­o­r­t­g­a­g­e"", ""start"": 25, ""end"": 33, ""salt_mode"": ""fragment"", ""fragment_max_positions"": null}, {""original_token"": ""loan"", ""salted_token"": ""l­o­a­n"", ""start"": 34, ""end"": 38, ""salt_mode"": ""fragment"", ""fragment_max_positions"": null}, {""original_token"": ""loan"", ""salted_token"": ""l­o­a­n"", ""start"": 150, ""end"": 154, ""salt_mode"": ""fragment"", ""fragment_max_positions"": null}]"
01167.2ac57a0189fa2b8713202b84e587b707,01167__salted__broad__cp200B__fragment.2ac57a0189fa2b8713202b84e587b707,broad,200B,fragment,,1,0,False,"[{""original_token"": ""Postal"", ""salted_token"": ""P​o​s​t​a​l"", ""start"": 0, ""end"": 6, ""salt_mode"": ""fragment"", ""fragment_max_positions"": null}]",[]
01167.2ac57a0189fa2b8713202b84e587b707,01167__salted__broad__cp200C__fragment.2ac57a0189fa2b8713202b84e587b707,broad,200C,fragment,,1,0,False,"[{""original_token"": ""Postal"", ""salted_token"": ""P‌o‌s‌t‌a‌l"", ""start"": 0, ""end"": 6, ""salt_mode"": ""fragment"", ""fragment_max_positions"": null}]",[]
01167.2ac57a0189fa2b8713202b84e587b707,01167__salted__broad__cp200D__fragment.2ac57a0189fa2b8713202b84e587b707,broad,200D,fragment,,1,0,False,"[{""original_token"": ""Postal"", ""salted_token"": ""P‍o‍s‍t‍a‍l"", ""start"": 0, ""end"": 6, ""salt_mode"": ""fragment"", ""fragment_max_positions"": null}]",[]
01167.2ac57a0189fa2b8713202b84e587b707,01167__salted__broad__cp00AD__fragment.2ac57a0189fa2b8713202b84e587b707,broad,00AD,fragment,,1,0,False,"[{""original_token"": ""Postal"", ""salted_token"": ""P­o­s­t­a­l"", ""start"": 0, ""end"": 6, ""salt_mode"": ""fragment"", ""fragment_max_positions"": null}]",[]
01169.4e5cf6c3e8863047dbba1bfca2ebab97,01169__salted__broad__cp200B__fragment.4e5cf6c3e8863047dbba1bfca2ebab97,broad,200B,fragment,,0,3,True,[],"[{""original_token"": ""fortune"", ""salted_token"": ""f​o​r​t​u​n​e"", ""start"": 36, ""end"": 43, ""salt_mode"": ""fragment"", ""fragment_max_positions"": null}, {""original_token"": ""career"", ""salted_token"": ""c​a​r​e​e​r"", ""start"": 241, ""end"": 247, ""salt_mode"": ""fragment"", ""fragment_max_positions"": null}, {""original_token"": ""opportunity"", ""salted_token"": ""o​p​p​o​r​t​u​n​i​t​y"", ""start"": 311, ""end"": 322, ""salt_mode"": ""fragment"", ""fragment_max_positions"": null}]"
01169.4e5cf6c3e8863047dbba1bfca2ebab97,01169__salted__broad__cp200C__fragment.4e5cf6c3e8863047dbba1bfca2ebab97,broad,200C,fragment,,0,3,True,[],"[{""original_token"": ""fortune"", ""salted_token"": ""f‌o‌r‌t‌u‌n‌e"", ""start"": 36, ""end"": 43, ""salt_mode"": ""fragment"", ""fragment_max_positions"": null}, {""original_token"": ""career"", ""salted_token"": ""c‌a‌r‌e‌e‌r"", ""start"": 241, ""end"": 247, ""salt_mode"": ""fragment"", ""fragment_max_positions"": null}, {""original_token"": ""opportunity"", ""salted_token"": ""o‌p‌p‌o‌r‌t‌u‌n‌i‌t‌y"", ""start"": 311, ""end"": 322, ""salt_mode"": ""fragment"", ""fragment_max_positions"": null}]"
01169.4e5cf6c3e8863047dbba1bfca2ebab97,01169__salted__broad__cp200D__fragment.4e5cf6c3e8863047dbba1bfca2ebab97,broad,200D,fragment,,0,3,True,[],"[{""original_token"": ""fortune"", ""salted_token"": ""f‍o‍r‍t‍u‍n‍e"", ""start"": 36, ""end"": 43, ""salt_mode"": ""fragment"", ""fragment_max_positions"": null}, {""original_token"": ""career"", ""salted_token"": ""c‍a‍r‍e‍e‍r"", ""start"": 241, ""end"": 247, ""salt_mode"": ""fragment"", ""fragment_max_positions"": null}, {""original_token"": ""opportunity"", ""salted_token"": ""o‍p‍p‍o‍r‍t‍u‍n‍i‍t‍y"", ""start"": 311, ""end"": 322, ""salt_mode"": ""fragment"", ""fragment_max_positions"": null}]"
01169.4e5cf6c3e8863047dbba1bfca2ebab97,01169__salted__broad__cp00AD__fragment.4e5cf6c3e8863047dbba1bfca2ebab97,broad,00AD,fragment,,0,3,True,[],"[{""original_token"": ""fortune"", ""salted_token"": ""f­o­r­t­u­n­e"", ""start"": 36, ""end"": 43, ""salt_mode"": ""fragment"", ""fragment_max_positions"": null}, {""original_token"": ""career"", ""salted_token"": ""c­a­r­e­e­r"", ""start"": 241, ""end"": 247, ""salt_mode"": ""fragment"", ""fragment_max_positions"": null}, {""original_token"": ""opportunity"", ""salted_token"": ""o­p­p­o­r­t­u­n­i­t­y"", ""start"": 311, ""end"": 322, ""salt_mode"": ""fragment"", ""fragment_max_positions"": null}]"
01173.e0da19fcbb5649aa5104320ce38c6906,01173__salted__broad__cp200B__fragment.e0da19fcbb5649aa5104320ce38c6906,broad,200B,fragment,,0,3,True,[],"[{""original_token"": ""prices"", ""salted_token"": ""p​r​i​c​e​s"", ""start"": 192, ""end"": 198, ""salt_mode"": ""fragment"", ""fragment_max_positions"": null}, {""original_token"": ""Brand"", ""salted_token"": ""B​r​a​n​d"", ""start"": 309, ""end"": 314, ""salt_mode"": ""fragment"", ""fragment_max_positions"": null}, {""original_token"": ""Warranty"", ""salted_token"": ""W​a​r​r​a​n​t​y"", ""start"": 1007, ""end"": 1015, ""salt_mode"": ""fragment"", ""fragment_max_positions"": null}]"
01173.e0da19fcbb5649aa5104320ce38c6906,01173__salted__broad__cp200C__fragment.e0da19fcbb5649aa5104320ce38c6906,broad,200C,fragment,,0,3,True,[],"[{""original_token"": ""prices"", ""salted_token"": ""p‌r‌i‌c‌e‌s"", ""start"": 192, ""end"": 198, ""salt_mode"": ""fragment"", ""fragment_max_positions"": null}, {""original_token"": ""Brand"", ""salted_token"": ""B‌r‌a‌n‌d"", ""start"": 309, ""end"": 314, ""salt_mode"": ""fragment"", ""fragment_max_positions"": null}, {""original_token"": ""Warranty"", ""salted_token"": ""W‌a‌r‌r‌a‌n‌t‌y"", ""start"": 1007, ""end"": 1015, ""salt_mode"": ""fragment"", ""fragment_max_positions"": null}]"
01173.e0da19fcbb5649aa5104320ce38c6906,01173__salted__broad__cp200D__fragment.e0da19fcbb5649aa5104320ce38c6906,broad,200D,fragment,,0,3,True,[],"[{""original_token"": ""prices"", ""salted_token"": ""p‍r‍i‍c‍e‍s"", ""start"": 192, ""end"": 198, ""salt_mode"": ""fragment"", ""fragment_max_positions"": null}, {""original_token"": ""Brand"", ""salted_token"": ""B‍r‍a‍n‍d"", ""start"": 309, ""end"": 314, ""salt_mode"": ""fragment"", ""fragment_max_positions"": null}, {""original_token"": ""Warranty"", ""salted_token"": ""W‍a‍r‍r‍a‍n‍t‍y"", ""start"": 1007, ""end"": 1015, ""salt_mode"": ""fragment"", ""fragment_max_positions"": null}]"
01173.e0da19fcbb5649aa5104320ce38c6906,01173__salted__broad__cp00AD__fragment.e0da19fcbb5649aa5104320ce38c6906,broad,00AD,fragment,,0,3,True,[],"[{""original_token"": ""prices"", ""salted_token"": ""p­r­i­c­e­s"", ""start"": 192, ""end"": 198, ""salt_mode"": ""fragment"", ""fragment_max_positions"": null}, {""original_token"": ""Brand"", ""salted_token"": ""B­r­a­n­d"", ""start"": 309, ""end"": 314, ""salt_mode"": ""fragment"", ""fragment_max_positions"": null}, {""original_token"": ""Warranty"", ""salted_token"": ""W­a­r­r­a­n­t­y"", ""start"": 1007, ""end"": 1015, ""salt_mode"": ""fragment"", ""fragment_max_positions"": null}]"
01179.6ee962bd413cb11865cd06c4be725c5e,01179__salted__broad__cp200B__fragment.6ee962bd413cb11865cd06c4be725c5e,broad,200B,fragment,,1,0,False,"[{""original_token"": ""CASH"", ""salted_token"": ""C​A​S​H"", ""start"": 14, ""end"": 18, ""salt_mode"": ""fragment"", ""fragment_max_positions"": null}]",[]
01179.6ee962bd413cb11865cd06c4be725c5e,01179__salted__broad__cp200C__fragment.6ee962bd413cb11865cd06c4be725c5e,broad,200C,fragment,,1,0,False,"[{""original_token"": ""CASH"", ""salted_token"": ""C‌A‌S‌H"", ""start"": 14, ""end"": 18, ""salt_mode"": ""fragment"", ""fragment_max_positions"": null}]",[]
01179.6ee962bd413cb11865cd06c4be725c5e,01179__salted__broad__cp200D__fragment.6ee962bd413cb11865cd06c4be725c5e,broad,200D,fragment,,1,0,False,"[{""original_token"": ""CASH"", ""salted_token"": ""C‍A‍S‍H"", ""start"": 14, ""end"": 18, ""salt_mode"": ""fragment"", ""fragment_max_positions"": null}]",[]
01179.6ee962bd413cb11865cd06c4be725c5e,01179__salted__broad__cp00AD__fragment.6ee962bd413cb11865cd06c4be725c5e,broad,00AD,fragment,,1,0,False,"[{""original_token"": ""CASH"", ""salted_token"": ""C­A­S­H"", ""start"": 14, ""end"": 18, ""salt_mode"": ""fragment"", ""fragment_max_positions"": null}]",[]
01182.209dbb3bedae1ecd5ed23fb03049244e,01182__salted__broad__cp200B__fragment.209dbb3bedae1ecd5ed23fb03049244e,broad,200B,fragment,,0,3,True,[],"[{""original_token"": ""Dear"", ""salted_token"": ""D​e​a​r"", ""start"": 0, ""end"": 4, ""salt_mode"": ""fragment"", ""fragment_max_positions"": null}, {""original_token"": ""communication"", ""salted_token"": ""c​o​m​m​u​n​i​c​a​t​i​o​n"", ""start"": 261, ""end"": 274, ""salt_mode"": ""fragment"", ""fragment_max_positions"": null}, {""original_token"": ""confidential"", ""salted_token"": ""c​o​n​f​i​d​e​n​t​i​a​l"", ""start"": 380, ""end"": 392, ""salt_mode"": ""fragment"", ""fragment_max_positions"": null}]"
01182.209dbb3bedae1ecd5ed23fb03049244e,01182__salted__broad__cp200C__fragment.209dbb3bedae1ecd5ed23fb03049244e,broad,200C,fragment,,0,3,True,[],"[{""original_token"": ""Dear"", ""salted_token"": ""D‌e‌a‌r"", ""start"": 0, ""end"": 4, ""salt_mode"": ""fragment"", ""fragment_max_positions"": null}, {""original_token"": ""communication"", ""salted_token"": ""c‌o‌m‌m‌u‌n‌i‌c‌a‌t‌i‌o‌n"", ""start"": 261, ""end"": 274, ""salt_mode"": ""fragment"", ""fragment_max_positions"": null}, {""original_token"": ""confidential"", ""salted_token"": ""c‌o‌n‌f‌i‌d‌e‌n‌t‌i‌a‌l"", ""start"": 380, ""end"": 392, ""salt_mode"": ""fragment"", ""fragment_max_positions"": null}]"
01182.209dbb3bedae1ecd5ed23fb03049244e,01182__salted__broad__cp200D__fragment.209dbb3bedae1ecd5ed23fb03049244e,broad,200D,fragment,,0,3,True,[],"[{""original_token"": ""Dear"", ""salted_token"": ""D‍e‍a‍r"", ""start"": 0, ""end"": 4, ""salt_mode"": ""fragment"", ""fragment_max_positions"": null}, {""original_token"": ""communication"", ""salted_token"": ""c‍o‍m‍m‍u‍n‍i‍c‍a‍t‍i‍o‍n"", ""start"": 261, ""end"": 274, ""salt_mode"": ""fragment"", ""fragment_max_positions"": null}, {""original_token"": ""confidential"", ""salted_token"": ""c‍o‍n‍f‍i‍d‍e‍n‍t‍i‍a‍l"", ""start"": 380, ""end"": 392, ""salt_mode"": ""fragment"", ""fragment_max_positions"": null}]"
01182.209dbb3bedae1ecd5ed23fb03049244e,01182__salted__broad__cp00AD__fragment.209dbb3bedae1ecd5ed23fb03049244e,broad,00AD,fragment,,0,3,True,[],"[{""original_token"": ""Dear"", ""salted_token"": ""D­e­a­r"", ""start"": 0, ""end"": 4, ""salt_mode"": ""fragment"", ""fragment_max_positions"": null}, {""original_token"": ""communication"", ""salted_token"": ""c­o­m­m­u­n­i­c­a­t­i­o­n"", ""start"": 261, ""end"": 274, ""salt_mode"": ""fragment"", ""fragment_max_positions"": null}, {""original_token"": ""confidential"", ""salted_token"": ""c­o­n­f­i­d­e­n­t­i­a­l"", ""start"": 380, ""end"": 392, ""salt_mode"": ""fragment"", ""fragment_max_positions"": null}]"
01184.5216074bef5bb01e0b1301d375283c51,01184__salted__broad__cp200B__fragment.5216074bef5bb01e0b1301d375283c51,broad,200B,fragment,,1,0,False,"[{""original_token"": ""CLICK"", ""salted_token"": ""C​L​I​C​K"", ""start"": 41, ""end"": 46, ""salt_mode"": ""fragment"", ""fragment_max_positions"": null}]",[]
01184.5216074bef5bb01e0b1301d375283c51,01184__salted__broad__cp200C__fragment.5216074bef5bb01e0b1301d375283c51,broad,200C,fragment,,1,0,False,"[{""original_token"": ""CLICK"", ""salted_token"": ""C‌L‌I‌C‌K"", ""start"": 41, ""end"": 46, ""salt_mode"": ""fragment"", ""fragment_max_positions"": null}]",[]
01184.5216074bef5bb01e0b1301d375283c51,01184__salted__broad__cp200D__fragment.5216074bef5bb01e0b1301d375283c51,broad,200D,fragment,,1,0,False,"[{""original_token"": ""CLICK"", ""salted_token"": ""C‍L‍I‍C‍K"", ""start"": 41, ""end"": 46, ""salt_mode"": ""fragment"", ""fragment_max_positions"": null}]",[]
01184.5216074bef5bb01e0b1301d375283c51,01184__salted__broad__cp00AD__fragment.5216074bef5bb01e0b1301d375283c51,broad,00AD,fragment,,1,0,False,"[{""original_token"": ""CLICK"", ""salted_token"": ""C­L­I­C­K"", ""start"": 41, ""end"": 46, ""salt_mode"": ""fragment"", ""fragment_max_positions"": null}]",[]
01185.e4a109756aa79e984529e2fb737857ab,01185__salted__broad__cp200B__fragment.e4a109756aa79e984529e2fb737857ab,broad,200B,fragment,,0,3,True,[],"[{""original_token"": ""Instructions"", ""salted_token"": ""I​n​s​t​r​u​c​t​i​o​n​s"", ""start"": 133, ""end"": 145, ""salt_mode"": ""fragment"", ""fragment_max_positions"": null}, {""original_token"": ""orders"", ""salted_token"": ""o​r​d​e​r​s"", ""start"": 185, ""end"": 191, ""salt_mode"": ""fragment"", ""fragment_max_positions"": null}, {""original_token"": ""hours"", ""salted_token"": ""h​o​u​r​s"", ""start"": 202, ""end"": 207, ""salt_mode"": ""fragment"", ""fragment_max_positions"": null}]"
01185.e4a109756aa79e984529e2fb737857ab,01185__salted__broad__cp200C__fragment.e4a109756aa79e984529e2fb737857ab,broad,200C,fragment,,0,3,True,[],"[{""original_token"": ""Instructions"", ""salted_token"": ""I‌n‌s‌t‌r‌u‌c‌t‌i‌o‌n‌s"", ""start"": 133, ""end"": 145, ""salt_mode"": ""fragment"", ""fragment_max_positions"": null}, {""original_token"": ""orders"", ""salted_token"": ""o‌r‌d‌e‌r‌s"", ""start"": 185, ""end"": 191, ""salt_mode"": ""fragment"", ""fragment_max_positions"": null}, {""original_token"": ""hours"", ""salted_token"": ""h‌o‌u‌r‌s"", ""start"": 202, ""end"": 207, ""salt_mode"": ""fragment"", ""fragment_max_positions"": null}]"
01185.e4a109756aa79e984529e2fb737857ab,01185__salted__broad__cp200D__fragment.e4a109756aa79e984529e2fb737857ab,broad,200D,fragment,,0,3,True,[],"[{""original_token"": ""Instructions"", ""salted_token"": ""I‍n‍s‍t‍r‍u‍c‍t‍i‍o‍n‍s"", ""start"": 133, ""end"": 145, ""salt_mode"": ""fragment"", ""fragment_max_positions"": null}, {""original_token"": ""orders"", ""salted_token"": ""o‍r‍d‍e‍r‍s"", ""start"": 185, ""end"": 191, ""salt_mode"": ""fragment"", ""fragment_max_positions"": null}, {""original_token"": ""hours"", ""salted_token"": ""h‍o‍u‍r‍s"", ""start"": 202, ""end"": 207, ""salt_mode"": ""fragment"", ""fragment_max_positions"": null}]"
01185.e4a109756aa79e984529e2fb737857ab,01185__salted__broad__cp00AD__fragment.e4a109756aa79e984529e2fb737857ab,broad,00AD,fragment,,0,3,True,[],"[{""original_token"": ""Instructions"", ""salted_token"": ""I­n­s­t­r­u­c­t­i­o­n­s"", ""start"": 133, ""end"": 145, ""salt_mode"": ""fragment"", ""fragment_max_positions"": null}, {""original_token"": ""orders"", ""salted_token"": ""o­r­d­e­r­s"", ""start"": 185, ""end"": 191, ""salt_mode"": ""fragment"", ""fragment_max_positions"": null}, {""original_token"": ""hours"", ""salted_token"": ""h­o­u­r­s"", ""start"": 202, ""end"": 207, ""salt_mode"": ""fragment"", ""fragment_max_positions"": null}]"
01197.f88c038612948f3fa023ac83db2e2ce5,01197__salted__broad__cp200B__fragment.f88c038612948f3fa023ac83db2e2ce5,broad,200B,fragment,,1,0,False,"[{""original_token"": ""Price"", ""salted_token"": ""P​r​i​c​e"", ""start"": 5, ""end"": 10, ""salt_mode"": ""fragment"", ""fragment_max_positions"": null}]",[]
01197.f88c038612948f3fa023ac83db2e2ce5,01197__salted__broad__cp200C__fragment.f88c038612948f3fa023ac83db2e2ce5,broad,200C,fragment,,1,0,False,"[{""original_token"": ""Price"", ""salted_token"": ""P‌r‌i‌c‌e"", ""start"": 5, ""end"": 10, ""salt_mode"": ""fragment"", ""fragment_max_positions"": null}]",[]
01197.f88c038612948f3fa023ac83db2e2ce5,01197__salted__broad__cp200D__fragment.f88c038612948f3fa023ac83db2e2ce5,broad,200D,fragment,,1,0,False,"[{""original_token"": ""Price"", ""salted_token"": ""P‍r‍i‍c‍e"", ""start"": 5, ""end"": 10, ""salt_mode"": ""fragment"", ""fragment_max_positions"": null}]",[]
01197.f88c038612948f3fa023ac83db2e2ce5,01197__salted__broad__cp00AD__fragment.f88c038612948f3fa023ac83db2e2ce5,broad,00AD,fragment,,1,0,False,"[{""original_token"": ""Price"", ""salted_token"": ""P­r­i­c­e"", ""start"": 5, ""end"": 10, ""salt_mode"": ""fragment"", ""fragment_max_positions"": null}]",[]
01203.f4c9144a594fb81ff323053fbd626a55,01203__salted__broad__cp200B__fragment.f4c9144a594fb81ff323053fbd626a55,broad,200B,fragment,,1,3,True,"[{""original_token"": ""lowest"", ""salted_token"": ""l​o​w​e​s​t"", ""start"": 8, ""end"": 14, ""salt_mode"": ""fragment"", ""fragment_max_positions"": null}]","[{""original_token"": ""Opportunity"", ""salted_token"": ""O​p​p​o​r​t​u​n​i​t​y"", ""start"": 0, ""end"": 11, ""salt_mode"": ""fragment"", ""fragment_max_positions"": null}, {""original_token"": ""mortgage"", ""salted_token"": ""m​o​r​t​g​a​g​e"", ""start"": 39, ""end"": 47, ""salt_mode"": ""fragment"", ""fragment_max_positions"": null}, {""original_token"": ""rates"", ""salted_token"": ""r​a​t​e​s"", ""start"": 48, ""end"": 53, ""salt_mode"": ""fragment"", ""fragment_max_positions"": null}]"
01203.f4c9144a594fb81ff323053fbd626a55,01203__salted__broad__cp200C__fragment.f4c9144a594fb81ff323053fbd626a55,broad,200C,fragment,,1,3,True,"[{""original_token"": ""lowest"", ""salted_token"": ""l‌o‌w‌e‌s‌t"", ""start"": 8, ""end"": 14, ""salt_mode"": ""fragment"", ""fragment_max_positions"": null}]","[{""original_token"": ""Opportunity"", ""salted_token"": ""O‌p‌p‌o‌r‌t‌u‌n‌i‌t‌y"", ""start"": 0, ""end"": 11, ""salt_mode"": ""fragment"", ""fragment_max_positions"": null}, {""original_token"": ""mortgage"", ""salted_token"": ""m‌o‌r‌t‌g‌a‌g‌e"", ""start"": 39, ""end"": 47, ""salt_mode"": ""fragment"", ""fragment_max_positions"": null}, {""original_token"": ""rates"", ""salted_token"": ""r‌a‌t‌e‌s"", ""start"": 48, ""end"": 53, ""salt_mode"": ""fragment"", ""fragment_max_positions"": null}]"
01203.f4c9144a594fb81ff323053fbd626a55,01203__salted__broad__cp200D__fragment.f4c9144a594fb81ff323053fbd626a55,broad,200D,fragment,,1,3,True,"[{""original_token"": ""lowest"", ""salted_token"": ""l‍o‍w‍e‍s‍t"", ""start"": 8, ""end"": 14, ""salt_mode"": ""fragment"", ""fragment_max_positions"": null}]","[{""original_token"": ""Opportunity"", ""salted_token"": ""O‍p‍p‍o‍r‍t‍u‍n‍i‍t‍y"", ""start"": 0, ""end"": 11, ""salt_mode"": ""fragment"", ""fragment_max_positions"": null}, {""original_token"": ""mortgage"", ""salted_token"": ""m‍o‍r‍t‍g‍a‍g‍e"", ""start"": 39, ""end"": 47, ""salt_mode"": ""fragment"", ""fragment_max_positions"": null}, {""original_token"": ""rates"", ""salted_token"": ""r‍a‍t‍e‍s"", ""start"": 48, ""end"": 53, ""salt_mode"": ""fragment"", ""fragment_max_positions"": null}]"
01203.f4c9144a594fb81ff323053fbd626a55,01203__salted__broad__cp00AD__fragment.f4c9144a594fb81ff323053fbd626a55,broad,00AD,fragment,,1,3,True,"[{""original_token"": ""lowest"", ""salted_token"": ""l­o­w­e­s­t"", ""start"": 8, ""end"": 14, ""salt_mode"": ""fragment"", ""fragment_max_positions"": null}]","[{""original_token"": ""Opportunity"", ""salted_token"": ""O­p­p­o­r­t­u­n­i­t­y"", ""start"": 0, ""end"": 11, ""salt_mode"": ""fragment"", ""fragment_max_positions"": null}, {""original_token"": ""mortgage"", ""salted_token"": ""m­o­r­t­g­a­g­e"", ""start"": 39, ""end"": 47, ""salt_mode"": ""fragment"", ""fragment_max_positions"": null}, {""original_token"": ""rates"", ""salted_token"": ""r­a­t­e­s"", ""start"": 48, ""end"": 53, ""salt_mode"": ""fragment"", ""fragment_max_positions"": null}]"
01205.47d139ac094945ae2630efb896dc4b43,01205__salted__broad__cp200B__fragment.47d139ac094945ae2630efb896dc4b43,broad,200B,fragment,,1,0,False,"[{""original_token"": ""Adult"", ""salted_token"": ""A​d​u​l​t"", ""start"": 0, ""end"": 5, ""salt_mode"": ""fragment"", ""fragment_max_positions"": null}]",[]
01205.47d139ac094945ae2630efb896dc4b43,01205__salted__broad__cp200C__fragment.47d139ac094945ae2630efb896dc4b43,broad,200C,fragment,,1,0,False,"[{""original_token"": ""Adult"", ""salted_token"": ""A‌d‌u‌l‌t"", ""start"": 0, ""end"": 5, ""salt_mode"": ""fragment"", ""fragment_max_positions"": null}]",[]
01205.47d139ac094945ae2630efb896dc4b43,01205__salted__broad__cp200D__fragment.47d139ac094945ae2630efb896dc4b43,broad,200D,fragment,,1,0,False,"[{""original_token"": ""Adult"", ""salted_token"": ""A‍d‍u‍l‍t"", ""start"": 0, ""end"": 5, ""salt_mode"": ""fragment"", ""fragment_max_positions"": null}]",[]
01205.47d139ac094945ae2630efb896dc4b43,01205__salted__broad__cp00AD__fragment.47d139ac094945ae2630efb896dc4b43,broad,00AD,fragment,,1,0,False,"[{""original_token"": ""Adult"", ""salted_token"": ""A­d­u­l­t"", ""start"": 0, ""end"": 5, ""salt_mode"": ""fragment"", ""fragment_max_positions"": null}]",[]
01216.e293653cab0c486ba135cf8fbe6700fc,01216__salted__broad__cp200B__fragment.e293653cab0c486ba135cf8fbe6700fc,broad,200B,fragment,,1,0,False,"[{""original_token"": ""HGH"", ""salted_token"": ""H​G​H"", ""start"": 0, ""end"": 3, ""salt_mode"": ""fragment"", ""fragment_max_positions"": null}]",[]
01216.e293653cab0c486ba135cf8fbe6700fc,01216__salted__broad__cp200C__fragment.e293653cab0c486ba135cf8fbe6700fc,broad,200C,fragment,,1,0,False,"[{""original_token"": ""HGH"", ""salted_token"": ""H‌G‌H"", ""start"": 0, ""end"": 3, ""salt_mode"": ""fragment"", ""fragment_max_positions"": null}]",[]
01216.e293653cab0c486ba135cf8fbe6700fc,01216__salted__broad__cp200D__fragment.e293653cab0c486ba135cf8fbe6700fc,broad,200D,fragment,,1,0,False,"[{""original_token"": ""HGH"", ""salted_token"": ""H‍G‍H"", ""start"": 0, ""end"": 3, ""salt_mode"": ""fragment"", ""fragment_max_positions"": null}]",[]
01216.e293653cab0c486ba135cf8fbe6700fc,01216__salted__broad__cp00AD__fragment.e293653cab0c486ba135cf8fbe6700fc,broad,00AD,fragment,,1,0,False,"[{""original_token"": ""HGH"", ""salted_token"": ""H­G­H"", ""start"": 0, ""end"": 3, ""salt_mode"": ""fragment"", ""fragment_max_positions"": null}]",[]
01230.0589bade8df0c343a49c6712f62dfca0,01230__salted__broad__cp200B__fragment.0589bade8df0c343a49c6712f62dfca0,broad,200B,fragment,,1,3,True,"[{""original_token"": ""Rates"", ""salted_token"": ""R​a​t​e​s"", ""start"": 25, ""end"": 30, ""salt_mode"": ""fragment"", ""fragment_max_positions"": null}]","[{""original_token"": ""tobacco"", ""salted_token"": ""t​o​b​a​c​c​o"", ""start"": 34, ""end"": 41, ""salt_mode"": ""fragment"", ""fragment_max_positions"": null}, {""original_token"": ""rates"", ""salted_token"": ""r​a​t​e​s"", ""start"": 42, ""end"": 47, ""salt_mode"": ""fragment"", ""fragment_max_positions"": null}, {""original_token"": ""Guaranteed"", ""salted_token"": ""G​u​a​r​a​n​t​e​e​d"", ""start"": 124, ""end"": 134, ""salt_mode"": ""fragment"", ""fragment_max_positions"": null}]"
01230.0589bade8df0c343a49c6712f62dfca0,01230__salted__broad__cp200C__fragment.0589bade8df0c343a49c6712f62dfca0,broad,200C,fragment,,1,3,True,"[{""original_token"": ""Rates"", ""salted_token"": ""R‌a‌t‌e‌s"", ""start"": 25, ""end"": 30, ""salt_mode"": ""fragment"", ""fragment_max_positions"": null}]","[{""original_token"": ""tobacco"", ""salted_token"": ""t‌o‌b‌a‌c‌c‌o"", ""start"": 34, ""end"": 41, ""salt_mode"": ""fragment"", ""fragment_max_positions"": null}, {""original_token"": ""rates"", ""salted_token"": ""r‌a‌t‌e‌s"", ""start"": 42, ""end"": 47, ""salt_mode"": ""fragment"", ""fragment_max_positions"": null}, {""original_token"": ""Guaranteed"", ""salted_token"": ""G‌u‌a‌r‌a‌n‌t‌e‌e‌d"", ""start"": 124, ""end"": 134, ""salt_mode"": ""fragment"", ""fragment_max_positions"": null}]"
01230.0589bade8df0c343a49c6712f62dfca0,01230__salted__broad__cp200D__fragment.0589bade8df0c343a49c6712f62dfca0,broad,200D,fragment,,1,3,True,"[{""original_token"": ""Rates"", ""salted_token"": ""R‍a‍t‍e‍s"", ""start"": 25, ""end"": 30, ""salt_mode"": ""fragment"", ""fragment_max_positions"": null}]","[{""original_token"": ""tobacco"", ""salted_token"": ""t‍o‍b‍a‍c‍c‍o"", ""start"": 34, ""end"": 41, ""salt_mode"": ""fragment"", ""fragment_max_positions"": null}, {""original_token"": ""rates"", ""salted_token"": ""r‍a‍t‍e‍s"", ""start"": 42, ""end"": 47, ""salt_mode"": ""fragment"", ""fragment_max_positions"": null}, {""original_token"": ""Guaranteed"", ""salted_token"": ""G‍u‍a‍r‍a‍n‍t‍e‍e‍d"", ""start"": 124, ""end"": 134, ""salt_mode"": ""fragment"", ""fragment_max_positions"": null}]"
01230.0589bade8df0c343a49c6712f62dfca0,01230__salted__broad__cp00AD__fragment.0589bade8df0c343a49c6712f62dfca0,broad,00AD,fragment,,1,3,True,"[{""original_token"": ""Rates"", ""salted_token"": ""R­a­t­e­s"", ""start"": 25, ""end"": 30, ""salt_mode"": ""fragment"", ""fragment_max_positions"": null}]","[{""original_token"": ""tobacco"", ""salted_token"": ""t­o­b­a­c­c­o"", ""start"": 34, ""end"": 41, ""salt_mode"": ""fragment"", ""fragment_max_positions"": null}, {""original_token"": ""rates"", ""salted_token"": ""r­a­t­e­s"", ""start"": 42, ""end"": 47, ""salt_mode"": ""fragment"", ""fragment_max_positions"": null}, {""original_token"": ""Guaranteed"", ""salted_token"": ""G­u­a­r­a­n­t­e­e­d"", ""start"": 124, ""end"": 134, ""salt_mode"": ""fragment"", ""fragment_max_positions"": null}]"
01236.903d52340bf3ed1a328b039bcd94e1c9,01236__salted__broad__cp200B__fragment.903d52340bf3ed1a328b039bcd94e1c9,broad,200B,fragment,,1,0,False,"[{""original_token"": ""cartridges"", ""salted_token"": ""c​a​r​t​r​i​d​g​e​s"", ""start"": 18, ""end"": 28, ""salt_mode"": ""fragment"", ""fragment_max_positions"": null}]",[]
01236.903d52340bf3ed1a328b039bcd94e1c9,01236__salted__broad__cp200C__fragment.903d52340bf3ed1a328b039bcd94e1c9,broad,200C,fragment,,1,0,False,"[{""original_token"": ""cartridges"", ""salted_token"": ""c‌a‌r‌t‌r‌i‌d‌g‌e‌s"", ""start"": 18, ""end"": 28, ""salt_mode"": ""fragment"", ""fragment_max_positions"": null}]",[]
01236.903d52340bf3ed1a328b039bcd94e1c9,01236__salted__broad__cp200D__fragment.903d52340bf3ed1a328b039bcd94e1c9,broad,200D,fragment,,1,0,False,"[{""original_token"": ""cartridges"", ""salted_token"": ""c‍a‍r‍t‍r‍i‍d‍g‍e‍s"", ""start"": 18, ""end"": 28, ""salt_mode"": ""fragment"", ""fragment_max_positions"": null}]",[]
01236.903d52340bf3ed1a328b039bcd94e1c9,01236__salted__broad__cp00AD__fragment.903d52340bf3ed1a328b039bcd94e1c9,broad,00AD,fragment,,1,0,False,"[{""original_token"": ""cartridges"", ""salted_token"": ""c­a­r­t­r­i­d­g­e­s"", ""start"": 18, ""end"": 28, ""salt_mode"": ""fragment"", ""fragment_max_positions"": null}]",[]
01240.7d6ae3682a3dd3fe457516b188eb105c,01240__salted__broad__cp200B__fragment.7d6ae3682a3dd3fe457516b188eb105c,broad,200B,fragment,,1,3,True,"[{""original_token"": ""assistance"", ""salted_token"": ""a​s​s​i​s​t​a​n​c​e"", ""start"": 19, ""end"": 29, ""salt_mode"": ""fragment"", ""fragment_max_positions"": null}]","[{""original_token"": ""PRESENTLY"", ""salted_token"": ""P​R​E​S​E​N​T​L​Y"", ""start"": 143, ""end"": 152, ""salt_mode"": ""fragment"", ""fragment_max_positions"": null}, {""original_token"": ""NIGERIA"", ""salted_token"": ""N​I​G​E​R​I​A"", ""start"": 162, ""end"": 169, ""salt_mode"": ""fragment"", ""fragment_max_positions"": null}, {""original_token"": ""MILLION"", ""salted_token"": ""M​I​L​L​I​O​N"", ""start"": 399, ""end"": 406, ""salt_mode"": ""fragment"", ""fragment_max_positions"": null}]"
01240.7d6ae3682a3dd3fe457516b188eb105c,01240__salted__broad__cp200C__fragment.7d6ae3682a3dd3fe457516b188eb105c,broad,200C,fragment,,1,3,True,"[{""original_token"": ""assistance"", ""salted_token"": ""a‌s‌s‌i‌s‌t‌a‌n‌c‌e"", ""start"": 19, ""end"": 29, ""salt_mode"": ""fragment"", ""fragment_max_positions"": null}]","[{""original_token"": ""PRESENTLY"", ""salted_token"": ""P‌R‌E‌S‌E‌N‌T‌L‌Y"", ""start"": 143, ""end"": 152, ""salt_mode"": ""fragment"", ""fragment_max_positions"": null}, {""original_token"": ""NIGERIA"", ""salted_token"": ""N‌I‌G‌E‌R‌I‌A"", ""start"": 162, ""end"": 169, ""salt_mode"": ""fragment"", ""fragment_max_positions"": null}, {""original_token"": ""MILLION"", ""salted_token"": ""M‌I‌L‌L‌I‌O‌N"", ""start"": 399, ""end"": 406, ""salt_mode"": ""fragment"", ""fragment_max_positions"": null}]"
01240.7d6ae3682a3dd3fe457516b188eb105c,01240__salted__broad__cp200D__fragment.7d6ae3682a3dd3fe457516b188eb105c,broad,200D,fragment,,1,3,True,"[{""original_token"": ""assistance"", ""salted_token"": ""a‍s‍s‍i‍s‍t‍a‍n‍c‍e"", ""start"": 19, ""end"": 29, ""salt_mode"": ""fragment"", ""fragment_max_positions"": null}]","[{""original_token"": ""PRESENTLY"", ""salted_token"": ""P‍R‍E‍S‍E‍N‍T‍L‍Y"", ""start"": 143, ""end"": 152, ""salt_mode"": ""fragment"", ""fragment_max_positions"": null}, {""original_token"": ""NIGERIA"", ""salted_token"": ""N‍I‍G‍E‍R‍I‍A"", ""start"": 162, ""end"": 169, ""salt_mode"": ""fragment"", ""fragment_max_positions"": null}, {""original_token"": ""MILLION"", ""salted_token"": ""M‍I‍L‍L‍I‍O‍N"", ""start"": 399, ""end"": 406, ""salt_mode"": ""fragment"", ""fragment_max_positions"": null}]"
01240.7d6ae3682a3dd3fe457516b188eb105c,01240__salted__broad__cp00AD__fragment.7d6ae3682a3dd3fe457516b188eb105c,broad,00AD,fragment,,1,3,True,"[{""original_token"": ""assistance"", ""salted_token"": ""a­s­s­i­s­t­a­n­c­e"", ""start"": 19, ""end"": 29, ""salt_mode"": ""fragment"", ""fragment_max_positions"": null}]","[{""original_token"": ""PRESENTLY"", ""salted_token"": ""P­R­E­S­E­N­T­L­Y"", ""start"": 143, ""end"": 152, ""salt_mode"": ""fragment"", ""fragment_max_positions"": null}, {""original_token"": ""NIGERIA"", ""salted_token"": ""N­I­G­E­R­I­A"", ""start"": 162, ""end"": 169, ""salt_mode"": ""fragment"", ""fragment_max_positions"": null}, {""original_token"": ""MILLION"", ""salted_token"": ""M­I­L­L­I­O­N"", ""start"": 399, ""end"": 406, ""salt_mode"": ""fragment"", ""fragment_max_positions"": null}]"
01242.3743099b115c6a8a273d8eca34a9c738,01242__salted__broad__cp200B__fragment.3743099b115c6a8a273d8eca34a9c738,broad,200B,fragment,,1,0,False,"[{""original_token"": ""Cartridges"", ""salted_token"": ""C​a​r​t​r​i​d​g​e​s"", ""start"": 53, ""end"": 63, ""salt_mode"": ""fragment"", ""fragment_max_positions"": null}]",[]
01242.3743099b115c6a8a273d8eca34a9c738,01242__salted__broad__cp200C__fragment.3743099b115c6a8a273d8eca34a9c738,broad,200C,fragment,,1,0,False,"[{""original_token"": ""Cartridges"", ""salted_token"": ""C‌a‌r‌t‌r‌i‌d‌g‌e‌s"", ""start"": 53, ""end"": 63, ""salt_mode"": ""fragment"", ""fragment_max_positions"": null}]",[]
01242.3743099b115c6a8a273d8eca34a9c738,01242__salted__broad__cp200D__fragment.3743099b115c6a8a273d8eca34a9c738,broad,200D,fragment,,1,0,False,"[{""original_token"": ""Cartridges"", ""salted_token"": ""C‍a‍r‍t‍r‍i‍d‍g‍e‍s"", ""start"": 53, ""end"": 63, ""salt_mode"": ""fragment"", ""fragment_max_positions"": null}]",[]
01242.3743099b115c6a8a273d8eca34a9c738,01242__salted__broad__cp00AD__fragment.3743099b115c6a8a273d8eca34a9c738,broad,00AD,fragment,,1,0,False,"[{""original_token"": ""Cartridges"", ""salted_token"": ""C­a­r­t­r­i­d­g­e­s"", ""start"": 53, ""end"": 63, ""salt_mode"": ""fragment"", ""fragment_max_positions"": null}]",[]
01250.2bfc033f9ced1c70e480ec75b0094431,01250__salted__broad__cp200B__fragment.2bfc033f9ced1c70e480ec75b0094431,broad,200B,fragment,,0,3,True,[],"[{""original_token"": ""Receive"", ""salted_token"": ""R​e​c​e​i​v​e"", ""start"": 21, ""end"": 28, ""salt_mode"": ""fragment"", ""fragment_max_positions"": null}, {""original_token"": ""CASH"", ""salted_token"": ""C​A​S​H"", ""start"": 50, ""end"": 54, ""salt_mode"": ""fragment"", ""fragment_max_positions"": null}, {""original_token"": ""Cash"", ""salted_token"": ""C​a​s​h"", ""start"": 222, ""end"": 226, ""salt_mode"": ""fragment"", ""fragment_max_positions"": null}]"
01250.2bfc033f9ced1c70e480ec75b0094431,01250__salted__broad__cp200C__fragment.2bfc033f9ced1c70e480ec75b0094431,broad,200C,fragment,,0,3,True,[],"[{""original_token"": ""Receive"", ""salted_token"": ""R‌e‌c‌e‌i‌v‌e"", ""start"": 21, ""end"": 28, ""salt_mode"": ""fragment"", ""fragment_max_positions"": null}, {""original_token"": ""CASH"", ""salted_token"": ""C‌A‌S‌H"", ""start"": 50, ""end"": 54, ""salt_mode"": ""fragment"", ""fragment_max_positions"": null}, {""original_token"": ""Cash"", ""salted_token"": ""C‌a‌s‌h"", ""start"": 222, ""end"": 226, ""salt_mode"": ""fragment"", ""fragment_max_positions"": null}]"
01250.2bfc033f9ced1c70e480ec75b0094431,01250__salted__broad__cp200D__fragment.2bfc033f9ced1c70e480ec75b0094431,broad,200D,fragment,,0,3,True,[],"[{""original_token"": ""Receive"", ""salted_token"": ""R‍e‍c‍e‍i‍v‍e"", ""start"": 21, ""end"": 28, ""salt_mode"": ""fragment"", ""fragment_max_positions"": null}, {""original_token"": ""CASH"", ""salted_token"": ""C‍A‍S‍H"", ""start"": 50, ""end"": 54, ""salt_mode"": ""fragment"", ""fragment_max_positions"": null}, {""original_token"": ""Cash"", ""salted_token"": ""C‍a‍s‍h"", ""start"": 222, ""end"": 226, ""salt_mode"": ""fragment"", ""fragment_max_positions"": null}]"
01250.2bfc033f9ced1c70e480ec75b0094431,01250__salted__broad__cp00AD__fragment.2bfc033f9ced1c70e480ec75b0094431,broad,00AD,fragment,,0,3,True,[],"[{""original_token"": ""Receive"", ""salted_token"": ""R­e­c­e­i­v­e"", ""start"": 21, ""end"": 28, ""salt_mode"": ""fragment"", ""fragment_max_positions"": null}, {""original_token"": ""CASH"", ""salted_token"": ""C­A­S­H"", ""start"": 50, ""end"": 54, ""salt_mode"": ""fragment"", ""fragment_max_positions"": null}, {""original_token"": ""Cash"", ""salted_token"": ""C­a­s­h"", ""start"": 222, ""end"": 226, ""salt_mode"": ""fragment"", ""fragment_max_positions"": null}]"
01253.26e421b9623002d636c29f79f68a58fb,01253__salted__broad__cp200B__fragment.26e421b9623002d636c29f79f68a58fb,broad,200B,fragment,,1,0,False,"[{""original_token"": ""cartridges"", ""salted_token"": ""c​a​r​t​r​i​d​g​e​s"", ""start"": 18, ""end"": 28, ""salt_mode"": ""fragment"", ""fragment_max_positions"": null}]",[]
01253.26e421b9623002d636c29f79f68a58fb,01253__salted__broad__cp200C__fragment.26e421b9623002d636c29f79f68a58fb,broad,200C,fragment,,1,0,False,"[{""original_token"": ""cartridges"", ""salted_token"": ""c‌a‌r‌t‌r‌i‌d‌g‌e‌s"", ""start"": 18, ""end"": 28, ""salt_mode"": ""fragment"", ""fragment_max_positions"": null}]",[]
01253.26e421b9623002d636c29f79f68a58fb,01253__salted__broad__cp200D__fragment.26e421b9623002d636c29f79f68a58fb,broad,200D,fragment,,1,0,False,"[{""original_token"": ""cartridges"", ""salted_token"": ""c‍a‍r‍t‍r‍i‍d‍g‍e‍s"", ""start"": 18, ""end"": 28, ""salt_mode"": ""fragment"", ""fragment_max_positions"": null}]",[]
01253.26e421b9623002d636c29f79f68a58fb,01253__salted__broad__cp00AD__fragment.26e421b9623002d636c29f79f68a58fb,broad,00AD,fragment,,1,0,False,"[{""original_token"": ""cartridges"", ""salted_token"": ""c­a­r­t­r­i­d­g­e­s"", ""start"": 18, ""end"": 28, ""salt_mode"": ""fragment"", ""fragment_max_positions"": null}]",[]
01255.e04eae4539f81463a930dfe44ebd6af8,01255__salted__broad__cp200B__fragment.e04eae4539f81463a930dfe44ebd6af8,broad,200B,fragment,,1,0,False,"[{""original_token"": ""HGH"", ""salted_token"": ""H​G​H"", ""start"": 27, ""end"": 30, ""salt_mode"": ""fragment"", ""fragment_max_positions"": null}]",[]
01255.e04eae4539f81463a930dfe44ebd6af8,01255__salted__broad__cp200C__fragment.e04eae4539f81463a930dfe44ebd6af8,broad,200C,fragment,,1,0,False,"[{""original_token"": ""HGH"", ""salted_token"": ""H‌G‌H"", ""start"": 27, ""end"": 30, ""salt_mode"": ""fragment"", ""fragment_max_positions"": null}]",[]
01255.e04eae4539f81463a930dfe44ebd6af8,01255__salted__broad__cp200D__fragment.e04eae4539f81463a930dfe44ebd6af8,broad,200D,fragment,,1,0,False,"[{""original_token"": ""HGH"", ""salted_token"": ""H‍G‍H"", ""start"": 27, ""end"": 30, ""salt_mode"": ""fragment"", ""fragment_max_positions"": null}]",[]
01255.e04eae4539f81463a930dfe44ebd6af8,01255__salted__broad__cp00AD__fragment.e04eae4539f81463a930dfe44ebd6af8,broad,00AD,fragment,,1,0,False,"[{""original_token"": ""HGH"", ""salted_token"": ""H­G­H"", ""start"": 27, ""end"": 30, ""salt_mode"": ""fragment"", ""fragment_max_positions"": null}]",[]
01257.f5908ef0550cdf91bd6ae55120ecb5ce,01257__salted__broad__cp200B__fragment.f5908ef0550cdf91bd6ae55120ecb5ce,broad,200B,fragment,,0,3,True,[],"[{""original_token"": ""click"", ""salted_token"": ""c​l​i​c​k"", ""start"": 523, ""end"": 528, ""salt_mode"": ""fragment"", ""fragment_max_positions"": null}, {""original_token"": ""obligation"", ""salted_token"": ""o​b​l​i​g​a​t​i​o​n"", ""start"": 572, ""end"": 582, ""salt_mode"": ""fragment"", ""fragment_max_positions"": null}, {""original_token"": ""removed"", ""salted_token"": ""r​e​m​o​v​e​d"", ""start"": 639, ""end"": 646, ""salt_mode"": ""fragment"", ""fragment_max_positions"": null}]"
01257.f5908ef0550cdf91bd6ae55120ecb5ce,01257__salted__broad__cp200C__fragment.f5908ef0550cdf91bd6ae55120ecb5ce,broad,200C,fragment,,0,3,True,[],"[{""original_token"": ""click"", ""salted_token"": ""c‌l‌i‌c‌k"", ""start"": 523, ""end"": 528, ""salt_mode"": ""fragment"", ""fragment_max_positions"": null}, {""original_token"": ""obligation"", ""salted_token"": ""o‌b‌l‌i‌g‌a‌t‌i‌o‌n"", ""start"": 572, ""end"": 582, ""salt_mode"": ""fragment"", ""fragment_max_positions"": null}, {""original_token"": ""removed"", ""salted_token"": ""r‌e‌m‌o‌v‌e‌d"", ""start"": 639, ""end"": 646, ""salt_mode"": ""fragment"", ""fragment_max_positions"": null}]"
01257.f5908ef0550cdf91bd6ae55120ecb5ce,01257__salted__broad__cp200D__fragment.f5908ef0550cdf91bd6ae55120ecb5ce,broad,200D,fragment,,0,3,True,[],"[{""original_token"": ""click"", ""salted_token"": ""c‍l‍i‍c‍k"", ""start"": 523, ""end"": 528, ""salt_mode"": ""fragment"", ""fragment_max_positions"": null}, {""original_token"": ""obligation"", ""salted_token"": ""o‍b‍l‍i‍g‍a‍t‍i‍o‍n"", ""start"": 572, ""end"": 582, ""salt_mode"": ""fragment"", ""fragment_max_positions"": null}, {""original_token"": ""removed"", ""salted_token"": ""r‍e‍m‍o‍v‍e‍d"", ""start"": 639, ""end"": 646, ""salt_mode"": ""fragment"", ""fragment_max_positions"": null}]"
01257.f5908ef0550cdf91bd6ae55120ecb5ce,01257__salted__broad__cp00AD__fragment.f5908ef0550cdf91bd6ae55120ecb5ce,broad,00AD,fragment,,0,3,True,[],"[{""original_token"": ""click"", ""salted_token"": ""c­l­i­c­k"", ""start"": 523, ""end"": 528, ""salt_mode"": ""fragment"", ""fragment_max_positions"": null}, {""original_token"": ""obligation"", ""salted_token"": ""o­b­l­i­g­a­t­i­o­n"", ""start"": 572, ""end"": 582, ""salt_mode"": ""fragment"", ""fragment_max_positions"": null}, {""original_token"": ""removed"", ""salted_token"": ""r­e­m­o­v­e­d"", ""start"": 639, ""end"": 646, ""salt_mode"": ""fragment"", ""fragment_max_positions"": null}]"
01259.b4dff1ed93bc931b271888cd42e41b85,01259__salted__broad__cp200B__fragment.b4dff1ed93bc931b271888cd42e41b85,broad,200B,fragment,,0,3,True,[],"[{""original_token"": ""smoking"", ""salted_token"": ""s​m​o​k​i​n​g"", ""start"": 130, ""end"": 137, ""salt_mode"": ""fragment"", ""fragment_max_positions"": null}, {""original_token"": ""products"", ""salted_token"": ""p​r​o​d​u​c​t​s"", ""start"": 138, ""end"": 146, ""salt_mode"": ""fragment"", ""fragment_max_positions"": null}, {""original_token"": ""offering"", ""salted_token"": ""o​f​f​e​r​i​n​g"", ""start"": 364, ""end"": 372, ""salt_mode"": ""fragment"", ""fragment_max_positions"": null}]"
01259.b4dff1ed93bc931b271888cd42e41b85,01259__salted__broad__cp200C__fragment.b4dff1ed93bc931b271888cd42e41b85,broad,200C,fragment,,0,3,True,[],"[{""original_token"": ""smoking"", ""salted_token"": ""s‌m‌o‌k‌i‌n‌g"", ""start"": 130, ""end"": 137, ""salt_mode"": ""fragment"", ""fragment_max_positions"": null}, {""original_token"": ""products"", ""salted_token"": ""p‌r‌o‌d‌u‌c‌t‌s"", ""start"": 138, ""end"": 146, ""salt_mode"": ""fragment"", ""fragment_max_positions"": null}, {""original_token"": ""offering"", ""salted_token"": ""o‌f‌f‌e‌r‌i‌n‌g"", ""start"": 364, ""end"": 372, ""salt_mode"": ""fragment"", ""fragment_max_positions"": null}]"
01259.b4dff1ed93bc931b271888cd42e41b85,01259__salted__broad__cp200D__fragment.b4dff1ed93bc931b271888cd42e41b85,broad,200D,fragment,,0,3,True,[],"[{""original_token"": ""smoking"", ""salted_token"": ""s‍m‍o‍k‍i‍n‍g"", ""start"": 130, ""end"": 137, ""salt_mode"": ""fragment"", ""fragment_max_positions"": null}, {""original_token"": ""products"", ""salted_token"": ""p‍r‍o‍d‍u‍c‍t‍s"", ""start"": 138, ""end"": 146, ""salt_mode"": ""fragment"", ""fragment_max_positions"": null}, {""original_token"": ""offering"", ""salted_token"": ""o‍f‍f‍e‍r‍i‍n‍g"", ""start"": 364, ""end"": 372, ""salt_mode"": ""fragment"", ""fragment_max_positions"": null}]"
01259.b4dff1ed93bc931b271888cd42e41b85,01259__salted__broad__cp00AD__fragment.b4dff1ed93bc931b271888cd42e41b85,broad,00AD,fragment,,0,3,True,[],"[{""original_token"": ""smoking"", ""salted_token"": ""s­m­o­k­i­n­g"", ""start"": 130, ""end"": 137, ""salt_mode"": ""fragment"", ""fragment_max_positions"": null}, {""original_token"": ""products"", ""salted_token"": ""p­r­o­d­u­c­t­s"", ""start"": 138, ""end"": 146, ""salt_mode"": ""fragment"", ""fragment_max_positions"": null}, {""original_token"": ""offering"", ""salted_token"": ""o­f­f­e­r­i­n­g"", ""start"": 364, ""end"": 372, ""salt_mode"": ""fragment"", ""fragment_max_positions"": null}]"
01267.6e9de9ba20f59c26028ebdb4550685fb,01267__salted__broad__cp200B__fragment.6e9de9ba20f59c26028ebdb4550685fb,broad,200B,fragment,,1,0,False,"[{""original_token"": ""SYSTEMWORKS"", ""salted_token"": ""S​Y​S​T​E​M​W​O​R​K​S"", ""start"": 11, ""end"": 22, ""salt_mode"": ""fragment"", ""fragment_max_positions"": null}]",[]
01267.6e9de9ba20f59c26028ebdb4550685fb,01267__salted__broad__cp200C__fragment.6e9de9ba20f59c26028ebdb4550685fb,broad,200C,fragment,,1,0,False,"[{""original_token"": ""SYSTEMWORKS"", ""salted_token"": ""S‌Y‌S‌T‌E‌M‌W‌O‌R‌K‌S"", ""start"": 11, ""end"": 22, ""salt_mode"": ""fragment"", ""fragment_max_positions"": null}]",[]
01267.6e9de9ba20f59c26028ebdb4550685fb,01267__salted__broad__cp200D__fragment.6e9de9ba20f59c26028ebdb4550685fb,broad,200D,fragment,,1,0,False,"[{""original_token"": ""SYSTEMWORKS"", ""salted_token"": ""S‍Y‍S‍T‍E‍M‍W‍O‍R‍K‍S"", ""start"": 11, ""end"": 22, ""salt_mode"": ""fragment"", ""fragment_max_positions"": null}]",[]
01267.6e9de9ba20f59c26028ebdb4550685fb,01267__salted__broad__cp00AD__fragment.6e9de9ba20f59c26028ebdb4550685fb,broad,00AD,fragment,,1,0,False,"[{""original_token"": ""SYSTEMWORKS"", ""salted_token"": ""S­Y­S­T­E­M­W­O­R­K­S"", ""start"": 11, ""end"": 22, ""salt_mode"": ""fragment"", ""fragment_max_positions"": null}]",[]
01280.34dde162b3c6b2e873fc9f094d28b0fd,01280__salted__broad__cp200B__fragment.34dde162b3c6b2e873fc9f094d28b0fd,broad,200B,fragment,,0,3,True,[],"[{""original_token"": ""RISK"", ""salted_token"": ""R​I​S​K"", ""start"": 72, ""end"": 76, ""salt_mode"": ""fragment"", ""fragment_max_positions"": null}, {""original_token"": ""opportunity"", ""salted_token"": ""o​p​p​o​r​t​u​n​i​t​y"", ""start"": 77, ""end"": 88, ""salt_mode"": ""fragment"", ""fragment_max_positions"": null}, {""original_token"": ""OPPORTUNITY"", ""salted_token"": ""O​P​P​O​R​T​U​N​I​T​Y"", ""start"": 233, ""end"": 244, ""salt_mode"": ""fragment"", ""fragment_max_positions"": null}]"
01280.34dde162b3c6b2e873fc9f094d28b0fd,01280__salted__broad__cp200C__fragment.34dde162b3c6b2e873fc9f094d28b0fd,broad,200C,fragment,,0,3,True,[],"[{""original_token"": ""RISK"", ""salted_token"": ""R‌I‌S‌K"", ""start"": 72, ""end"": 76, ""salt_mode"": ""fragment"", ""fragment_max_positions"": null}, {""original_token"": ""opportunity"", ""salted_token"": ""o‌p‌p‌o‌r‌t‌u‌n‌i‌t‌y"", ""start"": 77, ""end"": 88, ""salt_mode"": ""fragment"", ""fragment_max_positions"": null}, {""original_token"": ""OPPORTUNITY"", ""salted_token"": ""O‌P‌P‌O‌R‌T‌U‌N‌I‌T‌Y"", ""start"": 233, ""end"": 244, ""salt_mode"": ""fragment"", ""fragment_max_positions"": null}]"
01280.34dde162b3c6b2e873fc9f094d28b0fd,01280__salted__broad__cp200D__fragment.34dde162b3c6b2e873fc9f094d28b0fd,broad,200D,fragment,,0,3,True,[],"[{""original_token"": ""RISK"", ""salted_token"": ""R‍I‍S‍K"", ""start"": 72, ""end"": 76, ""salt_mode"": ""fragment"", ""fragment_max_positions"": null}, {""original_token"": ""opportunity"", ""salted_token"": ""o‍p‍p‍o‍r‍t‍u‍n‍i‍t‍y"", ""start"": 77, ""end"": 88, ""salt_mode"": ""fragment"", ""fragment_max_positions"": null}, {""original_token"": ""OPPORTUNITY"", ""salted_token"": ""O‍P‍P‍O‍R‍T‍U‍N‍I‍T‍Y"", ""start"": 233, ""end"": 244, ""salt_mode"": ""fragment"", ""fragment_max_positions"": null}]"
01280.34dde162b3c6b2e873fc9f094d28b0fd,01280__salted__broad__cp00AD__fragment.34dde162b3c6b2e873fc9f094d28b0fd,broad,00AD,fragment,,0,3,True,[],"[{""original_token"": ""RISK"", ""salted_token"": ""R­I­S­K"", ""start"": 72, ""end"": 76, ""salt_mode"": ""fragment"", ""fragment_max_positions"": null}, {""original_token"": ""opportunity"", ""salted_token"": ""o­p­p­o­r­t­u­n­i­t­y"", ""start"": 77, ""end"": 88, ""salt_mode"": ""fragment"", ""fragment_max_positions"": null}, {""original_token"": ""OPPORTUNITY"", ""salted_token"": ""O­P­P­O­R­T­U­N­I­T­Y"", ""start"": 233, ""end"": 244, ""salt_mode"": ""fragment"", ""fragment_max_positions"": null}]"
01308.c46f1215ccd8cedf162e0cf308b94dcd,01308__salted__broad__cp200B__fragment.c46f1215ccd8cedf162e0cf308b94dcd,broad,200B,fragment,,0,3,True,[],"[{""original_token"": ""opt"", ""salted_token"": ""o​p​t"", ""start"": 271, ""end"": 274, ""salt_mode"": ""fragment"", ""fragment_max_positions"": null}, {""original_token"": ""marketing"", ""salted_token"": ""m​a​r​k​e​t​i​n​g"", ""start"": 412, ""end"": 421, ""salt_mode"": ""fragment"", ""fragment_max_positions"": null}, {""original_token"": ""hours"", ""salted_token"": ""h​o​u​r​s"", ""start"": 856, ""end"": 861, ""salt_mode"": ""fragment"", ""fragment_max_positions"": null}]"
01308.c46f1215ccd8cedf162e0cf308b94dcd,01308__salted__broad__cp200C__fragment.c46f1215ccd8cedf162e0cf308b94dcd,broad,200C,fragment,,0,3,True,[],"[{""original_token"": ""opt"", ""salted_token"": ""o‌p‌t"", ""start"": 271, ""end"": 274, ""salt_mode"": ""fragment"", ""fragment_max_positions"": null}, {""original_token"": ""marketing"", ""salted_token"": ""m‌a‌r‌k‌e‌t‌i‌n‌g"", ""start"": 412, ""end"": 421, ""salt_mode"": ""fragment"", ""fragment_max_positions"": null}, {""original_token"": ""hours"", ""salted_token"": ""h‌o‌u‌r‌s"", ""start"": 856, ""end"": 861, ""salt_mode"": ""fragment"", ""fragment_max_positions"": null}]"
01308.c46f1215ccd8cedf162e0cf308b94dcd,01308__salted__broad__cp200D__fragment.c46f1215ccd8cedf162e0cf308b94dcd,broad,200D,fragment,,0,3,True,[],"[{""original_token"": ""opt"", ""salted_token"": ""o‍p‍t"", ""start"": 271, ""end"": 274, ""salt_mode"": ""fragment"", ""fragment_max_positions"": null}, {""original_token"": ""marketing"", ""salted_token"": ""m‍a‍r‍k‍e‍t‍i‍n‍g"", ""start"": 412, ""end"": 421, ""salt_mode"": ""fragment"", ""fragment_max_positions"": null}, {""original_token"": ""hours"", ""salted_token"": ""h‍o‍u‍r‍s"", ""start"": 856, ""end"": 861, ""salt_mode"": ""fragment"", ""fragment_max_positions"": null}]"
01308.c46f1215ccd8cedf162e0cf308b94dcd,01308__salted__broad__cp00AD__fragment.c46f1215ccd8cedf162e0cf308b94dcd,broad,00AD,fragment,,0,3,True,[],"[{""original_token"": ""opt"", ""salted_token"": ""o­p­t"", ""start"": 271, ""end"": 274, ""salt_mode"": ""fragment"", ""fragment_max_positions"": null}, {""original_token"": ""marketing"", ""salted_token"": ""m­a­r­k­e­t­i­n­g"", ""start"": 412, ""end"": 421, ""salt_mode"": ""fragment"", ""fragment_max_positions"": null}, {""original_token"": ""hours"", ""salted_token"": ""h­o­u­r­s"", ""start"": 856, ""end"": 861, ""salt_mode"": ""fragment"", ""fragment_max_positions"": null}]"
01311.43bfe86df65d53c5f7ca2365dc12582b,01311__salted__broad__cp200B__fragment.43bfe86df65d53c5f7ca2365dc12582b,broad,200B,fragment,,1,0,False,"[{""original_token"": ""rates"", ""salted_token"": ""r​a​t​e​s"", ""start"": 8, ""end"": 13, ""salt_mode"": ""fragment"", ""fragment_max_positions"": null}]",[]
01311.43bfe86df65d53c5f7ca2365dc12582b,01311__salted__broad__cp200C__fragment.43bfe86df65d53c5f7ca2365dc12582b,broad,200C,fragment,,1,0,False,"[{""original_token"": ""rates"", ""salted_token"": ""r‌a‌t‌e‌s"", ""start"": 8, ""end"": 13, ""salt_mode"": ""fragment"", ""fragment_max_positions"": null}]",[]
01311.43bfe86df65d53c5f7ca2365dc12582b,01311__salted__broad__cp200D__fragment.43bfe86df65d53c5f7ca2365dc12582b,broad,200D,fragment,,1,0,False,"[{""original_token"": ""rates"", ""salted_token"": ""r‍a‍t‍e‍s"", ""start"": 8, ""end"": 13, ""salt_mode"": ""fragment"", ""fragment_max_positions"": null}]",[]
01311.43bfe86df65d53c5f7ca2365dc12582b,01311__salted__broad__cp00AD__fragment.43bfe86df65d53c5f7ca2365dc12582b,broad,00AD,fragment,,1,0,False,"[{""original_token"": ""rates"", ""salted_token"": ""r­a­t­e­s"", ""start"": 8, ""end"": 13, ""salt_mode"": ""fragment"", ""fragment_max_positions"": null}]",[]
01335.ca70ab7f2d1accef8b3cf646e3004ef8,01335__salted__broad__cp200B__fragment.ca70ab7f2d1accef8b3cf646e3004ef8,broad,200B,fragment,,1,0,False,"[{""original_token"": ""mortgage"", ""salted_token"": ""m​o​r​t​g​a​g​e"", ""start"": 8, ""end"": 16, ""salt_mode"": ""fragment"", ""fragment_max_positions"": null}]",[]
01335.ca70ab7f2d1accef8b3cf646e3004ef8,01335__salted__broad__cp200C__fragment.ca70ab7f2d1accef8b3cf646e3004ef8,broad,200C,fragment,,1,0,False,"[{""original_token"": ""mortgage"", ""salted_token"": ""m‌o‌r‌t‌g‌a‌g‌e"", ""start"": 8, ""end"": 16, ""salt_mode"": ""fragment"", ""fragment_max_positions"": null}]",[]
01335.ca70ab7f2d1accef8b3cf646e3004ef8,01335__salted__broad__cp200D__fragment.ca70ab7f2d1accef8b3cf646e3004ef8,broad,200D,fragment,,1,0,False,"[{""original_token"": ""mortgage"", ""salted_token"": ""m‍o‍r‍t‍g‍a‍g‍e"", ""start"": 8, ""end"": 16, ""salt_mode"": ""fragment"", ""fragment_max_positions"": null}]",[]
01335.ca70ab7f2d1accef8b3cf646e3004ef8,01335__salted__broad__cp00AD__fragment.ca70ab7f2d1accef8b3cf646e3004ef8,broad,00AD,fragment,,1,0,False,"[{""original_token"": ""mortgage"", ""salted_token"": ""m­o­r­t­g­a­g­e"", ""start"": 8, ""end"": 16, ""salt_mode"": ""fragment"", ""fragment_max_positions"": null}]",[]
01339.d94a16532a6f42497266dcc327a40163,01339__salted__broad__cp200B__fragment.d94a16532a6f42497266dcc327a40163,broad,200B,fragment,,1,0,False,"[{""original_token"": ""mortgage"", ""salted_token"": ""m​o​r​t​g​a​g​e"", ""start"": 11, ""end"": 19, ""salt_mode"": ""fragment"", ""fragment_max_positions"": null}]",[]
01339.d94a16532a6f42497266dcc327a40163,01339__salted__broad__cp200C__fragment.d94a16532a6f42497266dcc327a40163,broad,200C,fragment,,1,0,False,"[{""original_token"": ""mortgage"", ""salted_token"": ""m‌o‌r‌t‌g‌a‌g‌e"", ""start"": 11, ""end"": 19, ""salt_mode"": ""fragment"", ""fragment_max_positions"": null}]",[]
01339.d94a16532a6f42497266dcc327a40163,01339__salted__broad__cp200D__fragment.d94a16532a6f42497266dcc327a40163,broad,200D,fragment,,1,0,False,"[{""original_token"": ""mortgage"", ""salted_token"": ""m‍o‍r‍t‍g‍a‍g‍e"", ""start"": 11, ""end"": 19, ""salt_mode"": ""fragment"", ""fragment_max_positions"": null}]",[]
01339.d94a16532a6f42497266dcc327a40163,01339__salted__broad__cp00AD__fragment.d94a16532a6f42497266dcc327a40163,broad,00AD,fragment,,1,0,False,"[{""original_token"": ""mortgage"", ""salted_token"": ""m­o­r­t­g­a­g­e"", ""start"": 11, ""end"": 19, ""salt_mode"": ""fragment"", ""fragment_max_positions"": null}]",[]
01342.7f89acf56fb4398340a0b07481e3193f,01342__salted__broad__cp200B__fragment.7f89acf56fb4398340a0b07481e3193f,broad,200B,fragment,,0,3,True,[],"[{""original_token"": ""registered"", ""salted_token"": ""r​e​g​i​s​t​e​r​e​d"", ""start"": 50, ""end"": 60, ""salt_mode"": ""fragment"", ""fragment_max_positions"": null}, {""original_token"": ""million"", ""salted_token"": ""m​i​l​l​i​o​n"", ""start"": 186, ""end"": 193, ""salt_mode"": ""fragment"", ""fragment_max_positions"": null}, {""original_token"": ""leads"", ""salted_token"": ""l​e​a​d​s"", ""start"": 330, ""end"": 335, ""salt_mode"": ""fragment"", ""fragment_max_positions"": null}]"
01342.7f89acf56fb4398340a0b07481e3193f,01342__salted__broad__cp200C__fragment.7f89acf56fb4398340a0b07481e3193f,broad,200C,fragment,,0,3,True,[],"[{""original_token"": ""registered"", ""salted_token"": ""r‌e‌g‌i‌s‌t‌e‌r‌e‌d"", ""start"": 50, ""end"": 60, ""salt_mode"": ""fragment"", ""fragment_max_positions"": null}, {""original_token"": ""million"", ""salted_token"": ""m‌i‌l‌l‌i‌o‌n"", ""start"": 186, ""end"": 193, ""salt_mode"": ""fragment"", ""fragment_max_positions"": null}, {""original_token"": ""leads"", ""salted_token"": ""l‌e‌a‌d‌s"", ""start"": 330, ""end"": 335, ""salt_mode"": ""fragment"", ""fragment_max_positions"": null}]"
01342.7f89acf56fb4398340a0b07481e3193f,01342__salted__broad__cp200D__fragment.7f89acf56fb4398340a0b07481e3193f,broad,200D,fragment,,0,3,True,[],"[{""original_token"": ""registered"", ""salted_token"": ""r‍e‍g‍i‍s‍t‍e‍r‍e‍d"", ""start"": 50, ""end"": 60, ""salt_mode"": ""fragment"", ""fragment_max_positions"": null}, {""original_token"": ""million"", ""salted_token"": ""m‍i‍l‍l‍i‍o‍n"", ""start"": 186, ""end"": 193, ""salt_mode"": ""fragment"", ""fragment_max_positions"": null}, {""original_token"": ""leads"", ""salted_token"": ""l‍e‍a‍d‍s"", ""start"": 330, ""end"": 335, ""salt_mode"": ""fragment"", ""fragment_max_positions"": null}]"
01342.7f89acf56fb4398340a0b07481e3193f,01342__salted__broad__cp00AD__fragment.7f89acf56fb4398340a0b07481e3193f,broad,00AD,fragment,,0,3,True,[],"[{""original_token"": ""registered"", ""salted_token"": ""r­e­g­i­s­t­e­r­e­d"", ""start"": 50, ""end"": 60, ""salt_mode"": ""fragment"", ""fragment_max_positions"": null}, {""original_token"": ""million"", ""salted_token"": ""m­i­l­l­i­o­n"", ""start"": 186, ""end"": 193, ""salt_mode"": ""fragment"", ""fragment_max_positions"": null}, {""original_token"": ""leads"", ""salted_token"": ""l­e­a­d­s"", ""start"": 330, ""end"": 335, ""salt_mode"": ""fragment"", ""fragment_max_positions"": null}]"
01355.a47c042a6e16456c5b49c18d5b3868cb,01355__salted__broad__cp200B__fragment.a47c042a6e16456c5b49c18d5b3868cb,broad,200B,fragment,,1,3,True,"[{""original_token"": ""Sales"", ""salted_token"": ""S​a​l​e​s"", ""start"": 5, ""end"": 10, ""salt_mode"": ""fragment"", ""fragment_max_positions"": null}]","[{""original_token"": ""offer"", ""salted_token"": ""o​f​f​e​r"", ""start"": 3, ""end"": 8, ""salt_mode"": ""fragment"", ""fragment_max_positions"": null}, {""original_token"": ""prices"", ""salted_token"": ""p​r​i​c​e​s"", ""start"": 38, ""end"": 44, ""salt_mode"": ""fragment"", ""fragment_max_positions"": null}, {""original_token"": ""advertising"", ""salted_token"": ""a​d​v​e​r​t​i​s​i​n​g"", ""start"": 143, ""end"": 154, ""salt_mode"": ""fragment"", ""fragment_max_positions"": null}]"
01355.a47c042a6e16456c5b49c18d5b3868cb,01355__salted__broad__cp200C__fragment.a47c042a6e16456c5b49c18d5b3868cb,broad,200C,fragment,,1,3,True,"[{""original_token"": ""Sales"", ""salted_token"": ""S‌a‌l‌e‌s"", ""start"": 5, ""end"": 10, ""salt_mode"": ""fragment"", ""fragment_max_positions"": null}]","[{""original_token"": ""offer"", ""salted_token"": ""o‌f‌f‌e‌r"", ""start"": 3, ""end"": 8, ""salt_mode"": ""fragment"", ""fragment_max_positions"": null}, {""original_token"": ""prices"", ""salted_token"": ""p‌r‌i‌c‌e‌s"", ""start"": 38, ""end"": 44, ""salt_mode"": ""fragment"", ""fragment_max_positions"": null}, {""original_token"": ""advertising"", ""salted_token"": ""a‌d‌v‌e‌r‌t‌i‌s‌i‌n‌g"", ""start"": 143, ""end"": 154, ""salt_mode"": ""fragment"", ""fragment_max_positions"": null}]"
01355.a47c042a6e16456c5b49c18d5b3868cb,01355__salted__broad__cp200D__fragment.a47c042a6e16456c5b49c18d5b3868cb,broad,200D,fragment,,1,3,True,"[{""original_token"": ""Sales"", ""salted_token"": ""S‍a‍l‍e‍s"", ""start"": 5, ""end"": 10, ""salt_mode"": ""fragment"", ""fragment_max_positions"": null}]","[{""original_token"": ""offer"", ""salted_token"": ""o‍f‍f‍e‍r"", ""start"": 3, ""end"": 8, ""salt_mode"": ""fragment"", ""fragment_max_positions"": null}, {""original_token"": ""prices"", ""salted_token"": ""p‍r‍i‍c‍e‍s"", ""start"": 38, ""end"": 44, ""salt_mode"": ""fragment"", ""fragment_max_positions"": null}, {""original_token"": ""advertising"", ""salted_token"": ""a‍d‍v‍e‍r‍t‍i‍s‍i‍n‍g"", ""start"": 143, ""end"": 154, ""salt_mode"": ""fragment"", ""fragment_max_positions"": null}]"
01355.a47c042a6e16456c5b49c18d5b3868cb,01355__salted__broad__cp00AD__fragment.a47c042a6e16456c5b49c18d5b3868cb,broad,00AD,fragment,,1,3,True,"[{""original_token"": ""Sales"", ""salted_token"": ""S­a­l­e­s"", ""start"": 5, ""end"": 10, ""salt_mode"": ""fragment"", ""fragment_max_positions"": null}]","[{""original_token"": ""offer"", ""salted_token"": ""o­f­f­e­r"", ""start"": 3, ""end"": 8, ""salt_mode"": ""fragment"", ""fragment_max_positions"": null}, {""original_token"": ""prices"", ""salted_token"": ""p­r­i­c­e­s"", ""start"": 38, ""end"": 44, ""salt_mode"": ""fragment"", ""fragment_max_positions"": null}, {""original_token"": ""advertising"", ""salted_token"": ""a­d­v­e­r­t­i­s­i­n­g"", ""start"": 143, ""end"": 154, ""salt_mode"": ""fragment"", ""fragment_max_positions"": null}]"
01359.deafa1d42658c6624c6809a446b7f369,01359__salted__broad__cp200B__fragment.deafa1d42658c6624c6809a446b7f369,broad,200B,fragment,,0,3,True,[],"[{""original_token"": ""Dear"", ""salted_token"": ""D​e​a​r"", ""start"": 0, ""end"": 4, ""salt_mode"": ""fragment"", ""fragment_max_positions"": null}, {""original_token"": ""Sir"", ""salted_token"": ""S​i​r"", ""start"": 5, ""end"": 8, ""salt_mode"": ""fragment"", ""fragment_max_positions"": null}, {""original_token"": ""Africa"", ""salted_token"": ""A​f​r​i​c​a"", ""start"": 705, ""end"": 711, ""salt_mode"": ""fragment"", ""fragment_max_positions"": null}]"
01359.deafa1d42658c6624c6809a446b7f369,01359__salted__broad__cp200C__fragment.deafa1d42658c6624c6809a446b7f369,broad,200C,fragment,,0,3,True,[],"[{""original_token"": ""Dear"", ""salted_token"": ""D‌e‌a‌r"", ""start"": 0, ""end"": 4, ""salt_mode"": ""fragment"", ""fragment_max_positions"": null}, {""original_token"": ""Sir"", ""salted_token"": ""S‌i‌r"", ""start"": 5, ""end"": 8, ""salt_mode"": ""fragment"", ""fragment_max_positions"": null}, {""original_token"": ""Africa"", ""salted_token"": ""A‌f‌r‌i‌c‌a"", ""start"": 705, ""end"": 711, ""salt_mode"": ""fragment"", ""fragment_max_positions"": null}]"
01359.deafa1d42658c6624c6809a446b7f369,01359__salted__broad__cp200D__fragment.deafa1d42658c6624c6809a446b7f369,broad,200D,fragment,,0,3,True,[],"[{""original_token"": ""Dear"", ""salted_token"": ""D‍e‍a‍r"", ""start"": 0, ""end"": 4, ""salt_mode"": ""fragment"", ""fragment_max_positions"": null}, {""original_token"": ""Sir"", ""salted_token"": ""S‍i‍r"", ""start"": 5, ""end"": 8, ""salt_mode"": ""fragment"", ""fragment_max_positions"": null}, {""original_token"": ""Africa"", ""salted_token"": ""A‍f‍r‍i‍c‍a"", ""start"": 705, ""end"": 711, ""salt_mode"": ""fragment"", ""fragment_max_positions"": null}]"
01359.deafa1d42658c6624c6809a446b7f369,01359__salted__broad__cp00AD__fragment.deafa1d42658c6624c6809a446b7f369,broad,00AD,fragment,,0,3,True,[],"[{""original_token"": ""Dear"", ""salted_token"": ""D­e­a­r"", ""start"": 0, ""end"": 4, ""salt_mode"": ""fragment"", ""fragment_max_positions"": null}, {""original_token"": ""Sir"", ""salted_token"": ""S­i­r"", ""start"": 5, ""end"": 8, ""salt_mode"": ""fragment"", ""fragment_max_positions"": null}, {""original_token"": ""Africa"", ""salted_token"": ""A­f­r­i­c­a"", ""start"": 705, ""end"": 711, ""salt_mode"": ""fragment"", ""fragment_max_positions"": null}]"
01363.85518bca7c7cb9f35e57f3adda762ac9,01363__salted__broad__cp200B__fragment.85518bca7c7cb9f35e57f3adda762ac9,broad,200B,fragment,,0,2,True,[],"[{""original_token"": ""Click"", ""salted_token"": ""C​l​i​c​k"", ""start"": 0, ""end"": 5, ""salt_mode"": ""fragment"", ""fragment_max_positions"": null}, {""original_token"": ""promotion"", ""salted_token"": ""p​r​o​m​o​t​i​o​n"", ""start"": 22, ""end"": 31, ""salt_mode"": ""fragment"", ""fragment_max_positions"": null}]"
01363.85518bca7c7cb9f35e57f3adda762ac9,01363__salted__broad__cp200C__fragment.85518bca7c7cb9f35e57f3adda762ac9,broad,200C,fragment,,0,2,True,[],"[{""original_token"": ""Click"", ""salted_token"": ""C‌l‌i‌c‌k"", ""start"": 0, ""end"": 5, ""salt_mode"": ""fragment"", ""fragment_max_positions"": null}, {""original_token"": ""promotion"", ""salted_token"": ""p‌r‌o‌m‌o‌t‌i‌o‌n"", ""start"": 22, ""end"": 31, ""salt_mode"": ""fragment"", ""fragment_max_positions"": null}]"
01363.85518bca7c7cb9f35e57f3adda762ac9,01363__salted__broad__cp200D__fragment.85518bca7c7cb9f35e57f3adda762ac9,broad,200D,fragment,,0,2,True,[],"[{""original_token"": ""Click"", ""salted_token"": ""C‍l‍i‍c‍k"", ""start"": 0, ""end"": 5, ""salt_mode"": ""fragment"", ""fragment_max_positions"": null}, {""original_token"": ""promotion"", ""salted_token"": ""p‍r‍o‍m‍o‍t‍i‍o‍n"", ""start"": 22, ""end"": 31, ""salt_mode"": ""fragment"", ""fragment_max_positions"": null}]"
01363.85518bca7c7cb9f35e57f3adda762ac9,01363__salted__broad__cp00AD__fragment.85518bca7c7cb9f35e57f3adda762ac9,broad,00AD,fragment,,0,2,True,[],"[{""original_token"": ""Click"", ""salted_token"": ""C­l­i­c­k"", ""start"": 0, ""end"": 5, ""salt_mode"": ""fragment"", ""fragment_max_positions"": null}, {""original_token"": ""promotion"", ""salted_token"": ""p­r­o­m­o­t­i­o­n"", ""start"": 22, ""end"": 31, ""salt_mode"": ""fragment"", ""fragment_max_positions"": null}]"
01372.5d236077d94148a0ca71751f8f0a2e58,01372__salted__broad__cp200B__fragment.5d236077d94148a0ca71751f8f0a2e58,broad,200B,fragment,,1,0,False,"[{""original_token"": ""Herbal"", ""salted_token"": ""H​e​r​b​a​l"", ""start"": 0, ""end"": 6, ""salt_mode"": ""fragment"", ""fragment_max_positions"": null}]",[]
01372.5d236077d94148a0ca71751f8f0a2e58,01372__salted__broad__cp200C__fragment.5d236077d94148a0ca71751f8f0a2e58,broad,200C,fragment,,1,0,False,"[{""original_token"": ""Herbal"", ""salted_token"": ""H‌e‌r‌b‌a‌l"", ""start"": 0, ""end"": 6, ""salt_mode"": ""fragment"", ""fragment_max_positions"": null}]",[]
01372.5d236077d94148a0ca71751f8f0a2e58,01372__salted__broad__cp200D__fragment.5d236077d94148a0ca71751f8f0a2e58,broad,200D,fragment,,1,0,False,"[{""original_token"": ""Herbal"", ""salted_token"": ""H‍e‍r‍b‍a‍l"", ""start"": 0, ""end"": 6, ""salt_mode"": ""fragment"", ""fragment_max_positions"": null}]",[]
01372.5d236077d94148a0ca71751f8f0a2e58,01372__salted__broad__cp00AD__fragment.5d236077d94148a0ca71751f8f0a2e58,broad,00AD,fragment,,1,0,False,"[{""original_token"": ""Herbal"", ""salted_token"": ""H­e­r­b­a­l"", ""start"": 0, ""end"": 6, ""salt_mode"": ""fragment"", ""fragment_max_positions"": null}]",[]
01374.b902d53d7f737be700d6de60a42122d9,01374__salted__broad__cp200B__fragment.b902d53d7f737be700d6de60a42122d9,broad,200B,fragment,,0,3,True,[],"[{""original_token"": ""Dear"", ""salted_token"": ""D​e​a​r"", ""start"": 0, ""end"": 4, ""salt_mode"": ""fragment"", ""fragment_max_positions"": null}, {""original_token"": ""carefully"", ""salted_token"": ""c​a​r​e​f​u​l​l​y"", ""start"": 144, ""end"": 153, ""salt_mode"": ""fragment"", ""fragment_max_positions"": null}, {""original_token"": ""offer"", ""salted_token"": ""o​f​f​e​r"", ""start"": 543, ""end"": 548, ""salt_mode"": ""fragment"", ""fragment_max_positions"": null}]"
01374.b902d53d7f737be700d6de60a42122d9,01374__salted__broad__cp200C__fragment.b902d53d7f737be700d6de60a42122d9,broad,200C,fragment,,0,3,True,[],"[{""original_token"": ""Dear"", ""salted_token"": ""D‌e‌a‌r"", ""start"": 0, ""end"": 4, ""salt_mode"": ""fragment"", ""fragment_max_positions"": null}, {""original_token"": ""carefully"", ""salted_token"": ""c‌a‌r‌e‌f‌u‌l‌l‌y"", ""start"": 144, ""end"": 153, ""salt_mode"": ""fragment"", ""fragment_max_positions"": null}, {""original_token"": ""offer"", ""salted_token"": ""o‌f‌f‌e‌r"", ""start"": 543, ""end"": 548, ""salt_mode"": ""fragment"", ""fragment_max_positions"": null}]"
01374.b902d53d7f737be700d6de60a42122d9,01374__salted__broad__cp200D__fragment.b902d53d7f737be700d6de60a42122d9,broad,200D,fragment,,0,3,True,[],"[{""original_token"": ""Dear"", ""salted_token"": ""D‍e‍a‍r"", ""start"": 0, ""end"": 4, ""salt_mode"": ""fragment"", ""fragment_max_positions"": null}, {""original_token"": ""carefully"", ""salted_token"": ""c‍a‍r‍e‍f‍u‍l‍l‍y"", ""start"": 144, ""end"": 153, ""salt_mode"": ""fragment"", ""fragment_max_positions"": null}, {""original_token"": ""offer"", ""salted_token"": ""o‍f‍f‍e‍r"", ""start"": 543, ""end"": 548, ""salt_mode"": ""fragment"", ""fragment_max_positions"": null}]"
01374.b902d53d7f737be700d6de60a42122d9,01374__salted__broad__cp00AD__fragment.b902d53d7f737be700d6de60a42122d9,broad,00AD,fragment,,0,3,True,[],"[{""original_token"": ""Dear"", ""salted_token"": ""D­e­a­r"", ""start"": 0, ""end"": 4, ""salt_mode"": ""fragment"", ""fragment_max_positions"": null}, {""original_token"": ""carefully"", ""salted_token"": ""c­a­r­e­f­u­l­l­y"", ""start"": 144, ""end"": 153, ""salt_mode"": ""fragment"", ""fragment_max_positions"": null}, {""original_token"": ""offer"", ""salted_token"": ""o­f­f­e­r"", ""start"": 543, ""end"": 548, ""salt_mode"": ""fragment"", ""fragment_max_positions"": null}]"
01382.37400f7a1f36cd45165c2a72a9ec8baa,01382__salted__broad__cp200B__fragment.37400f7a1f36cd45165c2a72a9ec8baa,broad,200B,fragment,,0,3,True,[],"[{""original_token"": ""remove"", ""salted_token"": ""r​e​m​o​v​e"", ""start"": 44, ""end"": 50, ""salt_mode"": ""fragment"", ""fragment_max_positions"": null}, {""original_token"": ""earn"", ""salted_token"": ""e​a​r​n"", ""start"": 128, ""end"": 132, ""salt_mode"": ""fragment"", ""fragment_max_positions"": null}, {""original_token"": ""professional"", ""salted_token"": ""p​r​o​f​e​s​s​i​o​n​a​l"", ""start"": 241, ""end"": 253, ""salt_mode"": ""fragment"", ""fragment_max_positions"": null}]"
01382.37400f7a1f36cd45165c2a72a9ec8baa,01382__salted__broad__cp200C__fragment.37400f7a1f36cd45165c2a72a9ec8baa,broad,200C,fragment,,0,3,True,[],"[{""original_token"": ""remove"", ""salted_token"": ""r‌e‌m‌o‌v‌e"", ""start"": 44, ""end"": 50, ""salt_mode"": ""fragment"", ""fragment_max_positions"": null}, {""original_token"": ""earn"", ""salted_token"": ""e‌a‌r‌n"", ""start"": 128, ""end"": 132, ""salt_mode"": ""fragment"", ""fragment_max_positions"": null}, {""original_token"": ""professional"", ""salted_token"": ""p‌r‌o‌f‌e‌s‌s‌i‌o‌n‌a‌l"", ""start"": 241, ""end"": 253, ""salt_mode"": ""fragment"", ""fragment_max_positions"": null}]"
01382.37400f7a1f36cd45165c2a72a9ec8baa,01382__salted__broad__cp200D__fragment.37400f7a1f36cd45165c2a72a9ec8baa,broad,200D,fragment,,0,3,True,[],"[{""original_token"": ""remove"", ""salted_token"": ""r‍e‍m‍o‍v‍e"", ""start"": 44, ""end"": 50, ""salt_mode"": ""fragment"", ""fragment_max_positions"": null}, {""original_token"": ""earn"", ""salted_token"": ""e‍a‍r‍n"", ""start"": 128, ""end"": 132, ""salt_mode"": ""fragment"", ""fragment_max_positions"": null}, {""original_token"": ""professional"", ""salted_token"": ""p‍r‍o‍f‍e‍s‍s‍i‍o‍n‍a‍l"", ""start"": 241, ""end"": 253, ""salt_mode"": ""fragment"", ""fragment_max_positions"": null}]"
01382.37400f7a1f36cd45165c2a72a9ec8baa,01382__salted__broad__cp00AD__fragment.37400f7a1f36cd45165c2a72a9ec8baa,broad,00AD,fragment,,0,3,True,[],"[{""original_token"": ""remove"", ""salted_token"": ""r­e­m­o­v­e"", ""start"": 44, ""end"": 50, ""salt_mode"": ""fragment"", ""fragment_max_positions"": null}, {""original_token"": ""earn"", ""salted_token"": ""e­a­r­n"", ""start"": 128, ""end"": 132, ""salt_mode"": ""fragment"", ""fragment_max_positions"": null}, {""original_token"": ""professional"", ""salted_token"": ""p­r­o­f­e­s­s­i­o­n­a­l"", ""start"": 241, ""end"": 253, ""salt_mode"": ""fragment"", ""fragment_max_positions"": null}]"
01384.e23f94030a4393f0825eacd9de99eb31,01384__salted__broad__cp200B__fragment.e23f94030a4393f0825eacd9de99eb31,broad,200B,fragment,,1,3,True,"[{""original_token"": ""Invest"", ""salted_token"": ""I​n​v​e​s​t"", ""start"": 13, ""end"": 19, ""salt_mode"": ""fragment"", ""fragment_max_positions"": null}]","[{""original_token"": ""investment"", ""salted_token"": ""i​n​v​e​s​t​m​e​n​t"", ""start"": 59, ""end"": 69, ""salt_mode"": ""fragment"", ""fragment_max_positions"": null}, {""original_token"": ""investment"", ""salted_token"": ""i​n​v​e​s​t​m​e​n​t"", ""start"": 254, ""end"": 264, ""salt_mode"": ""fragment"", ""fragment_max_positions"": null}, {""original_token"": ""risk"", ""salted_token"": ""r​i​s​k"", ""start"": 369, ""end"": 373, ""salt_mode"": ""fragment"", ""fragment_max_positions"": null}]"
01384.e23f94030a4393f0825eacd9de99eb31,01384__salted__broad__cp200C__fragment.e23f94030a4393f0825eacd9de99eb31,broad,200C,fragment,,1,3,True,"[{""original_token"": ""Invest"", ""salted_token"": ""I‌n‌v‌e‌s‌t"", ""start"": 13, ""end"": 19, ""salt_mode"": ""fragment"", ""fragment_max_positions"": null}]","[{""original_token"": ""investment"", ""salted_token"": ""i‌n‌v‌e‌s‌t‌m‌e‌n‌t"", ""start"": 59, ""end"": 69, ""salt_mode"": ""fragment"", ""fragment_max_positions"": null}, {""original_token"": ""investment"", ""salted_token"": ""i‌n‌v‌e‌s‌t‌m‌e‌n‌t"", ""start"": 254, ""end"": 264, ""salt_mode"": ""fragment"", ""fragment_max_positions"": null}, {""original_token"": ""risk"", ""salted_token"": ""r‌i‌s‌k"", ""start"": 369, ""end"": 373, ""salt_mode"": ""fragment"", ""fragment_max_positions"": null}]"
01384.e23f94030a4393f0825eacd9de99eb31,01384__salted__broad__cp200D__fragment.e23f94030a4393f0825eacd9de99eb31,broad,200D,fragment,,1,3,True,"[{""original_token"": ""Invest"", ""salted_token"": ""I‍n‍v‍e‍s‍t"", ""start"": 13, ""end"": 19, ""salt_mode"": ""fragment"", ""fragment_max_positions"": null}]","[{""original_token"": ""investment"", ""salted_token"": ""i‍n‍v‍e‍s‍t‍m‍e‍n‍t"", ""start"": 59, ""end"": 69, ""salt_mode"": ""fragment"", ""fragment_max_positions"": null}, {""original_token"": ""investment"", ""salted_token"": ""i‍n‍v‍e‍s‍t‍m‍e‍n‍t"", ""start"": 254, ""end"": 264, ""salt_mode"": ""fragment"", ""fragment_max_positions"": null}, {""original_token"": ""risk"", ""salted_token"": ""r‍i‍s‍k"", ""start"": 369, ""end"": 373, ""salt_mode"": ""fragment"", ""fragment_max_positions"": null}]"
01384.e23f94030a4393f0825eacd9de99eb31,01384__salted__broad__cp00AD__fragment.e23f94030a4393f0825eacd9de99eb31,broad,00AD,fragment,,1,3,True,"[{""original_token"": ""Invest"", ""salted_token"": ""I­n­v­e­s­t"", ""start"": 13, ""end"": 19, ""salt_mode"": ""fragment"", ""fragment_max_positions"": null}]","[{""original_token"": ""investment"", ""salted_token"": ""i­n­v­e­s­t­m­e­n­t"", ""start"": 59, ""end"": 69, ""salt_mode"": ""fragment"", ""fragment_max_positions"": null}, {""original_token"": ""investment"", ""salted_token"": ""i­n­v­e­s­t­m­e­n­t"", ""start"": 254, ""end"": 264, ""salt_mode"": ""fragment"", ""fragment_max_positions"": null}, {""original_token"": ""risk"", ""salted_token"": ""r­i­s­k"", ""start"": 369, ""end"": 373, ""salt_mode"": ""fragment"", ""fragment_max_positions"": null}]"
01388.dba0966da5886e99fab13981da6c3834,01388__salted__broad__cp200B__fragment.dba0966da5886e99fab13981da6c3834,broad,200B,fragment,,0,3,True,[],"[{""original_token"": ""emails"", ""salted_token"": ""e​m​a​i​l​s"", ""start"": 17, ""end"": 23, ""salt_mode"": ""fragment"", ""fragment_max_positions"": null}, {""original_token"": ""offering"", ""salted_token"": ""o​f​f​e​r​i​n​g"", ""start"": 35, ""end"": 43, ""salt_mode"": ""fragment"", ""fragment_max_positions"": null}, {""original_token"": ""emails"", ""salted_token"": ""e​m​a​i​l​s"", ""start"": 89, ""end"": 95, ""salt_mode"": ""fragment"", ""fragment_max_positions"": null}]"
01388.dba0966da5886e99fab13981da6c3834,01388__salted__broad__cp200C__fragment.dba0966da5886e99fab13981da6c3834,broad,200C,fragment,,0,3,True,[],"[{""original_token"": ""emails"", ""salted_token"": ""e‌m‌a‌i‌l‌s"", ""start"": 17, ""end"": 23, ""salt_mode"": ""fragment"", ""fragment_max_positions"": null}, {""original_token"": ""offering"", ""salted_token"": ""o‌f‌f‌e‌r‌i‌n‌g"", ""start"": 35, ""end"": 43, ""salt_mode"": ""fragment"", ""fragment_max_positions"": null}, {""original_token"": ""emails"", ""salted_token"": ""e‌m‌a‌i‌l‌s"", ""start"": 89, ""end"": 95, ""salt_mode"": ""fragment"", ""fragment_max_positions"": null}]"
01388.dba0966da5886e99fab13981da6c3834,01388__salted__broad__cp200D__fragment.dba0966da5886e99fab13981da6c3834,broad,200D,fragment,,0,3,True,[],"[{""original_token"": ""emails"", ""salted_token"": ""e‍m‍a‍i‍l‍s"", ""start"": 17, ""end"": 23, ""salt_mode"": ""fragment"", ""fragment_max_positions"": null}, {""original_token"": ""offering"", ""salted_token"": ""o‍f‍f‍e‍r‍i‍n‍g"", ""start"": 35, ""end"": 43, ""salt_mode"": ""fragment"", ""fragment_max_positions"": null}, {""original_token"": ""emails"", ""salted_token"": ""e‍m‍a‍i‍l‍s"", ""start"": 89, ""end"": 95, ""salt_mode"": ""fragment"", ""fragment_max_positions"": null}]"
01388.dba0966da5886e99fab13981da6c3834,01388__salted__broad__cp00AD__fragment.dba0966da5886e99fab13981da6c3834,broad,00AD,fragment,,0,3,True,[],"[{""original_token"": ""emails"", ""salted_token"": ""e­m­a­i­l­s"", ""start"": 17, ""end"": 23, ""salt_mode"": ""fragment"", ""fragment_max_positions"": null}, {""original_token"": ""offering"", ""salted_token"": ""o­f­f­e­r­i­n­g"", ""start"": 35, ""end"": 43, ""salt_mode"": ""fragment"", ""fragment_max_positions"": null}, {""original_token"": ""emails"", ""salted_token"": ""e­m­a­i­l­s"", ""start"": 89, ""end"": 95, ""salt_mode"": ""fragment"", ""fragment_max_positions"": null}]"
01395.cb33d1d72f42e4ab9268729917bf428b,01395__salted__broad__cp200B__fragment.cb33d1d72f42e4ab9268729917bf428b,broad,200B,fragment,,1,0,False,"[{""original_token"": ""ADV"", ""salted_token"": ""A​D​V"", ""start"": 0, ""end"": 3, ""salt_mode"": ""fragment"", ""fragment_max_positions"": null}]",[]
01395.cb33d1d72f42e4ab9268729917bf428b,01395__salted__broad__cp200C__fragment.cb33d1d72f42e4ab9268729917bf428b,broad,200C,fragment,,1,0,False,"[{""original_token"": ""ADV"", ""salted_token"": ""A‌D‌V"", ""start"": 0, ""end"": 3, ""salt_mode"": ""fragment"", ""fragment_max_positions"": null}]",[]
01395.cb33d1d72f42e4ab9268729917bf428b,01395__salted__broad__cp200D__fragment.cb33d1d72f42e4ab9268729917bf428b,broad,200D,fragment,,1,0,False,"[{""original_token"": ""ADV"", ""salted_token"": ""A‍D‍V"", ""start"": 0, ""end"": 3, ""salt_mode"": ""fragment"", ""fragment_max_positions"": null}]",[]
01395.cb33d1d72f42e4ab9268729917bf428b,01395__salted__broad__cp00AD__fragment.cb33d1d72f42e4ab9268729917bf428b,broad,00AD,fragment,,1,0,False,"[{""original_token"": ""ADV"", ""salted_token"": ""A­D­V"", ""start"": 0, ""end"": 3, ""salt_mode"": ""fragment"", ""fragment_max_positions"": null}]",[]
