message_id,variant_filename,vocab_type,codepoint,salt_mode,fragment_max_positions,n_insert_subject,n_insert_body,body_part_found,subject_targets,body_targets
00002.d94f1b97e48ed3b553b3508d116e6a09,00002__salted__extended__cp200B__fragment.d94f1b97e48ed3b553b3508d116e6a09,extended,200B,fragment,,1,1,True,"[{""original_token"": ""Guaranteed"", ""salted_token"": ""G​u​a​r​a​n​t​e​e​d"", ""start"": 7, ""end"": 17, ""salt_mode"": ""fragment"", ""fragment_max_positions"": null}]","[{""original_token"": ""Guaranteed"", ""salted_token"": ""G​u​a​r​a​n​t​e​e​d"", ""start"": 87, ""end"": 97, ""salt_mode"": ""fragment"", ""fragment_max_positions"": null}]"
00002.d94f1b97e48ed3b553b3508d116e6a09,00002__salted__extended__cp200C__fragment.d94f1b97e48ed3b553b3508d116e6a09,extended,200C,fragment,,1,1,True,"[{""original_token"": ""Guaranteed"", ""salted_token"": ""G‌u‌a‌r‌a‌n‌t‌e‌e‌d"", ""start"": 7, ""end"": 17, ""salt_mode"": ""fragment"", ""fragment_max_positions"": null}]","[{""original_token"": ""Guaranteed"", ""salted_token"": ""G‌u‌a‌r‌a‌n‌t‌e‌e‌d"", ""start"": 87, ""end"": 97, ""salt_mode"": ""fragment"", ""fragment_max_positions"": null}]"
00002.d94f1b97e48ed3b553b3508d116e6a09,00002__salted__extended__cp200D__fragment.d94f1b97e48ed3b553b3508d116e6a09,extended,200D,fragment,,1,1,True,"[{""original_token"": ""Guaranteed"", ""salted_token"": ""G‍u‍a‍r‍a‍n‍t‍e‍e‍d"", ""start"": 7, ""end"": 17, ""salt_mode"": ""fragment"", ""fragment_max_positions"": null}]","[{""original_token"": ""Guaranteed"", ""salted_token"": ""G‍u‍a‍r‍a‍n‍t‍e‍e‍d"", ""start"": 87, ""end"": 97, ""salt_mode"": ""fragment"", ""fragment_max_positions"": null}]"
00002.d94f1b97e48ed3b553b3508d116e6a09,00002__salted__extended__cp00AD__fragment.d94f1b97e48ed3b553b3508d116e6a09,extended,00AD,fragment,,1,1,True,"[{""original_token"": ""Guaranteed"", ""salted_token"": ""G­u­a­r­a­n­t­e­e­d"", ""start"": 7, ""end"": 17, ""salt_mode"": ""fragment"", ""fragment_max_positions"": null}]","[{""original_token"": ""Guaranteed"", ""salted_token"": ""G­u­a­r­a­n­t­e­e­d"", ""start"": 87, ""end"": 97, ""salt_mode"": ""fragment"", ""fragment_max_positions"": null}]"
00003.2ee33bc6eacdb11f38d052c44819ba6c,00003__salted__extended__cp200B__fragment.2ee33bc6eacdb11f38d052c44819ba6c,extended,200B,fragment,,1,1,True,"[{""original_token"": ""Guaranteed"", ""salted_token"": ""G​u​a​r​a​n​t​e​e​d"", ""start"": 0, ""end"": 10, ""salt_mode"": ""fragment"", ""fragment_max_positions"": null}]","[{""original_token"": ""Guaranteed"", ""salted_token"": ""G​u​a​r​a​n​t​e​e​d"", ""start"": 87, ""end"": 97, ""salt_mode"": ""fragment"", ""fragment_max_positions"": null}]"
00003.2ee33bc6eacdb11f38d052c44819ba6c,00003__salted__extended__cp200C__fragment.2ee33bc6eacdb11f38d052c44819ba6c,extended,200C,fragment,,1,1,True,"[{""original_token"": ""Guaranteed"", ""salted_token"": ""G‌u‌a‌r‌a‌n‌t‌e‌e‌d"", ""start"": 0, ""end"": 10, ""salt_mode"": ""fragment"", ""fragment_max_positions"": null}]","[{""original_token"": ""Guaranteed"", ""salted_token"": ""G‌u‌a‌r‌a‌n‌t‌e‌e‌d"", ""start"": 87, ""end"": 97, ""salt_mode"": ""fragment"", ""fragment_max_positions"": null}]"
00003.2ee33bc6eacdb11f38d052c44819ba6c,00003__salted__extended__cp200D__fragment.2ee33bc6eacdb11f38d052c44819ba6c,extended,200D,fragment,,1,1,True,"[{""original_token"": ""Guaranteed"", ""salted_token"": ""G‍u‍a‍r‍a‍n‍t‍e‍e‍d"", ""start"": 0, ""end"": 10, ""salt_mode"": ""fragment"", ""fragment_max_positions"": null}]","[{""original_token"": ""Guaranteed"", ""salted_token"": ""G‍u‍a‍r‍a‍n‍t‍e‍e‍d"", ""start"": 87, ""end"": 97, ""salt_mode"": ""fragment"", ""fragment_max_positions"": null}]"
00003.2ee33bc6eacdb11f38d052c44819ba6c,00003__salted__extended__cp00AD__fragment.2ee33bc6eacdb11f38d052c44819ba6c,extended,00AD,fragment,,1,1,True,"[{""original_token"": ""Guaranteed"", ""salted_token"": ""G­u­a­r­a­n­t­e­e­d"", ""start"": 0, ""end"": 10, ""salt_mode"": ""fragment"", ""fragment_max_positions"": null}]","[{""original_token"": ""Guaranteed"", ""salted_token"": ""G­u­a­r­a­n­t­e­e­d"", ""start"": 87, ""end"": 97, ""salt_mode"": ""fragment"", ""fragment_max_positions"": null}]"
00004.eac8de8d759b7e74154f142194282724,00004__salted__extended__cp200B__fragment.eac8de8d759b7e74154f142194282724,extended,200B,fragment,,0,3,True,[],"[{""original_token"": ""Click"", ""salted_token"": ""C​l​i​c​k"", ""start"": 1246, ""end"": 1251, ""salt_mode"": ""fragment"", ""fragment_max_positions"": null}, {""original_token"": ""Removal"", ""salted_token"": ""R​e​m​o​v​a​l"", ""start"": 2542, ""end"": 2549, ""salt_mode"": ""fragment"", ""fragment_max_positions"": null}, {""original_token"": ""advertisement"", ""salted_token"": ""a​d​v​e​r​t​i​s​e​m​e​n​t"", ""start"": 2588, ""end"": 2601, ""salt_mode"": ""fragment"", ""fragment_max_positions"": null}]"
00004.eac8de8d759b7e74154f142194282724,00004__salted__extended__cp200C__fragment.eac8de8d759b7e74154f142194282724,extended,200C,fragment,,0,3,True,[],"[{""original_token"": ""Click"", ""salted_token"": ""C‌l‌i‌c‌k"", ""start"": 1246, ""end"": 1251, ""salt_mode"": ""fragment"", ""fragment_max_positions"": null}, {""original_token"": ""Removal"", ""salted_token"": ""R‌e‌m‌o‌v‌a‌l"", ""start"": 2542, ""end"": 2549, ""salt_mode"": ""fragment"", ""fragment_max_positions"": null}, {""original_token"": ""advertisement"", ""salted_token"": ""a‌d‌v‌e‌r‌t‌i‌s‌e‌m‌e‌n‌t"", ""start"": 2588, ""end"": 2601, ""salt_mode"": ""fragment"", ""fragment_max_positions"": null}]"
00004.eac8de8d759b7e74154f142194282724,00004__salted__extended__cp200D__fragment.eac8de8d759b7e74154f142194282724,extended,200D,fragment,,0,3,True,[],"[{""original_token"": ""Click"", ""salted_token"": ""C‍l‍i‍c‍k"", ""start"": 1246, ""end"": 1251, ""salt_mode"": ""fragment"", ""fragment_max_positions"": null}, {""original_token"": ""Removal"", ""salted_token"": ""R‍e‍m‍o‍v‍a‍l"", ""start"": 2542, ""end"": 2549, ""salt_mode"": ""fragment"", ""fragment_max_positions"": null}, {""original_token"": ""advertisement"", ""salted_token"": ""a‍d‍v‍e‍r‍t‍i‍s‍e‍m‍e‍n‍t"", ""start"": 2588, ""end"": 2601, ""salt_mode"": ""fragment"", ""fragment_max_positions"": null}]"
00004.eac8de8d759b7e74154f142194282724,00004__salted__extended__cp00AD__fragment.eac8de8d759b7e74154f142194282724,extended,00AD,fragment,,0,3,True,[],"[{""original_token"": ""Click"", ""salted_token"": ""C­l­i­c­k"", ""start"": 1246, ""end"": 1251, ""salt_mode"": ""fragment"", ""fragment_max_positions"": null}, {""original_token"": ""Removal"", ""salted_token"": ""R­e­m­o­v­a­l"", ""start"": 2542, ""end"": 2549, ""salt_mode"": ""fragment"", ""fragment_max_positions"": null}, {""original_token"": ""advertisement"", ""salted_token"": ""a­d­v­e­r­t­i­s­e­m­e­n­t"", ""start"": 2588, ""end"": 2601, ""salt_mode"": ""fragment"", ""fragment_max_positions"": null}]"
00009.1e1a8cb4b57532ab38aa23287523659d,00009__salted__extended__cp200B__fragment.1e1a8cb4b57532ab38aa23287523659d,extended,200B,fragment,,0,3,True,[],"[{""original_token"": ""DEAR"", ""salted_token"": ""D​E​A​R"", ""start"": 1, ""end"": 5, ""salt_mode"": ""fragment"", ""fragment_max_positions"": null}, {""original_token"": ""SIR"", ""salted_token"": ""S​I​R"", ""start"": 6, ""end"": 9, ""salt_mode"": ""fragment"", ""fragment_max_positions"": null}, {""original_token"": ""USD"", ""salted_token"": ""U​S​D"", ""start"": 67, ""end"": 70, ""salt_mode"": ""fragment"", ""fragment_max_positions"": null}]"
00009.1e1a8cb4b57532ab38aa23287523659d,00009__salted__extended__cp200C__fragment.1e1a8cb4b57532ab38aa23287523659d,extended,200C,fragment,,0,3,True,[],"[{""original_token"": ""DEAR"", ""salted_token"": ""D‌E‌A‌R"", ""start"": 1, ""end"": 5, ""salt_mode"": ""fragment"", ""fragment_max_positions"": null}, {""original_token"": ""SIR"", ""salted_token"": ""S‌I‌R"", ""start"": 6, ""end"": 9, ""salt_mode"": ""fragment"", ""fragment_max_positions"": null}, {""original_token"": ""USD"", ""salted_token"": ""U‌S‌D"", ""start"": 67, ""end"": 70, ""salt_mode"": ""fragment"", ""fragment_max_positions"": null}]"
00009.1e1a8cb4b57532ab38aa23287523659d,00009__salted__extended__cp200D__fragment.1e1a8cb4b57532ab38aa23287523659d,extended,200D,fragment,,0,3,True,[],"[{""original_token"": ""DEAR"", ""salted_token"": ""D‍E‍A‍R"", ""start"": 1, ""end"": 5, ""salt_mode"": ""fragment"", ""fragment_max_positions"": null}, {""original_token"": ""SIR"", ""salted_token"": ""S‍I‍R"", ""start"": 6, ""end"": 9, ""salt_mode"": ""fragment"", ""fragment_max_positions"": null}, {""original_token"": ""USD"", ""salted_token"": ""U‍S‍D"", ""start"": 67, ""end"": 70, ""salt_mode"": ""fragment"", ""fragment_max_positions"": null}]"
00009.1e1a8cb4b57532ab38aa23287523659d,00009__salted__extended__cp00AD__fragment.1e1a8cb4b57532ab38aa23287523659d,extended,00AD,fragment,,0,3,True,[],"[{""original_token"": ""DEAR"", ""salted_token"": ""D­E­A­R"", ""start"": 1, ""end"": 5, ""salt_mode"": ""fragment"", ""fragment_max_positions"": null}, {""original_token"": ""SIR"", ""salted_token"": ""S­I­R"", ""start"": 6, ""end"": 9, ""salt_mode"": ""fragment"", ""fragment_max_positions"": null}, {""original_token"": ""USD"", ""salted_token"": ""U­S­D"", ""start"": 67, ""end"": 70, ""salt_mode"": ""fragment"", ""fragment_max_positions"": null}]"
00024.6b5437b14d403176c3f046c871b5b52f,00024__salted__extended__cp200B__fragment.6b5437b14d403176c3f046c871b5b52f,extended,200B,fragment,,0,3,True,[],"[{""original_token"": ""Fees"", ""salted_token"": ""F​e​e​s"", ""start"": 185, ""end"": 189, ""salt_mode"": ""fragment"", ""fragment_max_positions"": null}, {""original_token"": ""receive"", ""salted_token"": ""r​e​c​e​i​v​e"", ""start"": 433, ""end"": 440, ""salt_mode"": ""fragment"", ""fragment_max_positions"": null}, {""original_token"": ""receive"", ""salted_token"": ""r​e​c​e​i​v​e"", ""start"": 474, ""end"": 481, ""salt_mode"": ""fragment"", ""fragment_max_positions"": null}]"
00024.6b5437b14d403176c3f046c871b5b52f,00024__salted__extended__cp200C__fragment.6b5437b14d403176c3f046c871b5b52f,extended,200C,fragment,,0,3,True,[],"[{""original_token"": ""Fees"", ""salted_token"": ""F‌e‌e‌s"", ""start"": 185, ""end"": 189, ""salt_mode"": ""fragment"", ""fragment_max_positions"": null}, {""original_token"": ""receive"", ""salted_token"": ""r‌e‌c‌e‌i‌v‌e"", ""start"": 433, ""end"": 440, ""salt_mode"": ""fragment"", ""fragment_max_positions"": null}, {""original_token"": ""receive"", ""salted_token"": ""r‌e‌c‌e‌i‌v‌e"", ""start"": 474, ""end"": 481, ""salt_mode"": ""fragment"", ""fragment_max_positions"": null}]"
00024.6b5437b14d403176c3f046c871b5b52f,00024__salted__extended__cp200D__fragment.6b5437b14d403176c3f046c871b5b52f,extended,200D,fragment,,0,3,True,[],"[{""original_token"": ""Fees"", ""salted_token"": ""F‍e‍e‍s"", ""start"": 185, ""end"": 189, ""salt_mode"": ""fragment"", ""fragment_max_positions"": null}, {""original_token"": ""receive"", ""salted_token"": ""r‍e‍c‍e‍i‍v‍e"", ""start"": 433, ""end"": 440, ""salt_mode"": ""fragment"", ""fragment_max_positions"": null}, {""original_token"": ""receive"", ""salted_token"": ""r‍e‍c‍e‍i‍v‍e"", ""start"": 474, ""end"": 481, ""salt_mode"": ""fragment"", ""fragment_max_positions"": null}]"
00024.6b5437b14d403176c3f046c871b5b52f,00024__salted__extended__cp00AD__fragment.6b5437b14d403176c3f046c871b5b52f,extended,00AD,fragment,,0,3,True,[],"[{""original_token"": ""Fees"", ""salted_token"": ""F­e­e­s"", ""start"": 185, ""end"": 189, ""salt_mode"": ""fragment"", ""fragment_max_positions"": null}, {""original_token"": ""receive"", ""salted_token"": ""r­e­c­e­i­v­e"", ""start"": 433, ""end"": 440, ""salt_mode"": ""fragment"", ""fragment_max_positions"": null}, {""original_token"": ""receive"", ""salted_token"": ""r­e­c­e­i­v­e"", ""start"": 474, ""end"": 481, ""salt_mode"": ""fragment"", ""fragment_max_positions"": null}]"
00040.949a3d300eadb91d8745f1c1dab51133,00040__salted__extended__cp200B__fragment.949a3d300eadb91d8745f1c1dab51133,extended,200B,fragment,,0,3,True,[],"[{""original_token"": ""Dear"", ""salted_token"": ""D​e​a​r"", ""start"": 0, ""end"": 4, ""salt_mode"": ""fragment"", ""fragment_max_positions"": null}, {""original_token"": ""Sir"", ""salted_token"": ""S​i​r"", ""start"": 5, ""end"": 8, ""salt_mode"": ""fragment"", ""fragment_max_positions"": null}, {""original_token"": ""Madam"", ""salted_token"": ""M​a​d​a​m"", ""start"": 12, ""end"": 17, ""salt_mode"": ""fragment"", ""fragment_max_positions"": null}]"
00040.949a3d300eadb91d8745f1c1dab51133,00040__salted__extended__cp200C__fragment.949a3d300eadb91d8745f1c1dab51133,extended,200C,fragment,,0,3,True,[],"[{""original_token"": ""Dear"", ""salted_token"": ""D‌e‌a‌r"", ""start"": 0, ""end"": 4, ""salt_mode"": ""fragment"", ""fragment_max_positions"": null}, {""original_token"": ""Sir"", ""salted_token"": ""S‌i‌r"", ""start"": 5, ""end"": 8, ""salt_mode"": ""fragment"", ""fragment_max_positions"": null}, {""original_token"": ""Madam"", ""salted_token"": ""M‌a‌d‌a‌m"", ""start"": 12, ""end"": 17, ""salt_mode"": ""fragment"", ""fragment_max_positions"": null}]"
00040.949a3d300eadb91d8745f1c1dab51133,00040__salted__extended__cp200D__fragment.949a3d300eadb91d8745f1c1dab51133,extended,200D,fragment,,0,3,True,[],"[{""original_token"": ""Dear"", ""salted_token"": ""D‍e‍a‍r"", ""start"": 0, ""end"": 4, ""salt_mode"": ""fragment"", ""fragment_max_positions"": null}, {""original_token"": ""Sir"", ""salted_token"": ""S‍i‍r"", ""start"": 5, ""end"": 8, ""salt_mode"": ""fragment"", ""fragment_max_positions"": null}, {""original_token"": ""Madam"", ""salted_token"": ""M‍a‍d‍a‍m"", ""start"": 12, ""end"": 17, ""salt_mode"": ""fragment"", ""fragment_max_positions"": null}]"
00040.949a3d300eadb91d8745f1c1dab51133,00040__salted__extended__cp00AD__fragment.949a3d300eadb91d8745f1c1dab51133,extended,00AD,fragment,,0,3,True,[],"[{""original_token"": ""Dear"", ""salted_token"": ""D­e­a­r"", ""start"": 0, ""end"": 4, ""salt_mode"": ""fragment"", ""fragment_max_positions"": null}, {""original_token"": ""Sir"", ""salted_token"": ""S­i­r"", ""start"": 5, ""end"": 8, ""salt_mode"": ""fragment"", ""fragment_max_positions"": null}, {""original_token"": ""Madam"", ""salted_token"": ""M­a­d­a­m"", ""start"": 12, ""end"": 17, ""salt_mode"": ""fragment"", ""fragment_max_positions"": null}]"
00041.f1b3402799046db3c1f143a911dc085d,00041__salted__extended__cp200B__fragment.f1b3402799046db3c1f143a911dc085d,extended,200B,fragment,,0,3,True,[],"[{""original_token"": ""Dear"", ""salted_token"": ""D​e​a​r"", ""start"": 0, ""end"": 4, ""salt_mode"": ""fragment"", ""fragment_max_positions"": null}, {""original_token"": ""Sir"", ""salted_token"": ""S​i​r"", ""start"": 5, ""end"": 8, ""salt_mode"": ""fragment"", ""fragment_max_positions"": null}, {""original_token"": ""Madam"", ""salted_token"": ""M​a​d​a​m"", ""start"": 12, ""end"": 17, ""salt_mode"": ""fragment"", ""fragment_max_positions"": null}]"
00041.f1b3402799046db3c1f143a911dc085d,00041__salted__extended__cp200C__fragment.f1b3402799046db3c1f143a911dc085d,extended,200C,fragment,,0,3,True,[],"[{""original_token"": ""Dear"", ""salted_token"": ""D‌e‌a‌r"", ""start"": 0, ""end"": 4, ""salt_mode"": ""fragment"", ""fragment_max_positions"": null}, {""original_token"": ""Sir"", ""salted_token"": ""S‌i‌r"", ""start"": 5, ""end"": 8, ""salt_mode"": ""fragment"", ""fragment_max_positions"": null}, {""original_token"": ""Madam"", ""salted_token"": ""M‌a‌d‌a‌m"", ""start"": 12, ""end"": 17, ""salt_mode"": ""fragment"", ""fragment_max_positions"": null}]"
00041.f1b3402799046db3c1f143a911dc085d,00041__salted__extended__cp200D__fragment.f1b3402799046db3c1f143a911dc085d,extended,200D,fragment,,0,3,True,[],"[{""original_token"": ""Dear"", ""salted_token"": ""D‍e‍a‍r"", ""start"": 0, ""end"": 4, ""salt_mode"": ""fragment"", ""fragment_max_positions"": null}, {""original_token"": ""Sir"", ""salted_token"": ""S‍i‍r"", ""start"": 5, ""end"": 8, ""salt_mode"": ""fragment"", ""fragment_max_positions"": null}, {""original_token"": ""Madam"", ""salted_token"": ""M‍a‍d‍a‍m"", ""start"": 12, ""end"": 17, ""salt_mode"": ""fragment"", ""fragment_max_positions"": null}]"
00041.f1b3402799046db3c1f143a911dc085d,00041__salted__extended__cp00AD__fragment.f1b3402799046db3c1f143a911dc085d,extended,00AD,fragment,,0,3,True,[],"[{""original_token"": ""Dear"", ""salted_token"": ""D­e­a­r"", ""start"": 0, ""end"": 4, ""salt_mode"": ""fragment"", ""fragment_max_positions"": null}, {""original_token"": ""Sir"", ""salted_token"": ""S­i­r"", ""start"": 5, ""end"": 8, ""salt_mode"": ""fragment"", ""fragment_max_positions"": null}, {""original_token"": ""Madam"", ""salted_token"": ""M­a­d­a­m"", ""start"": 12, ""end"": 17, ""salt_mode"": ""fragment"", ""fragment_max_positions"": null}]"
00045.7282c2c4e009744f2f3450d370009235,00045__salted__extended__cp200B__fragment.7282c2c4e009744f2f3450d370009235,extended,200B,fragment,,0,1,True,[],"[{""original_token"": ""Guaranteed"", ""salted_token"": ""G​u​a​r​a​n​t​e​e​d"", ""start"": 87, ""end"": 97, ""salt_mode"": ""fragment"", ""fragment_max_positions"": null}]"
00045.7282c2c4e009744f2f3450d370009235,00045__salted__extended__cp200C__fragment.7282c2c4e009744f2f3450d370009235,extended,200C,fragment,,0,1,True,[],"[{""original_token"": ""Guaranteed"", ""salted_token"": ""G‌u‌a‌r‌a‌n‌t‌e‌e‌d"", ""start"": 87, ""end"": 97, ""salt_mode"": ""fragment"", ""fragment_max_positions"": null}]"
00045.7282c2c4e009744f2f3450d370009235,00045__salted__extended__cp200D__fragment.7282c2c4e009744f2f3450d370009235,extended,200D,fragment,,0,1,True,[],"[{""original_token"": ""Guaranteed"", ""salted_token"": ""G‍u‍a‍r‍a‍n‍t‍e‍e‍d"", ""start"": 87, ""end"": 97, ""salt_mode"": ""fragment"", ""fragment_max_positions"": null}]"
00045.7282c2c4e009744f2f3450d370009235,00045__salted__extended__cp00AD__fragment.7282c2c4e009744f2f3450d370009235,extended,00AD,fragment,,0,1,True,[],"[{""original_token"": ""Guaranteed"", ""salted_token"": ""G­u­a­r­a­n­t­e­e­d"", ""start"": 87, ""end"": 97, ""salt_mode"": ""fragment"", ""fragment_max_positions"": null}]"
00054.62863160db27f89df8c73275b6dae134,00054__salted__extended__cp200B__fragment.62863160db27f89df8c73275b6dae134,extended,200B,fragment,,1,0,False,"[{""original_token"": ""ADV"", ""salted_token"": ""A​D​V"", ""start"": 0, ""end"": 3, ""salt_mode"": ""fragment"", ""fragment_max_positions"": null}]",[]
00054.62863160db27f89df8c73275b6dae134,00054__salted__extended__cp200C__fragment.62863160db27f89df8c73275b6dae134,extended,200C,fragment,,1,0,False,"[{""original_token"": ""ADV"", ""salted_token"": ""A‌D‌V"", ""start"": 0, ""end"": 3, ""salt_mode"": ""fragment"", ""fragment_max_positions"": null}]",[]
00054.62863160db27f89df8c73275b6dae134,00054__salted__extended__cp200D__fragment.62863160db27f89df8c73275b6dae134,extended,200D,fragment,,1,0,False,"[{""original_token"": ""ADV"", ""salted_token"": ""A‍D‍V"", ""start"": 0, ""end"": 3, ""salt_mode"": ""fragment"", ""fragment_max_positions"": null}]",[]
00054.62863160db27f89df8c73275b6dae134,00054__salted__extended__cp00AD__fragment.62863160db27f89df8c73275b6dae134,extended,00AD,fragment,,1,0,False,"[{""original_token"": ""ADV"", ""salted_token"": ""A­D­V"", ""start"": 0, ""end"": 3, ""salt_mode"": ""fragment"", ""fragment_max_positions"": null}]",[]
00058.64bb1902c4e561fb3e521a6dbf8625be,00058__salted__extended__cp200B__fragment.64bb1902c4e561fb3e521a6dbf8625be,extended,200B,fragment,,1,0,False,"[{""original_token"": ""Insurance"", ""salted_token"": ""I​n​s​u​r​a​n​c​e"", ""start"": 5, ""end"": 14, ""salt_mode"": ""fragment"", ""fragment_max_positions"": null}]",[]
00058.64bb1902c4e561fb3e521a6dbf8625be,00058__salted__extended__cp200C__fragment.64bb1902c4e561fb3e521a6dbf8625be,extended,200C,fragment,,1,0,False,"[{""original_token"": ""Insurance"", ""salted_token"": ""I‌n‌s‌u‌r‌a‌n‌c‌e"", ""start"": 5, ""end"": 14, ""salt_mode"": ""fragment"", ""fragment_max_positions"": null}]",[]
00058.64bb1902c4e561fb3e521a6dbf8625be,00058__salted__extended__cp200D__fragment.64bb1902c4e561fb3e521a6dbf8625be,extended,200D,fragment,,1,0,False,"[{""original_token"": ""Insurance"", ""salted_token"": ""I‍n‍s‍u‍r‍a‍n‍c‍e"", ""start"": 5, ""end"": 14, ""salt_mode"": ""fragment"", ""fragment_max_positions"": null}]",[]
00058.64bb1902c4e561fb3e521a6dbf8625be,00058__salted__extended__cp00AD__fragment.64bb1902c4e561fb3e521a6dbf8625be,extended,00AD,fragment,,1,0,False,"[{""original_token"": ""Insurance"", ""salted_token"": ""I­n­s­u­r­a­n­c­e"", ""start"": 5, ""end"": 14, ""salt_mode"": ""fragment"", ""fragment_max_positions"": null}]",[]
00064.65b95365450ebe5eef61e7f1c60edc5e,00064__salted__extended__cp200B__fragment.65b95365450ebe5eef61e7f1c60edc5e,extended,200B,fragment,,0,2,True,[],"[{""original_token"": ""Premium"", ""salted_token"": ""P​r​e​m​i​u​m"", ""start"": 48, ""end"": 55, ""salt_mode"": ""fragment"", ""fragment_max_positions"": null}, {""original_token"": ""Earn"", ""salted_token"": ""E​a​r​n"", ""start"": 109, ""end"": 113, ""salt_mode"": ""fragment"", ""fragment_max_positions"": null}]"
00064.65b95365450ebe5eef61e7f1c60edc5e,00064__salted__extended__cp200C__fragment.65b95365450ebe5eef61e7f1c60edc5e,extended,200C,fragment,,0,2,True,[],"[{""original_token"": ""Premium"", ""salted_token"": ""P‌r‌e‌m‌i‌u‌m"", ""start"": 48, ""end"": 55, ""salt_mode"": ""fragment"", ""fragment_max_positions"": null}, {""original_token"": ""Earn"", ""salted_token"": ""E‌a‌r‌n"", ""start"": 109, ""end"": 113, ""salt_mode"": ""fragment"", ""fragment_max_positions"": null}]"
00064.65b95365450ebe5eef61e7f1c60edc5e,00064__salted__extended__cp200D__fragment.65b95365450ebe5eef61e7f1c60edc5e,extended,200D,fragment,,0,2,True,[],"[{""original_token"": ""Premium"", ""salted_token"": ""P‍r‍e‍m‍i‍u‍m"", ""start"": 48, ""end"": 55, ""salt_mode"": ""fragment"", ""fragment_max_positions"": null}, {""original_token"": ""Earn"", ""salted_token"": ""E‍a‍r‍n"", ""start"": 109, ""end"": 113, ""salt_mode"": ""fragment"", ""fragment_max_positions"": null}]"
00064.65b95365450ebe5eef61e7f1c60edc5e,00064__salted__extended__cp00AD__fragment.65b95365450ebe5eef61e7f1c60edc5e,extended,00AD,fragment,,0,2,True,[],"[{""original_token"": ""Premium"", ""salted_token"": ""P­r­e­m­i­u­m"", ""start"": 48, ""end"": 55, ""salt_mode"": ""fragment"", ""fragment_max_positions"": null}, {""original_token"": ""Earn"", ""salted_token"": ""E­a­r­n"", ""start"": 109, ""end"": 113, ""salt_mode"": ""fragment"", ""fragment_max_positions"": null}]"
00067.ec108870b01dc3ccb8fabc5def869ca5,00067__salted__extended__cp200B__fragment.ec108870b01dc3ccb8fabc5def869ca5,extended,200B,fragment,,1,0,False,"[{""original_token"": ""SYSTEMWORKS"", ""salted_token"": ""S​Y​S​T​E​M​W​O​R​K​S"", ""start"": 35, ""end"": 46, ""salt_mode"": ""fragment"", ""fragment_max_positions"": null}]",[]
00067.ec108870b01dc3ccb8fabc5def869ca5,00067__salted__extended__cp200C__fragment.ec108870b01dc3ccb8fabc5def869ca5,extended,200C,fragment,,1,0,False,"[{""original_token"": ""SYSTEMWORKS"", ""salted_token"": ""S‌Y‌S‌T‌E‌M‌W‌O‌R‌K‌S"", ""start"": 35, ""end"": 46, ""salt_mode"": ""fragment"", ""fragment_max_positions"": null}]",[]
00067.ec108870b01dc3ccb8fabc5def869ca5,00067__salted__extended__cp200D__fragment.ec108870b01dc3ccb8fabc5def869ca5,extended,200D,fragment,,1,0,False,"[{""original_token"": ""SYSTEMWORKS"", ""salted_token"": ""S‍Y‍S‍T‍E‍M‍W‍O‍R‍K‍S"", ""start"": 35, ""end"": 46, ""salt_mode"": ""fragment"", ""fragment_max_positions"": null}]",[]
00067.ec108870b01dc3ccb8fabc5def869ca5,00067__salted__extended__cp00AD__fragment.ec108870b01dc3ccb8fabc5def869ca5,extended,00AD,fragment,,1,0,False,"[{""original_token"": ""SYSTEMWORKS"", ""salted_token"": ""S­Y­S­T­E­M­W­O­R­K­S"", ""start"": 35, ""end"": 46, ""salt_mode"": ""fragment"", ""fragment_max_positions"": null}]",[]
00090.52630c4c07cd069c7bc7658c1a7a7253,00090__salted__extended__cp200B__fragment.52630c4c07cd069c7bc7658c1a7a7253,extended,200B,fragment,,0,3,True,[],"[{""original_token"": ""annuity"", ""salted_token"": ""a​n​n​u​i​t​y"", ""start"": 28, ""end"": 35, ""salt_mode"": ""fragment"", ""fragment_max_positions"": null}, {""original_token"": ""Earn"", ""salted_token"": ""E​a​r​n"", ""start"": 47, ""end"": 51, ""salt_mode"": ""fragment"", ""fragment_max_positions"": null}, {""original_token"": ""annuity"", ""salted_token"": ""a​n​n​u​i​t​y"", ""start"": 85, ""end"": 92, ""salt_mode"": ""fragment"", ""fragment_max_positions"": null}]"
00090.52630c4c07cd069c7bc7658c1a7a7253,00090__salted__extended__cp200C__fragment.52630c4c07cd069c7bc7658c1a7a7253,extended,200C,fragment,,0,3,True,[],"[{""original_token"": ""annuity"", ""salted_token"": ""a‌n‌n‌u‌i‌t‌y"", ""start"": 28, ""end"": 35, ""salt_mode"": ""fragment"", ""fragment_max_positions"": null}, {""original_token"": ""Earn"", ""salted_token"": ""E‌a‌r‌n"", ""start"": 47, ""end"": 51, ""salt_mode"": ""fragment"", ""fragment_max_positions"": null}, {""original_token"": ""annuity"", ""salted_token"": ""a‌n‌n‌u‌i‌t‌y"", ""start"": 85, ""end"": 92, ""salt_mode"": ""fragment"", ""fragment_max_positions"": null}]"
00090.52630c4c07cd069c7bc7658c1a7a7253,00090__salted__extended__cp200D__fragment.52630c4c07cd069c7bc7658c1a7a7253,extended,200D,fragment,,0,3,True,[],"[{""original_token"": ""annuity"", ""salted_token"": ""a‍n‍n‍u‍i‍t‍y"", ""start"": 28, ""end"": 35, ""salt_mode"": ""fragment"", ""fragment_max_positions"": null}, {""original_token"": ""Earn"", ""salted_token"": ""E‍a‍r‍n"", ""start"": 47, ""end"": 51, ""salt_mode"": ""fragment"", ""fragment_max_positions"": null}, {""original_token"": ""annuity"", ""salted_token"": ""a‍n‍n‍u‍i‍t‍y"", ""start"": 85, ""end"": 92, ""salt_mode"": ""fragment"", ""fragment_max_positions"": null}]"
00090.52630c4c07cd069c7bc7658c1a7a7253,00090__salted__extended__cp00AD__fragment.52630c4c07cd069c7bc7658c1a7a7253,extended,00AD,fragment,,0,3,True,[],"[{""original_token"": ""annuity"", ""salted_token"": ""a­n­n­u­i­t­y"", ""start"": 28, ""end"": 35, ""salt_mode"": ""fragment"", ""fragment_max_positions"": null}, {""original_token"": ""Earn"", ""salted_token"": ""E­a­r­n"", ""start"": 47, ""end"": 51, ""salt_mode"": ""fragment"", ""fragment_max_positions"": null}, {""original_token"": ""annuity"", ""salted_token"": ""a­n­n­u­i­t­y"", ""start"": 85, ""end"": 92, ""salt_mode"": ""fragment"", ""fragment_max_positions"": null}]"
00105.d8f25617befc5289aa4ed9602457050b,00105__salted__extended__cp200B__fragment.d8f25617befc5289aa4ed9602457050b,extended,200B,fragment,,1,0,False,"[{""original_token"": ""Loans"", ""salted_token"": ""L​o​a​n​s"", ""start"": 5, ""end"": 10, ""salt_mode"": ""fragment"", ""fragment_max_positions"": null}]",[]
00105.d8f25617befc5289aa4ed9602457050b,00105__salted__extended__cp200C__fragment.d8f25617befc5289aa4ed9602457050b,extended,200C,fragment,,1,0,False,"[{""original_token"": ""Loans"", ""salted_token"": ""L‌o‌a‌n‌s"", ""start"": 5, ""end"": 10, ""salt_mode"": ""fragment"", ""fragment_max_positions"": null}]",[]
00105.d8f25617befc5289aa4ed9602457050b,00105__salted__extended__cp200D__fragment.d8f25617befc5289aa4ed9602457050b,extended,200D,fragment,,1,0,False,"[{""original_token"": ""Loans"", ""salted_token"": ""L‍o‍a‍n‍s"", ""start"": 5, ""end"": 10, ""salt_mode"": ""fragment"", ""fragment_max_positions"": null}]",[]
00105.d8f25617befc5289aa4ed9602457050b,00105__salted__extended__cp00AD__fragment.d8f25617befc5289aa4ed9602457050b,extended,00AD,fragment,,1,0,False,"[{""original_token"": ""Loans"", ""salted_token"": ""L­o­a­n­s"", ""start"": 5, ""end"": 10, ""salt_mode"": ""fragment"", ""fragment_max_positions"": null}]",[]
00115.c97af50ef7ccd816f95bbdc6f4d226b2,00115__salted__extended__cp200B__fragment.c97af50ef7ccd816f95bbdc6f4d226b2,extended,200B,fragment,,0,1,True,[],"[{""original_token"": ""click"", ""salted_token"": ""c​l​i​c​k"", ""start"": 486, ""end"": 491, ""salt_mode"": ""fragment"", ""fragment_max_positions"": null}]"
00115.c97af50ef7ccd816f95bbdc6f4d226b2,00115__salted__extended__cp200C__fragment.c97af50ef7ccd816f95bbdc6f4d226b2,extended,200C,fragment,,0,1,True,[],"[{""original_token"": ""click"", ""salted_token"": ""c‌l‌i‌c‌k"", ""start"": 486, ""end"": 491, ""salt_mode"": ""fragment"", ""fragment_max_positions"": null}]"
00115.c97af50ef7ccd816f95bbdc6f4d226b2,00115__salted__extended__cp200D__fragment.c97af50ef7ccd816f95bbdc6f4d226b2,extended,200D,fragment,,0,1,True,[],"[{""original_token"": ""click"", ""salted_token"": ""c‍l‍i‍c‍k"", ""start"": 486, ""end"": 491, ""salt_mode"": ""fragment"", ""fragment_max_positions"": null}]"
00115.c97af50ef7ccd816f95bbdc6f4d226b2,00115__salted__extended__cp00AD__fragment.c97af50ef7ccd816f95bbdc6f4d226b2,extended,00AD,fragment,,0,1,True,[],"[{""original_token"": ""click"", ""salted_token"": ""c­l­i­c­k"", ""start"": 486, ""end"": 491, ""salt_mode"": ""fragment"", ""fragment_max_positions"": null}]"
00120.58579af867ff9a702cff23e7b8818a59,00120__salted__extended__cp200B__fragment.58579af867ff9a702cff23e7b8818a59,extended,200B,fragment,,0,1,True,[],"[{""original_token"": ""Guaranteed"", ""salted_token"": ""G​u​a​r​a​n​t​e​e​d"", ""start"": 117, ""end"": 127, ""salt_mode"": ""fragment"", ""fragment_max_positions"": null}]"
00120.58579af867ff9a702cff23e7b8818a59,00120__salted__extended__cp200C__fragment.58579af867ff9a702cff23e7b8818a59,extended,200C,fragment,,0,1,True,[],"[{""original_token"": ""Guaranteed"", ""salted_token"": ""G‌u‌a‌r‌a‌n‌t‌e‌e‌d"", ""start"": 117, ""end"": 127, ""salt_mode"": ""fragment"", ""fragment_max_positions"": null}]"
00120.58579af867ff9a702cff23e7b8818a59,00120__salted__extended__cp200D__fragment.58579af867ff9a702cff23e7b8818a59,extended,200D,fragment,,0,1,True,[],"[{""original_token"": ""Guaranteed"", ""salted_token"": ""G‍u‍a‍r‍a‍n‍t‍e‍e‍d"", ""start"": 117, ""end"": 127, ""salt_mode"": ""fragment"", ""fragment_max_positions"": null}]"
00120.58579af867ff9a702cff23e7b8818a59,00120__salted__extended__cp00AD__fragment.58579af867ff9a702cff23e7b8818a59,extended,00AD,fragment,,0,1,True,[],"[{""original_token"": ""Guaranteed"", ""salted_token"": ""G­u­a­r­a­n­t­e­e­d"", ""start"": 117, ""end"": 127, ""salt_mode"": ""fragment"", ""fragment_max_positions"": null}]"
00127.3500d109361b544b0937523adb763588,00127__salted__extended__cp200B__fragment.3500d109361b544b0937523adb763588,extended,200B,fragment,,0,3,True,[],"[{""original_token"": ""Guaranteed"", ""salted_token"": ""G​u​a​r​a​n​t​e​e​d"", ""start"": 35, ""end"": 45, ""salt_mode"": ""fragment"", ""fragment_max_positions"": null}, {""original_token"": ""herbal"", ""salted_token"": ""h​e​r​b​a​l"", ""start"": 124, ""end"": 130, ""salt_mode"": ""fragment"", ""fragment_max_positions"": null}, {""original_token"": ""Click"", ""salted_token"": ""C​l​i​c​k"", ""start"": 252, ""end"": 257, ""salt_mode"": ""fragment"", ""fragment_max_positions"": null}]"
00127.3500d109361b544b0937523adb763588,00127__salted__extended__cp200C__fragment.3500d109361b544b0937523adb763588,extended,200C,fragment,,0,3,True,[],"[{""original_token"": ""Guaranteed"", ""salted_token"": ""G‌u‌a‌r‌a‌n‌t‌e‌e‌d"", ""start"": 35, ""end"": 45, ""salt_mode"": ""fragment"", ""fragment_max_positions"": null}, {""original_token"": ""herbal"", ""salted_token"": ""h‌e‌r‌b‌a‌l"", ""start"": 124, ""end"": 130, ""salt_mode"": ""fragment"", ""fragment_max_positions"": null}, {""original_token"": ""Click"", ""salted_token"": ""C‌l‌i‌c‌k"", ""start"": 252, ""end"": 257, ""salt_mode"": ""fragment"", ""fragment_max_positions"": null}]"
00127.3500d109361b544b0937523adb763588,00127__salted__extended__cp200D__fragment.3500d109361b544b0937523adb763588,extended,200D,fragment,,0,3,True,[],"[{""original_token"": ""Guaranteed"", ""salted_token"": ""G‍u‍a‍r‍a‍n‍t‍e‍e‍d"", ""start"": 35, ""end"": 45, ""salt_mode"": ""fragment"", ""fragment_max_positions"": null}, {""original_token"": ""herbal"", ""salted_token"": ""h‍e‍r‍b‍a‍l"", ""start"": 124, ""end"": 130, ""salt_mode"": ""fragment"", ""fragment_max_positions"": null}, {""original_token"": ""Click"", ""salted_token"": ""C‍l‍i‍c‍k"", ""start"": 252, ""end"": 257, ""salt_mode"": ""fragment"", ""fragment_max_positions"": null}]"
00127.3500d109361b544b0937523adb763588,00127__salted__extended__cp00AD__fragment.3500d109361b544b0937523adb763588,extended,00AD,fragment,,0,3,True,[],"[{""original_token"": ""Guaranteed"", ""salted_token"": ""G­u­a­r­a­n­t­e­e­d"", ""start"": 35, ""end"": 45, ""salt_mode"": ""fragment"", ""fragment_max_positions"": null}, {""original_token"": ""herbal"", ""salted_token"": ""h­e­r­b­a­l"", ""start"": 124, ""end"": 130, ""salt_mode"": ""fragment"", ""fragment_max_positions"": null}, {""original_token"": ""Click"", ""salted_token"": ""C­l­i­c­k"", ""start"": 252, ""end"": 257, ""salt_mode"": ""fragment"", ""fragment_max_positions"": null}]"
00128.721b6b20d5834d490662e2ae8c5c0684,00128__salted__extended__cp200B__fragment.721b6b20d5834d490662e2ae8c5c0684,extended,200B,fragment,,0,1,True,[],"[{""original_token"": ""click"", ""salted_token"": ""c​l​i​c​k"", ""start"": 486, ""end"": 491, ""salt_mode"": ""fragment"", ""fragment_max_positions"": null}]"
00128.721b6b20d5834d490662e2ae8c5c0684,00128__salted__extended__cp200C__fragment.721b6b20d5834d490662e2ae8c5c0684,extended,200C,fragment,,0,1,True,[],"[{""original_token"": ""click"", ""salted_token"": ""c‌l‌i‌c‌k"", ""start"": 486, ""end"": 491, ""salt_mode"": ""fragment"", ""fragment_max_positions"": null}]"
00128.721b6b20d5834d490662e2ae8c5c0684,00128__salted__extended__cp200D__fragment.721b6b20d5834d490662e2ae8c5c0684,extended,200D,fragment,,0,1,True,[],"[{""original_token"": ""click"", ""salted_token"": ""c‍l‍i‍c‍k"", ""start"": 486, ""end"": 491, ""salt_mode"": ""fragment"", ""fragment_max_positions"": null}]"
00128.721b6b20d5834d490662e2ae8c5c0684,00128__salted__extended__cp00AD__fragment.721b6b20d5834d490662e2ae8c5c0684,extended,00AD,fragment,,0,1,True,[],"[{""original_token"": ""click"", ""salted_token"": ""c­l­i­c­k"", ""start"": 486, ""end"": 491, ""salt_mode"": ""fragment"", ""fragment_max_positions"": null}]"
00153.6a5ffe584834ea334041ab958cadcadb,00153__salted__extended__cp200B__fragment.6a5ffe584834ea334041ab958cadcadb,extended,200B,fragment,,1,3,True,"[{""original_token"": ""Recruiting"", ""salted_token"": ""R​e​c​r​u​i​t​i​n​g"", ""start"": 39, ""end"": 49, ""salt_mode"": ""fragment"", ""fragment_max_positions"": null}]","[{""original_token"": ""recruiting"", ""salted_token"": ""r​e​c​r​u​i​t​i​n​g"", ""start"": 25, ""end"": 35, ""salt_mode"": ""fragment"", ""fragment_max_positions"": null}, {""original_token"": ""Click"", ""salted_token"": ""C​l​i​c​k"", ""start"": 385, ""end"": 390, ""salt_mode"": ""fragment"", ""fragment_max_positions"": null}, {""original_token"": ""click"", ""salted_token"": ""c​l​i​c​k"", ""start"": 663, ""end"": 668, ""salt_mode"": ""fragment"", ""fragment_max_positions"": null}]"
00153.6a5ffe584834ea334041ab958cadcadb,00153__salted__extended__cp200C__fragment.6a5ffe584834ea334041ab958cadcadb,extended,200C,fragment,,1,3,True,"[{""original_token"": ""Recruiting"", ""salted_token"": ""R‌e‌c‌r‌u‌i‌t‌i‌n‌g"", ""start"": 39, ""end"": 49, ""salt_mode"": ""fragment"", ""fragment_max_positions"": null}]","[{""original_token"": ""recruiting"", ""salted_token"": ""r‌e‌c‌r‌u‌i‌t‌i‌n‌g"", ""start"": 25, ""end"": 35, ""salt_mode"": ""fragment"", ""fragment_max_positions"": null}, {""original_token"": ""Click"", ""salted_token"": ""C‌l‌i‌c‌k"", ""start"": 385, ""end"": 390, ""salt_mode"": ""fragment"", ""fragment_max_positions"": null}, {""original_token"": ""click"", ""salted_token"": ""c‌l‌i‌c‌k"", ""start"": 663, ""end"": 668, ""salt_mode"": ""fragment"", ""fragment_max_positions"": null}]"
00153.6a5ffe584834ea334041ab958cadcadb,00153__salted__extended__cp200D__fragment.6a5ffe584834ea334041ab958cadcadb,extended,200D,fragment,,1,3,True,"[{""original_token"": ""Recruiting"", ""salted_token"": ""R‍e‍c‍r‍u‍i‍t‍i‍n‍g"", ""start"": 39, ""end"": 49, ""salt_mode"": ""fragment"", ""fragment_max_positions"": null}]","[{""original_token"": ""recruiting"", ""salted_token"": ""r‍e‍c‍r‍u‍i‍t‍i‍n‍g"", ""start"": 25, ""end"": 35, ""salt_mode"": ""fragment"", ""fragment_max_positions"": null}, {""original_token"": ""Click"", ""salted_token"": ""C‍l‍i‍c‍k"", ""start"": 385, ""end"": 390, ""salt_mode"": ""fragment"", ""fragment_max_positions"": null}, {""original_token"": ""click"", ""salted_token"": ""c‍l‍i‍c‍k"", ""start"": 663, ""end"": 668, ""salt_mode"": ""fragment"", ""fragment_max_positions"": null}]"
00153.6a5ffe584834ea334041ab958cadcadb,00153__salted__extended__cp00AD__fragment.6a5ffe584834ea334041ab958cadcadb,extended,00AD,fragment,,1,3,True,"[{""original_token"": ""Recruiting"", ""salted_token"": ""R­e­c­r­u­i­t­i­n­g"", ""start"": 39, ""end"": 49, ""salt_mode"": ""fragment"", ""fragment_max_positions"": null}]","[{""original_token"": ""recruiting"", ""salted_token"": ""r­e­c­r­u­i­t­i­n­g"", ""start"": 25, ""end"": 35, ""salt_mode"": ""fragment"", ""fragment_max_positions"": null}, {""original_token"": ""Click"", ""salted_token"": ""C­l­i­c­k"", ""start"": 385, ""end"": 390, ""salt_mode"": ""fragment"", ""fragment_max_positions"": null}, {""original_token"": ""click"", ""salted_token"": ""c­l­i­c­k"", ""start"": 663, ""end"": 668, ""salt_mode"": ""fragment"", ""fragment_max_positions"": null}]"
00154.b6c448ccff434e2dbe2c7c200a36aa31,00154__salted__extended__cp200B__fragment.b6c448ccff434e2dbe2c7c200a36aa31,extended,200B,fragment,,0,1,True,[],"[{""original_token"": ""receive"", ""salted_token"": ""r​e​c​e​i​v​e"", ""start"": 414, ""end"": 421, ""salt_mode"": ""fragment"", ""fragment_max_positions"": null}]"
00154.b6c448ccff434e2dbe2c7c200a36aa31,00154__salted__extended__cp200C__fragment.b6c448ccff434e2dbe2c7c200a36aa31,extended,200C,fragment,,0,1,True,[],"[{""original_token"": ""receive"", ""salted_token"": ""r‌e‌c‌e‌i‌v‌e"", ""start"": 414, ""end"": 421, ""salt_mode"": ""fragment"", ""fragment_max_positions"": null}]"
00154.b6c448ccff434e2dbe2c7c200a36aa31,00154__salted__extended__cp200D__fragment.b6c448ccff434e2dbe2c7c200a36aa31,extended,200D,fragment,,0,1,True,[],"[{""original_token"": ""receive"", ""salted_token"": ""r‍e‍c‍e‍i‍v‍e"", ""start"": 414, ""end"": 421, ""salt_mode"": ""fragment"", ""fragment_max_positions"": null}]"
00154.b6c448ccff434e2dbe2c7c200a36aa31,00154__salted__extended__cp00AD__fragment.b6c448ccff434e2dbe2c7c200a36aa31,extended,00AD,fragment,,0,1,True,[],"[{""original_token"": ""receive"", ""salted_token"": ""r­e­c­e­i­v­e"", ""start"": 414, ""end"": 421, ""salt_mode"": ""fragment"", ""fragment_max_positions"": null}]"
00159.6b641c70d79fd5a69b84a94b4e88150a,00159__salted__extended__cp200B__fragment.6b641c70d79fd5a69b84a94b4e88150a,extended,200B,fragment,,0,2,True,[],"[{""original_token"": ""receive"", ""salted_token"": ""r​e​c​e​i​v​e"", ""start"": 527, ""end"": 534, ""salt_mode"": ""fragment"", ""fragment_max_positions"": null}, {""original_token"": ""receive"", ""salted_token"": ""r​e​c​e​i​v​e"", ""start"": 745, ""end"": 752, ""salt_mode"": ""fragment"", ""fragment_max_positions"": null}]"
00159.6b641c70d79fd5a69b84a94b4e88150a,00159__salted__extended__cp200C__fragment.6b641c70d79fd5a69b84a94b4e88150a,extended,200C,fragment,,0,2,True,[],"[{""original_token"": ""receive"", ""salted_token"": ""r‌e‌c‌e‌i‌v‌e"", ""start"": 527, ""end"": 534, ""salt_mode"": ""fragment"", ""fragment_max_positions"": null}, {""original_token"": ""receive"", ""salted_token"": ""r‌e‌c‌e‌i‌v‌e"", ""start"": 745, ""end"": 752, ""salt_mode"": ""fragment"", ""fragment_max_positions"": null}]"
00159.6b641c70d79fd5a69b84a94b4e88150a,00159__salted__extended__cp200D__fragment.6b641c70d79fd5a69b84a94b4e88150a,extended,200D,fragment,,0,2,True,[],"[{""original_token"": ""receive"", ""salted_token"": ""r‍e‍c‍e‍i‍v‍e"", ""start"": 527, ""end"": 534, ""salt_mode"": ""fragment"", ""fragment_max_positions"": null}, {""original_token"": ""receive"", ""salted_token"": ""r‍e‍c‍e‍i‍v‍e"", ""start"": 745, ""end"": 752, ""salt_mode"": ""fragment"", ""fragment_max_positions"": null}]"
00159.6b641c70d79fd5a69b84a94b4e88150a,00159__salted__extended__cp00AD__fragment.6b641c70d79fd5a69b84a94b4e88150a,extended,00AD,fragment,,0,2,True,[],"[{""original_token"": ""receive"", ""salted_token"": ""r­e­c­e­i­v­e"", ""start"": 527, ""end"": 534, ""salt_mode"": ""fragment"", ""fragment_max_positions"": null}, {""original_token"": ""receive"", ""salted_token"": ""r­e­c­e­i­v­e"", ""start"": 745, ""end"": 752, ""salt_mode"": ""fragment"", ""fragment_max_positions"": null}]"
00160.cec5f611ae665ff0add6c4928d47f2be,00160__salted__extended__cp200B__fragment.cec5f611ae665ff0add6c4928d47f2be,extended,200B,fragment,,1,3,True,"[{""original_token"": ""HGH"", ""salted_token"": ""H​G​H"", ""start"": 5, ""end"": 8, ""salt_mode"": ""fragment"", ""fragment_max_positions"": null}]","[{""original_token"": ""HGH"", ""salted_token"": ""H​G​H"", ""start"": 22, ""end"": 25, ""salt_mode"": ""fragment"", ""fragment_max_positions"": null}, {""original_token"": ""NBC"", ""salted_token"": ""N​B​C"", ""start"": 88, ""end"": 91, ""salt_mode"": ""fragment"", ""fragment_max_positions"": null}, {""original_token"": ""CBS"", ""salted_token"": ""C​B​S"", ""start"": 93, ""end"": 96, ""salt_mode"": ""fragment"", ""fragment_max_positions"": null}]"
00160.cec5f611ae665ff0add6c4928d47f2be,00160__salted__extended__cp200C__fragment.cec5f611ae665ff0add6c4928d47f2be,extended,200C,fragment,,1,3,True,"[{""original_token"": ""HGH"", ""salted_token"": ""H‌G‌H"", ""start"": 5, ""end"": 8, ""salt_mode"": ""fragment"", ""fragment_max_positions"": null}]","[{""original_token"": ""HGH"", ""salted_token"": ""H‌G‌H"", ""start"": 22, ""end"": 25, ""salt_mode"": ""fragment"", ""fragment_max_positions"": null}, {""original_token"": ""NBC"", ""salted_token"": ""N‌B‌C"", ""start"": 88, ""end"": 91, ""salt_mode"": ""fragment"", ""fragment_max_positions"": null}, {""original_token"": ""CBS"", ""salted_token"": ""C‌B‌S"", ""start"": 93, ""end"": 96, ""salt_mode"": ""fragment"", ""fragment_max_positions"": null}]"
00160.cec5f611ae665ff0add6c4928d47f2be,00160__salted__extended__cp200D__fragment.cec5f611ae665ff0add6c4928d47f2be,extended,200D,fragment,,1,3,True,"[{""original_token"": ""HGH"", ""salted_token"": ""H‍G‍H"", ""start"": 5, ""end"": 8, ""salt_mode"": ""fragment"", ""fragment_max_positions"": null}]","[{""original_token"": ""HGH"", ""salted_token"": ""H‍G‍H"", ""start"": 22, ""end"": 25, ""salt_mode"": ""fragment"", ""fragment_max_positions"": null}, {""original_token"": ""NBC"", ""salted_token"": ""N‍B‍C"", ""start"": 88, ""end"": 91, ""salt_mode"": ""fragment"", ""fragment_max_positions"": null}, {""original_token"": ""CBS"", ""salted_token"": ""C‍B‍S"", ""start"": 93, ""end"": 96, ""salt_mode"": ""fragment"", ""fragment_max_positions"": null}]"
00160.cec5f611ae665ff0add6c4928d47f2be,00160__salted__extended__cp00AD__fragment.cec5f611ae665ff0add6c4928d47f2be,extended,00AD,fragment,,1,3,True,"[{""original_token"": ""HGH"", ""salted_token"": ""H­G­H"", ""start"": 5, ""end"": 8, ""salt_mode"": ""fragment"", ""fragment_max_positions"": null}]","[{""original_token"": ""HGH"", ""salted_token"": ""H­G­H"", ""start"": 22, ""end"": 25, ""salt_mode"": ""fragment"", ""fragment_max_positions"": null}, {""original_token"": ""NBC"", ""salted_token"": ""N­B­C"", ""start"": 88, ""end"": 91, ""salt_mode"": ""fragment"", ""fragment_max_positions"": null}, {""original_token"": ""CBS"", ""salted_token"": ""C­B­S"", ""start"": 93, ""end"": 96, ""salt_mode"": ""fragment"", ""fragment_max_positions"": null}]"
00163.2ceade6f8b0c1c342f5f95d57ac551f5,00163__salted__extended__cp200B__fragment.2ceade6f8b0c1c342f5f95d57ac551f5,extended,200B,fragment,,0,2,True,[],"[{""original_token"": ""receive"", ""salted_token"": ""r​e​c​e​i​v​e"", ""start"": 527, ""end"": 534, ""salt_mode"": ""fragment"", ""fragment_max_positions"": null}, {""original_token"": ""receive"", ""salted_token"": ""r​e​c​e​i​v​e"", ""start"": 745, ""end"": 752, ""salt_mode"": ""fragment"", ""fragment_max_positions"": null}]"
00163.2ceade6f8b0c1c342f5f95d57ac551f5,00163__salted__extended__cp200C__fragment.2ceade6f8b0c1c342f5f95d57ac551f5,extended,200C,fragment,,0,2,True,[],"[{""original_token"": ""receive"", ""salted_token"": ""r‌e‌c‌e‌i‌v‌e"", ""start"": 527, ""end"": 534, ""salt_mode"": ""fragment"", ""fragment_max_positions"": null}, {""original_token"": ""receive"", ""salted_token"": ""r‌e‌c‌e‌i‌v‌e"", ""start"": 745, ""end"": 752, ""salt_mode"": ""fragment"", ""fragment_max_positions"": null}]"
00163.2ceade6f8b0c1c342f5f95d57ac551f5,00163__salted__extended__cp200D__fragment.2ceade6f8b0c1c342f5f95d57ac551f5,extended,200D,fragment,,0,2,True,[],"[{""original_token"": ""receive"", ""salted_token"": ""r‍e‍c‍e‍i‍v‍e"", ""start"": 527, ""end"": 534, ""salt_mode"": ""fragment"", ""fragment_max_positions"": null}, {""original_token"": ""receive"", ""salted_token"": ""r‍e‍c‍e‍i‍v‍e"", ""start"": 745, ""end"": 752, ""salt_mode"": ""fragment"", ""fragment_max_positions"": null}]"
00163.2ceade6f8b0c1c342f5f95d57ac551f5,00163__salted__extended__cp00AD__fragment.2ceade6f8b0c1c342f5f95d57ac551f5,extended,00AD,fragment,,0,2,True,[],"[{""original_token"": ""receive"", ""salted_token"": ""r­e­c­e­i­v­e"", ""start"": 527, ""end"": 534, ""salt_mode"": ""fragment"", ""fragment_max_positions"": null}, {""original_token"": ""receive"", ""salted_token"": ""r­e­c­e­i­v­e"", ""start"": 745, ""end"": 752, ""salt_mode"": ""fragment"", ""fragment_max_positions"": null}]"
00169.86268e75abd1bd4bda4d6c129681df34,00169__salted__extended__cp200B__fragment.86268e75abd1bd4bda4d6c129681df34,extended,200B,fragment,,0,3,True,[],"[{""original_token"": ""earn"", ""salted_token"": ""e​a​r​n"", ""start"": 465, ""end"": 469, ""salt_mode"": ""fragment"", ""fragment_max_positions"": null}, {""original_token"": ""Removal"", ""salted_token"": ""R​e​m​o​v​a​l"", ""start"": 2542, ""end"": 2549, ""salt_mode"": ""fragment"", ""fragment_max_positions"": null}, {""original_token"": ""mailings"", ""salted_token"": ""m​a​i​l​i​n​g​s"", ""start"": 2773, ""end"": 2781, ""salt_mode"": ""fragment"", ""fragment_max_positions"": null}]"
00169.86268e75abd1bd4bda4d6c129681df34,00169__salted__extended__cp200C__fragment.86268e75abd1bd4bda4d6c129681df34,extended,200C,fragment,,0,3,True,[],"[{""original_token"": ""earn"", ""salted_token"": ""e‌a‌r‌n"", ""start"": 465, ""end"": 469, ""salt_mode"": ""fragment"", ""fragment_max_positions"": null}, {""original_token"": ""Removal"", ""salted_token"": ""R‌e‌m‌o‌v‌a‌l"", ""start"": 2542, ""end"": 2549, ""salt_mode"": ""fragment"", ""fragment_max_positions"": null}, {""original_token"": ""mailings"", ""salted_token"": ""m‌a‌i‌l‌i‌n‌g‌s"", ""start"": 2773, ""end"": 2781, ""salt_mode"": ""fragment"", ""fragment_max_positions"": null}]"
00169.86268e75abd1bd4bda4d6c129681df34,00169__salted__extended__cp200D__fragment.86268e75abd1bd4bda4d6c129681df34,extended,200D,fragment,,0,3,True,[],"[{""original_token"": ""earn"", ""salted_token"": ""e‍a‍r‍n"", ""start"": 465, ""end"": 469, ""salt_mode"": ""fragment"", ""fragment_max_positions"": null}, {""original_token"": ""Removal"", ""salted_token"": ""R‍e‍m‍o‍v‍a‍l"", ""start"": 2542, ""end"": 2549, ""salt_mode"": ""fragment"", ""fragment_max_positions"": null}, {""original_token"": ""mailings"", ""salted_token"": ""m‍a‍i‍l‍i‍n‍g‍s"", ""start"": 2773, ""end"": 2781, ""salt_mode"": ""fragment"", ""fragment_max_positions"": null}]"
00169.86268e75abd1bd4bda4d6c129681df34,00169__salted__extended__cp00AD__fragment.86268e75abd1bd4bda4d6c129681df34,extended,00AD,fragment,,0,3,True,[],"[{""original_token"": ""earn"", ""salted_token"": ""e­a­r­n"", ""start"": 465, ""end"": 469, ""salt_mode"": ""fragment"", ""fragment_max_positions"": null}, {""original_token"": ""Removal"", ""salted_token"": ""R­e­m­o­v­a­l"", ""start"": 2542, ""end"": 2549, ""salt_mode"": ""fragment"", ""fragment_max_positions"": null}, {""original_token"": ""mailings"", ""salted_token"": ""m­a­i­l­i­n­g­s"", ""start"": 2773, ""end"": 2781, ""salt_mode"": ""fragment"", ""fragment_max_positions"": null}]"
00172.0935a6d0aef9a3d6d64e07e3f6c453ec,00172__salted__extended__cp200B__fragment.0935a6d0aef9a3d6d64e07e3f6c453ec,extended,200B,fragment,,0,1,True,[],"[{""original_token"": ""communication"", ""salted_token"": ""c​o​m​m​u​n​i​c​a​t​i​o​n"", ""start"": 1434, ""end"": 1447, ""salt_mode"": ""fragment"", ""fragment_max_positions"": null}]"
00172.0935a6d0aef9a3d6d64e07e3f6c453ec,00172__salted__extended__cp200C__fragment.0935a6d0aef9a3d6d64e07e3f6c453ec,extended,200C,fragment,,0,1,True,[],"[{""original_token"": ""communication"", ""salted_token"": ""c‌o‌m‌m‌u‌n‌i‌c‌a‌t‌i‌o‌n"", ""start"": 1434, ""end"": 1447, ""salt_mode"": ""fragment"", ""fragment_max_positions"": null}]"
00172.0935a6d0aef9a3d6d64e07e3f6c453ec,00172__salted__extended__cp200D__fragment.0935a6d0aef9a3d6d64e07e3f6c453ec,extended,200D,fragment,,0,1,True,[],"[{""original_token"": ""communication"", ""salted_token"": ""c‍o‍m‍m‍u‍n‍i‍c‍a‍t‍i‍o‍n"", ""start"": 1434, ""end"": 1447, ""salt_mode"": ""fragment"", ""fragment_max_positions"": null}]"
00172.0935a6d0aef9a3d6d64e07e3f6c453ec,00172__salted__extended__cp00AD__fragment.0935a6d0aef9a3d6d64e07e3f6c453ec,extended,00AD,fragment,,0,1,True,[],"[{""original_token"": ""communication"", ""salted_token"": ""c­o­m­m­u­n­i­c­a­t­i­o­n"", ""start"": 1434, ""end"": 1447, ""salt_mode"": ""fragment"", ""fragment_max_positions"": null}]"
00173.e10eb62e2c7808674c43d6a5e9e08a1c,00173__salted__extended__cp200B__fragment.e10eb62e2c7808674c43d6a5e9e08a1c,extended,200B,fragment,,1,0,False,"[{""original_token"": ""HGH"", ""salted_token"": ""H​G​H"", ""start"": 10, ""end"": 13, ""salt_mode"": ""fragment"", ""fragment_max_positions"": null}]",[]
00173.e10eb62e2c7808674c43d6a5e9e08a1c,00173__salted__extended__cp200C__fragment.e10eb62e2c7808674c43d6a5e9e08a1c,extended,200C,fragment,,1,0,False,"[{""original_token"": ""HGH"", ""salted_token"": ""H‌G‌H"", ""start"": 10, ""end"": 13, ""salt_mode"": ""fragment"", ""fragment_max_positions"": null}]",[]
00173.e10eb62e2c7808674c43d6a5e9e08a1c,00173__salted__extended__cp200D__fragment.e10eb62e2c7808674c43d6a5e9e08a1c,extended,200D,fragment,,1,0,False,"[{""original_token"": ""HGH"", ""salted_token"": ""H‍G‍H"", ""start"": 10, ""end"": 13, ""salt_mode"": ""fragment"", ""fragment_max_positions"": null}]",[]
00173.e10eb62e2c7808674c43d6a5e9e08a1c,00173__salted__extended__cp00AD__fragment.e10eb62e2c7808674c43d6a5e9e08a1c,extended,00AD,fragment,,1,0,False,"[{""original_token"": ""HGH"", ""salted_token"": ""H­G­H"", ""start"": 10, ""end"": 13, ""salt_mode"": ""fragment"", ""fragment_max_positions"": null}]",[]
00179.ef2f7cf60806a96b59f4477b025580ee,00179__salted__extended__cp200B__fragment.ef2f7cf60806a96b59f4477b025580ee,extended,200B,fragment,,0,3,True,[],"[{""original_token"": ""pains"", ""salted_token"": ""p​a​i​n​s"", ""start"": 1102, ""end"": 1107, ""salt_mode"": ""fragment"", ""fragment_max_positions"": null}, {""original_token"": ""NIGERIA"", ""salted_token"": ""N​I​G​E​R​I​A"", ""start"": 1302, ""end"": 1309, ""salt_mode"": ""fragment"", ""fragment_max_positions"": null}, {""original_token"": ""NIGERIA"", ""salted_token"": ""N​I​G​E​R​I​A"", ""start"": 1499, ""end"": 1506, ""salt_mode"": ""fragment"", ""fragment_max_positions"": null}]"
00179.ef2f7cf60806a96b59f4477b025580ee,00179__salted__extended__cp200C__fragment.ef2f7cf60806a96b59f4477b025580ee,extended,200C,fragment,,0,3,True,[],"[{""original_token"": ""pains"", ""salted_token"": ""p‌a‌i‌n‌s"", ""start"": 1102, ""end"": 1107, ""salt_mode"": ""fragment"", ""fragment_max_positions"": null}, {""original_token"": ""NIGERIA"", ""salted_token"": ""N‌I‌G‌E‌R‌I‌A"", ""start"": 1302, ""end"": 1309, ""salt_mode"": ""fragment"", ""fragment_max_positions"": null}, {""original_token"": ""NIGERIA"", ""salted_token"": ""N‌I‌G‌E‌R‌I‌A"", ""start"": 1499, ""end"": 1506, ""salt_mode"": ""fragment"", ""fragment_max_positions"": null}]"
00179.ef2f7cf60806a96b59f4477b025580ee,00179__salted__extended__cp200D__fragment.ef2f7cf60806a96b59f4477b025580ee,extended,200D,fragment,,0,3,True,[],"[{""original_token"": ""pains"", ""salted_token"": ""p‍a‍i‍n‍s"", ""start"": 1102, ""end"": 1107, ""salt_mode"": ""fragment"", ""fragment_max_positions"": null}, {""original_token"": ""NIGERIA"", ""salted_token"": ""N‍I‍G‍E‍R‍I‍A"", ""start"": 1302, ""end"": 1309, ""salt_mode"": ""fragment"", ""fragment_max_positions"": null}, {""original_token"": ""NIGERIA"", ""salted_token"": ""N‍I‍G‍E‍R‍I‍A"", ""start"": 1499, ""end"": 1506, ""salt_mode"": ""fragment"", ""fragment_max_positions"": null}]"
00179.ef2f7cf60806a96b59f4477b025580ee,00179__salted__extended__cp00AD__fragment.ef2f7cf60806a96b59f4477b025580ee,extended,00AD,fragment,,0,3,True,[],"[{""original_token"": ""pains"", ""salted_token"": ""p­a­i­n­s"", ""start"": 1102, ""end"": 1107, ""salt_mode"": ""fragment"", ""fragment_max_positions"": null}, {""original_token"": ""NIGERIA"", ""salted_token"": ""N­I­G­E­R­I­A"", ""start"": 1302, ""end"": 1309, ""salt_mode"": ""fragment"", ""fragment_max_positions"": null}, {""original_token"": ""NIGERIA"", ""salted_token"": ""N­I­G­E­R­I­A"", ""start"": 1499, ""end"": 1506, ""salt_mode"": ""fragment"", ""fragment_max_positions"": null}]"
00180.751cb63992e172566b3a296d970c425d,00180__salted__extended__cp200B__fragment.751cb63992e172566b3a296d970c425d,extended,200B,fragment,,0,3,True,[],"[{""original_token"": ""qualified"", ""salted_token"": ""q​u​a​l​i​f​i​e​d"", ""start"": 469, ""end"": 478, ""salt_mode"": ""fragment"", ""fragment_max_positions"": null}, {""original_token"": ""promotion"", ""salted_token"": ""p​r​o​m​o​t​i​o​n"", ""start"": 487, ""end"": 496, ""salt_mode"": ""fragment"", ""fragment_max_positions"": null}, {""original_token"": ""receive"", ""salted_token"": ""r​e​c​e​i​v​e"", ""start"": 522, ""end"": 529, ""salt_mode"": ""fragment"", ""fragment_max_positions"": null}]"
00180.751cb63992e172566b3a296d970c425d,00180__salted__extended__cp200C__fragment.751cb63992e172566b3a296d970c425d,extended,200C,fragment,,0,3,True,[],"[{""original_token"": ""qualified"", ""salted_token"": ""q‌u‌a‌l‌i‌f‌i‌e‌d"", ""start"": 469, ""end"": 478, ""salt_mode"": ""fragment"", ""fragment_max_positions"": null}, {""original_token"": ""promotion"", ""salted_token"": ""p‌r‌o‌m‌o‌t‌i‌o‌n"", ""start"": 487, ""end"": 496, ""salt_mode"": ""fragment"", ""fragment_max_positions"": null}, {""original_token"": ""receive"", ""salted_token"": ""r‌e‌c‌e‌i‌v‌e"", ""start"": 522, ""end"": 529, ""salt_mode"": ""fragment"", ""fragment_max_positions"": null}]"
00180.751cb63992e172566b3a296d970c425d,00180__salted__extended__cp200D__fragment.751cb63992e172566b3a296d970c425d,extended,200D,fragment,,0,3,True,[],"[{""original_token"": ""qualified"", ""salted_token"": ""q‍u‍a‍l‍i‍f‍i‍e‍d"", ""start"": 469, ""end"": 478, ""salt_mode"": ""fragment"", ""fragment_max_positions"": null}, {""original_token"": ""promotion"", ""salted_token"": ""p‍r‍o‍m‍o‍t‍i‍o‍n"", ""start"": 487, ""end"": 496, ""salt_mode"": ""fragment"", ""fragment_max_positions"": null}, {""original_token"": ""receive"", ""salted_token"": ""r‍e‍c‍e‍i‍v‍e"", ""start"": 522, ""end"": 529, ""salt_mode"": ""fragment"", ""fragment_max_positions"": null}]"
00180.751cb63992e172566b3a296d970c425d,00180__salted__extended__cp00AD__fragment.751cb63992e172566b3a296d970c425d,extended,00AD,fragment,,0,3,True,[],"[{""original_token"": ""qualified"", ""salted_token"": ""q­u­a­l­i­f­i­e­d"", ""start"": 469, ""end"": 478, ""salt_mode"": ""fragment"", ""fragment_max_positions"": null}, {""original_token"": ""promotion"", ""salted_token"": ""p­r­o­m­o­t­i­o­n"", ""start"": 487, ""end"": 496, ""salt_mode"": ""fragment"", ""fragment_max_positions"": null}, {""original_token"": ""receive"", ""salted_token"": ""r­e­c­e­i­v­e"", ""start"": 522, ""end"": 529, ""salt_mode"": ""fragment"", ""fragment_max_positions"": null}]"
00182.1b9ba0f95506a6f2bf256f40fad0687d,00182__salted__extended__cp200B__fragment.1b9ba0f95506a6f2bf256f40fad0687d,extended,200B,fragment,,0,3,True,[],"[{""original_token"": ""mailings"", ""salted_token"": ""m​a​i​l​i​n​g​s"", ""start"": 8, ""end"": 16, ""salt_mode"": ""fragment"", ""fragment_max_positions"": null}, {""original_token"": ""removal"", ""salted_token"": ""r​e​m​o​v​a​l"", ""start"": 180, ""end"": 187, ""salt_mode"": ""fragment"", ""fragment_max_positions"": null}, {""original_token"": ""bills"", ""salted_token"": ""b​i​l​l​s"", ""start"": 834, ""end"": 839, ""salt_mode"": ""fragment"", ""fragment_max_positions"": null}]"
00182.1b9ba0f95506a6f2bf256f40fad0687d,00182__salted__extended__cp200C__fragment.1b9ba0f95506a6f2bf256f40fad0687d,extended,200C,fragment,,0,3,True,[],"[{""original_token"": ""mailings"", ""salted_token"": ""m‌a‌i‌l‌i‌n‌g‌s"", ""start"": 8, ""end"": 16, ""salt_mode"": ""fragment"", ""fragment_max_positions"": null}, {""original_token"": ""removal"", ""salted_token"": ""r‌e‌m‌o‌v‌a‌l"", ""start"": 180, ""end"": 187, ""salt_mode"": ""fragment"", ""fragment_max_positions"": null}, {""original_token"": ""bills"", ""salted_token"": ""b‌i‌l‌l‌s"", ""start"": 834, ""end"": 839, ""salt_mode"": ""fragment"", ""fragment_max_positions"": null}]"
00182.1b9ba0f95506a6f2bf256f40fad0687d,00182__salted__extended__cp200D__fragment.1b9ba0f95506a6f2bf256f40fad0687d,extended,200D,fragment,,0,3,True,[],"[{""original_token"": ""mailings"", ""salted_token"": ""m‍a‍i‍l‍i‍n‍g‍s"", ""start"": 8, ""end"": 16, ""salt_mode"": ""fragment"", ""fragment_max_positions"": null}, {""original_token"": ""removal"", ""salted_token"": ""r‍e‍m‍o‍v‍a‍l"", ""start"": 180, ""end"": 187, ""salt_mode"": ""fragment"", ""fragment_max_positions"": null}, {""original_token"": ""bills"", ""salted_token"": ""b‍i‍l‍l‍s"", ""start"": 834, ""end"": 839, ""salt_mode"": ""fragment"", ""fragment_max_positions"": null}]"
00182.1b9ba0f95506a6f2bf256f40fad0687d,00182__salted__extended__cp00AD__fragment.1b9ba0f95506a6f2bf256f40fad0687d,extended,00AD,fragment,,0,3,True,[],"[{""original_token"": ""mailings"", ""salted_token"": ""m­a­i­l­i­n­g­s"", ""start"": 8, ""end"": 16, ""salt_mode"": ""fragment"", ""fragment_max_positions"": null}, {""original_token"": ""removal"", ""salted_token"": ""r­e­m­o­v­a­l"", ""start"": 180, ""end"": 187, ""salt_mode"": ""fragment"", ""fragment_max_positions"": null}, {""original_token"": ""bills"", ""salted_token"": ""b­i­l­l­s"", ""start"": 834, ""end"": 839, ""salt_mode"": ""fragment"", ""fragment_max_positions"": null}]"
00185.8ca19012fa3f2a906f23c3b41f11ffed,00185__salted__extended__cp200B__fragment.8ca19012fa3f2a906f23c3b41f11ffed,extended,200B,fragment,,0,1,True,[],"[{""original_token"": ""click"", ""salted_token"": ""c​l​i​c​k"", ""start"": 245, ""end"": 250, ""salt_mode"": ""fragment"", ""fragment_max_positions"": null}]"
00185.8ca19012fa3f2a906f23c3b41f11ffed,00185__salted__extended__cp200C__fragment.8ca19012fa3f2a906f23c3b41f11ffed,extended,200C,fragment,,0,1,True,[],"[{""original_token"": ""click"", ""salted_token"": ""c‌l‌i‌c‌k"", ""start"": 245, ""end"": 250, ""salt_mode"": ""fragment"", ""fragment_max_positions"": null}]"
00185.8ca19012fa3f2a906f23c3b41f11ffed,00185__salted__extended__cp200D__fragment.8ca19012fa3f2a906f23c3b41f11ffed,extended,200D,fragment,,0,1,True,[],"[{""original_token"": ""click"", ""salted_token"": ""c‍l‍i‍c‍k"", ""start"": 245, ""end"": 250, ""salt_mode"": ""fragment"", ""fragment_max_positions"": null}]"
00185.8ca19012fa3f2a906f23c3b41f11ffed,00185__salted__extended__cp00AD__fragment.8ca19012fa3f2a906f23c3b41f11ffed,extended,00AD,fragment,,0,1,True,[],"[{""original_token"": ""click"", ""salted_token"": ""c­l­i­c­k"", ""start"": 245, ""end"": 250, ""salt_mode"": ""fragment"", ""fragment_max_positions"": null}]"
00186.a66b4fc4ab114c9cb37e1a31d1ea1aeb,00186__salted__extended__cp200B__fragment.a66b4fc4ab114c9cb37e1a31d1ea1aeb,extended,200B,fragment,,0,3,True,[],"[{""original_token"": ""Click"", ""salted_token"": ""C​l​i​c​k"", ""start"": 633, ""end"": 638, ""salt_mode"": ""fragment"", ""fragment_max_positions"": null}, {""original_token"": ""receive"", ""salted_token"": ""r​e​c​e​i​v​e"", ""start"": 1077, ""end"": 1084, ""salt_mode"": ""fragment"", ""fragment_max_positions"": null}, {""original_token"": ""mailings"", ""salted_token"": ""m​a​i​l​i​n​g​s"", ""start"": 1089, ""end"": 1097, ""salt_mode"": ""fragment"", ""fragment_max_positions"": null}]"
00186.a66b4fc4ab114c9cb37e1a31d1ea1aeb,00186__salted__extended__cp200C__fragment.a66b4fc4ab114c9cb37e1a31d1ea1aeb,extended,200C,fragment,,0,3,True,[],"[{""original_token"": ""Click"", ""salted_token"": ""C‌l‌i‌c‌k"", ""start"": 633, ""end"": 638, ""salt_mode"": ""fragment"", ""fragment_max_positions"": null}, {""original_token"": ""receive"", ""salted_token"": ""r‌e‌c‌e‌i‌v‌e"", ""start"": 1077, ""end"": 1084, ""salt_mode"": ""fragment"", ""fragment_max_positions"": null}, {""original_token"": ""mailings"", ""salted_token"": ""m‌a‌i‌l‌i‌n‌g‌s"", ""start"": 1089, ""end"": 1097, ""salt_mode"": ""fragment"", ""fragment_max_positions"": null}]"
00186.a66b4fc4ab114c9cb37e1a31d1ea1aeb,00186__salted__extended__cp200D__fragment.a66b4fc4ab114c9cb37e1a31d1ea1aeb,extended,200D,fragment,,0,3,True,[],"[{""original_token"": ""Click"", ""salted_token"": ""C‍l‍i‍c‍k"", ""start"": 633, ""end"": 638, ""salt_mode"": ""fragment"", ""fragment_max_positions"": null}, {""original_token"": ""receive"", ""salted_token"": ""r‍e‍c‍e‍i‍v‍e"", ""start"": 1077, ""end"": 1084, ""salt_mode"": ""fragment"", ""fragment_max_positions"": null}, {""original_token"": ""mailings"", ""salted_token"": ""m‍a‍i‍l‍i‍n‍g‍s"", ""start"": 1089, ""end"": 1097, ""salt_mode"": ""fragment"", ""fragment_max_positions"": null}]"
00186.a66b4fc4ab114c9cb37e1a31d1ea1aeb,00186__salted__extended__cp00AD__fragment.a66b4fc4ab114c9cb37e1a31d1ea1aeb,extended,00AD,fragment,,0,3,True,[],"[{""original_token"": ""Click"", ""salted_token"": ""C­l­i­c­k"", ""start"": 633, ""end"": 638, ""salt_mode"": ""fragment"", ""fragment_max_positions"": null}, {""original_token"": ""receive"", ""salted_token"": ""r­e­c­e­i­v­e"", ""start"": 1077, ""end"": 1084, ""salt_mode"": ""fragment"", ""fragment_max_positions"": null}, {""original_token"": ""mailings"", ""salted_token"": ""m­a­i­l­i­n­g­s"", ""start"": 1089, ""end"": 1097, ""salt_mode"": ""fragment"", ""fragment_max_positions"": null}]"
00187.efd97ab2034b3384606e21db00014ecb,00187__salted__extended__cp200B__fragment.efd97ab2034b3384606e21db00014ecb,extended,200B,fragment,,0,1,True,[],"[{""original_token"": ""compliance"", ""salted_token"": ""c​o​m​p​l​i​a​n​c​e"", ""start"": 765, ""end"": 775, ""salt_mode"": ""fragment"", ""fragment_max_positions"": null}]"
00187.efd97ab2034b3384606e21db00014ecb,00187__salted__extended__cp200C__fragment.efd97ab2034b3384606e21db00014ecb,extended,200C,fragment,,0,1,True,[],"[{""original_token"": ""compliance"", ""salted_token"": ""c‌o‌m‌p‌l‌i‌a‌n‌c‌e"", ""start"": 765, ""end"": 775, ""salt_mode"": ""fragment"", ""fragment_max_positions"": null}]"
00187.efd97ab2034b3384606e21db00014ecb,00187__salted__extended__cp200D__fragment.efd97ab2034b3384606e21db00014ecb,extended,200D,fragment,,0,1,True,[],"[{""original_token"": ""compliance"", ""salted_token"": ""c‍o‍m‍p‍l‍i‍a‍n‍c‍e"", ""start"": 765, ""end"": 775, ""salt_mode"": ""fragment"", ""fragment_max_positions"": null}]"
00187.efd97ab2034b3384606e21db00014ecb,00187__salted__extended__cp00AD__fragment.efd97ab2034b3384606e21db00014ecb,extended,00AD,fragment,,0,1,True,[],"[{""original_token"": ""compliance"", ""salted_token"": ""c­o­m­p­l­i­a­n­c­e"", ""start"": 765, ""end"": 775, ""salt_mode"": ""fragment"", ""fragment_max_positions"": null}]"
00188.b12197b37ceb97fa0cd802566c1e08db,00188__salted__extended__cp200B__fragment.b12197b37ceb97fa0cd802566c1e08db,extended,200B,fragment,,0,3,True,[],"[{""original_token"": ""toll"", ""salted_token"": ""t​o​l​l"", ""start"": 403, ""end"": 407, ""salt_mode"": ""fragment"", ""fragment_max_positions"": null}, {""original_token"": ""monthly"", ""salted_token"": ""m​o​n​t​h​l​y"", ""start"": 976, ""end"": 983, ""salt_mode"": ""fragment"", ""fragment_max_positions"": null}, {""original_token"": ""promotion"", ""salted_token"": ""p​r​o​m​o​t​i​o​n"", ""start"": 1542, ""end"": 1551, ""salt_mode"": ""fragment"", ""fragment_max_positions"": null}]"
00188.b12197b37ceb97fa0cd802566c1e08db,00188__salted__extended__cp200C__fragment.b12197b37ceb97fa0cd802566c1e08db,extended,200C,fragment,,0,3,True,[],"[{""original_token"": ""toll"", ""salted_token"": ""t‌o‌l‌l"", ""start"": 403, ""end"": 407, ""salt_mode"": ""fragment"", ""fragment_max_positions"": null}, {""original_token"": ""monthly"", ""salted_token"": ""m‌o‌n‌t‌h‌l‌y"", ""start"": 976, ""end"": 983, ""salt_mode"": ""fragment"", ""fragment_max_positions"": null}, {""original_token"": ""promotion"", ""salted_token"": ""p‌r‌o‌m‌o‌t‌i‌o‌n"", ""start"": 1542, ""end"": 1551, ""salt_mode"": ""fragment"", ""fragment_max_positions"": null}]"
00188.b12197b37ceb97fa0cd802566c1e08db,00188__salted__extended__cp200D__fragment.b12197b37ceb97fa0cd802566c1e08db,extended,200D,fragment,,0,3,True,[],"[{""original_token"": ""toll"", ""salted_token"": ""t‍o‍l‍l"", ""start"": 403, ""end"": 407, ""salt_mode"": ""fragment"", ""fragment_max_positions"": null}, {""original_token"": ""monthly"", ""salted_token"": ""m‍o‍n‍t‍h‍l‍y"", ""start"": 976, ""end"": 983, ""salt_mode"": ""fragment"", ""fragment_max_positions"": null}, {""original_token"": ""promotion"", ""salted_token"": ""p‍r‍o‍m‍o‍t‍i‍o‍n"", ""start"": 1542, ""end"": 1551, ""salt_mode"": ""fragment"", ""fragment_max_positions"": null}]"
00188.b12197b37ceb97fa0cd802566c1e08db,00188__salted__extended__cp00AD__fragment.b12197b37ceb97fa0cd802566c1e08db,extended,00AD,fragment,,0,3,True,[],"[{""original_token"": ""toll"", ""salted_token"": ""t­o­l­l"", ""start"": 403, ""end"": 407, ""salt_mode"": ""fragment"", ""fragment_max_positions"": null}, {""original_token"": ""monthly"", ""salted_token"": ""m­o­n­t­h­l­y"", ""start"": 976, ""end"": 983, ""salt_mode"": ""fragment"", ""fragment_max_positions"": null}, {""original_token"": ""promotion"", ""salted_token"": ""p­r­o­m­o­t­i­o­n"", ""start"": 1542, ""end"": 1551, ""salt_mode"": ""fragment"", ""fragment_max_positions"": null}]"
00190.ee2ea200e7efa602221c6492f9d9d8c0,00190__salted__extended__cp200B__fragment.ee2ea200e7efa602221c6492f9d9d8c0,extended,200B,fragment,,0,3,True,[],"[{""original_token"": ""toll"", ""salted_token"": ""t​o​l​l"", ""start"": 403, ""end"": 407, ""salt_mode"": ""fragment"", ""fragment_max_positions"": null}, {""original_token"": ""monthly"", ""salted_token"": ""m​o​n​t​h​l​y"", ""start"": 976, ""end"": 983, ""salt_mode"": ""fragment"", ""fragment_max_positions"": null}, {""original_token"": ""promotion"", ""salted_token"": ""p​r​o​m​o​t​i​o​n"", ""start"": 1542, ""end"": 1551, ""salt_mode"": ""fragment"", ""fragment_max_positions"": null}]"
00190.ee2ea200e7efa602221c6492f9d9d8c0,00190__salted__extended__cp200C__fragment.ee2ea200e7efa602221c6492f9d9d8c0,extended,200C,fragment,,0,3,True,[],"[{""original_token"": ""toll"", ""salted_token"": ""t‌o‌l‌l"", ""start"": 403, ""end"": 407, ""salt_mode"": ""fragment"", ""fragment_max_positions"": null}, {""original_token"": ""monthly"", ""salted_token"": ""m‌o‌n‌t‌h‌l‌y"", ""start"": 976, ""end"": 983, ""salt_mode"": ""fragment"", ""fragment_max_positions"": null}, {""original_token"": ""promotion"", ""salted_token"": ""p‌r‌o‌m‌o‌t‌i‌o‌n"", ""start"": 1542, ""end"": 1551, ""salt_mode"": ""fragment"", ""fragment_max_positions"": null}]"
00190.ee2ea200e7efa602221c6492f9d9d8c0,00190__salted__extended__cp200D__fragment.ee2ea200e7efa602221c6492f9d9d8c0,extended,200D,fragment,,0,3,True,[],"[{""original_token"": ""toll"", ""salted_token"": ""t‍o‍l‍l"", ""start"": 403, ""end"": 407, ""salt_mode"": ""fragment"", ""fragment_max_positions"": null}, {""original_token"": ""monthly"", ""salted_token"": ""m‍o‍n‍t‍h‍l‍y"", ""start"": 976, ""end"": 983, ""salt_mode"": ""fragment"", ""fragment_max_positions"": null}, {""original_token"": ""promotion"", ""salted_token"": ""p‍r‍o‍m‍o‍t‍i‍o‍n"", ""start"": 1542, ""end"": 1551, ""salt_mode"": ""fragment"", ""fragment_max_positions"": null}]"
00190.ee2ea200e7efa602221c6492f9d9d8c0,00190__salted__extended__cp00AD__fragment.ee2ea200e7efa602221c6492f9d9d8c0,extended,00AD,fragment,,0,3,True,[],"[{""original_token"": ""toll"", ""salted_token"": ""t­o­l­l"", ""start"": 403, ""end"": 407, ""salt_mode"": ""fragment"", ""fragment_max_positions"": null}, {""original_token"": ""monthly"", ""salted_token"": ""m­o­n­t­h­l­y"", ""start"": 976, ""end"": 983, ""salt_mode"": ""fragment"", ""fragment_max_positions"": null}, {""original_token"": ""promotion"", ""salted_token"": ""p­r­o­m­o­t­i­o­n"", ""start"": 1542, ""end"": 1551, ""salt_mode"": ""fragment"", ""fragment_max_positions"": null}]"
00191.9ff80a41f015b7a6c409732e41c0df07,00191__salted__extended__cp200B__fragment.9ff80a41f015b7a6c409732e41c0df07,extended,200B,fragment,,0,2,True,[],"[{""original_token"": ""promotion"", ""salted_token"": ""p​r​o​m​o​t​i​o​n"", ""start"": 444, ""end"": 453, ""salt_mode"": ""fragment"", ""fragment_max_positions"": null}, {""original_token"": ""receive"", ""salted_token"": ""r​e​c​e​i​v​e"", ""start"": 961, ""end"": 968, ""salt_mode"": ""fragment"", ""fragment_max_positions"": null}]"
00191.9ff80a41f015b7a6c409732e41c0df07,00191__salted__extended__cp200C__fragment.9ff80a41f015b7a6c409732e41c0df07,extended,200C,fragment,,0,2,True,[],"[{""original_token"": ""promotion"", ""salted_token"": ""p‌r‌o‌m‌o‌t‌i‌o‌n"", ""start"": 444, ""end"": 453, ""salt_mode"": ""fragment"", ""fragment_max_positions"": null}, {""original_token"": ""receive"", ""salted_token"": ""r‌e‌c‌e‌i‌v‌e"", ""start"": 961, ""end"": 968, ""salt_mode"": ""fragment"", ""fragment_max_positions"": null}]"
00191.9ff80a41f015b7a6c409732e41c0df07,00191__salted__extended__cp200D__fragment.9ff80a41f015b7a6c409732e41c0df07,extended,200D,fragment,,0,2,True,[],"[{""original_token"": ""promotion"", ""salted_token"": ""p‍r‍o‍m‍o‍t‍i‍o‍n"", ""start"": 444, ""end"": 453, ""salt_mode"": ""fragment"", ""fragment_max_positions"": null}, {""original_token"": ""receive"", ""salted_token"": ""r‍e‍c‍e‍i‍v‍e"", ""start"": 961, ""end"": 968, ""salt_mode"": ""fragment"", ""fragment_max_positions"": null}]"
00191.9ff80a41f015b7a6c409732e41c0df07,00191__salted__extended__cp00AD__fragment.9ff80a41f015b7a6c409732e41c0df07,extended,00AD,fragment,,0,2,True,[],"[{""original_token"": ""promotion"", ""salted_token"": ""p­r­o­m­o­t­i­o­n"", ""start"": 444, ""end"": 453, ""salt_mode"": ""fragment"", ""fragment_max_positions"": null}, {""original_token"": ""receive"", ""salted_token"": ""r­e­c­e­i­v­e"", ""start"": 961, ""end"": 968, ""salt_mode"": ""fragment"", ""fragment_max_positions"": null}]"
00194.767c323b4ae7a4909397e42cbd0c56a4,00194__salted__extended__cp200B__fragment.767c323b4ae7a4909397e42cbd0c56a4,extended,200B,fragment,,0,1,True,[],"[{""original_token"": ""receive"", ""salted_token"": ""r​e​c​e​i​v​e"", ""start"": 92, ""end"": 99, ""salt_mode"": ""fragment"", ""fragment_max_positions"": null}]"
00194.767c323b4ae7a4909397e42cbd0c56a4,00194__salted__extended__cp200C__fragment.767c323b4ae7a4909397e42cbd0c56a4,extended,200C,fragment,,0,1,True,[],"[{""original_token"": ""receive"", ""salted_token"": ""r‌e‌c‌e‌i‌v‌e"", ""start"": 92, ""end"": 99, ""salt_mode"": ""fragment"", ""fragment_max_positions"": null}]"
00194.767c323b4ae7a4909397e42cbd0c56a4,00194__salted__extended__cp200D__fragment.767c323b4ae7a4909397e42cbd0c56a4,extended,200D,fragment,,0,1,True,[],"[{""original_token"": ""receive"", ""salted_token"": ""r‍e‍c‍e‍i‍v‍e"", ""start"": 92, ""end"": 99, ""salt_mode"": ""fragment"", ""fragment_max_positions"": null}]"
00194.767c323b4ae7a4909397e42cbd0c56a4,00194__salted__extended__cp00AD__fragment.767c323b4ae7a4909397e42cbd0c56a4,extended,00AD,fragment,,0,1,True,[],"[{""original_token"": ""receive"", ""salted_token"": ""r­e­c­e­i­v­e"", ""start"": 92, ""end"": 99, ""salt_mode"": ""fragment"", ""fragment_max_positions"": null}]"
00196.dd21040c7757d477c967ae71b537810e,00196__salted__extended__cp200B__fragment.dd21040c7757d477c967ae71b537810e,extended,200B,fragment,,1,0,False,"[{""original_token"": ""SYSTEMWORKS"", ""salted_token"": ""S​Y​S​T​E​M​W​O​R​K​S"", ""start"": 11, ""end"": 22, ""salt_mode"": ""fragment"", ""fragment_max_positions"": null}]",[]
00196.dd21040c7757d477c967ae71b537810e,00196__salted__extended__cp200C__fragment.dd21040c7757d477c967ae71b537810e,extended,200C,fragment,,1,0,False,"[{""original_token"": ""SYSTEMWORKS"", ""salted_token"": ""S‌Y‌S‌T‌E‌M‌W‌O‌R‌K‌S"", ""start"": 11, ""end"": 22, ""salt_mode"": ""fragment"", ""fragment_max_positions"": null}]",[]
00196.dd21040c7757d477c967ae71b537810e,00196__salted__extended__cp200D__fragment.dd21040c7757d477c967ae71b537810e,extended,200D,fragment,,1,0,False,"[{""original_token"": ""SYSTEMWORKS"", ""salted_token"": ""S‍Y‍S‍T‍E‍M‍W‍O‍R‍K‍S"", ""start"": 11, ""end"": 22, ""salt_mode"": ""fragment"", ""fragment_max_positions"": null}]",[]
00196.dd21040c7757d477c967ae71b537810e,00196__salted__extended__cp00AD__fragment.dd21040c7757d477c967ae71b537810e,extended,00AD,fragment,,1,0,False,"[{""original_token"": ""SYSTEMWORKS"", ""salted_token"": ""S­Y­S­T­E­M­W­O­R­K­S"", ""start"": 11, ""end"": 22, ""salt_mode"": ""fragment"", ""fragment_max_positions"": null}]",[]
00198.150ad975a44e356b479b88d8b57edc40,00198__salted__extended__cp200B__fragment.150ad975a44e356b479b88d8b57edc40,extended,200B,fragment,,0,3,True,[],"[{""original_token"": ""communication"", ""salted_token"": ""c​o​m​m​u​n​i​c​a​t​i​o​n"", ""start"": 314, ""end"": 327, ""salt_mode"": ""fragment"", ""fragment_max_positions"": null}, {""original_token"": ""toll"", ""salted_token"": ""t​o​l​l"", ""start"": 804, ""end"": 808, ""salt_mode"": ""fragment"", ""fragment_max_positions"": null}, {""original_token"": ""fees"", ""salted_token"": ""f​e​e​s"", ""start"": 886, ""end"": 890, ""salt_mode"": ""fragment"", ""fragment_max_positions"": null}]"
00198.150ad975a44e356b479b88d8b57edc40,00198__salted__extended__cp200C__fragment.150ad975a44e356b479b88d8b57edc40,extended,200C,fragment,,0,3,True,[],"[{""original_token"": ""communication"", ""salted_token"": ""c‌o‌m‌m‌u‌n‌i‌c‌a‌t‌i‌o‌n"", ""start"": 314, ""end"": 327, ""salt_mode"": ""fragment"", ""fragment_max_positions"": null}, {""original_token"": ""toll"", ""salted_token"": ""t‌o‌l‌l"", ""start"": 804, ""end"": 808, ""salt_mode"": ""fragment"", ""fragment_max_positions"": null}, {""original_token"": ""fees"", ""salted_token"": ""f‌e‌e‌s"", ""start"": 886, ""end"": 890, ""salt_mode"": ""fragment"", ""fragment_max_positions"": null}]"
00198.150ad975a44e356b479b88d8b57edc40,00198__salted__extended__cp200D__fragment.150ad975a44e356b479b88d8b57edc40,extended,200D,fragment,,0,3,True,[],"[{""original_token"": ""communication"", ""salted_token"": ""c‍o‍m‍m‍u‍n‍i‍c‍a‍t‍i‍o‍n"", ""start"": 314, ""end"": 327, ""salt_mode"": ""fragment"", ""fragment_max_positions"": null}, {""original_token"": ""toll"", ""salted_token"": ""t‍o‍l‍l"", ""start"": 804, ""end"": 808, ""salt_mode"": ""fragment"", ""fragment_max_positions"": null}, {""original_token"": ""fees"", ""salted_token"": ""f‍e‍e‍s"", ""start"": 886, ""end"": 890, ""salt_mode"": ""fragment"", ""fragment_max_positions"": null}]"
00198.150ad975a44e356b479b88d8b57edc40,00198__salted__extended__cp00AD__fragment.150ad975a44e356b479b88d8b57edc40,extended,00AD,fragment,,0,3,True,[],"[{""original_token"": ""communication"", ""salted_token"": ""c­o­m­m­u­n­i­c­a­t­i­o­n"", ""start"": 314, ""end"": 327, ""salt_mode"": ""fragment"", ""fragment_max_positions"": null}, {""original_token"": ""toll"", ""salted_token"": ""t­o­l­l"", ""start"": 804, ""end"": 808, ""salt_mode"": ""fragment"", ""fragment_max_positions"": null}, {""original_token"": ""fees"", ""salted_token"": ""f­e­e­s"", ""start"": 886, ""end"": 890, ""salt_mode"": ""fragment"", ""fragment_max_positions"": null}]"
00207.0b71ac81a360455c1514f5872564b1e1,00207__salted__extended__cp200B__fragment.0b71ac81a360455c1514f5872564b1e1,extended,200B,fragment,,0,2,True,[],"[{""original_token"": ""Mailings"", ""salted_token"": ""M​a​i​l​i​n​g​s"", ""start"": 2314, ""end"": 2322, ""salt_mode"": ""fragment"", ""fragment_max_positions"": null}, {""original_token"": ""Removal"", ""salted_token"": ""R​e​m​o​v​a​l"", ""start"": 3047, ""end"": 3054, ""salt_mode"": ""fragment"", ""fragment_max_positions"": null}]"
00207.0b71ac81a360455c1514f5872564b1e1,00207__salted__extended__cp200C__fragment.0b71ac81a360455c1514f5872564b1e1,extended,200C,fragment,,0,2,True,[],"[{""original_token"": ""Mailings"", ""salted_token"": ""M‌a‌i‌l‌i‌n‌g‌s"", ""start"": 2314, ""end"": 2322, ""salt_mode"": ""fragment"", ""fragment_max_positions"": null}, {""original_token"": ""Removal"", ""salted_token"": ""R‌e‌m‌o‌v‌a‌l"", ""start"": 3047, ""end"": 3054, ""salt_mode"": ""fragment"", ""fragment_max_positions"": null}]"
00207.0b71ac81a360455c1514f5872564b1e1,00207__salted__extended__cp200D__fragment.0b71ac81a360455c1514f5872564b1e1,extended,200D,fragment,,0,2,True,[],"[{""original_token"": ""Mailings"", ""salted_token"": ""M‍a‍i‍l‍i‍n‍g‍s"", ""start"": 2314, ""end"": 2322, ""salt_mode"": ""fragment"", ""fragment_max_positions"": null}, {""original_token"": ""Removal"", ""salted_token"": ""R‍e‍m‍o‍v‍a‍l"", ""start"": 3047, ""end"": 3054, ""salt_mode"": ""fragment"", ""fragment_max_positions"": null}]"
00207.0b71ac81a360455c1514f5872564b1e1,00207__salted__extended__cp00AD__fragment.0b71ac81a360455c1514f5872564b1e1,extended,00AD,fragment,,0,2,True,[],"[{""original_token"": ""Mailings"", ""salted_token"": ""M­a­i­l­i­n­g­s"", ""start"": 2314, ""end"": 2322, ""salt_mode"": ""fragment"", ""fragment_max_positions"": null}, {""original_token"": ""Removal"", ""salted_token"": ""R­e­m­o­v­a­l"", ""start"": 3047, ""end"": 3054, ""salt_mode"": ""fragment"", ""fragment_max_positions"": null}]"
00209.5276f967533f2ce0209c1eff631a86ff,00209__salted__extended__cp200B__fragment.5276f967533f2ce0209c1eff631a86ff,extended,200B,fragment,,0,3,True,[],"[{""original_token"": ""receive"", ""salted_token"": ""r​e​c​e​i​v​e"", ""start"": 1194, ""end"": 1201, ""salt_mode"": ""fragment"", ""fragment_max_positions"": null}, {""original_token"": ""mailings"", ""salted_token"": ""m​a​i​l​i​n​g​s"", ""start"": 1206, ""end"": 1214, ""salt_mode"": ""fragment"", ""fragment_max_positions"": null}, {""original_token"": ""communication"", ""salted_token"": ""c​o​m​m​u​n​i​c​a​t​i​o​n"", ""start"": 1258, ""end"": 1271, ""salt_mode"": ""fragment"", ""fragment_max_positions"": null}]"
00209.5276f967533f2ce0209c1eff631a86ff,00209__salted__extended__cp200C__fragment.5276f967533f2ce0209c1eff631a86ff,extended,200C,fragment,,0,3,True,[],"[{""original_token"": ""receive"", ""salted_token"": ""r‌e‌c‌e‌i‌v‌e"", ""start"": 1194, ""end"": 1201, ""salt_mode"": ""fragment"", ""fragment_max_positions"": null}, {""original_token"": ""mailings"", ""salted_token"": ""m‌a‌i‌l‌i‌n‌g‌s"", ""start"": 1206, ""end"": 1214, ""salt_mode"": ""fragment"", ""fragment_max_positions"": null}, {""original_token"": ""communication"", ""salted_token"": ""c‌o‌m‌m‌u‌n‌i‌c‌a‌t‌i‌o‌n"", ""start"": 1258, ""end"": 1271, ""salt_mode"": ""fragment"", ""fragment_max_positions"": null}]"
00209.5276f967533f2ce0209c1eff631a86ff,00209__salted__extended__cp200D__fragment.5276f967533f2ce0209c1eff631a86ff,extended,200D,fragment,,0,3,True,[],"[{""original_token"": ""receive"", ""salted_token"": ""r‍e‍c‍e‍i‍v‍e"", ""start"": 1194, ""end"": 1201, ""salt_mode"": ""fragment"", ""fragment_max_positions"": null}, {""original_token"": ""mailings"", ""salted_token"": ""m‍a‍i‍l‍i‍n‍g‍s"", ""start"": 1206, ""end"": 1214, ""salt_mode"": ""fragment"", ""fragment_max_positions"": null}, {""original_token"": ""communication"", ""salted_token"": ""c‍o‍m‍m‍u‍n‍i‍c‍a‍t‍i‍o‍n"", ""start"": 1258, ""end"": 1271, ""salt_mode"": ""fragment"", ""fragment_max_positions"": null}]"
00209.5276f967533f2ce0209c1eff631a86ff,00209__salted__extended__cp00AD__fragment.5276f967533f2ce0209c1eff631a86ff,extended,00AD,fragment,,0,3,True,[],"[{""original_token"": ""receive"", ""salted_token"": ""r­e­c­e­i­v­e"", ""start"": 1194, ""end"": 1201, ""salt_mode"": ""fragment"", ""fragment_max_positions"": null}, {""original_token"": ""mailings"", ""salted_token"": ""m­a­i­l­i­n­g­s"", ""start"": 1206, ""end"": 1214, ""salt_mode"": ""fragment"", ""fragment_max_positions"": null}, {""original_token"": ""communication"", ""salted_token"": ""c­o­m­m­u­n­i­c­a­t­i­o­n"", ""start"": 1258, ""end"": 1271, ""salt_mode"": ""fragment"", ""fragment_max_positions"": null}]"
00211.4a52fb081c7087c4a82402342751e755,00211__salted__extended__cp200B__fragment.4a52fb081c7087c4a82402342751e755,extended,200B,fragment,,1,2,True,"[{""original_token"": ""ADV"", ""salted_token"": ""A​D​V"", ""start"": 0, ""end"": 3, ""salt_mode"": ""fragment"", ""fragment_max_positions"": null}]","[{""original_token"": ""toll"", ""salted_token"": ""t​o​l​l"", ""start"": 353, ""end"": 357, ""salt_mode"": ""fragment"", ""fragment_max_positions"": null}, {""original_token"": ""Sincerely"", ""salted_token"": ""S​i​n​c​e​r​e​l​y"", ""start"": 378, ""end"": 387, ""salt_mode"": ""fragment"", ""fragment_max_positions"": null}]"
00211.4a52fb081c7087c4a82402342751e755,00211__salted__extended__cp200C__fragment.4a52fb081c7087c4a82402342751e755,extended,200C,fragment,,1,2,True,"[{""original_token"": ""ADV"", ""salted_token"": ""A‌D‌V"", ""start"": 0, ""end"": 3, ""salt_mode"": ""fragment"", ""fragment_max_positions"": null}]","[{""original_token"": ""toll"", ""salted_token"": ""t‌o‌l‌l"", ""start"": 353, ""end"": 357, ""salt_mode"": ""fragment"", ""fragment_max_positions"": null}, {""original_token"": ""Sincerely"", ""salted_token"": ""S‌i‌n‌c‌e‌r‌e‌l‌y"", ""start"": 378, ""end"": 387, ""salt_mode"": ""fragment"", ""fragment_max_positions"": null}]"
00211.4a52fb081c7087c4a82402342751e755,00211__salted__extended__cp200D__fragment.4a52fb081c7087c4a82402342751e755,extended,200D,fragment,,1,2,True,"[{""original_token"": ""ADV"", ""salted_token"": ""A‍D‍V"", ""start"": 0, ""end"": 3, ""salt_mode"": ""fragment"", ""fragment_max_positions"": null}]","[{""original_token"": ""toll"", ""salted_token"": ""t‍o‍l‍l"", ""start"": 353, ""end"": 357, ""salt_mode"": ""fragment"", ""fragment_max_positions"": null}, {""original_token"": ""Sincerely"", ""salted_token"": ""S‍i‍n‍c‍e‍r‍e‍l‍y"", ""start"": 378, ""end"": 387, ""salt_mode"": ""fragment"", ""fragment_max_positions"": null}]"
00211.4a52fb081c7087c4a82402342751e755,00211__salted__extended__cp00AD__fragment.4a52fb081c7087c4a82402342751e755,extended,00AD,fragment,,1,2,True,"[{""original_token"": ""ADV"", ""salted_token"": ""A­D­V"", ""start"": 0, ""end"": 3, ""salt_mode"": ""fragment"", ""fragment_max_positions"": null}]","[{""original_token"": ""toll"", ""salted_token"": ""t­o­l­l"", ""start"": 353, ""end"": 357, ""salt_mode"": ""fragment"", ""fragment_max_positions"": null}, {""original_token"": ""Sincerely"", ""salted_token"": ""S­i­n­c­e­r­e­l­y"", ""start"": 378, ""end"": 387, ""salt_mode"": ""fragment"", ""fragment_max_positions"": null}]"
00214.1367039e50dc6b7adb0f2aa8aba83216,00214__salted__extended__cp200B__fragment.1367039e50dc6b7adb0f2aa8aba83216,extended,200B,fragment,,1,3,True,"[{""original_token"": ""Dare"", ""salted_token"": ""D​a​r​e"", ""start"": 3, ""end"": 7, ""salt_mode"": ""fragment"", ""fragment_max_positions"": null}]","[{""original_token"": ""dare"", ""salted_token"": ""d​a​r​e"", ""start"": 4, ""end"": 8, ""salt_mode"": ""fragment"", ""fragment_max_positions"": null}, {""original_token"": ""annuity"", ""salted_token"": ""a​n​n​u​i​t​y"", ""start"": 38, ""end"": 45, ""salt_mode"": ""fragment"", ""fragment_max_positions"": null}, {""original_token"": ""Guaranteed"", ""salted_token"": ""G​u​a​r​a​n​t​e​e​d"", ""start"": 59, ""end"": 69, ""salt_mode"": ""fragment"", ""fragment_max_positions"": null}]"
00214.1367039e50dc6b7adb0f2aa8aba83216,00214__salted__extended__cp200C__fragment.1367039e50dc6b7adb0f2aa8aba83216,extended,200C,fragment,,1,3,True,"[{""original_token"": ""Dare"", ""salted_token"": ""D‌a‌r‌e"", ""start"": 3, ""end"": 7, ""salt_mode"": ""fragment"", ""fragment_max_positions"": null}]","[{""original_token"": ""dare"", ""salted_token"": ""d‌a‌r‌e"", ""start"": 4, ""end"": 8, ""salt_mode"": ""fragment"", ""fragment_max_positions"": null}, {""original_token"": ""annuity"", ""salted_token"": ""a‌n‌n‌u‌i‌t‌y"", ""start"": 38, ""end"": 45, ""salt_mode"": ""fragment"", ""fragment_max_positions"": null}, {""original_token"": ""Guaranteed"", ""salted_token"": ""G‌u‌a‌r‌a‌n‌t‌e‌e‌d"", ""start"": 59, ""end"": 69, ""salt_mode"": ""fragment"", ""fragment_max_positions"": null}]"
00214.1367039e50dc6b7adb0f2aa8aba83216,00214__salted__extended__cp200D__fragment.1367039e50dc6b7adb0f2aa8aba83216,extended,200D,fragment,,1,3,True,"[{""original_token"": ""Dare"", ""salted_token"": ""D‍a‍r‍e"", ""start"": 3, ""end"": 7, ""salt_mode"": ""fragment"", ""fragment_max_positions"": null}]","[{""original_token"": ""dare"", ""salted_token"": ""d‍a‍r‍e"", ""start"": 4, ""end"": 8, ""salt_mode"": ""fragment"", ""fragment_max_positions"": null}, {""original_token"": ""annuity"", ""salted_token"": ""a‍n‍n‍u‍i‍t‍y"", ""start"": 38, ""end"": 45, ""salt_mode"": ""fragment"", ""fragment_max_positions"": null}, {""original_token"": ""Guaranteed"", ""salted_token"": ""G‍u‍a‍r‍a‍n‍t‍e‍e‍d"", ""start"": 59, ""end"": 69, ""salt_mode"": ""fragment"", ""fragment_max_positions"": null}]"
00214.1367039e50dc6b7adb0f2aa8aba83216,00214__salted__extended__cp00AD__fragment.1367039e50dc6b7adb0f2aa8aba83216,extended,00AD,fragment,,1,3,True,"[{""original_token"": ""Dare"", ""salted_token"": ""D­a­r­e"", ""start"": 3, ""end"": 7, ""salt_mode"": ""fragment"", ""fragment_max_positions"": null}]","[{""original_token"": ""dare"", ""salted_token"": ""d­a­r­e"", ""start"": 4, ""end"": 8, ""salt_mode"": ""fragment"", ""fragment_max_positions"": null}, {""original_token"": ""annuity"", ""salted_token"": ""a­n­n­u­i­t­y"", ""start"": 38, ""end"": 45, ""salt_mode"": ""fragment"", ""fragment_max_positions"": null}, {""original_token"": ""Guaranteed"", ""salted_token"": ""G­u­a­r­a­n­t­e­e­d"", ""start"": 59, ""end"": 69, ""salt_mode"": ""fragment"", ""fragment_max_positions"": null}]"
00217.43b4ef3d9c56cf42be9c37b546a19e78,00217__salted__extended__cp200B__fragment.43b4ef3d9c56cf42be9c37b546a19e78,extended,200B,fragment,,1,0,False,"[{""original_token"": ""MLM"", ""salted_token"": ""M​L​M"", ""start"": 56, ""end"": 59, ""salt_mode"": ""fragment"", ""fragment_max_positions"": null}]",[]
00217.43b4ef3d9c56cf42be9c37b546a19e78,00217__salted__extended__cp200C__fragment.43b4ef3d9c56cf42be9c37b546a19e78,extended,200C,fragment,,1,0,False,"[{""original_token"": ""MLM"", ""salted_token"": ""M‌L‌M"", ""start"": 56, ""end"": 59, ""salt_mode"": ""fragment"", ""fragment_max_positions"": null}]",[]
00217.43b4ef3d9c56cf42be9c37b546a19e78,00217__salted__extended__cp200D__fragment.43b4ef3d9c56cf42be9c37b546a19e78,extended,200D,fragment,,1,0,False,"[{""original_token"": ""MLM"", ""salted_token"": ""M‍L‍M"", ""start"": 56, ""end"": 59, ""salt_mode"": ""fragment"", ""fragment_max_positions"": null}]",[]
00217.43b4ef3d9c56cf42be9c37b546a19e78,00217__salted__extended__cp00AD__fragment.43b4ef3d9c56cf42be9c37b546a19e78,extended,00AD,fragment,,1,0,False,"[{""original_token"": ""MLM"", ""salted_token"": ""M­L­M"", ""start"": 56, ""end"": 59, ""salt_mode"": ""fragment"", ""fragment_max_positions"": null}]",[]
00224.0654fe0af51e1dcefa0eb66eb932f55f,00224__salted__extended__cp200B__fragment.0654fe0af51e1dcefa0eb66eb932f55f,extended,200B,fragment,,1,3,True,"[{""original_token"": ""ASSISTANCE"", ""salted_token"": ""A​S​S​I​S​T​A​N​C​E"", ""start"": 7, ""end"": 17, ""salt_mode"": ""fragment"", ""fragment_max_positions"": null}]","[{""original_token"": ""Dear"", ""salted_token"": ""D​e​a​r"", ""start"": 0, ""end"": 4, ""salt_mode"": ""fragment"", ""fragment_max_positions"": null}, {""original_token"": ""sir"", ""salted_token"": ""s​i​r"", ""start"": 5, ""end"": 8, ""salt_mode"": ""fragment"", ""fragment_max_positions"": null}, {""original_token"": ""dear"", ""salted_token"": ""d​e​a​r"", ""start"": 1528, ""end"": 1532, ""salt_mode"": ""fragment"", ""fragment_max_positions"": null}]"
00224.0654fe0af51e1dcefa0eb66eb932f55f,00224__salted__extended__cp200C__fragment.0654fe0af51e1dcefa0eb66eb932f55f,extended,200C,fragment,,1,3,True,"[{""original_token"": ""ASSISTANCE"", ""salted_token"": ""A‌S‌S‌I‌S‌T‌A‌N‌C‌E"", ""start"": 7, ""end"": 17, ""salt_mode"": ""fragment"", ""fragment_max_positions"": null}]","[{""original_token"": ""Dear"", ""salted_token"": ""D‌e‌a‌r"", ""start"": 0, ""end"": 4, ""salt_mode"": ""fragment"", ""fragment_max_positions"": null}, {""original_token"": ""sir"", ""salted_token"": ""s‌i‌r"", ""start"": 5, ""end"": 8, ""salt_mode"": ""fragment"", ""fragment_max_positions"": null}, {""original_token"": ""dear"", ""salted_token"": ""d‌e‌a‌r"", ""start"": 1528, ""end"": 1532, ""salt_mode"": ""fragment"", ""fragment_max_positions"": null}]"
00224.0654fe0af51e1dcefa0eb66eb932f55f,00224__salted__extended__cp200D__fragment.0654fe0af51e1dcefa0eb66eb932f55f,extended,200D,fragment,,1,3,True,"[{""original_token"": ""ASSISTANCE"", ""salted_token"": ""A‍S‍S‍I‍S‍T‍A‍N‍C‍E"", ""start"": 7, ""end"": 17, ""salt_mode"": ""fragment"", ""fragment_max_positions"": null}]","[{""original_token"": ""Dear"", ""salted_token"": ""D‍e‍a‍r"", ""start"": 0, ""end"": 4, ""salt_mode"": ""fragment"", ""fragment_max_positions"": null}, {""original_token"": ""sir"", ""salted_token"": ""s‍i‍r"", ""start"": 5, ""end"": 8, ""salt_mode"": ""fragment"", ""fragment_max_positions"": null}, {""original_token"": ""dear"", ""salted_token"": ""d‍e‍a‍r"", ""start"": 1528, ""end"": 1532, ""salt_mode"": ""fragment"", ""fragment_max_positions"": null}]"
00224.0654fe0af51e1dcefa0eb66eb932f55f,00224__salted__extended__cp00AD__fragment.0654fe0af51e1dcefa0eb66eb932f55f,extended,00AD,fragment,,1,3,True,"[{""original_token"": ""ASSISTANCE"", ""salted_token"": ""A­S­S­I­S­T­A­N­C­E"", ""start"": 7, ""end"": 17, ""salt_mode"": ""fragment"", ""fragment_max_positions"": null}]","[{""original_token"": ""Dear"", ""salted_token"": ""D­e­a­r"", ""start"": 0, ""end"": 4, ""salt_mode"": ""fragment"", ""fragment_max_positions"": null}, {""original_token"": ""sir"", ""salted_token"": ""s­i­r"", ""start"": 5, ""end"": 8, ""salt_mode"": ""fragment"", ""fragment_max_positions"": null}, {""original_token"": ""dear"", ""salted_token"": ""d­e­a­r"", ""start"": 1528, ""end"": 1532, ""salt_mode"": ""fragment"", ""fragment_max_positions"": null}]"
00228.cf58326ab05a757c7e759acc8d6b360d,00228__salted__extended__cp200B__fragment.cf58326ab05a757c7e759acc8d6b360d,extended,200B,fragment,,1,3,True,"[{""original_token"": ""kindly"", ""salted_token"": ""k​i​n​d​l​y"", ""start"": 21, ""end"": 27, ""salt_mode"": ""fragment"", ""fragment_max_positions"": null}]","[{""original_token"": ""ASSISTANCE"", ""salted_token"": ""A​S​S​I​S​T​A​N​C​E"", ""start"": 29, ""end"": 39, ""salt_mode"": ""fragment"", ""fragment_max_positions"": null}, {""original_token"": ""assistance"", ""salted_token"": ""a​s​s​i​s​t​a​n​c​e"", ""start"": 341, ""end"": 351, ""salt_mode"": ""fragment"", ""fragment_max_positions"": null}, {""original_token"": ""receive"", ""salted_token"": ""r​e​c​e​i​v​e"", ""start"": 744, ""end"": 751, ""salt_mode"": ""fragment"", ""fragment_max_positions"": null}]"
00228.cf58326ab05a757c7e759acc8d6b360d,00228__salted__extended__cp200C__fragment.cf58326ab05a757c7e759acc8d6b360d,extended,200C,fragment,,1,3,True,"[{""original_token"": ""kindly"", ""salted_token"": ""k‌i‌n‌d‌l‌y"", ""start"": 21, ""end"": 27, ""salt_mode"": ""fragment"", ""fragment_max_positions"": null}]","[{""original_token"": ""ASSISTANCE"", ""salted_token"": ""A‌S‌S‌I‌S‌T‌A‌N‌C‌E"", ""start"": 29, ""end"": 39, ""salt_mode"": ""fragment"", ""fragment_max_positions"": null}, {""original_token"": ""assistance"", ""salted_token"": ""a‌s‌s‌i‌s‌t‌a‌n‌c‌e"", ""start"": 341, ""end"": 351, ""salt_mode"": ""fragment"", ""fragment_max_positions"": null}, {""original_token"": ""receive"", ""salted_token"": ""r‌e‌c‌e‌i‌v‌e"", ""start"": 744, ""end"": 751, ""salt_mode"": ""fragment"", ""fragment_max_positions"": null}]"
00228.cf58326ab05a757c7e759acc8d6b360d,00228__salted__extended__cp200D__fragment.cf58326ab05a757c7e759acc8d6b360d,extended,200D,fragment,,1,3,True,"[{""original_token"": ""kindly"", ""salted_token"": ""k‍i‍n‍d‍l‍y"", ""start"": 21, ""end"": 27, ""salt_mode"": ""fragment"", ""fragment_max_positions"": null}]","[{""original_token"": ""ASSISTANCE"", ""salted_token"": ""A‍S‍S‍I‍S‍T‍A‍N‍C‍E"", ""start"": 29, ""end"": 39, ""salt_mode"": ""fragment"", ""fragment_max_positions"": null}, {""original_token"": ""assistance"", ""salted_token"": ""a‍s‍s‍i‍s‍t‍a‍n‍c‍e"", ""start"": 341, ""end"": 351, ""salt_mode"": ""fragment"", ""fragment_max_positions"": null}, {""original_token"": ""receive"", ""salted_token"": ""r‍e‍c‍e‍i‍v‍e"", ""start"": 744, ""end"": 751, ""salt_mode"": ""fragment"", ""fragment_max_positions"": null}]"
00228.cf58326ab05a757c7e759acc8d6b360d,00228__salted__extended__cp00AD__fragment.cf58326ab05a757c7e759acc8d6b360d,extended,00AD,fragment,,1,3,True,"[{""original_token"": ""kindly"", ""salted_token"": ""k­i­n­d­l­y"", ""start"": 21, ""end"": 27, ""salt_mode"": ""fragment"", ""fragment_max_positions"": null}]","[{""original_token"": ""ASSISTANCE"", ""salted_token"": ""A­S­S­I­S­T­A­N­C­E"", ""start"": 29, ""end"": 39, ""salt_mode"": ""fragment"", ""fragment_max_positions"": null}, {""original_token"": ""assistance"", ""salted_token"": ""a­s­s­i­s­t­a­n­c­e"", ""start"": 341, ""end"": 351, ""salt_mode"": ""fragment"", ""fragment_max_positions"": null}, {""original_token"": ""receive"", ""salted_token"": ""r­e­c­e­i­v­e"", ""start"": 744, ""end"": 751, ""salt_mode"": ""fragment"", ""fragment_max_positions"": null}]"
00231.8c72952de376293bc38d30834c0bb580,00231__salted__extended__cp200B__fragment.8c72952de376293bc38d30834c0bb580,extended,200B,fragment,,1,0,False,"[{""original_token"": ""HGH"", ""salted_token"": ""H​G​H"", ""start"": 5, ""end"": 8, ""salt_mode"": ""fragment"", ""fragment_max_positions"": null}]",[]
00231.8c72952de376293bc38d30834c0bb580,00231__salted__extended__cp200C__fragment.8c72952de376293bc38d30834c0bb580,extended,200C,fragment,,1,0,False,"[{""original_token"": ""HGH"", ""salted_token"": ""H‌G‌H"", ""start"": 5, ""end"": 8, ""salt_mode"": ""fragment"", ""fragment_max_positions"": null}]",[]
00231.8c72952de376293bc38d30834c0bb580,00231__salted__extended__cp200D__fragment.8c72952de376293bc38d30834c0bb580,extended,200D,fragment,,1,0,False,"[{""original_token"": ""HGH"", ""salted_token"": ""H‍G‍H"", ""start"": 5, ""end"": 8, ""salt_mode"": ""fragment"", ""fragment_max_positions"": null}]",[]
00231.8c72952de376293bc38d30834c0bb580,00231__salted__extended__cp00AD__fragment.8c72952de376293bc38d30834c0bb580,extended,00AD,fragment,,1,0,False,"[{""original_token"": ""HGH"", ""salted_token"": ""H­G­H"", ""start"": 5, ""end"": 8, ""salt_mode"": ""fragment"", ""fragment_max_positions"": null}]",[]
00233.3c32285387ebc0675adb029b9e20e581,00233__salted__extended__cp200B__fragment.3c32285387ebc0675adb029b9e20e581,extended,200B,fragment,,1,3,True,"[{""original_token"": ""Guaranteed"", ""salted_token"": ""G​u​a​r​a​n​t​e​e​d"", ""start"": 7, ""end"": 17, ""salt_mode"": ""fragment"", ""fragment_max_positions"": null}]","[{""original_token"": ""receive"", ""salted_token"": ""r​e​c​e​i​v​e"", ""start"": 809, ""end"": 816, ""salt_mode"": ""fragment"", ""fragment_max_positions"": null}, {""original_token"": ""mailings"", ""salted_token"": ""m​a​i​l​i​n​g​s"", ""start"": 821, ""end"": 829, ""salt_mode"": ""fragment"", ""fragment_max_positions"": null}, {""original_token"": ""communication"", ""salted_token"": ""c​o​m​m​u​n​i​c​a​t​i​o​n"", ""start"": 873, ""end"": 886, ""salt_mode"": ""fragment"", ""fragment_max_positions"": null}]"
00233.3c32285387ebc0675adb029b9e20e581,00233__salted__extended__cp200C__fragment.3c32285387ebc0675adb029b9e20e581,extended,200C,fragment,,1,3,True,"[{""original_token"": ""Guaranteed"", ""salted_token"": ""G‌u‌a‌r‌a‌n‌t‌e‌e‌d"", ""start"": 7, ""end"": 17, ""salt_mode"": ""fragment"", ""fragment_max_positions"": null}]","[{""original_token"": ""receive"", ""salted_token"": ""r‌e‌c‌e‌i‌v‌e"", ""start"": 809, ""end"": 816, ""salt_mode"": ""fragment"", ""fragment_max_positions"": null}, {""original_token"": ""mailings"", ""salted_token"": ""m‌a‌i‌l‌i‌n‌g‌s"", ""start"": 821, ""end"": 829, ""salt_mode"": ""fragment"", ""fragment_max_positions"": null}, {""original_token"": ""communication"", ""salted_token"": ""c‌o‌m‌m‌u‌n‌i‌c‌a‌t‌i‌o‌n"", ""start"": 873, ""end"": 886, ""salt_mode"": ""fragment"", ""fragment_max_positions"": null}]"
00233.3c32285387ebc0675adb029b9e20e581,00233__salted__extended__cp200D__fragment.3c32285387ebc0675adb029b9e20e581,extended,200D,fragment,,1,3,True,"[{""original_token"": ""Guaranteed"", ""salted_token"": ""G‍u‍a‍r‍a‍n‍t‍e‍e‍d"", ""start"": 7, ""end"": 17, ""salt_mode"": ""fragment"", ""fragment_max_positions"": null}]","[{""original_token"": ""receive"", ""salted_token"": ""r‍e‍c‍e‍i‍v‍e"", ""start"": 809, ""end"": 816, ""salt_mode"": ""fragment"", ""fragment_max_positions"": null}, {""original_token"": ""mailings"", ""salted_token"": ""m‍a‍i‍l‍i‍n‍g‍s"", ""start"": 821, ""end"": 829, ""salt_mode"": ""fragment"", ""fragment_max_positions"": null}, {""original_token"": ""communication"", ""salted_token"": ""c‍o‍m‍m‍u‍n‍i‍c‍a‍t‍i‍o‍n"", ""start"": 873, ""end"": 886, ""salt_mode"": ""fragment"", ""fragment_max_positions"": null}]"
00233.3c32285387ebc0675adb029b9e20e581,00233__salted__extended__cp00AD__fragment.3c32285387ebc0675adb029b9e20e581,extended,00AD,fragment,,1,3,True,"[{""original_token"": ""Guaranteed"", ""salted_token"": ""G­u­a­r­a­n­t­e­e­d"", ""start"": 7, ""end"": 17, ""salt_mode"": ""fragment"", ""fragment_max_positions"": null}]","[{""original_token"": ""receive"", ""salted_token"": ""r­e­c­e­i­v­e"", ""start"": 809, ""end"": 816, ""salt_mode"": ""fragment"", ""fragment_max_positions"": null}, {""original_token"": ""mailings"", ""salted_token"": ""m­a­i­l­i­n­g­s"", ""start"": 821, ""end"": 829, ""salt_mode"": ""fragment"", ""fragment_max_positions"": null}, {""original_token"": ""communication"", ""salted_token"": ""c­o­m­m­u­n­i­c­a­t­i­o­n"", ""start"": 873, ""end"": 886, ""salt_mode"": ""fragment"", ""fragment_max_positions"": null}]"
00236.a46588c69d43e80c618038b95eff2893,00236__salted__extended__cp200B__fragment.a46588c69d43e80c618038b95eff2893,extended,200B,fragment,,0,3,True,[],"[{""original_token"": ""MASTERCARD"", ""salted_token"": ""M​A​S​T​E​R​C​A​R​D"", ""start"": 1271, ""end"": 1281, ""salt_mode"": ""fragment"", ""fragment_max_positions"": null}, {""original_token"": ""payable"", ""salted_token"": ""p​a​y​a​b​l​e"", ""start"": 1567, ""end"": 1574, ""salt_mode"": ""fragment"", ""fragment_max_positions"": null}, {""original_token"": ""Postal"", ""salted_token"": ""P​o​s​t​a​l"", ""start"": 2189, ""end"": 2195, ""salt_mode"": ""fragment"", ""fragment_max_positions"": null}]"
00236.a46588c69d43e80c618038b95eff2893,00236__salted__extended__cp200C__fragment.a46588c69d43e80c618038b95eff2893,extended,200C,fragment,,0,3,True,[],"[{""original_token"": ""MASTERCARD"", ""salted_token"": ""M‌A‌S‌T‌E‌R‌C‌A‌R‌D"", ""start"": 1271, ""end"": 1281, ""salt_mode"": ""fragment"", ""fragment_max_positions"": null}, {""original_token"": ""payable"", ""salted_token"": ""p‌a‌y‌a‌b‌l‌e"", ""start"": 1567, ""end"": 1574, ""salt_mode"": ""fragment"", ""fragment_max_positions"": null}, {""original_token"": ""Postal"", ""salted_token"": ""P‌o‌s‌t‌a‌l"", ""start"": 2189, ""end"": 2195, ""salt_mode"": ""fragment"", ""fragment_max_positions"": null}]"
00236.a46588c69d43e80c618038b95eff2893,00236__salted__extended__cp200D__fragment.a46588c69d43e80c618038b95eff2893,extended,200D,fragment,,0,3,True,[],"[{""original_token"": ""MASTERCARD"", ""salted_token"": ""M‍A‍S‍T‍E‍R‍C‍A‍R‍D"", ""start"": 1271, ""end"": 1281, ""salt_mode"": ""fragment"", ""fragment_max_positions"": null}, {""original_token"": ""payable"", ""salted_token"": ""p‍a‍y‍a‍b‍l‍e"", ""start"": 1567, ""end"": 1574, ""salt_mode"": ""fragment"", ""fragment_max_positions"": null}, {""original_token"": ""Postal"", ""salted_token"": ""P‍o‍s‍t‍a‍l"", ""start"": 2189, ""end"": 2195, ""salt_mode"": ""fragment"", ""fragment_max_positions"": null}]"
00236.a46588c69d43e80c618038b95eff2893,00236__salted__extended__cp00AD__fragment.a46588c69d43e80c618038b95eff2893,extended,00AD,fragment,,0,3,True,[],"[{""original_token"": ""MASTERCARD"", ""salted_token"": ""M­A­S­T­E­R­C­A­R­D"", ""start"": 1271, ""end"": 1281, ""salt_mode"": ""fragment"", ""fragment_max_positions"": null}, {""original_token"": ""payable"", ""salted_token"": ""p­a­y­a­b­l­e"", ""start"": 1567, ""end"": 1574, ""salt_mode"": ""fragment"", ""fragment_max_positions"": null}, {""original_token"": ""Postal"", ""salted_token"": ""P­o­s­t­a­l"", ""start"": 2189, ""end"": 2195, ""salt_mode"": ""fragment"", ""fragment_max_positions"": null}]"
00248.b243bca51ee69d6e428ca2f45f0fe41b,00248__salted__extended__cp200B__fragment.b243bca51ee69d6e428ca2f45f0fe41b,extended,200B,fragment,,0,3,True,[],"[{""original_token"": ""Qualified"", ""salted_token"": ""Q​u​a​l​i​f​i​e​d"", ""start"": 29, ""end"": 38, ""salt_mode"": ""fragment"", ""fragment_max_positions"": null}, {""original_token"": ""receive"", ""salted_token"": ""r​e​c​e​i​v​e"", ""start"": 1062, ""end"": 1069, ""salt_mode"": ""fragment"", ""fragment_max_positions"": null}, {""original_token"": ""mailings"", ""salted_token"": ""m​a​i​l​i​n​g​s"", ""start"": 1074, ""end"": 1082, ""salt_mode"": ""fragment"", ""fragment_max_positions"": null}]"
00248.b243bca51ee69d6e428ca2f45f0fe41b,00248__salted__extended__cp200C__fragment.b243bca51ee69d6e428ca2f45f0fe41b,extended,200C,fragment,,0,3,True,[],"[{""original_token"": ""Qualified"", ""salted_token"": ""Q‌u‌a‌l‌i‌f‌i‌e‌d"", ""start"": 29, ""end"": 38, ""salt_mode"": ""fragment"", ""fragment_max_positions"": null}, {""original_token"": ""receive"", ""salted_token"": ""r‌e‌c‌e‌i‌v‌e"", ""start"": 1062, ""end"": 1069, ""salt_mode"": ""fragment"", ""fragment_max_positions"": null}, {""original_token"": ""mailings"", ""salted_token"": ""m‌a‌i‌l‌i‌n‌g‌s"", ""start"": 1074, ""end"": 1082, ""salt_mode"": ""fragment"", ""fragment_max_positions"": null}]"
00248.b243bca51ee69d6e428ca2f45f0fe41b,00248__salted__extended__cp200D__fragment.b243bca51ee69d6e428ca2f45f0fe41b,extended,200D,fragment,,0,3,True,[],"[{""original_token"": ""Qualified"", ""salted_token"": ""Q‍u‍a‍l‍i‍f‍i‍e‍d"", ""start"": 29, ""end"": 38, ""salt_mode"": ""fragment"", ""fragment_max_positions"": null}, {""original_token"": ""receive"", ""salted_token"": ""r‍e‍c‍e‍i‍v‍e"", ""start"": 1062, ""end"": 1069, ""salt_mode"": ""fragment"", ""fragment_max_positions"": null}, {""original_token"": ""mailings"", ""salted_token"": ""m‍a‍i‍l‍i‍n‍g‍s"", ""start"": 1074, ""end"": 1082, ""salt_mode"": ""fragment"", ""fragment_max_positions"": null}]"
00248.b243bca51ee69d6e428ca2f45f0fe41b,00248__salted__extended__cp00AD__fragment.b243bca51ee69d6e428ca2f45f0fe41b,extended,00AD,fragment,,0,3,True,[],"[{""original_token"": ""Qualified"", ""salted_token"": ""Q­u­a­l­i­f­i­e­d"", ""start"": 29, ""end"": 38, ""salt_mode"": ""fragment"", ""fragment_max_positions"": null}, {""original_token"": ""receive"", ""salted_token"": ""r­e­c­e­i­v­e"", ""start"": 1062, ""end"": 1069, ""salt_mode"": ""fragment"", ""fragment_max_positions"": null}, {""original_token"": ""mailings"", ""salted_token"": ""m­a­i­l­i­n­g­s"", ""start"": 1074, ""end"": 1082, ""salt_mode"": ""fragment"", ""fragment_max_positions"": null}]"
00249.5f45607c1bffe89f60ba1ec9f878039a,00249__salted__extended__cp200B__fragment.5f45607c1bffe89f60ba1ec9f878039a,extended,200B,fragment,,1,3,True,"[{""original_token"": ""mortgage"", ""salted_token"": ""m​o​r​t​g​a​g​e"", ""start"": 22, ""end"": 30, ""salt_mode"": ""fragment"", ""fragment_max_positions"": null}]","[{""original_token"": ""Dear"", ""salted_token"": ""D​e​a​r"", ""start"": 0, ""end"": 4, ""salt_mode"": ""fragment"", ""fragment_max_positions"": null}, {""original_token"": ""lenders"", ""salted_token"": ""l​e​n​d​e​r​s"", ""start"": 163, ""end"": 170, ""salt_mode"": ""fragment"", ""fragment_max_positions"": null}, {""original_token"": ""Refinance"", ""salted_token"": ""R​e​f​i​n​a​n​c​e"", ""start"": 191, ""end"": 200, ""salt_mode"": ""fragment"", ""fragment_max_positions"": null}]"
00249.5f45607c1bffe89f60ba1ec9f878039a,00249__salted__extended__cp200C__fragment.5f45607c1bffe89f60ba1ec9f878039a,extended,200C,fragment,,1,3,True,"[{""original_token"": ""mortgage"", ""salted_token"": ""m‌o‌r‌t‌g‌a‌g‌e"", ""start"": 22, ""end"": 30, ""salt_mode"": ""fragment"", ""fragment_max_positions"": null}]","[{""original_token"": ""Dear"", ""salted_token"": ""D‌e‌a‌r"", ""start"": 0, ""end"": 4, ""salt_mode"": ""fragment"", ""fragment_max_positions"": null}, {""original_token"": ""lenders"", ""salted_token"": ""l‌e‌n‌d‌e‌r‌s"", ""start"": 163, ""end"": 170, ""salt_mode"": ""fragment"", ""fragment_max_positions"": null}, {""original_token"": ""Refinance"", ""salted_token"": ""R‌e‌f‌i‌n‌a‌n‌c‌e"", ""start"": 191, ""end"": 200, ""salt_mode"": ""fragment"", ""fragment_max_positions"": null}]"
00249.5f45607c1bffe89f60ba1ec9f878039a,00249__salted__extended__cp200D__fragment.5f45607c1bffe89f60ba1ec9f878039a,extended,200D,fragment,,1,3,True,"[{""original_token"": ""mortgage"", ""salted_token"": ""m‍o‍r‍t‍g‍a‍g‍e"", ""start"": 22, ""end"": 30, ""salt_mode"": ""fragment"", ""fragment_max_positions"": null}]","[{""original_token"": ""Dear"", ""salted_token"": ""D‍e‍a‍r"", ""start"": 0, ""end"": 4, ""salt_mode"": ""fragment"", ""fragment_max_positions"": null}, {""original_token"": ""lenders"", ""salted_token"": ""l‍e‍n‍d‍e‍r‍s"", ""start"": 163, ""end"": 170, ""salt_mode"": ""fragment"", ""fragment_max_positions"": null}, {""original_token"": ""Refinance"", ""salted_token"": ""R‍e‍f‍i‍n‍a‍n‍c‍e"", ""start"": 191, ""end"": 200, ""salt_mode"": ""fragment"", ""fragment_max_positions"": null}]"
00249.5f45607c1bffe89f60ba1ec9f878039a,00249__salted__extended__cp00AD__fragment.5f45607c1bffe89f60ba1ec9f878039a,extended,00AD,fragment,,1,3,True,"[{""original_token"": ""mortgage"", ""salted_token"": ""m­o­r­t­g­a­g­e"", ""start"": 22, ""end"": 30, ""salt_mode"": ""fragment"", ""fragment_max_positions"": null}]","[{""original_token"": ""Dear"", ""salted_token"": ""D­e­a­r"", ""start"": 0, ""end"": 4, ""salt_mode"": ""fragment"", ""fragment_max_positions"": null}, {""original_token"": ""lenders"", ""salted_token"": ""l­e­n­d­e­r­s"", ""start"": 163, ""end"": 170, ""salt_mode"": ""fragment"", ""fragment_max_positions"": null}, {""original_token"": ""Refinance"", ""salted_token"": ""R­e­f­i­n­a­n­c­e"", ""start"": 191, ""end"": 200, ""salt_mode"": ""fragment"", ""fragment_max_positions"": null}]"
00251.6b4b7e79e1706156839a00817d774e37,00251__salted__extended__cp200B__fragment.6b4b7e79e1706156839a00817d774e37,extended,200B,fragment,,1,0,False,"[{""original_token"": ""SYSTEMWORKS"", ""salted_token"": ""S​Y​S​T​E​M​W​O​R​K​S"", ""start"": 4, ""end"": 15, ""salt_mode"": ""fragment"", ""fragment_max_positions"": null}]",[]
00251.6b4b7e79e1706156839a00817d774e37,00251__salted__extended__cp200C__fragment.6b4b7e79e1706156839a00817d774e37,extended,200C,fragment,,1,0,False,"[{""original_token"": ""SYSTEMWORKS"", ""salted_token"": ""S‌Y‌S‌T‌E‌M‌W‌O‌R‌K‌S"", ""start"": 4, ""end"": 15, ""salt_mode"": ""fragment"", ""fragment_max_positions"": null}]",[]
00251.6b4b7e79e1706156839a00817d774e37,00251__salted__extended__cp200D__fragment.6b4b7e79e1706156839a00817d774e37,extended,200D,fragment,,1,0,False,"[{""original_token"": ""SYSTEMWORKS"", ""salted_token"": ""S‍Y‍S‍T‍E‍M‍W‍O‍R‍K‍S"", ""start"": 4, ""end"": 15, ""salt_mode"": ""fragment"", ""fragment_max_positions"": null}]",[]
00251.6b4b7e79e1706156839a00817d774e37,00251__salted__extended__cp00AD__fragment.6b4b7e79e1706156839a00817d774e37,extended,00AD,fragment,,1,0,False,"[{""original_token"": ""SYSTEMWORKS"", ""salted_token"": ""S­Y­S­T­E­M­W­O­R­K­S"", ""start"": 4, ""end"": 15, ""salt_mode"": ""fragment"", ""fragment_max_positions"": null}]",[]
00261.12b64e557e52daf5fc5a52e47df2f4e3,00261__salted__extended__cp200B__fragment.12b64e557e52daf5fc5a52e47df2f4e3,extended,200B,fragment,,0,3,True,[],"[{""original_token"": ""Mastercard"", ""salted_token"": ""M​a​s​t​e​r​c​a​r​d"", ""start"": 942, ""end"": 952, ""salt_mode"": ""fragment"", ""fragment_max_positions"": null}, {""original_token"": ""opted"", ""salted_token"": ""o​p​t​e​d"", ""start"": 1329, ""end"": 1334, ""salt_mode"": ""fragment"", ""fragment_max_positions"": null}, {""original_token"": ""receive"", ""salted_token"": ""r​e​c​e​i​v​e"", ""start"": 1355, ""end"": 1362, ""salt_mode"": ""fragment"", ""fragment_max_positions"": null}]"
00261.12b64e557e52daf5fc5a52e47df2f4e3,00261__salted__extended__cp200C__fragment.12b64e557e52daf5fc5a52e47df2f4e3,extended,200C,fragment,,0,3,True,[],"[{""original_token"": ""Mastercard"", ""salted_token"": ""M‌a‌s‌t‌e‌r‌c‌a‌r‌d"", ""start"": 942, ""end"": 952, ""salt_mode"": ""fragment"", ""fragment_max_positions"": null}, {""original_token"": ""opted"", ""salted_token"": ""o‌p‌t‌e‌d"", ""start"": 1329, ""end"": 1334, ""salt_mode"": ""fragment"", ""fragment_max_positions"": null}, {""original_token"": ""receive"", ""salted_token"": ""r‌e‌c‌e‌i‌v‌e"", ""start"": 1355, ""end"": 1362, ""salt_mode"": ""fragment"", ""fragment_max_positions"": null}]"
00261.12b64e557e52daf5fc5a52e47df2f4e3,00261__salted__extended__cp200D__fragment.12b64e557e52daf5fc5a52e47df2f4e3,extended,200D,fragment,,0,3,True,[],"[{""original_token"": ""Mastercard"", ""salted_token"": ""M‍a‍s‍t‍e‍r‍c‍a‍r‍d"", ""start"": 942, ""end"": 952, ""salt_mode"": ""fragment"", ""fragment_max_positions"": null}, {""original_token"": ""opted"", ""salted_token"": ""o‍p‍t‍e‍d"", ""start"": 1329, ""end"": 1334, ""salt_mode"": ""fragment"", ""fragment_max_positions"": null}, {""original_token"": ""receive"", ""salted_token"": ""r‍e‍c‍e‍i‍v‍e"", ""start"": 1355, ""end"": 1362, ""salt_mode"": ""fragment"", ""fragment_max_positions"": null}]"
00261.12b64e557e52daf5fc5a52e47df2f4e3,00261__salted__extended__cp00AD__fragment.12b64e557e52daf5fc5a52e47df2f4e3,extended,00AD,fragment,,0,3,True,[],"[{""original_token"": ""Mastercard"", ""salted_token"": ""M­a­s­t­e­r­c­a­r­d"", ""start"": 942, ""end"": 952, ""salt_mode"": ""fragment"", ""fragment_max_positions"": null}, {""original_token"": ""opted"", ""salted_token"": ""o­p­t­e­d"", ""start"": 1329, ""end"": 1334, ""salt_mode"": ""fragment"", ""fragment_max_positions"": null}, {""original_token"": ""receive"", ""salted_token"": ""r­e­c­e­i­v­e"", ""start"": 1355, ""end"": 1362, ""salt_mode"": ""fragment"", ""fragment_max_positions"": null}]"
00263.32b258c4cc08d235b2ca36fc16074f08,00263__salted__extended__cp200B__fragment.32b258c4cc08d235b2ca36fc16074f08,extended,200B,fragment,,0,3,True,[],"[{""original_token"": ""Click"", ""salted_token"": ""C​l​i​c​k"", ""start"": 215, ""end"": 220, ""salt_mode"": ""fragment"", ""fragment_max_positions"": null}, {""original_token"": ""click"", ""salted_token"": ""c​l​i​c​k"", ""start"": 567, ""end"": 572, ""salt_mode"": ""fragment"", ""fragment_max_positions"": null}, {""original_token"": ""Click"", ""salted_token"": ""C​l​i​c​k"", ""start"": 1853, ""end"": 1858, ""salt_mode"": ""fragment"", ""fragment_max_positions"": null}]"
00263.32b258c4cc08d235b2ca36fc16074f08,00263__salted__extended__cp200C__fragment.32b258c4cc08d235b2ca36fc16074f08,extended,200C,fragment,,0,3,True,[],"[{""original_token"": ""Click"", ""salted_token"": ""C‌l‌i‌c‌k"", ""start"": 215, ""end"": 220, ""salt_mode"": ""fragment"", ""fragment_max_positions"": null}, {""original_token"": ""click"", ""salted_token"": ""c‌l‌i‌c‌k"", ""start"": 567, ""end"": 572, ""salt_mode"": ""fragment"", ""fragment_max_positions"": null}, {""original_token"": ""Click"", ""salted_token"": ""C‌l‌i‌c‌k"", ""start"": 1853, ""end"": 1858, ""salt_mode"": ""fragment"", ""fragment_max_positions"": null}]"
00263.32b258c4cc08d235b2ca36fc16074f08,00263__salted__extended__cp200D__fragment.32b258c4cc08d235b2ca36fc16074f08,extended,200D,fragment,,0,3,True,[],"[{""original_token"": ""Click"", ""salted_token"": ""C‍l‍i‍c‍k"", ""start"": 215, ""end"": 220, ""salt_mode"": ""fragment"", ""fragment_max_positions"": null}, {""original_token"": ""click"", ""salted_token"": ""c‍l‍i‍c‍k"", ""start"": 567, ""end"": 572, ""salt_mode"": ""fragment"", ""fragment_max_positions"": null}, {""original_token"": ""Click"", ""salted_token"": ""C‍l‍i‍c‍k"", ""start"": 1853, ""end"": 1858, ""salt_mode"": ""fragment"", ""fragment_max_positions"": null}]"
00263.32b258c4cc08d235b2ca36fc16074f08,00263__salted__extended__cp00AD__fragment.32b258c4cc08d235b2ca36fc16074f08,extended,00AD,fragment,,0,3,True,[],"[{""original_token"": ""Click"", ""salted_token"": ""C­l­i­c­k"", ""start"": 215, ""end"": 220, ""salt_mode"": ""fragment"", ""fragment_max_positions"": null}, {""original_token"": ""click"", ""salted_token"": ""c­l­i­c­k"", ""start"": 567, ""end"": 572, ""salt_mode"": ""fragment"", ""fragment_max_positions"": null}, {""original_token"": ""Click"", ""salted_token"": ""C­l­i­c­k"", ""start"": 1853, ""end"": 1858, ""salt_mode"": ""fragment"", ""fragment_max_positions"": null}]"
00264.02b614f34aa0d5970959123b9386b285,00264__salted__extended__cp200B__fragment.02b614f34aa0d5970959123b9386b285,extended,200B,fragment,,0,2,True,[],"[{""original_token"": ""promotion"", ""salted_token"": ""p​r​o​m​o​t​i​o​n"", ""start"": 448, ""end"": 457, ""salt_mode"": ""fragment"", ""fragment_max_positions"": null}, {""original_token"": ""receive"", ""salted_token"": ""r​e​c​e​i​v​e"", ""start"": 941, ""end"": 948, ""salt_mode"": ""fragment"", ""fragment_max_positions"": null}]"
00264.02b614f34aa0d5970959123b9386b285,00264__salted__extended__cp200C__fragment.02b614f34aa0d5970959123b9386b285,extended,200C,fragment,,0,2,True,[],"[{""original_token"": ""promotion"", ""salted_token"": ""p‌r‌o‌m‌o‌t‌i‌o‌n"", ""start"": 448, ""end"": 457, ""salt_mode"": ""fragment"", ""fragment_max_positions"": null}, {""original_token"": ""receive"", ""salted_token"": ""r‌e‌c‌e‌i‌v‌e"", ""start"": 941, ""end"": 948, ""salt_mode"": ""fragment"", ""fragment_max_positions"": null}]"
00264.02b614f34aa0d5970959123b9386b285,00264__salted__extended__cp200D__fragment.02b614f34aa0d5970959123b9386b285,extended,200D,fragment,,0,2,True,[],"[{""original_token"": ""promotion"", ""salted_token"": ""p‍r‍o‍m‍o‍t‍i‍o‍n"", ""start"": 448, ""end"": 457, ""salt_mode"": ""fragment"", ""fragment_max_positions"": null}, {""original_token"": ""receive"", ""salted_token"": ""r‍e‍c‍e‍i‍v‍e"", ""start"": 941, ""end"": 948, ""salt_mode"": ""fragment"", ""fragment_max_positions"": null}]"
00264.02b614f34aa0d5970959123b9386b285,00264__salted__extended__cp00AD__fragment.02b614f34aa0d5970959123b9386b285,extended,00AD,fragment,,0,2,True,[],"[{""original_token"": ""promotion"", ""salted_token"": ""p­r­o­m­o­t­i­o­n"", ""start"": 448, ""end"": 457, ""salt_mode"": ""fragment"", ""fragment_max_positions"": null}, {""original_token"": ""receive"", ""salted_token"": ""r­e­c­e­i­v­e"", ""start"": 941, ""end"": 948, ""salt_mode"": ""fragment"", ""fragment_max_positions"": null}]"
00279.1d58a13e343c1e53aca2ed2121a3f815,00279__salted__extended__cp200B__fragment.1d58a13e343c1e53aca2ed2121a3f815,extended,200B,fragment,,1,3,True,"[{""original_token"": ""assistance"", ""salted_token"": ""a​s​s​i​s​t​a​n​c​e"", ""start"": 9, ""end"": 19, ""salt_mode"": ""fragment"", ""fragment_max_positions"": null}]","[{""original_token"": ""DEAR"", ""salted_token"": ""D​E​A​R"", ""start"": 137, ""end"": 141, ""salt_mode"": ""fragment"", ""fragment_max_positions"": null}, {""original_token"": ""SIR"", ""salted_token"": ""S​I​R"", ""start"": 142, ""end"": 145, ""salt_mode"": ""fragment"", ""fragment_max_positions"": null}, {""original_token"": ""presently"", ""salted_token"": ""p​r​e​s​e​n​t​l​y"", ""start"": 393, ""end"": 402, ""salt_mode"": ""fragment"", ""fragment_max_positions"": null}]"
00279.1d58a13e343c1e53aca2ed2121a3f815,00279__salted__extended__cp200C__fragment.1d58a13e343c1e53aca2ed2121a3f815,extended,200C,fragment,,1,3,True,"[{""original_token"": ""assistance"", ""salted_token"": ""a‌s‌s‌i‌s‌t‌a‌n‌c‌e"", ""start"": 9, ""end"": 19, ""salt_mode"": ""fragment"", ""fragment_max_positions"": null}]","[{""original_token"": ""DEAR"", ""salted_token"": ""D‌E‌A‌R"", ""start"": 137, ""end"": 141, ""salt_mode"": ""fragment"", ""fragment_max_positions"": null}, {""original_token"": ""SIR"", ""salted_token"": ""S‌I‌R"", ""start"": 142, ""end"": 145, ""salt_mode"": ""fragment"", ""fragment_max_positions"": null}, {""original_token"": ""presently"", ""salted_token"": ""p‌r‌e‌s‌e‌n‌t‌l‌y"", ""start"": 393, ""end"": 402, ""salt_mode"": ""fragment"", ""fragment_max_positions"": null}]"
00279.1d58a13e343c1e53aca2ed2121a3f815,00279__salted__extended__cp200D__fragment.1d58a13e343c1e53aca2ed2121a3f815,extended,200D,fragment,,1,3,True,"[{""original_token"": ""assistance"", ""salted_token"": ""a‍s‍s‍i‍s‍t‍a‍n‍c‍e"", ""start"": 9, ""end"": 19, ""salt_mode"": ""fragment"", ""fragment_max_positions"": null}]","[{""original_token"": ""DEAR"", ""salted_token"": ""D‍E‍A‍R"", ""start"": 137, ""end"": 141, ""salt_mode"": ""fragment"", ""fragment_max_positions"": null}, {""original_token"": ""SIR"", ""salted_token"": ""S‍I‍R"", ""start"": 142, ""end"": 145, ""salt_mode"": ""fragment"", ""fragment_max_positions"": null}, {""original_token"": ""presently"", ""salted_token"": ""p‍r‍e‍s‍e‍n‍t‍l‍y"", ""start"": 393, ""end"": 402, ""salt_mode"": ""fragment"", ""fragment_max_positions"": null}]"
00279.1d58a13e343c1e53aca2ed2121a3f815,00279__salted__extended__cp00AD__fragment.1d58a13e343c1e53aca2ed2121a3f815,extended,00AD,fragment,,1,3,True,"[{""original_token"": ""assistance"", ""salted_token"": ""a­s­s­i­s­t­a­n­c­e"", ""start"": 9, ""end"": 19, ""salt_mode"": ""fragment"", ""fragment_max_positions"": null}]","[{""original_token"": ""DEAR"", ""salted_token"": ""D­E­A­R"", ""start"": 137, ""end"": 141, ""salt_mode"": ""fragment"", ""fragment_max_positions"": null}, {""original_token"": ""SIR"", ""salted_token"": ""S­I­R"", ""start"": 142, ""end"": 145, ""salt_mode"": ""fragment"", ""fragment_max_positions"": null}, {""original_token"": ""presently"", ""salted_token"": ""p­r­e­s­e­n­t­l­y"", ""start"": 393, ""end"": 402, ""salt_mode"": ""fragment"", ""fragment_max_positions"": null}]"
00280.026da2bd191f11081b8d8428134b0c66,00280__salted__extended__cp200B__fragment.026da2bd191f11081b8d8428134b0c66,extended,200B,fragment,,0,3,True,[],"[{""original_token"": ""Promotion"", ""salted_token"": ""P​r​o​m​o​t​i​o​n"", ""start"": 663, ""end"": 672, ""salt_mode"": ""fragment"", ""fragment_max_positions"": null}, {""original_token"": ""Deposit"", ""salted_token"": ""D​e​p​o​s​i​t"", ""start"": 682, ""end"": 689, ""salt_mode"": ""fragment"", ""fragment_max_positions"": null}, {""original_token"": ""click"", ""salted_token"": ""c​l​i​c​k"", ""start"": 936, ""end"": 941, ""salt_mode"": ""fragment"", ""fragment_max_positions"": null}]"
00280.026da2bd191f11081b8d8428134b0c66,00280__salted__extended__cp200C__fragment.026da2bd191f11081b8d8428134b0c66,extended,200C,fragment,,0,3,True,[],"[{""original_token"": ""Promotion"", ""salted_token"": ""P‌r‌o‌m‌o‌t‌i‌o‌n"", ""start"": 663, ""end"": 672, ""salt_mode"": ""fragment"", ""fragment_max_positions"": null}, {""original_token"": ""Deposit"", ""salted_token"": ""D‌e‌p‌o‌s‌i‌t"", ""start"": 682, ""end"": 689, ""salt_mode"": ""fragment"", ""fragment_max_positions"": null}, {""original_token"": ""click"", ""salted_token"": ""c‌l‌i‌c‌k"", ""start"": 936, ""end"": 941, ""salt_mode"": ""fragment"", ""fragment_max_positions"": null}]"
00280.026da2bd191f11081b8d8428134b0c66,00280__salted__extended__cp200D__fragment.026da2bd191f11081b8d8428134b0c66,extended,200D,fragment,,0,3,True,[],"[{""original_token"": ""Promotion"", ""salted_token"": ""P‍r‍o‍m‍o‍t‍i‍o‍n"", ""start"": 663, ""end"": 672, ""salt_mode"": ""fragment"", ""fragment_max_positions"": null}, {""original_token"": ""Deposit"", ""salted_token"": ""D‍e‍p‍o‍s‍i‍t"", ""start"": 682, ""end"": 689, ""salt_mode"": ""fragment"", ""fragment_max_positions"": null}, {""original_token"": ""click"", ""salted_token"": ""c‍l‍i‍c‍k"", ""start"": 936, ""end"": 941, ""salt_mode"": ""fragment"", ""fragment_max_positions"": null}]"
00280.026da2bd191f11081b8d8428134b0c66,00280__salted__extended__cp00AD__fragment.026da2bd191f11081b8d8428134b0c66,extended,00AD,fragment,,0,3,True,[],"[{""original_token"": ""Promotion"", ""salted_token"": ""P­r­o­m­o­t­i­o­n"", ""start"": 663, ""end"": 672, ""salt_mode"": ""fragment"", ""fragment_max_positions"": null}, {""original_token"": ""Deposit"", ""salted_token"": ""D­e­p­o­s­i­t"", ""start"": 682, ""end"": 689, ""salt_mode"": ""fragment"", ""fragment_max_positions"": null}, {""original_token"": ""click"", ""salted_token"": ""c­l­i­c­k"", ""start"": 936, ""end"": 941, ""salt_mode"": ""fragment"", ""fragment_max_positions"": null}]"
00284.227c1ebb961320cd2086d904d698c49b,00284__salted__extended__cp200B__fragment.227c1ebb961320cd2086d904d698c49b,extended,200B,fragment,,0,3,True,[],"[{""original_token"": ""Premium"", ""salted_token"": ""P​r​e​m​i​u​m"", ""start"": 987, ""end"": 994, ""salt_mode"": ""fragment"", ""fragment_max_positions"": null}, {""original_token"": ""Tobacco"", ""salted_token"": ""T​o​b​a​c​c​o"", ""start"": 1040, ""end"": 1047, ""salt_mode"": ""fragment"", ""fragment_max_positions"": null}, {""original_token"": ""insurance"", ""salted_token"": ""i​n​s​u​r​a​n​c​e"", ""start"": 1507, ""end"": 1516, ""salt_mode"": ""fragment"", ""fragment_max_positions"": null}]"
00284.227c1ebb961320cd2086d904d698c49b,00284__salted__extended__cp200C__fragment.227c1ebb961320cd2086d904d698c49b,extended,200C,fragment,,0,3,True,[],"[{""original_token"": ""Premium"", ""salted_token"": ""P‌r‌e‌m‌i‌u‌m"", ""start"": 987, ""end"": 994, ""salt_mode"": ""fragment"", ""fragment_max_positions"": null}, {""original_token"": ""Tobacco"", ""salted_token"": ""T‌o‌b‌a‌c‌c‌o"", ""start"": 1040, ""end"": 1047, ""salt_mode"": ""fragment"", ""fragment_max_positions"": null}, {""original_token"": ""insurance"", ""salted_token"": ""i‌n‌s‌u‌r‌a‌n‌c‌e"", ""start"": 1507, ""end"": 1516, ""salt_mode"": ""fragment"", ""fragment_max_positions"": null}]"
00284.227c1ebb961320cd2086d904d698c49b,00284__salted__extended__cp200D__fragment.227c1ebb961320cd2086d904d698c49b,extended,200D,fragment,,0,3,True,[],"[{""original_token"": ""Premium"", ""salted_token"": ""P‍r‍e‍m‍i‍u‍m"", ""start"": 987, ""end"": 994, ""salt_mode"": ""fragment"", ""fragment_max_positions"": null}, {""original_token"": ""Tobacco"", ""salted_token"": ""T‍o‍b‍a‍c‍c‍o"", ""start"": 1040, ""end"": 1047, ""salt_mode"": ""fragment"", ""fragment_max_positions"": null}, {""original_token"": ""insurance"", ""salted_token"": ""i‍n‍s‍u‍r‍a‍n‍c‍e"", ""start"": 1507, ""end"": 1516, ""salt_mode"": ""fragment"", ""fragment_max_positions"": null}]"
00284.227c1ebb961320cd2086d904d698c49b,00284__salted__extended__cp00AD__fragment.227c1ebb961320cd2086d904d698c49b,extended,00AD,fragment,,0,3,True,[],"[{""original_token"": ""Premium"", ""salted_token"": ""P­r­e­m­i­u­m"", ""start"": 987, ""end"": 994, ""salt_mode"": ""fragment"", ""fragment_max_positions"": null}, {""original_token"": ""Tobacco"", ""salted_token"": ""T­o­b­a­c­c­o"", ""start"": 1040, ""end"": 1047, ""salt_mode"": ""fragment"", ""fragment_max_positions"": null}, {""original_token"": ""insurance"", ""salted_token"": ""i­n­s­u­r­a­n­c­e"", ""start"": 1507, ""end"": 1516, ""salt_mode"": ""fragment"", ""fragment_max_positions"": null}]"
00287.b0495a4dbdff36654c3b3ee2f92bdbf3,00287__salted__extended__cp200B__fragment.b0495a4dbdff36654c3b3ee2f92bdbf3,extended,200B,fragment,,0,1,True,[],"[{""original_token"": ""receive"", ""salted_token"": ""r​e​c​e​i​v​e"", ""start"": 1178, ""end"": 1185, ""salt_mode"": ""fragment"", ""fragment_max_positions"": null}]"
00287.b0495a4dbdff36654c3b3ee2f92bdbf3,00287__salted__extended__cp200C__fragment.b0495a4dbdff36654c3b3ee2f92bdbf3,extended,200C,fragment,,0,1,True,[],"[{""original_token"": ""receive"", ""salted_token"": ""r‌e‌c‌e‌i‌v‌e"", ""start"": 1178, ""end"": 1185, ""salt_mode"": ""fragment"", ""fragment_max_positions"": null}]"
00287.b0495a4dbdff36654c3b3ee2f92bdbf3,00287__salted__extended__cp200D__fragment.b0495a4dbdff36654c3b3ee2f92bdbf3,extended,200D,fragment,,0,1,True,[],"[{""original_token"": ""receive"", ""salted_token"": ""r‍e‍c‍e‍i‍v‍e"", ""start"": 1178, ""end"": 1185, ""salt_mode"": ""fragment"", ""fragment_max_positions"": null}]"
00287.b0495a4dbdff36654c3b3ee2f92bdbf3,00287__salted__extended__cp00AD__fragment.b0495a4dbdff36654c3b3ee2f92bdbf3,extended,00AD,fragment,,0,1,True,[],"[{""original_token"": ""receive"", ""salted_token"": ""r­e­c­e­i­v­e"", ""start"": 1178, ""end"": 1185, ""salt_mode"": ""fragment"", ""fragment_max_positions"": null}]"
00291.7aa227e74e89bdd529a3875459d0d5a2,00291__salted__extended__cp200B__fragment.7aa227e74e89bdd529a3875459d0d5a2,extended,200B,fragment,,0,3,True,[],"[{""original_token"": ""Click"", ""salted_token"": ""C​l​i​c​k"", ""start"": 633, ""end"": 638, ""salt_mode"": ""fragment"", ""fragment_max_positions"": null}, {""original_token"": ""receive"", ""salted_token"": ""r​e​c​e​i​v​e"", ""start"": 1077, ""end"": 1084, ""salt_mode"": ""fragment"", ""fragment_max_positions"": null}, {""original_token"": ""mailings"", ""salted_token"": ""m​a​i​l​i​n​g​s"", ""start"": 1089, ""end"": 1097, ""salt_mode"": ""fragment"", ""fragment_max_positions"": null}]"
00291.7aa227e74e89bdd529a3875459d0d5a2,00291__salted__extended__cp200C__fragment.7aa227e74e89bdd529a3875459d0d5a2,extended,200C,fragment,,0,3,True,[],"[{""original_token"": ""Click"", ""salted_token"": ""C‌l‌i‌c‌k"", ""start"": 633, ""end"": 638, ""salt_mode"": ""fragment"", ""fragment_max_positions"": null}, {""original_token"": ""receive"", ""salted_token"": ""r‌e‌c‌e‌i‌v‌e"", ""start"": 1077, ""end"": 1084, ""salt_mode"": ""fragment"", ""fragment_max_positions"": null}, {""original_token"": ""mailings"", ""salted_token"": ""m‌a‌i‌l‌i‌n‌g‌s"", ""start"": 1089, ""end"": 1097, ""salt_mode"": ""fragment"", ""fragment_max_positions"": null}]"
00291.7aa227e74e89bdd529a3875459d0d5a2,00291__salted__extended__cp200D__fragment.7aa227e74e89bdd529a3875459d0d5a2,extended,200D,fragment,,0,3,True,[],"[{""original_token"": ""Click"", ""salted_token"": ""C‍l‍i‍c‍k"", ""start"": 633, ""end"": 638, ""salt_mode"": ""fragment"", ""fragment_max_positions"": null}, {""original_token"": ""receive"", ""salted_token"": ""r‍e‍c‍e‍i‍v‍e"", ""start"": 1077, ""end"": 1084, ""salt_mode"": ""fragment"", ""fragment_max_positions"": null}, {""original_token"": ""mailings"", ""salted_token"": ""m‍a‍i‍l‍i‍n‍g‍s"", ""start"": 1089, ""end"": 1097, ""salt_mode"": ""fragment"", ""fragment_max_positions"": null}]"
00291.7aa227e74e89bdd529a3875459d0d5a2,00291__salted__extended__cp00AD__fragment.7aa227e74e89bdd529a3875459d0d5a2,extended,00AD,fragment,,0,3,True,[],"[{""original_token"": ""Click"", ""salted_token"": ""C­l­i­c­k"", ""start"": 633, ""end"": 638, ""salt_mode"": ""fragment"", ""fragment_max_positions"": null}, {""original_token"": ""receive"", ""salted_token"": ""r­e­c­e­i­v­e"", ""start"": 1077, ""end"": 1084, ""salt_mode"": ""fragment"", ""fragment_max_positions"": null}, {""original_token"": ""mailings"", ""salted_token"": ""m­a­i­l­i­n­g­s"", ""start"": 1089, ""end"": 1097, ""salt_mode"": ""fragment"", ""fragment_max_positions"": null}]"
00292.dbf78a2aaa230d288eb80ab843804252,00292__salted__extended__cp200B__fragment.dbf78a2aaa230d288eb80ab843804252,extended,200B,fragment,,0,3,True,[],"[{""original_token"": ""fees"", ""salted_token"": ""f​e​e​s"", ""start"": 785, ""end"": 789, ""salt_mode"": ""fragment"", ""fragment_max_positions"": null}, {""original_token"": ""Sincerely"", ""salted_token"": ""S​i​n​c​e​r​e​l​y"", ""start"": 886, ""end"": 895, ""salt_mode"": ""fragment"", ""fragment_max_positions"": null}, {""original_token"": ""promotional"", ""salted_token"": ""p​r​o​m​o​t​i​o​n​a​l"", ""start"": 985, ""end"": 996, ""salt_mode"": ""fragment"", ""fragment_max_positions"": null}]"
00292.dbf78a2aaa230d288eb80ab843804252,00292__salted__extended__cp200C__fragment.dbf78a2aaa230d288eb80ab843804252,extended,200C,fragment,,0,3,True,[],"[{""original_token"": ""fees"", ""salted_token"": ""f‌e‌e‌s"", ""start"": 785, ""end"": 789, ""salt_mode"": ""fragment"", ""fragment_max_positions"": null}, {""original_token"": ""Sincerely"", ""salted_token"": ""S‌i‌n‌c‌e‌r‌e‌l‌y"", ""start"": 886, ""end"": 895, ""salt_mode"": ""fragment"", ""fragment_max_positions"": null}, {""original_token"": ""promotional"", ""salted_token"": ""p‌r‌o‌m‌o‌t‌i‌o‌n‌a‌l"", ""start"": 985, ""end"": 996, ""salt_mode"": ""fragment"", ""fragment_max_positions"": null}]"
00292.dbf78a2aaa230d288eb80ab843804252,00292__salted__extended__cp200D__fragment.dbf78a2aaa230d288eb80ab843804252,extended,200D,fragment,,0,3,True,[],"[{""original_token"": ""fees"", ""salted_token"": ""f‍e‍e‍s"", ""start"": 785, ""end"": 789, ""salt_mode"": ""fragment"", ""fragment_max_positions"": null}, {""original_token"": ""Sincerely"", ""salted_token"": ""S‍i‍n‍c‍e‍r‍e‍l‍y"", ""start"": 886, ""end"": 895, ""salt_mode"": ""fragment"", ""fragment_max_positions"": null}, {""original_token"": ""promotional"", ""salted_token"": ""p‍r‍o‍m‍o‍t‍i‍o‍n‍a‍l"", ""start"": 985, ""end"": 996, ""salt_mode"": ""fragment"", ""fragment_max_positions"": null}]"
00292.dbf78a2aaa230d288eb80ab843804252,00292__salted__extended__cp00AD__fragment.dbf78a2aaa230d288eb80ab843804252,extended,00AD,fragment,,0,3,True,[],"[{""original_token"": ""fees"", ""salted_token"": ""f­e­e­s"", ""start"": 785, ""end"": 789, ""salt_mode"": ""fragment"", ""fragment_max_positions"": null}, {""original_token"": ""Sincerely"", ""salted_token"": ""S­i­n­c­e­r­e­l­y"", ""start"": 886, ""end"": 895, ""salt_mode"": ""fragment"", ""fragment_max_positions"": null}, {""original_token"": ""promotional"", ""salted_token"": ""p­r­o­m­o­t­i­o­n­a­l"", ""start"": 985, ""end"": 996, ""salt_mode"": ""fragment"", ""fragment_max_positions"": null}]"
00296.85aa16f800e0aaf8755cdf23d7e035ff,00296__salted__extended__cp200B__fragment.85aa16f800e0aaf8755cdf23d7e035ff,extended,200B,fragment,,1,3,True,"[{""original_token"": ""Annuity"", ""salted_token"": ""A​n​n​u​i​t​y"", ""start"": 28, ""end"": 35, ""salt_mode"": ""fragment"", ""fragment_max_positions"": null}]","[{""original_token"": ""annuity"", ""salted_token"": ""a​n​n​u​i​t​y"", ""start"": 17, ""end"": 24, ""salt_mode"": ""fragment"", ""fragment_max_positions"": null}, {""original_token"": ""Guaranteed"", ""salted_token"": ""G​u​a​r​a​n​t​e​e​d"", ""start"": 135, ""end"": 145, ""salt_mode"": ""fragment"", ""fragment_max_positions"": null}, {""original_token"": ""receive"", ""salted_token"": ""r​e​c​e​i​v​e"", ""start"": 629, ""end"": 636, ""salt_mode"": ""fragment"", ""fragment_max_positions"": null}]"
00296.85aa16f800e0aaf8755cdf23d7e035ff,00296__salted__extended__cp200C__fragment.85aa16f800e0aaf8755cdf23d7e035ff,extended,200C,fragment,,1,3,True,"[{""original_token"": ""Annuity"", ""salted_token"": ""A‌n‌n‌u‌i‌t‌y"", ""start"": 28, ""end"": 35, ""salt_mode"": ""fragment"", ""fragment_max_positions"": null}]","[{""original_token"": ""annuity"", ""salted_token"": ""a‌n‌n‌u‌i‌t‌y"", ""start"": 17, ""end"": 24, ""salt_mode"": ""fragment"", ""fragment_max_positions"": null}, {""original_token"": ""Guaranteed"", ""salted_token"": ""G‌u‌a‌r‌a‌n‌t‌e‌e‌d"", ""start"": 135, ""end"": 145, ""salt_mode"": ""fragment"", ""fragment_max_positions"": null}, {""original_token"": ""receive"", ""salted_token"": ""r‌e‌c‌e‌i‌v‌e"", ""start"": 629, ""end"": 636, ""salt_mode"": ""fragment"", ""fragment_max_positions"": null}]"
00296.85aa16f800e0aaf8755cdf23d7e035ff,00296__salted__extended__cp200D__fragment.85aa16f800e0aaf8755cdf23d7e035ff,extended,200D,fragment,,1,3,True,"[{""original_token"": ""Annuity"", ""salted_token"": ""A‍n‍n‍u‍i‍t‍y"", ""start"": 28, ""end"": 35, ""salt_mode"": ""fragment"", ""fragment_max_positions"": null}]","[{""original_token"": ""annuity"", ""salted_token"": ""a‍n‍n‍u‍i‍t‍y"", ""start"": 17, ""end"": 24, ""salt_mode"": ""fragment"", ""fragment_max_positions"": null}, {""original_token"": ""Guaranteed"", ""salted_token"": ""G‍u‍a‍r‍a‍n‍t‍e‍e‍d"", ""start"": 135, ""end"": 145, ""salt_mode"": ""fragment"", ""fragment_max_positions"": null}, {""original_token"": ""receive"", ""salted_token"": ""r‍e‍c‍e‍i‍v‍e"", ""start"": 629, ""end"": 636, ""salt_mode"": ""fragment"", ""fragment_max_positions"": null}]"
00296.85aa16f800e0aaf8755cdf23d7e035ff,00296__salted__extended__cp00AD__fragment.85aa16f800e0aaf8755cdf23d7e035ff,extended,00AD,fragment,,1,3,True,"[{""original_token"": ""Annuity"", ""salted_token"": ""A­n­n­u­i­t­y"", ""start"": 28, ""end"": 35, ""salt_mode"": ""fragment"", ""fragment_max_positions"": null}]","[{""original_token"": ""annuity"", ""salted_token"": ""a­n­n­u­i­t­y"", ""start"": 17, ""end"": 24, ""salt_mode"": ""fragment"", ""fragment_max_positions"": null}, {""original_token"": ""Guaranteed"", ""salted_token"": ""G­u­a­r­a­n­t­e­e­d"", ""start"": 135, ""end"": 145, ""salt_mode"": ""fragment"", ""fragment_max_positions"": null}, {""original_token"": ""receive"", ""salted_token"": ""r­e­c­e­i­v­e"", ""start"": 629, ""end"": 636, ""salt_mode"": ""fragment"", ""fragment_max_positions"": null}]"
00302.7f695c69d4cbe06e91cddd2ca7cddf33,00302__salted__extended__cp200B__fragment.7f695c69d4cbe06e91cddd2ca7cddf33,extended,200B,fragment,,0,3,True,[],"[{""original_token"": ""Guaranteed"", ""salted_token"": ""G​u​a​r​a​n​t​e​e​d"", ""start"": 0, ""end"": 10, ""salt_mode"": ""fragment"", ""fragment_max_positions"": null}, {""original_token"": ""herbal"", ""salted_token"": ""h​e​r​b​a​l"", ""start"": 89, ""end"": 95, ""salt_mode"": ""fragment"", ""fragment_max_positions"": null}, {""original_token"": ""Click"", ""salted_token"": ""C​l​i​c​k"", ""start"": 219, ""end"": 224, ""salt_mode"": ""fragment"", ""fragment_max_positions"": null}]"
00302.7f695c69d4cbe06e91cddd2ca7cddf33,00302__salted__extended__cp200C__fragment.7f695c69d4cbe06e91cddd2ca7cddf33,extended,200C,fragment,,0,3,True,[],"[{""original_token"": ""Guaranteed"", ""salted_token"": ""G‌u‌a‌r‌a‌n‌t‌e‌e‌d"", ""start"": 0, ""end"": 10, ""salt_mode"": ""fragment"", ""fragment_max_positions"": null}, {""original_token"": ""herbal"", ""salted_token"": ""h‌e‌r‌b‌a‌l"", ""start"": 89, ""end"": 95, ""salt_mode"": ""fragment"", ""fragment_max_positions"": null}, {""original_token"": ""Click"", ""salted_token"": ""C‌l‌i‌c‌k"", ""start"": 219, ""end"": 224, ""salt_mode"": ""fragment"", ""fragment_max_positions"": null}]"
00302.7f695c69d4cbe06e91cddd2ca7cddf33,00302__salted__extended__cp200D__fragment.7f695c69d4cbe06e91cddd2ca7cddf33,extended,200D,fragment,,0,3,True,[],"[{""original_token"": ""Guaranteed"", ""salted_token"": ""G‍u‍a‍r‍a‍n‍t‍e‍e‍d"", ""start"": 0, ""end"": 10, ""salt_mode"": ""fragment"", ""fragment_max_positions"": null}, {""original_token"": ""herbal"", ""salted_token"": ""h‍e‍r‍b‍a‍l"", ""start"": 89, ""end"": 95, ""salt_mode"": ""fragment"", ""fragment_max_positions"": null}, {""original_token"": ""Click"", ""salted_token"": ""C‍l‍i‍c‍k"", ""start"": 219, ""end"": 224, ""salt_mode"": ""fragment"", ""fragment_max_positions"": null}]"
00302.7f695c69d4cbe06e91cddd2ca7cddf33,00302__salted__extended__cp00AD__fragment.7f695c69d4cbe06e91cddd2ca7cddf33,extended,00AD,fragment,,0,3,True,[],"[{""original_token"": ""Guaranteed"", ""salted_token"": ""G­u­a­r­a­n­t­e­e­d"", ""start"": 0, ""end"": 10, ""salt_mode"": ""fragment"", ""fragment_max_positions"": null}, {""original_token"": ""herbal"", ""salted_token"": ""h­e­r­b­a­l"", ""start"": 89, ""end"": 95, ""salt_mode"": ""fragment"", ""fragment_max_positions"": null}, {""original_token"": ""Click"", ""salted_token"": ""C­l­i­c­k"", ""start"": 219, ""end"": 224, ""salt_mode"": ""fragment"", ""fragment_max_positions"": null}]"
00303.22239f1393297a691eb5df3dfe7a5001,00303__salted__extended__cp200B__fragment.22239f1393297a691eb5df3dfe7a5001,extended,200B,fragment,,0,1,True,[],"[{""original_token"": ""compliance"", ""salted_token"": ""c​o​m​p​l​i​a​n​c​e"", ""start"": 765, ""end"": 775, ""salt_mode"": ""fragment"", ""fragment_max_positions"": null}]"
00303.22239f1393297a691eb5df3dfe7a5001,00303__salted__extended__cp200C__fragment.22239f1393297a691eb5df3dfe7a5001,extended,200C,fragment,,0,1,True,[],"[{""original_token"": ""compliance"", ""salted_token"": ""c‌o‌m‌p‌l‌i‌a‌n‌c‌e"", ""start"": 765, ""end"": 775, ""salt_mode"": ""fragment"", ""fragment_max_positions"": null}]"
00303.22239f1393297a691eb5df3dfe7a5001,00303__salted__extended__cp200D__fragment.22239f1393297a691eb5df3dfe7a5001,extended,200D,fragment,,0,1,True,[],"[{""original_token"": ""compliance"", ""salted_token"": ""c‍o‍m‍p‍l‍i‍a‍n‍c‍e"", ""start"": 765, ""end"": 775, ""salt_mode"": ""fragment"", ""fragment_max_positions"": null}]"
00303.22239f1393297a691eb5df3dfe7a5001,00303__salted__extended__cp00AD__fragment.22239f1393297a691eb5df3dfe7a5001,extended,00AD,fragment,,0,1,True,[],"[{""original_token"": ""compliance"", ""salted_token"": ""c­o­m­p­l­i­a­n­c­e"", ""start"": 765, ""end"": 775, ""salt_mode"": ""fragment"", ""fragment_max_positions"": null}]"
00305.1f2a712e25638b0a4868155b37022cf1,00305__salted__extended__cp200B__fragment.1f2a712e25638b0a4868155b37022cf1,extended,200B,fragment,,1,0,False,"[{""original_token"": ""HGH"", ""salted_token"": ""H​G​H"", ""start"": 21, ""end"": 24, ""salt_mode"": ""fragment"", ""fragment_max_positions"": null}]",[]
00305.1f2a712e25638b0a4868155b37022cf1,00305__salted__extended__cp200C__fragment.1f2a712e25638b0a4868155b37022cf1,extended,200C,fragment,,1,0,False,"[{""original_token"": ""HGH"", ""salted_token"": ""H‌G‌H"", ""start"": 21, ""end"": 24, ""salt_mode"": ""fragment"", ""fragment_max_positions"": null}]",[]
00305.1f2a712e25638b0a4868155b37022cf1,00305__salted__extended__cp200D__fragment.1f2a712e25638b0a4868155b37022cf1,extended,200D,fragment,,1,0,False,"[{""original_token"": ""HGH"", ""salted_token"": ""H‍G‍H"", ""start"": 21, ""end"": 24, ""salt_mode"": ""fragment"", ""fragment_max_positions"": null}]",[]
00305.1f2a712e25638b0a4868155b37022cf1,00305__salted__extended__cp00AD__fragment.1f2a712e25638b0a4868155b37022cf1,extended,00AD,fragment,,1,0,False,"[{""original_token"": ""HGH"", ""salted_token"": ""H­G­H"", ""start"": 21, ""end"": 24, ""salt_mode"": ""fragment"", ""fragment_max_positions"": null}]",[]
00305.f80c21904d6d4f6facd036450a588b0d,00305__salted__extended__cp200B__fragment.f80c21904d6d4f6facd036450a588b0d,extended,200B,fragment,,0,3,True,[],"[{""original_token"": ""guaranteed"", ""salted_token"": ""g​u​a​r​a​n​t​e​e​d"", ""start"": 362, ""end"": 372, ""salt_mode"": ""fragment"", ""fragment_max_positions"": null}, {""original_token"": ""receive"", ""salted_token"": ""r​e​c​e​i​v​e"", ""start"": 445, ""end"": 452, ""salt_mode"": ""fragment"", ""fragment_max_positions"": null}, {""original_token"": ""receive"", ""salted_token"": ""r​e​c​e​i​v​e"", ""start"": 612, ""end"": 619, ""salt_mode"": ""fragment"", ""fragment_max_positions"": null}]"
00305.f80c21904d6d4f6facd036450a588b0d,00305__salted__extended__cp200C__fragment.f80c21904d6d4f6facd036450a588b0d,extended,200C,fragment,,0,3,True,[],"[{""original_token"": ""guaranteed"", ""salted_token"": ""g‌u‌a‌r‌a‌n‌t‌e‌e‌d"", ""start"": 362, ""end"": 372, ""salt_mode"": ""fragment"", ""fragment_max_positions"": null}, {""original_token"": ""receive"", ""salted_token"": ""r‌e‌c‌e‌i‌v‌e"", ""start"": 445, ""end"": 452, ""salt_mode"": ""fragment"", ""fragment_max_positions"": null}, {""original_token"": ""receive"", ""salted_token"": ""r‌e‌c‌e‌i‌v‌e"", ""start"": 612, ""end"": 619, ""salt_mode"": ""fragment"", ""fragment_max_positions"": null}]"
00305.f80c21904d6d4f6facd036450a588b0d,00305__salted__extended__cp200D__fragment.f80c21904d6d4f6facd036450a588b0d,extended,200D,fragment,,0,3,True,[],"[{""original_token"": ""guaranteed"", ""salted_token"": ""g‍u‍a‍r‍a‍n‍t‍e‍e‍d"", ""start"": 362, ""end"": 372, ""salt_mode"": ""fragment"", ""fragment_max_positions"": null}, {""original_token"": ""receive"", ""salted_token"": ""r‍e‍c‍e‍i‍v‍e"", ""start"": 445, ""end"": 452, ""salt_mode"": ""fragment"", ""fragment_max_positions"": null}, {""original_token"": ""receive"", ""salted_token"": ""r‍e‍c‍e‍i‍v‍e"", ""start"": 612, ""end"": 619, ""salt_mode"": ""fragment"", ""fragment_max_positions"": null}]"
00305.f80c21904d6d4f6facd036450a588b0d,00305__salted__extended__cp00AD__fragment.f80c21904d6d4f6facd036450a588b0d,extended,00AD,fragment,,0,3,True,[],"[{""original_token"": ""guaranteed"", ""salted_token"": ""g­u­a­r­a­n­t­e­e­d"", ""start"": 362, ""end"": 372, ""salt_mode"": ""fragment"", ""fragment_max_positions"": null}, {""original_token"": ""receive"", ""salted_token"": ""r­e­c­e­i­v­e"", ""start"": 445, ""end"": 452, ""salt_mode"": ""fragment"", ""fragment_max_positions"": null}, {""original_token"": ""receive"", ""salted_token"": ""r­e­c­e­i­v­e"", ""start"": 612, ""end"": 619, ""salt_mode"": ""fragment"", ""fragment_max_positions"": null}]"
00308.fc90f8aab51648329b9e705c9021b204,00308__salted__extended__cp200B__fragment.fc90f8aab51648329b9e705c9021b204,extended,200B,fragment,,0,3,True,[],"[{""original_token"": ""premium"", ""salted_token"": ""p​r​e​m​i​u​m"", ""start"": 173, ""end"": 180, ""salt_mode"": ""fragment"", ""fragment_max_positions"": null}, {""original_token"": ""receive"", ""salted_token"": ""r​e​c​e​i​v​e"", ""start"": 775, ""end"": 782, ""salt_mode"": ""fragment"", ""fragment_max_positions"": null}, {""original_token"": ""mailings"", ""salted_token"": ""m​a​i​l​i​n​g​s"", ""start"": 787, ""end"": 795, ""salt_mode"": ""fragment"", ""fragment_max_positions"": null}]"
00308.fc90f8aab51648329b9e705c9021b204,00308__salted__extended__cp200C__fragment.fc90f8aab51648329b9e705c9021b204,extended,200C,fragment,,0,3,True,[],"[{""original_token"": ""premium"", ""salted_token"": ""p‌r‌e‌m‌i‌u‌m"", ""start"": 173, ""end"": 180, ""salt_mode"": ""fragment"", ""fragment_max_positions"": null}, {""original_token"": ""receive"", ""salted_token"": ""r‌e‌c‌e‌i‌v‌e"", ""start"": 775, ""end"": 782, ""salt_mode"": ""fragment"", ""fragment_max_positions"": null}, {""original_token"": ""mailings"", ""salted_token"": ""m‌a‌i‌l‌i‌n‌g‌s"", ""start"": 787, ""end"": 795, ""salt_mode"": ""fragment"", ""fragment_max_positions"": null}]"
00308.fc90f8aab51648329b9e705c9021b204,00308__salted__extended__cp200D__fragment.fc90f8aab51648329b9e705c9021b204,extended,200D,fragment,,0,3,True,[],"[{""original_token"": ""premium"", ""salted_token"": ""p‍r‍e‍m‍i‍u‍m"", ""start"": 173, ""end"": 180, ""salt_mode"": ""fragment"", ""fragment_max_positions"": null}, {""original_token"": ""receive"", ""salted_token"": ""r‍e‍c‍e‍i‍v‍e"", ""start"": 775, ""end"": 782, ""salt_mode"": ""fragment"", ""fragment_max_positions"": null}, {""original_token"": ""mailings"", ""salted_token"": ""m‍a‍i‍l‍i‍n‍g‍s"", ""start"": 787, ""end"": 795, ""salt_mode"": ""fragment"", ""fragment_max_positions"": null}]"
00308.fc90f8aab51648329b9e705c9021b204,00308__salted__extended__cp00AD__fragment.fc90f8aab51648329b9e705c9021b204,extended,00AD,fragment,,0,3,True,[],"[{""original_token"": ""premium"", ""salted_token"": ""p­r­e­m­i­u­m"", ""start"": 173, ""end"": 180, ""salt_mode"": ""fragment"", ""fragment_max_positions"": null}, {""original_token"": ""receive"", ""salted_token"": ""r­e­c­e­i­v­e"", ""start"": 775, ""end"": 782, ""salt_mode"": ""fragment"", ""fragment_max_positions"": null}, {""original_token"": ""mailings"", ""salted_token"": ""m­a­i­l­i­n­g­s"", ""start"": 787, ""end"": 795, ""salt_mode"": ""fragment"", ""fragment_max_positions"": null}]"
00312.5034fee7d265abd7a4194e9300de24bf,00312__salted__extended__cp200B__fragment.5034fee7d265abd7a4194e9300de24bf,extended,200B,fragment,,1,0,False,"[{""original_token"": ""HGH"", ""salted_token"": ""H​G​H"", ""start"": 0, ""end"": 3, ""salt_mode"": ""fragment"", ""fragment_max_positions"": null}]",[]
00312.5034fee7d265abd7a4194e9300de24bf,00312__salted__extended__cp200C__fragment.5034fee7d265abd7a4194e9300de24bf,extended,200C,fragment,,1,0,False,"[{""original_token"": ""HGH"", ""salted_token"": ""H‌G‌H"", ""start"": 0, ""end"": 3, ""salt_mode"": ""fragment"", ""fragment_max_positions"": null}]",[]
00312.5034fee7d265abd7a4194e9300de24bf,00312__salted__extended__cp200D__fragment.5034fee7d265abd7a4194e9300de24bf,extended,200D,fragment,,1,0,False,"[{""original_token"": ""HGH"", ""salted_token"": ""H‍G‍H"", ""start"": 0, ""end"": 3, ""salt_mode"": ""fragment"", ""fragment_max_positions"": null}]",[]
00312.5034fee7d265abd7a4194e9300de24bf,00312__salted__extended__cp00AD__fragment.5034fee7d265abd7a4194e9300de24bf,extended,00AD,fragment,,1,0,False,"[{""original_token"": ""HGH"", ""salted_token"": ""H­G­H"", ""start"": 0, ""end"": 3, ""salt_mode"": ""fragment"", ""fragment_max_positions"": null}]",[]
00319.a99dff9c010e00ec182ed5701556d330,00319__salted__extended__cp200B__fragment.a99dff9c010e00ec182ed5701556d330,extended,200B,fragment,,0,2,True,[],"[{""original_token"": ""dare"", ""salted_token"": ""d​a​r​e"", ""start"": 7179, ""end"": 7183, ""salt_mode"": ""fragment"", ""fragment_max_positions"": null}, {""original_token"": ""dear"", ""salted_token"": ""d​e​a​r"", ""start"": 7330, ""end"": 7334, ""salt_mode"": ""fragment"", ""fragment_max_positions"": null}]"
00319.a99dff9c010e00ec182ed5701556d330,00319__salted__extended__cp200C__fragment.a99dff9c010e00ec182ed5701556d330,extended,200C,fragment,,0,2,True,[],"[{""original_token"": ""dare"", ""salted_token"": ""d‌a‌r‌e"", ""start"": 7179, ""end"": 7183, ""salt_mode"": ""fragment"", ""fragment_max_positions"": null}, {""original_token"": ""dear"", ""salted_token"": ""d‌e‌a‌r"", ""start"": 7330, ""end"": 7334, ""salt_mode"": ""fragment"", ""fragment_max_positions"": null}]"
00319.a99dff9c010e00ec182ed5701556d330,00319__salted__extended__cp200D__fragment.a99dff9c010e00ec182ed5701556d330,extended,200D,fragment,,0,2,True,[],"[{""original_token"": ""dare"", ""salted_token"": ""d‍a‍r‍e"", ""start"": 7179, ""end"": 7183, ""salt_mode"": ""fragment"", ""fragment_max_positions"": null}, {""original_token"": ""dear"", ""salted_token"": ""d‍e‍a‍r"", ""start"": 7330, ""end"": 7334, ""salt_mode"": ""fragment"", ""fragment_max_positions"": null}]"
00319.a99dff9c010e00ec182ed5701556d330,00319__salted__extended__cp00AD__fragment.a99dff9c010e00ec182ed5701556d330,extended,00AD,fragment,,0,2,True,[],"[{""original_token"": ""dare"", ""salted_token"": ""d­a­r­e"", ""start"": 7179, ""end"": 7183, ""salt_mode"": ""fragment"", ""fragment_max_positions"": null}, {""original_token"": ""dear"", ""salted_token"": ""d­e­a­r"", ""start"": 7330, ""end"": 7334, ""salt_mode"": ""fragment"", ""fragment_max_positions"": null}]"
00337.813498483bc80a24c002e6e7e8e0f2cb,00337__salted__extended__cp200B__fragment.813498483bc80a24c002e6e7e8e0f2cb,extended,200B,fragment,,0,3,True,[],"[{""original_token"": ""invest"", ""salted_token"": ""i​n​v​e​s​t"", ""start"": 511, ""end"": 517, ""salt_mode"": ""fragment"", ""fragment_max_positions"": null}, {""original_token"": ""loan"", ""salted_token"": ""l​o​a​n"", ""start"": 635, ""end"": 639, ""salt_mode"": ""fragment"", ""fragment_max_positions"": null}, {""original_token"": ""qualified"", ""salted_token"": ""q​u​a​l​i​f​i​e​d"", ""start"": 717, ""end"": 726, ""salt_mode"": ""fragment"", ""fragment_max_positions"": null}]"
00337.813498483bc80a24c002e6e7e8e0f2cb,00337__salted__extended__cp200C__fragment.813498483bc80a24c002e6e7e8e0f2cb,extended,200C,fragment,,0,3,True,[],"[{""original_token"": ""invest"", ""salted_token"": ""i‌n‌v‌e‌s‌t"", ""start"": 511, ""end"": 517, ""salt_mode"": ""fragment"", ""fragment_max_positions"": null}, {""original_token"": ""loan"", ""salted_token"": ""l‌o‌a‌n"", ""start"": 635, ""end"": 639, ""salt_mode"": ""fragment"", ""fragment_max_positions"": null}, {""original_token"": ""qualified"", ""salted_token"": ""q‌u‌a‌l‌i‌f‌i‌e‌d"", ""start"": 717, ""end"": 726, ""salt_mode"": ""fragment"", ""fragment_max_positions"": null}]"
00337.813498483bc80a24c002e6e7e8e0f2cb,00337__salted__extended__cp200D__fragment.813498483bc80a24c002e6e7e8e0f2cb,extended,200D,fragment,,0,3,True,[],"[{""original_token"": ""invest"", ""salted_token"": ""i‍n‍v‍e‍s‍t"", ""start"": 511, ""end"": 517, ""salt_mode"": ""fragment"", ""fragment_max_positions"": null}, {""original_token"": ""loan"", ""salted_token"": ""l‍o‍a‍n"", ""start"": 635, ""end"": 639, ""salt_mode"": ""fragment"", ""fragment_max_positions"": null}, {""original_token"": ""qualified"", ""salted_token"": ""q‍u‍a‍l‍i‍f‍i‍e‍d"", ""start"": 717, ""end"": 726, ""salt_mode"": ""fragment"", ""fragment_max_positions"": null}]"
00337.813498483bc80a24c002e6e7e8e0f2cb,00337__salted__extended__cp00AD__fragment.813498483bc80a24c002e6e7e8e0f2cb,extended,00AD,fragment,,0,3,True,[],"[{""original_token"": ""invest"", ""salted_token"": ""i­n­v­e­s­t"", ""start"": 511, ""end"": 517, ""salt_mode"": ""fragment"", ""fragment_max_positions"": null}, {""original_token"": ""loan"", ""salted_token"": ""l­o­a­n"", ""start"": 635, ""end"": 639, ""salt_mode"": ""fragment"", ""fragment_max_positions"": null}, {""original_token"": ""qualified"", ""salted_token"": ""q­u­a­l­i­f­i­e­d"", ""start"": 717, ""end"": 726, ""salt_mode"": ""fragment"", ""fragment_max_positions"": null}]"
00344.17882edad13c2c761e6d8d99eef5a346,00344__salted__extended__cp200B__fragment.17882edad13c2c761e6d8d99eef5a346,extended,200B,fragment,,0,3,True,[],"[{""original_token"": ""Purchase"", ""salted_token"": ""P​u​r​c​h​a​s​e"", ""start"": 645, ""end"": 653, ""salt_mode"": ""fragment"", ""fragment_max_positions"": null}, {""original_token"": ""Click"", ""salted_token"": ""C​l​i​c​k"", ""start"": 662, ""end"": 667, ""salt_mode"": ""fragment"", ""fragment_max_positions"": null}, {""original_token"": ""receive"", ""salted_token"": ""r​e​c​e​i​v​e"", ""start"": 732, ""end"": 739, ""salt_mode"": ""fragment"", ""fragment_max_positions"": null}]"
00344.17882edad13c2c761e6d8d99eef5a346,00344__salted__extended__cp200C__fragment.17882edad13c2c761e6d8d99eef5a346,extended,200C,fragment,,0,3,True,[],"[{""original_token"": ""Purchase"", ""salted_token"": ""P‌u‌r‌c‌h‌a‌s‌e"", ""start"": 645, ""end"": 653, ""salt_mode"": ""fragment"", ""fragment_max_positions"": null}, {""original_token"": ""Click"", ""salted_token"": ""C‌l‌i‌c‌k"", ""start"": 662, ""end"": 667, ""salt_mode"": ""fragment"", ""fragment_max_positions"": null}, {""original_token"": ""receive"", ""salted_token"": ""r‌e‌c‌e‌i‌v‌e"", ""start"": 732, ""end"": 739, ""salt_mode"": ""fragment"", ""fragment_max_positions"": null}]"
00344.17882edad13c2c761e6d8d99eef5a346,00344__salted__extended__cp200D__fragment.17882edad13c2c761e6d8d99eef5a346,extended,200D,fragment,,0,3,True,[],"[{""original_token"": ""Purchase"", ""salted_token"": ""P‍u‍r‍c‍h‍a‍s‍e"", ""start"": 645, ""end"": 653, ""salt_mode"": ""fragment"", ""fragment_max_positions"": null}, {""original_token"": ""Click"", ""salted_token"": ""C‍l‍i‍c‍k"", ""start"": 662, ""end"": 667, ""salt_mode"": ""fragment"", ""fragment_max_positions"": null}, {""original_token"": ""receive"", ""salted_token"": ""r‍e‍c‍e‍i‍v‍e"", ""start"": 732, ""end"": 739, ""salt_mode"": ""fragment"", ""fragment_max_positions"": null}]"
00344.17882edad13c2c761e6d8d99eef5a346,00344__salted__extended__cp00AD__fragment.17882edad13c2c761e6d8d99eef5a346,extended,00AD,fragment,,0,3,True,[],"[{""original_token"": ""Purchase"", ""salted_token"": ""P­u­r­c­h­a­s­e"", ""start"": 645, ""end"": 653, ""salt_mode"": ""fragment"", ""fragment_max_positions"": null}, {""original_token"": ""Click"", ""salted_token"": ""C­l­i­c­k"", ""start"": 662, ""end"": 667, ""salt_mode"": ""fragment"", ""fragment_max_positions"": null}, {""original_token"": ""receive"", ""salted_token"": ""r­e­c­e­i­v­e"", ""start"": 732, ""end"": 739, ""salt_mode"": ""fragment"", ""fragment_max_positions"": null}]"
00344.e6463530b23a12554d2e6f0e08ae10a7,00344__salted__extended__cp200B__fragment.e6463530b23a12554d2e6f0e08ae10a7,extended,200B,fragment,,0,1,True,[],"[{""original_token"": ""TOLL"", ""salted_token"": ""T​O​L​L"", ""start"": 464, ""end"": 468, ""salt_mode"": ""fragment"", ""fragment_max_positions"": null}]"
00344.e6463530b23a12554d2e6f0e08ae10a7,00344__salted__extended__cp200C__fragment.e6463530b23a12554d2e6f0e08ae10a7,extended,200C,fragment,,0,1,True,[],"[{""original_token"": ""TOLL"", ""salted_token"": ""T‌O‌L‌L"", ""start"": 464, ""end"": 468, ""salt_mode"": ""fragment"", ""fragment_max_positions"": null}]"
00344.e6463530b23a12554d2e6f0e08ae10a7,00344__salted__extended__cp200D__fragment.e6463530b23a12554d2e6f0e08ae10a7,extended,200D,fragment,,0,1,True,[],"[{""original_token"": ""TOLL"", ""salted_token"": ""T‍O‍L‍L"", ""start"": 464, ""end"": 468, ""salt_mode"": ""fragment"", ""fragment_max_positions"": null}]"
00344.e6463530b23a12554d2e6f0e08ae10a7,00344__salted__extended__cp00AD__fragment.e6463530b23a12554d2e6f0e08ae10a7,extended,00AD,fragment,,0,1,True,[],"[{""original_token"": ""TOLL"", ""salted_token"": ""T­O­L­L"", ""start"": 464, ""end"": 468, ""salt_mode"": ""fragment"", ""fragment_max_positions"": null}]"
00345.613b3c2aeac033eebb379c91b8ce9fba,00345__salted__extended__cp200B__fragment.613b3c2aeac033eebb379c91b8ce9fba,extended,200B,fragment,,1,0,False,"[{""original_token"": ""Monthly"", ""salted_token"": ""M​o​n​t​h​l​y"", ""start"": 50, ""end"": 57, ""salt_mode"": ""fragment"", ""fragment_max_positions"": null}]",[]
00345.613b3c2aeac033eebb379c91b8ce9fba,00345__salted__extended__cp200C__fragment.613b3c2aeac033eebb379c91b8ce9fba,extended,200C,fragment,,1,0,False,"[{""original_token"": ""Monthly"", ""salted_token"": ""M‌o‌n‌t‌h‌l‌y"", ""start"": 50, ""end"": 57, ""salt_mode"": ""fragment"", ""fragment_max_positions"": null}]",[]
00345.613b3c2aeac033eebb379c91b8ce9fba,00345__salted__extended__cp200D__fragment.613b3c2aeac033eebb379c91b8ce9fba,extended,200D,fragment,,1,0,False,"[{""original_token"": ""Monthly"", ""salted_token"": ""M‍o‍n‍t‍h‍l‍y"", ""start"": 50, ""end"": 57, ""salt_mode"": ""fragment"", ""fragment_max_positions"": null}]",[]
00345.613b3c2aeac033eebb379c91b8ce9fba,00345__salted__extended__cp00AD__fragment.613b3c2aeac033eebb379c91b8ce9fba,extended,00AD,fragment,,1,0,False,"[{""original_token"": ""Monthly"", ""salted_token"": ""M­o­n­t­h­l­y"", ""start"": 50, ""end"": 57, ""salt_mode"": ""fragment"", ""fragment_max_positions"": null}]",[]
00346.d93a823fb3350a5da8f0c612ce1156cd,00346__salted__extended__cp200B__fragment.d93a823fb3350a5da8f0c612ce1156cd,extended,200B,fragment,,0,3,True,[],"[{""original_token"": ""Dear"", ""salted_token"": ""D​e​a​r"", ""start"": 42, ""end"": 46, ""salt_mode"": ""fragment"", ""fragment_max_positions"": null}, {""original_token"": ""Sir"", ""salted_token"": ""S​i​r"", ""start"": 47, ""end"": 50, ""salt_mode"": ""fragment"", ""fragment_max_positions"": null}, {""original_token"": ""deposit"", ""salted_token"": ""d​e​p​o​s​i​t"", ""start"": 1387, ""end"": 1394, ""salt_mode"": ""fragment"", ""fragment_max_positions"": null}]"
00346.d93a823fb3350a5da8f0c612ce1156cd,00346__salted__extended__cp200C__fragment.d93a823fb3350a5da8f0c612ce1156cd,extended,200C,fragment,,0,3,True,[],"[{""original_token"": ""Dear"", ""salted_token"": ""D‌e‌a‌r"", ""start"": 42, ""end"": 46, ""salt_mode"": ""fragment"", ""fragment_max_positions"": null}, {""original_token"": ""Sir"", ""salted_token"": ""S‌i‌r"", ""start"": 47, ""end"": 50, ""salt_mode"": ""fragment"", ""fragment_max_positions"": null}, {""original_token"": ""deposit"", ""salted_token"": ""d‌e‌p‌o‌s‌i‌t"", ""start"": 1387, ""end"": 1394, ""salt_mode"": ""fragment"", ""fragment_max_positions"": null}]"
00346.d93a823fb3350a5da8f0c612ce1156cd,00346__salted__extended__cp200D__fragment.d93a823fb3350a5da8f0c612ce1156cd,extended,200D,fragment,,0,3,True,[],"[{""original_token"": ""Dear"", ""salted_token"": ""D‍e‍a‍r"", ""start"": 42, ""end"": 46, ""salt_mode"": ""fragment"", ""fragment_max_positions"": null}, {""original_token"": ""Sir"", ""salted_token"": ""S‍i‍r"", ""start"": 47, ""end"": 50, ""salt_mode"": ""fragment"", ""fragment_max_positions"": null}, {""original_token"": ""deposit"", ""salted_token"": ""d‍e‍p‍o‍s‍i‍t"", ""start"": 1387, ""end"": 1394, ""salt_mode"": ""fragment"", ""fragment_max_positions"": null}]"
00346.d93a823fb3350a5da8f0c612ce1156cd,00346__salted__extended__cp00AD__fragment.d93a823fb3350a5da8f0c612ce1156cd,extended,00AD,fragment,,0,3,True,[],"[{""original_token"": ""Dear"", ""salted_token"": ""D­e­a­r"", ""start"": 42, ""end"": 46, ""salt_mode"": ""fragment"", ""fragment_max_positions"": null}, {""original_token"": ""Sir"", ""salted_token"": ""S­i­r"", ""start"": 47, ""end"": 50, ""salt_mode"": ""fragment"", ""fragment_max_positions"": null}, {""original_token"": ""deposit"", ""salted_token"": ""d­e­p­o­s­i­t"", ""start"": 1387, ""end"": 1394, ""salt_mode"": ""fragment"", ""fragment_max_positions"": null}]"
00354.dca4b8984863a76ffd01a33888498288,00354__salted__extended__cp200B__fragment.dca4b8984863a76ffd01a33888498288,extended,200B,fragment,,0,3,True,[],"[{""original_token"": ""Click"", ""salted_token"": ""C​l​i​c​k"", ""start"": 1593, ""end"": 1598, ""salt_mode"": ""fragment"", ""fragment_max_positions"": null}, {""original_token"": ""Removal"", ""salted_token"": ""R​e​m​o​v​a​l"", ""start"": 3186, ""end"": 3193, ""salt_mode"": ""fragment"", ""fragment_max_positions"": null}, {""original_token"": ""advertisement"", ""salted_token"": ""a​d​v​e​r​t​i​s​e​m​e​n​t"", ""start"": 3231, ""end"": 3244, ""salt_mode"": ""fragment"", ""fragment_max_positions"": null}]"
00354.dca4b8984863a76ffd01a33888498288,00354__salted__extended__cp200C__fragment.dca4b8984863a76ffd01a33888498288,extended,200C,fragment,,0,3,True,[],"[{""original_token"": ""Click"", ""salted_token"": ""C‌l‌i‌c‌k"", ""start"": 1593, ""end"": 1598, ""salt_mode"": ""fragment"", ""fragment_max_positions"": null}, {""original_token"": ""Removal"", ""salted_token"": ""R‌e‌m‌o‌v‌a‌l"", ""start"": 3186, ""end"": 3193, ""salt_mode"": ""fragment"", ""fragment_max_positions"": null}, {""original_token"": ""advertisement"", ""salted_token"": ""a‌d‌v‌e‌r‌t‌i‌s‌e‌m‌e‌n‌t"", ""start"": 3231, ""end"": 3244, ""salt_mode"": ""fragment"", ""fragment_max_positions"": null}]"
00354.dca4b8984863a76ffd01a33888498288,00354__salted__extended__cp200D__fragment.dca4b8984863a76ffd01a33888498288,extended,200D,fragment,,0,3,True,[],"[{""original_token"": ""Click"", ""salted_token"": ""C‍l‍i‍c‍k"", ""start"": 1593, ""end"": 1598, ""salt_mode"": ""fragment"", ""fragment_max_positions"": null}, {""original_token"": ""Removal"", ""salted_token"": ""R‍e‍m‍o‍v‍a‍l"", ""start"": 3186, ""end"": 3193, ""salt_mode"": ""fragment"", ""fragment_max_positions"": null}, {""original_token"": ""advertisement"", ""salted_token"": ""a‍d‍v‍e‍r‍t‍i‍s‍e‍m‍e‍n‍t"", ""start"": 3231, ""end"": 3244, ""salt_mode"": ""fragment"", ""fragment_max_positions"": null}]"
00354.dca4b8984863a76ffd01a33888498288,00354__salted__extended__cp00AD__fragment.dca4b8984863a76ffd01a33888498288,extended,00AD,fragment,,0,3,True,[],"[{""original_token"": ""Click"", ""salted_token"": ""C­l­i­c­k"", ""start"": 1593, ""end"": 1598, ""salt_mode"": ""fragment"", ""fragment_max_positions"": null}, {""original_token"": ""Removal"", ""salted_token"": ""R­e­m­o­v­a­l"", ""start"": 3186, ""end"": 3193, ""salt_mode"": ""fragment"", ""fragment_max_positions"": null}, {""original_token"": ""advertisement"", ""salted_token"": ""a­d­v­e­r­t­i­s­e­m­e­n­t"", ""start"": 3231, ""end"": 3244, ""salt_mode"": ""fragment"", ""fragment_max_positions"": null}]"
00356.ea7eb32330fa6bf65270023c0d99e2c5,00356__salted__extended__cp200B__fragment.ea7eb32330fa6bf65270023c0d99e2c5,extended,200B,fragment,,0,3,True,[],"[{""original_token"": ""SystemWorks"", ""salted_token"": ""S​y​s​t​e​m​W​o​r​k​s"", ""start"": 254, ""end"": 265, ""salt_mode"": ""fragment"", ""fragment_max_positions"": null}, {""original_token"": ""WHOLESALE"", ""salted_token"": ""W​H​O​L​E​S​A​L​E"", ""start"": 1082, ""end"": 1091, ""salt_mode"": ""fragment"", ""fragment_max_positions"": null}, {""original_token"": ""CLICK"", ""salted_token"": ""C​L​I​C​K"", ""start"": 1437, ""end"": 1442, ""salt_mode"": ""fragment"", ""fragment_max_positions"": null}]"
00356.ea7eb32330fa6bf65270023c0d99e2c5,00356__salted__extended__cp200C__fragment.ea7eb32330fa6bf65270023c0d99e2c5,extended,200C,fragment,,0,3,True,[],"[{""original_token"": ""SystemWorks"", ""salted_token"": ""S‌y‌s‌t‌e‌m‌W‌o‌r‌k‌s"", ""start"": 254, ""end"": 265, ""salt_mode"": ""fragment"", ""fragment_max_positions"": null}, {""original_token"": ""WHOLESALE"", ""salted_token"": ""W‌H‌O‌L‌E‌S‌A‌L‌E"", ""start"": 1082, ""end"": 1091, ""salt_mode"": ""fragment"", ""fragment_max_positions"": null}, {""original_token"": ""CLICK"", ""salted_token"": ""C‌L‌I‌C‌K"", ""start"": 1437, ""end"": 1442, ""salt_mode"": ""fragment"", ""fragment_max_positions"": null}]"
00356.ea7eb32330fa6bf65270023c0d99e2c5,00356__salted__extended__cp200D__fragment.ea7eb32330fa6bf65270023c0d99e2c5,extended,200D,fragment,,0,3,True,[],"[{""original_token"": ""SystemWorks"", ""salted_token"": ""S‍y‍s‍t‍e‍m‍W‍o‍r‍k‍s"", ""start"": 254, ""end"": 265, ""salt_mode"": ""fragment"", ""fragment_max_positions"": null}, {""original_token"": ""WHOLESALE"", ""salted_token"": ""W‍H‍O‍L‍E‍S‍A‍L‍E"", ""start"": 1082, ""end"": 1091, ""salt_mode"": ""fragment"", ""fragment_max_positions"": null}, {""original_token"": ""CLICK"", ""salted_token"": ""C‍L‍I‍C‍K"", ""start"": 1437, ""end"": 1442, ""salt_mode"": ""fragment"", ""fragment_max_positions"": null}]"
00356.ea7eb32330fa6bf65270023c0d99e2c5,00356__salted__extended__cp00AD__fragment.ea7eb32330fa6bf65270023c0d99e2c5,extended,00AD,fragment,,0,3,True,[],"[{""original_token"": ""SystemWorks"", ""salted_token"": ""S­y­s­t­e­m­W­o­r­k­s"", ""start"": 254, ""end"": 265, ""salt_mode"": ""fragment"", ""fragment_max_positions"": null}, {""original_token"": ""WHOLESALE"", ""salted_token"": ""W­H­O­L­E­S­A­L­E"", ""start"": 1082, ""end"": 1091, ""salt_mode"": ""fragment"", ""fragment_max_positions"": null}, {""original_token"": ""CLICK"", ""salted_token"": ""C­L­I­C­K"", ""start"": 1437, ""end"": 1442, ""salt_mode"": ""fragment"", ""fragment_max_positions"": null}]"
00359.90bec90ebeaf05f024f48594e7d7b0d5,00359__salted__extended__cp200B__fragment.90bec90ebeaf05f024f48594e7d7b0d5,extended,200B,fragment,,0,3,True,[],"[{""original_token"": ""DEAR"", ""salted_token"": ""D​E​A​R"", ""start"": 70, ""end"": 74, ""salt_mode"": ""fragment"", ""fragment_max_positions"": null}, {""original_token"": ""SIR"", ""salted_token"": ""S​I​R"", ""start"": 75, ""end"": 78, ""salt_mode"": ""fragment"", ""fragment_max_positions"": null}, {""original_token"": ""confidentiality"", ""salted_token"": ""c​o​n​f​i​d​e​n​t​i​a​l​i​t​y"", ""start"": 188, ""end"": 203, ""salt_mode"": ""fragment"", ""fragment_max_positions"": null}]"
00359.90bec90ebeaf05f024f48594e7d7b0d5,00359__salted__extended__cp200C__fragment.90bec90ebeaf05f024f48594e7d7b0d5,extended,200C,fragment,,0,3,True,[],"[{""original_token"": ""DEAR"", ""salted_token"": ""D‌E‌A‌R"", ""start"": 70, ""end"": 74, ""salt_mode"": ""fragment"", ""fragment_max_positions"": null}, {""original_token"": ""SIR"", ""salted_token"": ""S‌I‌R"", ""start"": 75, ""end"": 78, ""salt_mode"": ""fragment"", ""fragment_max_positions"": null}, {""original_token"": ""confidentiality"", ""salted_token"": ""c‌o‌n‌f‌i‌d‌e‌n‌t‌i‌a‌l‌i‌t‌y"", ""start"": 188, ""end"": 203, ""salt_mode"": ""fragment"", ""fragment_max_positions"": null}]"
00359.90bec90ebeaf05f024f48594e7d7b0d5,00359__salted__extended__cp200D__fragment.90bec90ebeaf05f024f48594e7d7b0d5,extended,200D,fragment,,0,3,True,[],"[{""original_token"": ""DEAR"", ""salted_token"": ""D‍E‍A‍R"", ""start"": 70, ""end"": 74, ""salt_mode"": ""fragment"", ""fragment_max_positions"": null}, {""original_token"": ""SIR"", ""salted_token"": ""S‍I‍R"", ""start"": 75, ""end"": 78, ""salt_mode"": ""fragment"", ""fragment_max_positions"": null}, {""original_token"": ""confidentiality"", ""salted_token"": ""c‍o‍n‍f‍i‍d‍e‍n‍t‍i‍a‍l‍i‍t‍y"", ""start"": 188, ""end"": 203, ""salt_mode"": ""fragment"", ""fragment_max_positions"": null}]"
00359.90bec90ebeaf05f024f48594e7d7b0d5,00359__salted__extended__cp00AD__fragment.90bec90ebeaf05f024f48594e7d7b0d5,extended,00AD,fragment,,0,3,True,[],"[{""original_token"": ""DEAR"", ""salted_token"": ""D­E­A­R"", ""start"": 70, ""end"": 74, ""salt_mode"": ""fragment"", ""fragment_max_positions"": null}, {""original_token"": ""SIR"", ""salted_token"": ""S­I­R"", ""start"": 75, ""end"": 78, ""salt_mode"": ""fragment"", ""fragment_max_positions"": null}, {""original_token"": ""confidentiality"", ""salted_token"": ""c­o­n­f­i­d­e­n­t­i­a­l­i­t­y"", ""start"": 188, ""end"": 203, ""salt_mode"": ""fragment"", ""fragment_max_positions"": null}]"
00361.e91ac048b0ede961d3f51009eee1c620,00361__salted__extended__cp200B__fragment.e91ac048b0ede961d3f51009eee1c620,extended,200B,fragment,,0,3,True,[],"[{""original_token"": ""LAGOS"", ""salted_token"": ""L​A​G​O​S"", ""start"": 107, ""end"": 112, ""salt_mode"": ""fragment"", ""fragment_max_positions"": null}, {""original_token"": ""ATTN"", ""salted_token"": ""A​T​T​N"", ""start"": 115, ""end"": 119, ""salt_mode"": ""fragment"", ""fragment_max_positions"": null}, {""original_token"": ""Nigeria"", ""salted_token"": ""N​i​g​e​r​i​a"", ""start"": 343, ""end"": 350, ""salt_mode"": ""fragment"", ""fragment_max_positions"": null}]"
00361.e91ac048b0ede961d3f51009eee1c620,00361__salted__extended__cp200C__fragment.e91ac048b0ede961d3f51009eee1c620,extended,200C,fragment,,0,3,True,[],"[{""original_token"": ""LAGOS"", ""salted_token"": ""L‌A‌G‌O‌S"", ""start"": 107, ""end"": 112, ""salt_mode"": ""fragment"", ""fragment_max_positions"": null}, {""original_token"": ""ATTN"", ""salted_token"": ""A‌T‌T‌N"", ""start"": 115, ""end"": 119, ""salt_mode"": ""fragment"", ""fragment_max_positions"": null}, {""original_token"": ""Nigeria"", ""salted_token"": ""N‌i‌g‌e‌r‌i‌a"", ""start"": 343, ""end"": 350, ""salt_mode"": ""fragment"", ""fragment_max_positions"": null}]"
00361.e91ac048b0ede961d3f51009eee1c620,00361__salted__extended__cp200D__fragment.e91ac048b0ede961d3f51009eee1c620,extended,200D,fragment,,0,3,True,[],"[{""original_token"": ""LAGOS"", ""salted_token"": ""L‍A‍G‍O‍S"", ""start"": 107, ""end"": 112, ""salt_mode"": ""fragment"", ""fragment_max_positions"": null}, {""original_token"": ""ATTN"", ""salted_token"": ""A‍T‍T‍N"", ""start"": 115, ""end"": 119, ""salt_mode"": ""fragment"", ""fragment_max_positions"": null}, {""original_token"": ""Nigeria"", ""salted_token"": ""N‍i‍g‍e‍r‍i‍a"", ""start"": 343, ""end"": 350, ""salt_mode"": ""fragment"", ""fragment_max_positions"": null}]"
00361.e91ac048b0ede961d3f51009eee1c620,00361__salted__extended__cp00AD__fragment.e91ac048b0ede961d3f51009eee1c620,extended,00AD,fragment,,0,3,True,[],"[{""original_token"": ""LAGOS"", ""salted_token"": ""L­A­G­O­S"", ""start"": 107, ""end"": 112, ""salt_mode"": ""fragment"", ""fragment_max_positions"": null}, {""original_token"": ""ATTN"", ""salted_token"": ""A­T­T­N"", ""start"": 115, ""end"": 119, ""salt_mode"": ""fragment"", ""fragment_max_positions"": null}, {""original_token"": ""Nigeria"", ""salted_token"": ""N­i­g­e­r­i­a"", ""start"": 343, ""end"": 350, ""salt_mode"": ""fragment"", ""fragment_max_positions"": null}]"
00369.845eeb9573484bd88a6a6224c7068d81,00369__salted__extended__cp200B__fragment.845eeb9573484bd88a6a6224c7068d81,extended,200B,fragment,,1,0,False,"[{""original_token"": ""cartridges"", ""salted_token"": ""c​a​r​t​r​i​d​g​e​s"", ""start"": 18, ""end"": 28, ""salt_mode"": ""fragment"", ""fragment_max_positions"": null}]",[]
00369.845eeb9573484bd88a6a6224c7068d81,00369__salted__extended__cp200C__fragment.845eeb9573484bd88a6a6224c7068d81,extended,200C,fragment,,1,0,False,"[{""original_token"": ""cartridges"", ""salted_token"": ""c‌a‌r‌t‌r‌i‌d‌g‌e‌s"", ""start"": 18, ""end"": 28, ""salt_mode"": ""fragment"", ""fragment_max_positions"": null}]",[]
00369.845eeb9573484bd88a6a6224c7068d81,00369__salted__extended__cp200D__fragment.845eeb9573484bd88a6a6224c7068d81,extended,200D,fragment,,1,0,False,"[{""original_token"": ""cartridges"", ""salted_token"": ""c‍a‍r‍t‍r‍i‍d‍g‍e‍s"", ""start"": 18, ""end"": 28, ""salt_mode"": ""fragment"", ""fragment_max_positions"": null}]",[]
00369.845eeb9573484bd88a6a6224c7068d81,00369__salted__extended__cp00AD__fragment.845eeb9573484bd88a6a6224c7068d81,extended,00AD,fragment,,1,0,False,"[{""original_token"": ""cartridges"", ""salted_token"": ""c­a­r­t­r­i­d­g­e­s"", ""start"": 18, ""end"": 28, ""salt_mode"": ""fragment"", ""fragment_max_positions"": null}]",[]
00373.ebe8670ac56b04125c25100a36ab0510,00373__salted__extended__cp200B__fragment.ebe8670ac56b04125c25100a36ab0510,extended,200B,fragment,,0,2,True,[],"[{""original_token"": ""SystemWorks"", ""salted_token"": ""S​y​s​t​e​m​W​o​r​k​s"", ""start"": 89, ""end"": 100, ""salt_mode"": ""fragment"", ""fragment_max_positions"": null}, {""original_token"": ""compliance"", ""salted_token"": ""c​o​m​p​l​i​a​n​c​e"", ""start"": 987, ""end"": 997, ""salt_mode"": ""fragment"", ""fragment_max_positions"": null}]"
00373.ebe8670ac56b04125c25100a36ab0510,00373__salted__extended__cp200C__fragment.ebe8670ac56b04125c25100a36ab0510,extended,200C,fragment,,0,2,True,[],"[{""original_token"": ""SystemWorks"", ""salted_token"": ""S‌y‌s‌t‌e‌m‌W‌o‌r‌k‌s"", ""start"": 89, ""end"": 100, ""salt_mode"": ""fragment"", ""fragment_max_positions"": null}, {""original_token"": ""compliance"", ""salted_token"": ""c‌o‌m‌p‌l‌i‌a‌n‌c‌e"", ""start"": 987, ""end"": 997, ""salt_mode"": ""fragment"", ""fragment_max_positions"": null}]"
00373.ebe8670ac56b04125c25100a36ab0510,00373__salted__extended__cp200D__fragment.ebe8670ac56b04125c25100a36ab0510,extended,200D,fragment,,0,2,True,[],"[{""original_token"": ""SystemWorks"", ""salted_token"": ""S‍y‍s‍t‍e‍m‍W‍o‍r‍k‍s"", ""start"": 89, ""end"": 100, ""salt_mode"": ""fragment"", ""fragment_max_positions"": null}, {""original_token"": ""compliance"", ""salted_token"": ""c‍o‍m‍p‍l‍i‍a‍n‍c‍e"", ""start"": 987, ""end"": 997, ""salt_mode"": ""fragment"", ""fragment_max_positions"": null}]"
00373.ebe8670ac56b04125c25100a36ab0510,00373__salted__extended__cp00AD__fragment.ebe8670ac56b04125c25100a36ab0510,extended,00AD,fragment,,0,2,True,[],"[{""original_token"": ""SystemWorks"", ""salted_token"": ""S­y­s­t­e­m­W­o­r­k­s"", ""start"": 89, ""end"": 100, ""salt_mode"": ""fragment"", ""fragment_max_positions"": null}, {""original_token"": ""compliance"", ""salted_token"": ""c­o­m­p­l­i­a­n­c­e"", ""start"": 987, ""end"": 997, ""salt_mode"": ""fragment"", ""fragment_max_positions"": null}]"
00384.2054d62f06fd10e4018a43e156b32acf,00384__salted__extended__cp200B__fragment.2054d62f06fd10e4018a43e156b32acf,extended,200B,fragment,,1,3,True,"[{""original_token"": ""Guaranteed"", ""salted_token"": ""G​u​a​r​a​n​t​e​e​d"", ""start"": 3, ""end"": 13, ""salt_mode"": ""fragment"", ""fragment_max_positions"": null}]","[{""original_token"": ""annuity"", ""salted_token"": ""a​n​n​u​i​t​y"", ""start"": 26, ""end"": 33, ""salt_mode"": ""fragment"", ""fragment_max_positions"": null}, {""original_token"": ""annuity"", ""salted_token"": ""a​n​n​u​i​t​y"", ""start"": 61, ""end"": 68, ""salt_mode"": ""fragment"", ""fragment_max_positions"": null}, {""original_token"": ""Guaranteed"", ""salted_token"": ""G​u​a​r​a​n​t​e​e​d"", ""start"": 110, ""end"": 120, ""salt_mode"": ""fragment"", ""fragment_max_positions"": null}]"
00384.2054d62f06fd10e4018a43e156b32acf,00384__salted__extended__cp200C__fragment.2054d62f06fd10e4018a43e156b32acf,extended,200C,fragment,,1,3,True,"[{""original_token"": ""Guaranteed"", ""salted_token"": ""G‌u‌a‌r‌a‌n‌t‌e‌e‌d"", ""start"": 3, ""end"": 13, ""salt_mode"": ""fragment"", ""fragment_max_positions"": null}]","[{""original_token"": ""annuity"", ""salted_token"": ""a‌n‌n‌u‌i‌t‌y"", ""start"": 26, ""end"": 33, ""salt_mode"": ""fragment"", ""fragment_max_positions"": null}, {""original_token"": ""annuity"", ""salted_token"": ""a‌n‌n‌u‌i‌t‌y"", ""start"": 61, ""end"": 68, ""salt_mode"": ""fragment"", ""fragment_max_positions"": null}, {""original_token"": ""Guaranteed"", ""salted_token"": ""G‌u‌a‌r‌a‌n‌t‌e‌e‌d"", ""start"": 110, ""end"": 120, ""salt_mode"": ""fragment"", ""fragment_max_positions"": null}]"
00384.2054d62f06fd10e4018a43e156b32acf,00384__salted__extended__cp200D__fragment.2054d62f06fd10e4018a43e156b32acf,extended,200D,fragment,,1,3,True,"[{""original_token"": ""Guaranteed"", ""salted_token"": ""G‍u‍a‍r‍a‍n‍t‍e‍e‍d"", ""start"": 3, ""end"": 13, ""salt_mode"": ""fragment"", ""fragment_max_positions"": null}]","[{""original_token"": ""annuity"", ""salted_token"": ""a‍n‍n‍u‍i‍t‍y"", ""start"": 26, ""end"": 33, ""salt_mode"": ""fragment"", ""fragment_max_positions"": null}, {""original_token"": ""annuity"", ""salted_token"": ""a‍n‍n‍u‍i‍t‍y"", ""start"": 61, ""end"": 68, ""salt_mode"": ""fragment"", ""fragment_max_positions"": null}, {""original_token"": ""Guaranteed"", ""salted_token"": ""G‍u‍a‍r‍a‍n‍t‍e‍e‍d"", ""start"": 110, ""end"": 120, ""salt_mode"": ""fragment"", ""fragment_max_positions"": null}]"
00384.2054d62f06fd10e4018a43e156b32acf,00384__salted__extended__cp00AD__fragment.2054d62f06fd10e4018a43e156b32acf,extended,00AD,fragment,,1,3,True,"[{""original_token"": ""Guaranteed"", ""salted_token"": ""G­u­a­r­a­n­t­e­e­d"", ""start"": 3, ""end"": 13, ""salt_mode"": ""fragment"", ""fragment_max_positions"": null}]","[{""original_token"": ""annuity"", ""salted_token"": ""a­n­n­u­i­t­y"", ""start"": 26, ""end"": 33, ""salt_mode"": ""fragment"", ""fragment_max_positions"": null}, {""original_token"": ""annuity"", ""salted_token"": ""a­n­n­u­i­t­y"", ""start"": 61, ""end"": 68, ""salt_mode"": ""fragment"", ""fragment_max_positions"": null}, {""original_token"": ""Guaranteed"", ""salted_token"": ""G­u­a­r­a­n­t­e­e­d"", ""start"": 110, ""end"": 120, ""salt_mode"": ""fragment"", ""fragment_max_positions"": null}]"
00386.6074f269f0bd1aec1546f9e654e8fcfe,00386__salted__extended__cp200B__fragment.6074f269f0bd1aec1546f9e654e8fcfe,extended,200B,fragment,,0,3,True,[],"[{""original_token"": ""earn"", ""salted_token"": ""e​a​r​n"", ""start"": 203, ""end"": 207, ""salt_mode"": ""fragment"", ""fragment_max_positions"": null}, {""original_token"": ""click"", ""salted_token"": ""c​l​i​c​k"", ""start"": 477, ""end"": 482, ""salt_mode"": ""fragment"", ""fragment_max_positions"": null}, {""original_token"": ""click"", ""salted_token"": ""c​l​i​c​k"", ""start"": 899, ""end"": 904, ""salt_mode"": ""fragment"", ""fragment_max_positions"": null}]"
00386.6074f269f0bd1aec1546f9e654e8fcfe,00386__salted__extended__cp200C__fragment.6074f269f0bd1aec1546f9e654e8fcfe,extended,200C,fragment,,0,3,True,[],"[{""original_token"": ""earn"", ""salted_token"": ""e‌a‌r‌n"", ""start"": 203, ""end"": 207, ""salt_mode"": ""fragment"", ""fragment_max_positions"": null}, {""original_token"": ""click"", ""salted_token"": ""c‌l‌i‌c‌k"", ""start"": 477, ""end"": 482, ""salt_mode"": ""fragment"", ""fragment_max_positions"": null}, {""original_token"": ""click"", ""salted_token"": ""c‌l‌i‌c‌k"", ""start"": 899, ""end"": 904, ""salt_mode"": ""fragment"", ""fragment_max_positions"": null}]"
00386.6074f269f0bd1aec1546f9e654e8fcfe,00386__salted__extended__cp200D__fragment.6074f269f0bd1aec1546f9e654e8fcfe,extended,200D,fragment,,0,3,True,[],"[{""original_token"": ""earn"", ""salted_token"": ""e‍a‍r‍n"", ""start"": 203, ""end"": 207, ""salt_mode"": ""fragment"", ""fragment_max_positions"": null}, {""original_token"": ""click"", ""salted_token"": ""c‍l‍i‍c‍k"", ""start"": 477, ""end"": 482, ""salt_mode"": ""fragment"", ""fragment_max_positions"": null}, {""original_token"": ""click"", ""salted_token"": ""c‍l‍i‍c‍k"", ""start"": 899, ""end"": 904, ""salt_mode"": ""fragment"", ""fragment_max_positions"": null}]"
00386.6074f269f0bd1aec1546f9e654e8fcfe,00386__salted__extended__cp00AD__fragment.6074f269f0bd1aec1546f9e654e8fcfe,extended,00AD,fragment,,0,3,True,[],"[{""original_token"": ""earn"", ""salted_token"": ""e­a­r­n"", ""start"": 203, ""end"": 207, ""salt_mode"": ""fragment"", ""fragment_max_positions"": null}, {""original_token"": ""click"", ""salted_token"": ""c­l­i­c­k"", ""start"": 477, ""end"": 482, ""salt_mode"": ""fragment"", ""fragment_max_positions"": null}, {""original_token"": ""click"", ""salted_token"": ""c­l­i­c­k"", ""start"": 899, ""end"": 904, ""salt_mode"": ""fragment"", ""fragment_max_positions"": null}]"
00388.a884c42d4423d7e4718db0145b3b9d9b,00388__salted__extended__cp200B__fragment.a884c42d4423d7e4718db0145b3b9d9b,extended,200B,fragment,,0,1,True,[],"[{""original_token"": ""GUARANTEED"", ""salted_token"": ""G​U​A​R​A​N​T​E​E​D"", ""start"": 187, ""end"": 197, ""salt_mode"": ""fragment"", ""fragment_max_positions"": null}]"
00388.a884c42d4423d7e4718db0145b3b9d9b,00388__salted__extended__cp200C__fragment.a884c42d4423d7e4718db0145b3b9d9b,extended,200C,fragment,,0,1,True,[],"[{""original_token"": ""GUARANTEED"", ""salted_token"": ""G‌U‌A‌R‌A‌N‌T‌E‌E‌D"", ""start"": 187, ""end"": 197, ""salt_mode"": ""fragment"", ""fragment_max_positions"": null}]"
00388.a884c42d4423d7e4718db0145b3b9d9b,00388__salted__extended__cp200D__fragment.a884c42d4423d7e4718db0145b3b9d9b,extended,200D,fragment,,0,1,True,[],"[{""original_token"": ""GUARANTEED"", ""salted_token"": ""G‍U‍A‍R‍A‍N‍T‍E‍E‍D"", ""start"": 187, ""end"": 197, ""salt_mode"": ""fragment"", ""fragment_max_positions"": null}]"
00388.a884c42d4423d7e4718db0145b3b9d9b,00388__salted__extended__cp00AD__fragment.a884c42d4423d7e4718db0145b3b9d9b,extended,00AD,fragment,,0,1,True,[],"[{""original_token"": ""GUARANTEED"", ""salted_token"": ""G­U­A­R­A­N­T­E­E­D"", ""start"": 187, ""end"": 197, ""salt_mode"": ""fragment"", ""fragment_max_positions"": null}]"
00395.74aee42fac915ca758047506ec59a21f,00395__salted__extended__cp200B__fragment.74aee42fac915ca758047506ec59a21f,extended,200B,fragment,,1,0,False,"[{""original_token"": ""ADV"", ""salted_token"": ""A​D​V"", ""start"": 0, ""end"": 3, ""salt_mode"": ""fragment"", ""fragment_max_positions"": null}]",[]
00395.74aee42fac915ca758047506ec59a21f,00395__salted__extended__cp200C__fragment.74aee42fac915ca758047506ec59a21f,extended,200C,fragment,,1,0,False,"[{""original_token"": ""ADV"", ""salted_token"": ""A‌D‌V"", ""start"": 0, ""end"": 3, ""salt_mode"": ""fragment"", ""fragment_max_positions"": null}]",[]
00395.74aee42fac915ca758047506ec59a21f,00395__salted__extended__cp200D__fragment.74aee42fac915ca758047506ec59a21f,extended,200D,fragment,,1,0,False,"[{""original_token"": ""ADV"", ""salted_token"": ""A‍D‍V"", ""start"": 0, ""end"": 3, ""salt_mode"": ""fragment"", ""fragment_max_positions"": null}]",[]
00395.74aee42fac915ca758047506ec59a21f,00395__salted__extended__cp00AD__fragment.74aee42fac915ca758047506ec59a21f,extended,00AD,fragment,,1,0,False,"[{""original_token"": ""ADV"", ""salted_token"": ""A­D­V"", ""start"": 0, ""end"": 3, ""salt_mode"": ""fragment"", ""fragment_max_positions"": null}]",[]
00409.e59f63e813b6766a9a4ddf0790634ca3,00409__salted__extended__cp200B__fragment.e59f63e813b6766a9a4ddf0790634ca3,extended,200B,fragment,,0,3,True,[],"[{""original_token"": ""guaranteed"", ""salted_token"": ""g​u​a​r​a​n​t​e​e​d"", ""start"": 952, ""end"": 962, ""salt_mode"": ""fragment"", ""fragment_max_positions"": null}, {""original_token"": ""profitable"", ""salted_token"": ""p​r​o​f​i​t​a​b​l​e"", ""start"": 1135, ""end"": 1145, ""salt_mode"": ""fragment"", ""fragment_max_positions"": null}, {""original_token"": ""Receive"", ""salted_token"": ""R​e​c​e​i​v​e"", ""start"": 1474, ""end"": 1481, ""salt_mode"": ""fragment"", ""fragment_max_positions"": null}]"
00409.e59f63e813b6766a9a4ddf0790634ca3,00409__salted__extended__cp200C__fragment.e59f63e813b6766a9a4ddf0790634ca3,extended,200C,fragment,,0,3,True,[],"[{""original_token"": ""guaranteed"", ""salted_token"": ""g‌u‌a‌r‌a‌n‌t‌e‌e‌d"", ""start"": 952, ""end"": 962, ""salt_mode"": ""fragment"", ""fragment_max_positions"": null}, {""original_token"": ""profitable"", ""salted_token"": ""p‌r‌o‌f‌i‌t‌a‌b‌l‌e"", ""start"": 1135, ""end"": 1145, ""salt_mode"": ""fragment"", ""fragment_max_positions"": null}, {""original_token"": ""Receive"", ""salted_token"": ""R‌e‌c‌e‌i‌v‌e"", ""start"": 1474, ""end"": 1481, ""salt_mode"": ""fragment"", ""fragment_max_positions"": null}]"
00409.e59f63e813b6766a9a4ddf0790634ca3,00409__salted__extended__cp200D__fragment.e59f63e813b6766a9a4ddf0790634ca3,extended,200D,fragment,,0,3,True,[],"[{""original_token"": ""guaranteed"", ""salted_token"": ""g‍u‍a‍r‍a‍n‍t‍e‍e‍d"", ""start"": 952, ""end"": 962, ""salt_mode"": ""fragment"", ""fragment_max_positions"": null}, {""original_token"": ""profitable"", ""salted_token"": ""p‍r‍o‍f‍i‍t‍a‍b‍l‍e"", ""start"": 1135, ""end"": 1145, ""salt_mode"": ""fragment"", ""fragment_max_positions"": null}, {""original_token"": ""Receive"", ""salted_token"": ""R‍e‍c‍e‍i‍v‍e"", ""start"": 1474, ""end"": 1481, ""salt_mode"": ""fragment"", ""fragment_max_positions"": null}]"
00409.e59f63e813b6766a9a4ddf0790634ca3,00409__salted__extended__cp00AD__fragment.e59f63e813b6766a9a4ddf0790634ca3,extended,00AD,fragment,,0,3,True,[],"[{""original_token"": ""guaranteed"", ""salted_token"": ""g­u­a­r­a­n­t­e­e­d"", ""start"": 952, ""end"": 962, ""salt_mode"": ""fragment"", ""fragment_max_positions"": null}, {""original_token"": ""profitable"", ""salted_token"": ""p­r­o­f­i­t­a­b­l­e"", ""start"": 1135, ""end"": 1145, ""salt_mode"": ""fragment"", ""fragment_max_positions"": null}, {""original_token"": ""Receive"", ""salted_token"": ""R­e­c­e­i­v­e"", ""start"": 1474, ""end"": 1481, ""salt_mode"": ""fragment"", ""fragment_max_positions"": null}]"
00415.4af357c0282481dba8f1765f0bf09c09,00415__salted__extended__cp200B__fragment.4af357c0282481dba8f1765f0bf09c09,extended,200B,fragment,,0,3,True,[],"[{""original_token"": ""Annuity"", ""salted_token"": ""A​n​n​u​i​t​y"", ""start"": 32, ""end"": 39, ""salt_mode"": ""fragment"", ""fragment_max_positions"": null}, {""original_token"": ""Premium"", ""salted_token"": ""P​r​e​m​i​u​m"", ""start"": 58, ""end"": 65, ""salt_mode"": ""fragment"", ""fragment_max_positions"": null}, {""original_token"": ""receive"", ""salted_token"": ""r​e​c​e​i​v​e"", ""start"": 400, ""end"": 407, ""salt_mode"": ""fragment"", ""fragment_max_positions"": null}]"
00415.4af357c0282481dba8f1765f0bf09c09,00415__salted__extended__cp200C__fragment.4af357c0282481dba8f1765f0bf09c09,extended,200C,fragment,,0,3,True,[],"[{""original_token"": ""Annuity"", ""salted_token"": ""A‌n‌n‌u‌i‌t‌y"", ""start"": 32, ""end"": 39, ""salt_mode"": ""fragment"", ""fragment_max_positions"": null}, {""original_token"": ""Premium"", ""salted_token"": ""P‌r‌e‌m‌i‌u‌m"", ""start"": 58, ""end"": 65, ""salt_mode"": ""fragment"", ""fragment_max_positions"": null}, {""original_token"": ""receive"", ""salted_token"": ""r‌e‌c‌e‌i‌v‌e"", ""start"": 400, ""end"": 407, ""salt_mode"": ""fragment"", ""fragment_max_positions"": null}]"
00415.4af357c0282481dba8f1765f0bf09c09,00415__salted__extended__cp200D__fragment.4af357c0282481dba8f1765f0bf09c09,extended,200D,fragment,,0,3,True,[],"[{""original_token"": ""Annuity"", ""salted_token"": ""A‍n‍n‍u‍i‍t‍y"", ""start"": 32, ""end"": 39, ""salt_mode"": ""fragment"", ""fragment_max_positions"": null}, {""original_token"": ""Premium"", ""salted_token"": ""P‍r‍e‍m‍i‍u‍m"", ""start"": 58, ""end"": 65, ""salt_mode"": ""fragment"", ""fragment_max_positions"": null}, {""original_token"": ""receive"", ""salted_token"": ""r‍e‍c‍e‍i‍v‍e"", ""start"": 400, ""end"": 407, ""salt_mode"": ""fragment"", ""fragment_max_positions"": null}]"
00415.4af357c0282481dba8f1765f0bf09c09,00415__salted__extended__cp00AD__fragment.4af357c0282481dba8f1765f0bf09c09,extended,00AD,fragment,,0,3,True,[],"[{""original_token"": ""Annuity"", ""salted_token"": ""A­n­n­u­i­t­y"", ""start"": 32, ""end"": 39, ""salt_mode"": ""fragment"", ""fragment_max_positions"": null}, {""original_token"": ""Premium"", ""salted_token"": ""P­r­e­m­i­u­m"", ""start"": 58, ""end"": 65, ""salt_mode"": ""fragment"", ""fragment_max_positions"": null}, {""original_token"": ""receive"", ""salted_token"": ""r­e­c­e­i­v­e"", ""start"": 400, ""end"": 407, ""salt_mode"": ""fragment"", ""fragment_max_positions"": null}]"
00416.bff1badad869f205fdb54f311f060734,00416__salted__extended__cp200B__fragment.bff1badad869f205fdb54f311f060734,extended,200B,fragment,,1,0,False,"[{""original_token"": ""Guaranteed"", ""salted_token"": ""G​u​a​r​a​n​t​e​e​d"", ""start"": 0, ""end"": 10, ""salt_mode"": ""fragment"", ""fragment_max_positions"": null}]",[]
00416.bff1badad869f205fdb54f311f060734,00416__salted__extended__cp200C__fragment.bff1badad869f205fdb54f311f060734,extended,200C,fragment,,1,0,False,"[{""original_token"": ""Guaranteed"", ""salted_token"": ""G‌u‌a‌r‌a‌n‌t‌e‌e‌d"", ""start"": 0, ""end"": 10, ""salt_mode"": ""fragment"", ""fragment_max_positions"": null}]",[]
00416.bff1badad869f205fdb54f311f060734,00416__salted__extended__cp200D__fragment.bff1badad869f205fdb54f311f060734,extended,200D,fragment,,1,0,False,"[{""original_token"": ""Guaranteed"", ""salted_token"": ""G‍u‍a‍r‍a‍n‍t‍e‍e‍d"", ""start"": 0, ""end"": 10, ""salt_mode"": ""fragment"", ""fragment_max_positions"": null}]",[]
00416.bff1badad869f205fdb54f311f060734,00416__salted__extended__cp00AD__fragment.bff1badad869f205fdb54f311f060734,extended,00AD,fragment,,1,0,False,"[{""original_token"": ""Guaranteed"", ""salted_token"": ""G­u­a­r­a­n­t­e­e­d"", ""start"": 0, ""end"": 10, ""salt_mode"": ""fragment"", ""fragment_max_positions"": null}]",[]
00426.36b36cbe96efe9001c4d80363ea7ed4e,00426__salted__extended__cp200B__fragment.36b36cbe96efe9001c4d80363ea7ed4e,extended,200B,fragment,,0,3,True,[],"[{""original_token"": ""mortgage"", ""salted_token"": ""m​o​r​t​g​a​g​e"", ""start"": 39, ""end"": 47, ""salt_mode"": ""fragment"", ""fragment_max_positions"": null}, {""original_token"": ""loan"", ""salted_token"": ""l​o​a​n"", ""start"": 162, ""end"": 166, ""salt_mode"": ""fragment"", ""fragment_max_positions"": null}, {""original_token"": ""fees"", ""salted_token"": ""f​e​e​s"", ""start"": 528, ""end"": 532, ""salt_mode"": ""fragment"", ""fragment_max_positions"": null}]"
00426.36b36cbe96efe9001c4d80363ea7ed4e,00426__salted__extended__cp200C__fragment.36b36cbe96efe9001c4d80363ea7ed4e,extended,200C,fragment,,0,3,True,[],"[{""original_token"": ""mortgage"", ""salted_token"": ""m‌o‌r‌t‌g‌a‌g‌e"", ""start"": 39, ""end"": 47, ""salt_mode"": ""fragment"", ""fragment_max_positions"": null}, {""original_token"": ""loan"", ""salted_token"": ""l‌o‌a‌n"", ""start"": 162, ""end"": 166, ""salt_mode"": ""fragment"", ""fragment_max_positions"": null}, {""original_token"": ""fees"", ""salted_token"": ""f‌e‌e‌s"", ""start"": 528, ""end"": 532, ""salt_mode"": ""fragment"", ""fragment_max_positions"": null}]"
00426.36b36cbe96efe9001c4d80363ea7ed4e,00426__salted__extended__cp200D__fragment.36b36cbe96efe9001c4d80363ea7ed4e,extended,200D,fragment,,0,3,True,[],"[{""original_token"": ""mortgage"", ""salted_token"": ""m‍o‍r‍t‍g‍a‍g‍e"", ""start"": 39, ""end"": 47, ""salt_mode"": ""fragment"", ""fragment_max_positions"": null}, {""original_token"": ""loan"", ""salted_token"": ""l‍o‍a‍n"", ""start"": 162, ""end"": 166, ""salt_mode"": ""fragment"", ""fragment_max_positions"": null}, {""original_token"": ""fees"", ""salted_token"": ""f‍e‍e‍s"", ""start"": 528, ""end"": 532, ""salt_mode"": ""fragment"", ""fragment_max_positions"": null}]"
00426.36b36cbe96efe9001c4d80363ea7ed4e,00426__salted__extended__cp00AD__fragment.36b36cbe96efe9001c4d80363ea7ed4e,extended,00AD,fragment,,0,3,True,[],"[{""original_token"": ""mortgage"", ""salted_token"": ""m­o­r­t­g­a­g­e"", ""start"": 39, ""end"": 47, ""salt_mode"": ""fragment"", ""fragment_max_positions"": null}, {""original_token"": ""loan"", ""salted_token"": ""l­o­a­n"", ""start"": 162, ""end"": 166, ""salt_mode"": ""fragment"", ""fragment_max_positions"": null}, {""original_token"": ""fees"", ""salted_token"": ""f­e­e­s"", ""start"": 528, ""end"": 532, ""salt_mode"": ""fragment"", ""fragment_max_positions"": null}]"
00426.c743511223777504c01a35f90914b230,00426__salted__extended__cp200B__fragment.c743511223777504c01a35f90914b230,extended,200B,fragment,,1,0,False,"[{""original_token"": ""Fees"", ""salted_token"": ""F​e​e​s"", ""start"": 32, ""end"": 36, ""salt_mode"": ""fragment"", ""fragment_max_positions"": null}]",[]
00426.c743511223777504c01a35f90914b230,00426__salted__extended__cp200C__fragment.c743511223777504c01a35f90914b230,extended,200C,fragment,,1,0,False,"[{""original_token"": ""Fees"", ""salted_token"": ""F‌e‌e‌s"", ""start"": 32, ""end"": 36, ""salt_mode"": ""fragment"", ""fragment_max_positions"": null}]",[]
00426.c743511223777504c01a35f90914b230,00426__salted__extended__cp200D__fragment.c743511223777504c01a35f90914b230,extended,200D,fragment,,1,0,False,"[{""original_token"": ""Fees"", ""salted_token"": ""F‍e‍e‍s"", ""start"": 32, ""end"": 36, ""salt_mode"": ""fragment"", ""fragment_max_positions"": null}]",[]
00426.c743511223777504c01a35f90914b230,00426__salted__extended__cp00AD__fragment.c743511223777504c01a35f90914b230,extended,00AD,fragment,,1,0,False,"[{""original_token"": ""Fees"", ""salted_token"": ""F­e­e­s"", ""start"": 32, ""end"": 36, ""salt_mode"": ""fragment"", ""fragment_max_positions"": null}]",[]
00428.5fe2c974b49315a6fbf9f3b09b47f030,00428__salted__extended__cp200B__fragment.5fe2c974b49315a6fbf9f3b09b47f030,extended,200B,fragment,,1,0,False,"[{""original_token"": ""Insurance"", ""salted_token"": ""I​n​s​u​r​a​n​c​e"", ""start"": 13, ""end"": 22, ""salt_mode"": ""fragment"", ""fragment_max_positions"": null}]",[]
00428.5fe2c974b49315a6fbf9f3b09b47f030,00428__salted__extended__cp200C__fragment.5fe2c974b49315a6fbf9f3b09b47f030,extended,200C,fragment,,1,0,False,"[{""original_token"": ""Insurance"", ""salted_token"": ""I‌n‌s‌u‌r‌a‌n‌c‌e"", ""start"": 13, ""end"": 22, ""salt_mode"": ""fragment"", ""fragment_max_positions"": null}]",[]
00428.5fe2c974b49315a6fbf9f3b09b47f030,00428__salted__extended__cp200D__fragment.5fe2c974b49315a6fbf9f3b09b47f030,extended,200D,fragment,,1,0,False,"[{""original_token"": ""Insurance"", ""salted_token"": ""I‍n‍s‍u‍r‍a‍n‍c‍e"", ""start"": 13, ""end"": 22, ""salt_mode"": ""fragment"", ""fragment_max_positions"": null}]",[]
00428.5fe2c974b49315a6fbf9f3b09b47f030,00428__salted__extended__cp00AD__fragment.5fe2c974b49315a6fbf9f3b09b47f030,extended,00AD,fragment,,1,0,False,"[{""original_token"": ""Insurance"", ""salted_token"": ""I­n­s­u­r­a­n­c­e"", ""start"": 13, ""end"": 22, ""salt_mode"": ""fragment"", ""fragment_max_positions"": null}]",[]
00430.d2179c2841013fea688db8bbcf60b3b0,00430__salted__extended__cp200B__fragment.d2179c2841013fea688db8bbcf60b3b0,extended,200B,fragment,,1,0,False,"[{""original_token"": ""Fees"", ""salted_token"": ""F​e​e​s"", ""start"": 45, ""end"": 49, ""salt_mode"": ""fragment"", ""fragment_max_positions"": null}]",[]
00430.d2179c2841013fea688db8bbcf60b3b0,00430__salted__extended__cp200C__fragment.d2179c2841013fea688db8bbcf60b3b0,extended,200C,fragment,,1,0,False,"[{""original_token"": ""Fees"", ""salted_token"": ""F‌e‌e‌s"", ""start"": 45, ""end"": 49, ""salt_mode"": ""fragment"", ""fragment_max_positions"": null}]",[]
00430.d2179c2841013fea688db8bbcf60b3b0,00430__salted__extended__cp200D__fragment.d2179c2841013fea688db8bbcf60b3b0,extended,200D,fragment,,1,0,False,"[{""original_token"": ""Fees"", ""salted_token"": ""F‍e‍e‍s"", ""start"": 45, ""end"": 49, ""salt_mode"": ""fragment"", ""fragment_max_positions"": null}]",[]
00430.d2179c2841013fea688db8bbcf60b3b0,00430__salted__extended__cp00AD__fragment.d2179c2841013fea688db8bbcf60b3b0,extended,00AD,fragment,,1,0,False,"[{""original_token"": ""Fees"", ""salted_token"": ""F­e­e­s"", ""start"": 45, ""end"": 49, ""salt_mode"": ""fragment"", ""fragment_max_positions"": null}]",[]
00439.eacffbae5543e6be58178c0d3eb95041,00439__salted__extended__cp200B__fragment.eacffbae5543e6be58178c0d3eb95041,extended,200B,fragment,,0,3,True,[],"[{""original_token"": ""secrets"", ""salted_token"": ""s​e​c​r​e​t​s"", ""start"": 496, ""end"": 503, ""salt_mode"": ""fragment"", ""fragment_max_positions"": null}, {""original_token"": ""Click"", ""salted_token"": ""C​l​i​c​k"", ""start"": 1966, ""end"": 1971, ""salt_mode"": ""fragment"", ""fragment_max_positions"": null}, {""original_token"": ""receive"", ""salted_token"": ""r​e​c​e​i​v​e"", ""start"": 2137, ""end"": 2144, ""salt_mode"": ""fragment"", ""fragment_max_positions"": null}]"
00439.eacffbae5543e6be58178c0d3eb95041,00439__salted__extended__cp200C__fragment.eacffbae5543e6be58178c0d3eb95041,extended,200C,fragment,,0,3,True,[],"[{""original_token"": ""secrets"", ""salted_token"": ""s‌e‌c‌r‌e‌t‌s"", ""start"": 496, ""end"": 503, ""salt_mode"": ""fragment"", ""fragment_max_positions"": null}, {""original_token"": ""Click"", ""salted_token"": ""C‌l‌i‌c‌k"", ""start"": 1966, ""end"": 1971, ""salt_mode"": ""fragment"", ""fragment_max_positions"": null}, {""original_token"": ""receive"", ""salted_token"": ""r‌e‌c‌e‌i‌v‌e"", ""start"": 2137, ""end"": 2144, ""salt_mode"": ""fragment"", ""fragment_max_positions"": null}]"
00439.eacffbae5543e6be58178c0d3eb95041,00439__salted__extended__cp200D__fragment.eacffbae5543e6be58178c0d3eb95041,extended,200D,fragment,,0,3,True,[],"[{""original_token"": ""secrets"", ""salted_token"": ""s‍e‍c‍r‍e‍t‍s"", ""start"": 496, ""end"": 503, ""salt_mode"": ""fragment"", ""fragment_max_positions"": null}, {""original_token"": ""Click"", ""salted_token"": ""C‍l‍i‍c‍k"", ""start"": 1966, ""end"": 1971, ""salt_mode"": ""fragment"", ""fragment_max_positions"": null}, {""original_token"": ""receive"", ""salted_token"": ""r‍e‍c‍e‍i‍v‍e"", ""start"": 2137, ""end"": 2144, ""salt_mode"": ""fragment"", ""fragment_max_positions"": null}]"
00439.eacffbae5543e6be58178c0d3eb95041,00439__salted__extended__cp00AD__fragment.eacffbae5543e6be58178c0d3eb95041,extended,00AD,fragment,,0,3,True,[],"[{""original_token"": ""secrets"", ""salted_token"": ""s­e­c­r­e­t­s"", ""start"": 496, ""end"": 503, ""salt_mode"": ""fragment"", ""fragment_max_positions"": null}, {""original_token"": ""Click"", ""salted_token"": ""C­l­i­c­k"", ""start"": 1966, ""end"": 1971, ""salt_mode"": ""fragment"", ""fragment_max_positions"": null}, {""original_token"": ""receive"", ""salted_token"": ""r­e­c­e­i­v­e"", ""start"": 2137, ""end"": 2144, ""salt_mode"": ""fragment"", ""fragment_max_positions"": null}]"
00440.647d9eb44fd0cb069ea92be204966a8e,00440__salted__extended__cp200B__fragment.647d9eb44fd0cb069ea92be204966a8e,extended,200B,fragment,,1,0,False,"[{""original_token"": ""SYSTEMWORKS"", ""salted_token"": ""S​Y​S​T​E​M​W​O​R​K​S"", ""start"": 7, ""end"": 18, ""salt_mode"": ""fragment"", ""fragment_max_positions"": null}]",[]
00440.647d9eb44fd0cb069ea92be204966a8e,00440__salted__extended__cp200C__fragment.647d9eb44fd0cb069ea92be204966a8e,extended,200C,fragment,,1,0,False,"[{""original_token"": ""SYSTEMWORKS"", ""salted_token"": ""S‌Y‌S‌T‌E‌M‌W‌O‌R‌K‌S"", ""start"": 7, ""end"": 18, ""salt_mode"": ""fragment"", ""fragment_max_positions"": null}]",[]
00440.647d9eb44fd0cb069ea92be204966a8e,00440__salted__extended__cp200D__fragment.647d9eb44fd0cb069ea92be204966a8e,extended,200D,fragment,,1,0,False,"[{""original_token"": ""SYSTEMWORKS"", ""salted_token"": ""S‍Y‍S‍T‍E‍M‍W‍O‍R‍K‍S"", ""start"": 7, ""end"": 18, ""salt_mode"": ""fragment"", ""fragment_max_positions"": null}]",[]
00440.647d9eb44fd0cb069ea92be204966a8e,00440__salted__extended__cp00AD__fragment.647d9eb44fd0cb069ea92be204966a8e,extended,00AD,fragment,,1,0,False,"[{""original_token"": ""SYSTEMWORKS"", ""salted_token"": ""S­Y­S­T­E­M­W­O­R­K­S"", ""start"": 7, ""end"": 18, ""salt_mode"": ""fragment"", ""fragment_max_positions"": null}]",[]
00441.77768298934252b2fa200e7d9482993b,00441__salted__extended__cp200B__fragment.77768298934252b2fa200e7d9482993b,extended,200B,fragment,,1,0,False,"[{""original_token"": ""Bills"", ""salted_token"": ""B​i​l​l​s"", ""start"": 40, ""end"": 45, ""salt_mode"": ""fragment"", ""fragment_max_positions"": null}]",[]
00441.77768298934252b2fa200e7d9482993b,00441__salted__extended__cp200C__fragment.77768298934252b2fa200e7d9482993b,extended,200C,fragment,,1,0,False,"[{""original_token"": ""Bills"", ""salted_token"": ""B‌i‌l‌l‌s"", ""start"": 40, ""end"": 45, ""salt_mode"": ""fragment"", ""fragment_max_positions"": null}]",[]
00441.77768298934252b2fa200e7d9482993b,00441__salted__extended__cp200D__fragment.77768298934252b2fa200e7d9482993b,extended,200D,fragment,,1,0,False,"[{""original_token"": ""Bills"", ""salted_token"": ""B‍i‍l‍l‍s"", ""start"": 40, ""end"": 45, ""salt_mode"": ""fragment"", ""fragment_max_positions"": null}]",[]
00441.77768298934252b2fa200e7d9482993b,00441__salted__extended__cp00AD__fragment.77768298934252b2fa200e7d9482993b,extended,00AD,fragment,,1,0,False,"[{""original_token"": ""Bills"", ""salted_token"": ""B­i­l­l­s"", ""start"": 40, ""end"": 45, ""salt_mode"": ""fragment"", ""fragment_max_positions"": null}]",[]
00445.a5edbd936b830407d1a56b31ff3b82c0,00445__salted__extended__cp200B__fragment.a5edbd936b830407d1a56b31ff3b82c0,extended,200B,fragment,,1,0,False,"[{""original_token"": ""Herbal"", ""salted_token"": ""H​e​r​b​a​l"", ""start"": 0, ""end"": 6, ""salt_mode"": ""fragment"", ""fragment_max_positions"": null}]",[]
00445.a5edbd936b830407d1a56b31ff3b82c0,00445__salted__extended__cp200C__fragment.a5edbd936b830407d1a56b31ff3b82c0,extended,200C,fragment,,1,0,False,"[{""original_token"": ""Herbal"", ""salted_token"": ""H‌e‌r‌b‌a‌l"", ""start"": 0, ""end"": 6, ""salt_mode"": ""fragment"", ""fragment_max_positions"": null}]",[]
00445.a5edbd936b830407d1a56b31ff3b82c0,00445__salted__extended__cp200D__fragment.a5edbd936b830407d1a56b31ff3b82c0,extended,200D,fragment,,1,0,False,"[{""original_token"": ""Herbal"", ""salted_token"": ""H‍e‍r‍b‍a‍l"", ""start"": 0, ""end"": 6, ""salt_mode"": ""fragment"", ""fragment_max_positions"": null}]",[]
00445.a5edbd936b830407d1a56b31ff3b82c0,00445__salted__extended__cp00AD__fragment.a5edbd936b830407d1a56b31ff3b82c0,extended,00AD,fragment,,1,0,False,"[{""original_token"": ""Herbal"", ""salted_token"": ""H­e­r­b­a­l"", ""start"": 0, ""end"": 6, ""salt_mode"": ""fragment"", ""fragment_max_positions"": null}]",[]
00447.32e588c3a1d8888d737f360f825713b8,00447__salted__extended__cp200B__fragment.32e588c3a1d8888d737f360f825713b8,extended,200B,fragment,,0,3,True,[],"[{""original_token"": ""guaranteed"", ""salted_token"": ""g​u​a​r​a​n​t​e​e​d"", ""start"": 229, ""end"": 239, ""salt_mode"": ""fragment"", ""fragment_max_positions"": null}, {""original_token"": ""premium"", ""salted_token"": ""p​r​e​m​i​u​m"", ""start"": 246, ""end"": 253, ""salt_mode"": ""fragment"", ""fragment_max_positions"": null}, {""original_token"": ""attained"", ""salted_token"": ""a​t​t​a​i​n​e​d"", ""start"": 271, ""end"": 279, ""salt_mode"": ""fragment"", ""fragment_max_positions"": null}]"
00447.32e588c3a1d8888d737f360f825713b8,00447__salted__extended__cp200C__fragment.32e588c3a1d8888d737f360f825713b8,extended,200C,fragment,,0,3,True,[],"[{""original_token"": ""guaranteed"", ""salted_token"": ""g‌u‌a‌r‌a‌n‌t‌e‌e‌d"", ""start"": 229, ""end"": 239, ""salt_mode"": ""fragment"", ""fragment_max_positions"": null}, {""original_token"": ""premium"", ""salted_token"": ""p‌r‌e‌m‌i‌u‌m"", ""start"": 246, ""end"": 253, ""salt_mode"": ""fragment"", ""fragment_max_positions"": null}, {""original_token"": ""attained"", ""salted_token"": ""a‌t‌t‌a‌i‌n‌e‌d"", ""start"": 271, ""end"": 279, ""salt_mode"": ""fragment"", ""fragment_max_positions"": null}]"
00447.32e588c3a1d8888d737f360f825713b8,00447__salted__extended__cp200D__fragment.32e588c3a1d8888d737f360f825713b8,extended,200D,fragment,,0,3,True,[],"[{""original_token"": ""guaranteed"", ""salted_token"": ""g‍u‍a‍r‍a‍n‍t‍e‍e‍d"", ""start"": 229, ""end"": 239, ""salt_mode"": ""fragment"", ""fragment_max_positions"": null}, {""original_token"": ""premium"", ""salted_token"": ""p‍r‍e‍m‍i‍u‍m"", ""start"": 246, ""end"": 253, ""salt_mode"": ""fragment"", ""fragment_max_positions"": null}, {""original_token"": ""attained"", ""salted_token"": ""a‍t‍t‍a‍i‍n‍e‍d"", ""start"": 271, ""end"": 279, ""salt_mode"": ""fragment"", ""fragment_max_positions"": null}]"
00447.32e588c3a1d8888d737f360f825713b8,00447__salted__extended__cp00AD__fragment.32e588c3a1d8888d737f360f825713b8,extended,00AD,fragment,,0,3,True,[],"[{""original_token"": ""guaranteed"", ""salted_token"": ""g­u­a­r­a­n­t­e­e­d"", ""start"": 229, ""end"": 239, ""salt_mode"": ""fragment"", ""fragment_max_positions"": null}, {""original_token"": ""premium"", ""salted_token"": ""p­r­e­m­i­u­m"", ""start"": 246, ""end"": 253, ""salt_mode"": ""fragment"", ""fragment_max_positions"": null}, {""original_token"": ""attained"", ""salted_token"": ""a­t­t­a­i­n­e­d"", ""start"": 271, ""end"": 279, ""salt_mode"": ""fragment"", ""fragment_max_positions"": null}]"
00455.8ccdcb205b6f8c3958bb3b2d39edca46,00455__salted__extended__cp200B__fragment.8ccdcb205b6f8c3958bb3b2d39edca46,extended,200B,fragment,,1,0,False,"[{""original_token"": ""ADV"", ""salted_token"": ""A​D​V"", ""start"": 0, ""end"": 3, ""salt_mode"": ""fragment"", ""fragment_max_positions"": null}]",[]
00455.8ccdcb205b6f8c3958bb3b2d39edca46,00455__salted__extended__cp200C__fragment.8ccdcb205b6f8c3958bb3b2d39edca46,extended,200C,fragment,,1,0,False,"[{""original_token"": ""ADV"", ""salted_token"": ""A‌D‌V"", ""start"": 0, ""end"": 3, ""salt_mode"": ""fragment"", ""fragment_max_positions"": null}]",[]
00455.8ccdcb205b6f8c3958bb3b2d39edca46,00455__salted__extended__cp200D__fragment.8ccdcb205b6f8c3958bb3b2d39edca46,extended,200D,fragment,,1,0,False,"[{""original_token"": ""ADV"", ""salted_token"": ""A‍D‍V"", ""start"": 0, ""end"": 3, ""salt_mode"": ""fragment"", ""fragment_max_positions"": null}]",[]
00455.8ccdcb205b6f8c3958bb3b2d39edca46,00455__salted__extended__cp00AD__fragment.8ccdcb205b6f8c3958bb3b2d39edca46,extended,00AD,fragment,,1,0,False,"[{""original_token"": ""ADV"", ""salted_token"": ""A­D­V"", ""start"": 0, ""end"": 3, ""salt_mode"": ""fragment"", ""fragment_max_positions"": null}]",[]
00458.62211764fde0dd7128ea4146268b40dd,00458__salted__extended__cp200B__fragment.62211764fde0dd7128ea4146268b40dd,extended,200B,fragment,,0,3,True,[],"[{""original_token"": ""earn"", ""salted_token"": ""e​a​r​n"", ""start"": 203, ""end"": 207, ""salt_mode"": ""fragment"", ""fragment_max_positions"": null}, {""original_token"": ""click"", ""salted_token"": ""c​l​i​c​k"", ""start"": 477, ""end"": 482, ""salt_mode"": ""fragment"", ""fragment_max_positions"": null}, {""original_token"": ""click"", ""salted_token"": ""c​l​i​c​k"", ""start"": 907, ""end"": 912, ""salt_mode"": ""fragment"", ""fragment_max_positions"": null}]"
00458.62211764fde0dd7128ea4146268b40dd,00458__salted__extended__cp200C__fragment.62211764fde0dd7128ea4146268b40dd,extended,200C,fragment,,0,3,True,[],"[{""original_token"": ""earn"", ""salted_token"": ""e‌a‌r‌n"", ""start"": 203, ""end"": 207, ""salt_mode"": ""fragment"", ""fragment_max_positions"": null}, {""original_token"": ""click"", ""salted_token"": ""c‌l‌i‌c‌k"", ""start"": 477, ""end"": 482, ""salt_mode"": ""fragment"", ""fragment_max_positions"": null}, {""original_token"": ""click"", ""salted_token"": ""c‌l‌i‌c‌k"", ""start"": 907, ""end"": 912, ""salt_mode"": ""fragment"", ""fragment_max_positions"": null}]"
00458.62211764fde0dd7128ea4146268b40dd,00458__salted__extended__cp200D__fragment.62211764fde0dd7128ea4146268b40dd,extended,200D,fragment,,0,3,True,[],"[{""original_token"": ""earn"", ""salted_token"": ""e‍a‍r‍n"", ""start"": 203, ""end"": 207, ""salt_mode"": ""fragment"", ""fragment_max_positions"": null}, {""original_token"": ""click"", ""salted_token"": ""c‍l‍i‍c‍k"", ""start"": 477, ""end"": 482, ""salt_mode"": ""fragment"", ""fragment_max_positions"": null}, {""original_token"": ""click"", ""salted_token"": ""c‍l‍i‍c‍k"", ""start"": 907, ""end"": 912, ""salt_mode"": ""fragment"", ""fragment_max_positions"": null}]"
00458.62211764fde0dd7128ea4146268b40dd,00458__salted__extended__cp00AD__fragment.62211764fde0dd7128ea4146268b40dd,extended,00AD,fragment,,0,3,True,[],"[{""original_token"": ""earn"", ""salted_token"": ""e­a­r­n"", ""start"": 203, ""end"": 207, ""salt_mode"": ""fragment"", ""fragment_max_positions"": null}, {""original_token"": ""click"", ""salted_token"": ""c­l­i­c­k"", ""start"": 477, ""end"": 482, ""salt_mode"": ""fragment"", ""fragment_max_positions"": null}, {""original_token"": ""click"", ""salted_token"": ""c­l­i­c­k"", ""start"": 907, ""end"": 912, ""salt_mode"": ""fragment"", ""fragment_max_positions"": null}]"
00467.3748c927c32a9c4e8988dad52a843b5c,00467__salted__extended__cp200B__fragment.3748c927c32a9c4e8988dad52a843b5c,extended,200B,fragment,,0,3,True,[],"[{""original_token"": ""qualified"", ""salted_token"": ""q​u​a​l​i​f​i​e​d"", ""start"": 159, ""end"": 168, ""salt_mode"": ""fragment"", ""fragment_max_positions"": null}, {""original_token"": ""Click"", ""salted_token"": ""C​l​i​c​k"", ""start"": 655, ""end"": 660, ""salt_mode"": ""fragment"", ""fragment_max_positions"": null}, {""original_token"": ""receive"", ""salted_token"": ""r​e​c​e​i​v​e"", ""start"": 853, ""end"": 860, ""salt_mode"": ""fragment"", ""fragment_max_positions"": null}]"
00467.3748c927c32a9c4e8988dad52a843b5c,00467__salted__extended__cp200C__fragment.3748c927c32a9c4e8988dad52a843b5c,extended,200C,fragment,,0,3,True,[],"[{""original_token"": ""qualified"", ""salted_token"": ""q‌u‌a‌l‌i‌f‌i‌e‌d"", ""start"": 159, ""end"": 168, ""salt_mode"": ""fragment"", ""fragment_max_positions"": null}, {""original_token"": ""Click"", ""salted_token"": ""C‌l‌i‌c‌k"", ""start"": 655, ""end"": 660, ""salt_mode"": ""fragment"", ""fragment_max_positions"": null}, {""original_token"": ""receive"", ""salted_token"": ""r‌e‌c‌e‌i‌v‌e"", ""start"": 853, ""end"": 860, ""salt_mode"": ""fragment"", ""fragment_max_positions"": null}]"
00467.3748c927c32a9c4e8988dad52a843b5c,00467__salted__extended__cp200D__fragment.3748c927c32a9c4e8988dad52a843b5c,extended,200D,fragment,,0,3,True,[],"[{""original_token"": ""qualified"", ""salted_token"": ""q‍u‍a‍l‍i‍f‍i‍e‍d"", ""start"": 159, ""end"": 168, ""salt_mode"": ""fragment"", ""fragment_max_positions"": null}, {""original_token"": ""Click"", ""salted_token"": ""C‍l‍i‍c‍k"", ""start"": 655, ""end"": 660, ""salt_mode"": ""fragment"", ""fragment_max_positions"": null}, {""original_token"": ""receive"", ""salted_token"": ""r‍e‍c‍e‍i‍v‍e"", ""start"": 853, ""end"": 860, ""salt_mode"": ""fragment"", ""fragment_max_positions"": null}]"
00467.3748c927c32a9c4e8988dad52a843b5c,00467__salted__extended__cp00AD__fragment.3748c927c32a9c4e8988dad52a843b5c,extended,00AD,fragment,,0,3,True,[],"[{""original_token"": ""qualified"", ""salted_token"": ""q­u­a­l­i­f­i­e­d"", ""start"": 159, ""end"": 168, ""salt_mode"": ""fragment"", ""fragment_max_positions"": null}, {""original_token"": ""Click"", ""salted_token"": ""C­l­i­c­k"", ""start"": 655, ""end"": 660, ""salt_mode"": ""fragment"", ""fragment_max_positions"": null}, {""original_token"": ""receive"", ""salted_token"": ""r­e­c­e­i­v­e"", ""start"": 853, ""end"": 860, ""salt_mode"": ""fragment"", ""fragment_max_positions"": null}]"
00475.71f75afb1960d619af86e1c64dcb11fc,00475__salted__extended__cp200B__fragment.71f75afb1960d619af86e1c64dcb11fc,extended,200B,fragment,,1,3,True,"[{""original_token"": ""Commissions"", ""salted_token"": ""C​o​m​m​i​s​s​i​o​n​s"", ""start"": 0, ""end"": 11, ""salt_mode"": ""fragment"", ""fragment_max_positions"": null}]","[{""original_token"": ""Premium"", ""salted_token"": ""P​r​e​m​i​u​m"", ""start"": 51, ""end"": 58, ""salt_mode"": ""fragment"", ""fragment_max_positions"": null}, {""original_token"": ""receive"", ""salted_token"": ""r​e​c​e​i​v​e"", ""start"": 759, ""end"": 766, ""salt_mode"": ""fragment"", ""fragment_max_positions"": null}, {""original_token"": ""receive"", ""salted_token"": ""r​e​c​e​i​v​e"", ""start"": 800, ""end"": 807, ""salt_mode"": ""fragment"", ""fragment_max_positions"": null}]"
00475.71f75afb1960d619af86e1c64dcb11fc,00475__salted__extended__cp200C__fragment.71f75afb1960d619af86e1c64dcb11fc,extended,200C,fragment,,1,3,True,"[{""original_token"": ""Commissions"", ""salted_token"": ""C‌o‌m‌m‌i‌s‌s‌i‌o‌n‌s"", ""start"": 0, ""end"": 11, ""salt_mode"": ""fragment"", ""fragment_max_positions"": null}]","[{""original_token"": ""Premium"", ""salted_token"": ""P‌r‌e‌m‌i‌u‌m"", ""start"": 51, ""end"": 58, ""salt_mode"": ""fragment"", ""fragment_max_positions"": null}, {""original_token"": ""receive"", ""salted_token"": ""r‌e‌c‌e‌i‌v‌e"", ""start"": 759, ""end"": 766, ""salt_mode"": ""fragment"", ""fragment_max_positions"": null}, {""original_token"": ""receive"", ""salted_token"": ""r‌e‌c‌e‌i‌v‌e"", ""start"": 800, ""end"": 807, ""salt_mode"": ""fragment"", ""fragment_max_positions"": null}]"
00475.71f75afb1960d619af86e1c64dcb11fc,00475__salted__extended__cp200D__fragment.71f75afb1960d619af86e1c64dcb11fc,extended,200D,fragment,,1,3,True,"[{""original_token"": ""Commissions"", ""salted_token"": ""C‍o‍m‍m‍i‍s‍s‍i‍o‍n‍s"", ""start"": 0, ""end"": 11, ""salt_mode"": ""fragment"", ""fragment_max_positions"": null}]","[{""original_token"": ""Premium"", ""salted_token"": ""P‍r‍e‍m‍i‍u‍m"", ""start"": 51, ""end"": 58, ""salt_mode"": ""fragment"", ""fragment_max_positions"": null}, {""original_token"": ""receive"", ""salted_token"": ""r‍e‍c‍e‍i‍v‍e"", ""start"": 759, ""end"": 766, ""salt_mode"": ""fragment"", ""fragment_max_positions"": null}, {""original_token"": ""receive"", ""salted_token"": ""r‍e‍c‍e‍i‍v‍e"", ""start"": 800, ""end"": 807, ""salt_mode"": ""fragment"", ""fragment_max_positions"": null}]"
00475.71f75afb1960d619af86e1c64dcb11fc,00475__salted__extended__cp00AD__fragment.71f75afb1960d619af86e1c64dcb11fc,extended,00AD,fragment,,1,3,True,"[{""original_token"": ""Commissions"", ""salted_token"": ""C­o­m­m­i­s­s­i­o­n­s"", ""start"": 0, ""end"": 11, ""salt_mode"": ""fragment"", ""fragment_max_positions"": null}]","[{""original_token"": ""Premium"", ""salted_token"": ""P­r­e­m­i­u­m"", ""start"": 51, ""end"": 58, ""salt_mode"": ""fragment"", ""fragment_max_positions"": null}, {""original_token"": ""receive"", ""salted_token"": ""r­e­c­e­i­v­e"", ""start"": 759, ""end"": 766, ""salt_mode"": ""fragment"", ""fragment_max_positions"": null}, {""original_token"": ""receive"", ""salted_token"": ""r­e­c­e­i­v­e"", ""start"": 800, ""end"": 807, ""salt_mode"": ""fragment"", ""fragment_max_positions"": null}]"
00482.f839ea522f1ee459661a6b2fbd71e823,00482__salted__extended__cp200B__fragment.f839ea522f1ee459661a6b2fbd71e823,extended,200B,fragment,,1,0,False,"[{""original_token"": ""ADV"", ""salted_token"": ""A​D​V"", ""start"": 0, ""end"": 3, ""salt_mode"": ""fragment"", ""fragment_max_positions"": null}]",[]
00482.f839ea522f1ee459661a6b2fbd71e823,00482__salted__extended__cp200C__fragment.f839ea522f1ee459661a6b2fbd71e823,extended,200C,fragment,,1,0,False,"[{""original_token"": ""ADV"", ""salted_token"": ""A‌D‌V"", ""start"": 0, ""end"": 3, ""salt_mode"": ""fragment"", ""fragment_max_positions"": null}]",[]
00482.f839ea522f1ee459661a6b2fbd71e823,00482__salted__extended__cp200D__fragment.f839ea522f1ee459661a6b2fbd71e823,extended,200D,fragment,,1,0,False,"[{""original_token"": ""ADV"", ""salted_token"": ""A‍D‍V"", ""start"": 0, ""end"": 3, ""salt_mode"": ""fragment"", ""fragment_max_positions"": null}]",[]
00482.f839ea522f1ee459661a6b2fbd71e823,00482__salted__extended__cp00AD__fragment.f839ea522f1ee459661a6b2fbd71e823,extended,00AD,fragment,,1,0,False,"[{""original_token"": ""ADV"", ""salted_token"": ""A­D­V"", ""start"": 0, ""end"": 3, ""salt_mode"": ""fragment"", ""fragment_max_positions"": null}]",[]
00483.e583ffb0efd3958cdef2e9f3b043ef0d,00483__salted__extended__cp200B__fragment.e583ffb0efd3958cdef2e9f3b043ef0d,extended,200B,fragment,,1,0,False,"[{""original_token"": ""Herbal"", ""salted_token"": ""H​e​r​b​a​l"", ""start"": 0, ""end"": 6, ""salt_mode"": ""fragment"", ""fragment_max_positions"": null}]",[]
00483.e583ffb0efd3958cdef2e9f3b043ef0d,00483__salted__extended__cp200C__fragment.e583ffb0efd3958cdef2e9f3b043ef0d,extended,200C,fragment,,1,0,False,"[{""original_token"": ""Herbal"", ""salted_token"": ""H‌e‌r‌b‌a‌l"", ""start"": 0, ""end"": 6, ""salt_mode"": ""fragment"", ""fragment_max_positions"": null}]",[]
00483.e583ffb0efd3958cdef2e9f3b043ef0d,00483__salted__extended__cp200D__fragment.e583ffb0efd3958cdef2e9f3b043ef0d,extended,200D,fragment,,1,0,False,"[{""original_token"": ""Herbal"", ""salted_token"": ""H‍e‍r‍b‍a‍l"", ""start"": 0, ""end"": 6, ""salt_mode"": ""fragment"", ""fragment_max_positions"": null}]",[]
00483.e583ffb0efd3958cdef2e9f3b043ef0d,00483__salted__extended__cp00AD__fragment.e583ffb0efd3958cdef2e9f3b043ef0d,extended,00AD,fragment,,1,0,False,"[{""original_token"": ""Herbal"", ""salted_token"": ""H­e­r­b­a­l"", ""start"": 0, ""end"": 6, ""salt_mode"": ""fragment"", ""fragment_max_positions"": null}]",[]
00485.a5d28b804adbceff7fd75ed9fc8138bb,00485__salted__extended__cp200B__fragment.a5d28b804adbceff7fd75ed9fc8138bb,extended,200B,fragment,,0,3,True,[],"[{""original_token"": ""MLM"", ""salted_token"": ""M​L​M"", ""start"": 233, ""end"": 236, ""salt_mode"": ""fragment"", ""fragment_max_positions"": null}, {""original_token"": ""promotion"", ""salted_token"": ""p​r​o​m​o​t​i​o​n"", ""start"": 378, ""end"": 387, ""salt_mode"": ""fragment"", ""fragment_max_positions"": null}, {""original_token"": ""affordable"", ""salted_token"": ""a​f​f​o​r​d​a​b​l​e"", ""start"": 463, ""end"": 473, ""salt_mode"": ""fragment"", ""fragment_max_positions"": null}]"
00485.a5d28b804adbceff7fd75ed9fc8138bb,00485__salted__extended__cp200C__fragment.a5d28b804adbceff7fd75ed9fc8138bb,extended,200C,fragment,,0,3,True,[],"[{""original_token"": ""MLM"", ""salted_token"": ""M‌L‌M"", ""start"": 233, ""end"": 236, ""salt_mode"": ""fragment"", ""fragment_max_positions"": null}, {""original_token"": ""promotion"", ""salted_token"": ""p‌r‌o‌m‌o‌t‌i‌o‌n"", ""start"": 378, ""end"": 387, ""salt_mode"": ""fragment"", ""fragment_max_positions"": null}, {""original_token"": ""affordable"", ""salted_token"": ""a‌f‌f‌o‌r‌d‌a‌b‌l‌e"", ""start"": 463, ""end"": 473, ""salt_mode"": ""fragment"", ""fragment_max_positions"": null}]"
00485.a5d28b804adbceff7fd75ed9fc8138bb,00485__salted__extended__cp200D__fragment.a5d28b804adbceff7fd75ed9fc8138bb,extended,200D,fragment,,0,3,True,[],"[{""original_token"": ""MLM"", ""salted_token"": ""M‍L‍M"", ""start"": 233, ""end"": 236, ""salt_mode"": ""fragment"", ""fragment_max_positions"": null}, {""original_token"": ""promotion"", ""salted_token"": ""p‍r‍o‍m‍o‍t‍i‍o‍n"", ""start"": 378, ""end"": 387, ""salt_mode"": ""fragment"", ""fragment_max_positions"": null}, {""original_token"": ""affordable"", ""salted_token"": ""a‍f‍f‍o‍r‍d‍a‍b‍l‍e"", ""start"": 463, ""end"": 473, ""salt_mode"": ""fragment"", ""fragment_max_positions"": null}]"
00485.a5d28b804adbceff7fd75ed9fc8138bb,00485__salted__extended__cp00AD__fragment.a5d28b804adbceff7fd75ed9fc8138bb,extended,00AD,fragment,,0,3,True,[],"[{""original_token"": ""MLM"", ""salted_token"": ""M­L­M"", ""start"": 233, ""end"": 236, ""salt_mode"": ""fragment"", ""fragment_max_positions"": null}, {""original_token"": ""promotion"", ""salted_token"": ""p­r­o­m­o­t­i­o­n"", ""start"": 378, ""end"": 387, ""salt_mode"": ""fragment"", ""fragment_max_positions"": null}, {""original_token"": ""affordable"", ""salted_token"": ""a­f­f­o­r­d­a­b­l­e"", ""start"": 463, ""end"": 473, ""salt_mode"": ""fragment"", ""fragment_max_positions"": null}]"
00494.6d13d2217c5cc00c26b72d97c7fe6014,00494__salted__extended__cp200B__fragment.6d13d2217c5cc00c26b72d97c7fe6014,extended,200B,fragment,,1,0,False,"[{""original_token"": ""insurance"", ""salted_token"": ""i​n​s​u​r​a​n​c​e"", ""start"": 25, ""end"": 34, ""salt_mode"": ""fragment"", ""fragment_max_positions"": null}]",[]
00494.6d13d2217c5cc00c26b72d97c7fe6014,00494__salted__extended__cp200C__fragment.6d13d2217c5cc00c26b72d97c7fe6014,extended,200C,fragment,,1,0,False,"[{""original_token"": ""insurance"", ""salted_token"": ""i‌n‌s‌u‌r‌a‌n‌c‌e"", ""start"": 25, ""end"": 34, ""salt_mode"": ""fragment"", ""fragment_max_positions"": null}]",[]
00494.6d13d2217c5cc00c26b72d97c7fe6014,00494__salted__extended__cp200D__fragment.6d13d2217c5cc00c26b72d97c7fe6014,extended,200D,fragment,,1,0,False,"[{""original_token"": ""insurance"", ""salted_token"": ""i‍n‍s‍u‍r‍a‍n‍c‍e"", ""start"": 25, ""end"": 34, ""salt_mode"": ""fragment"", ""fragment_max_positions"": null}]",[]
00494.6d13d2217c5cc00c26b72d97c7fe6014,00494__salted__extended__cp00AD__fragment.6d13d2217c5cc00c26b72d97c7fe6014,extended,00AD,fragment,,1,0,False,"[{""original_token"": ""insurance"", ""salted_token"": ""i­n­s­u­r­a­n­c­e"", ""start"": 25, ""end"": 34, ""salt_mode"": ""fragment"", ""fragment_max_positions"": null}]",[]
00494.fd2efa67e63247ee89cdcf3a6fe7906d,00494__salted__extended__cp200B__fragment.fd2efa67e63247ee89cdcf3a6fe7906d,extended,200B,fragment,,0,3,True,[],"[{""original_token"": ""ATTN"", ""salted_token"": ""A​T​T​N"", ""start"": 0, ""end"": 4, ""salt_mode"": ""fragment"", ""fragment_max_positions"": null}, {""original_token"": ""SIR"", ""salted_token"": ""S​I​R"", ""start"": 5, ""end"": 8, ""salt_mode"": ""fragment"", ""fragment_max_positions"": null}, {""original_token"": ""assistance"", ""salted_token"": ""a​s​s​i​s​t​a​n​c​e"", ""start"": 365, ""end"": 375, ""salt_mode"": ""fragment"", ""fragment_max_positions"": null}]"
00494.fd2efa67e63247ee89cdcf3a6fe7906d,00494__salted__extended__cp200C__fragment.fd2efa67e63247ee89cdcf3a6fe7906d,extended,200C,fragment,,0,3,True,[],"[{""original_token"": ""ATTN"", ""salted_token"": ""A‌T‌T‌N"", ""start"": 0, ""end"": 4, ""salt_mode"": ""fragment"", ""fragment_max_positions"": null}, {""original_token"": ""SIR"", ""salted_token"": ""S‌I‌R"", ""start"": 5, ""end"": 8, ""salt_mode"": ""fragment"", ""fragment_max_positions"": null}, {""original_token"": ""assistance"", ""salted_token"": ""a‌s‌s‌i‌s‌t‌a‌n‌c‌e"", ""start"": 365, ""end"": 375, ""salt_mode"": ""fragment"", ""fragment_max_positions"": null}]"
00494.fd2efa67e63247ee89cdcf3a6fe7906d,00494__salted__extended__cp200D__fragment.fd2efa67e63247ee89cdcf3a6fe7906d,extended,200D,fragment,,0,3,True,[],"[{""original_token"": ""ATTN"", ""salted_token"": ""A‍T‍T‍N"", ""start"": 0, ""end"": 4, ""salt_mode"": ""fragment"", ""fragment_max_positions"": null}, {""original_token"": ""SIR"", ""salted_token"": ""S‍I‍R"", ""start"": 5, ""end"": 8, ""salt_mode"": ""fragment"", ""fragment_max_positions"": null}, {""original_token"": ""assistance"", ""salted_token"": ""a‍s‍s‍i‍s‍t‍a‍n‍c‍e"", ""start"": 365, ""end"": 375, ""salt_mode"": ""fragment"", ""fragment_max_positions"": null}]"
00494.fd2efa67e63247ee89cdcf3a6fe7906d,00494__salted__extended__cp00AD__fragment.fd2efa67e63247ee89cdcf3a6fe7906d,extended,00AD,fragment,,0,3,True,[],"[{""original_token"": ""ATTN"", ""salted_token"": ""A­T­T­N"", ""start"": 0, ""end"": 4, ""salt_mode"": ""fragment"", ""fragment_max_positions"": null}, {""original_token"": ""SIR"", ""salted_token"": ""S­I­R"", ""start"": 5, ""end"": 8, ""salt_mode"": ""fragment"", ""fragment_max_positions"": null}, {""original_token"": ""assistance"", ""salted_token"": ""a­s­s­i­s­t­a­n­c­e"", ""start"": 365, ""end"": 375, ""salt_mode"": ""fragment"", ""fragment_max_positions"": null}]"
00506.85af6cd716febc6265ac7b362a4a1da6,00506__salted__extended__cp200B__fragment.85af6cd716febc6265ac7b362a4a1da6,extended,200B,fragment,,1,0,False,"[{""original_token"": ""MORTGAGE"", ""salted_token"": ""M​O​R​T​G​A​G​E"", ""start"": 21, ""end"": 29, ""salt_mode"": ""fragment"", ""fragment_max_positions"": null}]",[]
00506.85af6cd716febc6265ac7b362a4a1da6,00506__salted__extended__cp200C__fragment.85af6cd716febc6265ac7b362a4a1da6,extended,200C,fragment,,1,0,False,"[{""original_token"": ""MORTGAGE"", ""salted_token"": ""M‌O‌R‌T‌G‌A‌G‌E"", ""start"": 21, ""end"": 29, ""salt_mode"": ""fragment"", ""fragment_max_positions"": null}]",[]
00506.85af6cd716febc6265ac7b362a4a1da6,00506__salted__extended__cp200D__fragment.85af6cd716febc6265ac7b362a4a1da6,extended,200D,fragment,,1,0,False,"[{""original_token"": ""MORTGAGE"", ""salted_token"": ""M‍O‍R‍T‍G‍A‍G‍E"", ""start"": 21, ""end"": 29, ""salt_mode"": ""fragment"", ""fragment_max_positions"": null}]",[]
00506.85af6cd716febc6265ac7b362a4a1da6,00506__salted__extended__cp00AD__fragment.85af6cd716febc6265ac7b362a4a1da6,extended,00AD,fragment,,1,0,False,"[{""original_token"": ""MORTGAGE"", ""salted_token"": ""M­O­R­T­G­A­G­E"", ""start"": 21, ""end"": 29, ""salt_mode"": ""fragment"", ""fragment_max_positions"": null}]",[]
00509.385c788f39e46a86be4c6af8679a0c80,00509__salted__extended__cp200B__fragment.385c788f39e46a86be4c6af8679a0c80,extended,200B,fragment,,0,3,True,[],"[{""original_token"": ""Postal"", ""salted_token"": ""P​o​s​t​a​l"", ""start"": 1976, ""end"": 1982, ""salt_mode"": ""fragment"", ""fragment_max_positions"": null}, {""original_token"": ""MasterCard"", ""salted_token"": ""M​a​s​t​e​r​C​a​r​d"", ""start"": 2046, ""end"": 2056, ""salt_mode"": ""fragment"", ""fragment_max_positions"": null}, {""original_token"": ""Postal"", ""salted_token"": ""P​o​s​t​a​l"", ""start"": 2497, ""end"": 2503, ""salt_mode"": ""fragment"", ""fragment_max_positions"": null}]"
00509.385c788f39e46a86be4c6af8679a0c80,00509__salted__extended__cp200C__fragment.385c788f39e46a86be4c6af8679a0c80,extended,200C,fragment,,0,3,True,[],"[{""original_token"": ""Postal"", ""salted_token"": ""P‌o‌s‌t‌a‌l"", ""start"": 1976, ""end"": 1982, ""salt_mode"": ""fragment"", ""fragment_max_positions"": null}, {""original_token"": ""MasterCard"", ""salted_token"": ""M‌a‌s‌t‌e‌r‌C‌a‌r‌d"", ""start"": 2046, ""end"": 2056, ""salt_mode"": ""fragment"", ""fragment_max_positions"": null}, {""original_token"": ""Postal"", ""salted_token"": ""P‌o‌s‌t‌a‌l"", ""start"": 2497, ""end"": 2503, ""salt_mode"": ""fragment"", ""fragment_max_positions"": null}]"
00509.385c788f39e46a86be4c6af8679a0c80,00509__salted__extended__cp200D__fragment.385c788f39e46a86be4c6af8679a0c80,extended,200D,fragment,,0,3,True,[],"[{""original_token"": ""Postal"", ""salted_token"": ""P‍o‍s‍t‍a‍l"", ""start"": 1976, ""end"": 1982, ""salt_mode"": ""fragment"", ""fragment_max_positions"": null}, {""original_token"": ""MasterCard"", ""salted_token"": ""M‍a‍s‍t‍e‍r‍C‍a‍r‍d"", ""start"": 2046, ""end"": 2056, ""salt_mode"": ""fragment"", ""fragment_max_positions"": null}, {""original_token"": ""Postal"", ""salted_token"": ""P‍o‍s‍t‍a‍l"", ""start"": 2497, ""end"": 2503, ""salt_mode"": ""fragment"", ""fragment_max_positions"": null}]"
00509.385c788f39e46a86be4c6af8679a0c80,00509__salted__extended__cp00AD__fragment.385c788f39e46a86be4c6af8679a0c80,extended,00AD,fragment,,0,3,True,[],"[{""original_token"": ""Postal"", ""salted_token"": ""P­o­s­t­a­l"", ""start"": 1976, ""end"": 1982, ""salt_mode"": ""fragment"", ""fragment_max_positions"": null}, {""original_token"": ""MasterCard"", ""salted_token"": ""M­a­s­t­e­r­C­a­r­d"", ""start"": 2046, ""end"": 2056, ""salt_mode"": ""fragment"", ""fragment_max_positions"": null}, {""original_token"": ""Postal"", ""salted_token"": ""P­o­s­t­a­l"", ""start"": 2497, ""end"": 2503, ""salt_mode"": ""fragment"", ""fragment_max_positions"": null}]"
00510.ce04ead27e498e82285ea6dbb0837c13,00510__salted__extended__cp200B__fragment.ce04ead27e498e82285ea6dbb0837c13,extended,200B,fragment,,1,2,True,"[{""original_token"": ""adv"", ""salted_token"": ""a​d​v"", ""start"": 0, ""end"": 3, ""salt_mode"": ""fragment"", ""fragment_max_positions"": null}]","[{""original_token"": ""Dear"", ""salted_token"": ""D​e​a​r"", ""start"": 0, ""end"": 4, ""salt_mode"": ""fragment"", ""fragment_max_positions"": null}, {""original_token"": ""Click"", ""salted_token"": ""C​l​i​c​k"", ""start"": 995, ""end"": 1000, ""salt_mode"": ""fragment"", ""fragment_max_positions"": null}]"
00510.ce04ead27e498e82285ea6dbb0837c13,00510__salted__extended__cp200C__fragment.ce04ead27e498e82285ea6dbb0837c13,extended,200C,fragment,,1,2,True,"[{""original_token"": ""adv"", ""salted_token"": ""a‌d‌v"", ""start"": 0, ""end"": 3, ""salt_mode"": ""fragment"", ""fragment_max_positions"": null}]","[{""original_token"": ""Dear"", ""salted_token"": ""D‌e‌a‌r"", ""start"": 0, ""end"": 4, ""salt_mode"": ""fragment"", ""fragment_max_positions"": null}, {""original_token"": ""Click"", ""salted_token"": ""C‌l‌i‌c‌k"", ""start"": 995, ""end"": 1000, ""salt_mode"": ""fragment"", ""fragment_max_positions"": null}]"
00510.ce04ead27e498e82285ea6dbb0837c13,00510__salted__extended__cp200D__fragment.ce04ead27e498e82285ea6dbb0837c13,extended,200D,fragment,,1,2,True,"[{""original_token"": ""adv"", ""salted_token"": ""a‍d‍v"", ""start"": 0, ""end"": 3, ""salt_mode"": ""fragment"", ""fragment_max_positions"": null}]","[{""original_token"": ""Dear"", ""salted_token"": ""D‍e‍a‍r"", ""start"": 0, ""end"": 4, ""salt_mode"": ""fragment"", ""fragment_max_positions"": null}, {""original_token"": ""Click"", ""salted_token"": ""C‍l‍i‍c‍k"", ""start"": 995, ""end"": 1000, ""salt_mode"": ""fragment"", ""fragment_max_positions"": null}]"
00510.ce04ead27e498e82285ea6dbb0837c13,00510__salted__extended__cp00AD__fragment.ce04ead27e498e82285ea6dbb0837c13,extended,00AD,fragment,,1,2,True,"[{""original_token"": ""adv"", ""salted_token"": ""a­d­v"", ""start"": 0, ""end"": 3, ""salt_mode"": ""fragment"", ""fragment_max_positions"": null}]","[{""original_token"": ""Dear"", ""salted_token"": ""D­e­a­r"", ""start"": 0, ""end"": 4, ""salt_mode"": ""fragment"", ""fragment_max_positions"": null}, {""original_token"": ""Click"", ""salted_token"": ""C­l­i­c­k"", ""start"": 995, ""end"": 1000, ""salt_mode"": ""fragment"", ""fragment_max_positions"": null}]"
00523.8dad1340c87f606b1f0696df64d9063c,00523__salted__extended__cp200B__fragment.8dad1340c87f606b1f0696df64d9063c,extended,200B,fragment,,1,0,False,"[{""original_token"": ""MORTGAGE"", ""salted_token"": ""M​O​R​T​G​A​G​E"", ""start"": 24, ""end"": 32, ""salt_mode"": ""fragment"", ""fragment_max_positions"": null}]",[]
00523.8dad1340c87f606b1f0696df64d9063c,00523__salted__extended__cp200C__fragment.8dad1340c87f606b1f0696df64d9063c,extended,200C,fragment,,1,0,False,"[{""original_token"": ""MORTGAGE"", ""salted_token"": ""M‌O‌R‌T‌G‌A‌G‌E"", ""start"": 24, ""end"": 32, ""salt_mode"": ""fragment"", ""fragment_max_positions"": null}]",[]
00523.8dad1340c87f606b1f0696df64d9063c,00523__salted__extended__cp200D__fragment.8dad1340c87f606b1f0696df64d9063c,extended,200D,fragment,,1,0,False,"[{""original_token"": ""MORTGAGE"", ""salted_token"": ""M‍O‍R‍T‍G‍A‍G‍E"", ""start"": 24, ""end"": 32, ""salt_mode"": ""fragment"", ""fragment_max_positions"": null}]",[]
00523.8dad1340c87f606b1f0696df64d9063c,00523__salted__extended__cp00AD__fragment.8dad1340c87f606b1f0696df64d9063c,extended,00AD,fragment,,1,0,False,"[{""original_token"": ""MORTGAGE"", ""salted_token"": ""M­O­R­T­G­A­G­E"", ""start"": 24, ""end"": 32, ""salt_mode"": ""fragment"", ""fragment_max_positions"": null}]",[]
00531.f3fffa4504c7009a03dd0d44a4562a84,00531__salted__extended__cp200B__fragment.f3fffa4504c7009a03dd0d44a4562a84,extended,200B,fragment,,1,0,False,"[{""original_token"": ""ordering"", ""salted_token"": ""o​r​d​e​r​i​n​g"", ""start"": 5, ""end"": 13, ""salt_mode"": ""fragment"", ""fragment_max_positions"": null}]",[]
00531.f3fffa4504c7009a03dd0d44a4562a84,00531__salted__extended__cp200C__fragment.f3fffa4504c7009a03dd0d44a4562a84,extended,200C,fragment,,1,0,False,"[{""original_token"": ""ordering"", ""salted_token"": ""o‌r‌d‌e‌r‌i‌n‌g"", ""start"": 5, ""end"": 13, ""salt_mode"": ""fragment"", ""fragment_max_positions"": null}]",[]
00531.f3fffa4504c7009a03dd0d44a4562a84,00531__salted__extended__cp200D__fragment.f3fffa4504c7009a03dd0d44a4562a84,extended,200D,fragment,,1,0,False,"[{""original_token"": ""ordering"", ""salted_token"": ""o‍r‍d‍e‍r‍i‍n‍g"", ""start"": 5, ""end"": 13, ""salt_mode"": ""fragment"", ""fragment_max_positions"": null}]",[]
00531.f3fffa4504c7009a03dd0d44a4562a84,00531__salted__extended__cp00AD__fragment.f3fffa4504c7009a03dd0d44a4562a84,extended,00AD,fragment,,1,0,False,"[{""original_token"": ""ordering"", ""salted_token"": ""o­r­d­e­r­i­n­g"", ""start"": 5, ""end"": 13, ""salt_mode"": ""fragment"", ""fragment_max_positions"": null}]",[]
00554.c325ab7400fb7e3f053ed0cac4ed7545,00554__salted__extended__cp200B__fragment.c325ab7400fb7e3f053ed0cac4ed7545,extended,200B,fragment,,1,3,True,"[{""original_token"": ""Assistance"", ""salted_token"": ""A​s​s​i​s​t​a​n​c​e"", ""start"": 21, ""end"": 31, ""salt_mode"": ""fragment"", ""fragment_max_positions"": null}]","[{""original_token"": ""confidentiality"", ""salted_token"": ""c​o​n​f​i​d​e​n​t​i​a​l​i​t​y"", ""start"": 308, ""end"": 323, ""salt_mode"": ""fragment"", ""fragment_max_positions"": null}, {""original_token"": ""Nigeria"", ""salted_token"": ""N​i​g​e​r​i​a"", ""start"": 434, ""end"": 441, ""salt_mode"": ""fragment"", ""fragment_max_positions"": null}, {""original_token"": ""presently"", ""salted_token"": ""p​r​e​s​e​n​t​l​y"", ""start"": 525, ""end"": 534, ""salt_mode"": ""fragment"", ""fragment_max_positions"": null}]"
00554.c325ab7400fb7e3f053ed0cac4ed7545,00554__salted__extended__cp200C__fragment.c325ab7400fb7e3f053ed0cac4ed7545,extended,200C,fragment,,1,3,True,"[{""original_token"": ""Assistance"", ""salted_token"": ""A‌s‌s‌i‌s‌t‌a‌n‌c‌e"", ""start"": 21, ""end"": 31, ""salt_mode"": ""fragment"", ""fragment_max_positions"": null}]","[{""original_token"": ""confidentiality"", ""salted_token"": ""c‌o‌n‌f‌i‌d‌e‌n‌t‌i‌a‌l‌i‌t‌y"", ""start"": 308, ""end"": 323, ""salt_mode"": ""fragment"", ""fragment_max_positions"": null}, {""original_token"": ""Nigeria"", ""salted_token"": ""N‌i‌g‌e‌r‌i‌a"", ""start"": 434, ""end"": 441, ""salt_mode"": ""fragment"", ""fragment_max_positions"": null}, {""original_token"": ""presently"", ""salted_token"": ""p‌r‌e‌s‌e‌n‌t‌l‌y"", ""start"": 525, ""end"": 534, ""salt_mode"": ""fragment"", ""fragment_max_positions"": null}]"
00554.c325ab7400fb7e3f053ed0cac4ed7545,00554__salted__extended__cp200D__fragment.c325ab7400fb7e3f053ed0cac4ed7545,extended,200D,fragment,,1,3,True,"[{""original_token"": ""Assistance"", ""salted_token"": ""A‍s‍s‍i‍s‍t‍a‍n‍c‍e"", ""start"": 21, ""end"": 31, ""salt_mode"": ""fragment"", ""fragment_max_positions"": null}]","[{""original_token"": ""confidentiality"", ""salted_token"": ""c‍o‍n‍f‍i‍d‍e‍n‍t‍i‍a‍l‍i‍t‍y"", ""start"": 308, ""end"": 323, ""salt_mode"": ""fragment"", ""fragment_max_positions"": null}, {""original_token"": ""Nigeria"", ""salted_token"": ""N‍i‍g‍e‍r‍i‍a"", ""start"": 434, ""end"": 441, ""salt_mode"": ""fragment"", ""fragment_max_positions"": null}, {""original_token"": ""presently"", ""salted_token"": ""p‍r‍e‍s‍e‍n‍t‍l‍y"", ""start"": 525, ""end"": 534, ""salt_mode"": ""fragment"", ""fragment_max_positions"": null}]"
00554.c325ab7400fb7e3f053ed0cac4ed7545,00554__salted__extended__cp00AD__fragment.c325ab7400fb7e3f053ed0cac4ed7545,extended,00AD,fragment,,1,3,True,"[{""original_token"": ""Assistance"", ""salted_token"": ""A­s­s­i­s­t­a­n­c­e"", ""start"": 21, ""end"": 31, ""salt_mode"": ""fragment"", ""fragment_max_positions"": null}]","[{""original_token"": ""confidentiality"", ""salted_token"": ""c­o­n­f­i­d­e­n­t­i­a­l­i­t­y"", ""start"": 308, ""end"": 323, ""salt_mode"": ""fragment"", ""fragment_max_positions"": null}, {""original_token"": ""Nigeria"", ""salted_token"": ""N­i­g­e­r­i­a"", ""start"": 434, ""end"": 441, ""salt_mode"": ""fragment"", ""fragment_max_positions"": null}, {""original_token"": ""presently"", ""salted_token"": ""p­r­e­s­e­n­t­l­y"", ""start"": 525, ""end"": 534, ""salt_mode"": ""fragment"", ""fragment_max_positions"": null}]"
00568.9099cfcce869f4ecf337fc666f04c11d,00568__salted__extended__cp200B__fragment.9099cfcce869f4ecf337fc666f04c11d,extended,200B,fragment,,0,1,True,[],"[{""original_token"": ""Click"", ""salted_token"": ""C​l​i​c​k"", ""start"": 228, ""end"": 233, ""salt_mode"": ""fragment"", ""fragment_max_positions"": null}]"
00568.9099cfcce869f4ecf337fc666f04c11d,00568__salted__extended__cp200C__fragment.9099cfcce869f4ecf337fc666f04c11d,extended,200C,fragment,,0,1,True,[],"[{""original_token"": ""Click"", ""salted_token"": ""C‌l‌i‌c‌k"", ""start"": 228, ""end"": 233, ""salt_mode"": ""fragment"", ""fragment_max_positions"": null}]"
00568.9099cfcce869f4ecf337fc666f04c11d,00568__salted__extended__cp200D__fragment.9099cfcce869f4ecf337fc666f04c11d,extended,200D,fragment,,0,1,True,[],"[{""original_token"": ""Click"", ""salted_token"": ""C‍l‍i‍c‍k"", ""start"": 228, ""end"": 233, ""salt_mode"": ""fragment"", ""fragment_max_positions"": null}]"
00568.9099cfcce869f4ecf337fc666f04c11d,00568__salted__extended__cp00AD__fragment.9099cfcce869f4ecf337fc666f04c11d,extended,00AD,fragment,,0,1,True,[],"[{""original_token"": ""Click"", ""salted_token"": ""C­l­i­c­k"", ""start"": 228, ""end"": 233, ""salt_mode"": ""fragment"", ""fragment_max_positions"": null}]"
00582.2db3b12f1cbf87ef3a64d26c35561a5b,00582__salted__extended__cp200B__fragment.2db3b12f1cbf87ef3a64d26c35561a5b,extended,200B,fragment,,1,0,False,"[{""original_token"": ""ADV"", ""salted_token"": ""A​D​V"", ""start"": 0, ""end"": 3, ""salt_mode"": ""fragment"", ""fragment_max_positions"": null}]",[]
00582.2db3b12f1cbf87ef3a64d26c35561a5b,00582__salted__extended__cp200C__fragment.2db3b12f1cbf87ef3a64d26c35561a5b,extended,200C,fragment,,1,0,False,"[{""original_token"": ""ADV"", ""salted_token"": ""A‌D‌V"", ""start"": 0, ""end"": 3, ""salt_mode"": ""fragment"", ""fragment_max_positions"": null}]",[]
00582.2db3b12f1cbf87ef3a64d26c35561a5b,00582__salted__extended__cp200D__fragment.2db3b12f1cbf87ef3a64d26c35561a5b,extended,200D,fragment,,1,0,False,"[{""original_token"": ""ADV"", ""salted_token"": ""A‍D‍V"", ""start"": 0, ""end"": 3, ""salt_mode"": ""fragment"", ""fragment_max_positions"": null}]",[]
00582.2db3b12f1cbf87ef3a64d26c35561a5b,00582__salted__extended__cp00AD__fragment.2db3b12f1cbf87ef3a64d26c35561a5b,extended,00AD,fragment,,1,0,False,"[{""original_token"": ""ADV"", ""salted_token"": ""A­D­V"", ""start"": 0, ""end"": 3, ""salt_mode"": ""fragment"", ""fragment_max_positions"": null}]",[]
00602.8b839b13833d7ca3abd6f6179ccc0286,00602__salted__extended__cp200B__fragment.8b839b13833d7ca3abd6f6179ccc0286,extended,200B,fragment,,1,0,False,"[{""original_token"": ""Loan"", ""salted_token"": ""L​o​a​n"", ""start"": 26, ""end"": 30, ""salt_mode"": ""fragment"", ""fragment_max_positions"": null}]",[]
00602.8b839b13833d7ca3abd6f6179ccc0286,00602__salted__extended__cp200C__fragment.8b839b13833d7ca3abd6f6179ccc0286,extended,200C,fragment,,1,0,False,"[{""original_token"": ""Loan"", ""salted_token"": ""L‌o‌a‌n"", ""start"": 26, ""end"": 30, ""salt_mode"": ""fragment"", ""fragment_max_positions"": null}]",[]
00602.8b839b13833d7ca3abd6f6179ccc0286,00602__salted__extended__cp200D__fragment.8b839b13833d7ca3abd6f6179ccc0286,extended,200D,fragment,,1,0,False,"[{""original_token"": ""Loan"", ""salted_token"": ""L‍o‍a‍n"", ""start"": 26, ""end"": 30, ""salt_mode"": ""fragment"", ""fragment_max_positions"": null}]",[]
00602.8b839b13833d7ca3abd6f6179ccc0286,00602__salted__extended__cp00AD__fragment.8b839b13833d7ca3abd6f6179ccc0286,extended,00AD,fragment,,1,0,False,"[{""original_token"": ""Loan"", ""salted_token"": ""L­o­a­n"", ""start"": 26, ""end"": 30, ""salt_mode"": ""fragment"", ""fragment_max_positions"": null}]",[]
00615.e47bff6118d4ff6d98581fa6f40ab871,00615__salted__extended__cp200B__fragment.e47bff6118d4ff6d98581fa6f40ab871,extended,200B,fragment,,0,3,True,[],"[{""original_token"": ""lagos"", ""salted_token"": ""l​a​g​o​s"", ""start"": 37, ""end"": 42, ""salt_mode"": ""fragment"", ""fragment_max_positions"": null}, {""original_token"": ""Nigeria"", ""salted_token"": ""N​i​g​e​r​i​a"", ""start"": 43, ""end"": 50, ""salt_mode"": ""fragment"", ""fragment_max_positions"": null}, {""original_token"": ""Attn"", ""salted_token"": ""A​t​t​n"", ""start"": 53, ""end"": 57, ""salt_mode"": ""fragment"", ""fragment_max_positions"": null}]"
00615.e47bff6118d4ff6d98581fa6f40ab871,00615__salted__extended__cp200C__fragment.e47bff6118d4ff6d98581fa6f40ab871,extended,200C,fragment,,0,3,True,[],"[{""original_token"": ""lagos"", ""salted_token"": ""l‌a‌g‌o‌s"", ""start"": 37, ""end"": 42, ""salt_mode"": ""fragment"", ""fragment_max_positions"": null}, {""original_token"": ""Nigeria"", ""salted_token"": ""N‌i‌g‌e‌r‌i‌a"", ""start"": 43, ""end"": 50, ""salt_mode"": ""fragment"", ""fragment_max_positions"": null}, {""original_token"": ""Attn"", ""salted_token"": ""A‌t‌t‌n"", ""start"": 53, ""end"": 57, ""salt_mode"": ""fragment"", ""fragment_max_positions"": null}]"
00615.e47bff6118d4ff6d98581fa6f40ab871,00615__salted__extended__cp200D__fragment.e47bff6118d4ff6d98581fa6f40ab871,extended,200D,fragment,,0,3,True,[],"[{""original_token"": ""lagos"", ""salted_token"": ""l‍a‍g‍o‍s"", ""start"": 37, ""end"": 42, ""salt_mode"": ""fragment"", ""fragment_max_positions"": null}, {""original_token"": ""Nigeria"", ""salted_token"": ""N‍i‍g‍e‍r‍i‍a"", ""start"": 43, ""end"": 50, ""salt_mode"": ""fragment"", ""fragment_max_positions"": null}, {""original_token"": ""Attn"", ""salted_token"": ""A‍t‍t‍n"", ""start"": 53, ""end"": 57, ""salt_mode"": ""fragment"", ""fragment_max_positions"": null}]"
00615.e47bff6118d4ff6d98581fa6f40ab871,00615__salted__extended__cp00AD__fragment.e47bff6118d4ff6d98581fa6f40ab871,extended,00AD,fragment,,0,3,True,[],"[{""original_token"": ""lagos"", ""salted_token"": ""l­a­g­o­s"", ""start"": 37, ""end"": 42, ""salt_mode"": ""fragment"", ""fragment_max_positions"": null}, {""original_token"": ""Nigeria"", ""salted_token"": ""N­i­g­e­r­i­a"", ""start"": 43, ""end"": 50, ""salt_mode"": ""fragment"", ""fragment_max_positions"": null}, {""original_token"": ""Attn"", ""salted_token"": ""A­t­t­n"", ""start"": 53, ""end"": 57, ""salt_mode"": ""fragment"", ""fragment_max_positions"": null}]"
00631.5b4f290bc474889ff457b314996553b1,00631__salted__extended__cp200B__fragment.5b4f290bc474889ff457b314996553b1,extended,200B,fragment,,1,0,False,"[{""original_token"": ""Guaranteed"", ""salted_token"": ""G​u​a​r​a​n​t​e​e​d"", ""start"": 23, ""end"": 33, ""salt_mode"": ""fragment"", ""fragment_max_positions"": null}]",[]
00631.5b4f290bc474889ff457b314996553b1,00631__salted__extended__cp200C__fragment.5b4f290bc474889ff457b314996553b1,extended,200C,fragment,,1,0,False,"[{""original_token"": ""Guaranteed"", ""salted_token"": ""G‌u‌a‌r‌a‌n‌t‌e‌e‌d"", ""start"": 23, ""end"": 33, ""salt_mode"": ""fragment"", ""fragment_max_positions"": null}]",[]
00631.5b4f290bc474889ff457b314996553b1,00631__salted__extended__cp200D__fragment.5b4f290bc474889ff457b314996553b1,extended,200D,fragment,,1,0,False,"[{""original_token"": ""Guaranteed"", ""salted_token"": ""G‍u‍a‍r‍a‍n‍t‍e‍e‍d"", ""start"": 23, ""end"": 33, ""salt_mode"": ""fragment"", ""fragment_max_positions"": null}]",[]
00631.5b4f290bc474889ff457b314996553b1,00631__salted__extended__cp00AD__fragment.5b4f290bc474889ff457b314996553b1,extended,00AD,fragment,,1,0,False,"[{""original_token"": ""Guaranteed"", ""salted_token"": ""G­u­a­r­a­n­t­e­e­d"", ""start"": 23, ""end"": 33, ""salt_mode"": ""fragment"", ""fragment_max_positions"": null}]",[]
00632.f90d0f620d4a4c4976e1c5884333f329,00632__salted__extended__cp200B__fragment.f90d0f620d4a4c4976e1c5884333f329,extended,200B,fragment,,0,3,True,[],"[{""original_token"": ""resell"", ""salted_token"": ""r​e​s​e​l​l"", ""start"": 938, ""end"": 944, ""salt_mode"": ""fragment"", ""fragment_max_positions"": null}, {""original_token"": ""GUARANTEED"", ""salted_token"": ""G​U​A​R​A​N​T​E​E​D"", ""start"": 2002, ""end"": 2012, ""salt_mode"": ""fragment"", ""fragment_max_positions"": null}, {""original_token"": ""click"", ""salted_token"": ""c​l​i​c​k"", ""start"": 2099, ""end"": 2104, ""salt_mode"": ""fragment"", ""fragment_max_positions"": null}]"
00632.f90d0f620d4a4c4976e1c5884333f329,00632__salted__extended__cp200C__fragment.f90d0f620d4a4c4976e1c5884333f329,extended,200C,fragment,,0,3,True,[],"[{""original_token"": ""resell"", ""salted_token"": ""r‌e‌s‌e‌l‌l"", ""start"": 938, ""end"": 944, ""salt_mode"": ""fragment"", ""fragment_max_positions"": null}, {""original_token"": ""GUARANTEED"", ""salted_token"": ""G‌U‌A‌R‌A‌N‌T‌E‌E‌D"", ""start"": 2002, ""end"": 2012, ""salt_mode"": ""fragment"", ""fragment_max_positions"": null}, {""original_token"": ""click"", ""salted_token"": ""c‌l‌i‌c‌k"", ""start"": 2099, ""end"": 2104, ""salt_mode"": ""fragment"", ""fragment_max_positions"": null}]"
00632.f90d0f620d4a4c4976e1c5884333f329,00632__salted__extended__cp200D__fragment.f90d0f620d4a4c4976e1c5884333f329,extended,200D,fragment,,0,3,True,[],"[{""original_token"": ""resell"", ""salted_token"": ""r‍e‍s‍e‍l‍l"", ""start"": 938, ""end"": 944, ""salt_mode"": ""fragment"", ""fragment_max_positions"": null}, {""original_token"": ""GUARANTEED"", ""salted_token"": ""G‍U‍A‍R‍A‍N‍T‍E‍E‍D"", ""start"": 2002, ""end"": 2012, ""salt_mode"": ""fragment"", ""fragment_max_positions"": null}, {""original_token"": ""click"", ""salted_token"": ""c‍l‍i‍c‍k"", ""start"": 2099, ""end"": 2104, ""salt_mode"": ""fragment"", ""fragment_max_positions"": null}]"
00632.f90d0f620d4a4c4976e1c5884333f329,00632__salted__extended__cp00AD__fragment.f90d0f620d4a4c4976e1c5884333f329,extended,00AD,fragment,,0,3,True,[],"[{""original_token"": ""resell"", ""salted_token"": ""r­e­s­e­l­l"", ""start"": 938, ""end"": 944, ""salt_mode"": ""fragment"", ""fragment_max_positions"": null}, {""original_token"": ""GUARANTEED"", ""salted_token"": ""G­U­A­R­A­N­T­E­E­D"", ""start"": 2002, ""end"": 2012, ""salt_mode"": ""fragment"", ""fragment_max_positions"": null}, {""original_token"": ""click"", ""salted_token"": ""c­l­i­c­k"", ""start"": 2099, ""end"": 2104, ""salt_mode"": ""fragment"", ""fragment_max_positions"": null}]"
00643.d177c04238b4299813b7d8cca9fb2f18,00643__salted__extended__cp200B__fragment.d177c04238b4299813b7d8cca9fb2f18,extended,200B,fragment,,0,3,True,[],"[{""original_token"": ""Insurance"", ""salted_token"": ""I​n​s​u​r​a​n​c​e"", ""start"": 57, ""end"": 66, ""salt_mode"": ""fragment"", ""fragment_max_positions"": null}, {""original_token"": ""click"", ""salted_token"": ""c​l​i​c​k"", ""start"": 161, ""end"": 166, ""salt_mode"": ""fragment"", ""fragment_max_positions"": null}, {""original_token"": ""Insurance"", ""salted_token"": ""I​n​s​u​r​a​n​c​e"", ""start"": 227, ""end"": 236, ""salt_mode"": ""fragment"", ""fragment_max_positions"": null}]"
00643.d177c04238b4299813b7d8cca9fb2f18,00643__salted__extended__cp200C__fragment.d177c04238b4299813b7d8cca9fb2f18,extended,200C,fragment,,0,3,True,[],"[{""original_token"": ""Insurance"", ""salted_token"": ""I‌n‌s‌u‌r‌a‌n‌c‌e"", ""start"": 57, ""end"": 66, ""salt_mode"": ""fragment"", ""fragment_max_positions"": null}, {""original_token"": ""click"", ""salted_token"": ""c‌l‌i‌c‌k"", ""start"": 161, ""end"": 166, ""salt_mode"": ""fragment"", ""fragment_max_positions"": null}, {""original_token"": ""Insurance"", ""salted_token"": ""I‌n‌s‌u‌r‌a‌n‌c‌e"", ""start"": 227, ""end"": 236, ""salt_mode"": ""fragment"", ""fragment_max_positions"": null}]"
00643.d177c04238b4299813b7d8cca9fb2f18,00643__salted__extended__cp200D__fragment.d177c04238b4299813b7d8cca9fb2f18,extended,200D,fragment,,0,3,True,[],"[{""original_token"": ""Insurance"", ""salted_token"": ""I‍n‍s‍u‍r‍a‍n‍c‍e"", ""start"": 57, ""end"": 66, ""salt_mode"": ""fragment"", ""fragment_max_positions"": null}, {""original_token"": ""click"", ""salted_token"": ""c‍l‍i‍c‍k"", ""start"": 161, ""end"": 166, ""salt_mode"": ""fragment"", ""fragment_max_positions"": null}, {""original_token"": ""Insurance"", ""salted_token"": ""I‍n‍s‍u‍r‍a‍n‍c‍e"", ""start"": 227, ""end"": 236, ""salt_mode"": ""fragment"", ""fragment_max_positions"": null}]"
00643.d177c04238b4299813b7d8cca9fb2f18,00643__salted__extended__cp00AD__fragment.d177c04238b4299813b7d8cca9fb2f18,extended,00AD,fragment,,0,3,True,[],"[{""original_token"": ""Insurance"", ""salted_token"": ""I­n­s­u­r­a­n­c­e"", ""start"": 57, ""end"": 66, ""salt_mode"": ""fragment"", ""fragment_max_positions"": null}, {""original_token"": ""click"", ""salted_token"": ""c­l­i­c­k"", ""start"": 161, ""end"": 166, ""salt_mode"": ""fragment"", ""fragment_max_positions"": null}, {""original_token"": ""Insurance"", ""salted_token"": ""I­n­s­u­r­a­n­c­e"", ""start"": 227, ""end"": 236, ""salt_mode"": ""fragment"", ""fragment_max_positions"": null}]"
00658.2324b3351e766248275bace98fd3c7b3,00658__salted__extended__cp200B__fragment.2324b3351e766248275bace98fd3c7b3,extended,200B,fragment,,0,3,True,[],"[{""original_token"": ""affordable"", ""salted_token"": ""a​f​f​o​r​d​a​b​l​e"", ""start"": 602, ""end"": 612, ""salt_mode"": ""fragment"", ""fragment_max_positions"": null}, {""original_token"": ""affordable"", ""salted_token"": ""a​f​f​o​r​d​a​b​l​e"", ""start"": 711, ""end"": 721, ""salt_mode"": ""fragment"", ""fragment_max_positions"": null}, {""original_token"": ""fees"", ""salted_token"": ""f​e​e​s"", ""start"": 748, ""end"": 752, ""salt_mode"": ""fragment"", ""fragment_max_positions"": null}]"
00658.2324b3351e766248275bace98fd3c7b3,00658__salted__extended__cp200C__fragment.2324b3351e766248275bace98fd3c7b3,extended,200C,fragment,,0,3,True,[],"[{""original_token"": ""affordable"", ""salted_token"": ""a‌f‌f‌o‌r‌d‌a‌b‌l‌e"", ""start"": 602, ""end"": 612, ""salt_mode"": ""fragment"", ""fragment_max_positions"": null}, {""original_token"": ""affordable"", ""salted_token"": ""a‌f‌f‌o‌r‌d‌a‌b‌l‌e"", ""start"": 711, ""end"": 721, ""salt_mode"": ""fragment"", ""fragment_max_positions"": null}, {""original_token"": ""fees"", ""salted_token"": ""f‌e‌e‌s"", ""start"": 748, ""end"": 752, ""salt_mode"": ""fragment"", ""fragment_max_positions"": null}]"
00658.2324b3351e766248275bace98fd3c7b3,00658__salted__extended__cp200D__fragment.2324b3351e766248275bace98fd3c7b3,extended,200D,fragment,,0,3,True,[],"[{""original_token"": ""affordable"", ""salted_token"": ""a‍f‍f‍o‍r‍d‍a‍b‍l‍e"", ""start"": 602, ""end"": 612, ""salt_mode"": ""fragment"", ""fragment_max_positions"": null}, {""original_token"": ""affordable"", ""salted_token"": ""a‍f‍f‍o‍r‍d‍a‍b‍l‍e"", ""start"": 711, ""end"": 721, ""salt_mode"": ""fragment"", ""fragment_max_positions"": null}, {""original_token"": ""fees"", ""salted_token"": ""f‍e‍e‍s"", ""start"": 748, ""end"": 752, ""salt_mode"": ""fragment"", ""fragment_max_positions"": null}]"
00658.2324b3351e766248275bace98fd3c7b3,00658__salted__extended__cp00AD__fragment.2324b3351e766248275bace98fd3c7b3,extended,00AD,fragment,,0,3,True,[],"[{""original_token"": ""affordable"", ""salted_token"": ""a­f­f­o­r­d­a­b­l­e"", ""start"": 602, ""end"": 612, ""salt_mode"": ""fragment"", ""fragment_max_positions"": null}, {""original_token"": ""affordable"", ""salted_token"": ""a­f­f­o­r­d­a­b­l­e"", ""start"": 711, ""end"": 721, ""salt_mode"": ""fragment"", ""fragment_max_positions"": null}, {""original_token"": ""fees"", ""salted_token"": ""f­e­e­s"", ""start"": 748, ""end"": 752, ""salt_mode"": ""fragment"", ""fragment_max_positions"": null}]"
00659.668ba8daca71e86de0ee5e412b177015,00659__salted__extended__cp200B__fragment.668ba8daca71e86de0ee5e412b177015,extended,200B,fragment,,0,2,True,[],"[{""original_token"": ""CONSULTATION"", ""salted_token"": ""C​O​N​S​U​L​T​A​T​I​O​N"", ""start"": 302, ""end"": 314, ""salt_mode"": ""fragment"", ""fragment_max_positions"": null}, {""original_token"": ""GUARANTEED"", ""salted_token"": ""G​U​A​R​A​N​T​E​E​D"", ""start"": 535, ""end"": 545, ""salt_mode"": ""fragment"", ""fragment_max_positions"": null}]"
00659.668ba8daca71e86de0ee5e412b177015,00659__salted__extended__cp200C__fragment.668ba8daca71e86de0ee5e412b177015,extended,200C,fragment,,0,2,True,[],"[{""original_token"": ""CONSULTATION"", ""salted_token"": ""C‌O‌N‌S‌U‌L‌T‌A‌T‌I‌O‌N"", ""start"": 302, ""end"": 314, ""salt_mode"": ""fragment"", ""fragment_max_positions"": null}, {""original_token"": ""GUARANTEED"", ""salted_token"": ""G‌U‌A‌R‌A‌N‌T‌E‌E‌D"", ""start"": 535, ""end"": 545, ""salt_mode"": ""fragment"", ""fragment_max_positions"": null}]"
00659.668ba8daca71e86de0ee5e412b177015,00659__salted__extended__cp200D__fragment.668ba8daca71e86de0ee5e412b177015,extended,200D,fragment,,0,2,True,[],"[{""original_token"": ""CONSULTATION"", ""salted_token"": ""C‍O‍N‍S‍U‍L‍T‍A‍T‍I‍O‍N"", ""start"": 302, ""end"": 314, ""salt_mode"": ""fragment"", ""fragment_max_positions"": null}, {""original_token"": ""GUARANTEED"", ""salted_token"": ""G‍U‍A‍R‍A‍N‍T‍E‍E‍D"", ""start"": 535, ""end"": 545, ""salt_mode"": ""fragment"", ""fragment_max_positions"": null}]"
00659.668ba8daca71e86de0ee5e412b177015,00659__salted__extended__cp00AD__fragment.668ba8daca71e86de0ee5e412b177015,extended,00AD,fragment,,0,2,True,[],"[{""original_token"": ""CONSULTATION"", ""salted_token"": ""C­O­N­S­U­L­T­A­T­I­O­N"", ""start"": 302, ""end"": 314, ""salt_mode"": ""fragment"", ""fragment_max_positions"": null}, {""original_token"": ""GUARANTEED"", ""salted_token"": ""G­U­A­R­A­N­T­E­E­D"", ""start"": 535, ""end"": 545, ""salt_mode"": ""fragment"", ""fragment_max_positions"": null}]"
00663.4baa9521293a04306b038be1f65d4471,00663__salted__extended__cp200B__fragment.4baa9521293a04306b038be1f65d4471,extended,200B,fragment,,0,2,True,[],"[{""original_token"": ""CONSULTATION"", ""salted_token"": ""C​O​N​S​U​L​T​A​T​I​O​N"", ""start"": 302, ""end"": 314, ""salt_mode"": ""fragment"", ""fragment_max_positions"": null}, {""original_token"": ""GUARANTEED"", ""salted_token"": ""G​U​A​R​A​N​T​E​E​D"", ""start"": 535, ""end"": 545, ""salt_mode"": ""fragment"", ""fragment_max_positions"": null}]"
00663.4baa9521293a04306b038be1f65d4471,00663__salted__extended__cp200C__fragment.4baa9521293a04306b038be1f65d4471,extended,200C,fragment,,0,2,True,[],"[{""original_token"": ""CONSULTATION"", ""salted_token"": ""C‌O‌N‌S‌U‌L‌T‌A‌T‌I‌O‌N"", ""start"": 302, ""end"": 314, ""salt_mode"": ""fragment"", ""fragment_max_positions"": null}, {""original_token"": ""GUARANTEED"", ""salted_token"": ""G‌U‌A‌R‌A‌N‌T‌E‌E‌D"", ""start"": 535, ""end"": 545, ""salt_mode"": ""fragment"", ""fragment_max_positions"": null}]"
00663.4baa9521293a04306b038be1f65d4471,00663__salted__extended__cp200D__fragment.4baa9521293a04306b038be1f65d4471,extended,200D,fragment,,0,2,True,[],"[{""original_token"": ""CONSULTATION"", ""salted_token"": ""C‍O‍N‍S‍U‍L‍T‍A‍T‍I‍O‍N"", ""start"": 302, ""end"": 314, ""salt_mode"": ""fragment"", ""fragment_max_positions"": null}, {""original_token"": ""GUARANTEED"", ""salted_token"": ""G‍U‍A‍R‍A‍N‍T‍E‍E‍D"", ""start"": 535, ""end"": 545, ""salt_mode"": ""fragment"", ""fragment_max_positions"": null}]"
00663.4baa9521293a04306b038be1f65d4471,00663__salted__extended__cp00AD__fragment.4baa9521293a04306b038be1f65d4471,extended,00AD,fragment,,0,2,True,[],"[{""original_token"": ""CONSULTATION"", ""salted_token"": ""C­O­N­S­U­L­T­A­T­I­O­N"", ""start"": 302, ""end"": 314, ""salt_mode"": ""fragment"", ""fragment_max_positions"": null}, {""original_token"": ""GUARANTEED"", ""salted_token"": ""G­U­A­R­A­N­T­E­E­D"", ""start"": 535, ""end"": 545, ""salt_mode"": ""fragment"", ""fragment_max_positions"": null}]"
00667.6bf743b1b5bdfe9340d438c0661e4bff,00667__salted__extended__cp200B__fragment.6bf743b1b5bdfe9340d438c0661e4bff,extended,200B,fragment,,0,3,True,[],"[{""original_token"": ""Earn"", ""salted_token"": ""E​a​r​n"", ""start"": 54, ""end"": 58, ""salt_mode"": ""fragment"", ""fragment_max_positions"": null}, {""original_token"": ""Annuity"", ""salted_token"": ""A​n​n​u​i​t​y"", ""start"": 91, ""end"": 98, ""salt_mode"": ""fragment"", ""fragment_max_positions"": null}, {""original_token"": ""Annuity"", ""salted_token"": ""A​n​n​u​i​t​y"", ""start"": 164, ""end"": 171, ""salt_mode"": ""fragment"", ""fragment_max_positions"": null}]"
00667.6bf743b1b5bdfe9340d438c0661e4bff,00667__salted__extended__cp200C__fragment.6bf743b1b5bdfe9340d438c0661e4bff,extended,200C,fragment,,0,3,True,[],"[{""original_token"": ""Earn"", ""salted_token"": ""E‌a‌r‌n"", ""start"": 54, ""end"": 58, ""salt_mode"": ""fragment"", ""fragment_max_positions"": null}, {""original_token"": ""Annuity"", ""salted_token"": ""A‌n‌n‌u‌i‌t‌y"", ""start"": 91, ""end"": 98, ""salt_mode"": ""fragment"", ""fragment_max_positions"": null}, {""original_token"": ""Annuity"", ""salted_token"": ""A‌n‌n‌u‌i‌t‌y"", ""start"": 164, ""end"": 171, ""salt_mode"": ""fragment"", ""fragment_max_positions"": null}]"
00667.6bf743b1b5bdfe9340d438c0661e4bff,00667__salted__extended__cp200D__fragment.6bf743b1b5bdfe9340d438c0661e4bff,extended,200D,fragment,,0,3,True,[],"[{""original_token"": ""Earn"", ""salted_token"": ""E‍a‍r‍n"", ""start"": 54, ""end"": 58, ""salt_mode"": ""fragment"", ""fragment_max_positions"": null}, {""original_token"": ""Annuity"", ""salted_token"": ""A‍n‍n‍u‍i‍t‍y"", ""start"": 91, ""end"": 98, ""salt_mode"": ""fragment"", ""fragment_max_positions"": null}, {""original_token"": ""Annuity"", ""salted_token"": ""A‍n‍n‍u‍i‍t‍y"", ""start"": 164, ""end"": 171, ""salt_mode"": ""fragment"", ""fragment_max_positions"": null}]"
00667.6bf743b1b5bdfe9340d438c0661e4bff,00667__salted__extended__cp00AD__fragment.6bf743b1b5bdfe9340d438c0661e4bff,extended,00AD,fragment,,0,3,True,[],"[{""original_token"": ""Earn"", ""salted_token"": ""E­a­r­n"", ""start"": 54, ""end"": 58, ""salt_mode"": ""fragment"", ""fragment_max_positions"": null}, {""original_token"": ""Annuity"", ""salted_token"": ""A­n­n­u­i­t­y"", ""start"": 91, ""end"": 98, ""salt_mode"": ""fragment"", ""fragment_max_positions"": null}, {""original_token"": ""Annuity"", ""salted_token"": ""A­n­n­u­i­t­y"", ""start"": 164, ""end"": 171, ""salt_mode"": ""fragment"", ""fragment_max_positions"": null}]"
00678.7c54f6e0fac3e7d26a9513d2c60e2b98,00678__salted__extended__cp200B__fragment.7c54f6e0fac3e7d26a9513d2c60e2b98,extended,200B,fragment,,1,3,True,"[{""original_token"": ""Mortgage"", ""salted_token"": ""M​o​r​t​g​a​g​e"", ""start"": 7, ""end"": 15, ""salt_mode"": ""fragment"", ""fragment_max_positions"": null}]","[{""original_token"": ""mortgage"", ""salted_token"": ""m​o​r​t​g​a​g​e"", ""start"": 25, ""end"": 33, ""salt_mode"": ""fragment"", ""fragment_max_positions"": null}, {""original_token"": ""loan"", ""salted_token"": ""l​o​a​n"", ""start"": 34, ""end"": 38, ""salt_mode"": ""fragment"", ""fragment_max_positions"": null}, {""original_token"": ""loan"", ""salted_token"": ""l​o​a​n"", ""start"": 139, ""end"": 143, ""salt_mode"": ""fragment"", ""fragment_max_positions"": null}]"
00678.7c54f6e0fac3e7d26a9513d2c60e2b98,00678__salted__extended__cp200C__fragment.7c54f6e0fac3e7d26a9513d2c60e2b98,extended,200C,fragment,,1,3,True,"[{""original_token"": ""Mortgage"", ""salted_token"": ""M‌o‌r‌t‌g‌a‌g‌e"", ""start"": 7, ""end"": 15, ""salt_mode"": ""fragment"", ""fragment_max_positions"": null}]","[{""original_token"": ""mortgage"", ""salted_token"": ""m‌o‌r‌t‌g‌a‌g‌e"", ""start"": 25, ""end"": 33, ""salt_mode"": ""fragment"", ""fragment_max_positions"": null}, {""original_token"": ""loan"", ""salted_token"": ""l‌o‌a‌n"", ""start"": 34, ""end"": 38, ""salt_mode"": ""fragment"", ""fragment_max_positions"": null}, {""original_token"": ""loan"", ""salted_token"": ""l‌o‌a‌n"", ""start"": 139, ""end"": 143, ""salt_mode"": ""fragment"", ""fragment_max_positions"": null}]"
00678.7c54f6e0fac3e7d26a9513d2c60e2b98,00678__salted__extended__cp200D__fragment.7c54f6e0fac3e7d26a9513d2c60e2b98,extended,200D,fragment,,1,3,True,"[{""original_token"": ""Mortgage"", ""salted_token"": ""M‍o‍r‍t‍g‍a‍g‍e"", ""start"": 7, ""end"": 15, ""salt_mode"": ""fragment"", ""fragment_max_positions"": null}]","[{""original_token"": ""mortgage"", ""salted_token"": ""m‍o‍r‍t‍g‍a‍g‍e"", ""start"": 25, ""end"": 33, ""salt_mode"": ""fragment"", ""fragment_max_positions"": null}, {""original_token"": ""loan"", ""salted_token"": ""l‍o‍a‍n"", ""start"": 34, ""end"": 38, ""salt_mode"": ""fragment"", ""fragment_max_positions"": null}, {""original_token"": ""loan"", ""salted_token"": ""l‍o‍a‍n"", ""start"": 139, ""end"": 143, ""salt_mode"": ""fragment"", ""fragment_max_positions"": null}]"
00678.7c54f6e0fac3e7d26a9513d2c60e2b98,00678__salted__extended__cp00AD__fragment.7c54f6e0fac3e7d26a9513d2c60e2b98,extended,00AD,fragment,,1,3,True,"[{""original_token"": ""Mortgage"", ""salted_token"": ""M­o­r­t­g­a­g­e"", ""start"": 7, ""end"": 15, ""salt_mode"": ""fragment"", ""fragment_max_positions"": null}]","[{""original_token"": ""mortgage"", ""salted_token"": ""m­o­r­t­g­a­g­e"", ""start"": 25, ""end"": 33, ""salt_mode"": ""fragment"", ""fragment_max_positions"": null}, {""original_token"": ""loan"", ""salted_token"": ""l­o­a­n"", ""start"": 34, ""end"": 38, ""salt_mode"": ""fragment"", ""fragment_max_positions"": null}, {""original_token"": ""loan"", ""salted_token"": ""l­o­a­n"", ""start"": 139, ""end"": 143, ""salt_mode"": ""fragment"", ""fragment_max_positions"": null}]"
00680.e8df67f239cb166c5a8a78401eeeb1ba,00680__salted__extended__cp200B__fragment.e8df67f239cb166c5a8a78401eeeb1ba,extended,200B,fragment,,1,0,False,"[{""original_token"": ""Ordering"", ""salted_token"": ""O​r​d​e​r​i​n​g"", ""start"": 9, ""end"": 17, ""salt_mode"": ""fragment"", ""fragment_max_positions"": null}]",[]
00680.e8df67f239cb166c5a8a78401eeeb1ba,00680__salted__extended__cp200C__fragment.e8df67f239cb166c5a8a78401eeeb1ba,extended,200C,fragment,,1,0,False,"[{""original_token"": ""Ordering"", ""salted_token"": ""O‌r‌d‌e‌r‌i‌n‌g"", ""start"": 9, ""end"": 17, ""salt_mode"": ""fragment"", ""fragment_max_positions"": null}]",[]
00680.e8df67f239cb166c5a8a78401eeeb1ba,00680__salted__extended__cp200D__fragment.e8df67f239cb166c5a8a78401eeeb1ba,extended,200D,fragment,,1,0,False,"[{""original_token"": ""Ordering"", ""salted_token"": ""O‍r‍d‍e‍r‍i‍n‍g"", ""start"": 9, ""end"": 17, ""salt_mode"": ""fragment"", ""fragment_max_positions"": null}]",[]
00680.e8df67f239cb166c5a8a78401eeeb1ba,00680__salted__extended__cp00AD__fragment.e8df67f239cb166c5a8a78401eeeb1ba,extended,00AD,fragment,,1,0,False,"[{""original_token"": ""Ordering"", ""salted_token"": ""O­r­d­e­r­i­n­g"", ""start"": 9, ""end"": 17, ""salt_mode"": ""fragment"", ""fragment_max_positions"": null}]",[]
00694.3aca5f2a3d0d2ccbc47ef868eb051abd,00694__salted__extended__cp200B__fragment.3aca5f2a3d0d2ccbc47ef868eb051abd,extended,200B,fragment,,0,3,True,[],"[{""original_token"": ""Guaranteed"", ""salted_token"": ""G​u​a​r​a​n​t​e​e​d"", ""start"": 1, ""end"": 11, ""salt_mode"": ""fragment"", ""fragment_max_positions"": null}, {""original_token"": ""herbal"", ""salted_token"": ""h​e​r​b​a​l"", ""start"": 90, ""end"": 96, ""salt_mode"": ""fragment"", ""fragment_max_positions"": null}, {""original_token"": ""Click"", ""salted_token"": ""C​l​i​c​k"", ""start"": 218, ""end"": 223, ""salt_mode"": ""fragment"", ""fragment_max_positions"": null}]"
00694.3aca5f2a3d0d2ccbc47ef868eb051abd,00694__salted__extended__cp200C__fragment.3aca5f2a3d0d2ccbc47ef868eb051abd,extended,200C,fragment,,0,3,True,[],"[{""original_token"": ""Guaranteed"", ""salted_token"": ""G‌u‌a‌r‌a‌n‌t‌e‌e‌d"", ""start"": 1, ""end"": 11, ""salt_mode"": ""fragment"", ""fragment_max_positions"": null}, {""original_token"": ""herbal"", ""salted_token"": ""h‌e‌r‌b‌a‌l"", ""start"": 90, ""end"": 96, ""salt_mode"": ""fragment"", ""fragment_max_positions"": null}, {""original_token"": ""Click"", ""salted_token"": ""C‌l‌i‌c‌k"", ""start"": 218, ""end"": 223, ""salt_mode"": ""fragment"", ""fragment_max_positions"": null}]"
00694.3aca5f2a3d0d2ccbc47ef868eb051abd,00694__salted__extended__cp200D__fragment.3aca5f2a3d0d2ccbc47ef868eb051abd,extended,200D,fragment,,0,3,True,[],"[{""original_token"": ""Guaranteed"", ""salted_token"": ""G‍u‍a‍r‍a‍n‍t‍e‍e‍d"", ""start"": 1, ""end"": 11, ""salt_mode"": ""fragment"", ""fragment_max_positions"": null}, {""original_token"": ""herbal"", ""salted_token"": ""h‍e‍r‍b‍a‍l"", ""start"": 90, ""end"": 96, ""salt_mode"": ""fragment"", ""fragment_max_positions"": null}, {""original_token"": ""Click"", ""salted_token"": ""C‍l‍i‍c‍k"", ""start"": 218, ""end"": 223, ""salt_mode"": ""fragment"", ""fragment_max_positions"": null}]"
00694.3aca5f2a3d0d2ccbc47ef868eb051abd,00694__salted__extended__cp00AD__fragment.3aca5f2a3d0d2ccbc47ef868eb051abd,extended,00AD,fragment,,0,3,True,[],"[{""original_token"": ""Guaranteed"", ""salted_token"": ""G­u­a­r­a­n­t­e­e­d"", ""start"": 1, ""end"": 11, ""salt_mode"": ""fragment"", ""fragment_max_positions"": null}, {""original_token"": ""herbal"", ""salted_token"": ""h­e­r­b­a­l"", ""start"": 90, ""end"": 96, ""salt_mode"": ""fragment"", ""fragment_max_positions"": null}, {""original_token"": ""Click"", ""salted_token"": ""C­l­i­c­k"", ""start"": 218, ""end"": 223, ""salt_mode"": ""fragment"", ""fragment_max_positions"": null}]"
00697.2d221d167d2814a6a6bc7a74b65bcb0e,00697__salted__extended__cp200B__fragment.2d221d167d2814a6a6bc7a74b65bcb0e,extended,200B,fragment,,1,0,False,"[{""original_token"": ""adv"", ""salted_token"": ""a​d​v"", ""start"": 0, ""end"": 3, ""salt_mode"": ""fragment"", ""fragment_max_positions"": null}]",[]
00697.2d221d167d2814a6a6bc7a74b65bcb0e,00697__salted__extended__cp200C__fragment.2d221d167d2814a6a6bc7a74b65bcb0e,extended,200C,fragment,,1,0,False,"[{""original_token"": ""adv"", ""salted_token"": ""a‌d‌v"", ""start"": 0, ""end"": 3, ""salt_mode"": ""fragment"", ""fragment_max_positions"": null}]",[]
00697.2d221d167d2814a6a6bc7a74b65bcb0e,00697__salted__extended__cp200D__fragment.2d221d167d2814a6a6bc7a74b65bcb0e,extended,200D,fragment,,1,0,False,"[{""original_token"": ""adv"", ""salted_token"": ""a‍d‍v"", ""start"": 0, ""end"": 3, ""salt_mode"": ""fragment"", ""fragment_max_positions"": null}]",[]
00697.2d221d167d2814a6a6bc7a74b65bcb0e,00697__salted__extended__cp00AD__fragment.2d221d167d2814a6a6bc7a74b65bcb0e,extended,00AD,fragment,,1,0,False,"[{""original_token"": ""adv"", ""salted_token"": ""a­d­v"", ""start"": 0, ""end"": 3, ""salt_mode"": ""fragment"", ""fragment_max_positions"": null}]",[]
00701.ea27d8eea96c7d361ea78613d0a3c481,00701__salted__extended__cp200B__fragment.ea27d8eea96c7d361ea78613d0a3c481,extended,200B,fragment,,1,0,False,"[{""original_token"": ""Mortgage"", ""salted_token"": ""M​o​r​t​g​a​g​e"", ""start"": 0, ""end"": 8, ""salt_mode"": ""fragment"", ""fragment_max_positions"": null}]",[]
00701.ea27d8eea96c7d361ea78613d0a3c481,00701__salted__extended__cp200C__fragment.ea27d8eea96c7d361ea78613d0a3c481,extended,200C,fragment,,1,0,False,"[{""original_token"": ""Mortgage"", ""salted_token"": ""M‌o‌r‌t‌g‌a‌g‌e"", ""start"": 0, ""end"": 8, ""salt_mode"": ""fragment"", ""fragment_max_positions"": null}]",[]
00701.ea27d8eea96c7d361ea78613d0a3c481,00701__salted__extended__cp200D__fragment.ea27d8eea96c7d361ea78613d0a3c481,extended,200D,fragment,,1,0,False,"[{""original_token"": ""Mortgage"", ""salted_token"": ""M‍o‍r‍t‍g‍a‍g‍e"", ""start"": 0, ""end"": 8, ""salt_mode"": ""fragment"", ""fragment_max_positions"": null}]",[]
00701.ea27d8eea96c7d361ea78613d0a3c481,00701__salted__extended__cp00AD__fragment.ea27d8eea96c7d361ea78613d0a3c481,extended,00AD,fragment,,1,0,False,"[{""original_token"": ""Mortgage"", ""salted_token"": ""M­o­r­t­g­a­g­e"", ""start"": 0, ""end"": 8, ""salt_mode"": ""fragment"", ""fragment_max_positions"": null}]",[]
00705.df125edb37f19c87784942c7b2b164a1,00705__salted__extended__cp200B__fragment.df125edb37f19c87784942c7b2b164a1,extended,200B,fragment,,1,0,False,"[{""original_token"": ""Monthly"", ""salted_token"": ""M​o​n​t​h​l​y"", ""start"": 40, ""end"": 47, ""salt_mode"": ""fragment"", ""fragment_max_positions"": null}]",[]
00705.df125edb37f19c87784942c7b2b164a1,00705__salted__extended__cp200C__fragment.df125edb37f19c87784942c7b2b164a1,extended,200C,fragment,,1,0,False,"[{""original_token"": ""Monthly"", ""salted_token"": ""M‌o‌n‌t‌h‌l‌y"", ""start"": 40, ""end"": 47, ""salt_mode"": ""fragment"", ""fragment_max_positions"": null}]",[]
00705.df125edb37f19c87784942c7b2b164a1,00705__salted__extended__cp200D__fragment.df125edb37f19c87784942c7b2b164a1,extended,200D,fragment,,1,0,False,"[{""original_token"": ""Monthly"", ""salted_token"": ""M‍o‍n‍t‍h‍l‍y"", ""start"": 40, ""end"": 47, ""salt_mode"": ""fragment"", ""fragment_max_positions"": null}]",[]
00705.df125edb37f19c87784942c7b2b164a1,00705__salted__extended__cp00AD__fragment.df125edb37f19c87784942c7b2b164a1,extended,00AD,fragment,,1,0,False,"[{""original_token"": ""Monthly"", ""salted_token"": ""M­o­n­t­h­l­y"", ""start"": 40, ""end"": 47, ""salt_mode"": ""fragment"", ""fragment_max_positions"": null}]",[]
00706.5116018237368c3633823b2d24f8ac86,00706__salted__extended__cp200B__fragment.5116018237368c3633823b2d24f8ac86,extended,200B,fragment,,0,3,True,[],"[{""original_token"": ""Sightings"", ""salted_token"": ""S​i​g​h​t​i​n​g​s"", ""start"": 6265, ""end"": 6274, ""salt_mode"": ""fragment"", ""fragment_max_positions"": null}, {""original_token"": ""Sightings"", ""salted_token"": ""S​i​g​h​t​i​n​g​s"", ""start"": 6301, ""end"": 6310, ""salt_mode"": ""fragment"", ""fragment_max_positions"": null}, {""original_token"": ""sightings"", ""salted_token"": ""s​i​g​h​t​i​n​g​s"", ""start"": 6391, ""end"": 6400, ""salt_mode"": ""fragment"", ""fragment_max_positions"": null}]"
00706.5116018237368c3633823b2d24f8ac86,00706__salted__extended__cp200C__fragment.5116018237368c3633823b2d24f8ac86,extended,200C,fragment,,0,3,True,[],"[{""original_token"": ""Sightings"", ""salted_token"": ""S‌i‌g‌h‌t‌i‌n‌g‌s"", ""start"": 6265, ""end"": 6274, ""salt_mode"": ""fragment"", ""fragment_max_positions"": null}, {""original_token"": ""Sightings"", ""salted_token"": ""S‌i‌g‌h‌t‌i‌n‌g‌s"", ""start"": 6301, ""end"": 6310, ""salt_mode"": ""fragment"", ""fragment_max_positions"": null}, {""original_token"": ""sightings"", ""salted_token"": ""s‌i‌g‌h‌t‌i‌n‌g‌s"", ""start"": 6391, ""end"": 6400, ""salt_mode"": ""fragment"", ""fragment_max_positions"": null}]"
00706.5116018237368c3633823b2d24f8ac86,00706__salted__extended__cp200D__fragment.5116018237368c3633823b2d24f8ac86,extended,200D,fragment,,0,3,True,[],"[{""original_token"": ""Sightings"", ""salted_token"": ""S‍i‍g‍h‍t‍i‍n‍g‍s"", ""start"": 6265, ""end"": 6274, ""salt_mode"": ""fragment"", ""fragment_max_positions"": null}, {""original_token"": ""Sightings"", ""salted_token"": ""S‍i‍g‍h‍t‍i‍n‍g‍s"", ""start"": 6301, ""end"": 6310, ""salt_mode"": ""fragment"", ""fragment_max_positions"": null}, {""original_token"": ""sightings"", ""salted_token"": ""s‍i‍g‍h‍t‍i‍n‍g‍s"", ""start"": 6391, ""end"": 6400, ""salt_mode"": ""fragment"", ""fragment_max_positions"": null}]"
00706.5116018237368c3633823b2d24f8ac86,00706__salted__extended__cp00AD__fragment.5116018237368c3633823b2d24f8ac86,extended,00AD,fragment,,0,3,True,[],"[{""original_token"": ""Sightings"", ""salted_token"": ""S­i­g­h­t­i­n­g­s"", ""start"": 6265, ""end"": 6274, ""salt_mode"": ""fragment"", ""fragment_max_positions"": null}, {""original_token"": ""Sightings"", ""salted_token"": ""S­i­g­h­t­i­n­g­s"", ""start"": 6301, ""end"": 6310, ""salt_mode"": ""fragment"", ""fragment_max_positions"": null}, {""original_token"": ""sightings"", ""salted_token"": ""s­i­g­h­t­i­n­g­s"", ""start"": 6391, ""end"": 6400, ""salt_mode"": ""fragment"", ""fragment_max_positions"": null}]"
00718.2495a50c4eab3755f338b5fe589dd52d,00718__salted__extended__cp200B__fragment.2495a50c4eab3755f338b5fe589dd52d,extended,200B,fragment,,1,0,False,"[{""original_token"": ""WHOLESALE"", ""salted_token"": ""W​H​O​L​E​S​A​L​E"", ""start"": 19, ""end"": 28, ""salt_mode"": ""fragment"", ""fragment_max_positions"": null}]",[]
00718.2495a50c4eab3755f338b5fe589dd52d,00718__salted__extended__cp200C__fragment.2495a50c4eab3755f338b5fe589dd52d,extended,200C,fragment,,1,0,False,"[{""original_token"": ""WHOLESALE"", ""salted_token"": ""W‌H‌O‌L‌E‌S‌A‌L‌E"", ""start"": 19, ""end"": 28, ""salt_mode"": ""fragment"", ""fragment_max_positions"": null}]",[]
00718.2495a50c4eab3755f338b5fe589dd52d,00718__salted__extended__cp200D__fragment.2495a50c4eab3755f338b5fe589dd52d,extended,200D,fragment,,1,0,False,"[{""original_token"": ""WHOLESALE"", ""salted_token"": ""W‍H‍O‍L‍E‍S‍A‍L‍E"", ""start"": 19, ""end"": 28, ""salt_mode"": ""fragment"", ""fragment_max_positions"": null}]",[]
00718.2495a50c4eab3755f338b5fe589dd52d,00718__salted__extended__cp00AD__fragment.2495a50c4eab3755f338b5fe589dd52d,extended,00AD,fragment,,1,0,False,"[{""original_token"": ""WHOLESALE"", ""salted_token"": ""W­H­O­L­E­S­A­L­E"", ""start"": 19, ""end"": 28, ""salt_mode"": ""fragment"", ""fragment_max_positions"": null}]",[]
00738.10deb784a63c0bdc5e78b019720f3e9f,00738__salted__extended__cp200B__fragment.10deb784a63c0bdc5e78b019720f3e9f,extended,200B,fragment,,1,3,True,"[{""original_token"": ""Adv"", ""salted_token"": ""A​d​v"", ""start"": 30, ""end"": 33, ""salt_mode"": ""fragment"", ""fragment_max_positions"": null}]","[{""original_token"": ""premium"", ""salted_token"": ""p​r​e​m​i​u​m"", ""start"": 2100, ""end"": 2107, ""salt_mode"": ""fragment"", ""fragment_max_positions"": null}, {""original_token"": ""receive"", ""salted_token"": ""r​e​c​e​i​v​e"", ""start"": 2292, ""end"": 2299, ""salt_mode"": ""fragment"", ""fragment_max_positions"": null}, {""original_token"": ""receive"", ""salted_token"": ""r​e​c​e​i​v​e"", ""start"": 2562, ""end"": 2569, ""salt_mode"": ""fragment"", ""fragment_max_positions"": null}]"
00738.10deb784a63c0bdc5e78b019720f3e9f,00738__salted__extended__cp200C__fragment.10deb784a63c0bdc5e78b019720f3e9f,extended,200C,fragment,,1,3,True,"[{""original_token"": ""Adv"", ""salted_token"": ""A‌d‌v"", ""start"": 30, ""end"": 33, ""salt_mode"": ""fragment"", ""fragment_max_positions"": null}]","[{""original_token"": ""premium"", ""salted_token"": ""p‌r‌e‌m‌i‌u‌m"", ""start"": 2100, ""end"": 2107, ""salt_mode"": ""fragment"", ""fragment_max_positions"": null}, {""original_token"": ""receive"", ""salted_token"": ""r‌e‌c‌e‌i‌v‌e"", ""start"": 2292, ""end"": 2299, ""salt_mode"": ""fragment"", ""fragment_max_positions"": null}, {""original_token"": ""receive"", ""salted_token"": ""r‌e‌c‌e‌i‌v‌e"", ""start"": 2562, ""end"": 2569, ""salt_mode"": ""fragment"", ""fragment_max_positions"": null}]"
00738.10deb784a63c0bdc5e78b019720f3e9f,00738__salted__extended__cp200D__fragment.10deb784a63c0bdc5e78b019720f3e9f,extended,200D,fragment,,1,3,True,"[{""original_token"": ""Adv"", ""salted_token"": ""A‍d‍v"", ""start"": 30, ""end"": 33, ""salt_mode"": ""fragment"", ""fragment_max_positions"": null}]","[{""original_token"": ""premium"", ""salted_token"": ""p‍r‍e‍m‍i‍u‍m"", ""start"": 2100, ""end"": 2107, ""salt_mode"": ""fragment"", ""fragment_max_positions"": null}, {""original_token"": ""receive"", ""salted_token"": ""r‍e‍c‍e‍i‍v‍e"", ""start"": 2292, ""end"": 2299, ""salt_mode"": ""fragment"", ""fragment_max_positions"": null}, {""original_token"": ""receive"", ""salted_token"": ""r‍e‍c‍e‍i‍v‍e"", ""start"": 2562, ""end"": 2569, ""salt_mode"": ""fragment"", ""fragment_max_positions"": null}]"
00738.10deb784a63c0bdc5e78b019720f3e9f,00738__salted__extended__cp00AD__fragment.10deb784a63c0bdc5e78b019720f3e9f,extended,00AD,fragment,,1,3,True,"[{""original_token"": ""Adv"", ""salted_token"": ""A­d­v"", ""start"": 30, ""end"": 33, ""salt_mode"": ""fragment"", ""fragment_max_positions"": null}]","[{""original_token"": ""premium"", ""salted_token"": ""p­r­e­m­i­u­m"", ""start"": 2100, ""end"": 2107, ""salt_mode"": ""fragment"", ""fragment_max_positions"": null}, {""original_token"": ""receive"", ""salted_token"": ""r­e­c­e­i­v­e"", ""start"": 2292, ""end"": 2299, ""salt_mode"": ""fragment"", ""fragment_max_positions"": null}, {""original_token"": ""receive"", ""salted_token"": ""r­e­c­e­i­v­e"", ""start"": 2562, ""end"": 2569, ""salt_mode"": ""fragment"", ""fragment_max_positions"": null}]"
00740.ce4777381c2bc6bee30bef6bd274233f,00740__salted__extended__cp200B__fragment.ce4777381c2bc6bee30bef6bd274233f,extended,200B,fragment,,1,3,True,"[{""original_token"": ""Mortgage"", ""salted_token"": ""M​o​r​t​g​a​g​e"", ""start"": 7, ""end"": 15, ""salt_mode"": ""fragment"", ""fragment_max_positions"": null}]","[{""original_token"": ""mortgage"", ""salted_token"": ""m​o​r​t​g​a​g​e"", ""start"": 25, ""end"": 33, ""salt_mode"": ""fragment"", ""fragment_max_positions"": null}, {""original_token"": ""loan"", ""salted_token"": ""l​o​a​n"", ""start"": 34, ""end"": 38, ""salt_mode"": ""fragment"", ""fragment_max_positions"": null}, {""original_token"": ""loan"", ""salted_token"": ""l​o​a​n"", ""start"": 147, ""end"": 151, ""salt_mode"": ""fragment"", ""fragment_max_positions"": null}]"
00740.ce4777381c2bc6bee30bef6bd274233f,00740__salted__extended__cp200C__fragment.ce4777381c2bc6bee30bef6bd274233f,extended,200C,fragment,,1,3,True,"[{""original_token"": ""Mortgage"", ""salted_token"": ""M‌o‌r‌t‌g‌a‌g‌e"", ""start"": 7, ""end"": 15, ""salt_mode"": ""fragment"", ""fragment_max_positions"": null}]","[{""original_token"": ""mortgage"", ""salted_token"": ""m‌o‌r‌t‌g‌a‌g‌e"", ""start"": 25, ""end"": 33, ""salt_mode"": ""fragment"", ""fragment_max_positions"": null}, {""original_token"": ""loan"", ""salted_token"": ""l‌o‌a‌n"", ""start"": 34, ""end"": 38, ""salt_mode"": ""fragment"", ""fragment_max_positions"": null}, {""original_token"": ""loan"", ""salted_token"": ""l‌o‌a‌n"", ""start"": 147, ""end"": 151, ""salt_mode"": ""fragment"", ""fragment_max_positions"": null}]"
00740.ce4777381c2bc6bee30bef6bd274233f,00740__salted__extended__cp200D__fragment.ce4777381c2bc6bee30bef6bd274233f,extended,200D,fragment,,1,3,True,"[{""original_token"": ""Mortgage"", ""salted_token"": ""M‍o‍r‍t‍g‍a‍g‍e"", ""start"": 7, ""end"": 15, ""salt_mode"": ""fragment"", ""fragment_max_positions"": null}]","[{""original_token"": ""mortgage"", ""salted_token"": ""m‍o‍r‍t‍g‍a‍g‍e"", ""start"": 25, ""end"": 33, ""salt_mode"": ""fragment"", ""fragment_max_positions"": null}, {""original_token"": ""loan"", ""salted_token"": ""l‍o‍a‍n"", ""start"": 34, ""end"": 38, ""salt_mode"": ""fragment"", ""fragment_max_positions"": null}, {""original_token"": ""loan"", ""salted_token"": ""l‍o‍a‍n"", ""start"": 147, ""end"": 151, ""salt_mode"": ""fragment"", ""fragment_max_positions"": null}]"
00740.ce4777381c2bc6bee30bef6bd274233f,00740__salted__extended__cp00AD__fragment.ce4777381c2bc6bee30bef6bd274233f,extended,00AD,fragment,,1,3,True,"[{""original_token"": ""Mortgage"", ""salted_token"": ""M­o­r­t­g­a­g­e"", ""start"": 7, ""end"": 15, ""salt_mode"": ""fragment"", ""fragment_max_positions"": null}]","[{""original_token"": ""mortgage"", ""salted_token"": ""m­o­r­t­g­a­g­e"", ""start"": 25, ""end"": 33, ""salt_mode"": ""fragment"", ""fragment_max_positions"": null}, {""original_token"": ""loan"", ""salted_token"": ""l­o­a­n"", ""start"": 34, ""end"": 38, ""salt_mode"": ""fragment"", ""fragment_max_positions"": null}, {""original_token"": ""loan"", ""salted_token"": ""l­o­a­n"", ""start"": 147, ""end"": 151, ""salt_mode"": ""fragment"", ""fragment_max_positions"": null}]"
00757.c2da75286819a139e27438ca5c5ba762,00757__salted__extended__cp200B__fragment.c2da75286819a139e27438ca5c5ba762,extended,200B,fragment,,0,1,True,[],"[{""original_token"": ""ordering"", ""salted_token"": ""o​r​d​e​r​i​n​g"", ""start"": 295, ""end"": 303, ""salt_mode"": ""fragment"", ""fragment_max_positions"": null}]"
00757.c2da75286819a139e27438ca5c5ba762,00757__salted__extended__cp200C__fragment.c2da75286819a139e27438ca5c5ba762,extended,200C,fragment,,0,1,True,[],"[{""original_token"": ""ordering"", ""salted_token"": ""o‌r‌d‌e‌r‌i‌n‌g"", ""start"": 295, ""end"": 303, ""salt_mode"": ""fragment"", ""fragment_max_positions"": null}]"
00757.c2da75286819a139e27438ca5c5ba762,00757__salted__extended__cp200D__fragment.c2da75286819a139e27438ca5c5ba762,extended,200D,fragment,,0,1,True,[],"[{""original_token"": ""ordering"", ""salted_token"": ""o‍r‍d‍e‍r‍i‍n‍g"", ""start"": 295, ""end"": 303, ""salt_mode"": ""fragment"", ""fragment_max_positions"": null}]"
00757.c2da75286819a139e27438ca5c5ba762,00757__salted__extended__cp00AD__fragment.c2da75286819a139e27438ca5c5ba762,extended,00AD,fragment,,0,1,True,[],"[{""original_token"": ""ordering"", ""salted_token"": ""o­r­d­e­r­i­n­g"", ""start"": 295, ""end"": 303, ""salt_mode"": ""fragment"", ""fragment_max_positions"": null}]"
00762.e31568dff471c947d42869ae2f8f0779,00762__salted__extended__cp200B__fragment.e31568dff471c947d42869ae2f8f0779,extended,200B,fragment,,1,0,False,"[{""original_token"": ""Insurance"", ""salted_token"": ""I​n​s​u​r​a​n​c​e"", ""start"": 31, ""end"": 40, ""salt_mode"": ""fragment"", ""fragment_max_positions"": null}]",[]
00762.e31568dff471c947d42869ae2f8f0779,00762__salted__extended__cp200C__fragment.e31568dff471c947d42869ae2f8f0779,extended,200C,fragment,,1,0,False,"[{""original_token"": ""Insurance"", ""salted_token"": ""I‌n‌s‌u‌r‌a‌n‌c‌e"", ""start"": 31, ""end"": 40, ""salt_mode"": ""fragment"", ""fragment_max_positions"": null}]",[]
00762.e31568dff471c947d42869ae2f8f0779,00762__salted__extended__cp200D__fragment.e31568dff471c947d42869ae2f8f0779,extended,200D,fragment,,1,0,False,"[{""original_token"": ""Insurance"", ""salted_token"": ""I‍n‍s‍u‍r‍a‍n‍c‍e"", ""start"": 31, ""end"": 40, ""salt_mode"": ""fragment"", ""fragment_max_positions"": null}]",[]
00762.e31568dff471c947d42869ae2f8f0779,00762__salted__extended__cp00AD__fragment.e31568dff471c947d42869ae2f8f0779,extended,00AD,fragment,,1,0,False,"[{""original_token"": ""Insurance"", ""salted_token"": ""I­n­s­u­r­a­n­c­e"", ""start"": 31, ""end"": 40, ""salt_mode"": ""fragment"", ""fragment_max_positions"": null}]",[]
00795.61fe820f7755e4b4e66e715ea667b338,00795__salted__extended__cp200B__fragment.61fe820f7755e4b4e66e715ea667b338,extended,200B,fragment,,0,3,True,[],"[{""original_token"": ""earn"", ""salted_token"": ""e​a​r​n"", ""start"": 143, ""end"": 147, ""salt_mode"": ""fragment"", ""fragment_max_positions"": null}, {""original_token"": ""secrets"", ""salted_token"": ""s​e​c​r​e​t​s"", ""start"": 1007, ""end"": 1014, ""salt_mode"": ""fragment"", ""fragment_max_positions"": null}, {""original_token"": ""receive"", ""salted_token"": ""r​e​c​e​i​v​e"", ""start"": 1157, ""end"": 1164, ""salt_mode"": ""fragment"", ""fragment_max_positions"": null}]"
00795.61fe820f7755e4b4e66e715ea667b338,00795__salted__extended__cp200C__fragment.61fe820f7755e4b4e66e715ea667b338,extended,200C,fragment,,0,3,True,[],"[{""original_token"": ""earn"", ""salted_token"": ""e‌a‌r‌n"", ""start"": 143, ""end"": 147, ""salt_mode"": ""fragment"", ""fragment_max_positions"": null}, {""original_token"": ""secrets"", ""salted_token"": ""s‌e‌c‌r‌e‌t‌s"", ""start"": 1007, ""end"": 1014, ""salt_mode"": ""fragment"", ""fragment_max_positions"": null}, {""original_token"": ""receive"", ""salted_token"": ""r‌e‌c‌e‌i‌v‌e"", ""start"": 1157, ""end"": 1164, ""salt_mode"": ""fragment"", ""fragment_max_positions"": null}]"
00795.61fe820f7755e4b4e66e715ea667b338,00795__salted__extended__cp200D__fragment.61fe820f7755e4b4e66e715ea667b338,extended,200D,fragment,,0,3,True,[],"[{""original_token"": ""earn"", ""salted_token"": ""e‍a‍r‍n"", ""start"": 143, ""end"": 147, ""salt_mode"": ""fragment"", ""fragment_max_positions"": null}, {""original_token"": ""secrets"", ""salted_token"": ""s‍e‍c‍r‍e‍t‍s"", ""start"": 1007, ""end"": 1014, ""salt_mode"": ""fragment"", ""fragment_max_positions"": null}, {""original_token"": ""receive"", ""salted_token"": ""r‍e‍c‍e‍i‍v‍e"", ""start"": 1157, ""end"": 1164, ""salt_mode"": ""fragment"", ""fragment_max_positions"": null}]"
00795.61fe820f7755e4b4e66e715ea667b338,00795__salted__extended__cp00AD__fragment.61fe820f7755e4b4e66e715ea667b338,extended,00AD,fragment,,0,3,True,[],"[{""original_token"": ""earn"", ""salted_token"": ""e­a­r­n"", ""start"": 143, ""end"": 147, ""salt_mode"": ""fragment"", ""fragment_max_positions"": null}, {""original_token"": ""secrets"", ""salted_token"": ""s­e­c­r­e­t­s"", ""start"": 1007, ""end"": 1014, ""salt_mode"": ""fragment"", ""fragment_max_positions"": null}, {""original_token"": ""receive"", ""salted_token"": ""r­e­c­e­i­v­e"", ""start"": 1157, ""end"": 1164, ""salt_mode"": ""fragment"", ""fragment_max_positions"": null}]"
00796.1f29c490fd2bd8581d19e3e193978a3d,00796__salted__extended__cp200B__fragment.1f29c490fd2bd8581d19e3e193978a3d,extended,200B,fragment,,1,0,False,"[{""original_token"": ""GUARANTEED"", ""salted_token"": ""G​U​A​R​A​N​T​E​E​D"", ""start"": 26, ""end"": 36, ""salt_mode"": ""fragment"", ""fragment_max_positions"": null}]",[]
00796.1f29c490fd2bd8581d19e3e193978a3d,00796__salted__extended__cp200C__fragment.1f29c490fd2bd8581d19e3e193978a3d,extended,200C,fragment,,1,0,False,"[{""original_token"": ""GUARANTEED"", ""salted_token"": ""G‌U‌A‌R‌A‌N‌T‌E‌E‌D"", ""start"": 26, ""end"": 36, ""salt_mode"": ""fragment"", ""fragment_max_positions"": null}]",[]
00796.1f29c490fd2bd8581d19e3e193978a3d,00796__salted__extended__cp200D__fragment.1f29c490fd2bd8581d19e3e193978a3d,extended,200D,fragment,,1,0,False,"[{""original_token"": ""GUARANTEED"", ""salted_token"": ""G‍U‍A‍R‍A‍N‍T‍E‍E‍D"", ""start"": 26, ""end"": 36, ""salt_mode"": ""fragment"", ""fragment_max_positions"": null}]",[]
00796.1f29c490fd2bd8581d19e3e193978a3d,00796__salted__extended__cp00AD__fragment.1f29c490fd2bd8581d19e3e193978a3d,extended,00AD,fragment,,1,0,False,"[{""original_token"": ""GUARANTEED"", ""salted_token"": ""G­U­A­R­A­N­T­E­E­D"", ""start"": 26, ""end"": 36, ""salt_mode"": ""fragment"", ""fragment_max_positions"": null}]",[]
00807.8abdd26ba778758f5e46b84a54ac62f4,00807__salted__extended__cp200B__fragment.8abdd26ba778758f5e46b84a54ac62f4,extended,200B,fragment,,0,3,True,[],"[{""original_token"": ""mortgage"", ""salted_token"": ""m​o​r​t​g​a​g​e"", ""start"": 39, ""end"": 47, ""salt_mode"": ""fragment"", ""fragment_max_positions"": null}, {""original_token"": ""loan"", ""salted_token"": ""l​o​a​n"", ""start"": 162, ""end"": 166, ""salt_mode"": ""fragment"", ""fragment_max_positions"": null}, {""original_token"": ""fees"", ""salted_token"": ""f​e​e​s"", ""start"": 528, ""end"": 532, ""salt_mode"": ""fragment"", ""fragment_max_positions"": null}]"
00807.8abdd26ba778758f5e46b84a54ac62f4,00807__salted__extended__cp200C__fragment.8abdd26ba778758f5e46b84a54ac62f4,extended,200C,fragment,,0,3,True,[],"[{""original_token"": ""mortgage"", ""salted_token"": ""m‌o‌r‌t‌g‌a‌g‌e"", ""start"": 39, ""end"": 47, ""salt_mode"": ""fragment"", ""fragment_max_positions"": null}, {""original_token"": ""loan"", ""salted_token"": ""l‌o‌a‌n"", ""start"": 162, ""end"": 166, ""salt_mode"": ""fragment"", ""fragment_max_positions"": null}, {""original_token"": ""fees"", ""salted_token"": ""f‌e‌e‌s"", ""start"": 528, ""end"": 532, ""salt_mode"": ""fragment"", ""fragment_max_positions"": null}]"
00807.8abdd26ba778758f5e46b84a54ac62f4,00807__salted__extended__cp200D__fragment.8abdd26ba778758f5e46b84a54ac62f4,extended,200D,fragment,,0,3,True,[],"[{""original_token"": ""mortgage"", ""salted_token"": ""m‍o‍r‍t‍g‍a‍g‍e"", ""start"": 39, ""end"": 47, ""salt_mode"": ""fragment"", ""fragment_max_positions"": null}, {""original_token"": ""loan"", ""salted_token"": ""l‍o‍a‍n"", ""start"": 162, ""end"": 166, ""salt_mode"": ""fragment"", ""fragment_max_positions"": null}, {""original_token"": ""fees"", ""salted_token"": ""f‍e‍e‍s"", ""start"": 528, ""end"": 532, ""salt_mode"": ""fragment"", ""fragment_max_positions"": null}]"
00807.8abdd26ba778758f5e46b84a54ac62f4,00807__salted__extended__cp00AD__fragment.8abdd26ba778758f5e46b84a54ac62f4,extended,00AD,fragment,,0,3,True,[],"[{""original_token"": ""mortgage"", ""salted_token"": ""m­o­r­t­g­a­g­e"", ""start"": 39, ""end"": 47, ""salt_mode"": ""fragment"", ""fragment_max_positions"": null}, {""original_token"": ""loan"", ""salted_token"": ""l­o­a­n"", ""start"": 162, ""end"": 166, ""salt_mode"": ""fragment"", ""fragment_max_positions"": null}, {""original_token"": ""fees"", ""salted_token"": ""f­e­e­s"", ""start"": 528, ""end"": 532, ""salt_mode"": ""fragment"", ""fragment_max_positions"": null}]"
00810.bceaa748f9cee012c466212d8a608acf,00810__salted__extended__cp200B__fragment.bceaa748f9cee012c466212d8a608acf,extended,200B,fragment,,0,3,True,[],"[{""original_token"": ""earning"", ""salted_token"": ""e​a​r​n​i​n​g"", ""start"": 467, ""end"": 474, ""salt_mode"": ""fragment"", ""fragment_max_positions"": null}, {""original_token"": ""Secrets"", ""salted_token"": ""S​e​c​r​e​t​s"", ""start"": 1176, ""end"": 1183, ""salt_mode"": ""fragment"", ""fragment_max_positions"": null}, {""original_token"": ""MLM"", ""salted_token"": ""M​L​M"", ""start"": 1202, ""end"": 1205, ""salt_mode"": ""fragment"", ""fragment_max_positions"": null}]"
00810.bceaa748f9cee012c466212d8a608acf,00810__salted__extended__cp200C__fragment.bceaa748f9cee012c466212d8a608acf,extended,200C,fragment,,0,3,True,[],"[{""original_token"": ""earning"", ""salted_token"": ""e‌a‌r‌n‌i‌n‌g"", ""start"": 467, ""end"": 474, ""salt_mode"": ""fragment"", ""fragment_max_positions"": null}, {""original_token"": ""Secrets"", ""salted_token"": ""S‌e‌c‌r‌e‌t‌s"", ""start"": 1176, ""end"": 1183, ""salt_mode"": ""fragment"", ""fragment_max_positions"": null}, {""original_token"": ""MLM"", ""salted_token"": ""M‌L‌M"", ""start"": 1202, ""end"": 1205, ""salt_mode"": ""fragment"", ""fragment_max_positions"": null}]"
00810.bceaa748f9cee012c466212d8a608acf,00810__salted__extended__cp200D__fragment.bceaa748f9cee012c466212d8a608acf,extended,200D,fragment,,0,3,True,[],"[{""original_token"": ""earning"", ""salted_token"": ""e‍a‍r‍n‍i‍n‍g"", ""start"": 467, ""end"": 474, ""salt_mode"": ""fragment"", ""fragment_max_positions"": null}, {""original_token"": ""Secrets"", ""salted_token"": ""S‍e‍c‍r‍e‍t‍s"", ""start"": 1176, ""end"": 1183, ""salt_mode"": ""fragment"", ""fragment_max_positions"": null}, {""original_token"": ""MLM"", ""salted_token"": ""M‍L‍M"", ""start"": 1202, ""end"": 1205, ""salt_mode"": ""fragment"", ""fragment_max_positions"": null}]"
00810.bceaa748f9cee012c466212d8a608acf,00810__salted__extended__cp00AD__fragment.bceaa748f9cee012c466212d8a608acf,extended,00AD,fragment,,0,3,True,[],"[{""original_token"": ""earning"", ""salted_token"": ""e­a­r­n­i­n­g"", ""start"": 467, ""end"": 474, ""salt_mode"": ""fragment"", ""fragment_max_positions"": null}, {""original_token"": ""Secrets"", ""salted_token"": ""S­e­c­r­e­t­s"", ""start"": 1176, ""end"": 1183, ""salt_mode"": ""fragment"", ""fragment_max_positions"": null}, {""original_token"": ""MLM"", ""salted_token"": ""M­L­M"", ""start"": 1202, ""end"": 1205, ""salt_mode"": ""fragment"", ""fragment_max_positions"": null}]"
00830.079ed7d24f78024e023b82417a6fe2ca,00830__salted__extended__cp200B__fragment.079ed7d24f78024e023b82417a6fe2ca,extended,200B,fragment,,0,3,True,[],"[{""original_token"": ""earn"", ""salted_token"": ""e​a​r​n"", ""start"": 90, ""end"": 94, ""salt_mode"": ""fragment"", ""fragment_max_positions"": null}, {""original_token"": ""participation"", ""salted_token"": ""p​a​r​t​i​c​i​p​a​t​i​o​n"", ""start"": 1361, ""end"": 1374, ""salt_mode"": ""fragment"", ""fragment_max_positions"": null}, {""original_token"": ""GUARANTEED"", ""salted_token"": ""G​U​A​R​A​N​T​E​E​D"", ""start"": 1902, ""end"": 1912, ""salt_mode"": ""fragment"", ""fragment_max_positions"": null}]"
00830.079ed7d24f78024e023b82417a6fe2ca,00830__salted__extended__cp200C__fragment.079ed7d24f78024e023b82417a6fe2ca,extended,200C,fragment,,0,3,True,[],"[{""original_token"": ""earn"", ""salted_token"": ""e‌a‌r‌n"", ""start"": 90, ""end"": 94, ""salt_mode"": ""fragment"", ""fragment_max_positions"": null}, {""original_token"": ""participation"", ""salted_token"": ""p‌a‌r‌t‌i‌c‌i‌p‌a‌t‌i‌o‌n"", ""start"": 1361, ""end"": 1374, ""salt_mode"": ""fragment"", ""fragment_max_positions"": null}, {""original_token"": ""GUARANTEED"", ""salted_token"": ""G‌U‌A‌R‌A‌N‌T‌E‌E‌D"", ""start"": 1902, ""end"": 1912, ""salt_mode"": ""fragment"", ""fragment_max_positions"": null}]"
00830.079ed7d24f78024e023b82417a6fe2ca,00830__salted__extended__cp200D__fragment.079ed7d24f78024e023b82417a6fe2ca,extended,200D,fragment,,0,3,True,[],"[{""original_token"": ""earn"", ""salted_token"": ""e‍a‍r‍n"", ""start"": 90, ""end"": 94, ""salt_mode"": ""fragment"", ""fragment_max_positions"": null}, {""original_token"": ""participation"", ""salted_token"": ""p‍a‍r‍t‍i‍c‍i‍p‍a‍t‍i‍o‍n"", ""start"": 1361, ""end"": 1374, ""salt_mode"": ""fragment"", ""fragment_max_positions"": null}, {""original_token"": ""GUARANTEED"", ""salted_token"": ""G‍U‍A‍R‍A‍N‍T‍E‍E‍D"", ""start"": 1902, ""end"": 1912, ""salt_mode"": ""fragment"", ""fragment_max_positions"": null}]"
00830.079ed7d24f78024e023b82417a6fe2ca,00830__salted__extended__cp00AD__fragment.079ed7d24f78024e023b82417a6fe2ca,extended,00AD,fragment,,0,3,True,[],"[{""original_token"": ""earn"", ""salted_token"": ""e­a­r­n"", ""start"": 90, ""end"": 94, ""salt_mode"": ""fragment"", ""fragment_max_positions"": null}, {""original_token"": ""participation"", ""salted_token"": ""p­a­r­t­i­c­i­p­a­t­i­o­n"", ""start"": 1361, ""end"": 1374, ""salt_mode"": ""fragment"", ""fragment_max_positions"": null}, {""original_token"": ""GUARANTEED"", ""salted_token"": ""G­U­A­R­A­N­T­E­E­D"", ""start"": 1902, ""end"": 1912, ""salt_mode"": ""fragment"", ""fragment_max_positions"": null}]"
00861.e8b94fc9514d2d2cbb541b01e2dda726,00861__salted__extended__cp200B__fragment.e8b94fc9514d2d2cbb541b01e2dda726,extended,200B,fragment,,0,3,True,[],"[{""original_token"": ""promotion"", ""salted_token"": ""p​r​o​m​o​t​i​o​n"", ""start"": 607, ""end"": 616, ""salt_mode"": ""fragment"", ""fragment_max_positions"": null}, {""original_token"": ""Click"", ""salted_token"": ""C​l​i​c​k"", ""start"": 1593, ""end"": 1598, ""salt_mode"": ""fragment"", ""fragment_max_positions"": null}, {""original_token"": ""receive"", ""salted_token"": ""r​e​c​e​i​v​e"", ""start"": 1749, ""end"": 1756, ""salt_mode"": ""fragment"", ""fragment_max_positions"": null}]"
00861.e8b94fc9514d2d2cbb541b01e2dda726,00861__salted__extended__cp200C__fragment.e8b94fc9514d2d2cbb541b01e2dda726,extended,200C,fragment,,0,3,True,[],"[{""original_token"": ""promotion"", ""salted_token"": ""p‌r‌o‌m‌o‌t‌i‌o‌n"", ""start"": 607, ""end"": 616, ""salt_mode"": ""fragment"", ""fragment_max_positions"": null}, {""original_token"": ""Click"", ""salted_token"": ""C‌l‌i‌c‌k"", ""start"": 1593, ""end"": 1598, ""salt_mode"": ""fragment"", ""fragment_max_positions"": null}, {""original_token"": ""receive"", ""salted_token"": ""r‌e‌c‌e‌i‌v‌e"", ""start"": 1749, ""end"": 1756, ""salt_mode"": ""fragment"", ""fragment_max_positions"": null}]"
00861.e8b94fc9514d2d2cbb541b01e2dda726,00861__salted__extended__cp200D__fragment.e8b94fc9514d2d2cbb541b01e2dda726,extended,200D,fragment,,0,3,True,[],"[{""original_token"": ""promotion"", ""salted_token"": ""p‍r‍o‍m‍o‍t‍i‍o‍n"", ""start"": 607, ""end"": 616, ""salt_mode"": ""fragment"", ""fragment_max_positions"": null}, {""original_token"": ""Click"", ""salted_token"": ""C‍l‍i‍c‍k"", ""start"": 1593, ""end"": 1598, ""salt_mode"": ""fragment"", ""fragment_max_positions"": null}, {""original_token"": ""receive"", ""salted_token"": ""r‍e‍c‍e‍i‍v‍e"", ""start"": 1749, ""end"": 1756, ""salt_mode"": ""fragment"", ""fragment_max_positions"": null}]"
00861.e8b94fc9514d2d2cbb541b01e2dda726,00861__salted__extended__cp00AD__fragment.e8b94fc9514d2d2cbb541b01e2dda726,extended,00AD,fragment,,0,3,True,[],"[{""original_token"": ""promotion"", ""salted_token"": ""p­r­o­m­o­t­i­o­n"", ""start"": 607, ""end"": 616, ""salt_mode"": ""fragment"", ""fragment_max_positions"": null}, {""original_token"": ""Click"", ""salted_token"": ""C­l­i­c­k"", ""start"": 1593, ""end"": 1598, ""salt_mode"": ""fragment"", ""fragment_max_positions"": null}, {""original_token"": ""receive"", ""salted_token"": ""r­e­c­e­i­v­e"", ""start"": 1749, ""end"": 1756, ""salt_mode"": ""fragment"", ""fragment_max_positions"": null}]"
00891.730d12d96dcfa7812a51d12d9a3b6a1c,00891__salted__extended__cp200B__fragment.730d12d96dcfa7812a51d12d9a3b6a1c,extended,200B,fragment,,0,3,True,[],"[{""original_token"": ""receive"", ""salted_token"": ""r​e​c​e​i​v​e"", ""start"": 143, ""end"": 150, ""salt_mode"": ""fragment"", ""fragment_max_positions"": null}, {""original_token"": ""sincerely"", ""salted_token"": ""s​i​n​c​e​r​e​l​y"", ""start"": 224, ""end"": 233, ""salt_mode"": ""fragment"", ""fragment_max_positions"": null}, {""original_token"": ""assistance"", ""salted_token"": ""a​s​s​i​s​t​a​n​c​e"", ""start"": 692, ""end"": 702, ""salt_mode"": ""fragment"", ""fragment_max_positions"": null}]"
00891.730d12d96dcfa7812a51d12d9a3b6a1c,00891__salted__extended__cp200C__fragment.730d12d96dcfa7812a51d12d9a3b6a1c,extended,200C,fragment,,0,3,True,[],"[{""original_token"": ""receive"", ""salted_token"": ""r‌e‌c‌e‌i‌v‌e"", ""start"": 143, ""end"": 150, ""salt_mode"": ""fragment"", ""fragment_max_positions"": null}, {""original_token"": ""sincerely"", ""salted_token"": ""s‌i‌n‌c‌e‌r‌e‌l‌y"", ""start"": 224, ""end"": 233, ""salt_mode"": ""fragment"", ""fragment_max_positions"": null}, {""original_token"": ""assistance"", ""salted_token"": ""a‌s‌s‌i‌s‌t‌a‌n‌c‌e"", ""start"": 692, ""end"": 702, ""salt_mode"": ""fragment"", ""fragment_max_positions"": null}]"
00891.730d12d96dcfa7812a51d12d9a3b6a1c,00891__salted__extended__cp200D__fragment.730d12d96dcfa7812a51d12d9a3b6a1c,extended,200D,fragment,,0,3,True,[],"[{""original_token"": ""receive"", ""salted_token"": ""r‍e‍c‍e‍i‍v‍e"", ""start"": 143, ""end"": 150, ""salt_mode"": ""fragment"", ""fragment_max_positions"": null}, {""original_token"": ""sincerely"", ""salted_token"": ""s‍i‍n‍c‍e‍r‍e‍l‍y"", ""start"": 224, ""end"": 233, ""salt_mode"": ""fragment"", ""fragment_max_positions"": null}, {""original_token"": ""assistance"", ""salted_token"": ""a‍s‍s‍i‍s‍t‍a‍n‍c‍e"", ""start"": 692, ""end"": 702, ""salt_mode"": ""fragment"", ""fragment_max_positions"": null}]"
00891.730d12d96dcfa7812a51d12d9a3b6a1c,00891__salted__extended__cp00AD__fragment.730d12d96dcfa7812a51d12d9a3b6a1c,extended,00AD,fragment,,0,3,True,[],"[{""original_token"": ""receive"", ""salted_token"": ""r­e­c­e­i­v­e"", ""start"": 143, ""end"": 150, ""salt_mode"": ""fragment"", ""fragment_max_positions"": null}, {""original_token"": ""sincerely"", ""salted_token"": ""s­i­n­c­e­r­e­l­y"", ""start"": 224, ""end"": 233, ""salt_mode"": ""fragment"", ""fragment_max_positions"": null}, {""original_token"": ""assistance"", ""salted_token"": ""a­s­s­i­s­t­a­n­c­e"", ""start"": 692, ""end"": 702, ""salt_mode"": ""fragment"", ""fragment_max_positions"": null}]"
00925.6ba2770acb214c661a26e54b4d03c119,00925__salted__extended__cp200B__fragment.6ba2770acb214c661a26e54b4d03c119,extended,200B,fragment,,1,2,True,"[{""original_token"": ""ADV"", ""salted_token"": ""A​D​V"", ""start"": 0, ""end"": 3, ""salt_mode"": ""fragment"", ""fragment_max_positions"": null}]","[{""original_token"": ""toll"", ""salted_token"": ""t​o​l​l"", ""start"": 353, ""end"": 357, ""salt_mode"": ""fragment"", ""fragment_max_positions"": null}, {""original_token"": ""Sincerely"", ""salted_token"": ""S​i​n​c​e​r​e​l​y"", ""start"": 378, ""end"": 387, ""salt_mode"": ""fragment"", ""fragment_max_positions"": null}]"
00925.6ba2770acb214c661a26e54b4d03c119,00925__salted__extended__cp200C__fragment.6ba2770acb214c661a26e54b4d03c119,extended,200C,fragment,,1,2,True,"[{""original_token"": ""ADV"", ""salted_token"": ""A‌D‌V"", ""start"": 0, ""end"": 3, ""salt_mode"": ""fragment"", ""fragment_max_positions"": null}]","[{""original_token"": ""toll"", ""salted_token"": ""t‌o‌l‌l"", ""start"": 353, ""end"": 357, ""salt_mode"": ""fragment"", ""fragment_max_positions"": null}, {""original_token"": ""Sincerely"", ""salted_token"": ""S‌i‌n‌c‌e‌r‌e‌l‌y"", ""start"": 378, ""end"": 387, ""salt_mode"": ""fragment"", ""fragment_max_positions"": null}]"
00925.6ba2770acb214c661a26e54b4d03c119,00925__salted__extended__cp200D__fragment.6ba2770acb214c661a26e54b4d03c119,extended,200D,fragment,,1,2,True,"[{""original_token"": ""ADV"", ""salted_token"": ""A‍D‍V"", ""start"": 0, ""end"": 3, ""salt_mode"": ""fragment"", ""fragment_max_positions"": null}]","[{""original_token"": ""toll"", ""salted_token"": ""t‍o‍l‍l"", ""start"": 353, ""end"": 357, ""salt_mode"": ""fragment"", ""fragment_max_positions"": null}, {""original_token"": ""Sincerely"", ""salted_token"": ""S‍i‍n‍c‍e‍r‍e‍l‍y"", ""start"": 378, ""end"": 387, ""salt_mode"": ""fragment"", ""fragment_max_positions"": null}]"
00925.6ba2770acb214c661a26e54b4d03c119,00925__salted__extended__cp00AD__fragment.6ba2770acb214c661a26e54b4d03c119,extended,00AD,fragment,,1,2,True,"[{""original_token"": ""ADV"", ""salted_token"": ""A­D­V"", ""start"": 0, ""end"": 3, ""salt_mode"": ""fragment"", ""fragment_max_positions"": null}]","[{""original_token"": ""toll"", ""salted_token"": ""t­o­l­l"", ""start"": 353, ""end"": 357, ""salt_mode"": ""fragment"", ""fragment_max_positions"": null}, {""original_token"": ""Sincerely"", ""salted_token"": ""S­i­n­c­e­r­e­l­y"", ""start"": 378, ""end"": 387, ""salt_mode"": ""fragment"", ""fragment_max_positions"": null}]"
00939.8d335bc76836e51b449de9f6b38aa0f8,00939__salted__extended__cp200B__fragment.8d335bc76836e51b449de9f6b38aa0f8,extended,200B,fragment,,0,3,True,[],"[{""original_token"": ""receive"", ""salted_token"": ""r​e​c​e​i​v​e"", ""start"": 236, ""end"": 243, ""salt_mode"": ""fragment"", ""fragment_max_positions"": null}, {""original_token"": ""Click"", ""salted_token"": ""C​l​i​c​k"", ""start"": 408, ""end"": 413, ""salt_mode"": ""fragment"", ""fragment_max_positions"": null}, {""original_token"": ""promotion"", ""salted_token"": ""p​r​o​m​o​t​i​o​n"", ""start"": 529, ""end"": 538, ""salt_mode"": ""fragment"", ""fragment_max_positions"": null}]"
00939.8d335bc76836e51b449de9f6b38aa0f8,00939__salted__extended__cp200C__fragment.8d335bc76836e51b449de9f6b38aa0f8,extended,200C,fragment,,0,3,True,[],"[{""original_token"": ""receive"", ""salted_token"": ""r‌e‌c‌e‌i‌v‌e"", ""start"": 236, ""end"": 243, ""salt_mode"": ""fragment"", ""fragment_max_positions"": null}, {""original_token"": ""Click"", ""salted_token"": ""C‌l‌i‌c‌k"", ""start"": 408, ""end"": 413, ""salt_mode"": ""fragment"", ""fragment_max_positions"": null}, {""original_token"": ""promotion"", ""salted_token"": ""p‌r‌o‌m‌o‌t‌i‌o‌n"", ""start"": 529, ""end"": 538, ""salt_mode"": ""fragment"", ""fragment_max_positions"": null}]"
00939.8d335bc76836e51b449de9f6b38aa0f8,00939__salted__extended__cp200D__fragment.8d335bc76836e51b449de9f6b38aa0f8,extended,200D,fragment,,0,3,True,[],"[{""original_token"": ""receive"", ""salted_token"": ""r‍e‍c‍e‍i‍v‍e"", ""start"": 236, ""end"": 243, ""salt_mode"": ""fragment"", ""fragment_max_positions"": null}, {""original_token"": ""Click"", ""salted_token"": ""C‍l‍i‍c‍k"", ""start"": 408, ""end"": 413, ""salt_mode"": ""fragment"", ""fragment_max_positions"": null}, {""original_token"": ""promotion"", ""salted_token"": ""p‍r‍o‍m‍o‍t‍i‍o‍n"", ""start"": 529, ""end"": 538, ""salt_mode"": ""fragment"", ""fragment_max_positions"": null}]"
00939.8d335bc76836e51b449de9f6b38aa0f8,00939__salted__extended__cp00AD__fragment.8d335bc76836e51b449de9f6b38aa0f8,extended,00AD,fragment,,0,3,True,[],"[{""original_token"": ""receive"", ""salted_token"": ""r­e­c­e­i­v­e"", ""start"": 236, ""end"": 243, ""salt_mode"": ""fragment"", ""fragment_max_positions"": null}, {""original_token"": ""Click"", ""salted_token"": ""C­l­i­c­k"", ""start"": 408, ""end"": 413, ""salt_mode"": ""fragment"", ""fragment_max_positions"": null}, {""original_token"": ""promotion"", ""salted_token"": ""p­r­o­m­o­t­i­o­n"", ""start"": 529, ""end"": 538, ""salt_mode"": ""fragment"", ""fragment_max_positions"": null}]"
00940.33bee147237876bc1f28b1bf21b586a0,00940__salted__extended__cp200B__fragment.33bee147237876bc1f28b1bf21b586a0,extended,200B,fragment,,1,3,True,"[{""original_token"": ""Assistance"", ""salted_token"": ""A​s​s​i​s​t​a​n​c​e"", ""start"": 0, ""end"": 10, ""salt_mode"": ""fragment"", ""fragment_max_positions"": null}]","[{""original_token"": ""Dear"", ""salted_token"": ""D​e​a​r"", ""start"": 0, ""end"": 4, ""salt_mode"": ""fragment"", ""fragment_max_positions"": null}, {""original_token"": ""Sir"", ""salted_token"": ""S​i​r"", ""start"": 5, ""end"": 8, ""salt_mode"": ""fragment"", ""fragment_max_positions"": null}, {""original_token"": ""Nigeria"", ""salted_token"": ""N​i​g​e​r​i​a"", ""start"": 58, ""end"": 65, ""salt_mode"": ""fragment"", ""fragment_max_positions"": null}]"
00940.33bee147237876bc1f28b1bf21b586a0,00940__salted__extended__cp200C__fragment.33bee147237876bc1f28b1bf21b586a0,extended,200C,fragment,,1,3,True,"[{""original_token"": ""Assistance"", ""salted_token"": ""A‌s‌s‌i‌s‌t‌a‌n‌c‌e"", ""start"": 0, ""end"": 10, ""salt_mode"": ""fragment"", ""fragment_max_positions"": null}]","[{""original_token"": ""Dear"", ""salted_token"": ""D‌e‌a‌r"", ""start"": 0, ""end"": 4, ""salt_mode"": ""fragment"", ""fragment_max_positions"": null}, {""original_token"": ""Sir"", ""salted_token"": ""S‌i‌r"", ""start"": 5, ""end"": 8, ""salt_mode"": ""fragment"", ""fragment_max_positions"": null}, {""original_token"": ""Nigeria"", ""salted_token"": ""N‌i‌g‌e‌r‌i‌a"", ""start"": 58, ""end"": 65, ""salt_mode"": ""fragment"", ""fragment_max_positions"": null}]"
00940.33bee147237876bc1f28b1bf21b586a0,00940__salted__extended__cp200D__fragment.33bee147237876bc1f28b1bf21b586a0,extended,200D,fragment,,1,3,True,"[{""original_token"": ""Assistance"", ""salted_token"": ""A‍s‍s‍i‍s‍t‍a‍n‍c‍e"", ""start"": 0, ""end"": 10, ""salt_mode"": ""fragment"", ""fragment_max_positions"": null}]","[{""original_token"": ""Dear"", ""salted_token"": ""D‍e‍a‍r"", ""start"": 0, ""end"": 4, ""salt_mode"": ""fragment"", ""fragment_max_positions"": null}, {""original_token"": ""Sir"", ""salted_token"": ""S‍i‍r"", ""start"": 5, ""end"": 8, ""salt_mode"": ""fragment"", ""fragment_max_positions"": null}, {""original_token"": ""Nigeria"", ""salted_token"": ""N‍i‍g‍e‍r‍i‍a"", ""start"": 58, ""end"": 65, ""salt_mode"": ""fragment"", ""fragment_max_positions"": null}]"
00940.33bee147237876bc1f28b1bf21b586a0,00940__salted__extended__cp00AD__fragment.33bee147237876bc1f28b1bf21b586a0,extended,00AD,fragment,,1,3,True,"[{""original_token"": ""Assistance"", ""salted_token"": ""A­s­s­i­s­t­a­n­c­e"", ""start"": 0, ""end"": 10, ""salt_mode"": ""fragment"", ""fragment_max_positions"": null}]","[{""original_token"": ""Dear"", ""salted_token"": ""D­e­a­r"", ""start"": 0, ""end"": 4, ""salt_mode"": ""fragment"", ""fragment_max_positions"": null}, {""original_token"": ""Sir"", ""salted_token"": ""S­i­r"", ""start"": 5, ""end"": 8, ""salt_mode"": ""fragment"", ""fragment_max_positions"": null}, {""original_token"": ""Nigeria"", ""salted_token"": ""N­i­g­e­r­i­a"", ""start"": 58, ""end"": 65, ""salt_mode"": ""fragment"", ""fragment_max_positions"": null}]"
00947.e4d80402e902f1ea42cfc539bb279afd,00947__salted__extended__cp200B__fragment.e4d80402e902f1ea42cfc539bb279afd,extended,200B,fragment,,1,0,False,"[{""original_token"": ""cartridges"", ""salted_token"": ""c​a​r​t​r​i​d​g​e​s"", ""start"": 18, ""end"": 28, ""salt_mode"": ""fragment"", ""fragment_max_positions"": null}]",[]
00947.e4d80402e902f1ea42cfc539bb279afd,00947__salted__extended__cp200C__fragment.e4d80402e902f1ea42cfc539bb279afd,extended,200C,fragment,,1,0,False,"[{""original_token"": ""cartridges"", ""salted_token"": ""c‌a‌r‌t‌r‌i‌d‌g‌e‌s"", ""start"": 18, ""end"": 28, ""salt_mode"": ""fragment"", ""fragment_max_positions"": null}]",[]
00947.e4d80402e902f1ea42cfc539bb279afd,00947__salted__extended__cp200D__fragment.e4d80402e902f1ea42cfc539bb279afd,extended,200D,fragment,,1,0,False,"[{""original_token"": ""cartridges"", ""salted_token"": ""c‍a‍r‍t‍r‍i‍d‍g‍e‍s"", ""start"": 18, ""end"": 28, ""salt_mode"": ""fragment"", ""fragment_max_positions"": null}]",[]
00947.e4d80402e902f1ea42cfc539bb279afd,00947__salted__extended__cp00AD__fragment.e4d80402e902f1ea42cfc539bb279afd,extended,00AD,fragment,,1,0,False,"[{""original_token"": ""cartridges"", ""salted_token"": ""c­a­r­t­r­i­d­g­e­s"", ""start"": 18, ""end"": 28, ""salt_mode"": ""fragment"", ""fragment_max_positions"": null}]",[]
00948.674250d39ae9ea6d1c054fd6f7b52cee,00948__salted__extended__cp200B__fragment.674250d39ae9ea6d1c054fd6f7b52cee,extended,200B,fragment,,0,1,True,[],"[{""original_token"": ""incurred"", ""salted_token"": ""i​n​c​u​r​r​e​d"", ""start"": 2257, ""end"": 2265, ""salt_mode"": ""fragment"", ""fragment_max_positions"": null}]"
00948.674250d39ae9ea6d1c054fd6f7b52cee,00948__salted__extended__cp200C__fragment.674250d39ae9ea6d1c054fd6f7b52cee,extended,200C,fragment,,0,1,True,[],"[{""original_token"": ""incurred"", ""salted_token"": ""i‌n‌c‌u‌r‌r‌e‌d"", ""start"": 2257, ""end"": 2265, ""salt_mode"": ""fragment"", ""fragment_max_positions"": null}]"
00948.674250d39ae9ea6d1c054fd6f7b52cee,00948__salted__extended__cp200D__fragment.674250d39ae9ea6d1c054fd6f7b52cee,extended,200D,fragment,,0,1,True,[],"[{""original_token"": ""incurred"", ""salted_token"": ""i‍n‍c‍u‍r‍r‍e‍d"", ""start"": 2257, ""end"": 2265, ""salt_mode"": ""fragment"", ""fragment_max_positions"": null}]"
00948.674250d39ae9ea6d1c054fd6f7b52cee,00948__salted__extended__cp00AD__fragment.674250d39ae9ea6d1c054fd6f7b52cee,extended,00AD,fragment,,0,1,True,[],"[{""original_token"": ""incurred"", ""salted_token"": ""i­n­c­u­r­r­e­d"", ""start"": 2257, ""end"": 2265, ""salt_mode"": ""fragment"", ""fragment_max_positions"": null}]"
00956.bd15831ffe9661a5395b8ec491a4fed2,00956__salted__extended__cp200B__fragment.bd15831ffe9661a5395b8ec491a4fed2,extended,200B,fragment,,1,0,False,"[{""original_token"": ""Cartridges"", ""salted_token"": ""C​a​r​t​r​i​d​g​e​s"", ""start"": 8, ""end"": 18, ""salt_mode"": ""fragment"", ""fragment_max_positions"": null}]",[]
00956.bd15831ffe9661a5395b8ec491a4fed2,00956__salted__extended__cp200C__fragment.bd15831ffe9661a5395b8ec491a4fed2,extended,200C,fragment,,1,0,False,"[{""original_token"": ""Cartridges"", ""salted_token"": ""C‌a‌r‌t‌r‌i‌d‌g‌e‌s"", ""start"": 8, ""end"": 18, ""salt_mode"": ""fragment"", ""fragment_max_positions"": null}]",[]
00956.bd15831ffe9661a5395b8ec491a4fed2,00956__salted__extended__cp200D__fragment.bd15831ffe9661a5395b8ec491a4fed2,extended,200D,fragment,,1,0,False,"[{""original_token"": ""Cartridges"", ""salted_token"": ""C‍a‍r‍t‍r‍i‍d‍g‍e‍s"", ""start"": 8, ""end"": 18, ""salt_mode"": ""fragment"", ""fragment_max_positions"": null}]",[]
00956.bd15831ffe9661a5395b8ec491a4fed2,00956__salted__extended__cp00AD__fragment.bd15831ffe9661a5395b8ec491a4fed2,extended,00AD,fragment,,1,0,False,"[{""original_token"": ""Cartridges"", ""salted_token"": ""C­a­r­t­r­i­d­g­e­s"", ""start"": 8, ""end"": 18, ""salt_mode"": ""fragment"", ""fragment_max_positions"": null}]",[]
00962.452e4bd0724bf1139c9bc4eb9ec0fe43,00962__salted__extended__cp200B__fragment.452e4bd0724bf1139c9bc4eb9ec0fe43,extended,200B,fragment,,1,0,False,"[{""original_token"": ""cartridges"", ""salted_token"": ""c​a​r​t​r​i​d​g​e​s"", ""start"": 18, ""end"": 28, ""salt_mode"": ""fragment"", ""fragment_max_positions"": null}]",[]
00962.452e4bd0724bf1139c9bc4eb9ec0fe43,00962__salted__extended__cp200C__fragment.452e4bd0724bf1139c9bc4eb9ec0fe43,extended,200C,fragment,,1,0,False,"[{""original_token"": ""cartridges"", ""salted_token"": ""c‌a‌r‌t‌r‌i‌d‌g‌e‌s"", ""start"": 18, ""end"": 28, ""salt_mode"": ""fragment"", ""fragment_max_positions"": null}]",[]
00962.452e4bd0724bf1139c9bc4eb9ec0fe43,00962__salted__extended__cp200D__fragment.452e4bd0724bf1139c9bc4eb9ec0fe43,extended,200D,fragment,,1,0,False,"[{""original_token"": ""cartridges"", ""salted_token"": ""c‍a‍r‍t‍r‍i‍d‍g‍e‍s"", ""start"": 18, ""end"": 28, ""salt_mode"": ""fragment"", ""fragment_max_positions"": null}]",[]
00962.452e4bd0724bf1139c9bc4eb9ec0fe43,00962__salted__extended__cp00AD__fragment.452e4bd0724bf1139c9bc4eb9ec0fe43,extended,00AD,fragment,,1,0,False,"[{""original_token"": ""cartridges"", ""salted_token"": ""c­a­r­t­r­i­d­g­e­s"", ""start"": 18, ""end"": 28, ""salt_mode"": ""fragment"", ""fragment_max_positions"": null}]",[]
00973.ca8a425093e9994271e922f4d60f775c,00973__salted__extended__cp200B__fragment.ca8a425093e9994271e922f4d60f775c,extended,200B,fragment,,0,3,True,[],"[{""original_token"": ""receive"", ""salted_token"": ""r​e​c​e​i​v​e"", ""start"": 654, ""end"": 661, ""salt_mode"": ""fragment"", ""fragment_max_positions"": null}, {""original_token"": ""DeathToSpamDeathToSpamDeathToSpam"", ""salted_token"": ""D​e​a​t​h​T​o​S​p​a​m​D​e​a​t​h​T​o​S​p​a​m​D​e​a​t​h​T​o​S​p​a​m"", ""start"": 827, ""end"": 860, ""salt_mode"": ""fragment"", ""fragment_max_positions"": null}, {""original_token"": ""Sightings"", ""salted_token"": ""S​i​g​h​t​i​n​g​s"", ""start"": 1074, ""end"": 1083, ""salt_mode"": ""fragment"", ""fragment_max_positions"": null}]"
00973.ca8a425093e9994271e922f4d60f775c,00973__salted__extended__cp200C__fragment.ca8a425093e9994271e922f4d60f775c,extended,200C,fragment,,0,3,True,[],"[{""original_token"": ""receive"", ""salted_token"": ""r‌e‌c‌e‌i‌v‌e"", ""start"": 654, ""end"": 661, ""salt_mode"": ""fragment"", ""fragment_max_positions"": null}, {""original_token"": ""DeathToSpamDeathToSpamDeathToSpam"", ""salted_token"": ""D‌e‌a‌t‌h‌T‌o‌S‌p‌a‌m‌D‌e‌a‌t‌h‌T‌o‌S‌p‌a‌m‌D‌e‌a‌t‌h‌T‌o‌S‌p‌a‌m"", ""start"": 827, ""end"": 860, ""salt_mode"": ""fragment"", ""fragment_max_positions"": null}, {""original_token"": ""Sightings"", ""salted_token"": ""S‌i‌g‌h‌t‌i‌n‌g‌s"", ""start"": 1074, ""end"": 1083, ""salt_mode"": ""fragment"", ""fragment_max_positions"": null}]"
00973.ca8a425093e9994271e922f4d60f775c,00973__salted__extended__cp200D__fragment.ca8a425093e9994271e922f4d60f775c,extended,200D,fragment,,0,3,True,[],"[{""original_token"": ""receive"", ""salted_token"": ""r‍e‍c‍e‍i‍v‍e"", ""start"": 654, ""end"": 661, ""salt_mode"": ""fragment"", ""fragment_max_positions"": null}, {""original_token"": ""DeathToSpamDeathToSpamDeathToSpam"", ""salted_token"": ""D‍e‍a‍t‍h‍T‍o‍S‍p‍a‍m‍D‍e‍a‍t‍h‍T‍o‍S‍p‍a‍m‍D‍e‍a‍t‍h‍T‍o‍S‍p‍a‍m"", ""start"": 827, ""end"": 860, ""salt_mode"": ""fragment"", ""fragment_max_positions"": null}, {""original_token"": ""Sightings"", ""salted_token"": ""S‍i‍g‍h‍t‍i‍n‍g‍s"", ""start"": 1074, ""end"": 1083, ""salt_mode"": ""fragment"", ""fragment_max_positions"": null}]"
00973.ca8a425093e9994271e922f4d60f775c,00973__salted__extended__cp00AD__fragment.ca8a425093e9994271e922f4d60f775c,extended,00AD,fragment,,0,3,True,[],"[{""original_token"": ""receive"", ""salted_token"": ""r­e­c­e­i­v­e"", ""start"": 654, ""end"": 661, ""salt_mode"": ""fragment"", ""fragment_max_positions"": null}, {""original_token"": ""DeathToSpamDeathToSpamDeathToSpam"", ""salted_token"": ""D­e­a­t­h­T­o­S­p­a­m­D­e­a­t­h­T­o­S­p­a­m­D­e­a­t­h­T­o­S­p­a­m"", ""start"": 827, ""end"": 860, ""salt_mode"": ""fragment"", ""fragment_max_positions"": null}, {""original_token"": ""Sightings"", ""salted_token"": ""S­i­g­h­t­i­n­g­s"", ""start"": 1074, ""end"": 1083, ""salt_mode"": ""fragment"", ""fragment_max_positions"": null}]"
01008.5e932696d8f33950af53eb9461a014a2,01008__salted__extended__cp200B__fragment.5e932696d8f33950af53eb9461a014a2,extended,200B,fragment,,0,3,True,[],"[{""original_token"": ""Dear"", ""salted_token"": ""D​e​a​r"", ""start"": 25, ""end"": 29, ""salt_mode"": ""fragment"", ""fragment_max_positions"": null}, {""original_token"": ""promotional"", ""salted_token"": ""p​r​o​m​o​t​i​o​n​a​l"", ""start"": 896, ""end"": 907, ""salt_mode"": ""fragment"", ""fragment_max_positions"": null}, {""original_token"": ""guaranteed"", ""salted_token"": ""g​u​a​r​a​n​t​e​e​d"", ""start"": 1102, ""end"": 1112, ""salt_mode"": ""fragment"", ""fragment_max_positions"": null}]"
01008.5e932696d8f33950af53eb9461a014a2,01008__salted__extended__cp200C__fragment.5e932696d8f33950af53eb9461a014a2,extended,200C,fragment,,0,3,True,[],"[{""original_token"": ""Dear"", ""salted_token"": ""D‌e‌a‌r"", ""start"": 25, ""end"": 29, ""salt_mode"": ""fragment"", ""fragment_max_positions"": null}, {""original_token"": ""promotional"", ""salted_token"": ""p‌r‌o‌m‌o‌t‌i‌o‌n‌a‌l"", ""start"": 896, ""end"": 907, ""salt_mode"": ""fragment"", ""fragment_max_positions"": null}, {""original_token"": ""guaranteed"", ""salted_token"": ""g‌u‌a‌r‌a‌n‌t‌e‌e‌d"", ""start"": 1102, ""end"": 1112, ""salt_mode"": ""fragment"", ""fragment_max_positions"": null}]"
01008.5e932696d8f33950af53eb9461a014a2,01008__salted__extended__cp200D__fragment.5e932696d8f33950af53eb9461a014a2,extended,200D,fragment,,0,3,True,[],"[{""original_token"": ""Dear"", ""salted_token"": ""D‍e‍a‍r"", ""start"": 25, ""end"": 29, ""salt_mode"": ""fragment"", ""fragment_max_positions"": null}, {""original_token"": ""promotional"", ""salted_token"": ""p‍r‍o‍m‍o‍t‍i‍o‍n‍a‍l"", ""start"": 896, ""end"": 907, ""salt_mode"": ""fragment"", ""fragment_max_positions"": null}, {""original_token"": ""guaranteed"", ""salted_token"": ""g‍u‍a‍r‍a‍n‍t‍e‍e‍d"", ""start"": 1102, ""end"": 1112, ""salt_mode"": ""fragment"", ""fragment_max_positions"": null}]"
01008.5e932696d8f33950af53eb9461a014a2,01008__salted__extended__cp00AD__fragment.5e932696d8f33950af53eb9461a014a2,extended,00AD,fragment,,0,3,True,[],"[{""original_token"": ""Dear"", ""salted_token"": ""D­e­a­r"", ""start"": 25, ""end"": 29, ""salt_mode"": ""fragment"", ""fragment_max_positions"": null}, {""original_token"": ""promotional"", ""salted_token"": ""p­r­o­m­o­t­i­o­n­a­l"", ""start"": 896, ""end"": 907, ""salt_mode"": ""fragment"", ""fragment_max_positions"": null}, {""original_token"": ""guaranteed"", ""salted_token"": ""g­u­a­r­a­n­t­e­e­d"", ""start"": 1102, ""end"": 1112, ""salt_mode"": ""fragment"", ""fragment_max_positions"": null}]"
01011.d4812088cad8553fb214dab8003add9b,01011__salted__extended__cp200B__fragment.d4812088cad8553fb214dab8003add9b,extended,200B,fragment,,0,3,True,[],"[{""original_token"": ""DEAR"", ""salted_token"": ""D​E​A​R"", ""start"": 0, ""end"": 4, ""salt_mode"": ""fragment"", ""fragment_max_positions"": null}, {""original_token"": ""SIR"", ""salted_token"": ""S​I​R"", ""start"": 5, ""end"": 8, ""salt_mode"": ""fragment"", ""fragment_max_positions"": null}, {""original_token"": ""assistance"", ""salted_token"": ""a​s​s​i​s​t​a​n​c​e"", ""start"": 224, ""end"": 234, ""salt_mode"": ""fragment"", ""fragment_max_positions"": null}]"
01011.d4812088cad8553fb214dab8003add9b,01011__salted__extended__cp200C__fragment.d4812088cad8553fb214dab8003add9b,extended,200C,fragment,,0,3,True,[],"[{""original_token"": ""DEAR"", ""salted_token"": ""D‌E‌A‌R"", ""start"": 0, ""end"": 4, ""salt_mode"": ""fragment"", ""fragment_max_positions"": null}, {""original_token"": ""SIR"", ""salted_token"": ""S‌I‌R"", ""start"": 5, ""end"": 8, ""salt_mode"": ""fragment"", ""fragment_max_positions"": null}, {""original_token"": ""assistance"", ""salted_token"": ""a‌s‌s‌i‌s‌t‌a‌n‌c‌e"", ""start"": 224, ""end"": 234, ""salt_mode"": ""fragment"", ""fragment_max_positions"": null}]"
01011.d4812088cad8553fb214dab8003add9b,01011__salted__extended__cp200D__fragment.d4812088cad8553fb214dab8003add9b,extended,200D,fragment,,0,3,True,[],"[{""original_token"": ""DEAR"", ""salted_token"": ""D‍E‍A‍R"", ""start"": 0, ""end"": 4, ""salt_mode"": ""fragment"", ""fragment_max_positions"": null}, {""original_token"": ""SIR"", ""salted_token"": ""S‍I‍R"", ""start"": 5, ""end"": 8, ""salt_mode"": ""fragment"", ""fragment_max_positions"": null}, {""original_token"": ""assistance"", ""salted_token"": ""a‍s‍s‍i‍s‍t‍a‍n‍c‍e"", ""start"": 224, ""end"": 234, ""salt_mode"": ""fragment"", ""fragment_max_positions"": null}]"
01011.d4812088cad8553fb214dab8003add9b,01011__salted__extended__cp00AD__fragment.d4812088cad8553fb214dab8003add9b,extended,00AD,fragment,,0,3,True,[],"[{""original_token"": ""DEAR"", ""salted_token"": ""D­E­A­R"", ""start"": 0, ""end"": 4, ""salt_mode"": ""fragment"", ""fragment_max_positions"": null}, {""original_token"": ""SIR"", ""salted_token"": ""S­I­R"", ""start"": 5, ""end"": 8, ""salt_mode"": ""fragment"", ""fragment_max_positions"": null}, {""original_token"": ""assistance"", ""salted_token"": ""a­s­s­i­s­t­a­n­c­e"", ""start"": 224, ""end"": 234, ""salt_mode"": ""fragment"", ""fragment_max_positions"": null}]"
01014.98c1d0a70f88efb979d9ca65e945363e,01014__salted__extended__cp200B__fragment.98c1d0a70f88efb979d9ca65e945363e,extended,200B,fragment,,0,1,True,[],"[{""original_token"": ""mailings"", ""salted_token"": ""m​a​i​l​i​n​g​s"", ""start"": 661, ""end"": 669, ""salt_mode"": ""fragment"", ""fragment_max_positions"": null}]"
01014.98c1d0a70f88efb979d9ca65e945363e,01014__salted__extended__cp200C__fragment.98c1d0a70f88efb979d9ca65e945363e,extended,200C,fragment,,0,1,True,[],"[{""original_token"": ""mailings"", ""salted_token"": ""m‌a‌i‌l‌i‌n‌g‌s"", ""start"": 661, ""end"": 669, ""salt_mode"": ""fragment"", ""fragment_max_positions"": null}]"
01014.98c1d0a70f88efb979d9ca65e945363e,01014__salted__extended__cp200D__fragment.98c1d0a70f88efb979d9ca65e945363e,extended,200D,fragment,,0,1,True,[],"[{""original_token"": ""mailings"", ""salted_token"": ""m‍a‍i‍l‍i‍n‍g‍s"", ""start"": 661, ""end"": 669, ""salt_mode"": ""fragment"", ""fragment_max_positions"": null}]"
01014.98c1d0a70f88efb979d9ca65e945363e,01014__salted__extended__cp00AD__fragment.98c1d0a70f88efb979d9ca65e945363e,extended,00AD,fragment,,0,1,True,[],"[{""original_token"": ""mailings"", ""salted_token"": ""m­a­i­l­i­n­g­s"", ""start"": 661, ""end"": 669, ""salt_mode"": ""fragment"", ""fragment_max_positions"": null}]"
01016.ac6ce255291deba2f46cdd8ddba3ea01,01016__salted__extended__cp200B__fragment.ac6ce255291deba2f46cdd8ddba3ea01,extended,200B,fragment,,1,0,False,"[{""original_token"": ""cartridges"", ""salted_token"": ""c​a​r​t​r​i​d​g​e​s"", ""start"": 49, ""end"": 59, ""salt_mode"": ""fragment"", ""fragment_max_positions"": null}]",[]
01016.ac6ce255291deba2f46cdd8ddba3ea01,01016__salted__extended__cp200C__fragment.ac6ce255291deba2f46cdd8ddba3ea01,extended,200C,fragment,,1,0,False,"[{""original_token"": ""cartridges"", ""salted_token"": ""c‌a‌r‌t‌r‌i‌d‌g‌e‌s"", ""start"": 49, ""end"": 59, ""salt_mode"": ""fragment"", ""fragment_max_positions"": null}]",[]
01016.ac6ce255291deba2f46cdd8ddba3ea01,01016__salted__extended__cp200D__fragment.ac6ce255291deba2f46cdd8ddba3ea01,extended,200D,fragment,,1,0,False,"[{""original_token"": ""cartridges"", ""salted_token"": ""c‍a‍r‍t‍r‍i‍d‍g‍e‍s"", ""start"": 49, ""end"": 59, ""salt_mode"": ""fragment"", ""fragment_max_positions"": null}]",[]
01016.ac6ce255291deba2f46cdd8ddba3ea01,01016__salted__extended__cp00AD__fragment.ac6ce255291deba2f46cdd8ddba3ea01,extended,00AD,fragment,,1,0,False,"[{""original_token"": ""cartridges"", ""salted_token"": ""c­a­r­t­r­i­d­g­e­s"", ""start"": 49, ""end"": 59, ""salt_mode"": ""fragment"", ""fragment_max_positions"": null}]",[]
01036.87c1f0b55cb48bd36c8863cf700cd485,01036__salted__extended__cp200B__fragment.87c1f0b55cb48bd36c8863cf700cd485,extended,200B,fragment,,0,1,True,[],"[{""original_token"": ""Click"", ""salted_token"": ""C​l​i​c​k"", ""start"": 261, ""end"": 266, ""salt_mode"": ""fragment"", ""fragment_max_positions"": null}]"
01036.87c1f0b55cb48bd36c8863cf700cd485,01036__salted__extended__cp200C__fragment.87c1f0b55cb48bd36c8863cf700cd485,extended,200C,fragment,,0,1,True,[],"[{""original_token"": ""Click"", ""salted_token"": ""C‌l‌i‌c‌k"", ""start"": 261, ""end"": 266, ""salt_mode"": ""fragment"", ""fragment_max_positions"": null}]"
01036.87c1f0b55cb48bd36c8863cf700cd485,01036__salted__extended__cp200D__fragment.87c1f0b55cb48bd36c8863cf700cd485,extended,200D,fragment,,0,1,True,[],"[{""original_token"": ""Click"", ""salted_token"": ""C‍l‍i‍c‍k"", ""start"": 261, ""end"": 266, ""salt_mode"": ""fragment"", ""fragment_max_positions"": null}]"
01036.87c1f0b55cb48bd36c8863cf700cd485,01036__salted__extended__cp00AD__fragment.87c1f0b55cb48bd36c8863cf700cd485,extended,00AD,fragment,,0,1,True,[],"[{""original_token"": ""Click"", ""salted_token"": ""C­l­i­c­k"", ""start"": 261, ""end"": 266, ""salt_mode"": ""fragment"", ""fragment_max_positions"": null}]"
01075.07ee7f1ab5ad6659c47baa5ef3691a80,01075__salted__extended__cp200B__fragment.07ee7f1ab5ad6659c47baa5ef3691a80,extended,200B,fragment,,0,3,True,[],"[{""original_token"": ""Removal"", ""salted_token"": ""R​e​m​o​v​a​l"", ""start"": 984, ""end"": 991, ""salt_mode"": ""fragment"", ""fragment_max_positions"": null}, {""original_token"": ""advertisement"", ""salted_token"": ""a​d​v​e​r​t​i​s​e​m​e​n​t"", ""start"": 1030, ""end"": 1043, ""salt_mode"": ""fragment"", ""fragment_max_positions"": null}, {""original_token"": ""opted"", ""salted_token"": ""o​p​t​e​d"", ""start"": 1061, ""end"": 1066, ""salt_mode"": ""fragment"", ""fragment_max_positions"": null}]"
01075.07ee7f1ab5ad6659c47baa5ef3691a80,01075__salted__extended__cp200C__fragment.07ee7f1ab5ad6659c47baa5ef3691a80,extended,200C,fragment,,0,3,True,[],"[{""original_token"": ""Removal"", ""salted_token"": ""R‌e‌m‌o‌v‌a‌l"", ""start"": 984, ""end"": 991, ""salt_mode"": ""fragment"", ""fragment_max_positions"": null}, {""original_token"": ""advertisement"", ""salted_token"": ""a‌d‌v‌e‌r‌t‌i‌s‌e‌m‌e‌n‌t"", ""start"": 1030, ""end"": 1043, ""salt_mode"": ""fragment"", ""fragment_max_positions"": null}, {""original_token"": ""opted"", ""salted_token"": ""o‌p‌t‌e‌d"", ""start"": 1061, ""end"": 1066, ""salt_mode"": ""fragment"", ""fragment_max_positions"": null}]"
01075.07ee7f1ab5ad6659c47baa5ef3691a80,01075__salted__extended__cp200D__fragment.07ee7f1ab5ad6659c47baa5ef3691a80,extended,200D,fragment,,0,3,True,[],"[{""original_token"": ""Removal"", ""salted_token"": ""R‍e‍m‍o‍v‍a‍l"", ""start"": 984, ""end"": 991, ""salt_mode"": ""fragment"", ""fragment_max_positions"": null}, {""original_token"": ""advertisement"", ""salted_token"": ""a‍d‍v‍e‍r‍t‍i‍s‍e‍m‍e‍n‍t"", ""start"": 1030, ""end"": 1043, ""salt_mode"": ""fragment"", ""fragment_max_positions"": null}, {""original_token"": ""opted"", ""salted_token"": ""o‍p‍t‍e‍d"", ""start"": 1061, ""end"": 1066, ""salt_mode"": ""fragment"", ""fragment_max_positions"": null}]"
01075.07ee7f1ab5ad6659c47baa5ef3691a80,01075__salted__extended__cp00AD__fragment.07ee7f1ab5ad6659c47baa5ef3691a80,extended,00AD,fragment,,0,3,True,[],"[{""original_token"": ""Removal"", ""salted_token"": ""R­e­m­o­v­a­l"", ""start"": 984, ""end"": 991, ""salt_mode"": ""fragment"", ""fragment_max_positions"": null}, {""original_token"": ""advertisement"", ""salted_token"": ""a­d­v­e­r­t­i­s­e­m­e­n­t"", ""start"": 1030, ""end"": 1043, ""salt_mode"": ""fragment"", ""fragment_max_positions"": null}, {""original_token"": ""opted"", ""salted_token"": ""o­p­t­e­d"", ""start"": 1061, ""end"": 1066, ""salt_mode"": ""fragment"", ""fragment_max_positions"": null}]"
01079.9eb95fd88f3d9d551f8c64359470ae7e,01079__salted__extended__cp200B__fragment.9eb95fd88f3d9d551f8c64359470ae7e,extended,200B,fragment,,1,0,False,"[{""original_token"": ""cartridges"", ""salted_token"": ""c​a​r​t​r​i​d​g​e​s"", ""start"": 18, ""end"": 28, ""salt_mode"": ""fragment"", ""fragment_max_positions"": null}]",[]
01079.9eb95fd88f3d9d551f8c64359470ae7e,01079__salted__extended__cp200C__fragment.9eb95fd88f3d9d551f8c64359470ae7e,extended,200C,fragment,,1,0,False,"[{""original_token"": ""cartridges"", ""salted_token"": ""c‌a‌r‌t‌r‌i‌d‌g‌e‌s"", ""start"": 18, ""end"": 28, ""salt_mode"": ""fragment"", ""fragment_max_positions"": null}]",[]
01079.9eb95fd88f3d9d551f8c64359470ae7e,01079__salted__extended__cp200D__fragment.9eb95fd88f3d9d551f8c64359470ae7e,extended,200D,fragment,,1,0,False,"[{""original_token"": ""cartridges"", ""salted_token"": ""c‍a‍r‍t‍r‍i‍d‍g‍e‍s"", ""start"": 18, ""end"": 28, ""salt_mode"": ""fragment"", ""fragment_max_positions"": null}]",[]
01079.9eb95fd88f3d9d551f8c64359470ae7e,01079__salted__extended__cp00AD__fragment.9eb95fd88f3d9d551f8c64359470ae7e,extended,00AD,fragment,,1,0,False,"[{""original_token"": ""cartridges"", ""salted_token"": ""c­a­r­t­r­i­d­g­e­s"", ""start"": 18, ""end"": 28, ""salt_mode"": ""fragment"", ""fragment_max_positions"": null}]",[]
01082.9f69cd26a420837850841e71d6147a57,01082__salted__extended__cp200B__fragment.9f69cd26a420837850841e71d6147a57,extended,200B,fragment,,0,1,True,[],"[{""original_token"": ""Click"", ""salted_token"": ""C​l​i​c​k"", ""start"": 578, ""end"": 583, ""salt_mode"": ""fragment"", ""fragment_max_positions"": null}]"
01082.9f69cd26a420837850841e71d6147a57,01082__salted__extended__cp200C__fragment.9f69cd26a420837850841e71d6147a57,extended,200C,fragment,,0,1,True,[],"[{""original_token"": ""Click"", ""salted_token"": ""C‌l‌i‌c‌k"", ""start"": 578, ""end"": 583, ""salt_mode"": ""fragment"", ""fragment_max_positions"": null}]"
01082.9f69cd26a420837850841e71d6147a57,01082__salted__extended__cp200D__fragment.9f69cd26a420837850841e71d6147a57,extended,200D,fragment,,0,1,True,[],"[{""original_token"": ""Click"", ""salted_token"": ""C‍l‍i‍c‍k"", ""start"": 578, ""end"": 583, ""salt_mode"": ""fragment"", ""fragment_max_positions"": null}]"
01082.9f69cd26a420837850841e71d6147a57,01082__salted__extended__cp00AD__fragment.9f69cd26a420837850841e71d6147a57,extended,00AD,fragment,,0,1,True,[],"[{""original_token"": ""Click"", ""salted_token"": ""C­l­i­c­k"", ""start"": 578, ""end"": 583, ""salt_mode"": ""fragment"", ""fragment_max_positions"": null}]"
01104.ec267abf01fe81c42dc90dfd16c930bc,01104__salted__extended__cp200B__fragment.ec267abf01fe81c42dc90dfd16c930bc,extended,200B,fragment,,0,3,True,[],"[{""original_token"": ""Dear"", ""salted_token"": ""D​e​a​r"", ""start"": 0, ""end"": 4, ""salt_mode"": ""fragment"", ""fragment_max_positions"": null}, {""original_token"": ""Sir"", ""salted_token"": ""S​i​r"", ""start"": 5, ""end"": 8, ""salt_mode"": ""fragment"", ""fragment_max_positions"": null}, {""original_token"": ""USD"", ""salted_token"": ""U​S​D"", ""start"": 713, ""end"": 716, ""salt_mode"": ""fragment"", ""fragment_max_positions"": null}]"
01104.ec267abf01fe81c42dc90dfd16c930bc,01104__salted__extended__cp200C__fragment.ec267abf01fe81c42dc90dfd16c930bc,extended,200C,fragment,,0,3,True,[],"[{""original_token"": ""Dear"", ""salted_token"": ""D‌e‌a‌r"", ""start"": 0, ""end"": 4, ""salt_mode"": ""fragment"", ""fragment_max_positions"": null}, {""original_token"": ""Sir"", ""salted_token"": ""S‌i‌r"", ""start"": 5, ""end"": 8, ""salt_mode"": ""fragment"", ""fragment_max_positions"": null}, {""original_token"": ""USD"", ""salted_token"": ""U‌S‌D"", ""start"": 713, ""end"": 716, ""salt_mode"": ""fragment"", ""fragment_max_positions"": null}]"
01104.ec267abf01fe81c42dc90dfd16c930bc,01104__salted__extended__cp200D__fragment.ec267abf01fe81c42dc90dfd16c930bc,extended,200D,fragment,,0,3,True,[],"[{""original_token"": ""Dear"", ""salted_token"": ""D‍e‍a‍r"", ""start"": 0, ""end"": 4, ""salt_mode"": ""fragment"", ""fragment_max_positions"": null}, {""original_token"": ""Sir"", ""salted_token"": ""S‍i‍r"", ""start"": 5, ""end"": 8, ""salt_mode"": ""fragment"", ""fragment_max_positions"": null}, {""original_token"": ""USD"", ""salted_token"": ""U‍S‍D"", ""start"": 713, ""end"": 716, ""salt_mode"": ""fragment"", ""fragment_max_positions"": null}]"
01104.ec267abf01fe81c42dc90dfd16c930bc,01104__salted__extended__cp00AD__fragment.ec267abf01fe81c42dc90dfd16c930bc,extended,00AD,fragment,,0,3,True,[],"[{""original_token"": ""Dear"", ""salted_token"": ""D­e­a­r"", ""start"": 0, ""end"": 4, ""salt_mode"": ""fragment"", ""fragment_max_positions"": null}, {""original_token"": ""Sir"", ""salted_token"": ""S­i­r"", ""start"": 5, ""end"": 8, ""salt_mode"": ""fragment"", ""fragment_max_positions"": null}, {""original_token"": ""USD"", ""salted_token"": ""U­S­D"", ""start"": 713, ""end"": 716, ""salt_mode"": ""fragment"", ""fragment_max_positions"": null}]"
01105.2582a4afba9b0b06bed5d48e3e8b29df,01105__salted__extended__cp200B__fragment.2582a4afba9b0b06bed5d48e3e8b29df,extended,200B,fragment,,0,3,True,[],"[{""original_token"": ""Dear"", ""salted_token"": ""D​e​a​r"", ""start"": 0, ""end"": 4, ""salt_mode"": ""fragment"", ""fragment_max_positions"": null}, {""original_token"": ""Sir"", ""salted_token"": ""S​i​r"", ""start"": 5, ""end"": 8, ""salt_mode"": ""fragment"", ""fragment_max_positions"": null}, {""original_token"": ""USD"", ""salted_token"": ""U​S​D"", ""start"": 713, ""end"": 716, ""salt_mode"": ""fragment"", ""fragment_max_positions"": null}]"
01105.2582a4afba9b0b06bed5d48e3e8b29df,01105__salted__extended__cp200C__fragment.2582a4afba9b0b06bed5d48e3e8b29df,extended,200C,fragment,,0,3,True,[],"[{""original_token"": ""Dear"", ""salted_token"": ""D‌e‌a‌r"", ""start"": 0, ""end"": 4, ""salt_mode"": ""fragment"", ""fragment_max_positions"": null}, {""original_token"": ""Sir"", ""salted_token"": ""S‌i‌r"", ""start"": 5, ""end"": 8, ""salt_mode"": ""fragment"", ""fragment_max_positions"": null}, {""original_token"": ""USD"", ""salted_token"": ""U‌S‌D"", ""start"": 713, ""end"": 716, ""salt_mode"": ""fragment"", ""fragment_max_positions"": null}]"
01105.2582a4afba9b0b06bed5d48e3e8b29df,01105__salted__extended__cp200D__fragment.2582a4afba9b0b06bed5d48e3e8b29df,extended,200D,fragment,,0,3,True,[],"[{""original_token"": ""Dear"", ""salted_token"": ""D‍e‍a‍r"", ""start"": 0, ""end"": 4, ""salt_mode"": ""fragment"", ""fragment_max_positions"": null}, {""original_token"": ""Sir"", ""salted_token"": ""S‍i‍r"", ""start"": 5, ""end"": 8, ""salt_mode"": ""fragment"", ""fragment_max_positions"": null}, {""original_token"": ""USD"", ""salted_token"": ""U‍S‍D"", ""start"": 713, ""end"": 716, ""salt_mode"": ""fragment"", ""fragment_max_positions"": null}]"
01105.2582a4afba9b0b06bed5d48e3e8b29df,01105__salted__extended__cp00AD__fragment.2582a4afba9b0b06bed5d48e3e8b29df,extended,00AD,fragment,,0,3,True,[],"[{""original_token"": ""Dear"", ""salted_token"": ""D­e­a­r"", ""start"": 0, ""end"": 4, ""salt_mode"": ""fragment"", ""fragment_max_positions"": null}, {""original_token"": ""Sir"", ""salted_token"": ""S­i­r"", ""start"": 5, ""end"": 8, ""salt_mode"": ""fragment"", ""fragment_max_positions"": null}, {""original_token"": ""USD"", ""salted_token"": ""U­S­D"", ""start"": 713, ""end"": 716, ""salt_mode"": ""fragment"", ""fragment_max_positions"": null}]"
01106.37f316c0f77e739cb5fe0e37aaea2046,01106__salted__extended__cp200B__fragment.37f316c0f77e739cb5fe0e37aaea2046,extended,200B,fragment,,0,3,True,[],"[{""original_token"": ""Dear"", ""salted_token"": ""D​e​a​r"", ""start"": 0, ""end"": 4, ""salt_mode"": ""fragment"", ""fragment_max_positions"": null}, {""original_token"": ""Sir"", ""salted_token"": ""S​i​r"", ""start"": 5, ""end"": 8, ""salt_mode"": ""fragment"", ""fragment_max_positions"": null}, {""original_token"": ""USD"", ""salted_token"": ""U​S​D"", ""start"": 713, ""end"": 716, ""salt_mode"": ""fragment"", ""fragment_max_positions"": null}]"
01106.37f316c0f77e739cb5fe0e37aaea2046,01106__salted__extended__cp200C__fragment.37f316c0f77e739cb5fe0e37aaea2046,extended,200C,fragment,,0,3,True,[],"[{""original_token"": ""Dear"", ""salted_token"": ""D‌e‌a‌r"", ""start"": 0, ""end"": 4, ""salt_mode"": ""fragment"", ""fragment_max_positions"": null}, {""original_token"": ""Sir"", ""salted_token"": ""S‌i‌r"", ""start"": 5, ""end"": 8, ""salt_mode"": ""fragment"", ""fragment_max_positions"": null}, {""original_token"": ""USD"", ""salted_token"": ""U‌S‌D"", ""start"": 713, ""end"": 716, ""salt_mode"": ""fragment"", ""fragment_max_positions"": null}]"
01106.37f316c0f77e739cb5fe0e37aaea2046,01106__salted__extended__cp200D__fragment.37f316c0f77e739cb5fe0e37aaea2046,extended,200D,fragment,,0,3,True,[],"[{""original_token"": ""Dear"", ""salted_token"": ""D‍e‍a‍r"", ""start"": 0, ""end"": 4, ""salt_mode"": ""fragment"", ""fragment_max_positions"": null}, {""original_token"": ""Sir"", ""salted_token"": ""S‍i‍r"", ""start"": 5, ""end"": 8, ""salt_mode"": ""fragment"", ""fragment_max_positions"": null}, {""original_token"": ""USD"", ""salted_token"": ""U‍S‍D"", ""start"": 713, ""end"": 716, ""salt_mode"": ""fragment"", ""fragment_max_positions"": null}]"
01106.37f316c0f77e739cb5fe0e37aaea2046,01106__salted__extended__cp00AD__fragment.37f316c0f77e739cb5fe0e37aaea2046,extended,00AD,fragment,,0,3,True,[],"[{""original_token"": ""Dear"", ""salted_token"": ""D­e­a­r"", ""start"": 0, ""end"": 4, ""salt_mode"": ""fragment"", ""fragment_max_positions"": null}, {""original_token"": ""Sir"", ""salted_token"": ""S­i­r"", ""start"": 5, ""end"": 8, ""salt_mode"": ""fragment"", ""fragment_max_positions"": null}, {""original_token"": ""USD"", ""salted_token"": ""U­S­D"", ""start"": 713, ""end"": 716, ""salt_mode"": ""fragment"", ""fragment_max_positions"": null}]"
01130.f286229e3c2eeb5c682204de85d903c0,01130__salted__extended__cp200B__fragment.f286229e3c2eeb5c682204de85d903c0,extended,200B,fragment,,1,0,False,"[{""original_token"": ""SYSTEMWORKS"", ""salted_token"": ""S​Y​S​T​E​M​W​O​R​K​S"", ""start"": 7, ""end"": 18, ""salt_mode"": ""fragment"", ""fragment_max_positions"": null}]",[]
01130.f286229e3c2eeb5c682204de85d903c0,01130__salted__extended__cp200C__fragment.f286229e3c2eeb5c682204de85d903c0,extended,200C,fragment,,1,0,False,"[{""original_token"": ""SYSTEMWORKS"", ""salted_token"": ""S‌Y‌S‌T‌E‌M‌W‌O‌R‌K‌S"", ""start"": 7, ""end"": 18, ""salt_mode"": ""fragment"", ""fragment_max_positions"": null}]",[]
01130.f286229e3c2eeb5c682204de85d903c0,01130__salted__extended__cp200D__fragment.f286229e3c2eeb5c682204de85d903c0,extended,200D,fragment,,1,0,False,"[{""original_token"": ""SYSTEMWORKS"", ""salted_token"": ""S‍Y‍S‍T‍E‍M‍W‍O‍R‍K‍S"", ""start"": 7, ""end"": 18, ""salt_mode"": ""fragment"", ""fragment_max_positions"": null}]",[]
01130.f286229e3c2eeb5c682204de85d903c0,01130__salted__extended__cp00AD__fragment.f286229e3c2eeb5c682204de85d903c0,extended,00AD,fragment,,1,0,False,"[{""original_token"": ""SYSTEMWORKS"", ""salted_token"": ""S­Y­S­T­E­M­W­O­R­K­S"", ""start"": 7, ""end"": 18, ""salt_mode"": ""fragment"", ""fragment_max_positions"": null}]",[]
01131.c9bb07673bf9f048916cd2b9b1813724,01131__salted__extended__cp200B__fragment.c9bb07673bf9f048916cd2b9b1813724,extended,200B,fragment,,0,2,True,[],"[{""original_token"": ""receive"", ""salted_token"": ""r​e​c​e​i​v​e"", ""start"": 419, ""end"": 426, ""salt_mode"": ""fragment"", ""fragment_max_positions"": null}, {""original_token"": ""CLICK"", ""salted_token"": ""C​L​I​C​K"", ""start"": 760, ""end"": 765, ""salt_mode"": ""fragment"", ""fragment_max_positions"": null}]"
01131.c9bb07673bf9f048916cd2b9b1813724,01131__salted__extended__cp200C__fragment.c9bb07673bf9f048916cd2b9b1813724,extended,200C,fragment,,0,2,True,[],"[{""original_token"": ""receive"", ""salted_token"": ""r‌e‌c‌e‌i‌v‌e"", ""start"": 419, ""end"": 426, ""salt_mode"": ""fragment"", ""fragment_max_positions"": null}, {""original_token"": ""CLICK"", ""salted_token"": ""C‌L‌I‌C‌K"", ""start"": 760, ""end"": 765, ""salt_mode"": ""fragment"", ""fragment_max_positions"": null}]"
01131.c9bb07673bf9f048916cd2b9b1813724,01131__salted__extended__cp200D__fragment.c9bb07673bf9f048916cd2b9b1813724,extended,200D,fragment,,0,2,True,[],"[{""original_token"": ""receive"", ""salted_token"": ""r‍e‍c‍e‍i‍v‍e"", ""start"": 419, ""end"": 426, ""salt_mode"": ""fragment"", ""fragment_max_positions"": null}, {""original_token"": ""CLICK"", ""salted_token"": ""C‍L‍I‍C‍K"", ""start"": 760, ""end"": 765, ""salt_mode"": ""fragment"", ""fragment_max_positions"": null}]"
01131.c9bb07673bf9f048916cd2b9b1813724,01131__salted__extended__cp00AD__fragment.c9bb07673bf9f048916cd2b9b1813724,extended,00AD,fragment,,0,2,True,[],"[{""original_token"": ""receive"", ""salted_token"": ""r­e­c­e­i­v­e"", ""start"": 419, ""end"": 426, ""salt_mode"": ""fragment"", ""fragment_max_positions"": null}, {""original_token"": ""CLICK"", ""salted_token"": ""C­L­I­C­K"", ""start"": 760, ""end"": 765, ""salt_mode"": ""fragment"", ""fragment_max_positions"": null}]"
01132.3d0e60ced92087634f1433f12810096d,01132__salted__extended__cp200B__fragment.3d0e60ced92087634f1433f12810096d,extended,200B,fragment,,0,3,True,[],"[{""original_token"": ""Obligation"", ""salted_token"": ""O​b​l​i​g​a​t​i​o​n"", ""start"": 175, ""end"": 185, ""salt_mode"": ""fragment"", ""fragment_max_positions"": null}, {""original_token"": ""click"", ""salted_token"": ""c​l​i​c​k"", ""start"": 382, ""end"": 387, ""salt_mode"": ""fragment"", ""fragment_max_positions"": null}, {""original_token"": ""guaranteed"", ""salted_token"": ""g​u​a​r​a​n​t​e​e​d"", ""start"": 405, ""end"": 415, ""salt_mode"": ""fragment"", ""fragment_max_positions"": null}]"
01132.3d0e60ced92087634f1433f12810096d,01132__salted__extended__cp200C__fragment.3d0e60ced92087634f1433f12810096d,extended,200C,fragment,,0,3,True,[],"[{""original_token"": ""Obligation"", ""salted_token"": ""O‌b‌l‌i‌g‌a‌t‌i‌o‌n"", ""start"": 175, ""end"": 185, ""salt_mode"": ""fragment"", ""fragment_max_positions"": null}, {""original_token"": ""click"", ""salted_token"": ""c‌l‌i‌c‌k"", ""start"": 382, ""end"": 387, ""salt_mode"": ""fragment"", ""fragment_max_positions"": null}, {""original_token"": ""guaranteed"", ""salted_token"": ""g‌u‌a‌r‌a‌n‌t‌e‌e‌d"", ""start"": 405, ""end"": 415, ""salt_mode"": ""fragment"", ""fragment_max_positions"": null}]"
01132.3d0e60ced92087634f1433f12810096d,01132__salted__extended__cp200D__fragment.3d0e60ced92087634f1433f12810096d,extended,200D,fragment,,0,3,True,[],"[{""original_token"": ""Obligation"", ""salted_token"": ""O‍b‍l‍i‍g‍a‍t‍i‍o‍n"", ""start"": 175, ""end"": 185, ""salt_mode"": ""fragment"", ""fragment_max_positions"": null}, {""original_token"": ""click"", ""salted_token"": ""c‍l‍i‍c‍k"", ""start"": 382, ""end"": 387, ""salt_mode"": ""fragment"", ""fragment_max_positions"": null}, {""original_token"": ""guaranteed"", ""salted_token"": ""g‍u‍a‍r‍a‍n‍t‍e‍e‍d"", ""start"": 405, ""end"": 415, ""salt_mode"": ""fragment"", ""fragment_max_positions"": null}]"
01132.3d0e60ced92087634f1433f12810096d,01132__salted__extended__cp00AD__fragment.3d0e60ced92087634f1433f12810096d,extended,00AD,fragment,,0,3,True,[],"[{""original_token"": ""Obligation"", ""salted_token"": ""O­b­l­i­g­a­t­i­o­n"", ""start"": 175, ""end"": 185, ""salt_mode"": ""fragment"", ""fragment_max_positions"": null}, {""original_token"": ""click"", ""salted_token"": ""c­l­i­c­k"", ""start"": 382, ""end"": 387, ""salt_mode"": ""fragment"", ""fragment_max_positions"": null}, {""original_token"": ""guaranteed"", ""salted_token"": ""g­u­a­r­a­n­t­e­e­d"", ""start"": 405, ""end"": 415, ""salt_mode"": ""fragment"", ""fragment_max_positions"": null}]"
01145.a34477ade6db9376e4f8ccbfa8607881,01145__salted__extended__cp200B__fragment.a34477ade6db9376e4f8ccbfa8607881,extended,200B,fragment,,1,3,True,"[{""original_token"": ""MORTGAGE"", ""salted_token"": ""M​O​R​T​G​A​G​E"", ""start"": 0, ""end"": 8, ""salt_mode"": ""fragment"", ""fragment_max_positions"": null}]","[{""original_token"": ""lenders"", ""salted_token"": ""l​e​n​d​e​r​s"", ""start"": 105, ""end"": 112, ""salt_mode"": ""fragment"", ""fragment_max_positions"": null}, {""original_token"": ""loan"", ""salted_token"": ""l​o​a​n"", ""start"": 130, ""end"": 134, ""salt_mode"": ""fragment"", ""fragment_max_positions"": null}, {""original_token"": ""Loans"", ""salted_token"": ""L​o​a​n​s"", ""start"": 280, ""end"": 285, ""salt_mode"": ""fragment"", ""fragment_max_positions"": null}]"
01145.a34477ade6db9376e4f8ccbfa8607881,01145__salted__extended__cp200C__fragment.a34477ade6db9376e4f8ccbfa8607881,extended,200C,fragment,,1,3,True,"[{""original_token"": ""MORTGAGE"", ""salted_token"": ""M‌O‌R‌T‌G‌A‌G‌E"", ""start"": 0, ""end"": 8, ""salt_mode"": ""fragment"", ""fragment_max_positions"": null}]","[{""original_token"": ""lenders"", ""salted_token"": ""l‌e‌n‌d‌e‌r‌s"", ""start"": 105, ""end"": 112, ""salt_mode"": ""fragment"", ""fragment_max_positions"": null}, {""original_token"": ""loan"", ""salted_token"": ""l‌o‌a‌n"", ""start"": 130, ""end"": 134, ""salt_mode"": ""fragment"", ""fragment_max_positions"": null}, {""original_token"": ""Loans"", ""salted_token"": ""L‌o‌a‌n‌s"", ""start"": 280, ""end"": 285, ""salt_mode"": ""fragment"", ""fragment_max_positions"": null}]"
01145.a34477ade6db9376e4f8ccbfa8607881,01145__salted__extended__cp200D__fragment.a34477ade6db9376e4f8ccbfa8607881,extended,200D,fragment,,1,3,True,"[{""original_token"": ""MORTGAGE"", ""salted_token"": ""M‍O‍R‍T‍G‍A‍G‍E"", ""start"": 0, ""end"": 8, ""salt_mode"": ""fragment"", ""fragment_max_positions"": null}]","[{""original_token"": ""lenders"", ""salted_token"": ""l‍e‍n‍d‍e‍r‍s"", ""start"": 105, ""end"": 112, ""salt_mode"": ""fragment"", ""fragment_max_positions"": null}, {""original_token"": ""loan"", ""salted_token"": ""l‍o‍a‍n"", ""start"": 130, ""end"": 134, ""salt_mode"": ""fragment"", ""fragment_max_positions"": null}, {""original_token"": ""Loans"", ""salted_token"": ""L‍o‍a‍n‍s"", ""start"": 280, ""end"": 285, ""salt_mode"": ""fragment"", ""fragment_max_positions"": null}]"
01145.a34477ade6db9376e4f8ccbfa8607881,01145__salted__extended__cp00AD__fragment.a34477ade6db9376e4f8ccbfa8607881,extended,00AD,fragment,,1,3,True,"[{""original_token"": ""MORTGAGE"", ""salted_token"": ""M­O­R­T­G­A­G­E"", ""start"": 0, ""end"": 8, ""salt_mode"": ""fragment"", ""fragment_max_positions"": null}]","[{""original_token"": ""lenders"", ""salted_token"": ""l­e­n­d­e­r­s"", ""start"": 105, ""end"": 112, ""salt_mode"": ""fragment"", ""fragment_max_positions"": null}, {""original_token"": ""loan"", ""salted_token"": ""l­o­a­n"", ""start"": 130, ""end"": 134, ""salt_mode"": ""fragment"", ""fragment_max_positions"": null}, {""original_token"": ""Loans"", ""salted_token"": ""L­o­a­n­s"", ""start"": 280, ""end"": 285, ""salt_mode"": ""fragment"", ""fragment_max_positions"": null}]"
01151.e295c81d698d58f43f17bde22076cbef,01151__salted__extended__cp200B__fragment.e295c81d698d58f43f17bde22076cbef,extended,200B,fragment,,0,3,True,[],"[{""original_token"": ""Dear"", ""salted_token"": ""D​e​a​r"", ""start"": 0, ""end"": 4, ""salt_mode"": ""fragment"", ""fragment_max_positions"": null}, {""original_token"": ""click"", ""salted_token"": ""c​l​i​c​k"", ""start"": 1058, ""end"": 1063, ""salt_mode"": ""fragment"", ""fragment_max_positions"": null}, {""original_token"": ""Nigeria"", ""salted_token"": ""N​i​g​e​r​i​a"", ""start"": 1450, ""end"": 1457, ""salt_mode"": ""fragment"", ""fragment_max_positions"": null}]"
01151.e295c81d698d58f43f17bde22076cbef,01151__salted__extended__cp200C__fragment.e295c81d698d58f43f17bde22076cbef,extended,200C,fragment,,0,3,True,[],"[{""original_token"": ""Dear"", ""salted_token"": ""D‌e‌a‌r"", ""start"": 0, ""end"": 4, ""salt_mode"": ""fragment"", ""fragment_max_positions"": null}, {""original_token"": ""click"", ""salted_token"": ""c‌l‌i‌c‌k"", ""start"": 1058, ""end"": 1063, ""salt_mode"": ""fragment"", ""fragment_max_positions"": null}, {""original_token"": ""Nigeria"", ""salted_token"": ""N‌i‌g‌e‌r‌i‌a"", ""start"": 1450, ""end"": 1457, ""salt_mode"": ""fragment"", ""fragment_max_positions"": null}]"
01151.e295c81d698d58f43f17bde22076cbef,01151__salted__extended__cp200D__fragment.e295c81d698d58f43f17bde22076cbef,extended,200D,fragment,,0,3,True,[],"[{""original_token"": ""Dear"", ""salted_token"": ""D‍e‍a‍r"", ""start"": 0, ""end"": 4, ""salt_mode"": ""fragment"", ""fragment_max_positions"": null}, {""original_token"": ""click"", ""salted_token"": ""c‍l‍i‍c‍k"", ""start"": 1058, ""end"": 1063, ""salt_mode"": ""fragment"", ""fragment_max_positions"": null}, {""original_token"": ""Nigeria"", ""salted_token"": ""N‍i‍g‍e‍r‍i‍a"", ""start"": 1450, ""end"": 1457, ""salt_mode"": ""fragment"", ""fragment_max_positions"": null}]"
01151.e295c81d698d58f43f17bde22076cbef,01151__salted__extended__cp00AD__fragment.e295c81d698d58f43f17bde22076cbef,extended,00AD,fragment,,0,3,True,[],"[{""original_token"": ""Dear"", ""salted_token"": ""D­e­a­r"", ""start"": 0, ""end"": 4, ""salt_mode"": ""fragment"", ""fragment_max_positions"": null}, {""original_token"": ""click"", ""salted_token"": ""c­l­i­c­k"", ""start"": 1058, ""end"": 1063, ""salt_mode"": ""fragment"", ""fragment_max_positions"": null}, {""original_token"": ""Nigeria"", ""salted_token"": ""N­i­g­e­r­i­a"", ""start"": 1450, ""end"": 1457, ""salt_mode"": ""fragment"", ""fragment_max_positions"": null}]"
01158.5acbdb7eb695f96c08d960a56058481d,01158__salted__extended__cp200B__fragment.5acbdb7eb695f96c08d960a56058481d,extended,200B,fragment,,1,3,True,"[{""original_token"": ""Refinance"", ""salted_token"": ""R​e​f​i​n​a​n​c​e"", ""start"": 12, ""end"": 21, ""salt_mode"": ""fragment"", ""fragment_max_positions"": null}]","[{""original_token"": ""Refinance"", ""salted_token"": ""R​e​f​i​n​a​n​c​e"", ""start"": 416, ""end"": 425, ""salt_mode"": ""fragment"", ""fragment_max_positions"": null}, {""original_token"": ""mortgage"", ""salted_token"": ""m​o​r​t​g​a​g​e"", ""start"": 500, ""end"": 508, ""salt_mode"": ""fragment"", ""fragment_max_positions"": null}, {""original_token"": ""Mortgage"", ""salted_token"": ""M​o​r​t​g​a​g​e"", ""start"": 510, ""end"": 518, ""salt_mode"": ""fragment"", ""fragment_max_positions"": null}]"
01158.5acbdb7eb695f96c08d960a56058481d,01158__salted__extended__cp200C__fragment.5acbdb7eb695f96c08d960a56058481d,extended,200C,fragment,,1,3,True,"[{""original_token"": ""Refinance"", ""salted_token"": ""R‌e‌f‌i‌n‌a‌n‌c‌e"", ""start"": 12, ""end"": 21, ""salt_mode"": ""fragment"", ""fragment_max_positions"": null}]","[{""original_token"": ""Refinance"", ""salted_token"": ""R‌e‌f‌i‌n‌a‌n‌c‌e"", ""start"": 416, ""end"": 425, ""salt_mode"": ""fragment"", ""fragment_max_positions"": null}, {""original_token"": ""mortgage"", ""salted_token"": ""m‌o‌r‌t‌g‌a‌g‌e"", ""start"": 500, ""end"": 508, ""salt_mode"": ""fragment"", ""fragment_max_positions"": null}, {""original_token"": ""Mortgage"", ""salted_token"": ""M‌o‌r‌t‌g‌a‌g‌e"", ""start"": 510, ""end"": 518, ""salt_mode"": ""fragment"", ""fragment_max_positions"": null}]"
01158.5acbdb7eb695f96c08d960a56058481d,01158__salted__extended__cp200D__fragment.5acbdb7eb695f96c08d960a56058481d,extended,200D,fragment,,1,3,True,"[{""original_token"": ""Refinance"", ""salted_token"": ""R‍e‍f‍i‍n‍a‍n‍c‍e"", ""start"": 12, ""end"": 21, ""salt_mode"": ""fragment"", ""fragment_max_positions"": null}]","[{""original_token"": ""Refinance"", ""salted_token"": ""R‍e‍f‍i‍n‍a‍n‍c‍e"", ""start"": 416, ""end"": 425, ""salt_mode"": ""fragment"", ""fragment_max_positions"": null}, {""original_token"": ""mortgage"", ""salted_token"": ""m‍o‍r‍t‍g‍a‍g‍e"", ""start"": 500, ""end"": 508, ""salt_mode"": ""fragment"", ""fragment_max_positions"": null}, {""original_token"": ""Mortgage"", ""salted_token"": ""M‍o‍r‍t‍g‍a‍g‍e"", ""start"": 510, ""end"": 518, ""salt_mode"": ""fragment"", ""fragment_max_positions"": null}]"
01158.5acbdb7eb695f96c08d960a56058481d,01158__salted__extended__cp00AD__fragment.5acbdb7eb695f96c08d960a56058481d,extended,00AD,fragment,,1,3,True,"[{""original_token"": ""Refinance"", ""salted_token"": ""R­e­f­i­n­a­n­c­e"", ""start"": 12, ""end"": 21, ""salt_mode"": ""fragment"", ""fragment_max_positions"": null}]","[{""original_token"": ""Refinance"", ""salted_token"": ""R­e­f­i­n­a­n­c­e"", ""start"": 416, ""end"": 425, ""salt_mode"": ""fragment"", ""fragment_max_positions"": null}, {""original_token"": ""mortgage"", ""salted_token"": ""m­o­r­t­g­a­g­e"", ""start"": 500, ""end"": 508, ""salt_mode"": ""fragment"", ""fragment_max_positions"": null}, {""original_token"": ""Mortgage"", ""salted_token"": ""M­o­r­t­g­a­g­e"", ""start"": 510, ""end"": 518, ""salt_mode"": ""fragment"", ""fragment_max_positions"": null}]"
01161.174f2cb358ca3f08f4308f87ca64842f,01161__salted__extended__cp200B__fragment.174f2cb358ca3f08f4308f87ca64842f,extended,200B,fragment,,0,3,True,[],"[{""original_token"": ""receive"", ""salted_token"": ""r​e​c​e​i​v​e"", ""start"": 39, ""end"": 46, ""salt_mode"": ""fragment"", ""fragment_max_positions"": null}, {""original_token"": ""monthly"", ""salted_token"": ""m​o​n​t​h​l​y"", ""start"": 49, ""end"": 56, ""salt_mode"": ""fragment"", ""fragment_max_positions"": null}, {""original_token"": ""monthly"", ""salted_token"": ""m​o​n​t​h​l​y"", ""start"": 138, ""end"": 145, ""salt_mode"": ""fragment"", ""fragment_max_positions"": null}]"
01161.174f2cb358ca3f08f4308f87ca64842f,01161__salted__extended__cp200C__fragment.174f2cb358ca3f08f4308f87ca64842f,extended,200C,fragment,,0,3,True,[],"[{""original_token"": ""receive"", ""salted_token"": ""r‌e‌c‌e‌i‌v‌e"", ""start"": 39, ""end"": 46, ""salt_mode"": ""fragment"", ""fragment_max_positions"": null}, {""original_token"": ""monthly"", ""salted_token"": ""m‌o‌n‌t‌h‌l‌y"", ""start"": 49, ""end"": 56, ""salt_mode"": ""fragment"", ""fragment_max_positions"": null}, {""original_token"": ""monthly"", ""salted_token"": ""m‌o‌n‌t‌h‌l‌y"", ""start"": 138, ""end"": 145, ""salt_mode"": ""fragment"", ""fragment_max_positions"": null}]"
01161.174f2cb358ca3f08f4308f87ca64842f,01161__salted__extended__cp200D__fragment.174f2cb358ca3f08f4308f87ca64842f,extended,200D,fragment,,0,3,True,[],"[{""original_token"": ""receive"", ""salted_token"": ""r‍e‍c‍e‍i‍v‍e"", ""start"": 39, ""end"": 46, ""salt_mode"": ""fragment"", ""fragment_max_positions"": null}, {""original_token"": ""monthly"", ""salted_token"": ""m‍o‍n‍t‍h‍l‍y"", ""start"": 49, ""end"": 56, ""salt_mode"": ""fragment"", ""fragment_max_positions"": null}, {""original_token"": ""monthly"", ""salted_token"": ""m‍o‍n‍t‍h‍l‍y"", ""start"": 138, ""end"": 145, ""salt_mode"": ""fragment"", ""fragment_max_positions"": null}]"
01161.174f2cb358ca3f08f4308f87ca64842f,01161__salted__extended__cp00AD__fragment.174f2cb358ca3f08f4308f87ca64842f,extended,00AD,fragment,,0,3,True,[],"[{""original_token"": ""receive"", ""salted_token"": ""r­e­c­e­i­v­e"", ""start"": 39, ""end"": 46, ""salt_mode"": ""fragment"", ""fragment_max_positions"": null}, {""original_token"": ""monthly"", ""salted_token"": ""m­o­n­t­h­l­y"", ""start"": 49, ""end"": 56, ""salt_mode"": ""fragment"", ""fragment_max_positions"": null}, {""original_token"": ""monthly"", ""salted_token"": ""m­o­n­t­h­l­y"", ""start"": 138, ""end"": 145, ""salt_mode"": ""fragment"", ""fragment_max_positions"": null}]"
01165.8c661bf07a1a7a5fe8a9efc2439d17a1,01165__salted__extended__cp200B__fragment.8c661bf07a1a7a5fe8a9efc2439d17a1,extended,200B,fragment,,0,3,True,[],"[{""original_token"": ""mortgage"", ""salted_token"": ""m​o​r​t​g​a​g​e"", ""start"": 25, ""end"": 33, ""salt_mode"": ""fragment"", ""fragment_max_positions"": null}, {""original_token"": ""loan"", ""salted_token"": ""l​o​a​n"", ""start"": 34, ""end"": 38, ""salt_mode"": ""fragment"", ""fragment_max_positions"": null}, {""original_token"": ""loan"", ""salted_token"": ""l​o​a​n"", ""start"": 150, ""end"": 154, ""salt_mode"": ""fragment"", ""fragment_max_positions"": null}]"
01165.8c661bf07a1a7a5fe8a9efc2439d17a1,01165__salted__extended__cp200C__fragment.8c661bf07a1a7a5fe8a9efc2439d17a1,extended,200C,fragment,,0,3,True,[],"[{""original_token"": ""mortgage"", ""salted_token"": ""m‌o‌r‌t‌g‌a‌g‌e"", ""start"": 25, ""end"": 33, ""salt_mode"": ""fragment"", ""fragment_max_positions"": null}, {""original_token"": ""loan"", ""salted_token"": ""l‌o‌a‌n"", ""start"": 34, ""end"": 38, ""salt_mode"": ""fragment"", ""fragment_max_positions"": null}, {""original_token"": ""loan"", ""salted_token"": ""l‌o‌a‌n"", ""start"": 150, ""end"": 154, ""salt_mode"": ""fragment"", ""fragment_max_positions"": null}]"
01165.8c661bf07a1a7a5fe8a9efc2439d17a1,01165__salted__extended__cp200D__fragment.8c661bf07a1a7a5fe8a9efc2439d17a1,extended,200D,fragment,,0,3,True,[],"[{""original_token"": ""mortgage"", ""salted_token"": ""m‍o‍r‍t‍g‍a‍g‍e"", ""start"": 25, ""end"": 33, ""salt_mode"": ""fragment"", ""fragment_max_positions"": null}, {""original_token"": ""loan"", ""salted_token"": ""l‍o‍a‍n"", ""start"": 34, ""end"": 38, ""salt_mode"": ""fragment"", ""fragment_max_positions"": null}, {""original_token"": ""loan"", ""salted_token"": ""l‍o‍a‍n"", ""start"": 150, ""end"": 154, ""salt_mode"": ""fragment"", ""fragment_max_positions"": null}]"
01165.8c661bf07a1a7a5fe8a9efc2439d17a1,01165__salted__extended__cp00AD__fragment.8c661bf07a1a7a5fe8a9efc2439d17a1,extended,00AD,fragment,,0,3,True,[],"[{""original_token"": ""mortgage"", ""salted_token"": ""m­o­r­t­g­a­g­e"", ""start"": 25, ""end"": 33, ""salt_mode"": ""fragment"", ""fragment_max_positions"": null}, {""original_token"": ""loan"", ""salted_token"": ""l­o­a­n"", ""start"": 34, ""end"": 38, ""salt_mode"": ""fragment"", ""fragment_max_positions"": null}, {""original_token"": ""loan"", ""salted_token"": ""l­o­a­n"", ""start"": 150, ""end"": 154, ""salt_mode"": ""fragment"", ""fragment_max_positions"": null}]"
01167.2ac57a0189fa2b8713202b84e587b707,01167__salted__extended__cp200B__fragment.2ac57a0189fa2b8713202b84e587b707,extended,200B,fragment,,1,0,False,"[{""original_token"": ""Postal"", ""salted_token"": ""P​o​s​t​a​l"", ""start"": 0, ""end"": 6, ""salt_mode"": ""fragment"", ""fragment_max_positions"": null}]",[]
01167.2ac57a0189fa2b8713202b84e587b707,01167__salted__extended__cp200C__fragment.2ac57a0189fa2b8713202b84e587b707,extended,200C,fragment,,1,0,False,"[{""original_token"": ""Postal"", ""salted_token"": ""P‌o‌s‌t‌a‌l"", ""start"": 0, ""end"": 6, ""salt_mode"": ""fragment"", ""fragment_max_positions"": null}]",[]
01167.2ac57a0189fa2b8713202b84e587b707,01167__salted__extended__cp200D__fragment.2ac57a0189fa2b8713202b84e587b707,extended,200D,fragment,,1,0,False,"[{""original_token"": ""Postal"", ""salted_token"": ""P‍o‍s‍t‍a‍l"", ""start"": 0, ""end"": 6, ""salt_mode"": ""fragment"", ""fragment_max_positions"": null}]",[]
01167.2ac57a0189fa2b8713202b84e587b707,01167__salted__extended__cp00AD__fragment.2ac57a0189fa2b8713202b84e587b707,extended,00AD,fragment,,1,0,False,"[{""original_token"": ""Postal"", ""salted_token"": ""P­o­s­t­a­l"", ""start"": 0, ""end"": 6, ""salt_mode"": ""fragment"", ""fragment_max_positions"": null}]",[]
01169.4e5cf6c3e8863047dbba1bfca2ebab97,01169__salted__extended__cp200B__fragment.4e5cf6c3e8863047dbba1bfca2ebab97,extended,200B,fragment,,0,2,True,[],"[{""original_token"": ""CLICK"", ""salted_token"": ""C​L​I​C​K"", ""start"": 573, ""end"": 578, ""salt_mode"": ""fragment"", ""fragment_max_positions"": null}, {""original_token"": ""GUARANTEED"", ""salted_token"": ""G​U​A​R​A​N​T​E​E​D"", ""start"": 633, ""end"": 643, ""salt_mode"": ""fragment"", ""fragment_max_positions"": null}]"
01169.4e5cf6c3e8863047dbba1bfca2ebab97,01169__salted__extended__cp200C__fragment.4e5cf6c3e8863047dbba1bfca2ebab97,extended,200C,fragment,,0,2,True,[],"[{""original_token"": ""CLICK"", ""salted_token"": ""C‌L‌I‌C‌K"", ""start"": 573, ""end"": 578, ""salt_mode"": ""fragment"", ""fragment_max_positions"": null}, {""original_token"": ""GUARANTEED"", ""salted_token"": ""G‌U‌A‌R‌A‌N‌T‌E‌E‌D"", ""start"": 633, ""end"": 643, ""salt_mode"": ""fragment"", ""fragment_max_positions"": null}]"
01169.4e5cf6c3e8863047dbba1bfca2ebab97,01169__salted__extended__cp200D__fragment.4e5cf6c3e8863047dbba1bfca2ebab97,extended,200D,fragment,,0,2,True,[],"[{""original_token"": ""CLICK"", ""salted_token"": ""C‍L‍I‍C‍K"", ""start"": 573, ""end"": 578, ""salt_mode"": ""fragment"", ""fragment_max_positions"": null}, {""original_token"": ""GUARANTEED"", ""salted_token"": ""G‍U‍A‍R‍A‍N‍T‍E‍E‍D"", ""start"": 633, ""end"": 643, ""salt_mode"": ""fragment"", ""fragment_max_positions"": null}]"
01169.4e5cf6c3e8863047dbba1bfca2ebab97,01169__salted__extended__cp00AD__fragment.4e5cf6c3e8863047dbba1bfca2ebab97,extended,00AD,fragment,,0,2,True,[],"[{""original_token"": ""CLICK"", ""salted_token"": ""C­L­I­C­K"", ""start"": 573, ""end"": 578, ""salt_mode"": ""fragment"", ""fragment_max_positions"": null}, {""original_token"": ""GUARANTEED"", ""salted_token"": ""G­U­A­R­A­N­T­E­E­D"", ""start"": 633, ""end"": 643, ""salt_mode"": ""fragment"", ""fragment_max_positions"": null}]"
01182.209dbb3bedae1ecd5ed23fb03049244e,01182__salted__extended__cp200B__fragment.209dbb3bedae1ecd5ed23fb03049244e,extended,200B,fragment,,0,3,True,[],"[{""original_token"": ""Dear"", ""salted_token"": ""D​e​a​r"", ""start"": 0, ""end"": 4, ""salt_mode"": ""fragment"", ""fragment_max_positions"": null}, {""original_token"": ""communication"", ""salted_token"": ""c​o​m​m​u​n​i​c​a​t​i​o​n"", ""start"": 261, ""end"": 274, ""salt_mode"": ""fragment"", ""fragment_max_positions"": null}, {""original_token"": ""affordable"", ""salted_token"": ""a​f​f​o​r​d​a​b​l​e"", ""start"": 612, ""end"": 622, ""salt_mode"": ""fragment"", ""fragment_max_positions"": null}]"
01182.209dbb3bedae1ecd5ed23fb03049244e,01182__salted__extended__cp200C__fragment.209dbb3bedae1ecd5ed23fb03049244e,extended,200C,fragment,,0,3,True,[],"[{""original_token"": ""Dear"", ""salted_token"": ""D‌e‌a‌r"", ""start"": 0, ""end"": 4, ""salt_mode"": ""fragment"", ""fragment_max_positions"": null}, {""original_token"": ""communication"", ""salted_token"": ""c‌o‌m‌m‌u‌n‌i‌c‌a‌t‌i‌o‌n"", ""start"": 261, ""end"": 274, ""salt_mode"": ""fragment"", ""fragment_max_positions"": null}, {""original_token"": ""affordable"", ""salted_token"": ""a‌f‌f‌o‌r‌d‌a‌b‌l‌e"", ""start"": 612, ""end"": 622, ""salt_mode"": ""fragment"", ""fragment_max_positions"": null}]"
01182.209dbb3bedae1ecd5ed23fb03049244e,01182__salted__extended__cp200D__fragment.209dbb3bedae1ecd5ed23fb03049244e,extended,200D,fragment,,0,3,True,[],"[{""original_token"": ""Dear"", ""salted_token"": ""D‍e‍a‍r"", ""start"": 0, ""end"": 4, ""salt_mode"": ""fragment"", ""fragment_max_positions"": null}, {""original_token"": ""communication"", ""salted_token"": ""c‍o‍m‍m‍u‍n‍i‍c‍a‍t‍i‍o‍n"", ""start"": 261, ""end"": 274, ""salt_mode"": ""fragment"", ""fragment_max_positions"": null}, {""original_token"": ""affordable"", ""salted_token"": ""a‍f‍f‍o‍r‍d‍a‍b‍l‍e"", ""start"": 612, ""end"": 622, ""salt_mode"": ""fragment"", ""fragment_max_positions"": null}]"
01182.209dbb3bedae1ecd5ed23fb03049244e,01182__salted__extended__cp00AD__fragment.209dbb3bedae1ecd5ed23fb03049244e,extended,00AD,fragment,,0,3,True,[],"[{""original_token"": ""Dear"", ""salted_token"": ""D­e­a­r"", ""start"": 0, ""end"": 4, ""salt_mode"": ""fragment"", ""fragment_max_positions"": null}, {""original_token"": ""communication"", ""salted_token"": ""c­o­m­m­u­n­i­c­a­t­i­o­n"", ""start"": 261, ""end"": 274, ""salt_mode"": ""fragment"", ""fragment_max_positions"": null}, {""original_token"": ""affordable"", ""salted_token"": ""a­f­f­o­r­d­a­b­l­e"", ""start"": 612, ""end"": 622, ""salt_mode"": ""fragment"", ""fragment_max_positions"": null}]"
01184.5216074bef5bb01e0b1301d375283c51,01184__salted__extended__cp200B__fragment.5216074bef5bb01e0b1301d375283c51,extended,200B,fragment,,1,0,False,"[{""original_token"": ""CLICK"", ""salted_token"": ""C​L​I​C​K"", ""start"": 41, ""end"": 46, ""salt_mode"": ""fragment"", ""fragment_max_positions"": null}]",[]
01184.5216074bef5bb01e0b1301d375283c51,01184__salted__extended__cp200C__fragment.5216074bef5bb01e0b1301d375283c51,extended,200C,fragment,,1,0,False,"[{""original_token"": ""CLICK"", ""salted_token"": ""C‌L‌I‌C‌K"", ""start"": 41, ""end"": 46, ""salt_mode"": ""fragment"", ""fragment_max_positions"": null}]",[]
01184.5216074bef5bb01e0b1301d375283c51,01184__salted__extended__cp200D__fragment.5216074bef5bb01e0b1301d375283c51,extended,200D,fragment,,1,0,False,"[{""original_token"": ""CLICK"", ""salted_token"": ""C‍L‍I‍C‍K"", ""start"": 41, ""end"": 46, ""salt_mode"": ""fragment"", ""fragment_max_positions"": null}]",[]
01184.5216074bef5bb01e0b1301d375283c51,01184__salted__extended__cp00AD__fragment.5216074bef5bb01e0b1301d375283c51,extended,00AD,fragment,,1,0,False,"[{""original_token"": ""CLICK"", ""salted_token"": ""C­L­I­C­K"", ""start"": 41, ""end"": 46, ""salt_mode"": ""fragment"", ""fragment_max_positions"": null}]",[]
01203.f4c9144a594fb81ff323053fbd626a55,01203__salted__extended__cp200B__fragment.f4c9144a594fb81ff323053fbd626a55,extended,200B,fragment,,1,3,True,"[{""original_token"": ""GUARANTEED"", ""salted_token"": ""G​U​A​R​A​N​T​E​E​D"", ""start"": 47, ""end"": 57, ""salt_mode"": ""fragment"", ""fragment_max_positions"": null}]","[{""original_token"": ""mortgage"", ""salted_token"": ""m​o​r​t​g​a​g​e"", ""start"": 39, ""end"": 47, ""salt_mode"": ""fragment"", ""fragment_max_positions"": null}, {""original_token"": ""loan"", ""salted_token"": ""l​o​a​n"", ""start"": 162, ""end"": 166, ""salt_mode"": ""fragment"", ""fragment_max_positions"": null}, {""original_token"": ""fees"", ""salted_token"": ""f​e​e​s"", ""start"": 528, ""end"": 532, ""salt_mode"": ""fragment"", ""fragment_max_positions"": null}]"
01203.f4c9144a594fb81ff323053fbd626a55,01203__salted__extended__cp200C__fragment.f4c9144a594fb81ff323053fbd626a55,extended,200C,fragment,,1,3,True,"[{""original_token"": ""GUARANTEED"", ""salted_token"": ""G‌U‌A‌R‌A‌N‌T‌E‌E‌D"", ""start"": 47, ""end"": 57, ""salt_mode"": ""fragment"", ""fragment_max_positions"": null}]","[{""original_token"": ""mortgage"", ""salted_token"": ""m‌o‌r‌t‌g‌a‌g‌e"", ""start"": 39, ""end"": 47, ""salt_mode"": ""fragment"", ""fragment_max_positions"": null}, {""original_token"": ""loan"", ""salted_token"": ""l‌o‌a‌n"", ""start"": 162, ""end"": 166, ""salt_mode"": ""fragment"", ""fragment_max_positions"": null}, {""original_token"": ""fees"", ""salted_token"": ""f‌e‌e‌s"", ""start"": 528, ""end"": 532, ""salt_mode"": ""fragment"", ""fragment_max_positions"": null}]"
01203.f4c9144a594fb81ff323053fbd626a55,01203__salted__extended__cp200D__fragment.f4c9144a594fb81ff323053fbd626a55,extended,200D,fragment,,1,3,True,"[{""original_token"": ""GUARANTEED"", ""salted_token"": ""G‍U‍A‍R‍A‍N‍T‍E‍E‍D"", ""start"": 47, ""end"": 57, ""salt_mode"": ""fragment"", ""fragment_max_positions"": null}]","[{""original_token"": ""mortgage"", ""salted_token"": ""m‍o‍r‍t‍g‍a‍g‍e"", ""start"": 39, ""end"": 47, ""salt_mode"": ""fragment"", ""fragment_max_positions"": null}, {""original_token"": ""loan"", ""salted_token"": ""l‍o‍a‍n"", ""start"": 162, ""end"": 166, ""salt_mode"": ""fragment"", ""fragment_max_positions"": null}, {""original_token"": ""fees"", ""salted_token"": ""f‍e‍e‍s"", ""start"": 528, ""end"": 532, ""salt_mode"": ""fragment"", ""fragment_max_positions"": null}]"
01203.f4c9144a594fb81ff323053fbd626a55,01203__salted__extended__cp00AD__fragment.f4c9144a594fb81ff323053fbd626a55,extended,00AD,fragment,,1,3,True,"[{""original_token"": ""GUARANTEED"", ""salted_token"": ""G­U­A­R­A­N­T­E­E­D"", ""start"": 47, ""end"": 57, ""salt_mode"": ""fragment"", ""fragment_max_positions"": null}]","[{""original_token"": ""mortgage"", ""salted_token"": ""m­o­r­t­g­a­g­e"", ""start"": 39, ""end"": 47, ""salt_mode"": ""fragment"", ""fragment_max_positions"": null}, {""original_token"": ""loan"", ""salted_token"": ""l­o­a­n"", ""start"": 162, ""end"": 166, ""salt_mode"": ""fragment"", ""fragment_max_positions"": null}, {""original_token"": ""fees"", ""salted_token"": ""f­e­e­s"", ""start"": 528, ""end"": 532, ""salt_mode"": ""fragment"", ""fragment_max_positions"": null}]"
01216.e293653cab0c486ba135cf8fbe6700fc,01216__salted__extended__cp200B__fragment.e293653cab0c486ba135cf8fbe6700fc,extended,200B,fragment,,1,0,False,"[{""original_token"": ""HGH"", ""salted_token"": ""H​G​H"", ""start"": 0, ""end"": 3, ""salt_mode"": ""fragment"", ""fragment_max_positions"": null}]",[]
01216.e293653cab0c486ba135cf8fbe6700fc,01216__salted__extended__cp200C__fragment.e293653cab0c486ba135cf8fbe6700fc,extended,200C,fragment,,1,0,False,"[{""original_token"": ""HGH"", ""salted_token"": ""H‌G‌H"", ""start"": 0, ""end"": 3, ""salt_mode"": ""fragment"", ""fragment_max_positions"": null}]",[]
01216.e293653cab0c486ba135cf8fbe6700fc,01216__salted__extended__cp200D__fragment.e293653cab0c486ba135cf8fbe6700fc,extended,200D,fragment,,1,0,False,"[{""original_token"": ""HGH"", ""salted_token"": ""H‍G‍H"", ""start"": 0, ""end"": 3, ""salt_mode"": ""fragment"", ""fragment_max_positions"": null}]",[]
01216.e293653cab0c486ba135cf8fbe6700fc,01216__salted__extended__cp00AD__fragment.e293653cab0c486ba135cf8fbe6700fc,extended,00AD,fragment,,1,0,False,"[{""original_token"": ""HGH"", ""salted_token"": ""H­G­H"", ""start"": 0, ""end"": 3, ""salt_mode"": ""fragment"", ""fragment_max_positions"": null}]",[]
01230.0589bade8df0c343a49c6712f62dfca0,01230__salted__extended__cp200B__fragment.0589bade8df0c343a49c6712f62dfca0,extended,200B,fragment,,0,3,True,[],"[{""original_token"": ""tobacco"", ""salted_token"": ""t​o​b​a​c​c​o"", ""start"": 34, ""end"": 41, ""salt_mode"": ""fragment"", ""fragment_max_positions"": null}, {""original_token"": ""Guaranteed"", ""salted_token"": ""G​u​a​r​a​n​t​e​e​d"", ""start"": 124, ""end"": 134, ""salt_mode"": ""fragment"", ""fragment_max_positions"": null}, {""original_token"": ""Guaranteed"", ""salted_token"": ""G​u​a​r​a​n​t​e​e​d"", ""start"": 423, ""end"": 433, ""salt_mode"": ""fragment"", ""fragment_max_positions"": null}]"
01230.0589bade8df0c343a49c6712f62dfca0,01230__salted__extended__cp200C__fragment.0589bade8df0c343a49c6712f62dfca0,extended,200C,fragment,,0,3,True,[],"[{""original_token"": ""tobacco"", ""salted_token"": ""t‌o‌b‌a‌c‌c‌o"", ""start"": 34, ""end"": 41, ""salt_mode"": ""fragment"", ""fragment_max_positions"": null}, {""original_token"": ""Guaranteed"", ""salted_token"": ""G‌u‌a‌r‌a‌n‌t‌e‌e‌d"", ""start"": 124, ""end"": 134, ""salt_mode"": ""fragment"", ""fragment_max_positions"": null}, {""original_token"": ""Guaranteed"", ""salted_token"": ""G‌u‌a‌r‌a‌n‌t‌e‌e‌d"", ""start"": 423, ""end"": 433, ""salt_mode"": ""fragment"", ""fragment_max_positions"": null}]"
01230.0589bade8df0c343a49c6712f62dfca0,01230__salted__extended__cp200D__fragment.0589bade8df0c343a49c6712f62dfca0,extended,200D,fragment,,0,3,True,[],"[{""original_token"": ""tobacco"", ""salted_token"": ""t‍o‍b‍a‍c‍c‍o"", ""start"": 34, ""end"": 41, ""salt_mode"": ""fragment"", ""fragment_max_positions"": null}, {""original_token"": ""Guaranteed"", ""salted_token"": ""G‍u‍a‍r‍a‍n‍t‍e‍e‍d"", ""start"": 124, ""end"": 134, ""salt_mode"": ""fragment"", ""fragment_max_positions"": null}, {""original_token"": ""Guaranteed"", ""salted_token"": ""G‍u‍a‍r‍a‍n‍t‍e‍e‍d"", ""start"": 423, ""end"": 433, ""salt_mode"": ""fragment"", ""fragment_max_positions"": null}]"
01230.0589bade8df0c343a49c6712f62dfca0,01230__salted__extended__cp00AD__fragment.0589bade8df0c343a49c6712f62dfca0,extended,00AD,fragment,,0,3,True,[],"[{""original_token"": ""tobacco"", ""salted_token"": ""t­o­b­a­c­c­o"", ""start"": 34, ""end"": 41, ""salt_mode"": ""fragment"", ""fragment_max_positions"": null}, {""original_token"": ""Guaranteed"", ""salted_token"": ""G­u­a­r­a­n­t­e­e­d"", ""start"": 124, ""end"": 134, ""salt_mode"": ""fragment"", ""fragment_max_positions"": null}, {""original_token"": ""Guaranteed"", ""salted_token"": ""G­u­a­r­a­n­t­e­e­d"", ""start"": 423, ""end"": 433, ""salt_mode"": ""fragment"", ""fragment_max_positions"": null}]"
01236.903d52340bf3ed1a328b039bcd94e1c9,01236__salted__extended__cp200B__fragment.903d52340bf3ed1a328b039bcd94e1c9,extended,200B,fragment,,1,0,False,"[{""original_token"": ""cartridges"", ""salted_token"": ""c​a​r​t​r​i​d​g​e​s"", ""start"": 18, ""end"": 28, ""salt_mode"": ""fragment"", ""fragment_max_positions"": null}]",[]
01236.903d52340bf3ed1a328b039bcd94e1c9,01236__salted__extended__cp200C__fragment.903d52340bf3ed1a328b039bcd94e1c9,extended,200C,fragment,,1,0,False,"[{""original_token"": ""cartridges"", ""salted_token"": ""c‌a‌r‌t‌r‌i‌d‌g‌e‌s"", ""start"": 18, ""end"": 28, ""salt_mode"": ""fragment"", ""fragment_max_positions"": null}]",[]
01236.903d52340bf3ed1a328b039bcd94e1c9,01236__salted__extended__cp200D__fragment.903d52340bf3ed1a328b039bcd94e1c9,extended,200D,fragment,,1,0,False,"[{""original_token"": ""cartridges"", ""salted_token"": ""c‍a‍r‍t‍r‍i‍d‍g‍e‍s"", ""start"": 18, ""end"": 28, ""salt_mode"": ""fragment"", ""fragment_max_positions"": null}]",[]
01236.903d52340bf3ed1a328b039bcd94e1c9,01236__salted__extended__cp00AD__fragment.903d52340bf3ed1a328b039bcd94e1c9,extended,00AD,fragment,,1,0,False,"[{""original_token"": ""cartridges"", ""salted_token"": ""c­a­r­t­r­i­d­g­e­s"", ""start"": 18, ""end"": 28, ""salt_mode"": ""fragment"", ""fragment_max_positions"": null}]",[]
01240.7d6ae3682a3dd3fe457516b188eb105c,01240__salted__extended__cp200B__fragment.7d6ae3682a3dd3fe457516b188eb105c,extended,200B,fragment,,1,3,True,"[{""original_token"": ""assistance"", ""salted_token"": ""a​s​s​i​s​t​a​n​c​e"", ""start"": 19, ""end"": 29, ""salt_mode"": ""fragment"", ""fragment_max_positions"": null}]","[{""original_token"": ""PRESENTLY"", ""salted_token"": ""P​R​E​S​E​N​T​L​Y"", ""start"": 143, ""end"": 152, ""salt_mode"": ""fragment"", ""fragment_max_positions"": null}, {""original_token"": ""NIGERIA"", ""salted_token"": ""N​I​G​E​R​I​A"", ""start"": 162, ""end"": 169, ""salt_mode"": ""fragment"", ""fragment_max_positions"": null}, {""original_token"": ""PRESENTLY"", ""salted_token"": ""P​R​E​S​E​N​T​L​Y"", ""start"": 496, ""end"": 505, ""salt_mode"": ""fragment"", ""fragment_max_positions"": null}]"
01240.7d6ae3682a3dd3fe457516b188eb105c,01240__salted__extended__cp200C__fragment.7d6ae3682a3dd3fe457516b188eb105c,extended,200C,fragment,,1,3,True,"[{""original_token"": ""assistance"", ""salted_token"": ""a‌s‌s‌i‌s‌t‌a‌n‌c‌e"", ""start"": 19, ""end"": 29, ""salt_mode"": ""fragment"", ""fragment_max_positions"": null}]","[{""original_token"": ""PRESENTLY"", ""salted_token"": ""P‌R‌E‌S‌E‌N‌T‌L‌Y"", ""start"": 143, ""end"": 152, ""salt_mode"": ""fragment"", ""fragment_max_positions"": null}, {""original_token"": ""NIGERIA"", ""salted_token"": ""N‌I‌G‌E‌R‌I‌A"", ""start"": 162, ""end"": 169, ""salt_mode"": ""fragment"", ""fragment_max_positions"": null}, {""original_token"": ""PRESENTLY"", ""salted_token"": ""P‌R‌E‌S‌E‌N‌T‌L‌Y"", ""start"": 496, ""end"": 505, ""salt_mode"": ""fragment"", ""fragment_max_positions"": null}]"
01240.7d6ae3682a3dd3fe457516b188eb105c,01240__salted__extended__cp200D__fragment.7d6ae3682a3dd3fe457516b188eb105c,extended,200D,fragment,,1,3,True,"[{""original_token"": ""assistance"", ""salted_token"": ""a‍s‍s‍i‍s‍t‍a‍n‍c‍e"", ""start"": 19, ""end"": 29, ""salt_mode"": ""fragment"", ""fragment_max_positions"": null}]","[{""original_token"": ""PRESENTLY"", ""salted_token"": ""P‍R‍E‍S‍E‍N‍T‍L‍Y"", ""start"": 143, ""end"": 152, ""salt_mode"": ""fragment"", ""fragment_max_positions"": null}, {""original_token"": ""NIGERIA"", ""salted_token"": ""N‍I‍G‍E‍R‍I‍A"", ""start"": 162, ""end"": 169, ""salt_mode"": ""fragment"", ""fragment_max_positions"": null}, {""original_token"": ""PRESENTLY"", ""salted_token"": ""P‍R‍E‍S‍E‍N‍T‍L‍Y"", ""start"": 496, ""end"": 505, ""salt_mode"": ""fragment"", ""fragment_max_positions"": null}]"
01240.7d6ae3682a3dd3fe457516b188eb105c,01240__salted__extended__cp00AD__fragment.7d6ae3682a3dd3fe457516b188eb105c,extended,00AD,fragment,,1,3,True,"[{""original_token"": ""assistance"", ""salted_token"": ""a­s­s­i­s­t­a­n­c­e"", ""start"": 19, ""end"": 29, ""salt_mode"": ""fragment"", ""fragment_max_positions"": null}]","[{""original_token"": ""PRESENTLY"", ""salted_token"": ""P­R­E­S­E­N­T­L­Y"", ""start"": 143, ""end"": 152, ""salt_mode"": ""fragment"", ""fragment_max_positions"": null}, {""original_token"": ""NIGERIA"", ""salted_token"": ""N­I­G­E­R­I­A"", ""start"": 162, ""end"": 169, ""salt_mode"": ""fragment"", ""fragment_max_positions"": null}, {""original_token"": ""PRESENTLY"", ""salted_token"": ""P­R­E­S­E­N­T­L­Y"", ""start"": 496, ""end"": 505, ""salt_mode"": ""fragment"", ""fragment_max_positions"": null}]"
01242.3743099b115c6a8a273d8eca34a9c738,01242__salted__extended__cp200B__fragment.3743099b115c6a8a273d8eca34a9c738,extended,200B,fragment,,1,0,False,"[{""original_token"": ""Cartridges"", ""salted_token"": ""C​a​r​t​r​i​d​g​e​s"", ""start"": 53, ""end"": 63, ""salt_mode"": ""fragment"", ""fragment_max_positions"": null}]",[]
01242.3743099b115c6a8a273d8eca34a9c738,01242__salted__extended__cp200C__fragment.3743099b115c6a8a273d8eca34a9c738,extended,200C,fragment,,1,0,False,"[{""original_token"": ""Cartridges"", ""salted_token"": ""C‌a‌r‌t‌r‌i‌d‌g‌e‌s"", ""start"": 53, ""end"": 63, ""salt_mode"": ""fragment"", ""fragment_max_positions"": null}]",[]
01242.3743099b115c6a8a273d8eca34a9c738,01242__salted__extended__cp200D__fragment.3743099b115c6a8a273d8eca34a9c738,extended,200D,fragment,,1,0,False,"[{""original_token"": ""Cartridges"", ""salted_token"": ""C‍a‍r‍t‍r‍i‍d‍g‍e‍s"", ""start"": 53, ""end"": 63, ""salt_mode"": ""fragment"", ""fragment_max_positions"": null}]",[]
01242.3743099b115c6a8a273d8eca34a9c738,01242__salted__extended__cp00AD__fragment.3743099b115c6a8a273d8eca34a9c738,extended,00AD,fragment,,1,0,False,"[{""original_token"": ""Cartridges"", ""salted_token"": ""C­a­r­t­r­i­d­g­e­s"", ""start"": 53, ""end"": 63, ""salt_mode"": ""fragment"", ""fragment_max_positions"": null}]",[]
01250.2bfc033f9ced1c70e480ec75b0094431,01250__salted__extended__cp200B__fragment.2bfc033f9ced1c70e480ec75b0094431,extended,200B,fragment,,0,3,True,[],"[{""original_token"": ""Receive"", ""salted_token"": ""R​e​c​e​i​v​e"", ""start"": 21, ""end"": 28, ""salt_mode"": ""fragment"", ""fragment_max_positions"": null}, {""original_token"": ""receive"", ""salted_token"": ""r​e​c​e​i​v​e"", ""start"": 687, ""end"": 694, ""salt_mode"": ""fragment"", ""fragment_max_positions"": null}, {""original_token"": ""mailings"", ""salted_token"": ""m​a​i​l​i​n​g​s"", ""start"": 699, ""end"": 707, ""salt_mode"": ""fragment"", ""fragment_max_positions"": null}]"
01250.2bfc033f9ced1c70e480ec75b0094431,01250__salted__extended__cp200C__fragment.2bfc033f9ced1c70e480ec75b0094431,extended,200C,fragment,,0,3,True,[],"[{""original_token"": ""Receive"", ""salted_token"": ""R‌e‌c‌e‌i‌v‌e"", ""start"": 21, ""end"": 28, ""salt_mode"": ""fragment"", ""fragment_max_positions"": null}, {""original_token"": ""receive"", ""salted_token"": ""r‌e‌c‌e‌i‌v‌e"", ""start"": 687, ""end"": 694, ""salt_mode"": ""fragment"", ""fragment_max_positions"": null}, {""original_token"": ""mailings"", ""salted_token"": ""m‌a‌i‌l‌i‌n‌g‌s"", ""start"": 699, ""end"": 707, ""salt_mode"": ""fragment"", ""fragment_max_positions"": null}]"
01250.2bfc033f9ced1c70e480ec75b0094431,01250__salted__extended__cp200D__fragment.2bfc033f9ced1c70e480ec75b0094431,extended,200D,fragment,,0,3,True,[],"[{""original_token"": ""Receive"", ""salted_token"": ""R‍e‍c‍e‍i‍v‍e"", ""start"": 21, ""end"": 28, ""salt_mode"": ""fragment"", ""fragment_max_positions"": null}, {""original_token"": ""receive"", ""salted_token"": ""r‍e‍c‍e‍i‍v‍e"", ""start"": 687, ""end"": 694, ""salt_mode"": ""fragment"", ""fragment_max_positions"": null}, {""original_token"": ""mailings"", ""salted_token"": ""m‍a‍i‍l‍i‍n‍g‍s"", ""start"": 699, ""end"": 707, ""salt_mode"": ""fragment"", ""fragment_max_positions"": null}]"
01250.2bfc033f9ced1c70e480ec75b0094431,01250__salted__extended__cp00AD__fragment.2bfc033f9ced1c70e480ec75b0094431,extended,00AD,fragment,,0,3,True,[],"[{""original_token"": ""Receive"", ""salted_token"": ""R­e­c­e­i­v­e"", ""start"": 21, ""end"": 28, ""salt_mode"": ""fragment"", ""fragment_max_positions"": null}, {""original_token"": ""receive"", ""salted_token"": ""r­e­c­e­i­v­e"", ""start"": 687, ""end"": 694, ""salt_mode"": ""fragment"", ""fragment_max_positions"": null}, {""original_token"": ""mailings"", ""salted_token"": ""m­a­i­l­i­n­g­s"", ""start"": 699, ""end"": 707, ""salt_mode"": ""fragment"", ""fragment_max_positions"": null}]"
01253.26e421b9623002d636c29f79f68a58fb,01253__salted__extended__cp200B__fragment.26e421b9623002d636c29f79f68a58fb,extended,200B,fragment,,1,0,False,"[{""original_token"": ""cartridges"", ""salted_token"": ""c​a​r​t​r​i​d​g​e​s"", ""start"": 18, ""end"": 28, ""salt_mode"": ""fragment"", ""fragment_max_positions"": null}]",[]
01253.26e421b9623002d636c29f79f68a58fb,01253__salted__extended__cp200C__fragment.26e421b9623002d636c29f79f68a58fb,extended,200C,fragment,,1,0,False,"[{""original_token"": ""cartridges"", ""salted_token"": ""c‌a‌r‌t‌r‌i‌d‌g‌e‌s"", ""start"": 18, ""end"": 28, ""salt_mode"": ""fragment"", ""fragment_max_positions"": null}]",[]
01253.26e421b9623002d636c29f79f68a58fb,01253__salted__extended__cp200D__fragment.26e421b9623002d636c29f79f68a58fb,extended,200D,fragment,,1,0,False,"[{""original_token"": ""cartridges"", ""salted_token"": ""c‍a‍r‍t‍r‍i‍d‍g‍e‍s"", ""start"": 18, ""end"": 28, ""salt_mode"": ""fragment"", ""fragment_max_positions"": null}]",[]
01253.26e421b9623002d636c29f79f68a58fb,01253__salted__extended__cp00AD__fragment.26e421b9623002d636c29f79f68a58fb,extended,00AD,fragment,,1,0,False,"[{""original_token"": ""cartridges"", ""salted_token"": ""c­a­r­t­r­i­d­g­e­s"", ""start"": 18, ""end"": 28, ""salt_mode"": ""fragment"", ""fragment_max_positions"": null}]",[]
01255.e04eae4539f81463a930dfe44ebd6af8,01255__salted__extended__cp200B__fragment.e04eae4539f81463a930dfe44ebd6af8,extended,200B,fragment,,1,0,False,"[{""original_token"": ""HGH"", ""salted_token"": ""H​G​H"", ""start"": 27, ""end"": 30, ""salt_mode"": ""fragment"", ""fragment_max_positions"": null}]",[]
01255.e04eae4539f81463a930dfe44ebd6af8,01255__salted__extended__cp200C__fragment.e04eae4539f81463a930dfe44ebd6af8,extended,200C,fragment,,1,0,False,"[{""original_token"": ""HGH"", ""salted_token"": ""H‌G‌H"", ""start"": 27, ""end"": 30, ""salt_mode"": ""fragment"", ""fragment_max_positions"": null}]",[]
01255.e04eae4539f81463a930dfe44ebd6af8,01255__salted__extended__cp200D__fragment.e04eae4539f81463a930dfe44ebd6af8,extended,200D,fragment,,1,0,False,"[{""original_token"": ""HGH"", ""salted_token"": ""H‍G‍H"", ""start"": 27, ""end"": 30, ""salt_mode"": ""fragment"", ""fragment_max_positions"": null}]",[]
01255.e04eae4539f81463a930dfe44ebd6af8,01255__salted__extended__cp00AD__fragment.e04eae4539f81463a930dfe44ebd6af8,extended,00AD,fragment,,1,0,False,"[{""original_token"": ""HGH"", ""salted_token"": ""H­G­H"", ""start"": 27, ""end"": 30, ""salt_mode"": ""fragment"", ""fragment_max_positions"": null}]",[]
01257.f5908ef0550cdf91bd6ae55120ecb5ce,01257__salted__extended__cp200B__fragment.f5908ef0550cdf91bd6ae55120ecb5ce,extended,200B,fragment,,0,2,True,[],"[{""original_token"": ""click"", ""salted_token"": ""c​l​i​c​k"", ""start"": 523, ""end"": 528, ""salt_mode"": ""fragment"", ""fragment_max_positions"": null}, {""original_token"": ""obligation"", ""salted_token"": ""o​b​l​i​g​a​t​i​o​n"", ""start"": 572, ""end"": 582, ""salt_mode"": ""fragment"", ""fragment_max_positions"": null}]"
01257.f5908ef0550cdf91bd6ae55120ecb5ce,01257__salted__extended__cp200C__fragment.f5908ef0550cdf91bd6ae55120ecb5ce,extended,200C,fragment,,0,2,True,[],"[{""original_token"": ""click"", ""salted_token"": ""c‌l‌i‌c‌k"", ""start"": 523, ""end"": 528, ""salt_mode"": ""fragment"", ""fragment_max_positions"": null}, {""original_token"": ""obligation"", ""salted_token"": ""o‌b‌l‌i‌g‌a‌t‌i‌o‌n"", ""start"": 572, ""end"": 582, ""salt_mode"": ""fragment"", ""fragment_max_positions"": null}]"
01257.f5908ef0550cdf91bd6ae55120ecb5ce,01257__salted__extended__cp200D__fragment.f5908ef0550cdf91bd6ae55120ecb5ce,extended,200D,fragment,,0,2,True,[],"[{""original_token"": ""click"", ""salted_token"": ""c‍l‍i‍c‍k"", ""start"": 523, ""end"": 528, ""salt_mode"": ""fragment"", ""fragment_max_positions"": null}, {""original_token"": ""obligation"", ""salted_token"": ""o‍b‍l‍i‍g‍a‍t‍i‍o‍n"", ""start"": 572, ""end"": 582, ""salt_mode"": ""fragment"", ""fragment_max_positions"": null}]"
01257.f5908ef0550cdf91bd6ae55120ecb5ce,01257__salted__extended__cp00AD__fragment.f5908ef0550cdf91bd6ae55120ecb5ce,extended,00AD,fragment,,0,2,True,[],"[{""original_token"": ""click"", ""salted_token"": ""c­l­i­c­k"", ""start"": 523, ""end"": 528, ""salt_mode"": ""fragment"", ""fragment_max_positions"": null}, {""original_token"": ""obligation"", ""salted_token"": ""o­b­l­i­g­a­t­i­o­n"", ""start"": 572, ""end"": 582, ""salt_mode"": ""fragment"", ""fragment_max_positions"": null}]"
01259.b4dff1ed93bc931b271888cd42e41b85,01259__salted__extended__cp200B__fragment.b4dff1ed93bc931b271888cd42e41b85,extended,200B,fragment,,0,3,True,[],"[{""original_token"": ""SLEEP"", ""salted_token"": ""S​L​E​E​P"", ""start"": 2006, ""end"": 2011, ""salt_mode"": ""fragment"", ""fragment_max_positions"": null}, {""original_token"": ""tobacco"", ""salted_token"": ""t​o​b​a​c​c​o"", ""start"": 4909, ""end"": 4916, ""salt_mode"": ""fragment"", ""fragment_max_positions"": null}, {""original_token"": ""attained"", ""salted_token"": ""a​t​t​a​i​n​e​d"", ""start"": 5297, ""end"": 5305, ""salt_mode"": ""fragment"", ""fragment_max_positions"": null}]"
01259.b4dff1ed93bc931b271888cd42e41b85,01259__salted__extended__cp200C__fragment.b4dff1ed93bc931b271888cd42e41b85,extended,200C,fragment,,0,3,True,[],"[{""original_token"": ""SLEEP"", ""salted_token"": ""S‌L‌E‌E‌P"", ""start"": 2006, ""end"": 2011, ""salt_mode"": ""fragment"", ""fragment_max_positions"": null}, {""original_token"": ""tobacco"", ""salted_token"": ""t‌o‌b‌a‌c‌c‌o"", ""start"": 4909, ""end"": 4916, ""salt_mode"": ""fragment"", ""fragment_max_positions"": null}, {""original_token"": ""attained"", ""salted_token"": ""a‌t‌t‌a‌i‌n‌e‌d"", ""start"": 5297, ""end"": 5305, ""salt_mode"": ""fragment"", ""fragment_max_positions"": null}]"
01259.b4dff1ed93bc931b271888cd42e41b85,01259__salted__extended__cp200D__fragment.b4dff1ed93bc931b271888cd42e41b85,extended,200D,fragment,,0,3,True,[],"[{""original_token"": ""SLEEP"", ""salted_token"": ""S‍L‍E‍E‍P"", ""start"": 2006, ""end"": 2011, ""salt_mode"": ""fragment"", ""fragment_max_positions"": null}, {""original_token"": ""tobacco"", ""salted_token"": ""t‍o‍b‍a‍c‍c‍o"", ""start"": 4909, ""end"": 4916, ""salt_mode"": ""fragment"", ""fragment_max_positions"": null}, {""original_token"": ""attained"", ""salted_token"": ""a‍t‍t‍a‍i‍n‍e‍d"", ""start"": 5297, ""end"": 5305, ""salt_mode"": ""fragment"", ""fragment_max_positions"": null}]"
01259.b4dff1ed93bc931b271888cd42e41b85,01259__salted__extended__cp00AD__fragment.b4dff1ed93bc931b271888cd42e41b85,extended,00AD,fragment,,0,3,True,[],"[{""original_token"": ""SLEEP"", ""salted_token"": ""S­L­E­E­P"", ""start"": 2006, ""end"": 2011, ""salt_mode"": ""fragment"", ""fragment_max_positions"": null}, {""original_token"": ""tobacco"", ""salted_token"": ""t­o­b­a­c­c­o"", ""start"": 4909, ""end"": 4916, ""salt_mode"": ""fragment"", ""fragment_max_positions"": null}, {""original_token"": ""attained"", ""salted_token"": ""a­t­t­a­i­n­e­d"", ""start"": 5297, ""end"": 5305, ""salt_mode"": ""fragment"", ""fragment_max_positions"": null}]"
01267.6e9de9ba20f59c26028ebdb4550685fb,01267__salted__extended__cp200B__fragment.6e9de9ba20f59c26028ebdb4550685fb,extended,200B,fragment,,1,0,False,"[{""original_token"": ""SYSTEMWORKS"", ""salted_token"": ""S​Y​S​T​E​M​W​O​R​K​S"", ""start"": 11, ""end"": 22, ""salt_mode"": ""fragment"", ""fragment_max_positions"": null}]",[]
01267.6e9de9ba20f59c26028ebdb4550685fb,01267__salted__extended__cp200C__fragment.6e9de9ba20f59c26028ebdb4550685fb,extended,200C,fragment,,1,0,False,"[{""original_token"": ""SYSTEMWORKS"", ""salted_token"": ""S‌Y‌S‌T‌E‌M‌W‌O‌R‌K‌S"", ""start"": 11, ""end"": 22, ""salt_mode"": ""fragment"", ""fragment_max_positions"": null}]",[]
01267.6e9de9ba20f59c26028ebdb4550685fb,01267__salted__extended__cp200D__fragment.6e9de9ba20f59c26028ebdb4550685fb,extended,200D,fragment,,1,0,False,"[{""original_token"": ""SYSTEMWORKS"", ""salted_token"": ""S‍Y‍S‍T‍E‍M‍W‍O‍R‍K‍S"", ""start"": 11, ""end"": 22, ""salt_mode"": ""fragment"", ""fragment_max_positions"": null}]",[]
01267.6e9de9ba20f59c26028ebdb4550685fb,01267__salted__extended__cp00AD__fragment.6e9de9ba20f59c26028ebdb4550685fb,extended,00AD,fragment,,1,0,False,"[{""original_token"": ""SYSTEMWORKS"", ""salted_token"": ""S­Y­S­T­E­M­W­O­R­K­S"", ""start"": 11, ""end"": 22, ""salt_mode"": ""fragment"", ""fragment_max_positions"": null}]",[]
01280.34dde162b3c6b2e873fc9f094d28b0fd,01280__salted__extended__cp200B__fragment.34dde162b3c6b2e873fc9f094d28b0fd,extended,200B,fragment,,0,3,True,[],"[{""original_token"": ""wholesale"", ""salted_token"": ""w​h​o​l​e​s​a​l​e"", ""start"": 327, ""end"": 336, ""salt_mode"": ""fragment"", ""fragment_max_positions"": null}, {""original_token"": ""commissions"", ""salted_token"": ""c​o​m​m​i​s​s​i​o​n​s"", ""start"": 377, ""end"": 388, ""salt_mode"": ""fragment"", ""fragment_max_positions"": null}, {""original_token"": ""obligation"", ""salted_token"": ""o​b​l​i​g​a​t​i​o​n"", ""start"": 827, ""end"": 837, ""salt_mode"": ""fragment"", ""fragment_max_positions"": null}]"
01280.34dde162b3c6b2e873fc9f094d28b0fd,01280__salted__extended__cp200C__fragment.34dde162b3c6b2e873fc9f094d28b0fd,extended,200C,fragment,,0,3,True,[],"[{""original_token"": ""wholesale"", ""salted_token"": ""w‌h‌o‌l‌e‌s‌a‌l‌e"", ""start"": 327, ""end"": 336, ""salt_mode"": ""fragment"", ""fragment_max_positions"": null}, {""original_token"": ""commissions"", ""salted_token"": ""c‌o‌m‌m‌i‌s‌s‌i‌o‌n‌s"", ""start"": 377, ""end"": 388, ""salt_mode"": ""fragment"", ""fragment_max_positions"": null}, {""original_token"": ""obligation"", ""salted_token"": ""o‌b‌l‌i‌g‌a‌t‌i‌o‌n"", ""start"": 827, ""end"": 837, ""salt_mode"": ""fragment"", ""fragment_max_positions"": null}]"
01280.34dde162b3c6b2e873fc9f094d28b0fd,01280__salted__extended__cp200D__fragment.34dde162b3c6b2e873fc9f094d28b0fd,extended,200D,fragment,,0,3,True,[],"[{""original_token"": ""wholesale"", ""salted_token"": ""w‍h‍o‍l‍e‍s‍a‍l‍e"", ""start"": 327, ""end"": 336, ""salt_mode"": ""fragment"", ""fragment_max_positions"": null}, {""original_token"": ""commissions"", ""salted_token"": ""c‍o‍m‍m‍i‍s‍s‍i‍o‍n‍s"", ""start"": 377, ""end"": 388, ""salt_mode"": ""fragment"", ""fragment_max_positions"": null}, {""original_token"": ""obligation"", ""salted_token"": ""o‍b‍l‍i‍g‍a‍t‍i‍o‍n"", ""start"": 827, ""end"": 837, ""salt_mode"": ""fragment"", ""fragment_max_positions"": null}]"
01280.34dde162b3c6b2e873fc9f094d28b0fd,01280__salted__extended__cp00AD__fragment.34dde162b3c6b2e873fc9f094d28b0fd,extended,00AD,fragment,,0,3,True,[],"[{""original_token"": ""wholesale"", ""salted_token"": ""w­h­o­l­e­s­a­l­e"", ""start"": 327, ""end"": 336, ""salt_mode"": ""fragment"", ""fragment_max_positions"": null}, {""original_token"": ""commissions"", ""salted_token"": ""c­o­m­m­i­s­s­i­o­n­s"", ""start"": 377, ""end"": 388, ""salt_mode"": ""fragment"", ""fragment_max_positions"": null}, {""original_token"": ""obligation"", ""salted_token"": ""o­b­l­i­g­a­t­i­o­n"", ""start"": 827, ""end"": 837, ""salt_mode"": ""fragment"", ""fragment_max_positions"": null}]"
01308.c46f1215ccd8cedf162e0cf308b94dcd,01308__salted__extended__cp200B__fragment.c46f1215ccd8cedf162e0cf308b94dcd,extended,200B,fragment,,0,3,True,[],"[{""original_token"": ""participation"", ""salted_token"": ""p​a​r​t​i​c​i​p​a​t​i​o​n"", ""start"": 1946, ""end"": 1959, ""salt_mode"": ""fragment"", ""fragment_max_positions"": null}, {""original_token"": ""ATTAINED"", ""salted_token"": ""A​T​T​A​I​N​E​D"", ""start"": 2172, ""end"": 2180, ""salt_mode"": ""fragment"", ""fragment_max_positions"": null}, {""original_token"": ""profitable"", ""salted_token"": ""p​r​o​f​i​t​a​b​l​e"", ""start"": 2271, ""end"": 2281, ""salt_mode"": ""fragment"", ""fragment_max_positions"": null}]"
01308.c46f1215ccd8cedf162e0cf308b94dcd,01308__salted__extended__cp200C__fragment.c46f1215ccd8cedf162e0cf308b94dcd,extended,200C,fragment,,0,3,True,[],"[{""original_token"": ""participation"", ""salted_token"": ""p‌a‌r‌t‌i‌c‌i‌p‌a‌t‌i‌o‌n"", ""start"": 1946, ""end"": 1959, ""salt_mode"": ""fragment"", ""fragment_max_positions"": null}, {""original_token"": ""ATTAINED"", ""salted_token"": ""A‌T‌T‌A‌I‌N‌E‌D"", ""start"": 2172, ""end"": 2180, ""salt_mode"": ""fragment"", ""fragment_max_positions"": null}, {""original_token"": ""profitable"", ""salted_token"": ""p‌r‌o‌f‌i‌t‌a‌b‌l‌e"", ""start"": 2271, ""end"": 2281, ""salt_mode"": ""fragment"", ""fragment_max_positions"": null}]"
01308.c46f1215ccd8cedf162e0cf308b94dcd,01308__salted__extended__cp200D__fragment.c46f1215ccd8cedf162e0cf308b94dcd,extended,200D,fragment,,0,3,True,[],"[{""original_token"": ""participation"", ""salted_token"": ""p‍a‍r‍t‍i‍c‍i‍p‍a‍t‍i‍o‍n"", ""start"": 1946, ""end"": 1959, ""salt_mode"": ""fragment"", ""fragment_max_positions"": null}, {""original_token"": ""ATTAINED"", ""salted_token"": ""A‍T‍T‍A‍I‍N‍E‍D"", ""start"": 2172, ""end"": 2180, ""salt_mode"": ""fragment"", ""fragment_max_positions"": null}, {""original_token"": ""profitable"", ""salted_token"": ""p‍r‍o‍f‍i‍t‍a‍b‍l‍e"", ""start"": 2271, ""end"": 2281, ""salt_mode"": ""fragment"", ""fragment_max_positions"": null}]"
01308.c46f1215ccd8cedf162e0cf308b94dcd,01308__salted__extended__cp00AD__fragment.c46f1215ccd8cedf162e0cf308b94dcd,extended,00AD,fragment,,0,3,True,[],"[{""original_token"": ""participation"", ""salted_token"": ""p­a­r­t­i­c­i­p­a­t­i­o­n"", ""start"": 1946, ""end"": 1959, ""salt_mode"": ""fragment"", ""fragment_max_positions"": null}, {""original_token"": ""ATTAINED"", ""salted_token"": ""A­T­T­A­I­N­E­D"", ""start"": 2172, ""end"": 2180, ""salt_mode"": ""fragment"", ""fragment_max_positions"": null}, {""original_token"": ""profitable"", ""salted_token"": ""p­r­o­f­i­t­a­b­l­e"", ""start"": 2271, ""end"": 2281, ""salt_mode"": ""fragment"", ""fragment_max_positions"": null}]"
01311.43bfe86df65d53c5f7ca2365dc12582b,01311__salted__extended__cp200B__fragment.43bfe86df65d53c5f7ca2365dc12582b,extended,200B,fragment,,1,0,False,"[{""original_token"": ""mortgage"", ""salted_token"": ""m​o​r​t​g​a​g​e"", ""start"": 17, ""end"": 25, ""salt_mode"": ""fragment"", ""fragment_max_positions"": null}]",[]
01311.43bfe86df65d53c5f7ca2365dc12582b,01311__salted__extended__cp200C__fragment.43bfe86df65d53c5f7ca2365dc12582b,extended,200C,fragment,,1,0,False,"[{""original_token"": ""mortgage"", ""salted_token"": ""m‌o‌r‌t‌g‌a‌g‌e"", ""start"": 17, ""end"": 25, ""salt_mode"": ""fragment"", ""fragment_max_positions"": null}]",[]
01311.43bfe86df65d53c5f7ca2365dc12582b,01311__salted__extended__cp200D__fragment.43bfe86df65d53c5f7ca2365dc12582b,extended,200D,fragment,,1,0,False,"[{""original_token"": ""mortgage"", ""salted_token"": ""m‍o‍r‍t‍g‍a‍g‍e"", ""start"": 17, ""end"": 25, ""salt_mode"": ""fragment"", ""fragment_max_positions"": null}]",[]
01311.43bfe86df65d53c5f7ca2365dc12582b,01311__salted__extended__cp00AD__fragment.43bfe86df65d53c5f7ca2365dc12582b,extended,00AD,fragment,,1,0,False,"[{""original_token"": ""mortgage"", ""salted_token"": ""m­o­r­t­g­a­g­e"", ""start"": 17, ""end"": 25, ""salt_mode"": ""fragment"", ""fragment_max_positions"": null}]",[]
01335.ca70ab7f2d1accef8b3cf646e3004ef8,01335__salted__extended__cp200B__fragment.ca70ab7f2d1accef8b3cf646e3004ef8,extended,200B,fragment,,1,0,False,"[{""original_token"": ""mortgage"", ""salted_token"": ""m​o​r​t​g​a​g​e"", ""start"": 8, ""end"": 16, ""salt_mode"": ""fragment"", ""fragment_max_positions"": null}]",[]
01335.ca70ab7f2d1accef8b3cf646e3004ef8,01335__salted__extended__cp200C__fragment.ca70ab7f2d1accef8b3cf646e3004ef8,extended,200C,fragment,,1,0,False,"[{""original_token"": ""mortgage"", ""salted_token"": ""m‌o‌r‌t‌g‌a‌g‌e"", ""start"": 8, ""end"": 16, ""salt_mode"": ""fragment"", ""fragment_max_positions"": null}]",[]
01335.ca70ab7f2d1accef8b3cf646e3004ef8,01335__salted__extended__cp200D__fragment.ca70ab7f2d1accef8b3cf646e3004ef8,extended,200D,fragment,,1,0,False,"[{""original_token"": ""mortgage"", ""salted_token"": ""m‍o‍r‍t‍g‍a‍g‍e"", ""start"": 8, ""end"": 16, ""salt_mode"": ""fragment"", ""fragment_max_positions"": null}]",[]
01335.ca70ab7f2d1accef8b3cf646e3004ef8,01335__salted__extended__cp00AD__fragment.ca70ab7f2d1accef8b3cf646e3004ef8,extended,00AD,fragment,,1,0,False,"[{""original_token"": ""mortgage"", ""salted_token"": ""m­o­r­t­g­a­g­e"", ""start"": 8, ""end"": 16, ""salt_mode"": ""fragment"", ""fragment_max_positions"": null}]",[]
01339.d94a16532a6f42497266dcc327a40163,01339__salted__extended__cp200B__fragment.d94a16532a6f42497266dcc327a40163,extended,200B,fragment,,1,0,False,"[{""original_token"": ""mortgage"", ""salted_token"": ""m​o​r​t​g​a​g​e"", ""start"": 11, ""end"": 19, ""salt_mode"": ""fragment"", ""fragment_max_positions"": null}]",[]
01339.d94a16532a6f42497266dcc327a40163,01339__salted__extended__cp200C__fragment.d94a16532a6f42497266dcc327a40163,extended,200C,fragment,,1,0,False,"[{""original_token"": ""mortgage"", ""salted_token"": ""m‌o‌r‌t‌g‌a‌g‌e"", ""start"": 11, ""end"": 19, ""salt_mode"": ""fragment"", ""fragment_max_positions"": null}]",[]
01339.d94a16532a6f42497266dcc327a40163,01339__salted__extended__cp200D__fragment.d94a16532a6f42497266dcc327a40163,extended,200D,fragment,,1,0,False,"[{""original_token"": ""mortgage"", ""salted_token"": ""m‍o‍r‍t‍g‍a‍g‍e"", ""start"": 11, ""end"": 19, ""salt_mode"": ""fragment"", ""fragment_max_positions"": null}]",[]
01339.d94a16532a6f42497266dcc327a40163,01339__salted__extended__cp00AD__fragment.d94a16532a6f42497266dcc327a40163,extended,00AD,fragment,,1,0,False,"[{""original_token"": ""mortgage"", ""salted_token"": ""m­o­r­t­g­a­g­e"", ""start"": 11, ""end"": 19, ""salt_mode"": ""fragment"", ""fragment_max_positions"": null}]",[]
01342.7f89acf56fb4398340a0b07481e3193f,01342__salted__extended__cp200B__fragment.7f89acf56fb4398340a0b07481e3193f,extended,200B,fragment,,0,3,True,[],"[{""original_token"": ""purchase"", ""salted_token"": ""p​u​r​c​h​a​s​e"", ""start"": 1664, ""end"": 1672, ""salt_mode"": ""fragment"", ""fragment_max_positions"": null}, {""original_token"": ""Postal"", ""salted_token"": ""P​o​s​t​a​l"", ""start"": 3213, ""end"": 3219, ""salt_mode"": ""fragment"", ""fragment_max_positions"": null}, {""original_token"": ""MasterCard"", ""salted_token"": ""M​a​s​t​e​r​C​a​r​d"", ""start"": 3283, ""end"": 3293, ""salt_mode"": ""fragment"", ""fragment_max_positions"": null}]"
01342.7f89acf56fb4398340a0b07481e3193f,01342__salted__extended__cp200C__fragment.7f89acf56fb4398340a0b07481e3193f,extended,200C,fragment,,0,3,True,[],"[{""original_token"": ""purchase"", ""salted_token"": ""p‌u‌r‌c‌h‌a‌s‌e"", ""start"": 1664, ""end"": 1672, ""salt_mode"": ""fragment"", ""fragment_max_positions"": null}, {""original_token"": ""Postal"", ""salted_token"": ""P‌o‌s‌t‌a‌l"", ""start"": 3213, ""end"": 3219, ""salt_mode"": ""fragment"", ""fragment_max_positions"": null}, {""original_token"": ""MasterCard"", ""salted_token"": ""M‌a‌s‌t‌e‌r‌C‌a‌r‌d"", ""start"": 3283, ""end"": 3293, ""salt_mode"": ""fragment"", ""fragment_max_positions"": null}]"
01342.7f89acf56fb4398340a0b07481e3193f,01342__salted__extended__cp200D__fragment.7f89acf56fb4398340a0b07481e3193f,extended,200D,fragment,,0,3,True,[],"[{""original_token"": ""purchase"", ""salted_token"": ""p‍u‍r‍c‍h‍a‍s‍e"", ""start"": 1664, ""end"": 1672, ""salt_mode"": ""fragment"", ""fragment_max_positions"": null}, {""original_token"": ""Postal"", ""salted_token"": ""P‍o‍s‍t‍a‍l"", ""start"": 3213, ""end"": 3219, ""salt_mode"": ""fragment"", ""fragment_max_positions"": null}, {""original_token"": ""MasterCard"", ""salted_token"": ""M‍a‍s‍t‍e‍r‍C‍a‍r‍d"", ""start"": 3283, ""end"": 3293, ""salt_mode"": ""fragment"", ""fragment_max_positions"": null}]"
01342.7f89acf56fb4398340a0b07481e3193f,01342__salted__extended__cp00AD__fragment.7f89acf56fb4398340a0b07481e3193f,extended,00AD,fragment,,0,3,True,[],"[{""original_token"": ""purchase"", ""salted_token"": ""p­u­r­c­h­a­s­e"", ""start"": 1664, ""end"": 1672, ""salt_mode"": ""fragment"", ""fragment_max_positions"": null}, {""original_token"": ""Postal"", ""salted_token"": ""P­o­s­t­a­l"", ""start"": 3213, ""end"": 3219, ""salt_mode"": ""fragment"", ""fragment_max_positions"": null}, {""original_token"": ""MasterCard"", ""salted_token"": ""M­a­s­t­e­r­C­a­r­d"", ""start"": 3283, ""end"": 3293, ""salt_mode"": ""fragment"", ""fragment_max_positions"": null}]"
01355.a47c042a6e16456c5b49c18d5b3868cb,01355__salted__extended__cp200B__fragment.a47c042a6e16456c5b49c18d5b3868cb,extended,200B,fragment,,0,2,True,[],"[{""original_token"": ""receive"", ""salted_token"": ""r​e​c​e​i​v​e"", ""start"": 878, ""end"": 885, ""salt_mode"": ""fragment"", ""fragment_max_positions"": null}, {""original_token"": ""mailings"", ""salted_token"": ""m​a​i​l​i​n​g​s"", ""start"": 1521, ""end"": 1529, ""salt_mode"": ""fragment"", ""fragment_max_positions"": null}]"
01355.a47c042a6e16456c5b49c18d5b3868cb,01355__salted__extended__cp200C__fragment.a47c042a6e16456c5b49c18d5b3868cb,extended,200C,fragment,,0,2,True,[],"[{""original_token"": ""receive"", ""salted_token"": ""r‌e‌c‌e‌i‌v‌e"", ""start"": 878, ""end"": 885, ""salt_mode"": ""fragment"", ""fragment_max_positions"": null}, {""original_token"": ""mailings"", ""salted_token"": ""m‌a‌i‌l‌i‌n‌g‌s"", ""start"": 1521, ""end"": 1529, ""salt_mode"": ""fragment"", ""fragment_max_positions"": null}]"
01355.a47c042a6e16456c5b49c18d5b3868cb,01355__salted__extended__cp200D__fragment.a47c042a6e16456c5b49c18d5b3868cb,extended,200D,fragment,,0,2,True,[],"[{""original_token"": ""receive"", ""salted_token"": ""r‍e‍c‍e‍i‍v‍e"", ""start"": 878, ""end"": 885, ""salt_mode"": ""fragment"", ""fragment_max_positions"": null}, {""original_token"": ""mailings"", ""salted_token"": ""m‍a‍i‍l‍i‍n‍g‍s"", ""start"": 1521, ""end"": 1529, ""salt_mode"": ""fragment"", ""fragment_max_positions"": null}]"
01355.a47c042a6e16456c5b49c18d5b3868cb,01355__salted__extended__cp00AD__fragment.a47c042a6e16456c5b49c18d5b3868cb,extended,00AD,fragment,,0,2,True,[],"[{""original_token"": ""receive"", ""salted_token"": ""r­e­c­e­i­v­e"", ""start"": 878, ""end"": 885, ""salt_mode"": ""fragment"", ""fragment_max_positions"": null}, {""original_token"": ""mailings"", ""salted_token"": ""m­a­i­l­i­n­g­s"", ""start"": 1521, ""end"": 1529, ""salt_mode"": ""fragment"", ""fragment_max_positions"": null}]"
01359.deafa1d42658c6624c6809a446b7f369,01359__salted__extended__cp200B__fragment.deafa1d42658c6624c6809a446b7f369,extended,200B,fragment,,0,3,True,[],"[{""original_token"": ""Dear"", ""salted_token"": ""D​e​a​r"", ""start"": 0, ""end"": 4, ""salt_mode"": ""fragment"", ""fragment_max_positions"": null}, {""original_token"": ""Sir"", ""salted_token"": ""S​i​r"", ""start"": 5, ""end"": 8, ""salt_mode"": ""fragment"", ""fragment_max_positions"": null}, {""original_token"": ""kindly"", ""salted_token"": ""k​i​n​d​l​y"", ""start"": 1164, ""end"": 1170, ""salt_mode"": ""fragment"", ""fragment_max_positions"": null}]"
01359.deafa1d42658c6624c6809a446b7f369,01359__salted__extended__cp200C__fragment.deafa1d42658c6624c6809a446b7f369,extended,200C,fragment,,0,3,True,[],"[{""original_token"": ""Dear"", ""salted_token"": ""D‌e‌a‌r"", ""start"": 0, ""end"": 4, ""salt_mode"": ""fragment"", ""fragment_max_positions"": null}, {""original_token"": ""Sir"", ""salted_token"": ""S‌i‌r"", ""start"": 5, ""end"": 8, ""salt_mode"": ""fragment"", ""fragment_max_positions"": null}, {""original_token"": ""kindly"", ""salted_token"": ""k‌i‌n‌d‌l‌y"", ""start"": 1164, ""end"": 1170, ""salt_mode"": ""fragment"", ""fragment_max_positions"": null}]"
01359.deafa1d42658c6624c6809a446b7f369,01359__salted__extended__cp200D__fragment.deafa1d42658c6624c6809a446b7f369,extended,200D,fragment,,0,3,True,[],"[{""original_token"": ""Dear"", ""salted_token"": ""D‍e‍a‍r"", ""start"": 0, ""end"": 4, ""salt_mode"": ""fragment"", ""fragment_max_positions"": null}, {""original_token"": ""Sir"", ""salted_token"": ""S‍i‍r"", ""start"": 5, ""end"": 8, ""salt_mode"": ""fragment"", ""fragment_max_positions"": null}, {""original_token"": ""kindly"", ""salted_token"": ""k‍i‍n‍d‍l‍y"", ""start"": 1164, ""end"": 1170, ""salt_mode"": ""fragment"", ""fragment_max_positions"": null}]"
01359.deafa1d42658c6624c6809a446b7f369,01359__salted__extended__cp00AD__fragment.deafa1d42658c6624c6809a446b7f369,extended,00AD,fragment,,0,3,True,[],"[{""original_token"": ""Dear"", ""salted_token"": ""D­e­a­r"", ""start"": 0, ""end"": 4, ""salt_mode"": ""fragment"", ""fragment_max_positions"": null}, {""original_token"": ""Sir"", ""salted_token"": ""S­i­r"", ""start"": 5, ""end"": 8, ""salt_mode"": ""fragment"", ""fragment_max_positions"": null}, {""original_token"": ""kindly"", ""salted_token"": ""k­i­n­d­l­y"", ""start"": 1164, ""end"": 1170, ""salt_mode"": ""fragment"", ""fragment_max_positions"": null}]"
01363.85518bca7c7cb9f35e57f3adda762ac9,01363__salted__extended__cp200B__fragment.85518bca7c7cb9f35e57f3adda762ac9,extended,200B,fragment,,0,2,True,[],"[{""original_token"": ""Click"", ""salted_token"": ""C​l​i​c​k"", ""start"": 0, ""end"": 5, ""salt_mode"": ""fragment"", ""fragment_max_positions"": null}, {""original_token"": ""promotion"", ""salted_token"": ""p​r​o​m​o​t​i​o​n"", ""start"": 22, ""end"": 31, ""salt_mode"": ""fragment"", ""fragment_max_positions"": null}]"
01363.85518bca7c7cb9f35e57f3adda762ac9,01363__salted__extended__cp200C__fragment.85518bca7c7cb9f35e57f3adda762ac9,extended,200C,fragment,,0,2,True,[],"[{""original_token"": ""Click"", ""salted_token"": ""C‌l‌i‌c‌k"", ""start"": 0, ""end"": 5, ""salt_mode"": ""fragment"", ""fragment_max_positions"": null}, {""original_token"": ""promotion"", ""salted_token"": ""p‌r‌o‌m‌o‌t‌i‌o‌n"", ""start"": 22, ""end"": 31, ""salt_mode"": ""fragment"", ""fragment_max_positions"": null}]"
01363.85518bca7c7cb9f35e57f3adda762ac9,01363__salted__extended__cp200D__fragment.85518bca7c7cb9f35e57f3adda762ac9,extended,200D,fragment,,0,2,True,[],"[{""original_token"": ""Click"", ""salted_token"": ""C‍l‍i‍c‍k"", ""start"": 0, ""end"": 5, ""salt_mode"": ""fragment"", ""fragment_max_positions"": null}, {""original_token"": ""promotion"", ""salted_token"": ""p‍r‍o‍m‍o‍t‍i‍o‍n"", ""start"": 22, ""end"": 31, ""salt_mode"": ""fragment"", ""fragment_max_positions"": null}]"
01363.85518bca7c7cb9f35e57f3adda762ac9,01363__salted__extended__cp00AD__fragment.85518bca7c7cb9f35e57f3adda762ac9,extended,00AD,fragment,,0,2,True,[],"[{""original_token"": ""Click"", ""salted_token"": ""C­l­i­c­k"", ""start"": 0, ""end"": 5, ""salt_mode"": ""fragment"", ""fragment_max_positions"": null}, {""original_token"": ""promotion"", ""salted_token"": ""p­r­o­m­o­t­i­o­n"", ""start"": 22, ""end"": 31, ""salt_mode"": ""fragment"", ""fragment_max_positions"": null}]"
01372.5d236077d94148a0ca71751f8f0a2e58,01372__salted__extended__cp200B__fragment.5d236077d94148a0ca71751f8f0a2e58,extended,200B,fragment,,1,0,False,"[{""original_token"": ""Herbal"", ""salted_token"": ""H​e​r​b​a​l"", ""start"": 0, ""end"": 6, ""salt_mode"": ""fragment"", ""fragment_max_positions"": null}]",[]
01372.5d236077d94148a0ca71751f8f0a2e58,01372__salted__extended__cp200C__fragment.5d236077d94148a0ca71751f8f0a2e58,extended,200C,fragment,,1,0,False,"[{""original_token"": ""Herbal"", ""salted_token"": ""H‌e‌r‌b‌a‌l"", ""start"": 0, ""end"": 6, ""salt_mode"": ""fragment"", ""fragment_max_positions"": null}]",[]
01372.5d236077d94148a0ca71751f8f0a2e58,01372__salted__extended__cp200D__fragment.5d236077d94148a0ca71751f8f0a2e58,extended,200D,fragment,,1,0,False,"[{""original_token"": ""Herbal"", ""salted_token"": ""H‍e‍r‍b‍a‍l"", ""start"": 0, ""end"": 6, ""salt_mode"": ""fragment"", ""fragment_max_positions"": null}]",[]
01372.5d236077d94148a0ca71751f8f0a2e58,01372__salted__extended__cp00AD__fragment.5d236077d94148a0ca71751f8f0a2e58,extended,00AD,fragment,,1,0,False,"[{""original_token"": ""Herbal"", ""salted_token"": ""H­e­r­b­a­l"", ""start"": 0, ""end"": 6, ""salt_mode"": ""fragment"", ""fragment_max_positions"": null}]",[]
01374.b902d53d7f737be700d6de60a42122d9,01374__salted__extended__cp200B__fragment.b902d53d7f737be700d6de60a42122d9,extended,200B,fragment,,0,1,True,[],"[{""original_token"": ""Dear"", ""salted_token"": ""D​e​a​r"", ""start"": 0, ""end"": 4, ""salt_mode"": ""fragment"", ""fragment_max_positions"": null}]"
01374.b902d53d7f737be700d6de60a42122d9,01374__salted__extended__cp200C__fragment.b902d53d7f737be700d6de60a42122d9,extended,200C,fragment,,0,1,True,[],"[{""original_token"": ""Dear"", ""salted_token"": ""D‌e‌a‌r"", ""start"": 0, ""end"": 4, ""salt_mode"": ""fragment"", ""fragment_max_positions"": null}]"
01374.b902d53d7f737be700d6de60a42122d9,01374__salted__extended__cp200D__fragment.b902d53d7f737be700d6de60a42122d9,extended,200D,fragment,,0,1,True,[],"[{""original_token"": ""Dear"", ""salted_token"": ""D‍e‍a‍r"", ""start"": 0, ""end"": 4, ""salt_mode"": ""fragment"", ""fragment_max_positions"": null}]"
01374.b902d53d7f737be700d6de60a42122d9,01374__salted__extended__cp00AD__fragment.b902d53d7f737be700d6de60a42122d9,extended,00AD,fragment,,0,1,True,[],"[{""original_token"": ""Dear"", ""salted_token"": ""D­e­a­r"", ""start"": 0, ""end"": 4, ""salt_mode"": ""fragment"", ""fragment_max_positions"": null}]"
01382.37400f7a1f36cd45165c2a72a9ec8baa,01382__salted__extended__cp200B__fragment.37400f7a1f36cd45165c2a72a9ec8baa,extended,200B,fragment,,0,3,True,[],"[{""original_token"": ""earn"", ""salted_token"": ""e​a​r​n"", ""start"": 128, ""end"": 132, ""salt_mode"": ""fragment"", ""fragment_max_positions"": null}, {""original_token"": ""promotion"", ""salted_token"": ""p​r​o​m​o​t​i​o​n"", ""start"": 791, ""end"": 800, ""salt_mode"": ""fragment"", ""fragment_max_positions"": null}, {""original_token"": ""receive"", ""salted_token"": ""r​e​c​e​i​v​e"", ""start"": 959, ""end"": 966, ""salt_mode"": ""fragment"", ""fragment_max_positions"": null}]"
01382.37400f7a1f36cd45165c2a72a9ec8baa,01382__salted__extended__cp200C__fragment.37400f7a1f36cd45165c2a72a9ec8baa,extended,200C,fragment,,0,3,True,[],"[{""original_token"": ""earn"", ""salted_token"": ""e‌a‌r‌n"", ""start"": 128, ""end"": 132, ""salt_mode"": ""fragment"", ""fragment_max_positions"": null}, {""original_token"": ""promotion"", ""salted_token"": ""p‌r‌o‌m‌o‌t‌i‌o‌n"", ""start"": 791, ""end"": 800, ""salt_mode"": ""fragment"", ""fragment_max_positions"": null}, {""original_token"": ""receive"", ""salted_token"": ""r‌e‌c‌e‌i‌v‌e"", ""start"": 959, ""end"": 966, ""salt_mode"": ""fragment"", ""fragment_max_positions"": null}]"
01382.37400f7a1f36cd45165c2a72a9ec8baa,01382__salted__extended__cp200D__fragment.37400f7a1f36cd45165c2a72a9ec8baa,extended,200D,fragment,,0,3,True,[],"[{""original_token"": ""earn"", ""salted_token"": ""e‍a‍r‍n"", ""start"": 128, ""end"": 132, ""salt_mode"": ""fragment"", ""fragment_max_positions"": null}, {""original_token"": ""promotion"", ""salted_token"": ""p‍r‍o‍m‍o‍t‍i‍o‍n"", ""start"": 791, ""end"": 800, ""salt_mode"": ""fragment"", ""fragment_max_positions"": null}, {""original_token"": ""receive"", ""salted_token"": ""r‍e‍c‍e‍i‍v‍e"", ""start"": 959, ""end"": 966, ""salt_mode"": ""fragment"", ""fragment_max_positions"": null}]"
01382.37400f7a1f36cd45165c2a72a9ec8baa,01382__salted__extended__cp00AD__fragment.37400f7a1f36cd45165c2a72a9ec8baa,extended,00AD,fragment,,0,3,True,[],"[{""original_token"": ""earn"", ""salted_token"": ""e­a­r­n"", ""start"": 128, ""end"": 132, ""salt_mode"": ""fragment"", ""fragment_max_positions"": null}, {""original_token"": ""promotion"", ""salted_token"": ""p­r­o­m­o­t­i­o­n"", ""start"": 791, ""end"": 800, ""salt_mode"": ""fragment"", ""fragment_max_positions"": null}, {""original_token"": ""receive"", ""salted_token"": ""r­e­c­e­i­v­e"", ""start"": 959, ""end"": 966, ""salt_mode"": ""fragment"", ""fragment_max_positions"": null}]"
01384.e23f94030a4393f0825eacd9de99eb31,01384__salted__extended__cp200B__fragment.e23f94030a4393f0825eacd9de99eb31,extended,200B,fragment,,1,3,True,"[{""original_token"": ""Invest"", ""salted_token"": ""I​n​v​e​s​t"", ""start"": 13, ""end"": 19, ""salt_mode"": ""fragment"", ""fragment_max_positions"": null}]","[{""original_token"": ""consultation"", ""salted_token"": ""c​o​n​s​u​l​t​a​t​i​o​n"", ""start"": 522, ""end"": 534, ""salt_mode"": ""fragment"", ""fragment_max_positions"": null}, {""original_token"": ""Sincerely"", ""salted_token"": ""S​i​n​c​e​r​e​l​y"", ""start"": 1007, ""end"": 1016, ""salt_mode"": ""fragment"", ""fragment_max_positions"": null}, {""original_token"": ""click"", ""salted_token"": ""c​l​i​c​k"", ""start"": 1162, ""end"": 1167, ""salt_mode"": ""fragment"", ""fragment_max_positions"": null}]"
01384.e23f94030a4393f0825eacd9de99eb31,01384__salted__extended__cp200C__fragment.e23f94030a4393f0825eacd9de99eb31,extended,200C,fragment,,1,3,True,"[{""original_token"": ""Invest"", ""salted_token"": ""I‌n‌v‌e‌s‌t"", ""start"": 13, ""end"": 19, ""salt_mode"": ""fragment"", ""fragment_max_positions"": null}]","[{""original_token"": ""consultation"", ""salted_token"": ""c‌o‌n‌s‌u‌l‌t‌a‌t‌i‌o‌n"", ""start"": 522, ""end"": 534, ""salt_mode"": ""fragment"", ""fragment_max_positions"": null}, {""original_token"": ""Sincerely"", ""salted_token"": ""S‌i‌n‌c‌e‌r‌e‌l‌y"", ""start"": 1007, ""end"": 1016, ""salt_mode"": ""fragment"", ""fragment_max_positions"": null}, {""original_token"": ""click"", ""salted_token"": ""c‌l‌i‌c‌k"", ""start"": 1162, ""end"": 1167, ""salt_mode"": ""fragment"", ""fragment_max_positions"": null}]"
01384.e23f94030a4393f0825eacd9de99eb31,01384__salted__extended__cp200D__fragment.e23f94030a4393f0825eacd9de99eb31,extended,200D,fragment,,1,3,True,"[{""original_token"": ""Invest"", ""salted_token"": ""I‍n‍v‍e‍s‍t"", ""start"": 13, ""end"": 19, ""salt_mode"": ""fragment"", ""fragment_max_positions"": null}]","[{""original_token"": ""consultation"", ""salted_token"": ""c‍o‍n‍s‍u‍l‍t‍a‍t‍i‍o‍n"", ""start"": 522, ""end"": 534, ""salt_mode"": ""fragment"", ""fragment_max_positions"": null}, {""original_token"": ""Sincerely"", ""salted_token"": ""S‍i‍n‍c‍e‍r‍e‍l‍y"", ""start"": 1007, ""end"": 1016, ""salt_mode"": ""fragment"", ""fragment_max_positions"": null}, {""original_token"": ""click"", ""salted_token"": ""c‍l‍i‍c‍k"", ""start"": 1162, ""end"": 1167, ""salt_mode"": ""fragment"", ""fragment_max_positions"": null}]"
01384.e23f94030a4393f0825eacd9de99eb31,01384__salted__extended__cp00AD__fragment.e23f94030a4393f0825eacd9de99eb31,extended,00AD,fragment,,1,3,True,"[{""original_token"": ""Invest"", ""salted_token"": ""I­n­v­e­s­t"", ""start"": 13, ""end"": 19, ""salt_mode"": ""fragment"", ""fragment_max_positions"": null}]","[{""original_token"": ""consultation"", ""salted_token"": ""c­o­n­s­u­l­t­a­t­i­o­n"", ""start"": 522, ""end"": 534, ""salt_mode"": ""fragment"", ""fragment_max_positions"": null}, {""original_token"": ""Sincerely"", ""salted_token"": ""S­i­n­c­e­r­e­l­y"", ""start"": 1007, ""end"": 1016, ""salt_mode"": ""fragment"", ""fragment_max_positions"": null}, {""original_token"": ""click"", ""salted_token"": ""c­l­i­c­k"", ""start"": 1162, ""end"": 1167, ""salt_mode"": ""fragment"", ""fragment_max_positions"": null}]"
01388.dba0966da5886e99fab13981da6c3834,01388__salted__extended__cp200B__fragment.dba0966da5886e99fab13981da6c3834,extended,200B,fragment,,0,3,True,[],"[{""original_token"": ""obligation"", ""salted_token"": ""o​b​l​i​g​a​t​i​o​n"", ""start"": 1395, ""end"": 1405, ""salt_mode"": ""fragment"", ""fragment_max_positions"": null}, {""original_token"": ""Sincerely"", ""salted_token"": ""S​i​n​c​e​r​e​l​y"", ""start"": 2090, ""end"": 2099, ""salt_mode"": ""fragment"", ""fragment_max_positions"": null}, {""original_token"": ""removal"", ""salted_token"": ""r​e​m​o​v​a​l"", ""start"": 2998, ""end"": 3005, ""salt_mode"": ""fragment"", ""fragment_max_positions"": null}]"
01388.dba0966da5886e99fab13981da6c3834,01388__salted__extended__cp200C__fragment.dba0966da5886e99fab13981da6c3834,extended,200C,fragment,,0,3,True,[],"[{""original_token"": ""obligation"", ""salted_token"": ""o‌b‌l‌i‌g‌a‌t‌i‌o‌n"", ""start"": 1395, ""end"": 1405, ""salt_mode"": ""fragment"", ""fragment_max_positions"": null}, {""original_token"": ""Sincerely"", ""salted_token"": ""S‌i‌n‌c‌e‌r‌e‌l‌y"", ""start"": 2090, ""end"": 2099, ""salt_mode"": ""fragment"", ""fragment_max_positions"": null}, {""original_token"": ""removal"", ""salted_token"": ""r‌e‌m‌o‌v‌a‌l"", ""start"": 2998, ""end"": 3005, ""salt_mode"": ""fragment"", ""fragment_max_positions"": null}]"
01388.dba0966da5886e99fab13981da6c3834,01388__salted__extended__cp200D__fragment.dba0966da5886e99fab13981da6c3834,extended,200D,fragment,,0,3,True,[],"[{""original_token"": ""obligation"", ""salted_token"": ""o‍b‍l‍i‍g‍a‍t‍i‍o‍n"", ""start"": 1395, ""end"": 1405, ""salt_mode"": ""fragment"", ""fragment_max_positions"": null}, {""original_token"": ""Sincerely"", ""salted_token"": ""S‍i‍n‍c‍e‍r‍e‍l‍y"", ""start"": 2090, ""end"": 2099, ""salt_mode"": ""fragment"", ""fragment_max_positions"": null}, {""original_token"": ""removal"", ""salted_token"": ""r‍e‍m‍o‍v‍a‍l"", ""start"": 2998, ""end"": 3005, ""salt_mode"": ""fragment"", ""fragment_max_positions"": null}]"
01388.dba0966da5886e99fab13981da6c3834,01388__salted__extended__cp00AD__fragment.dba0966da5886e99fab13981da6c3834,extended,00AD,fragment,,0,3,True,[],"[{""original_token"": ""obligation"", ""salted_token"": ""o­b­l­i­g­a­t­i­o­n"", ""start"": 1395, ""end"": 1405, ""salt_mode"": ""fragment"", ""fragment_max_positions"": null}, {""original_token"": ""Sincerely"", ""salted_token"": ""S­i­n­c­e­r­e­l­y"", ""start"": 2090, ""end"": 2099, ""salt_mode"": ""fragment"", ""fragment_max_positions"": null}, {""original_token"": ""removal"", ""salted_token"": ""r­e­m­o­v­a­l"", ""start"": 2998, ""end"": 3005, ""salt_mode"": ""fragment"", ""fragment_max_positions"": null}]"
01395.cb33d1d72f42e4ab9268729917bf428b,01395__salted__extended__cp200B__fragment.cb33d1d72f42e4ab9268729917bf428b,extended,200B,fragment,,1,0,False,"[{""original_token"": ""ADV"", ""salted_token"": ""A​D​V"", ""start"": 0, ""end"": 3, ""salt_mode"": ""fragment"", ""fragment_max_positions"": null}]",[]
01395.cb33d1d72f42e4ab9268729917bf428b,01395__salted__extended__cp200C__fragment.cb33d1d72f42e4ab9268729917bf428b,extended,200C,fragment,,1,0,False,"[{""original_token"": ""ADV"", ""salted_token"": ""A‌D‌V"", ""start"": 0, ""end"": 3, ""salt_mode"": ""fragment"", ""fragment_max_positions"": null}]",[]
01395.cb33d1d72f42e4ab9268729917bf428b,01395__salted__extended__cp200D__fragment.cb33d1d72f42e4ab9268729917bf428b,extended,200D,fragment,,1,0,False,"[{""original_token"": ""ADV"", ""salted_token"": ""A‍D‍V"", ""start"": 0, ""end"": 3, ""salt_mode"": ""fragment"", ""fragment_max_positions"": null}]",[]
01395.cb33d1d72f42e4ab9268729917bf428b,01395__salted__extended__cp00AD__fragment.cb33d1d72f42e4ab9268729917bf428b,extended,00AD,fragment,,1,0,False,"[{""original_token"": ""ADV"", ""salted_token"": ""A­D­V"", ""start"": 0, ""end"": 3, ""salt_mode"": ""fragment"", ""fragment_max_positions"": null}]",[]
